id	source	Description
Pcub-MSU1_001_000001.1	eggnog	Crinkler (CRN) family protein
Pcub-MSU1_001_000002.1	unannotated	Hypothetical protein of unknown function
Pcub-MSU1_001_000003.1	unannotated	Hypothetical protein of unknown function
Pcub-MSU1_001_000004.1	unannotated	Hypothetical protein of unknown function
Pcub-MSU1_001_000005.1	unannotated	Hypothetical protein of unknown function
Pcub-MSU1_001_000006.1	unannotated	Hypothetical protein of unknown function
Pcub-MSU1_001_000007.1	unannotated	Hypothetical protein of unknown function
Pcub-MSU1_001_000008.1	unannotated	Hypothetical protein of unknown function
Pcub-MSU1_001_000958.1	unannotated	Hypothetical protein of unknown function
Pcub-MSU1_001_000009.1	eggnog	Probable N6-adenine methyltransferase
Pcub-MSU1_001_000010.1	eggnog	Probable N6-adenine methyltransferase
Pcub-MSU1_001_000011.1	eggnog	domain-containing protein
Pcub-MSU1_001_000012.1	blastp	Homology to Phytophthora cactorum predicted protein KAG2760799.1
Pcub-MSU1_001_000957.1	blastp	Homology to Peronospora effusa predicted protein CAI5705866.1
Pcub-MSU1_001_000956.1	eggnog	1-phosphatidylinositol-3-phosphate 5-kinase activity
Pcub-MSU1_001_000013.1	eggnog	domain-containing protein
Pcub-MSU1_001_000955.1	unannotated	Hypothetical protein of unknown function
Pcub-MSU1_001_000954.1	interproscan	PTHR45622 domain-containing protein
Pcub-MSU1_001_000014.1	eggnog	CybS, succinate dehydrogenase cytochrome B small subunit
Pcub-MSU1_001_000953.1	eggnog	domain-containing protein
Pcub-MSU1_001_000015.1	interproscan	SSF47473 domain-containing protein
Pcub-MSU1_001_000016.1	eggnog	domain-containing protein
Pcub-MSU1_001_000952.1	eggnog	Ankyrin repeats (many copies)
Pcub-MSU1_001_000017.1	eggnog	Ankyrin repeats (many copies)
Pcub-MSU1_001_000018.1	eggnog	Elicitin
Pcub-MSU1_001_000019.1	unannotated	Hypothetical protein of unknown function
Pcub-MSU1_001_000951.1	eggnog	TKL protein kinase
Pcub-MSU1_001_000950.1	eggnog	TKL protein kinase
Pcub-MSU1_001_000949.1	eggnog	TKL protein kinase
Pcub-MSU1_001_000948.1	eggnog	TKL protein kinase
Pcub-MSU1_001_000020.1	eggnog	assists the folding of proteins upon ATP hydrolysis
Pcub-MSU1_001_000947.1	unannotated	Hypothetical protein of unknown function
Pcub-MSU1_001_000946.1	eggnog	domain-containing protein
Pcub-MSU1_001_000021.1	eggnog	Crinkler (CRN) family protein
Pcub-MSU1_001_000022.1	eggnog	Radial spoke protein 3
Pcub-MSU1_001_000023.1	eggnog	cell redox homeostasis
Pcub-MSU1_001_000024.1	eggnog	Thioredoxin (txl1)
Pcub-MSU1_001_000945.1	unannotated	Hypothetical protein of unknown function
Pcub-MSU1_001_000944.1	blastp	Homology to Peronospora destructor predicted protein CAI5742686.1
Pcub-MSU1_001_000025.1	blastp	Homology to Peronospora farinosa predicted protein CAH0485122.1
Pcub-MSU1_001_000026.1	blastp	Homology to Peronospora effusa predicted protein CAI5705814.1
Pcub-MSU1_001_000027.1	eggnog	OST3 / OST6 family, transporter family
Pcub-MSU1_001_000943.1	eggnog	domain-containing protein
Pcub-MSU1_001_000942.1	eggnog	domain-containing protein
Pcub-MSU1_001_000941.1	eggnog	Leucine Rich repeat
Pcub-MSU1_001_000028.1	eggnog	CLASP N terminal
Pcub-MSU1_001_000940.1	eggnog	ankyrin repeats
Pcub-MSU1_001_000029.1	eggnog	Ribosomal S3Ae family
Pcub-MSU1_001_000030.1	blastp	Homology to Hyaloperonospora brassicae predicted protein CAI5708667.1
Pcub-MSU1_001_000939.1	blastp	Homology to Peronospora effusa predicted protein RMX70247.1
Pcub-MSU1_001_000031.1	blastp	Homology to Peronospora destructor predicted protein CAI5745832.1
Pcub-MSU1_001_000938.1	eggnog	heat shock factor
Pcub-MSU1_001_000937.1	blastp	Homology to Peronospora farinosa predicted protein CAH0485138.1
Pcub-MSU1_001_000936.1	eggnog	PAP2 superfamily C-terminal
Pcub-MSU1_001_000032.1	eggnog	domain-containing protein
Pcub-MSU1_001_000033.1	eggnog	Ion transport protein
Pcub-MSU1_001_000935.1	interproscan	PTHR33946 domain-containing protein
Pcub-MSU1_001_000934.1	unannotated	Hypothetical protein of unknown function
Pcub-MSU1_001_000034.1	unannotated	Hypothetical protein of unknown function
Pcub-MSU1_001_000933.1	eggnog	Sorting nexin C terminal
Pcub-MSU1_001_000035.1	blastp	Homology to Peronospora effusa predicted protein RMX70259.1
Pcub-MSU1_001_000036.1	interproscan	PTHR11229 domain-containing protein
Pcub-MSU1_001_000037.1	blastp	Homology to Peronospora destructor predicted protein CAI5720995.1
Pcub-MSU1_001_000038.1	eggnog	Fumble
Pcub-MSU1_001_000039.1	eggnog	HAD-hyrolase-like
Pcub-MSU1_001_000932.1	eggnog	domain-containing protein
Pcub-MSU1_001_000931.1	eggnog	Protein phosphatase 2A regulatory B subunit (B56 family)
Pcub-MSU1_001_000040.1	blastp	Homology to Phytophthora pseudosyringae predicted protein KAG7391653.1
Pcub-MSU1_001_000930.1	eggnog	Sugar (and other) transporter
Pcub-MSU1_001_000041.1	eggnog	RNA cap guanine-N2 methyltransferase
Pcub-MSU1_001_000929.1	eggnog	Nuclear pore complex protein
Pcub-MSU1_001_000042.1	eggnog	domain-containing protein
Pcub-MSU1_001_000043.1	unannotated	Hypothetical protein of unknown function
Pcub-MSU1_001_000928.1	unannotated	Hypothetical protein of unknown function
Pcub-MSU1_001_000927.1	eggnog	domain-containing protein
Pcub-MSU1_001_000926.1	eggnog	domain-containing protein
Pcub-MSU1_001_000925.1	eggnog	peptidyl-threonine phosphorylation
Pcub-MSU1_001_000924.1	eggnog	peptidyl-threonine phosphorylation
Pcub-MSU1_001_000923.1	eggnog	Nucleosome assembly protein (NAP)
Pcub-MSU1_001_000044.1	eggnog	calcium ion binding
Pcub-MSU1_001_000922.1	blastp	Homology to Peronospora effusa predicted protein UIZ23644.1
Pcub-MSU1_001_000045.1	eggnog	eukaryotic translation initiation factor 2alpha kinase activity
Pcub-MSU1_001_000046.1	eggnog	Phosphate transport (Pho88)
Pcub-MSU1_001_000047.1	eggnog	Phosphate transport (Pho88)
Pcub-MSU1_001_000048.1	blastp	Homology to Phytophthora cactorum predicted protein KAG6956016.1
Pcub-MSU1_001_000049.1	unannotated	Hypothetical protein of unknown function
Pcub-MSU1_001_000921.1	eggnog	domain-containing protein
Pcub-MSU1_001_000050.1	eggnog	domain-containing protein
Pcub-MSU1_001_000051.1	eggnog	4-hydroxyphenylpyruvate dioxygenase
Pcub-MSU1_001_000920.1	blastp	Homology to Peronospora effusa predicted protein RMX66757.1
Pcub-MSU1_001_000919.1	interproscan	PTHR12825 domain-containing protein
Pcub-MSU1_001_000052.1	eggnog	Vacuolar-sorting-associated 13 protein C-terminal
Pcub-MSU1_001_000918.1	eggnog	Lipase (class 3)
Pcub-MSU1_001_000053.1	eggnog	Rab subfamily of small GTPases
Pcub-MSU1_001_000917.1	interproscan	PTHR33946 domain-containing protein
Pcub-MSU1_001_000054.1	eggnog	Belongs to the glycosyl hydrolase 31 family
Pcub-MSU1_001_000055.1	unannotated	Hypothetical protein of unknown function
Pcub-MSU1_001_000916.1	blastp	Homology to Peronospora farinosa predicted protein CAH0485166.1
Pcub-MSU1_001_000056.1	eggnog	Belongs to the glycosyl hydrolase 31 family
Pcub-MSU1_001_000915.1	unannotated	Hypothetical protein of unknown function
Pcub-MSU1_001_000914.1	eggnog	Belongs to the glycosyl hydrolase 31 family
Pcub-MSU1_001_000057.1	blastp	Homology to Peronospora farinosa predicted protein CAH0485166.1
Pcub-MSU1_001_000913.1	unannotated	Hypothetical protein of unknown function
Pcub-MSU1_001_000912.1	eggnog	Belongs to the glycosyl hydrolase 31 family
Pcub-MSU1_001_000058.1	blastp	Homology to Peronospora farinosa predicted protein CAH0485166.1
Pcub-MSU1_001_000911.1	unannotated	Hypothetical protein of unknown function
Pcub-MSU1_001_000910.1	eggnog	Belongs to the glycosyl hydrolase 31 family
Pcub-MSU1_001_000059.1	blastp	Homology to Peronospora farinosa predicted protein CAH0485166.1
Pcub-MSU1_001_000909.1	eggnog	domain-containing protein
Pcub-MSU1_001_000060.1	eggnog	RNA recognition motif
Pcub-MSU1_001_000908.1	eggnog	Prolyl 4-hydroxylase alpha subunit homologues
Pcub-MSU1_001_000907.1	eggnog	Prolyl 4-hydroxylase alpha subunit homologues
Pcub-MSU1_001_000906.1	eggnog	Legume-like lectin family
Pcub-MSU1_001_000905.1	eggnog	Domain present in PSD-95, Dlg, and ZO-1/2
Pcub-MSU1_001_000061.1	eggnog	Legume-like lectin family
Pcub-MSU1_001_000062.1	eggnog	Legume-like lectin family
Pcub-MSU1_001_000063.1	eggnog	Prolyl 4-hydroxylase alpha subunit homologues
Pcub-MSU1_001_000904.1	eggnog	RNA recognition motif
Pcub-MSU1_001_000064.1	eggnog	Prolyl 4-hydroxylase alpha subunit homologues
Pcub-MSU1_001_000903.1	eggnog	RNA recognition motif
Pcub-MSU1_001_000065.1	blastp	Homology to Phytophthora nicotianae predicted protein XP_008900451.1
Pcub-MSU1_001_000066.1	blastp	Homology to Phytophthora cactorum predicted protein KAF1773621.1
Pcub-MSU1_001_000902.1	eggnog	Short calmodulin-binding motif containing conserved Ile and Gln residues
Pcub-MSU1_001_000901.1	blastp	Homology to Phytophthora nicotianae predicted protein XP_008900451.1
Pcub-MSU1_001_000067.1	blastp	Homology to Phytophthora nicotianae predicted protein XP_008900451.1
Pcub-MSU1_001_000068.1	eggnog	Short calmodulin-binding motif containing conserved Ile and Gln residues
Pcub-MSU1_001_000069.1	eggnog	RNA recognition motif
Pcub-MSU1_001_000900.1	eggnog	Prolyl 4-hydroxylase alpha subunit homologues
Pcub-MSU1_001_000899.1	blastp	Homology to Phytophthora cactorum predicted protein KAF1773621.1
Pcub-MSU1_001_000070.1	blastp	Homology to Phytophthora capsici predicted protein KAG1705345.1
Pcub-MSU1_001_000898.1	interproscan	PTHR33946 domain-containing protein
Pcub-MSU1_001_000897.1	interproscan	PTHR33946 domain-containing protein
Pcub-MSU1_001_000896.1	interproscan	PTHR33946 domain-containing protein
Pcub-MSU1_001_000895.1	eggnog	Putative zinc finger in N-recognin (UBR box)
Pcub-MSU1_001_000071.1	eggnog	domain-containing protein
Pcub-MSU1_001_000894.1	eggnog	domain-containing protein
Pcub-MSU1_001_000072.1	blastp	Homology to Phytophthora pseudosyringae predicted protein KAG7378189.1
Pcub-MSU1_001_000893.1	eggnog	Ankyrin repeat
Pcub-MSU1_001_000073.1	eggnog	Ankyrin repeat
Pcub-MSU1_001_000892.1	blastp	Homology to Phytophthora pseudosyringae predicted protein KAG7378189.1
Pcub-MSU1_001_000891.1	eggnog	AMP-binding enzyme
Pcub-MSU1_001_000890.1	eggnog	domain-containing protein
Pcub-MSU1_001_000889.1	blastp	Homology to Phytophthora lilii predicted protein GMF56294.1
Pcub-MSU1_001_000888.1	eggnog	Allomyces macrogynus ATCC 38327
Pcub-MSU1_001_000887.1	blastp	Homology to Phytophthora lilii predicted protein GMF36283.1
Pcub-MSU1_001_000074.1	eggnog	domain-containing protein
Pcub-MSU1_001_000886.1	eggnog	Belongs to the TRAFAC class myosin-kinesin ATPase superfamily
Pcub-MSU1_001_000885.1	unannotated	Hypothetical protein of unknown function
Pcub-MSU1_001_000884.1	interproscan	G3DSA:2.30.30.140 domain-containing protein
Pcub-MSU1_001_000075.1	eggnog	domain-containing protein
Pcub-MSU1_001_000076.1	eggnog	chitobiosyldiphosphodolichol beta-mannosyltransferase activity
Pcub-MSU1_001_000077.1	eggnog	chitobiosyldiphosphodolichol beta-mannosyltransferase activity
Pcub-MSU1_001_000883.1	eggnog	Belongs to the TRAFAC class myosin-kinesin ATPase superfamily
Pcub-MSU1_001_000882.1	eggnog	Phospholipase/Carboxylesterase
Pcub-MSU1_001_000078.1	eggnog	domain-containing protein
Pcub-MSU1_001_000881.1	eggnog	Holliday junction DNA helicase ruvB N-terminus
Pcub-MSU1_001_000079.1	eggnog	Tetratricopeptide repeat
Pcub-MSU1_001_000880.1	eggnog	Seems to be required for maximal rate of protein biosynthesis
Pcub-MSU1_001_000080.1	interproscan	PTHR13219 domain-containing protein
Pcub-MSU1_001_000081.1	eggnog	The proteasome is a multicatalytic proteinase complex which is characterized by its ability to cleave peptides with Arg, Phe, Tyr, Leu, and Glu adjacent to the leaving group at neutral or slightly basic pH
Pcub-MSU1_001_000879.1	eggnog	ATPase family associated with various cellular activities (AAA)
Pcub-MSU1_001_000878.1	blastp	Homology to Peronospora destructor predicted protein CAI5720822.1
Pcub-MSU1_001_000082.1	blastp	Homology to Phytophthora cinnamomi predicted protein KAG6579890.1
Pcub-MSU1_001_000083.1	eggnog	FKBP-type peptidyl-prolyl cis-trans isomerase
Pcub-MSU1_001_000084.1	eggnog	2OG-Fe(II) oxygenase superfamily
Pcub-MSU1_001_000877.1	blastp	Homology to Peronospora destructor predicted protein CAI5720845.1
Pcub-MSU1_001_000085.1	eggnog	Solute carrier family 35
Pcub-MSU1_001_000086.1	eggnog	Solute carrier family 35
Pcub-MSU1_001_000087.1	interproscan	G3DSA:3.40.1440.10 domain-containing protein
Pcub-MSU1_001_000088.1	blastp	Homology to Phytophthora lilii predicted protein GMF26411.1
Pcub-MSU1_001_000876.1	unannotated	Hypothetical protein of unknown function
Pcub-MSU1_001_000089.1	eggnog	Solute carrier family 35
Pcub-MSU1_001_000090.1	eggnog	domain-containing protein
Pcub-MSU1_001_000875.1	eggnog	Ammonium Transporter Family
Pcub-MSU1_001_000091.1	eggnog	Ammonium Transporter Family
Pcub-MSU1_001_000874.1	unannotated	Hypothetical protein of unknown function
Pcub-MSU1_001_000873.1	eggnog	Ammonium Transporter Family
Pcub-MSU1_001_000872.1	eggnog	Ammonium Transporter Family
Pcub-MSU1_001_000092.1	eggnog	Ammonium Transporter Family
Pcub-MSU1_001_000093.1	eggnog	ATP-dependent Clp protease, ATP-binding subunit ClpX
Pcub-MSU1_001_000094.1	eggnog	RIB43A
Pcub-MSU1_001_000871.1	blastp	Homology to Peronospora destructor predicted protein CAI5720739.1
Pcub-MSU1_001_000095.1	eggnog	Domain present in PSD-95, Dlg, and ZO-1/2
Pcub-MSU1_001_000096.1	blastp	Homology to Phytophthora lilii predicted protein GMF11863.1
Pcub-MSU1_001_000097.1	eggnog	domain-containing protein
Pcub-MSU1_001_000870.1	eggnog	WD domain, G-beta repeat
Pcub-MSU1_001_000098.1	eggnog	Peptidase family S51
Pcub-MSU1_001_000869.1	eggnog	HEAT repeat
Pcub-MSU1_001_000099.1	eggnog	Protein of unknown function (DUF2009)
Pcub-MSU1_001_000100.1	unannotated	Hypothetical protein of unknown function
Pcub-MSU1_001_000101.1	eggnog	Concanavalin A-like lectin/glucanases superfamily
Pcub-MSU1_001_000102.1	eggnog	Protein of unknown function (DUF2009)
Pcub-MSU1_001_000868.1	eggnog	domain-containing protein
Pcub-MSU1_001_000867.1	eggnog	Domain present in PSD-95, Dlg, and ZO-1/2
Pcub-MSU1_001_000103.1	eggnog	domain-containing protein
Pcub-MSU1_001_000866.1	eggnog	Domain present in PSD-95, Dlg, and ZO-1/2
Pcub-MSU1_001_000104.1	eggnog	Short calmodulin-binding motif containing conserved Ile and Gln residues
Pcub-MSU1_001_000865.1	eggnog	domain-containing protein
Pcub-MSU1_001_000864.1	eggnog	cyclic nucleotide-gated ion channel activity
Pcub-MSU1_001_000863.1	eggnog	Ion transport protein
Pcub-MSU1_001_000862.1	eggnog	Short calmodulin-binding motif containing conserved Ile and Gln residues
Pcub-MSU1_001_000861.1	eggnog	Protein of unknown function (DUF1336)
Pcub-MSU1_001_000860.1	eggnog	Protein of unknown function (DUF1336)
Pcub-MSU1_001_000105.1	eggnog	Protein tyrosine kinase
Pcub-MSU1_001_000859.1	eggnog	domain-containing protein
Pcub-MSU1_001_000106.1	eggnog	domain-containing protein
Pcub-MSU1_001_000107.1	eggnog	M42 glutamyl aminopeptidase
Pcub-MSU1_001_000858.1	interproscan	G3DSA:2.30.29.30 domain-containing protein
Pcub-MSU1_001_000857.1	eggnog	Belongs to the enoyl-CoA hydratase isomerase family
Pcub-MSU1_001_000108.1	blastp	Homology to Phytophthora megakarya predicted protein OWZ21725.1
Pcub-MSU1_001_000856.1	eggnog	Extension to Ser/Thr-type protein kinases
Pcub-MSU1_001_000855.1	eggnog	domain-containing protein
Pcub-MSU1_001_000854.1	eggnog	domain-containing protein
Pcub-MSU1_001_000853.1	blastp	Homology to Phytophthora lilii predicted protein GMF30498.1
Pcub-MSU1_001_000852.1	eggnog	domain-containing protein
Pcub-MSU1_001_000851.1	eggnog	Uracil phosphoribosyltransferase
Pcub-MSU1_001_000850.1	unannotated	Hypothetical protein of unknown function
Pcub-MSU1_001_000849.1	blastp	Homology to Phytophthora sojae predicted protein XP_009519978.1
Pcub-MSU1_001_000848.1	eggnog	domain-containing protein
Pcub-MSU1_001_000847.1	eggnog	domain-containing protein
Pcub-MSU1_001_000846.1	eggnog	domain-containing protein
Pcub-MSU1_001_000109.1	eggnog	domain-containing protein
Pcub-MSU1_001_000110.1	eggnog	domain-containing protein
Pcub-MSU1_001_000845.1	eggnog	histone-lysine N-methyltransferase activity
Pcub-MSU1_001_000111.1	eggnog	RNA polymerase III subunit RPC82
Pcub-MSU1_001_000112.1	eggnog	domain-containing protein
Pcub-MSU1_001_000844.1	eggnog	Electron transfer flavoprotein-ubiquinone oxidoreductase, 4Fe-4S
Pcub-MSU1_001_000843.1	eggnog	domain-containing protein
Pcub-MSU1_001_000113.1	eggnog	domain-containing protein
Pcub-MSU1_001_000114.1	eggnog	domain-containing protein
Pcub-MSU1_001_000842.1	eggnog	RNA recognition motif
Pcub-MSU1_001_000115.1	eggnog	Protein tyrosine kinase
Pcub-MSU1_001_000116.1	blastp	Homology to Phytophthora idaei predicted protein KAG3119115.1
Pcub-MSU1_001_000117.1	interproscan	PTHR33690 domain-containing protein
Pcub-MSU1_001_000841.1	eggnog	Protein tyrosine kinase
Pcub-MSU1_001_000118.1	blastp	Homology to Phytophthora cactorum predicted protein KAG6961826.1
Pcub-MSU1_001_000119.1	eggnog	Protein tyrosine kinase
Pcub-MSU1_001_000840.1	unannotated	Hypothetical protein of unknown function
Pcub-MSU1_001_000839.1	blastp	Homology to Phytophthora cinnamomi predicted protein KAG6623568.1
Pcub-MSU1_001_000838.1	eggnog	Kinase-like
Pcub-MSU1_001_000837.1	blastp	Homology to Phytophthora cactorum predicted protein KAG2782523.1
Pcub-MSU1_001_000120.1	eggnog	Acyltransferase C-terminus
Pcub-MSU1_001_000836.1	eggnog	EF-hand domain pair
Pcub-MSU1_001_000835.1	eggnog	domain-containing protein
Pcub-MSU1_001_000121.1	eggnog	Protein tyrosine kinase
Pcub-MSU1_001_000834.1	eggnog	Component of the endosomal sorting complex required for transport II (ESCRT-II), which is required for multivesicular body (MVB) formation and sorting of endosomal cargo proteins into MVBs
Pcub-MSU1_001_000122.1	eggnog	Signal recognition particle receptor beta subunit
Pcub-MSU1_001_000123.1	eggnog	domain-containing protein
Pcub-MSU1_001_000124.1	unannotated	Hypothetical protein of unknown function
Pcub-MSU1_001_000125.1	blastp	Homology to Phytophthora lilii predicted protein GMF65844.1
Pcub-MSU1_001_000126.1	eggnog	Sodium/hydrogen exchanger family
Pcub-MSU1_001_000833.1	eggnog	domain-containing protein
Pcub-MSU1_001_000832.1	eggnog	SRR1
Pcub-MSU1_001_000831.1	blastp	Homology to Phytophthora pseudosyringae predicted protein KAG7386076.1
Pcub-MSU1_001_000127.1	eggnog	Kinesin motor, catalytic domain. ATPase
Pcub-MSU1_001_000830.1	eggnog	ubiquitinyl hydrolase activity
Pcub-MSU1_001_000128.1	interproscan	PTHR37031 domain-containing protein
Pcub-MSU1_001_000829.1	eggnog	Mitochondrial ATP synthase B chain precursor (ATP-synt_B)
Pcub-MSU1_001_000828.1	eggnog	EF-hand domain pair
Pcub-MSU1_001_000827.1	interproscan	PTHR40430 domain-containing protein
Pcub-MSU1_001_000129.1	eggnog	Protein present in Fab1, YOTB, Vac1, and EEA1
Pcub-MSU1_001_000826.1	eggnog	Domain found in Dishevelled, Egl-10, and Pleckstrin (DEP)
Pcub-MSU1_001_000130.1	eggnog	rRNA processing/ribosome biogenesis
Pcub-MSU1_001_000825.1	eggnog	Magnesium transporter NIPA
Pcub-MSU1_001_000131.1	eggnog	Transferase family
Pcub-MSU1_001_000132.1	unannotated	Hypothetical protein of unknown function
Pcub-MSU1_001_000133.1	eggnog	Protein tyrosine kinase
Pcub-MSU1_001_000824.1	eggnog	Tim10/DDP family zinc finger
Pcub-MSU1_001_000134.1	eggnog	axoneme assembly
Pcub-MSU1_001_000823.1	blastp	Homology to Phytophthora nicotianae predicted protein XP_008915281.1
Pcub-MSU1_001_000135.1	eggnog	Short calmodulin-binding motif containing conserved Ile and Gln residues
Pcub-MSU1_001_000822.1	eggnog	Tetratricopeptide repeat
Pcub-MSU1_001_000136.1	eggnog	Eukaryotic translation initiation factor eIF2A
Pcub-MSU1_001_000821.1	eggnog	Dip2/Utp12 Family
Pcub-MSU1_001_000137.1	eggnog	DNA-dependent RNA polymerase catalyzes the transcription of DNA into RNA using the four ribonucleoside triphosphates as substrates
Pcub-MSU1_001_000138.1	eggnog	zinc finger
Pcub-MSU1_001_000820.1	eggnog	Cytochrome B561, N terminal
Pcub-MSU1_001_000139.1	eggnog	Endonuclease/Exonuclease/phosphatase family
Pcub-MSU1_001_000819.1	eggnog	Sel1-like repeats
Pcub-MSU1_001_000818.1	eggnog	Sel1-like repeats
Pcub-MSU1_001_000140.1	eggnog	Protein tyrosine kinase
Pcub-MSU1_001_000817.1	eggnog	Myosin. Large ATPases
Pcub-MSU1_001_000141.1	eggnog	inner dynein arm assembly
Pcub-MSU1_001_000816.1	eggnog	Appr-1'-p processing enzyme
Pcub-MSU1_001_000815.1	eggnog	Appr-1'-p processing enzyme
Pcub-MSU1_001_000142.1	eggnog	domain-containing protein
Pcub-MSU1_001_000814.1	eggnog	domain-containing protein
Pcub-MSU1_001_000143.1	eggnog	U3 small nucleolar RNA-associated protein 6
Pcub-MSU1_001_000813.1	eggnog	DNA-directed RNA polymerases I, II, and III subunit RPABC4
Pcub-MSU1_001_000144.1	eggnog	Acts as an adapter for the XPO1 CRM1-mediated export of the 60S ribosomal subunit
Pcub-MSU1_001_000145.1	eggnog	Trypsin-like serine protease
Pcub-MSU1_001_000146.1	eggnog	Domain of unknown function (DUF1949)
Pcub-MSU1_001_000147.1	blastp	Homology to Peronospora effusa predicted protein RMX63920.1
Pcub-MSU1_001_000148.1	eggnog	Aldehyde dehydrogenase family
Pcub-MSU1_001_000812.1	eggnog	EXOIII
Pcub-MSU1_001_000811.1	eggnog	Hus1-like protein
Pcub-MSU1_001_000149.1	eggnog	protein polyubiquitination
Pcub-MSU1_001_000810.1	blastp	Homology to Phytophthora idaei predicted protein KAG3106492.1
Pcub-MSU1_001_000809.1	eggnog	Mitochondrial carrier protein
Pcub-MSU1_001_000808.1	eggnog	domain-containing protein
Pcub-MSU1_001_000807.1	eggnog	motif in proteasome subunits, Int-6, Nip-1 and TRIP-15
Pcub-MSU1_001_000150.1	eggnog	domain-containing protein
Pcub-MSU1_001_000151.1	eggnog	motif in proteasome subunits, Int-6, Nip-1 and TRIP-15
Pcub-MSU1_001_000806.1	blastp	Homology to Phytophthora cactorum predicted protein KAF1785605.1
Pcub-MSU1_001_000805.1	blastp	Homology to Phytophthora infestans predicted protein XP_002908648.1
Pcub-MSU1_001_000152.1	blastp	Homology to Peronospora farinosa predicted protein CAH0491439.1
Pcub-MSU1_001_000804.1	blastp	Homology to Phytophthora ramorum predicted protein KAH7477317.1
Pcub-MSU1_001_000803.1	eggnog	domain-containing protein
Pcub-MSU1_001_000153.1	blastp	Homology to Peronospora effusa predicted protein RMX68980.1
Pcub-MSU1_001_000154.1	eggnog	Belongs to the multicopper oxidase family
Pcub-MSU1_001_000802.1	eggnog	Sugar (and other) transporter
Pcub-MSU1_001_000801.1	blastp	Homology to Phytophthora nicotianae predicted protein ETI35617.1
Pcub-MSU1_001_000155.1	blastp	Homology to Peronospora destructor predicted protein CAI5737490.1
Pcub-MSU1_001_000800.1	eggnog	Transmembrane amino acid transporter protein
Pcub-MSU1_001_000799.1	blastp	Homology to Peronospora destructor predicted protein CAI5737490.1
Pcub-MSU1_001_000798.1	blastp	Homology to Peronospora destructor predicted protein CAI5737490.1
Pcub-MSU1_001_000797.1	eggnog	AMP-binding enzyme
Pcub-MSU1_001_000796.1	eggnog	Ubiquitin-specific protease C-terminal
Pcub-MSU1_001_000156.1	eggnog	histone lysine demethylation
Pcub-MSU1_001_000157.1	blastp	Homology to Phytophthora rubi predicted protein KAE8974047.1
Pcub-MSU1_001_000158.1	blastp	Homology to Phytophthora megakarya predicted protein OWZ22866.1
Pcub-MSU1_001_000159.1	eggnog	Protein of unknown function TPD sequence-motif
Pcub-MSU1_001_000795.1	eggnog	Protein of unknown function TPD sequence-motif
Pcub-MSU1_001_000794.1	blastp	Homology to Phytophthora megakarya predicted protein OWZ22866.1
Pcub-MSU1_001_000793.1	blastp	Homology to Phytophthora rubi predicted protein KAE8974047.1
Pcub-MSU1_001_000160.1	interproscan	G3DSA:3.40.50.150 domain-containing protein
Pcub-MSU1_001_000161.1	blastp	Homology to Peronospora farinosa predicted protein CAH0491421.1
Pcub-MSU1_001_000792.1	blastp	Homology to Peronospora farinosa predicted protein CAH0491418.1
Pcub-MSU1_001_000791.1	blastp	Homology to Phytophthora cactorum predicted protein KAG2788802.1
Pcub-MSU1_001_000790.1	unannotated	Hypothetical protein of unknown function
Pcub-MSU1_001_000789.1	eggnog	Exocyst complex subunit Sec15-like
Pcub-MSU1_001_000162.1	eggnog	Telomere length regulation protein
Pcub-MSU1_001_000163.1	unannotated	Hypothetical protein of unknown function
Pcub-MSU1_001_000788.1	eggnog	GTPase-activator protein for Rho-like GTPases
Pcub-MSU1_001_000164.1	eggnog	Telomere length regulation protein
Pcub-MSU1_001_000165.1	unannotated	Hypothetical protein of unknown function
Pcub-MSU1_001_000787.1	eggnog	GTPase-activator protein for Rho-like GTPases
Pcub-MSU1_001_000166.1	eggnog	Telomere length regulation protein
Pcub-MSU1_001_000167.1	unannotated	Hypothetical protein of unknown function
Pcub-MSU1_001_000786.1	eggnog	GTPase-activator protein for Rho-like GTPases
Pcub-MSU1_001_000168.1	eggnog	heat shock protein 70
Pcub-MSU1_001_000785.1	blastp	Homology to Phytophthora nicotianae predicted protein ETL85052.1
Pcub-MSU1_001_000169.1	eggnog	heat shock protein 70
Pcub-MSU1_001_000784.1	eggnog	Syntaxin 6, N-terminal
Pcub-MSU1_001_000783.1	eggnog	Belongs to the heat shock protein 70 family
Pcub-MSU1_001_000170.1	eggnog	Belongs to the heat shock protein 70 family
Pcub-MSU1_001_000171.1	eggnog	Belongs to the heat shock protein 70 family
Pcub-MSU1_001_000782.1	eggnog	catalytic domain of ctd-like phosphatases
Pcub-MSU1_001_000172.1	eggnog	MAP kinase kinase kinase activity
Pcub-MSU1_001_000173.1	eggnog	Protein tyrosine kinase
Pcub-MSU1_001_000781.1	eggnog	Leucine carboxyl methyltransferase
Pcub-MSU1_001_000174.1	eggnog	catalytic domain of ctd-like phosphatases
Pcub-MSU1_001_000780.1	eggnog	histone H2A-K119 monoubiquitination
Pcub-MSU1_001_000779.1	unannotated	Hypothetical protein of unknown function
Pcub-MSU1_001_000778.1	blastp	Homology to Peronospora farinosa predicted protein CAH0490468.1
Pcub-MSU1_001_000777.1	eggnog	Belongs to the heat shock protein 70 family
Pcub-MSU1_001_000175.1	blastp	Homology to Peronospora farinosa predicted protein CAH0490463.1
Pcub-MSU1_001_000776.1	eggnog	domain-containing protein
Pcub-MSU1_001_000176.1	blastp	Homology to Peronospora effusa predicted protein RQM18886.1
Pcub-MSU1_001_000177.1	blastp	Homology to Phytophthora ramorum predicted protein KAH7477250.1
Pcub-MSU1_001_000178.1	eggnog	domain-containing protein
Pcub-MSU1_001_000775.1	eggnog	E1-E2 ATPase
Pcub-MSU1_001_000179.1	blastp	Homology to Phytophthora rubi predicted protein KAE9350049.1
Pcub-MSU1_001_000774.1	eggnog	negative regulation of peptidyl-cysteine S-nitrosylation (OXR1)
Pcub-MSU1_001_000180.1	eggnog	ion transport
Pcub-MSU1_001_000181.1	eggnog	Belongs to the major facilitator superfamily
Pcub-MSU1_001_000182.1	eggnog	Tetratricopeptide repeat
Pcub-MSU1_001_000183.1	eggnog	A domain family that is part of the cupin metalloenzyme superfamily
Pcub-MSU1_001_000184.1	interproscan	MJ1566 N-terminal domain (PF27230)
Pcub-MSU1_001_000185.1	eggnog	Protein present in Fab1, YOTB, Vac1, and EEA1
Pcub-MSU1_001_000186.1	blastp	Homology to Peronospora effusa predicted protein RMX67757.1
Pcub-MSU1_001_000773.1	eggnog	regulation of transcription by RNA polymerase I
Pcub-MSU1_001_000772.1	eggnog	Calcium-activated chloride channel
Pcub-MSU1_001_000187.1	blastp	Homology to Phytophthora megakarya predicted protein OWZ07686.1
Pcub-MSU1_001_000188.1	unannotated	Hypothetical protein of unknown function
Pcub-MSU1_001_000771.1	eggnog	Rab subfamily of small GTPases
Pcub-MSU1_001_000189.1	eggnog	Protein tyrosine kinase
Pcub-MSU1_001_000770.1	eggnog	Calcium-activated chloride channel
Pcub-MSU1_001_000190.1	blastp	Homology to Peronospora effusa predicted protein RMX67774.1
Pcub-MSU1_001_000191.1	eggnog	Calcium-activated chloride channel
Pcub-MSU1_001_000769.1	unannotated	Hypothetical protein of unknown function
Pcub-MSU1_001_000192.1	eggnog	Calcium-activated chloride channel
Pcub-MSU1_001_000193.1	unannotated	Hypothetical protein of unknown function
Pcub-MSU1_001_000768.1	interproscan	PTHR37473 domain-containing protein
Pcub-MSU1_001_000767.1	interproscan	PTHR32114 domain-containing protein
Pcub-MSU1_001_000194.1	eggnog	Involved in the biogenesis of the 60S ribosomal subunit
Pcub-MSU1_001_000766.1	unannotated	Hypothetical protein of unknown function
Pcub-MSU1_001_000195.1	unannotated	Hypothetical protein of unknown function
Pcub-MSU1_001_000196.1	eggnog	Domain of unknown function (DUF4042)
Pcub-MSU1_001_000765.1	eggnog	Putative DNA-binding (bihelical) motif predicted to be involved in chromosomal organisation
Pcub-MSU1_001_000197.1	interproscan	PTHR14873 domain-containing protein
Pcub-MSU1_001_000764.1	eggnog	Malate synthase
Pcub-MSU1_001_000763.1	eggnog	Phosphoenolpyruvate carboxykinase
Pcub-MSU1_001_000198.1	eggnog	phosphoenolpyruvate carboxykinase (ATP) activity
Pcub-MSU1_001_000199.1	eggnog	Phosphoenolpyruvate carboxykinase
Pcub-MSU1_001_000762.1	eggnog	Coilin N-terminus
Pcub-MSU1_001_000200.1	eggnog	Malate synthase
Pcub-MSU1_001_000761.1	unannotated	Hypothetical protein of unknown function
Pcub-MSU1_001_000760.1	eggnog	Class II histone deacetylase complex subunits 2 and 3
Pcub-MSU1_001_000759.1	unannotated	Hypothetical protein of unknown function
Pcub-MSU1_001_000201.1	eggnog	domain-containing protein
Pcub-MSU1_001_000758.1	blastp	Homology to Phytophthora fragariae predicted protein KAE9337529.1
Pcub-MSU1_001_000757.1	eggnog	Domain of unknown function (DUF4339)
Pcub-MSU1_001_000756.1	eggnog	Domain of unknown function (DUF4339)
Pcub-MSU1_001_000202.1	eggnog	Catalytic subunit of the molybdopterin synthase complex, a complex that catalyzes the conversion of precursor Z into molybdopterin
Pcub-MSU1_001_000203.1	eggnog	CEP19-like protein
Pcub-MSU1_001_000755.1	eggnog	Protein of unknown function (DUF2423)
Pcub-MSU1_001_000204.1	eggnog	Dehydrogenase E1 component
Pcub-MSU1_001_000754.1	blastp	Homology to Phytophthora aleatoria predicted protein KAG6968094.1
Pcub-MSU1_001_000753.1	eggnog	Haloacid dehalogenase-like hydrolase
Pcub-MSU1_001_000752.1	eggnog	Histone-binding protein RBBP4 or subunit C of CAF1 complex
Pcub-MSU1_001_000205.1	eggnog	Dehydrogenase E1 component
Pcub-MSU1_001_000751.1	eggnog	Histone-binding protein RBBP4 or subunit C of CAF1 complex
Pcub-MSU1_001_000206.1	eggnog	PhoX homologous domain, present in p47phox and p40phox
Pcub-MSU1_001_000750.1	eggnog	Belongs to the cation transport ATPase (P-type) (TC 3.A.3) family
Pcub-MSU1_001_000207.1	eggnog	Suppressor of forked protein (Suf)
Pcub-MSU1_001_000208.1	unannotated	Hypothetical protein of unknown function
Pcub-MSU1_001_000209.1	eggnog	domain-containing protein
Pcub-MSU1_001_000749.1	blastp	Homology to Peronospora destructor predicted protein CAI5731613.1
Pcub-MSU1_001_000748.1	eggnog	Rhodanase C-terminal
Pcub-MSU1_001_000210.1	interproscan	PTHR12972 domain-containing protein
Pcub-MSU1_001_000211.1	blastp	Homology to Phytophthora pseudosyringae predicted protein KAG7384209.1
Pcub-MSU1_001_000212.1	blastp	Homology to Peronospora effusa predicted protein RMX67739.1
Pcub-MSU1_001_000213.1	eggnog	Protein prenyltransferase alpha subunit repeat
Pcub-MSU1_001_000747.1	eggnog	domain-containing protein
Pcub-MSU1_001_000214.1	eggnog	domain-containing protein
Pcub-MSU1_001_000215.1	eggnog	Ubiquitin carboxyl-terminal hydrolase
Pcub-MSU1_001_000216.1	eggnog	Ubiquitin carboxyl-terminal hydrolase
Pcub-MSU1_001_000746.1	interproscan	NURR (cd21039)
Pcub-MSU1_001_000745.1	eggnog	Protein prenyltransferase alpha subunit repeat
Pcub-MSU1_001_000217.1	eggnog	Essential component of the PAM complex, a complex required for the translocation of transit peptide-containing proteins from the inner membrane into the mitochondrial matrix in an ATP-dependent manner
Pcub-MSU1_001_000218.1	blastp	Homology to Phytophthora megakarya predicted protein OWZ23471.1
Pcub-MSU1_001_000744.1	eggnog	Na+/Pi-cotransporter
Pcub-MSU1_001_000219.1	eggnog	Na+/Pi-cotransporter
Pcub-MSU1_001_000220.1	eggnog	This magnesium-dependent enzyme catalyzes the hydrolysis of ATP coupled with the transport of calcium
Pcub-MSU1_001_000221.1	blastp	Homology to Phytophthora cactorum predicted protein KAG4045900.1
Pcub-MSU1_001_000743.1	eggnog	Calcineurin-like phosphoesterase
Pcub-MSU1_001_000222.1	interproscan	Broad-minded protein Rab TBC domain (PF23440)
Pcub-MSU1_001_000742.1	blastp	Homology to Peronospora belbahrii predicted protein CAH0479650.1
Pcub-MSU1_001_000741.1	blastp	Homology to Phytophthora cactorum predicted protein KAG2837724.1
Pcub-MSU1_001_000223.1	eggnog	The coatomer is a cytosolic protein complex that binds to dilysine motifs and reversibly associates with Golgi non- clathrin-coated vesicles, which further mediate biosynthetic protein transport from the ER, via the Golgi up to the trans Golgi network
Pcub-MSU1_001_000740.1	eggnog	Zinc carboxypeptidase
Pcub-MSU1_001_000739.1	eggnog	Zinc carboxypeptidase
Pcub-MSU1_001_000738.1	eggnog	Zinc carboxypeptidase
Pcub-MSU1_001_000224.1	eggnog	CBF/Mak21 family
Pcub-MSU1_001_000225.1	eggnog	CENP-S protein
Pcub-MSU1_001_000226.1	eggnog	Conserved gene of
Pcub-MSU1_001_000227.1	eggnog	C-terminus of AA_permease
Pcub-MSU1_001_000737.1	eggnog	Lecithin retinol acyltransferase
Pcub-MSU1_001_000228.1	eggnog	Eukaryotic protein of unknown function (DUF2003)
Pcub-MSU1_001_000736.1	eggnog	C-terminal to LisH motif
Pcub-MSU1_001_000735.1	unannotated	Hypothetical protein of unknown function
Pcub-MSU1_001_000734.1	blastp	Homology to Phytophthora pseudosyringae predicted protein KAG7389323.1
Pcub-MSU1_001_000229.1	eggnog	Glutamate/Leucine/Phenylalanine/Valine dehydrogenase
Pcub-MSU1_001_000230.1	blastp	Homology to Phytophthora nicotianae predicted protein KUF76038.1
Pcub-MSU1_001_000733.1	blastp	Homology to Phytophthora cactorum predicted protein KAG3030739.1
Pcub-MSU1_001_000732.1	interproscan	G3DSA:1.10.10.60 domain-containing protein
Pcub-MSU1_001_000231.1	eggnog	spliceosomal snRNP assembly
Pcub-MSU1_001_000731.1	eggnog	WD domain, G-beta repeat
Pcub-MSU1_001_000232.1	eggnog	Initiation factor eIF2 gamma, C terminal
Pcub-MSU1_001_000730.1	eggnog	Anticodon-binding domain of tRNA
Pcub-MSU1_001_000233.1	eggnog	Spc97 / Spc98 family
Pcub-MSU1_001_000729.1	eggnog	Domain of unknown function (DUF4486)
Pcub-MSU1_001_000234.1	eggnog	spectrin binding
Pcub-MSU1_001_000728.1	eggnog	Extension to Ser/Thr-type protein kinases
Pcub-MSU1_001_000235.1	interproscan	Tudor_Agenet_AtEML-like (cd20404)
Pcub-MSU1_001_000727.1	eggnog	domain-containing protein
Pcub-MSU1_001_000236.1	eggnog	Ribosomal protein 60S L18 and 50S L18e
Pcub-MSU1_001_000726.1	interproscan	PTHR13335 domain-containing protein
Pcub-MSU1_001_000237.1	eggnog	Nucleotidyl transferase
Pcub-MSU1_001_000725.1	interproscan	PTHR43198 domain-containing protein
Pcub-MSU1_001_000238.1	eggnog	Peptidase C65 Otubain
Pcub-MSU1_001_000724.1	blastp	Homology to Phytophthora lilii predicted protein GMF12812.1
Pcub-MSU1_001_000723.1	eggnog	rRNA biogenesis protein RRP36
Pcub-MSU1_001_000722.1	blastp	Homology to Phytophthora idaei predicted protein KAG3110081.1
Pcub-MSU1_001_000239.1	eggnog	Belongs to the cation transport ATPase (P-type) (TC 3.A.3) family
Pcub-MSU1_001_000721.1	blastp	Homology to Peronospora effusa predicted protein RMX69065.1
Pcub-MSU1_001_000720.1	unannotated	Hypothetical protein of unknown function
Pcub-MSU1_001_000719.1	eggnog	domain-containing protein
Pcub-MSU1_001_000240.1	eggnog	Dcp1-like decapping family
Pcub-MSU1_001_000241.1	eggnog	Bifunctional DNA N-glycosylase with associated apurinic apyrimidinic (AP) lyase function that catalyzes the first step in base excision repair (BER), the primary repair pathway for the repair of oxidative DNA damage
Pcub-MSU1_001_000718.1	blastp	Homology to Phytophthora capsici predicted protein KAG1701635.1
Pcub-MSU1_001_000242.1	eggnog	response to arachidonic acid
Pcub-MSU1_001_000717.1	eggnog	Leucine rich repeat
Pcub-MSU1_001_000716.1	blastp	Homology to Peronospora belbahrii predicted protein CAH0515815.1
Pcub-MSU1_001_000243.1	eggnog	Leucine Rich repeats (2 copies)
Pcub-MSU1_001_000244.1	blastp	Homology to Phytophthora rubi predicted protein KAE9023447.1
Pcub-MSU1_001_000715.1	eggnog	methyltransferase activity
Pcub-MSU1_001_000714.1	eggnog	domain-containing protein
Pcub-MSU1_001_000245.1	eggnog	domain-containing protein
Pcub-MSU1_001_000246.1	eggnog	methyltransferase activity
Pcub-MSU1_001_000713.1	blastp	Homology to Phytophthora rubi predicted protein KAE9023447.1
Pcub-MSU1_001_000712.1	eggnog	positive regulation of chromatin silencing at rDNA
Pcub-MSU1_001_000247.1	eggnog	domain-containing protein
Pcub-MSU1_001_000711.1	eggnog	domain-containing protein
Pcub-MSU1_001_000710.1	eggnog	domain-containing protein
Pcub-MSU1_001_000248.1	eggnog	Maintenance of mitochondrial structure and function
Pcub-MSU1_001_000249.1	blastp	Homology to Peronospora destructor predicted protein CAI5745218.1
Pcub-MSU1_001_000709.1	blastp	Homology to Phytophthora cinnamomi predicted protein KAG6615230.1
Pcub-MSU1_001_000708.1	eggnog	Cysteine-rich secretory protein family
Pcub-MSU1_001_000250.1	eggnog	Rix1 complex component involved in 60S ribosome maturation
Pcub-MSU1_001_000251.1	interproscan	G3DSA:1.10.555.10 domain-containing protein
Pcub-MSU1_001_000707.1	interproscan	PTHR34815 domain-containing protein
Pcub-MSU1_001_000706.1	eggnog	Glycosyl hydrolase family 81
Pcub-MSU1_001_000252.1	eggnog	Glycosyl hydrolase family 81
Pcub-MSU1_001_000705.1	eggnog	Glycosyl hydrolase family 81
Pcub-MSU1_001_000253.1	eggnog	Glycosyl hydrolase family 81
Pcub-MSU1_001_000704.1	eggnog	Glycosyl hydrolase family 81
Pcub-MSU1_001_000254.1	eggnog	Glycosyl hydrolase family 81
Pcub-MSU1_001_000703.1	eggnog	Glycosyl hydrolase family 81
Pcub-MSU1_001_000255.1	eggnog	Glycosyl hydrolase family 81
Pcub-MSU1_001_000256.1	eggnog	assists the folding of proteins upon ATP hydrolysis
Pcub-MSU1_001_000257.1	eggnog	domain-containing protein
Pcub-MSU1_001_000702.1	eggnog	Binds directly to 23S ribosomal RNA and is necessary for the in vitro assembly process of the 50S ribosomal subunit
Pcub-MSU1_001_000258.1	eggnog	Stage II sporulation protein E (SpoIIE)
Pcub-MSU1_001_000701.1	unannotated	Hypothetical protein of unknown function
Pcub-MSU1_001_000700.1	blastp	Homology to Peronospora destructor predicted protein CAI5731695.1
Pcub-MSU1_001_000259.1	interproscan	PTHR33993 domain-containing protein
Pcub-MSU1_001_000260.1	eggnog	Ankyrin repeats (many copies)
Pcub-MSU1_001_000699.1	eggnog	Ankyrin repeats (many copies)
Pcub-MSU1_001_000261.1	interproscan	SSF52047 domain-containing protein
Pcub-MSU1_001_000698.1	blastp	Homology to Peronospora farinosa predicted protein CAH0489602.1
Pcub-MSU1_001_000262.1	eggnog	domain-containing protein
Pcub-MSU1_001_000697.1	eggnog	domain-containing protein
Pcub-MSU1_001_000263.1	blastp	Homology to Phytophthora aleatoria predicted protein KAG6956258.1
Pcub-MSU1_001_000696.1	eggnog	AI-2E family transporter
Pcub-MSU1_001_000264.1	eggnog	domain-containing protein
Pcub-MSU1_001_000265.1	eggnog	positive regulation of termination of RNA polymerase II transcription, poly(A)-coupled
Pcub-MSU1_001_000266.1	eggnog	Ankyrin repeats (many copies)
Pcub-MSU1_001_000267.1	eggnog	Guanylate kinase homologues
Pcub-MSU1_001_000695.1	eggnog	domain-containing protein
Pcub-MSU1_001_000694.1	eggnog	Ribosomal protein L11 methyltransferase (PrmA)
Pcub-MSU1_001_000693.1	eggnog	positive regulation of termination of RNA polymerase II transcription, poly(A)-coupled
Pcub-MSU1_001_000268.1	eggnog	Thioesterase-like superfamily
Pcub-MSU1_001_000269.1	eggnog	Domain with 2 conserved Trp (W) residues
Pcub-MSU1_001_000270.1	eggnog	domain-containing protein
Pcub-MSU1_001_000271.1	interproscan	MBT_PHF20L1-like (cd20104)
Pcub-MSU1_001_000692.1	unannotated	Hypothetical protein of unknown function
Pcub-MSU1_001_000691.1	unannotated	Hypothetical protein of unknown function
Pcub-MSU1_001_000690.1	eggnog	domain-containing protein
Pcub-MSU1_001_000689.1	unannotated	Hypothetical protein of unknown function
Pcub-MSU1_001_000272.1	blastp	Homology to Phytophthora palmivora predicted protein POM74316.1
Pcub-MSU1_001_000273.1	blastp	Homology to Phytophthora nicotianae predicted protein XP_008891674.1
Pcub-MSU1_001_000274.1	eggnog	domain-containing protein
Pcub-MSU1_001_000275.1	blastp	Homology to Phytophthora pseudosyringae predicted protein KAG7378376.1
Pcub-MSU1_001_000276.1	unannotated	Hypothetical protein of unknown function
Pcub-MSU1_001_000277.1	eggnog	Helicase associated domain (HA2) Add an annotation
Pcub-MSU1_001_000688.1	eggnog	Glycosyl hydrolase family 81
Pcub-MSU1_001_000278.1	eggnog	domain-containing protein
Pcub-MSU1_001_000687.1	eggnog	norepinephrine secretion
Pcub-MSU1_001_000279.1	eggnog	EF hand
Pcub-MSU1_001_000686.1	eggnog	negative regulation of epidermal growth factor-activated receptor activity
Pcub-MSU1_001_000685.1	eggnog	EF hand
Pcub-MSU1_001_000684.1	eggnog	Peptidase S24-like
Pcub-MSU1_001_000683.1	eggnog	CASP C terminal
Pcub-MSU1_001_000682.1	eggnog	Tetratricopeptide repeat
Pcub-MSU1_001_000681.1	eggnog	Vacuolar protein sorting-associated protein 26
Pcub-MSU1_001_000680.1	eggnog	Vacuolar protein sorting-associated protein 26
Pcub-MSU1_001_000280.1	eggnog	domain-containing protein
Pcub-MSU1_001_000281.1	eggnog	Mediator complex subunit MED14
Pcub-MSU1_001_000679.1	blastp	Homology to Phytophthora fragariae predicted protein KAE9355939.1
Pcub-MSU1_001_000678.1	eggnog	Helicase associated domain (HA2) Add an annotation
Pcub-MSU1_001_000677.1	blastp	Homology to Phytophthora pseudosyringae predicted protein KAG7381302.1
Pcub-MSU1_001_000282.1	eggnog	Triose-phosphate Transporter family
Pcub-MSU1_001_000676.1	eggnog	Histone-like transcription factor (CBF/NF-Y) and archaeal histone
Pcub-MSU1_001_000283.1	unannotated	Hypothetical protein of unknown function
Pcub-MSU1_001_000284.1	blastp	Homology to Phytophthora pseudosyringae predicted protein KAG7381302.1
Pcub-MSU1_001_000675.1	blastp	Homology to Phytophthora cactorum predicted protein KAG3191968.1
Pcub-MSU1_001_000674.1	eggnog	Phosphatidylinositol-4-phosphate 5-Kinase
Pcub-MSU1_001_000285.1	eggnog	domain-containing protein
Pcub-MSU1_001_000286.1	eggnog	Crinkler (CRN) family protein
Pcub-MSU1_001_000673.1	eggnog	Ribosomal L29 protein
Pcub-MSU1_001_000287.1	eggnog	Ribosomal L29 protein
Pcub-MSU1_001_000672.1	eggnog	Polyprenyl synthetase
Pcub-MSU1_001_000671.1	eggnog	Protein tyrosine kinase
Pcub-MSU1_001_000670.1	eggnog	Chibby family
Pcub-MSU1_001_000288.1	eggnog	PRP8 domain IV core
Pcub-MSU1_001_000289.1	eggnog	regulation of translation
Pcub-MSU1_001_000669.1	eggnog	domain-containing protein
Pcub-MSU1_001_000668.1	eggnog	domain-containing protein
Pcub-MSU1_001_000290.1	interproscan	PTHR13371 domain-containing protein
Pcub-MSU1_001_000291.1	blastp	Homology to Phytophthora pseudosyringae predicted protein KAG7385798.1
Pcub-MSU1_001_000292.1	eggnog	WD domain, G-beta repeat
Pcub-MSU1_001_000293.1	eggnog	Domain present in PSD-95, Dlg, and ZO-1/2
Pcub-MSU1_001_000667.1	eggnog	Iron-sulfur protein (IP) subunit of succinate dehydrogenase (SDH) that is involved in complex II of the mitochondrial electron transport chain and is responsible for transferring electrons from succinate to ubiquinone (coenzyme Q)
Pcub-MSU1_001_000294.1	eggnog	Domain of unknown function (DUF4461)
Pcub-MSU1_001_000295.1	unannotated	Hypothetical protein of unknown function
Pcub-MSU1_001_000666.1	eggnog	domain-containing protein
Pcub-MSU1_001_000296.1	blastp	Homology to Peronospora farinosa predicted protein CAH0485107.1
Pcub-MSU1_001_000297.1	eggnog	domain-containing protein
Pcub-MSU1_001_000298.1	eggnog	Elongation Factor G, domain II
Pcub-MSU1_001_000299.1	eggnog	Aldehyde dehydrogenase family
Pcub-MSU1_001_000665.1	eggnog	Aldehyde dehydrogenase family
Pcub-MSU1_001_000300.1	eggnog	Aldehyde dehydrogenase family
Pcub-MSU1_001_000664.1	eggnog	Aldehyde dehydrogenase family
Pcub-MSU1_001_000301.1	eggnog	protein transport
Pcub-MSU1_001_000302.1	eggnog	Sigma factor PP2C-like phosphatases
Pcub-MSU1_001_000663.1	eggnog	Male sterility protein
Pcub-MSU1_001_000303.1	eggnog	zinc ion binding
Pcub-MSU1_001_000662.1	eggnog	domain-containing protein
Pcub-MSU1_001_000661.1	blastp	Homology to Phytophthora pseudosyringae predicted protein KAG7385821.1
Pcub-MSU1_001_000304.1	eggnog	EGF domain, unclasssified subfamily
Pcub-MSU1_001_000305.1	eggnog	domain-containing protein
Pcub-MSU1_001_000660.1	eggnog	zinc ion binding
Pcub-MSU1_001_000306.1	eggnog	Dipeptidyl peptidase IV (DPP IV) N-terminal region
Pcub-MSU1_001_000659.1	eggnog	OTU-like cysteine protease
Pcub-MSU1_001_000658.1	eggnog	Ankyrin repeats (many copies)
Pcub-MSU1_001_000657.1	eggnog	Proteasome subunit A N-terminal signature Add an annotation
Pcub-MSU1_001_000307.1	eggnog	Catalyzes the epimerization of the S- and R-forms of NAD(P)HX, a damaged form of NAD(P)H that is a result of enzymatic or heat-dependent hydration
Pcub-MSU1_001_000656.1	eggnog	fatty-acyl-CoA synthase activity
Pcub-MSU1_001_000655.1	eggnog	Histone acetylation protein
Pcub-MSU1_001_000654.1	eggnog	negative regulation of inclusion body assembly
Pcub-MSU1_001_000308.1	eggnog	domain-containing protein
Pcub-MSU1_001_000309.1	eggnog	RNAPII transcription regulator C-terminal
Pcub-MSU1_001_000653.1	eggnog	Ribosome recycling factor
Pcub-MSU1_001_000310.1	blastp	Homology to Phytophthora infestans predicted protein XP_002997948.1
Pcub-MSU1_001_000311.1	eggnog	WD domain, G-beta repeat
Pcub-MSU1_001_000652.1	eggnog	glycogenin glucosyltransferase activity
Pcub-MSU1_001_000312.1	eggnog	domain-containing protein
Pcub-MSU1_001_000651.1	unannotated	Hypothetical protein of unknown function
Pcub-MSU1_001_000313.1	eggnog	WD domain, G-beta repeat
Pcub-MSU1_001_000650.1	eggnog	XAP5, circadian clock regulator
Pcub-MSU1_001_000314.1	eggnog	sperm individualization
Pcub-MSU1_001_000315.1	blastp	Homology to Peronospora effusa predicted protein UIZ20560.1
Pcub-MSU1_001_000649.1	eggnog	Belongs to the CDP-alcohol phosphatidyltransferase class-I family
Pcub-MSU1_001_000316.1	blastp	Homology to predicted protein KAH7508873.1
Pcub-MSU1_001_000317.1	blastp	Homology to Phytophthora infestans predicted protein KAI9997388.1
Pcub-MSU1_001_000318.1	eggnog	CDP-alcohol phosphatidyltransferase
Pcub-MSU1_001_000648.1	eggnog	domain-containing protein
Pcub-MSU1_001_000647.1	eggnog	domain-containing protein
Pcub-MSU1_001_000646.1	eggnog	intracellular transport of virus (ubb)
Pcub-MSU1_001_000645.1	blastp	Homology to Phytophthora sojae predicted protein XP_009519216.1
Pcub-MSU1_001_000644.1	eggnog	NAD-binding of NADP-dependent 3-hydroxyisobutyrate dehydrogenase
Pcub-MSU1_001_000643.1	eggnog	NAD-binding of NADP-dependent 3-hydroxyisobutyrate dehydrogenase
Pcub-MSU1_001_000319.1	eggnog	cytoskeletal anchoring at nuclear membrane
Pcub-MSU1_001_000642.1	eggnog	peptidyl-lysine monomethylation
Pcub-MSU1_001_000320.1	eggnog	Domain of unknown function (DUF383)
Pcub-MSU1_001_000641.1	eggnog	Cyclin_C
Pcub-MSU1_001_000321.1	eggnog	GTP cyclohydrolase N terminal
Pcub-MSU1_001_000322.1	eggnog	Adaptor complexes medium subunit family
Pcub-MSU1_001_000323.1	eggnog	magnesium ion transmembrane transporter activity
Pcub-MSU1_001_000324.1	eggnog	magnesium ion transmembrane transporter activity
Pcub-MSU1_001_000325.1	eggnog	Mitochondrial-associated sphingomyelin phosphodiesterase
Pcub-MSU1_001_000640.1	eggnog	acetylation-dependent protein binding
Pcub-MSU1_001_000639.1	eggnog	Adenylosuccinate lyase C-terminus
Pcub-MSU1_001_000326.1	eggnog	Glycosyl transferase family 41
Pcub-MSU1_001_000327.1	blastp	Homology to Globisporangium splendens predicted protein KAF1333992.1
Pcub-MSU1_001_000328.1	eggnog	domain-containing protein
Pcub-MSU1_001_000638.1	eggnog	CorA-like Mg2+ transporter protein
Pcub-MSU1_001_000329.1	blastp	Homology to Peronospora effusa predicted protein RMX65075.1
Pcub-MSU1_001_000637.1	eggnog	Calcium-activated chloride channel
Pcub-MSU1_001_000330.1	eggnog	domain-containing protein
Pcub-MSU1_001_000636.1	eggnog	negative regulation of ubiquitin protein ligase activity (MAD2L2)
Pcub-MSU1_001_000331.1	eggnog	heat shock factor
Pcub-MSU1_001_000635.1	eggnog	domain-containing protein
Pcub-MSU1_001_000332.1	eggnog	Rab guanyl-nucleotide exchange factor activity
Pcub-MSU1_001_000634.1	eggnog	domain-containing protein
Pcub-MSU1_001_000333.1	blastp	Homology to Phytophthora idaei predicted protein KAG3111240.1
Pcub-MSU1_001_000633.1	eggnog	Source PGD
Pcub-MSU1_001_000632.1	interproscan	SSF56112 domain-containing protein
Pcub-MSU1_001_000334.1	blastp	Homology to Phytophthora nicotianae predicted protein ETO78628.1
Pcub-MSU1_001_000631.1	blastp	Homology to Phytophthora nicotianae predicted protein ETO78628.1
Pcub-MSU1_001_000335.1	interproscan	SSF56112 domain-containing protein
Pcub-MSU1_001_000336.1	eggnog	Source PGD
Pcub-MSU1_001_000337.1	unannotated	Hypothetical protein of unknown function
Pcub-MSU1_001_000338.1	eggnog	Source PGD
Pcub-MSU1_001_000630.1	eggnog	domain-containing protein
Pcub-MSU1_001_000339.1	eggnog	MatE
Pcub-MSU1_001_000340.1	blastp	Homology to Phytophthora cactorum predicted protein KAG2788787.1
Pcub-MSU1_001_000629.1	eggnog	Dihydrodipicolinate synthetase family
Pcub-MSU1_001_000341.1	eggnog	Mad3/BUB1 homology region 1
Pcub-MSU1_001_000342.1	eggnog	Mad3/BUB1 homology region 1
Pcub-MSU1_001_000628.1	eggnog	domain-containing protein
Pcub-MSU1_001_000343.1	eggnog	HEAT repeat
Pcub-MSU1_001_000627.1	eggnog	Ring finger
Pcub-MSU1_001_000344.1	eggnog	domain-containing protein
Pcub-MSU1_001_000626.1	eggnog	domain-containing protein
Pcub-MSU1_001_000345.1	eggnog	Arginosuccinate synthase
Pcub-MSU1_001_000346.1	eggnog	Rtf2 RING-finger
Pcub-MSU1_001_000625.1	eggnog	WD domain, G-beta repeat
Pcub-MSU1_001_000624.1	eggnog	Methylenetetrahydrofolate reductase
Pcub-MSU1_001_000347.1	blastp	Homology to Peronospora effusa predicted protein CAI5703463.1
Pcub-MSU1_001_000623.1	blastp	Homology to Phytophthora pseudosyringae predicted protein KAG7380395.1
Pcub-MSU1_001_000622.1	eggnog	Iron-sulfur cluster assembly protein
Pcub-MSU1_001_000621.1	unannotated	Hypothetical protein of unknown function
Pcub-MSU1_001_000620.1	unannotated	Hypothetical protein of unknown function
Pcub-MSU1_001_000619.1	unannotated	Hypothetical protein of unknown function
Pcub-MSU1_001_000618.1	eggnog	Belongs to the arginase family
Pcub-MSU1_001_000617.1	eggnog	sequence-specific DNA binding
Pcub-MSU1_001_000616.1	eggnog	Protein tyrosine kinase
Pcub-MSU1_001_000348.1	eggnog	Protein tyrosine kinase
Pcub-MSU1_001_000349.1	eggnog	sequence-specific DNA binding
Pcub-MSU1_001_000350.1	eggnog	Belongs to the arginase family
Pcub-MSU1_001_000351.1	unannotated	Hypothetical protein of unknown function
Pcub-MSU1_001_000615.1	eggnog	Sigma factor PP2C-like phosphatases
Pcub-MSU1_001_000614.1	eggnog	error-prone translesion synthesis
Pcub-MSU1_001_000352.1	eggnog	Participates in DNA repair and in chromosomal DNA replication
Pcub-MSU1_001_000353.1	eggnog	domain-containing protein
Pcub-MSU1_001_000354.1	eggnog	domain-containing protein
Pcub-MSU1_001_000613.1	eggnog	Phosphoglycerate mutase family
Pcub-MSU1_001_000612.1	unannotated	Hypothetical protein of unknown function
Pcub-MSU1_001_000355.1	blastp	Homology to Phytophthora cinnamomi predicted protein KAG6613524.1
Pcub-MSU1_001_000611.1	eggnog	F-box LRR-repeat protein
Pcub-MSU1_001_000610.1	eggnog	Nuclear pore protein 84 / 107
Pcub-MSU1_001_000356.1	eggnog	Arginyl tRNA synthetase N terminal dom
Pcub-MSU1_001_000609.1	eggnog	domain-containing protein
Pcub-MSU1_001_000357.1	unannotated	Hypothetical protein of unknown function
Pcub-MSU1_001_000358.1	blastp	Homology to Peronospora belbahrii predicted protein CAH0476380.1
Pcub-MSU1_001_000359.1	unannotated	Hypothetical protein of unknown function
Pcub-MSU1_001_000360.1	eggnog	regulation of RNA splicing
Pcub-MSU1_001_000608.1	eggnog	Belongs to the Ca(2 ) cation antiporter (CaCA) (TC 2.A.19) family
Pcub-MSU1_001_000361.1	eggnog	triglyceride catabolic process
Pcub-MSU1_001_000607.1	eggnog	domain-containing protein
Pcub-MSU1_001_000362.1	eggnog	domain-containing protein
Pcub-MSU1_001_000606.1	eggnog	triglyceride catabolic process
Pcub-MSU1_001_000363.1	eggnog	Belongs to the Ca(2 ) cation antiporter (CaCA) (TC 2.A.19) family
Pcub-MSU1_001_000605.1	eggnog	regulation of RNA splicing
Pcub-MSU1_001_000604.1	blastp	Homology to Peronospora belbahrii predicted protein CAH0476380.1
Pcub-MSU1_001_000364.1	eggnog	Nop53 (60S ribosomal biogenesis)
Pcub-MSU1_001_000365.1	eggnog	domain-containing protein
Pcub-MSU1_001_000366.1	eggnog	in StAR and phosphatidylcholine transfer protein
Pcub-MSU1_001_000603.1	eggnog	domain-containing protein
Pcub-MSU1_001_000367.1	eggnog	RNA localization to chromatin
Pcub-MSU1_001_000602.1	eggnog	Major Facilitator Superfamily
Pcub-MSU1_001_000601.1	eggnog	FATC
Pcub-MSU1_001_000368.1	eggnog	FATC
Pcub-MSU1_001_000369.1	unannotated	Hypothetical protein of unknown function
Pcub-MSU1_001_000370.1	eggnog	domain-containing protein
Pcub-MSU1_001_000600.1	eggnog	domain-containing protein
Pcub-MSU1_001_000599.1	unannotated	Hypothetical protein of unknown function
Pcub-MSU1_001_000598.1	eggnog	domain-containing protein
Pcub-MSU1_001_000597.1	unannotated	Hypothetical protein of unknown function
Pcub-MSU1_001_000371.1	eggnog	FATC
Pcub-MSU1_001_000372.1	unannotated	Hypothetical protein of unknown function
Pcub-MSU1_001_000373.1	eggnog	domain-containing protein
Pcub-MSU1_001_000596.1	eggnog	semaphorin-plexin signaling pathway
Pcub-MSU1_001_000374.1	unannotated	Hypothetical protein of unknown function
Pcub-MSU1_001_000375.1	eggnog	Domain of unknown function (DUF4339)
Pcub-MSU1_001_000376.1	eggnog	domain-containing protein
Pcub-MSU1_001_000377.1	eggnog	GC-rich sequence DNA-binding factor-like protein
Pcub-MSU1_001_000595.1	eggnog	ribosomal protein import into nucleus
Pcub-MSU1_001_000594.1	eggnog	Reverse transcriptase (RNA-dependent DNA polymerase)
Pcub-MSU1_001_000593.1	eggnog	Papain family cysteine protease
Pcub-MSU1_001_000378.1	unannotated	Hypothetical protein of unknown function
Pcub-MSU1_001_000379.1	unannotated	Hypothetical protein of unknown function
Pcub-MSU1_001_000380.1	eggnog	domain-containing protein
Pcub-MSU1_001_000592.1	eggnog	domain-containing protein
Pcub-MSU1_001_000591.1	eggnog	mitochondria-associated ubiquitin-dependent protein catabolic process
Pcub-MSU1_001_000590.1	eggnog	pseudouridine synthase activity
Pcub-MSU1_001_000381.1	eggnog	pseudouridine synthase activity
Pcub-MSU1_001_000382.1	interproscan	G3DSA:1.25.10.10 domain-containing protein
Pcub-MSU1_001_000589.1	eggnog	DHHC palmitoyltransferase
Pcub-MSU1_001_000383.1	eggnog	ATPase domain of DNA mismatch repair MUTS family
Pcub-MSU1_001_000588.1	eggnog	Regulator of chromosome condensation (RCC1) repeat
Pcub-MSU1_001_000587.1	eggnog	Dynactin p62 family
Pcub-MSU1_001_000384.1	eggnog	Mitotic checkpoint protein
Pcub-MSU1_001_000586.1	eggnog	Dienelactone hydrolase family
Pcub-MSU1_001_000385.1	eggnog	Domain Homologous to E6-AP Carboxyl Terminus with
Pcub-MSU1_001_000585.1	eggnog	Aldehyde dehydrogenase family
Pcub-MSU1_001_000386.1	unannotated	Hypothetical protein of unknown function
Pcub-MSU1_001_000387.1	eggnog	Aldehyde dehydrogenase family
Pcub-MSU1_001_000584.1	eggnog	Domain Homologous to E6-AP Carboxyl Terminus with
Pcub-MSU1_001_000388.1	eggnog	Dienelactone hydrolase family
Pcub-MSU1_001_000389.1	eggnog	D-arabinono-1,4-lactone oxidase
Pcub-MSU1_001_000583.1	interproscan	PTHR45125 domain-containing protein
Pcub-MSU1_001_000390.1	blastp	Homology to Phytophthora rubi predicted protein KAE9008917.1
Pcub-MSU1_001_000391.1	eggnog	Ras-induced vulval development antagonist
Pcub-MSU1_001_000582.1	interproscan	PTHR13510 domain-containing protein
Pcub-MSU1_001_000581.1	blastp	Homology to Peronospora effusa predicted protein RMX67885.1
Pcub-MSU1_001_000392.1	eggnog	domain-containing protein
Pcub-MSU1_001_000393.1	eggnog	Domain present in PSD-95, Dlg, and ZO-1/2
Pcub-MSU1_001_000394.1	eggnog	Acyl-CoA oxidase
Pcub-MSU1_001_000395.1	eggnog	Protein tyrosine kinase
Pcub-MSU1_001_000580.1	eggnog	domain-containing protein
Pcub-MSU1_001_000579.1	eggnog	Protein tyrosine kinase
Pcub-MSU1_001_000578.1	unannotated	Hypothetical protein of unknown function
Pcub-MSU1_001_000577.1	blastp	Homology to Peronospora effusa predicted protein RQM18066.1
Pcub-MSU1_001_000576.1	eggnog	apoptotic process
Pcub-MSU1_001_000575.1	eggnog	apoptotic process
Pcub-MSU1_001_000574.1	eggnog	apoptotic process
Pcub-MSU1_001_000396.1	eggnog	apoptotic process
Pcub-MSU1_001_000573.1	unannotated	Hypothetical protein of unknown function
Pcub-MSU1_001_000397.1	eggnog	Erv1 / Alr family
Pcub-MSU1_001_000572.1	eggnog	TLR4 regulator and MIR-interacting MSAP
Pcub-MSU1_001_000398.1	eggnog	Hsp90 protein
Pcub-MSU1_001_000571.1	interproscan	PTHR32083 domain-containing protein
Pcub-MSU1_001_000570.1	interproscan	G3DSA:3.40.50.1820 domain-containing protein
Pcub-MSU1_001_000399.1	eggnog	Translocation protein Sec62
Pcub-MSU1_001_000569.1	eggnog	domain-containing protein
Pcub-MSU1_001_000400.1	eggnog	domain present in cyclins, TFIIB and Retinoblastoma
Pcub-MSU1_001_000401.1	eggnog	PhoX homologous domain, present in p47phox and p40phox
Pcub-MSU1_001_000568.1	eggnog	Amino acid permease
Pcub-MSU1_001_000567.1	eggnog	Thioredoxin
Pcub-MSU1_001_000402.1	eggnog	Protein phosphatase inhibitor
Pcub-MSU1_001_000566.1	eggnog	VEFS-Box of polycomb protein
Pcub-MSU1_001_000403.1	blastp	Homology to Phytophthora pseudosyringae predicted protein KAG7391282.1
Pcub-MSU1_001_000565.1	interproscan	PTHR16029 domain-containing protein
Pcub-MSU1_001_000404.1	eggnog	Mitochondrial carrier protein
Pcub-MSU1_001_000405.1	eggnog	RNA binding motif
Pcub-MSU1_001_000564.1	interproscan	PTHR23161 domain-containing protein
Pcub-MSU1_001_000563.1	eggnog	domain-containing protein
Pcub-MSU1_001_000562.1	eggnog	Phosphatidylinositol-4-phosphate 5-Kinase
Pcub-MSU1_001_000406.1	eggnog	NAD synthase
Pcub-MSU1_001_000561.1	eggnog	Ubiquitin carboxyl-terminal hydrolase
Pcub-MSU1_001_000560.1	interproscan	PTHR31827 domain-containing protein
Pcub-MSU1_001_000407.1	eggnog	Proteasome non-ATPase 26S subunit
Pcub-MSU1_001_000408.1	eggnog	domain-containing protein
Pcub-MSU1_001_000559.1	eggnog	Common central domain of tyrosinase
Pcub-MSU1_001_000409.1	eggnog	Glycosyltransferase family 20
Pcub-MSU1_001_000410.1	eggnog	domain-containing protein
Pcub-MSU1_001_000411.1	eggnog	Domains in hypothetical proteins in Drosophila, C
Pcub-MSU1_001_000558.1	eggnog	pseudouridine synthase activity
Pcub-MSU1_001_000557.1	eggnog	domain-containing protein
Pcub-MSU1_001_000412.1	blastp	Homology to Peronospora effusa predicted protein RMX70121.1
Pcub-MSU1_001_000556.1	eggnog	Carbon-nitrogen hydrolase
Pcub-MSU1_001_000413.1	blastp	Homology to Phytophthora pseudosyringae predicted protein KAG7391313.1
Pcub-MSU1_001_000555.1	eggnog	ALG6, ALG8 glycosyltransferase family
Pcub-MSU1_001_000414.1	eggnog	domain-containing protein
Pcub-MSU1_001_000554.1	interproscan	PTHR13510 domain-containing protein
Pcub-MSU1_001_000415.1	eggnog	domain-containing protein
Pcub-MSU1_001_000416.1	eggnog	E1-E2 ATPase
Pcub-MSU1_001_000417.1	blastp	Homology to Phytophthora pseudosyringae predicted protein KAG7391322.1
Pcub-MSU1_001_000418.1	eggnog	mitotic nuclear envelope reassembly
Pcub-MSU1_001_000553.1	eggnog	domain-containing protein
Pcub-MSU1_001_000552.1	eggnog	Hsp90 protein
Pcub-MSU1_001_000419.1	eggnog	domain-containing protein
Pcub-MSU1_001_000551.1	blastp	Homology to Phytophthora nicotianae predicted protein KUF78327.1
Pcub-MSU1_001_000550.1	unannotated	Hypothetical protein of unknown function
Pcub-MSU1_001_000549.1	unannotated	Hypothetical protein of unknown function
Pcub-MSU1_001_000548.1	blastp	Homology to Phytophthora citrophthora predicted protein KAK1943935.1
Pcub-MSU1_001_000547.1	eggnog	domain-containing protein
Pcub-MSU1_001_000420.1	eggnog	domain-containing protein
Pcub-MSU1_001_000546.1	unannotated	Hypothetical protein of unknown function
Pcub-MSU1_001_000421.1	eggnog	domain-containing protein
Pcub-MSU1_001_000545.1	unannotated	Hypothetical protein of unknown function
Pcub-MSU1_001_000544.1	eggnog	domain-containing protein
Pcub-MSU1_001_000543.1	unannotated	Hypothetical protein of unknown function
Pcub-MSU1_001_000422.1	blastp	Homology to Phytophthora nicotianae predicted protein KUF76742.1
Pcub-MSU1_001_000423.1	eggnog	Ankyrin repeats (many copies)
Pcub-MSU1_001_000424.1	eggnog	Nucleotide-sugar transporter
Pcub-MSU1_001_000425.1	blastp	Homology to Phytophthora capsici predicted protein KAG1708308.1
Pcub-MSU1_001_000542.1	eggnog	Nucleotide-sugar transporter
Pcub-MSU1_001_000541.1	eggnog	Ankyrin repeats (many copies)
Pcub-MSU1_001_000540.1	blastp	Homology to Phytophthora nicotianae predicted protein KUF76742.1
Pcub-MSU1_001_000426.1	blastp	Homology to Phytophthora nicotianae predicted protein KUF78327.1
Pcub-MSU1_001_000427.1	interproscan	PTHR34409 domain-containing protein
Pcub-MSU1_001_000539.1	eggnog	cellular response to interleukin-11
Pcub-MSU1_001_000538.1	blastp	Homology to Phytophthora idaei predicted protein KAG3116816.1
Pcub-MSU1_001_000428.1	blastp	Homology to Phytophthora palmivora predicted protein POM78597.1
Pcub-MSU1_001_000537.1	eggnog	WD domain, G-beta repeat
Pcub-MSU1_001_000429.1	eggnog	domain-containing protein
Pcub-MSU1_001_000430.1	eggnog	negative regulation of peptidyl-serine phosphorylation of STAT protein
Pcub-MSU1_001_000536.1	eggnog	HEC/Ndc80p family
Pcub-MSU1_001_000431.1	eggnog	Tetratricopeptide repeat
Pcub-MSU1_001_000432.1	eggnog	Peroxidase
Pcub-MSU1_001_000433.1	eggnog	Peroxidase
Pcub-MSU1_001_000535.1	eggnog	Peroxidase
Pcub-MSU1_001_000534.1	eggnog	domain-containing protein
Pcub-MSU1_001_000533.1	eggnog	domain-containing protein
Pcub-MSU1_001_000434.1	eggnog	domain-containing protein
Pcub-MSU1_001_000435.1	eggnog	domain-containing protein
Pcub-MSU1_001_000532.1	blastp	Homology to Peronospora belbahrii predicted protein CAH0477824.1
Pcub-MSU1_001_000531.1	eggnog	May play an essential role at the early stage of chromosomal DNA replication by coupling the polymerase alpha primase complex to the cellular replication machinery
Pcub-MSU1_001_000436.1	eggnog	double-stranded DNA 3'-5' exodeoxyribonuclease activity
Pcub-MSU1_001_000530.1	eggnog	domain-containing protein
Pcub-MSU1_001_000437.1	blastp	Homology to Peronospora belbahrii predicted protein CAH0477820.1
Pcub-MSU1_001_000438.1	eggnog	Magnesium transporter NIPA
Pcub-MSU1_001_000529.1	blastp	Homology to Phytophthora cinnamomi predicted protein KAG6590678.1
Pcub-MSU1_001_000439.1	eggnog	vesicle fusion with Golgi apparatus
Pcub-MSU1_001_000528.1	blastp	Homology to Phytophthora megakarya predicted protein OWZ23439.1
Pcub-MSU1_001_000527.1	unannotated	Hypothetical protein of unknown function
Pcub-MSU1_001_000440.1	interproscan	ASKHA_NBD_OSGEP_like_euk (cd24132)
Pcub-MSU1_001_000441.1	blastp	Homology to Phytophthora pseudosyringae predicted protein KAG7387302.1
Pcub-MSU1_001_000442.1	eggnog	Catalytic LigB subunit of aromatic ring-opening dioxygenase
Pcub-MSU1_001_000526.1	eggnog	Required for the assembly of the V0 complex of the vacuolar ATPase (V-ATPase) in the endoplasmic reticulum
Pcub-MSU1_001_000443.1	eggnog	domain-containing protein
Pcub-MSU1_001_000525.1	eggnog	Component of the cytosolic iron-sulfur (Fe-S) protein assembly (CIA) machinery
Pcub-MSU1_001_000444.1	eggnog	domain-containing protein
Pcub-MSU1_001_000445.1	eggnog	PhoD-like phosphatase
Pcub-MSU1_001_000524.1	eggnog	domain-containing protein
Pcub-MSU1_001_000446.1	eggnog	Meckelin (Transmembrane protein 67)
Pcub-MSU1_001_000523.1	eggnog	Glucosidase II beta subunit-like protein
Pcub-MSU1_001_000447.1	blastp	Homology to Peronospora effusa predicted protein RMX70118.1
Pcub-MSU1_001_000448.1	eggnog	28 kDa A-kinase anchor
Pcub-MSU1_001_000449.1	eggnog	Inorganic H+ pyrophosphatase
Pcub-MSU1_001_000450.1	eggnog	Polysaccharide biosynthesis protein
Pcub-MSU1_001_000451.1	eggnog	7 transmembrane receptor (Secretin family)
Pcub-MSU1_001_000522.1	eggnog	EF-hand, calcium binding motif
Pcub-MSU1_001_000452.1	eggnog	Magnesium transporter NIPA
Pcub-MSU1_001_000521.1	eggnog	domain in TBC and LysM domain containing proteins
Pcub-MSU1_001_000453.1	eggnog	domain in TBC and LysM domain containing proteins
Pcub-MSU1_001_000520.1	eggnog	WD repeat-containing protein
Pcub-MSU1_001_000454.1	blastp	Homology to Phytophthora cinnamomi predicted protein KAG6590678.1
Pcub-MSU1_001_000455.1	eggnog	Cid1 family poly A polymerase
Pcub-MSU1_001_000456.1	eggnog	Brix
Pcub-MSU1_001_000519.1	eggnog	domain-containing protein
Pcub-MSU1_001_000457.1	eggnog	Tubulin-tyrosine ligase family
Pcub-MSU1_001_000518.1	eggnog	Vps51/Vps67
Pcub-MSU1_001_000458.1	eggnog	domain-containing protein
Pcub-MSU1_001_000517.1	eggnog	PHD-finger
Pcub-MSU1_001_000516.1	eggnog	Transaldolase is important for the balance of metabolites in the pentose-phosphate pathway
Pcub-MSU1_001_000515.1	eggnog	Mitochondrial carrier protein
Pcub-MSU1_001_000459.1	eggnog	domain-containing protein
Pcub-MSU1_001_000514.1	blastp	Homology to Peronospora destructor predicted protein CAI5745539.1
Pcub-MSU1_001_000460.1	eggnog	AMP-binding enzyme
Pcub-MSU1_001_000513.1	interproscan	G3DSA:3.80.10.10 domain-containing protein
Pcub-MSU1_001_000512.1	eggnog	transposition, RNA-mediated
Pcub-MSU1_001_000511.1	eggnog	Domain of unknown function (DUF3510)
Pcub-MSU1_001_000461.1	eggnog	1-phosphatidylinositol-3-phosphate 5-kinase activity
Pcub-MSU1_001_000462.1	eggnog	1-phosphatidylinositol-3-phosphate 5-kinase activity
Pcub-MSU1_001_000463.1	eggnog	Domain of unknown function (DUF3510)
Pcub-MSU1_001_000510.1	eggnog	Domain of unknown function (DUF5117)
Pcub-MSU1_001_000509.1	eggnog	domain-containing protein
Pcub-MSU1_001_000508.1	unannotated	Hypothetical protein of unknown function
Pcub-MSU1_001_000507.1	eggnog	Protein tyrosine kinase
Pcub-MSU1_001_000506.1	eggnog	GRF zinc finger family protein. Source PGD
Pcub-MSU1_001_000505.1	eggnog	regulation of response to stimulus (AMIGO1)
Pcub-MSU1_001_000464.1	eggnog	WD40 repeats
Pcub-MSU1_001_000465.1	eggnog	domain-containing protein
Pcub-MSU1_001_000466.1	unannotated	Hypothetical protein of unknown function
Pcub-MSU1_001_000504.1	eggnog	Neurochondrin
Pcub-MSU1_001_000467.1	eggnog	domain-containing protein
Pcub-MSU1_001_000503.1	eggnog	Choline/Carnitine o-acyltransferase
Pcub-MSU1_001_000502.1	eggnog	1-phosphatidylinositol-3-phosphate 5-kinase activity
Pcub-MSU1_001_000468.1	eggnog	Domain of unknown function (DUF3510)
Pcub-MSU1_001_000469.1	interproscan	SSF52058 domain-containing protein
Pcub-MSU1_001_000501.1	eggnog	AMP-binding enzyme
Pcub-MSU1_001_000470.1	eggnog	Domain of unknown function (DUF3510)
Pcub-MSU1_001_000500.1	eggnog	Domain of unknown function (DUF3510)
Pcub-MSU1_001_000471.1	unannotated	Hypothetical protein of unknown function
Pcub-MSU1_001_000472.1	blastp	Homology to Phytophthora sojae predicted protein XP_009537166.1
Pcub-MSU1_001_000499.1	interproscan	SSF52058 domain-containing protein
Pcub-MSU1_001_000498.1	blastp	Homology to predicted protein KAH7509178.1
Pcub-MSU1_001_000473.1	eggnog	snRNP Sm proteins
Pcub-MSU1_001_000497.1	eggnog	Vps54-like protein
Pcub-MSU1_001_000496.1	blastp	Homology to predicted protein KAH7509178.1
Pcub-MSU1_001_000474.1	eggnog	Lipase (class 3)
Pcub-MSU1_001_000475.1	eggnog	Domain of unknown function (DUF389)
Pcub-MSU1_001_000476.1	eggnog	Tetratricopeptide repeat
Pcub-MSU1_001_000477.1	eggnog	domain-containing protein
Pcub-MSU1_001_000495.1	blastp	Homology to Phytophthora cactorum predicted protein KAG2776981.1
Pcub-MSU1_001_000478.1	blastp	Homology to Phytophthora citrophthora predicted protein KAK1939410.1
Pcub-MSU1_001_000494.1	eggnog	protein heterodimerization activity
Pcub-MSU1_001_000479.1	eggnog	protein heterodimerization activity
Pcub-MSU1_001_000493.1	eggnog	Pex2 / Pex12 amino terminal region
Pcub-MSU1_001_000480.1	eggnog	adenyl-nucleotide exchange factor activity
Pcub-MSU1_001_000492.1	eggnog	Early transcription elongation factor of RNA pol II, NGN section
Pcub-MSU1_001_000491.1	unannotated	Hypothetical protein of unknown function
Pcub-MSU1_001_000481.1	eggnog	WD40 repeats
Pcub-MSU1_001_000490.1	blastp	Homology to Phytophthora lilii predicted protein GMF09298.1
Pcub-MSU1_001_000489.1	eggnog	domain-containing protein
Pcub-MSU1_001_000482.1	eggnog	Zinc finger C-x8-C-x5-C-x3-H type (and similar)
Pcub-MSU1_001_000488.1	eggnog	Interferon-related developmental regulator (IFRD)
Pcub-MSU1_001_000483.1	eggnog	domain-containing protein
Pcub-MSU1_001_000484.1	eggnog	domain-containing protein
Pcub-MSU1_001_000487.1	eggnog	PHD-finger
Pcub-MSU1_001_000485.1	eggnog	Spt4/RpoE2 zinc finger
Pcub-MSU1_001_000486.1	blastp	Homology to Peronospora effusa predicted protein RMX63636.1
Pcub-MSU1_002_000762.1	interproscan	PTHR31827 domain-containing protein
Pcub-MSU1_002_000001.1	eggnog	homophilic cell adhesion via plasma membrane adhesion molecules
Pcub-MSU1_002_000761.1	blastp	Homology to Peronospora effusa predicted protein RQM14186.1
Pcub-MSU1_002_000760.1	eggnog	domain-containing protein
Pcub-MSU1_002_000002.1	eggnog	negative regulation of hippo signaling
Pcub-MSU1_002_000759.1	eggnog	domain-containing protein
Pcub-MSU1_002_000003.1	eggnog	PAP2 superfamily
Pcub-MSU1_002_000004.1	eggnog	PAP2 superfamily
Pcub-MSU1_002_000758.1	interproscan	G3DSA:3.30.1520.10 domain-containing protein
Pcub-MSU1_002_000005.1	blastp	Homology to Peronospora destructor predicted protein CAI5746580.1
Pcub-MSU1_002_000757.1	eggnog	Cytidylyltransferase family
Pcub-MSU1_002_000006.1	blastp	Homology to Peronospora effusa predicted protein UIZ27342.1
Pcub-MSU1_002_000756.1	blastp	Homology to Phytophthora pseudosyringae predicted protein KAG7386383.1
Pcub-MSU1_002_000007.1	eggnog	Rogdi leucine zipper containing protein
Pcub-MSU1_002_000755.1	blastp	Homology to Phytophthora ramorum predicted protein KAH7469029.1
Pcub-MSU1_002_000008.1	blastp	Homology to Phytophthora pseudosyringae predicted protein KAG7390006.1
Pcub-MSU1_002_000754.1	eggnog	Protein tyrosine kinase
Pcub-MSU1_002_000009.1	eggnog	Cytidylyltransferase family
Pcub-MSU1_002_000010.1	eggnog	snRNA stem-loop binding
Pcub-MSU1_002_000753.1	eggnog	protein K6-linked ubiquitination
Pcub-MSU1_002_000011.1	eggnog	domain-containing protein
Pcub-MSU1_002_000752.1	eggnog	Golgi CORVET complex core vacuolar protein 8
Pcub-MSU1_002_000751.1	eggnog	Golgi CORVET complex core vacuolar protein 8
Pcub-MSU1_002_000750.1	eggnog	p21-C-terminal region-binding protein
Pcub-MSU1_002_000012.1	blastp	Homology to Phytophthora cactorum predicted protein KAG2778765.1
Pcub-MSU1_002_000749.1	eggnog	Squalene/phytoene synthase
Pcub-MSU1_002_000013.1	eggnog	Histone-binding protein RBBP4 or subunit C of CAF1 complex
Pcub-MSU1_002_000014.1	blastp	Homology to Phytophthora lilii predicted protein GMF10969.1
Pcub-MSU1_002_000748.1	blastp	Homology to Phytophthora cactorum predicted protein KAG3206445.1
Pcub-MSU1_002_000015.1	eggnog	Nucleotide-sugar transporter
Pcub-MSU1_002_000747.1	eggnog	domain-containing protein
Pcub-MSU1_002_000016.1	eggnog	Galactokinase galactose-binding signature
Pcub-MSU1_002_000746.1	blastp	Homology to Phytophthora nicotianae predicted protein ETL93912.1
Pcub-MSU1_002_000745.1	eggnog	Protein tyrosine kinase
Pcub-MSU1_002_000017.1	eggnog	emp24/gp25L/p24 family/GOLD
Pcub-MSU1_002_000018.1	blastp	Homology to Peronospora effusa predicted protein RMX67915.1
Pcub-MSU1_002_000744.1	eggnog	Cysteine-rich secretory protein family
Pcub-MSU1_002_000019.1	eggnog	Phosphate acyltransferases
Pcub-MSU1_002_000743.1	eggnog	Catalyzes the oxidative decarboxylation of 6- phosphogluconate to ribulose 5-phosphate and CO(2), with concomitant reduction of NADP to NADPH
Pcub-MSU1_002_000020.1	blastp	Homology to Peronospora belbahrii predicted protein CAH0474987.1
Pcub-MSU1_002_000742.1	eggnog	mannose metabolic process
Pcub-MSU1_002_000021.1	blastp	Homology to Peronospora belbahrii predicted protein CAH0474990.1
Pcub-MSU1_002_000741.1	blastp	Homology to Phytophthora cactorum;Phytophthora idaei;Phytophthora aleatoria predicted protein KAF1795222.1
Pcub-MSU1_002_000022.1	eggnog	Aminotransferase class I and II
Pcub-MSU1_002_000740.1	eggnog	Cytochrome c oxidase biogenesis protein Cmc1 like
Pcub-MSU1_002_000739.1	eggnog	domain-containing protein
Pcub-MSU1_002_000738.1	blastp	Homology to Peronospora belbahrii predicted protein CAH0474994.1
Pcub-MSU1_002_000737.1	eggnog	Protein tyrosine kinase
Pcub-MSU1_002_000023.1	eggnog	Choline/Carnitine o-acyltransferase
Pcub-MSU1_002_000736.1	interproscan	G3DSA:1.20.120.1750 domain-containing protein
Pcub-MSU1_002_000735.1	blastp	Homology to predicted protein KAH7496729.1
Pcub-MSU1_002_000024.1	eggnog	domain-containing protein
Pcub-MSU1_002_000025.1	eggnog	Transcription initiation factor IIF, beta subunit
Pcub-MSU1_002_000026.1	eggnog	PHD-finger
Pcub-MSU1_002_000027.1	eggnog	PHD-finger
Pcub-MSU1_002_000734.1	eggnog	EF-hand domain pair
Pcub-MSU1_002_000733.1	blastp	Homology to Phytophthora aleatoria predicted protein KAG6964832.1
Pcub-MSU1_002_000028.1	interproscan	PTHR45615 domain-containing protein
Pcub-MSU1_002_000732.1	eggnog	dTDP-glucose 4,6-dehydratase activity
Pcub-MSU1_002_000029.1	blastp	Homology to Peronospora destructor predicted protein CAI5710267.1
Pcub-MSU1_002_000731.1	eggnog	Fatty acid desaturase
Pcub-MSU1_002_000730.1	eggnog	Protein tyrosine kinase
Pcub-MSU1_002_000729.1	eggnog	EF hand
Pcub-MSU1_002_000728.1	eggnog	Transcription initiation factor IIF, beta subunit
Pcub-MSU1_002_000030.1	eggnog	Uroporphyrinogen-III synthase HemD
Pcub-MSU1_002_000031.1	unannotated	Hypothetical protein of unknown function
Pcub-MSU1_002_000032.1	interproscan	PTHR31827 domain-containing protein
Pcub-MSU1_002_000727.1	interproscan	PTHR31827 domain-containing protein
Pcub-MSU1_002_000033.1	eggnog	domain-containing protein
Pcub-MSU1_002_000726.1	blastp	Homology to Phytophthora cactorum predicted protein KAG2778923.1
Pcub-MSU1_002_000725.1	eggnog	histone-lysine N-methyltransferase activity
Pcub-MSU1_002_000034.1	eggnog	phosphoprotein phosphatase activity
Pcub-MSU1_002_000035.1	eggnog	DWNN
Pcub-MSU1_002_000724.1	eggnog	Ankyrin repeats (many copies)
Pcub-MSU1_002_000723.1	eggnog	POLO box duplicated region
Pcub-MSU1_002_000036.1	eggnog	POLO box duplicated region
Pcub-MSU1_002_000037.1	eggnog	Ankyrin repeats (many copies)
Pcub-MSU1_002_000038.1	eggnog	Tetratricopeptide repeat
Pcub-MSU1_002_000039.1	eggnog	Tetratricopeptide repeat
Pcub-MSU1_002_000722.1	blastp	Homology to Hyaloperonospora brassicae predicted protein CAI5725661.1
Pcub-MSU1_002_000721.1	eggnog	Protein of unknown function (DUF778)
Pcub-MSU1_002_000040.1	eggnog	domain-containing protein
Pcub-MSU1_002_000720.1	eggnog	Tetratricopeptide repeat
Pcub-MSU1_002_000719.1	eggnog	ABC transporter transmembrane region
Pcub-MSU1_002_000041.1	eggnog	cwf18 pre-mRNA splicing factor
Pcub-MSU1_002_000042.1	eggnog	tRNA re-export from nucleus
Pcub-MSU1_002_000043.1	eggnog	ABC transporter transmembrane region
Pcub-MSU1_002_000044.1	eggnog	cGMP-dependent protein kinase activity
Pcub-MSU1_002_000718.1	eggnog	ubiquitinyl hydrolase activity
Pcub-MSU1_002_000717.1	eggnog	ubiquitinyl hydrolase activity
Pcub-MSU1_002_000045.1	eggnog	Pentacotripeptide-repeat region of PRORP
Pcub-MSU1_002_000716.1	eggnog	spectrin binding
Pcub-MSU1_002_000715.1	eggnog	spectrin binding
Pcub-MSU1_002_000046.1	eggnog	ADP-ribosylation factor family
Pcub-MSU1_002_000047.1	blastp	Homology to Phytophthora cactorum predicted protein KAF1795126.1
Pcub-MSU1_002_000714.1	interproscan	PTHR13510 domain-containing protein
Pcub-MSU1_002_000048.1	blastp	Homology to Phytophthora pseudosyringae predicted protein KAG7384911.1
Pcub-MSU1_002_000049.1	unannotated	Hypothetical protein of unknown function
Pcub-MSU1_002_000713.1	eggnog	transposition, RNA-mediated
Pcub-MSU1_002_000712.1	eggnog	EamA-like transporter family
Pcub-MSU1_002_000711.1	eggnog	EamA-like transporter family
Pcub-MSU1_002_000710.1	eggnog	EamA-like transporter family
Pcub-MSU1_002_000709.1	blastp	Homology to Phytophthora pseudosyringae predicted protein KAG7384911.1
Pcub-MSU1_002_000050.1	interproscan	PTHR13510 domain-containing protein
Pcub-MSU1_002_000051.1	eggnog	spectrin binding
Pcub-MSU1_002_000708.1	eggnog	Ciliary basal body-associated, B9 protein
Pcub-MSU1_002_000707.1	eggnog	Signal peptide peptidase
Pcub-MSU1_002_000052.1	interproscan	PTHR34894 domain-containing protein
Pcub-MSU1_002_000706.1	interproscan	G3DSA:1.25.40.10 domain-containing protein
Pcub-MSU1_002_000705.1	eggnog	Ceramidase
Pcub-MSU1_002_000053.1	eggnog	Mitochondrial carrier protein
Pcub-MSU1_002_000054.1	eggnog	domain-containing protein
Pcub-MSU1_002_000704.1	blastp	Homology to Phytophthora pseudosyringae predicted protein KAG7384895.1
Pcub-MSU1_002_000703.1	blastp	Homology to Phytophthora capsici predicted protein KAG1708757.1
Pcub-MSU1_002_000055.1	blastp	Homology to Peronospora belbahrii predicted protein CAH0518898.1
Pcub-MSU1_002_000702.1	eggnog	domain-containing protein
Pcub-MSU1_002_000056.1	eggnog	FtsH Extracellular
Pcub-MSU1_002_000701.1	blastp	Homology to Phytophthora ramorum predicted protein KAH7469133.1
Pcub-MSU1_002_000057.1	eggnog	domain-containing protein
Pcub-MSU1_002_000058.1	blastp	Homology to Phytophthora pseudosyringae predicted protein KAG7384886.1
Pcub-MSU1_002_000700.1	eggnog	domain-containing protein
Pcub-MSU1_002_000699.1	blastp	Homology to Peronospora belbahrii predicted protein CAH0475034.1
Pcub-MSU1_002_000059.1	eggnog	MYND finger
Pcub-MSU1_002_000698.1	eggnog	domain-containing protein
Pcub-MSU1_002_000060.1	eggnog	domain-containing protein
Pcub-MSU1_002_000697.1	interproscan	PTHR12295 domain-containing protein
Pcub-MSU1_002_000061.1	eggnog	Ribonucleases P/MRP protein subunit POP1
Pcub-MSU1_002_000696.1	eggnog	Sir2 family
Pcub-MSU1_002_000062.1	interproscan	PTHR21694 domain-containing protein
Pcub-MSU1_002_000695.1	eggnog	N2,N2-dimethylguanosine tRNA methyltransferase
Pcub-MSU1_002_000063.1	eggnog	Domain in DAP-5, eIF4G, MA-3 and other proteins
Pcub-MSU1_002_000694.1	eggnog	domain-containing protein
Pcub-MSU1_002_000693.1	eggnog	AAA domain (Cdc48 subfamily)
Pcub-MSU1_002_000064.1	eggnog	Prefoldin subunit
Pcub-MSU1_002_000692.1	eggnog	DNA primase small subunit
Pcub-MSU1_002_000065.1	eggnog	Ribosomal protein S8e
Pcub-MSU1_002_000691.1	eggnog	chitin synthase activity
Pcub-MSU1_002_000690.1	eggnog	chitin synthase activity
Pcub-MSU1_002_000689.1	eggnog	chitin synthase activity
Pcub-MSU1_002_000066.1	eggnog	chitin synthase activity
Pcub-MSU1_002_000688.1	eggnog	Ribosomal protein S8e
Pcub-MSU1_002_000067.1	eggnog	MatE
Pcub-MSU1_002_000068.1	eggnog	MatE
Pcub-MSU1_002_000069.1	eggnog	chitin synthase activity
Pcub-MSU1_002_000070.1	eggnog	chitin synthase activity
Pcub-MSU1_002_000687.1	eggnog	Ribosomal protein S8e
Pcub-MSU1_002_000071.1	eggnog	Ribosomal protein S8e
Pcub-MSU1_002_000686.1	eggnog	chitin synthase activity
Pcub-MSU1_002_000685.1	eggnog	chitin synthase activity
Pcub-MSU1_002_000684.1	eggnog	chitin synthase activity
Pcub-MSU1_002_000072.1	eggnog	chitin synthase activity
Pcub-MSU1_002_000683.1	eggnog	Ribosomal protein S8e
Pcub-MSU1_002_000073.1	eggnog	Ribosomal protein S8e
Pcub-MSU1_002_000682.1	eggnog	chitin synthase activity
Pcub-MSU1_002_000074.1	blastp	Homology to Peronospora farinosa predicted protein CAI5720039.1
Pcub-MSU1_002_000681.1	blastp	Homology to Phytophthora nicotianae predicted protein ETI47181.1
Pcub-MSU1_002_000680.1	eggnog	chitin synthase activity
Pcub-MSU1_002_000075.1	eggnog	domain-containing protein
Pcub-MSU1_002_000076.1	eggnog	DNA polymerase subunit Cdc27
Pcub-MSU1_002_000679.1	eggnog	TIP49 C-terminus
Pcub-MSU1_002_000678.1	eggnog	Proton-conducting pore forming subunit of the membrane integral V0 complex of vacuolar ATPase
Pcub-MSU1_002_000077.1	interproscan	PTHR16214 domain-containing protein
Pcub-MSU1_002_000078.1	unannotated	Hypothetical protein of unknown function
Pcub-MSU1_002_000079.1	interproscan	PTHR16214 domain-containing protein
Pcub-MSU1_002_000080.1	eggnog	Proton-conducting pore forming subunit of the membrane integral V0 complex of vacuolar ATPase
Pcub-MSU1_002_000677.1	eggnog	Proton-conducting pore forming subunit of the membrane integral V0 complex of vacuolar ATPase
Pcub-MSU1_002_000081.1	eggnog	Surfeit locus protein 5 subunit 22 of Mediator complex
Pcub-MSU1_002_000676.1	eggnog	SNF5 / SMARCB1 / INI1
Pcub-MSU1_002_000082.1	eggnog	Component of IIS longevity pathway SMK-1
Pcub-MSU1_002_000675.1	blastp	Homology to Peronospora effusa predicted protein UIZ27250.1
Pcub-MSU1_002_000083.1	eggnog	TatD related DNase
Pcub-MSU1_002_000674.1	eggnog	domain-containing protein
Pcub-MSU1_002_000673.1	eggnog	translation elongation factor activity (CARS)
Pcub-MSU1_002_000672.1	eggnog	Pre-mRNA-splicing factor of RES complex
Pcub-MSU1_002_000671.1	eggnog	Nucleoside transporter
Pcub-MSU1_002_000084.1	eggnog	tRNA (Guanine-1)-methyltransferase
Pcub-MSU1_002_000670.1	unannotated	Hypothetical protein of unknown function
Pcub-MSU1_002_000669.1	unannotated	Hypothetical protein of unknown function
Pcub-MSU1_002_000668.1	unannotated	Hypothetical protein of unknown function
Pcub-MSU1_002_000667.1	eggnog	Hypothetical methyltransferase
Pcub-MSU1_002_000666.1	eggnog	WD domain, G-beta repeat
Pcub-MSU1_002_000085.1	interproscan	Uncharacterized protein (G3DSA:1.25.40.20:FF:000745)
Pcub-MSU1_002_000086.1	blastp	Homology to Phytophthora cactorum predicted protein KAF1792502.1
Pcub-MSU1_002_000665.1	eggnog	Domain present in PSD-95, Dlg, and ZO-1/2
Pcub-MSU1_002_000087.1	blastp	Homology to Phytophthora lilii predicted protein GMF19628.1
Pcub-MSU1_002_000088.1	eggnog	ubiquitin-dependent protein catabolic process via the N-end rule pathway
Pcub-MSU1_002_000089.1	eggnog	Succinyl-CoA synthetase functions in the citric acid cycle (TCA), coupling the hydrolysis of succinyl-CoA to the synthesis of ATP and thus represents the only step of substrate- level phosphorylation in the TCA
Pcub-MSU1_002_000664.1	eggnog	Domain Homologous to E6-AP Carboxyl Terminus with
Pcub-MSU1_002_000090.1	eggnog	domain-containing protein
Pcub-MSU1_002_000663.1	eggnog	Growth-arrest specific micro-tubule binding
Pcub-MSU1_002_000662.1	eggnog	Domain Homologous to E6-AP Carboxyl Terminus with
Pcub-MSU1_002_000091.1	interproscan	PTHR33946 domain-containing protein
Pcub-MSU1_002_000092.1	eggnog	Clathrin is the major protein of the polyhedral coat of coated pits and vesicles
Pcub-MSU1_002_000093.1	interproscan	PTHR33946 domain-containing protein
Pcub-MSU1_002_000094.1	eggnog	Clathrin is the major protein of the polyhedral coat of coated pits and vesicles
Pcub-MSU1_002_000095.1	interproscan	PTHR33946 domain-containing protein
Pcub-MSU1_002_000096.1	eggnog	hydrolase activity, acting on carbon-nitrogen (but not peptide) bonds, in linear amides
Pcub-MSU1_002_000097.1	interproscan	PTHR33946 domain-containing protein
Pcub-MSU1_002_000098.1	eggnog	hydrolase activity, acting on carbon-nitrogen (but not peptide) bonds, in linear amides
Pcub-MSU1_002_000099.1	eggnog	Clathrin is the major protein of the polyhedral coat of coated pits and vesicles
Pcub-MSU1_002_000100.1	blastp	Homology to Peronospora effusa predicted protein CAI5710154.1
Pcub-MSU1_002_000661.1	eggnog	PET assembly of cytochrome c oxidase, mitochondrial
Pcub-MSU1_002_000101.1	blastp	Homology to predicted protein KAH7496889.1
Pcub-MSU1_002_000102.1	eggnog	GPI anchor biosynthetic process
Pcub-MSU1_002_000660.1	eggnog	Protein of unknown function (DUF3677)
Pcub-MSU1_002_000659.1	eggnog	domain-containing protein
Pcub-MSU1_002_000658.1	eggnog	Protein of unknown function (DUF1279)
Pcub-MSU1_002_000103.1	interproscan	PTHR33946 domain-containing protein
Pcub-MSU1_002_000104.1	eggnog	WD40 repeats
Pcub-MSU1_002_000657.1	eggnog	domain-containing protein
Pcub-MSU1_002_000656.1	eggnog	Dynein light intermediate chain (DLIC)
Pcub-MSU1_002_000655.1	eggnog	Anaphase-promoting complex, cyclosome, subunit 3
Pcub-MSU1_002_000105.1	blastp	Homology to Peronospora farinosa predicted protein CAH0493451.1
Pcub-MSU1_002_000106.1	eggnog	Lipase (class 3)
Pcub-MSU1_002_000107.1	eggnog	domain-containing protein
Pcub-MSU1_002_000654.1	unannotated	Hypothetical protein of unknown function
Pcub-MSU1_002_000653.1	blastp	Homology to predicted protein KAH7496921.1
Pcub-MSU1_002_000652.1	eggnog	spectrin binding
Pcub-MSU1_002_000108.1	eggnog	Domain of unknown function (DUF4200)
Pcub-MSU1_002_000651.1	eggnog	Helix-hairpin-helix class 2 (Pol1 family) motifs
Pcub-MSU1_002_000650.1	eggnog	domain-containing protein
Pcub-MSU1_002_000649.1	eggnog	Enoyl-(Acyl carrier protein) reductase
Pcub-MSU1_002_000648.1	eggnog	function. Source PGD
Pcub-MSU1_002_000647.1	eggnog	function. Source PGD
Pcub-MSU1_002_000646.1	eggnog	function. Source PGD
Pcub-MSU1_002_000645.1	eggnog	function. Source PGD
Pcub-MSU1_002_000644.1	eggnog	function. Source PGD
Pcub-MSU1_002_000643.1	eggnog	function. Source PGD
Pcub-MSU1_002_000642.1	eggnog	function. Source PGD
Pcub-MSU1_002_000641.1	eggnog	function. Source PGD
Pcub-MSU1_002_000640.1	eggnog	function. Source PGD
Pcub-MSU1_002_000639.1	eggnog	function. Source PGD
Pcub-MSU1_002_000638.1	eggnog	function. Source PGD
Pcub-MSU1_002_000637.1	eggnog	function. Source PGD
Pcub-MSU1_002_000636.1	eggnog	function. Source PGD
Pcub-MSU1_002_000635.1	eggnog	function. Source PGD
Pcub-MSU1_002_000634.1	eggnog	function. Source PGD
Pcub-MSU1_002_000633.1	eggnog	function. Source PGD
Pcub-MSU1_002_000632.1	eggnog	function. Source PGD
Pcub-MSU1_002_000631.1	eggnog	function. Source PGD
Pcub-MSU1_002_000630.1	eggnog	function. Source PGD
Pcub-MSU1_002_000629.1	eggnog	function. Source PGD
Pcub-MSU1_002_000628.1	eggnog	function. Source PGD
Pcub-MSU1_002_000627.1	eggnog	function. Source PGD
Pcub-MSU1_002_000626.1	eggnog	function. Source PGD
Pcub-MSU1_002_000625.1	eggnog	function. Source PGD
Pcub-MSU1_002_000624.1	eggnog	function. Source PGD
Pcub-MSU1_002_000623.1	eggnog	function. Source PGD
Pcub-MSU1_002_000622.1	eggnog	function. Source PGD
Pcub-MSU1_002_000621.1	eggnog	function. Source PGD
Pcub-MSU1_002_000620.1	eggnog	function. Source PGD
Pcub-MSU1_002_000619.1	eggnog	function. Source PGD
Pcub-MSU1_002_000618.1	eggnog	function. Source PGD
Pcub-MSU1_002_000617.1	eggnog	function. Source PGD
Pcub-MSU1_002_000616.1	eggnog	function. Source PGD
Pcub-MSU1_002_000615.1	eggnog	function. Source PGD
Pcub-MSU1_002_000614.1	eggnog	function. Source PGD
Pcub-MSU1_002_000109.1	interproscan	Glycoside hydrolase family 5 C-terminal domain (PF18564)
Pcub-MSU1_002_000613.1	blastp	Homology to Phytophthora pseudosyringae predicted protein KAG7375345.1
Pcub-MSU1_002_000110.1	interproscan	PTHR12281 domain-containing protein
Pcub-MSU1_002_000612.1	interproscan	PTHR35213 domain-containing protein
Pcub-MSU1_002_000111.1	eggnog	domain-containing protein
Pcub-MSU1_002_000611.1	eggnog	Putative DNA-binding (bihelical) motif predicted to be involved in chromosomal organisation
Pcub-MSU1_002_000610.1	eggnog	Belongs to the cation transport ATPase (P-type) (TC 3.A.3) family
Pcub-MSU1_002_000112.1	eggnog	Protein of unknown function (DUF788)
Pcub-MSU1_002_000609.1	eggnog	domain-containing protein
Pcub-MSU1_002_000113.1	eggnog	domain-containing protein
Pcub-MSU1_002_000608.1	blastp	Homology to Phytophthora cactorum predicted protein KAF1784616.1
Pcub-MSU1_002_000607.1	eggnog	Cellulase (glycosyl hydrolase family 5)
Pcub-MSU1_002_000114.1	eggnog	Extension to Ser/Thr-type protein kinases
Pcub-MSU1_002_000606.1	interproscan	PTHR46734 domain-containing protein
Pcub-MSU1_002_000605.1	eggnog	Vesicle coat trafficking protein Sec16 mid-region
Pcub-MSU1_002_000115.1	eggnog	Ras of Complex, Roc, domain of DAPkinase
Pcub-MSU1_002_000116.1	eggnog	Bacterial transferase hexapeptide (six repeats)
Pcub-MSU1_002_000604.1	eggnog	U1 zinc finger
Pcub-MSU1_002_000117.1	eggnog	Ribosomal protein L14p/L23e
Pcub-MSU1_002_000603.1	eggnog	Ankyrin repeat
Pcub-MSU1_002_000602.1	eggnog	Leucine-rich repeats, outliers
Pcub-MSU1_002_000601.1	eggnog	Leucine-rich repeats, outliers
Pcub-MSU1_002_000600.1	eggnog	Protein present in Fab1, YOTB, Vac1, and EEA1
Pcub-MSU1_002_000599.1	eggnog	HEAT-like repeat
Pcub-MSU1_002_000118.1	eggnog	fibronectin type III
Pcub-MSU1_002_000119.1	eggnog	fibronectin type III
Pcub-MSU1_002_000120.1	eggnog	fibronectin type III
Pcub-MSU1_002_000121.1	eggnog	fibronectin type III
Pcub-MSU1_002_000122.1	eggnog	fibronectin type III
Pcub-MSU1_002_000123.1	eggnog	fibronectin type III
Pcub-MSU1_002_000124.1	eggnog	fibronectin type III
Pcub-MSU1_002_000125.1	eggnog	fibronectin type III
Pcub-MSU1_002_000126.1	eggnog	fibronectin type III
Pcub-MSU1_002_000127.1	eggnog	fibronectin type III
Pcub-MSU1_002_000128.1	eggnog	fibronectin type III
Pcub-MSU1_002_000598.1	unannotated	Hypothetical protein of unknown function
Pcub-MSU1_002_000597.1	eggnog	fibronectin type III
Pcub-MSU1_002_000129.1	unannotated	Hypothetical protein of unknown function
Pcub-MSU1_002_000130.1	eggnog	Dihydroorotate dehydrogenase
Pcub-MSU1_002_000131.1	eggnog	Mitochondrial carrier protein
Pcub-MSU1_002_000132.1	eggnog	Mitochondrial carrier protein
Pcub-MSU1_002_000596.1	eggnog	Ubiquitin carboxyl-terminal hydrolase
Pcub-MSU1_002_000595.1	eggnog	Ubiquitin carboxyl-terminal hydrolase
Pcub-MSU1_002_000133.1	eggnog	Required for the assembly and or stability of the 40S ribosomal subunit
Pcub-MSU1_002_000134.1	eggnog	domain-containing protein
Pcub-MSU1_002_000135.1	eggnog	Cofilin/tropomyosin-type actin-binding protein
Pcub-MSU1_002_000594.1	eggnog	SRP19 protein
Pcub-MSU1_002_000136.1	eggnog	fibronectin type III
Pcub-MSU1_002_000137.1	eggnog	fibronectin type III
Pcub-MSU1_002_000138.1	eggnog	fibronectin type III
Pcub-MSU1_002_000139.1	eggnog	fibronectin type III
Pcub-MSU1_002_000140.1	eggnog	fibronectin type III
Pcub-MSU1_002_000141.1	eggnog	domain-containing protein
Pcub-MSU1_002_000142.1	eggnog	fibronectin type III
Pcub-MSU1_002_000593.1	eggnog	Endonuclease/Exonuclease/phosphatase family
Pcub-MSU1_002_000592.1	eggnog	Ankyrin repeats (many copies)
Pcub-MSU1_002_000143.1	eggnog	Bucentaur or craniofacial development
Pcub-MSU1_002_000591.1	eggnog	domain-containing protein
Pcub-MSU1_002_000144.1	eggnog	Protein of unknown function (DUF455)
Pcub-MSU1_002_000145.1	blastp	Homology to Peronospora effusa predicted protein RQM13511.1
Pcub-MSU1_002_000590.1	eggnog	MORN repeat-containing protein
Pcub-MSU1_002_000589.1	eggnog	Glycosyltransferase family 20
Pcub-MSU1_002_000146.1	eggnog	Leucine Rich repeat
Pcub-MSU1_002_000588.1	eggnog	Protein tyrosine kinase
Pcub-MSU1_002_000147.1	eggnog	Glycosyltransferase family 20
Pcub-MSU1_002_000587.1	eggnog	intraciliary transport
Pcub-MSU1_002_000148.1	eggnog	RNA recognition motif
Pcub-MSU1_002_000586.1	eggnog	F-box LRR-repeat protein
Pcub-MSU1_002_000585.1	eggnog	Phosphoglucose isomerase
Pcub-MSU1_002_000149.1	eggnog	Lipase (class 3)
Pcub-MSU1_002_000584.1	eggnog	SWIM zinc finger
Pcub-MSU1_002_000150.1	eggnog	May be involved in the degradation of misfolded endoplasmic reticulum (ER) luminal proteins
Pcub-MSU1_002_000583.1	blastp	Homology to Peronospora farinosa predicted protein CAH0487238.1
Pcub-MSU1_002_000151.1	eggnog	P-loop containing dynein motor region D4
Pcub-MSU1_002_000582.1	eggnog	Glycosyl hydrolase family 47
Pcub-MSU1_002_000581.1	eggnog	SNAP receptor activity
Pcub-MSU1_002_000152.1	eggnog	P-loop containing dynein motor region D4
Pcub-MSU1_002_000580.1	unannotated	Hypothetical protein of unknown function
Pcub-MSU1_002_000579.1	eggnog	homogentisate 1,2-dioxygenase
Pcub-MSU1_002_000578.1	eggnog	PHD-finger
Pcub-MSU1_002_000153.1	eggnog	domain-containing protein
Pcub-MSU1_002_000577.1	eggnog	domain-containing protein
Pcub-MSU1_002_000154.1	eggnog	Functions as actin-binding component of the Arp2 3 complex which is involved in regulation of actin polymerization and together with an activating nucleation-promoting factor (NPF) mediates the formation of branched actin networks
Pcub-MSU1_002_000155.1	eggnog	Functions as actin-binding component of the Arp2 3 complex which is involved in regulation of actin polymerization and together with an activating nucleation-promoting factor (NPF) mediates the formation of branched actin networks
Pcub-MSU1_002_000576.1	blastp	Homology to Phytophthora cactorum;Phytophthora aleatoria predicted protein KAF1784197.1
Pcub-MSU1_002_000156.1	eggnog	domain-containing protein
Pcub-MSU1_002_000575.1	eggnog	Dehydratase family
Pcub-MSU1_002_000157.1	blastp	Homology to Phytophthora pseudosyringae predicted protein KAG7386730.1
Pcub-MSU1_002_000574.1	eggnog	Cyclophilin type peptidyl-prolyl cis-trans isomerase/CLD
Pcub-MSU1_002_000158.1	eggnog	Ribosomal protein L13
Pcub-MSU1_002_000573.1	eggnog	Protein tyrosine kinase
Pcub-MSU1_002_000159.1	eggnog	Domain in Tre-2, BUB2p, and Cdc16p
Pcub-MSU1_002_000160.1	eggnog	Domain of unknown function (DUF4460)
Pcub-MSU1_002_000161.1	eggnog	Protein tyrosine kinase
Pcub-MSU1_002_000572.1	eggnog	Domain of unknown function (DUF4460)
Pcub-MSU1_002_000162.1	eggnog	SNARE associated Golgi protein
Pcub-MSU1_002_000571.1	eggnog	Domain in Tre-2, BUB2p, and Cdc16p
Pcub-MSU1_002_000163.1	blastp	Homology to Phytophthora citrophthora predicted protein KAK1941856.1
Pcub-MSU1_002_000570.1	eggnog	Male germ-cell putative homeodomain transcription factor
Pcub-MSU1_002_000569.1	eggnog	LicD family
Pcub-MSU1_002_000164.1	eggnog	hippo signaling
Pcub-MSU1_002_000165.1	eggnog	domain-containing protein
Pcub-MSU1_002_000568.1	eggnog	Catalyzes the formation of N(7)-methylguanine at position 46 (m7G46) in tRNA
Pcub-MSU1_002_000567.1	interproscan	PTHR39741 domain-containing protein
Pcub-MSU1_002_000166.1	eggnog	domain-containing protein
Pcub-MSU1_002_000167.1	interproscan	PTHR43021 domain-containing protein
Pcub-MSU1_002_000168.1	interproscan	PTHR43021 domain-containing protein
Pcub-MSU1_002_000566.1	interproscan	PTHR43021 domain-containing protein
Pcub-MSU1_002_000169.1	eggnog	Sodium/hydrogen exchanger family
Pcub-MSU1_002_000565.1	eggnog	Sodium/hydrogen exchanger family
Pcub-MSU1_002_000564.1	interproscan	PTHR43021 domain-containing protein
Pcub-MSU1_002_000170.1	eggnog	CrcB-like protein, Camphor Resistance (CrcB)
Pcub-MSU1_002_000563.1	blastp	Homology to Peronospora effusa predicted protein CAI5727557.1
Pcub-MSU1_002_000171.1	eggnog	Torsin
Pcub-MSU1_002_000172.1	eggnog	AAA domain (dynein-related subfamily)
Pcub-MSU1_002_000173.1	eggnog	Ion channel
Pcub-MSU1_002_000562.1	eggnog	Ion channel
Pcub-MSU1_002_000561.1	eggnog	Ankyrin repeat
Pcub-MSU1_002_000560.1	eggnog	domain-containing protein
Pcub-MSU1_002_000174.1	interproscan	PTHR33889 domain-containing protein
Pcub-MSU1_002_000175.1	blastp	Homology to predicted protein KAH7496934.1
Pcub-MSU1_002_000559.1	unannotated	Hypothetical protein of unknown function
Pcub-MSU1_002_000176.1	eggnog	Thioredoxin
Pcub-MSU1_002_000558.1	interproscan	G3DSA:2.60.120.680 domain-containing protein
Pcub-MSU1_002_000177.1	eggnog	domain-containing protein
Pcub-MSU1_002_000178.1	eggnog	ThiF family
Pcub-MSU1_002_000557.1	eggnog	Tetratricopeptide repeat
Pcub-MSU1_002_000556.1	blastp	Homology to Peronospora effusa predicted protein RMX64989.1
Pcub-MSU1_002_000555.1	eggnog	Ribosome biogenesis protein Nop16
Pcub-MSU1_002_000554.1	eggnog	Pex2 / Pex12 amino terminal region
Pcub-MSU1_002_000179.1	eggnog	Belongs to the thiolase family
Pcub-MSU1_002_000553.1	interproscan	PTHR13663 domain-containing protein
Pcub-MSU1_002_000552.1	unannotated	Hypothetical protein of unknown function
Pcub-MSU1_002_000551.1	eggnog	RNA recognition motif
Pcub-MSU1_002_000180.1	eggnog	FAD dependent oxidoreductase
Pcub-MSU1_002_000181.1	eggnog	Presenilin
Pcub-MSU1_002_000182.1	blastp	Homology to Phytophthora pseudosyringae predicted protein KAG7382481.1
Pcub-MSU1_002_000550.1	eggnog	Protein phosphatase 2C
Pcub-MSU1_002_000183.1	interproscan	PTHR37067 domain-containing protein
Pcub-MSU1_002_000549.1	eggnog	protein disulfide oxidoreductase activity
Pcub-MSU1_002_000548.1	eggnog	Glutaredoxin
Pcub-MSU1_002_000184.1	eggnog	SAC3/GANP family
Pcub-MSU1_002_000547.1	eggnog	Chorismate synthase
Pcub-MSU1_002_000185.1	eggnog	DAHP synthetase I family
Pcub-MSU1_002_000546.1	eggnog	domain-containing protein
Pcub-MSU1_002_000186.1	eggnog	Converts proline to delta-1-pyrroline-5-carboxylate
Pcub-MSU1_002_000187.1	eggnog	Predicted ATPase of the ABC class
Pcub-MSU1_002_000188.1	eggnog	plant mutator transposase zinc finger
Pcub-MSU1_002_000545.1	eggnog	TH1 protein
Pcub-MSU1_002_000189.1	eggnog	Activator of Hsp90 ATPase, N-terminal
Pcub-MSU1_002_000544.1	blastp	Homology to Phytophthora nicotianae predicted protein ETM55833.1
Pcub-MSU1_002_000543.1	eggnog	Catalyzes the transfer of a two-carbon ketol group from a ketose donor to an aldose acceptor, via a covalent intermediate with the cofactor thiamine pyrophosphate
Pcub-MSU1_002_000190.1	eggnog	Kinase binding protein CGI-121
Pcub-MSU1_002_000542.1	eggnog	Potential Monad-binding region of RPAP3
Pcub-MSU1_002_000191.1	interproscan	PTHR21664 domain-containing protein
Pcub-MSU1_002_000192.1	eggnog	membrane insertase activity
Pcub-MSU1_002_000541.1	eggnog	Autophagy protein Apg17
Pcub-MSU1_002_000193.1	eggnog	Domain Homologous to E6-AP Carboxyl Terminus with
Pcub-MSU1_002_000540.1	eggnog	Putative DNA-binding domain in centromere protein B, mouse jerky and transposases
Pcub-MSU1_002_000539.1	eggnog	MYND finger
Pcub-MSU1_002_000194.1	eggnog	cornified envelope assembly
Pcub-MSU1_002_000195.1	interproscan	PTHR33324 domain-containing protein
Pcub-MSU1_002_000196.1	eggnog	Putative DNA-binding domain in centromere protein B, mouse jerky and transposases
Pcub-MSU1_002_000538.1	eggnog	cornified envelope assembly
Pcub-MSU1_002_000197.1	eggnog	Mono-functional DNA-alkylating methyl methanesulfonate N-term
Pcub-MSU1_002_000537.1	blastp	Homology to Phytophthora megakarya predicted protein OWZ02198.1
Pcub-MSU1_002_000198.1	blastp	Homology to Phytophthora pseudosyringae predicted protein KAG7393349.1
Pcub-MSU1_002_000536.1	interproscan	PTHR33324 domain-containing protein
Pcub-MSU1_002_000535.1	unannotated	Hypothetical protein of unknown function
Pcub-MSU1_002_000534.1	eggnog	Nucleoside transporter
Pcub-MSU1_002_000533.1	blastp	Homology to Phytophthora capsici predicted protein KAG1691400.1
Pcub-MSU1_002_000199.1	eggnog	EamA-like transporter family
Pcub-MSU1_002_000532.1	eggnog	XPA protein C-terminus
Pcub-MSU1_002_000200.1	blastp	Homology to Peronospora destructor predicted protein CAI5733184.1
Pcub-MSU1_002_000531.1	eggnog	domain-containing protein
Pcub-MSU1_002_000530.1	eggnog	domain-containing protein
Pcub-MSU1_002_000201.1	eggnog	FAD binding domain of DNA photolyase
Pcub-MSU1_002_000529.1	eggnog	Dynein heavy chain and region D6 of dynein motor
Pcub-MSU1_002_000202.1	blastp	Homology to Phytophthora pseudosyringae predicted protein KAG7393359.1
Pcub-MSU1_002_000203.1	eggnog	Docking domain of Afi1 for Arf3 in vesicle trafficking
Pcub-MSU1_002_000528.1	eggnog	pre-RNA processing PIH1/Nop17
Pcub-MSU1_002_000204.1	eggnog	chorismate binding enzyme
Pcub-MSU1_002_000205.1	blastp	Homology to Peronospora farinosa predicted protein CAH0488390.1
Pcub-MSU1_002_000527.1	blastp	Homology to Phytophthora pseudosyringae predicted protein KAG7393365.1
Pcub-MSU1_002_000526.1	unannotated	Hypothetical protein of unknown function
Pcub-MSU1_002_000206.1	eggnog	Putative GTP-ase activating proteins for the small GTPase, ARF
Pcub-MSU1_002_000207.1	eggnog	Degradation arginine-rich protein for mis-folding
Pcub-MSU1_002_000525.1	eggnog	Myo-inositol-1-phosphate synthase
Pcub-MSU1_002_000208.1	eggnog	ATP synthase subunit H
Pcub-MSU1_002_000524.1	eggnog	domain-containing protein
Pcub-MSU1_002_000209.1	eggnog	palmitoyl-(protein) hydrolase activity
Pcub-MSU1_002_000210.1	eggnog	palmitoyl-(protein) hydrolase activity
Pcub-MSU1_002_000211.1	eggnog	palmitoyl-(protein) hydrolase activity
Pcub-MSU1_002_000212.1	eggnog	C2 domain of PTEN tumour-suppressor protein
Pcub-MSU1_002_000213.1	eggnog	Protein of unknown function (DUF667)
Pcub-MSU1_002_000523.1	eggnog	PPIases accelerate the folding of proteins
Pcub-MSU1_002_000522.1	unannotated	Hypothetical protein of unknown function
Pcub-MSU1_002_000521.1	unannotated	Hypothetical protein of unknown function
Pcub-MSU1_002_000520.1	unannotated	Hypothetical protein of unknown function
Pcub-MSU1_002_000214.1	eggnog	Possible plasma membrane-binding motif in junctophilins, PIP-5-kinases and protein kinases
Pcub-MSU1_002_000519.1	eggnog	Vacuolar sorting-associated protein 13, N-terminal
Pcub-MSU1_002_000518.1	eggnog	domain-containing protein
Pcub-MSU1_002_000215.1	eggnog	Mpv17 / PMP22 family
Pcub-MSU1_002_000517.1	eggnog	domain-containing protein
Pcub-MSU1_002_000216.1	blastp	Homology to Peronospora belbahrii predicted protein CAH0483095.1
Pcub-MSU1_002_000516.1	eggnog	Zinc finger C-x8-C-x5-C-x3-H type (and similar)
Pcub-MSU1_002_000217.1	unannotated	Hypothetical protein of unknown function
Pcub-MSU1_002_000218.1	eggnog	Transmembrane protein 43
Pcub-MSU1_002_000219.1	eggnog	domain-containing protein
Pcub-MSU1_002_000515.1	eggnog	regulation of protein complex stability
Pcub-MSU1_002_000514.1	eggnog	regulation of protein complex stability
Pcub-MSU1_002_000220.1	eggnog	Hydroxyacylglutathione hydrolase C-terminus
Pcub-MSU1_002_000513.1	eggnog	domain-containing protein
Pcub-MSU1_002_000221.1	blastp	Homology to Phytophthora nicotianae predicted protein ETP53781.1
Pcub-MSU1_002_000222.1	eggnog	Myosin-like coiled-coil protein
Pcub-MSU1_002_000223.1	eggnog	domain-containing protein
Pcub-MSU1_002_000512.1	eggnog	Hydroxyacylglutathione hydrolase C-terminus
Pcub-MSU1_002_000511.1	interproscan	PTHR36493 domain-containing protein
Pcub-MSU1_002_000510.1	interproscan	Proline rich extensin signature (PR01217)
Pcub-MSU1_002_000509.1	eggnog	Fatty acid desaturase
Pcub-MSU1_002_000508.1	eggnog	GWT1
Pcub-MSU1_002_000224.1	eggnog	domain-containing protein
Pcub-MSU1_002_000225.1	eggnog	domain-containing protein
Pcub-MSU1_002_000507.1	eggnog	BTB And C-terminal Kelch
Pcub-MSU1_002_000226.1	eggnog	Clathrin adaptor complex small chain
Pcub-MSU1_002_000506.1	blastp	Homology to Phytophthora nicotianae predicted protein XP_008890595.1
Pcub-MSU1_002_000505.1	interproscan	G3DSA:3.30.40.10 domain-containing protein
Pcub-MSU1_002_000504.1	interproscan	SSF48371 domain-containing protein
Pcub-MSU1_002_000503.1	eggnog	Rhomboid family
Pcub-MSU1_002_000502.1	eggnog	Mechanosensitive ion channel
Pcub-MSU1_002_000501.1	eggnog	Mechanosensitive ion channel
Pcub-MSU1_002_000227.1	eggnog	Mechanosensitive ion channel
Pcub-MSU1_002_000228.1	eggnog	Mechanosensitive ion channel
Pcub-MSU1_002_000500.1	eggnog	activation of GTPase activity
Pcub-MSU1_002_000499.1	eggnog	domain-containing protein
Pcub-MSU1_002_000229.1	eggnog	Zinc-binding dehydrogenase
Pcub-MSU1_002_000498.1	eggnog	domain-containing protein
Pcub-MSU1_002_000230.1	eggnog	zf-MYND-like zinc finger, mRNA-binding
Pcub-MSU1_002_000231.1	eggnog	WAHD domain of WASH complex
Pcub-MSU1_002_000497.1	eggnog	IQ calmodulin-binding motif
Pcub-MSU1_002_000496.1	interproscan	Tudor_AtPTM-like (cd20401)
Pcub-MSU1_002_000495.1	eggnog	domain-containing protein
Pcub-MSU1_002_000494.1	eggnog	palmitoyl-(protein) hydrolase activity
Pcub-MSU1_002_000232.1	eggnog	Uncharacterised conserved protein
Pcub-MSU1_002_000493.1	eggnog	leucine rich repeat protein. Source PGD
Pcub-MSU1_002_000492.1	eggnog	domain-containing protein
Pcub-MSU1_002_000233.1	interproscan	G3DSA:2.60.120.200 domain-containing protein
Pcub-MSU1_002_000491.1	eggnog	Domain of unknown function (DUF1899)
Pcub-MSU1_002_000490.1	eggnog	Serine aminopeptidase, S33
Pcub-MSU1_002_000234.1	unannotated	Hypothetical protein of unknown function
Pcub-MSU1_002_000235.1	unannotated	Hypothetical protein of unknown function
Pcub-MSU1_002_000236.1	unannotated	Hypothetical protein of unknown function
Pcub-MSU1_002_000237.1	eggnog	Translin-associated protein X
Pcub-MSU1_002_000489.1	blastp	Homology to Phytophthora rubi predicted protein KAE9335295.1
Pcub-MSU1_002_000238.1	eggnog	Beta-eliminating lyase
Pcub-MSU1_002_000488.1	eggnog	Domain of unknown function (DUF3453)
Pcub-MSU1_002_000239.1	eggnog	Actin
Pcub-MSU1_002_000487.1	eggnog	Organic Anion Transporter Polypeptide (OATP) family
Pcub-MSU1_002_000240.1	eggnog	Repair protein Rad1/Rec1/Rad17
Pcub-MSU1_002_000486.1	unannotated	Hypothetical protein of unknown function
Pcub-MSU1_002_000241.1	eggnog	Short calmodulin-binding motif containing conserved Ile and Gln residues
Pcub-MSU1_002_000485.1	eggnog	Myosin. Large ATPases
Pcub-MSU1_002_000242.1	eggnog	Golgi transport complex subunit 5
Pcub-MSU1_002_000484.1	eggnog	domain-containing protein
Pcub-MSU1_002_000483.1	eggnog	Domain of unknown function (DUF3458_C) ARM repeats
Pcub-MSU1_002_000243.1	eggnog	Microsomal signal peptidase 25 kDa subunit (SPC25)
Pcub-MSU1_002_000482.1	eggnog	domain-containing protein
Pcub-MSU1_002_000244.1	eggnog	ATPase domain of DNA mismatch repair MUTS family
Pcub-MSU1_002_000481.1	blastp	Homology to Peronospora destructor predicted protein CAI5731869.1
Pcub-MSU1_002_000480.1	blastp	Homology to Phytophthora palmivora predicted protein POM72004.1
Pcub-MSU1_002_000245.1	eggnog	domain-containing protein
Pcub-MSU1_002_000479.1	eggnog	GMP-PDE, delta subunit
Pcub-MSU1_002_000246.1	blastp	Homology to predicted protein KAH7498041.1
Pcub-MSU1_002_000247.1	interproscan	G3DSA:1.10.472.170 domain-containing protein
Pcub-MSU1_002_000478.1	eggnog	DNL zinc finger
Pcub-MSU1_002_000248.1	eggnog	regulation of canonical Wnt signaling pathway involved in osteoblast differentiation
Pcub-MSU1_002_000249.1	blastp	Homology to Phytophthora cactorum predicted protein KAG6964639.1
Pcub-MSU1_002_000477.1	eggnog	Amino acid kinase family
Pcub-MSU1_002_000476.1	eggnog	Endoribonuclease XendoU
Pcub-MSU1_002_000250.1	eggnog	Endoribonuclease XendoU
Pcub-MSU1_002_000475.1	eggnog	Actin
Pcub-MSU1_002_000251.1	eggnog	Domain Homologous to E6-AP Carboxyl Terminus with
Pcub-MSU1_002_000252.1	eggnog	Domain Homologous to E6-AP Carboxyl Terminus with
Pcub-MSU1_002_000253.1	eggnog	HECT-domain (ubiquitin-transferase)
Pcub-MSU1_002_000254.1	unannotated	Hypothetical protein of unknown function
Pcub-MSU1_002_000474.1	blastp	Homology to Peronospora destructor predicted protein CAI5742177.1
Pcub-MSU1_002_000473.1	eggnog	domain-containing protein
Pcub-MSU1_002_000255.1	eggnog	Aldehyde dehydrogenase family
Pcub-MSU1_002_000472.1	eggnog	Domain with 2 conserved Trp (W) residues
Pcub-MSU1_002_000471.1	interproscan	Domain of unknown function (DUF4485) (PF14846)
Pcub-MSU1_002_000256.1	eggnog	microtubule motor activity
Pcub-MSU1_002_000257.1	eggnog	Belongs to the TRAFAC class myosin-kinesin ATPase superfamily
Pcub-MSU1_002_000258.1	eggnog	Belongs to the TRAFAC class myosin-kinesin ATPase superfamily
Pcub-MSU1_002_000470.1	eggnog	NADPH-adrenodoxin reductase activity
Pcub-MSU1_002_000259.1	eggnog	Myosin. Large ATPases
Pcub-MSU1_002_000469.1	blastp	Homology to Phytophthora lilii predicted protein GMF10587.1
Pcub-MSU1_002_000260.1	eggnog	Mediator complex protein
Pcub-MSU1_002_000468.1	eggnog	protein C1orf228 homolog
Pcub-MSU1_002_000261.1	eggnog	domain-containing protein
Pcub-MSU1_002_000262.1	eggnog	Anaphase-promoting complex subunit 11 RING-H2 finger
Pcub-MSU1_002_000467.1	eggnog	ZIP Zinc transporter
Pcub-MSU1_002_000263.1	eggnog	Ras family
Pcub-MSU1_002_000264.1	eggnog	Myosin-like coiled-coil protein
Pcub-MSU1_002_000265.1	eggnog	Axonemal dynein light chain
Pcub-MSU1_002_000466.1	eggnog	Solute carrier (proton/amino acid symporter), TRAMD3 or PAT1
Pcub-MSU1_002_000465.1	eggnog	Catalyzes the 6-electron oxidation of protoporphyrinogen-IX to form protoporphyrin-IX
Pcub-MSU1_002_000464.1	eggnog	Conserved gene of
Pcub-MSU1_002_000266.1	eggnog	MAP kinase kinase activity
Pcub-MSU1_002_000463.1	interproscan	PTHR21223 domain-containing protein
Pcub-MSU1_002_000267.1	eggnog	pre-mRNA splicing factor component
Pcub-MSU1_002_000462.1	blastp	Homology to Peronospora effusa predicted protein CAI5700866.1
Pcub-MSU1_002_000268.1	eggnog	WD40 repeats
Pcub-MSU1_002_000461.1	eggnog	Calcium-binding protein
Pcub-MSU1_002_000460.1	eggnog	domain-containing protein
Pcub-MSU1_002_000459.1	eggnog	Gtr1/RagA G protein conserved region
Pcub-MSU1_002_000269.1	interproscan	SSF48371 domain-containing protein
Pcub-MSU1_002_000458.1	eggnog	Protein of unknown function, DUF547 (nekl-2)
Pcub-MSU1_002_000457.1	eggnog	Protein of unknown function, DUF547 (nekl-2)
Pcub-MSU1_002_000456.1	eggnog	domain-containing protein
Pcub-MSU1_002_000455.1	interproscan	G3DSA:3.80.10.10 domain-containing protein
Pcub-MSU1_002_000270.1	eggnog	domain-containing protein
Pcub-MSU1_002_000454.1	eggnog	Domain of unknown function (DUF3342)
Pcub-MSU1_002_000453.1	eggnog	Domain of unknown function (DUF3342)
Pcub-MSU1_002_000271.1	eggnog	domain-containing protein
Pcub-MSU1_002_000272.1	eggnog	Threonine synthase N terminus
Pcub-MSU1_002_000452.1	eggnog	Rab subfamily of small GTPases
Pcub-MSU1_002_000273.1	eggnog	TATA-binding protein interacting (TIP20)
Pcub-MSU1_002_000451.1	interproscan	G3DSA:3.30.70.260 domain-containing protein
Pcub-MSU1_002_000274.1	eggnog	domain-containing protein
Pcub-MSU1_002_000450.1	eggnog	ABC transporter
Pcub-MSU1_002_000449.1	eggnog	Snf7
Pcub-MSU1_002_000448.1	blastp	Homology to Phytophthora cactorum predicted protein KAG6959953.1
Pcub-MSU1_002_000275.1	eggnog	ARF-like small GTPases; ARF, ADP-ribosylation factor
Pcub-MSU1_002_000276.1	blastp	Homology to Peronospora effusa predicted protein CAI5700881.1
Pcub-MSU1_002_000447.1	eggnog	Kinesin-associated protein (KAP)
Pcub-MSU1_002_000277.1	eggnog	domain-containing protein
Pcub-MSU1_002_000446.1	eggnog	domain-containing protein
Pcub-MSU1_002_000278.1	eggnog	mRNA-binding protein involved in proper cytoplasmic distribution of mitochondria
Pcub-MSU1_002_000445.1	eggnog	Converts O-phosphoseryl-tRNA(Sec) to selenocysteinyl- tRNA(Sec) required for selenoprotein biosynthesis
Pcub-MSU1_002_000444.1	eggnog	Nucleosome assembly protein (NAP)
Pcub-MSU1_002_000443.1	interproscan	PTHR21963 domain-containing protein
Pcub-MSU1_002_000442.1	eggnog	domain-containing protein
Pcub-MSU1_002_000279.1	eggnog	2 iron, 2 sulfur cluster binding
Pcub-MSU1_002_000441.1	interproscan	PTHR19860 domain-containing protein
Pcub-MSU1_002_000440.1	eggnog	domain-containing protein
Pcub-MSU1_002_000439.1	eggnog	cGMP-dependent protein kinase activity
Pcub-MSU1_002_000280.1	interproscan	PTHR38585 domain-containing protein
Pcub-MSU1_002_000281.1	eggnog	ubiquitin protein ligase activity
Pcub-MSU1_002_000282.1	eggnog	Hydroxymethylglutaryl-coenzyme A reductase
Pcub-MSU1_002_000438.1	eggnog	4'-phosphopantetheinyl transferase superfamily
Pcub-MSU1_002_000283.1	blastp	Homology to Phytophthora capsici predicted protein KAG1689408.1
Pcub-MSU1_002_000437.1	eggnog	16S rRNA methyltransferase RsmB/F
Pcub-MSU1_002_000284.1	eggnog	Required for replication-independent chromatin assembly and for the periodic repression of histone gene transcription during the cell cycle
Pcub-MSU1_002_000436.1	eggnog	domain-containing protein
Pcub-MSU1_002_000435.1	eggnog	Glycosyl hydrolases family 18
Pcub-MSU1_002_000285.1	eggnog	Domain of unknown function (DUF4470)
Pcub-MSU1_002_000434.1	eggnog	N-acetylglucosaminyl transferase component (Gpi1)
Pcub-MSU1_002_000433.1	unannotated	Hypothetical protein of unknown function
Pcub-MSU1_002_000286.1	eggnog	Serine threonine-protein phosphatase
Pcub-MSU1_002_000287.1	eggnog	Ribosomal protein S8
Pcub-MSU1_002_000288.1	eggnog	Calcium-activated SK potassium channel
Pcub-MSU1_002_000432.1	eggnog	metalloendopeptidase activity
Pcub-MSU1_002_000431.1	eggnog	metalloendopeptidase activity
Pcub-MSU1_002_000289.1	eggnog	GTPase that associates with pre-60S ribosomal subunits in the nucleolus and is required for their nuclear export and maturation
Pcub-MSU1_002_000290.1	eggnog	phosphatidylinositol-3,4-bisphosphate 4-phosphatase activity
Pcub-MSU1_002_000430.1	blastp	Homology to Phytophthora aleatoria predicted protein KAG6959255.1
Pcub-MSU1_002_000291.1	eggnog	SF-assemblin/beta giardin
Pcub-MSU1_002_000292.1	eggnog	Magnesium transporter NIPA
Pcub-MSU1_002_000429.1	eggnog	Tubulin folding cofactor D C terminal
Pcub-MSU1_002_000428.1	blastp	Homology to Phytophthora lilii predicted protein GMF34697.1
Pcub-MSU1_002_000293.1	eggnog	Protein of unknown function
Pcub-MSU1_002_000294.1	eggnog	Histone methylation protein DOT1
Pcub-MSU1_002_000427.1	eggnog	RIO-like kinase
Pcub-MSU1_002_000426.1	eggnog	Component of the anaphase promoting complex cyclosome (APC C), a cell cycle-regulated E3 ubiquitin-protein ligase complex that controls progression through mitosis and the G1 phase of the cell cycle
Pcub-MSU1_002_000295.1	eggnog	domain-containing protein
Pcub-MSU1_002_000425.1	eggnog	ABC transporter transmembrane region
Pcub-MSU1_002_000424.1	eggnog	domain-containing protein
Pcub-MSU1_002_000296.1	eggnog	domain-containing protein
Pcub-MSU1_002_000297.1	eggnog	PFU (PLAA family ubiquitin binding)
Pcub-MSU1_002_000423.1	blastp	Homology to Phytophthora nicotianae predicted protein ETL44391.1
Pcub-MSU1_002_000298.1	interproscan	PTHR31239 domain-containing protein
Pcub-MSU1_002_000299.1	eggnog	regulation of response to stimulus
Pcub-MSU1_002_000422.1	eggnog	Ricin-type beta-trefoil
Pcub-MSU1_002_000421.1	eggnog	Ricin-type beta-trefoil
Pcub-MSU1_002_000420.1	eggnog	Ricin-type beta-trefoil
Pcub-MSU1_002_000300.1	eggnog	Belongs to the class I-like SAM-binding methyltransferase superfamily
Pcub-MSU1_002_000419.1	eggnog	Peptidase family S41
Pcub-MSU1_002_000418.1	eggnog	alpha/beta hydrolase fold
Pcub-MSU1_002_000417.1	eggnog	alpha/beta hydrolase fold (cys2)
Pcub-MSU1_002_000301.1	eggnog	GNS1/SUR4 family
Pcub-MSU1_002_000416.1	eggnog	WD40 repeats
Pcub-MSU1_002_000302.1	eggnog	Aldehyde dehydrogenase family
Pcub-MSU1_002_000415.1	eggnog	GLE1-like protein
Pcub-MSU1_002_000414.1	eggnog	HEAT-like repeat
Pcub-MSU1_002_000303.1	blastp	Homology to Peronospora effusa predicted protein CAI5711838.1
Pcub-MSU1_002_000304.1	eggnog	Regulator of chromosome condensation (RCC1) repeat
Pcub-MSU1_002_000413.1	eggnog	Suppressor-of-White-APricot splicing regulator
Pcub-MSU1_002_000305.1	eggnog	domain-containing protein
Pcub-MSU1_002_000412.1	eggnog	domain-containing protein
Pcub-MSU1_002_000411.1	eggnog	Cytochrome oxidase assembly protein
Pcub-MSU1_002_000410.1	unannotated	Hypothetical protein of unknown function
Pcub-MSU1_002_000409.1	blastp	Homology to Peronospora destructor predicted protein CAI5743968.1
Pcub-MSU1_002_000306.1	eggnog	mRNA 3'-splice site recognition
Pcub-MSU1_002_000408.1	eggnog	Regulator of chromosome condensation (RCC1) repeat
Pcub-MSU1_002_000407.1	blastp	Homology to Peronospora effusa predicted protein CAI5711838.1
Pcub-MSU1_002_000406.1	eggnog	Slime mold cyclic AMP receptor
Pcub-MSU1_002_000405.1	eggnog	DegT/DnrJ/EryC1/StrS aminotransferase family
Pcub-MSU1_002_000307.1	interproscan	PTHR13510 domain-containing protein
Pcub-MSU1_002_000308.1	interproscan	PTHR13510 domain-containing protein
Pcub-MSU1_002_000404.1	eggnog	domain-containing protein
Pcub-MSU1_002_000403.1	eggnog	Phosphatidylinositol-4-phosphate 5-Kinase
Pcub-MSU1_002_000309.1	eggnog	microtubule binding
Pcub-MSU1_002_000310.1	blastp	Homology to Phytophthora nicotianae predicted protein XP_008902922.1
Pcub-MSU1_002_000402.1	blastp	Homology to Phytophthora nicotianae predicted protein ETI51112.1
Pcub-MSU1_002_000401.1	eggnog	Basic region leucine zipper
Pcub-MSU1_002_000400.1	interproscan	G3DSA:3.30.1520.10 domain-containing protein
Pcub-MSU1_002_000399.1	blastp	Homology to Phytophthora cactorum predicted protein KAG2774591.1
Pcub-MSU1_002_000398.1	interproscan	G3DSA:3.30.1520.10 domain-containing protein
Pcub-MSU1_002_000311.1	eggnog	Las17-binding protein actin regulator
Pcub-MSU1_002_000312.1	eggnog	transposition, RNA-mediated
Pcub-MSU1_002_000313.1	eggnog	transposition, RNA-mediated
Pcub-MSU1_002_000314.1	eggnog	Mitotic checkpoint regulator, MAD2B-interacting
Pcub-MSU1_002_000397.1	eggnog	Acts as an adapter for the XPO1 CRM1-mediated export of the 60S ribosomal subunit
Pcub-MSU1_002_000315.1	eggnog	PS-10 peptidase S37
Pcub-MSU1_002_000396.1	eggnog	domain-containing protein
Pcub-MSU1_002_000316.1	eggnog	domain-containing protein
Pcub-MSU1_002_000395.1	eggnog	PS-10 peptidase S37
Pcub-MSU1_002_000317.1	eggnog	Acts as an adapter for the XPO1 CRM1-mediated export of the 60S ribosomal subunit
Pcub-MSU1_002_000394.1	eggnog	Mitotic checkpoint regulator, MAD2B-interacting
Pcub-MSU1_002_000393.1	unannotated	Hypothetical protein of unknown function
Pcub-MSU1_002_000392.1	eggnog	Belongs to the ClpA ClpB family
Pcub-MSU1_002_000391.1	eggnog	Belongs to the cation transport ATPase (P-type) (TC 3.A.3) family
Pcub-MSU1_002_000390.1	eggnog	2OG-Fe(II) oxygenase superfamily
Pcub-MSU1_002_000389.1	eggnog	domain-containing protein
Pcub-MSU1_002_000388.1	eggnog	domain-containing protein
Pcub-MSU1_002_000318.1	eggnog	Acts as an adapter for the XPO1 CRM1-mediated export of the 60S ribosomal subunit
Pcub-MSU1_002_000387.1	eggnog	domain-containing protein
Pcub-MSU1_002_000386.1	eggnog	domain-containing protein
Pcub-MSU1_002_000319.1	eggnog	ALG11 mannosyltransferase N-terminus
Pcub-MSU1_002_000320.1	eggnog	PA14
Pcub-MSU1_002_000321.1	eggnog	Belongs to the cation transport ATPase (P-type) (TC 3.A.3) family
Pcub-MSU1_002_000322.1	eggnog	Belongs to the ClpA ClpB family
Pcub-MSU1_002_000323.1	eggnog	Zinc-binding dehydrogenase
Pcub-MSU1_002_000385.1	eggnog	Zinc-binding dehydrogenase
Pcub-MSU1_002_000384.1	eggnog	Belongs to the ClpA ClpB family
Pcub-MSU1_002_000324.1	eggnog	Prenyltransferase and squalene oxidase repeat
Pcub-MSU1_002_000383.1	blastp	Homology to predicted protein KAH7498243.1
Pcub-MSU1_002_000382.1	blastp	Homology to Phytophthora cactorum predicted protein KAG2774774.1
Pcub-MSU1_002_000325.1	eggnog	PPR repeat
Pcub-MSU1_002_000326.1	unannotated	Hypothetical protein of unknown function
Pcub-MSU1_002_000381.1	eggnog	NAD binding domain of 6-phosphogluconate dehydrogenase
Pcub-MSU1_002_000327.1	unannotated	Hypothetical protein of unknown function
Pcub-MSU1_002_000328.1	unannotated	Hypothetical protein of unknown function
Pcub-MSU1_002_000329.1	unannotated	Hypothetical protein of unknown function
Pcub-MSU1_002_000380.1	unannotated	Hypothetical protein of unknown function
Pcub-MSU1_002_000379.1	unannotated	Hypothetical protein of unknown function
Pcub-MSU1_002_000378.1	unannotated	Hypothetical protein of unknown function
Pcub-MSU1_002_000330.1	unannotated	Hypothetical protein of unknown function
Pcub-MSU1_002_000331.1	eggnog	Organic solute transport protein 1
Pcub-MSU1_002_000377.1	eggnog	1-phosphatidylinositol-3-phosphate 5-kinase activity
Pcub-MSU1_002_000376.1	interproscan	SSF53335 domain-containing protein
Pcub-MSU1_002_000332.1	eggnog	RING-like zinc finger
Pcub-MSU1_002_000375.1	eggnog	Membrane-associated apoptosis protein
Pcub-MSU1_002_000374.1	eggnog	Belongs to the monovalent cation proton antiporter 1 (CPA1) transporter (TC 2.A.36) family
Pcub-MSU1_002_000333.1	eggnog	NAD binding domain of 6-phosphogluconate dehydrogenase
Pcub-MSU1_002_000373.1	eggnog	ligase activity
Pcub-MSU1_002_000372.1	eggnog	Crinkler (CRN) family protein
Pcub-MSU1_002_000371.1	eggnog	Nucleoside H+ symporter
Pcub-MSU1_002_000334.1	eggnog	Homocysteine S-methyltransferase
Pcub-MSU1_002_000370.1	eggnog	Calcium-activated chloride channel
Pcub-MSU1_002_000335.1	eggnog	FAD binding domain of DNA photolyase
Pcub-MSU1_002_000369.1	eggnog	protein serine/threonine kinase activity
Pcub-MSU1_002_000336.1	eggnog	FAD binding domain of DNA photolyase
Pcub-MSU1_002_000368.1	eggnog	domain-containing protein
Pcub-MSU1_002_000367.1	eggnog	Sodium:dicarboxylate symporter family
Pcub-MSU1_002_000337.1	eggnog	domain-containing protein
Pcub-MSU1_002_000338.1	eggnog	Suppressor of forked protein (Suf)
Pcub-MSU1_002_000366.1	eggnog	Polycystin cation channel
Pcub-MSU1_002_000339.1	eggnog	domain-containing protein
Pcub-MSU1_002_000365.1	blastp	Homology to Peronospora effusa predicted protein CAI5712148.1
Pcub-MSU1_002_000340.1	eggnog	Intra-flagellar transport protein 57
Pcub-MSU1_002_000364.1	eggnog	domain-containing protein
Pcub-MSU1_002_000363.1	eggnog	domain-containing protein
Pcub-MSU1_002_000341.1	eggnog	RNA polymerase III RPC4
Pcub-MSU1_002_000362.1	eggnog	high mobility group
Pcub-MSU1_002_000342.1	eggnog	Mago binding
Pcub-MSU1_002_000361.1	blastp	Homology to Peronospora destructor predicted protein CAI5743847.1
Pcub-MSU1_002_000343.1	blastp	Homology to Phytophthora nicotianae predicted protein XP_008902827.1
Pcub-MSU1_002_000360.1	eggnog	FUN14 family
Pcub-MSU1_002_000344.1	eggnog	domain-containing protein
Pcub-MSU1_002_000345.1	blastp	Homology to Phytophthora lilii predicted protein GMF10278.1
Pcub-MSU1_002_000359.1	eggnog	LacY proton/sugar symporter
Pcub-MSU1_002_000346.1	eggnog	LacY proton/sugar symporter
Pcub-MSU1_002_000358.1	blastp	Homology to Phytophthora lilii predicted protein GMF10278.1
Pcub-MSU1_002_000347.1	blastp	Homology to Phytophthora lilii predicted protein GMF10278.1
Pcub-MSU1_002_000357.1	eggnog	LacY proton/sugar symporter
Pcub-MSU1_002_000348.1	eggnog	LacY proton/sugar symporter
Pcub-MSU1_002_000356.1	blastp	Homology to Phytophthora lilii predicted protein GMF10278.1
Pcub-MSU1_002_000349.1	blastp	Homology to Phytophthora lilii predicted protein GMF10278.1
Pcub-MSU1_002_000355.1	eggnog	LacY proton/sugar symporter
Pcub-MSU1_002_000354.1	eggnog	LacY proton/sugar symporter
Pcub-MSU1_002_000353.1	eggnog	domain-containing protein
Pcub-MSU1_002_000352.1	blastp	Homology to Phytophthora pseudosyringae predicted protein KAG7377773.1
Pcub-MSU1_002_000350.1	eggnog	domain-containing protein
Pcub-MSU1_002_000351.1	eggnog	WD40 repeats
Pcub-MSU1_003_000912.1	eggnog	Peptidase M16C associated
Pcub-MSU1_003_000911.1	blastp	Homology to Peronospora destructor predicted protein CAI5734842.1
Pcub-MSU1_003_000910.1	eggnog	Ubiquitin homologues
Pcub-MSU1_003_000001.1	unannotated	Hypothetical protein of unknown function
Pcub-MSU1_003_000002.1	eggnog	Chaperone of endosialidase
Pcub-MSU1_003_000909.1	eggnog	Sel1-like repeats
Pcub-MSU1_003_000003.1	eggnog	Sulfatase
Pcub-MSU1_003_000004.1	eggnog	WD domain, G-beta repeat
Pcub-MSU1_003_000908.1	eggnog	Sel1-like repeats
Pcub-MSU1_003_000005.1	blastp	Homology to Phytophthora ramorum predicted protein KAH7463611.1
Pcub-MSU1_003_000907.1	eggnog	Amino acid kinase family
Pcub-MSU1_003_000906.1	interproscan	G3DSA:3.30.1520.10 domain-containing protein
Pcub-MSU1_003_000905.1	eggnog	Pyridine nucleotide-disulphide oxidoreductase
Pcub-MSU1_003_000904.1	eggnog	TAZ zinc finger
Pcub-MSU1_003_000903.1	eggnog	domain-containing protein
Pcub-MSU1_003_000902.1	eggnog	Ubiquitin homologues
Pcub-MSU1_003_000006.1	eggnog	domain-containing protein
Pcub-MSU1_003_000901.1	eggnog	Tetraspanin family
Pcub-MSU1_003_000900.1	eggnog	BT1 family
Pcub-MSU1_003_000007.1	blastp	Homology to Peronospora farinosa predicted protein CAH0486217.1
Pcub-MSU1_003_000008.1	eggnog	domain-containing protein
Pcub-MSU1_003_000009.1	eggnog	domain-containing protein
Pcub-MSU1_003_000899.1	interproscan	G3DSA:3.40.50.2000 domain-containing protein
Pcub-MSU1_003_000010.1	eggnog	GDA1/CD39 (nucleoside phosphatase) family
Pcub-MSU1_003_000898.1	eggnog	Crinkler (CRN) family protein
Pcub-MSU1_003_000897.1	eggnog	Crinkler (CRN) family protein
Pcub-MSU1_003_000896.1	interproscan	PTHR22796 domain-containing protein
Pcub-MSU1_003_000895.1	eggnog	domain-containing protein
Pcub-MSU1_003_000011.1	eggnog	DNA-dependent RNA polymerase catalyzes the transcription of DNA into RNA using the four ribonucleoside triphosphates as substrates
Pcub-MSU1_003_000894.1	eggnog	Sphingolipid Delta4-desaturase (DES)
Pcub-MSU1_003_000012.1	eggnog	Aluminium induced protein
Pcub-MSU1_003_000013.1	eggnog	Tubulin-tyrosine ligase family
Pcub-MSU1_003_000893.1	eggnog	Cys/Met metabolism PLP-dependent enzyme
Pcub-MSU1_003_000014.1	blastp	Homology to Phytophthora cactorum predicted protein KAG2764553.1
Pcub-MSU1_003_000015.1	eggnog	Protein tyrosine kinase
Pcub-MSU1_003_000016.1	eggnog	domain-containing protein
Pcub-MSU1_003_000892.1	eggnog	Belongs to the cation transport ATPase (P-type) (TC 3.A.3) family
Pcub-MSU1_003_000891.1	eggnog	domain-containing protein
Pcub-MSU1_003_000017.1	eggnog	Glutaredoxin
Pcub-MSU1_003_000018.1	interproscan	PTHR12771 domain-containing protein
Pcub-MSU1_003_000890.1	eggnog	domain-containing protein
Pcub-MSU1_003_000019.1	interproscan	SSF54427 domain-containing protein
Pcub-MSU1_003_000889.1	eggnog	Putative GTP-ase activating proteins for the small GTPase, ARF
Pcub-MSU1_003_000020.1	unannotated	Hypothetical protein of unknown function
Pcub-MSU1_003_000021.1	blastp	Homology to Phytophthora nicotianae predicted protein KUF80866.1
Pcub-MSU1_003_000888.1	eggnog	Ferrous iron transport protein B
Pcub-MSU1_003_000887.1	blastp	Homology to Peronospora belbahrii predicted protein CAH0481951.1
Pcub-MSU1_003_000886.1	eggnog	Component of the coenzyme Q biosynthetic pathway
Pcub-MSU1_003_000885.1	eggnog	domain-containing protein
Pcub-MSU1_003_000884.1	blastp	Homology to Peronospora belbahrii predicted protein CAH0522371.1
Pcub-MSU1_003_000883.1	eggnog	domain-containing protein
Pcub-MSU1_003_000882.1	eggnog	domain-containing protein
Pcub-MSU1_003_000881.1	eggnog	PhoX homologous domain, present in p47phox and p40phox
Pcub-MSU1_003_000880.1	eggnog	Protein present in Fab1, YOTB, Vac1, and EEA1
Pcub-MSU1_003_000022.1	eggnog	Adenylate cyclase associated (CAP) C terminal
Pcub-MSU1_003_000879.1	unannotated	Hypothetical protein of unknown function
Pcub-MSU1_003_000023.1	eggnog	Cyclin_C
Pcub-MSU1_003_000024.1	eggnog	domain-containing protein
Pcub-MSU1_003_000878.1	eggnog	Ribosomal_L31e
Pcub-MSU1_003_000025.1	eggnog	domain-containing protein
Pcub-MSU1_003_000026.1	eggnog	PhoX homologous domain, present in p47phox and p40phox
Pcub-MSU1_003_000027.1	eggnog	domain-containing protein
Pcub-MSU1_003_000028.1	eggnog	domain-containing protein
Pcub-MSU1_003_000029.1	eggnog	Protein present in Fab1, YOTB, Vac1, and EEA1
Pcub-MSU1_003_000877.1	eggnog	domain-containing protein
Pcub-MSU1_003_000030.1	eggnog	60Kd inner membrane protein
Pcub-MSU1_003_000031.1	eggnog	Putative serine esterase (DUF676)
Pcub-MSU1_003_000876.1	eggnog	sperm axoneme assembly
Pcub-MSU1_003_000032.1	eggnog	BT1 family
Pcub-MSU1_003_000033.1	eggnog	domain-containing protein
Pcub-MSU1_003_000875.1	eggnog	Protein present in Fab1, YOTB, Vac1, and EEA1
Pcub-MSU1_003_000034.1	eggnog	IMP-specific 5'-nucleotidase
Pcub-MSU1_003_000874.1	eggnog	Domain in Tre-2, BUB2p, and Cdc16p
Pcub-MSU1_003_000035.1	blastp	Homology to Phytophthora pseudosyringae predicted protein KAG7392016.1
Pcub-MSU1_003_000873.1	eggnog	Rab subfamily of small GTPases
Pcub-MSU1_003_000872.1	unannotated	Hypothetical protein of unknown function
Pcub-MSU1_003_000871.1	unannotated	Hypothetical protein of unknown function
Pcub-MSU1_003_000870.1	unannotated	Hypothetical protein of unknown function
Pcub-MSU1_003_000869.1	unannotated	Hypothetical protein of unknown function
Pcub-MSU1_003_000868.1	unannotated	Hypothetical protein of unknown function
Pcub-MSU1_003_000867.1	unannotated	Hypothetical protein of unknown function
Pcub-MSU1_003_000866.1	unannotated	Hypothetical protein of unknown function
Pcub-MSU1_003_000865.1	unannotated	Hypothetical protein of unknown function
Pcub-MSU1_003_000864.1	unannotated	Hypothetical protein of unknown function
Pcub-MSU1_003_000036.1	eggnog	microtubule binding
Pcub-MSU1_003_000037.1	eggnog	Yippee zinc-binding/DNA-binding /Mis18, centromere assembly
Pcub-MSU1_003_000863.1	eggnog	RNA recognition motif
Pcub-MSU1_003_000038.1	eggnog	domain-containing protein
Pcub-MSU1_003_000862.1	blastp	Homology to Phytophthora lilii predicted protein GMF13940.1
Pcub-MSU1_003_000039.1	unannotated	Hypothetical protein of unknown function
Pcub-MSU1_003_000040.1	eggnog	Glycosyl hydrolase family 81
Pcub-MSU1_003_000861.1	eggnog	guanyl-nucleotide exchange factor activity (MIB1)
Pcub-MSU1_003_000860.1	eggnog	Myosin. Large ATPases
Pcub-MSU1_003_000859.1	eggnog	PhoX homologous domain, present in p47phox and p40phox
Pcub-MSU1_003_000041.1	blastp	Homology to Phytophthora ramorum predicted protein KAH7482406.1
Pcub-MSU1_003_000858.1	eggnog	Kinase-like
Pcub-MSU1_003_000042.1	eggnog	PhoX homologous domain, present in p47phox and p40phox
Pcub-MSU1_003_000857.1	eggnog	Helicase associated domain (HA2) Add an annotation
Pcub-MSU1_003_000856.1	eggnog	FK506 binding
Pcub-MSU1_003_000043.1	eggnog	domain-containing protein
Pcub-MSU1_003_000044.1	eggnog	SprT homologues
Pcub-MSU1_003_000855.1	interproscan	PTHR38019 domain-containing protein
Pcub-MSU1_003_000854.1	eggnog	PIN domain of ribonuclease
Pcub-MSU1_003_000045.1	eggnog	domain-containing protein
Pcub-MSU1_003_000046.1	eggnog	PPP5 TPR repeat region
Pcub-MSU1_003_000047.1	interproscan	PTHR15959 domain-containing protein
Pcub-MSU1_003_000853.1	eggnog	Domain with 2 conserved Trp (W) residues
Pcub-MSU1_003_000048.1	eggnog	ALG6, ALG8 glycosyltransferase family
Pcub-MSU1_003_000852.1	eggnog	Endoplasmic Reticulum-Golgi Intermediate Compartment (ERGIC)
Pcub-MSU1_003_000049.1	eggnog	SNARE associated Golgi protein
Pcub-MSU1_003_000050.1	eggnog	ABC transporter
Pcub-MSU1_003_000851.1	eggnog	Kazal type serine protease inhibitors
Pcub-MSU1_003_000850.1	eggnog	ABC transporter
Pcub-MSU1_003_000849.1	eggnog	SNARE associated Golgi protein
Pcub-MSU1_003_000051.1	eggnog	domain-containing protein
Pcub-MSU1_003_000052.1	unannotated	Hypothetical protein of unknown function
Pcub-MSU1_003_000053.1	eggnog	domain-containing protein
Pcub-MSU1_003_000054.1	unannotated	Hypothetical protein of unknown function
Pcub-MSU1_003_000055.1	blastp	Homology to Phytophthora lilii predicted protein GMF30634.1
Pcub-MSU1_003_000848.1	eggnog	Phosphate transport (Pho88)
Pcub-MSU1_003_000056.1	eggnog	Zinc finger, C3HC4 type (RING finger)
Pcub-MSU1_003_000847.1	eggnog	protein geranylgeranylation
Pcub-MSU1_003_000057.1	eggnog	Frag1/DRAM/Sfk1 family
Pcub-MSU1_003_000846.1	blastp	Homology to Phytophthora lilii predicted protein GMF30634.1
Pcub-MSU1_003_000845.1	eggnog	domain-containing protein
Pcub-MSU1_003_000058.1	eggnog	domain-containing protein
Pcub-MSU1_003_000844.1	eggnog	domain-containing protein
Pcub-MSU1_003_000059.1	eggnog	domain-containing protein
Pcub-MSU1_003_000060.1	unannotated	Hypothetical protein of unknown function
Pcub-MSU1_003_000843.1	blastp	Homology to Phytophthora pseudosyringae predicted protein KAG7388888.1
Pcub-MSU1_003_000842.1	unannotated	Hypothetical protein of unknown function
Pcub-MSU1_003_000841.1	eggnog	domain-containing protein
Pcub-MSU1_003_000061.1	eggnog	domain-containing protein
Pcub-MSU1_003_000062.1	unannotated	Hypothetical protein of unknown function
Pcub-MSU1_003_000840.1	eggnog	Phosphate transport (Pho88)
Pcub-MSU1_003_000839.1	eggnog	domain-containing protein
Pcub-MSU1_003_000063.1	unannotated	Hypothetical protein of unknown function
Pcub-MSU1_003_000064.1	eggnog	domain-containing protein
Pcub-MSU1_003_000065.1	eggnog	domain-containing protein
Pcub-MSU1_003_000066.1	eggnog	domain-containing protein
Pcub-MSU1_003_000067.1	eggnog	domain-containing protein
Pcub-MSU1_003_000068.1	eggnog	domain-containing protein
Pcub-MSU1_003_000069.1	eggnog	domain-containing protein
Pcub-MSU1_003_000070.1	eggnog	domain-containing protein
Pcub-MSU1_003_000071.1	eggnog	domain-containing protein
Pcub-MSU1_003_000072.1	eggnog	domain-containing protein
Pcub-MSU1_003_000073.1	unannotated	Hypothetical protein of unknown function
Pcub-MSU1_003_000074.1	blastp	Homology to Phytophthora lilii predicted protein GMF30634.1
Pcub-MSU1_003_000075.1	eggnog	domain-containing protein
Pcub-MSU1_003_000076.1	blastp	Homology to Phytophthora capsici predicted protein KAG1700846.1
Pcub-MSU1_003_000077.1	unannotated	Hypothetical protein of unknown function
Pcub-MSU1_003_000078.1	unannotated	Hypothetical protein of unknown function
Pcub-MSU1_003_000838.1	eggnog	domain-containing protein
Pcub-MSU1_003_000079.1	unannotated	Hypothetical protein of unknown function
Pcub-MSU1_003_000080.1	eggnog	Integral peroxisomal membrane peroxin
Pcub-MSU1_003_000837.1	blastp	Homology to Peronospora destructor predicted protein CAI5731367.1
Pcub-MSU1_003_000836.1	blastp	Homology to Peronospora farinosa predicted protein CAH0492170.1
Pcub-MSU1_003_000081.1	blastp	Homology to Phytophthora ramorum predicted protein KAH7482423.1
Pcub-MSU1_003_000835.1	eggnog	DHHC palmitoyltransferase
Pcub-MSU1_003_000082.1	eggnog	The ARF-like 2 binding protein BART
Pcub-MSU1_003_000834.1	eggnog	domain-containing protein
Pcub-MSU1_003_000083.1	eggnog	WD domain, G-beta repeat
Pcub-MSU1_003_000833.1	blastp	Homology to Phytophthora lilii predicted protein GMF13752.1
Pcub-MSU1_003_000832.1	eggnog	pfkB family carbohydrate kinase
Pcub-MSU1_003_000831.1	eggnog	Sec1 family
Pcub-MSU1_003_000830.1	eggnog	Pyridoxal-phosphate dependent enzyme
Pcub-MSU1_003_000829.1	eggnog	Belongs to the heat shock protein 70 family
Pcub-MSU1_003_000828.1	eggnog	domain-containing protein
Pcub-MSU1_003_000084.1	eggnog	domain-containing protein
Pcub-MSU1_003_000827.1	eggnog	Belongs to the heat shock protein 70 family
Pcub-MSU1_003_000826.1	unannotated	Hypothetical protein of unknown function
Pcub-MSU1_003_000825.1	unannotated	Hypothetical protein of unknown function
Pcub-MSU1_003_000824.1	eggnog	domain-containing protein
Pcub-MSU1_003_000823.1	eggnog	Belongs to the mitochondrial carrier (TC 2.A.29) family
Pcub-MSU1_003_000822.1	eggnog	N-terminal half of MaoC dehydratase
Pcub-MSU1_003_000085.1	eggnog	domain-containing protein
Pcub-MSU1_003_000821.1	eggnog	nuclear localization sequence binding
Pcub-MSU1_003_000086.1	eggnog	Belongs to the mitochondrial carrier (TC 2.A.29) family
Pcub-MSU1_003_000820.1	eggnog	WD domain, G-beta repeat
Pcub-MSU1_003_000087.1	eggnog	Whirly transcription factor
Pcub-MSU1_003_000819.1	eggnog	Eukaryotic porin
Pcub-MSU1_003_000088.1	eggnog	domain-containing protein
Pcub-MSU1_003_000818.1	eggnog	SnoaL-like polyketide cyclase
Pcub-MSU1_003_000817.1	eggnog	Belongs to the cation transport ATPase (P-type) (TC 3.A.3) family
Pcub-MSU1_003_000089.1	eggnog	Domain of unknown function
Pcub-MSU1_003_000816.1	eggnog	domain-containing protein
Pcub-MSU1_003_000815.1	eggnog	domain-containing protein
Pcub-MSU1_003_000814.1	eggnog	domain-containing protein
Pcub-MSU1_003_000090.1	blastp	Homology to Phytophthora aleatoria predicted protein KAG6977050.1
Pcub-MSU1_003_000813.1	interproscan	Family of unknown function (DUF6739) (PF20524)
Pcub-MSU1_003_000091.1	eggnog	Frag1/DRAM/Sfk1 family
Pcub-MSU1_003_000812.1	eggnog	Aminotransferase class-V
Pcub-MSU1_003_000092.1	eggnog	Mitochondrial carrier protein
Pcub-MSU1_003_000811.1	eggnog	domain-containing protein
Pcub-MSU1_003_000810.1	eggnog	domain-containing protein
Pcub-MSU1_003_000093.1	eggnog	RNA recognition motif
Pcub-MSU1_003_000809.1	eggnog	Serine incorporator (Serinc)
Pcub-MSU1_003_000808.1	eggnog	Sperm tail
Pcub-MSU1_003_000094.1	blastp	Homology to Phytophthora ramorum predicted protein KAH7460431.1
Pcub-MSU1_003_000807.1	blastp	Homology to Phytophthora idaei predicted protein KAG3162752.1
Pcub-MSU1_003_000095.1	eggnog	RNA recognition motif
Pcub-MSU1_003_000096.1	eggnog	MT-A70
Pcub-MSU1_003_000097.1	blastp	Homology to Phytophthora pseudosyringae predicted protein KAG7392736.1
Pcub-MSU1_003_000098.1	eggnog	ATPase family associated with various cellular activities (AAA)
Pcub-MSU1_003_000099.1	eggnog	DNA-dependent RNA polymerase catalyzes the transcription of DNA into RNA using the four ribonucleoside triphosphates as substrates
Pcub-MSU1_003_000806.1	eggnog	ZIP Zinc transporter
Pcub-MSU1_003_000100.1	eggnog	Zinc finger, C2H2 type
Pcub-MSU1_003_000101.1	eggnog	domain-containing protein
Pcub-MSU1_003_000102.1	blastp	Homology to Phytophthora rubi predicted protein KAE8991507.1
Pcub-MSU1_003_000805.1	eggnog	domain-containing protein
Pcub-MSU1_003_000804.1	eggnog	domain-containing protein
Pcub-MSU1_003_000803.1	eggnog	Mitochondrial carrier protein
Pcub-MSU1_003_000103.1	unannotated	Hypothetical protein of unknown function
Pcub-MSU1_003_000104.1	eggnog	domain-containing protein
Pcub-MSU1_003_000105.1	eggnog	domain-containing protein
Pcub-MSU1_003_000802.1	blastp	Homology to Phytophthora rubi predicted protein KAE8991507.1
Pcub-MSU1_003_000106.1	eggnog	domain-containing protein
Pcub-MSU1_003_000801.1	blastp	Homology to Phytophthora rubi predicted protein KAE8991507.1
Pcub-MSU1_003_000800.1	eggnog	domain-containing protein
Pcub-MSU1_003_000107.1	eggnog	domain-containing protein
Pcub-MSU1_003_000799.1	blastp	Homology to Phytophthora rubi predicted protein KAE8991507.1
Pcub-MSU1_003_000798.1	eggnog	domain-containing protein
Pcub-MSU1_003_000108.1	eggnog	domain-containing protein
Pcub-MSU1_003_000797.1	blastp	Homology to Phytophthora rubi predicted protein KAE8991507.1
Pcub-MSU1_003_000796.1	eggnog	domain-containing protein
Pcub-MSU1_003_000109.1	eggnog	zinc finger
Pcub-MSU1_003_000110.1	eggnog	MAP kinase activity
Pcub-MSU1_003_000795.1	eggnog	snRNP Sm proteins
Pcub-MSU1_003_000794.1	eggnog	MreB/Mbl protein
Pcub-MSU1_003_000793.1	eggnog	Mitochondrial calcium uniporter
Pcub-MSU1_003_000792.1	eggnog	domain-containing protein
Pcub-MSU1_003_000791.1	eggnog	domain-containing protein
Pcub-MSU1_003_000790.1	eggnog	Anticodon binding domain of tRNAs
Pcub-MSU1_003_000111.1	eggnog	Major Facilitator Superfamily
Pcub-MSU1_003_000789.1	eggnog	Major Facilitator Superfamily
Pcub-MSU1_003_000788.1	eggnog	motor activity
Pcub-MSU1_003_000787.1	eggnog	motor activity
Pcub-MSU1_003_000112.1	unannotated	Hypothetical protein of unknown function
Pcub-MSU1_003_000113.1	unannotated	Hypothetical protein of unknown function
Pcub-MSU1_003_000114.1	unannotated	Hypothetical protein of unknown function
Pcub-MSU1_003_000115.1	eggnog	Homeodomain
Pcub-MSU1_003_000786.1	eggnog	domain-containing protein
Pcub-MSU1_003_000116.1	eggnog	Protein tyrosine kinase
Pcub-MSU1_003_000117.1	eggnog	protein kinase activity (STK16)
Pcub-MSU1_003_000785.1	eggnog	domain-containing protein
Pcub-MSU1_003_000118.1	blastp	Homology to Phytophthora sojae predicted protein XP_009525870.1
Pcub-MSU1_003_000119.1	eggnog	domain-containing protein
Pcub-MSU1_003_000784.1	eggnog	SSXT protein (N-terminal region)
Pcub-MSU1_003_000783.1	unannotated	Hypothetical protein of unknown function
Pcub-MSU1_003_000120.1	eggnog	function. Source PGD
Pcub-MSU1_003_000782.1	unannotated	Hypothetical protein of unknown function
Pcub-MSU1_003_000121.1	eggnog	domain-containing protein
Pcub-MSU1_003_000781.1	eggnog	DHHC palmitoyltransferase
Pcub-MSU1_003_000122.1	unannotated	Hypothetical protein of unknown function
Pcub-MSU1_003_000780.1	blastp	Homology to Phytophthora cactorum predicted protein KAG2788288.1
Pcub-MSU1_003_000779.1	unannotated	Hypothetical protein of unknown function
Pcub-MSU1_003_000123.1	eggnog	basic region leucin zipper
Pcub-MSU1_003_000778.1	eggnog	Cation efflux family
Pcub-MSU1_003_000777.1	eggnog	peptidyl-prolyl cis-trans isomerase activity
Pcub-MSU1_003_000776.1	blastp	Homology to Peronospora belbahrii predicted protein CAH0479263.1
Pcub-MSU1_003_000775.1	eggnog	domain-containing protein
Pcub-MSU1_003_000774.1	eggnog	Subunit of the integral membrane V0 complex of vacuolar ATPase
Pcub-MSU1_003_000124.1	eggnog	Leucyl-tRNA synthetase, Domain 2
Pcub-MSU1_003_000773.1	blastp	Homology to Phytophthora nicotianae predicted protein ETM45714.1
Pcub-MSU1_003_000125.1	unannotated	Hypothetical protein of unknown function
Pcub-MSU1_003_000126.1	blastp	Homology to Phytophthora fragariae predicted protein KAE9158744.1
Pcub-MSU1_003_000127.1	unannotated	Hypothetical protein of unknown function
Pcub-MSU1_003_000128.1	blastp	Homology to Phytophthora fragariae predicted protein KAE9158744.1
Pcub-MSU1_003_000129.1	blastp	Homology to Phytophthora fragariae predicted protein KAE9158744.1
Pcub-MSU1_003_000130.1	blastp	Homology to Phytophthora citrophthora predicted protein KAK1945440.1
Pcub-MSU1_003_000131.1	blastp	Homology to Phytophthora citrophthora predicted protein KAK1945440.1
Pcub-MSU1_003_000132.1	unannotated	Hypothetical protein of unknown function
Pcub-MSU1_003_000133.1	unannotated	Hypothetical protein of unknown function
Pcub-MSU1_003_000134.1	unannotated	Hypothetical protein of unknown function
Pcub-MSU1_003_000135.1	eggnog	GPCR-chaperone
Pcub-MSU1_003_000136.1	eggnog	Belongs to the glycosyl hydrolase 1 family
Pcub-MSU1_003_000137.1	eggnog	Kinase-like
Pcub-MSU1_003_000138.1	eggnog	WD domain, G-beta repeat
Pcub-MSU1_003_000772.1	eggnog	Belongs to the glycosyl hydrolase 1 family
Pcub-MSU1_003_000771.1	eggnog	GPCR-chaperone
Pcub-MSU1_003_000770.1	blastp	Homology to Phytophthora rubi predicted protein KAE9349211.1
Pcub-MSU1_003_000139.1	eggnog	Putative DNA-binding (bihelical) motif predicted to be involved in chromosomal organisation
Pcub-MSU1_003_000140.1	eggnog	Belongs to the TRAFAC class myosin-kinesin ATPase superfamily
Pcub-MSU1_003_000769.1	eggnog	PhoX homologous domain, present in p47phox and p40phox
Pcub-MSU1_003_000141.1	eggnog	Required for nuclear transport of RNA pol II C-terminus 1
Pcub-MSU1_003_000768.1	eggnog	Mitochondrial branched-chain alpha-ketoacid dehydrogenase kinase
Pcub-MSU1_003_000767.1	eggnog	Aldo/keto reductase family
Pcub-MSU1_003_000766.1	eggnog	Protein of unknown function (DUF3712)
Pcub-MSU1_003_000142.1	eggnog	MOZ/SAS family
Pcub-MSU1_003_000143.1	eggnog	Crinkler (CRN) family protein
Pcub-MSU1_003_000144.1	eggnog	domain-containing protein
Pcub-MSU1_003_000765.1	eggnog	ubiquitinyl hydrolase activity
Pcub-MSU1_003_000145.1	eggnog	Leucine-rich repeat
Pcub-MSU1_003_000764.1	eggnog	Type I phosphodiesterase / nucleotide pyrophosphatase
Pcub-MSU1_003_000763.1	eggnog	Mib_herc2
Pcub-MSU1_003_000146.1	blastp	Homology to Phytophthora nicotianae predicted protein XP_008906518.1
Pcub-MSU1_003_000762.1	eggnog	EF hand
Pcub-MSU1_003_000761.1	eggnog	EF hand
Pcub-MSU1_003_000760.1	eggnog	domain-containing protein
Pcub-MSU1_003_000759.1	eggnog	Serine carboxypeptidase
Pcub-MSU1_003_000147.1	eggnog	Serine carboxypeptidase
Pcub-MSU1_003_000148.1	eggnog	Domain with 2 conserved Trp (W) residues
Pcub-MSU1_003_000758.1	blastp	Homology to Phytophthora cactorum predicted protein KAG2954232.1
Pcub-MSU1_003_000149.1	blastp	Homology to Phytophthora aleatoria predicted protein KAG6963025.1
Pcub-MSU1_003_000757.1	eggnog	domain-containing protein
Pcub-MSU1_003_000150.1	eggnog	Las17-binding protein actin regulator
Pcub-MSU1_003_000756.1	blastp	Homology to Phytophthora pseudosyringae predicted protein KAG7389539.1
Pcub-MSU1_003_000151.1	blastp	Homology to Phytophthora pseudosyringae predicted protein KAG7389540.1
Pcub-MSU1_003_000755.1	eggnog	Belongs to the peroxisomal membrane protein PXMP2 4 family
Pcub-MSU1_003_000152.1	eggnog	Component of the Mediator complex, a coactivator involved in the regulated transcription of nearly all RNA polymerase II-dependent genes
Pcub-MSU1_003_000754.1	eggnog	Las17-binding protein actin regulator
Pcub-MSU1_003_000753.1	unannotated	Hypothetical protein of unknown function
Pcub-MSU1_003_000153.1	eggnog	ER lumen protein retaining receptor
Pcub-MSU1_003_000752.1	eggnog	Protein present in Fab1, YOTB, Vac1, and EEA1
Pcub-MSU1_003_000751.1	blastp	Homology to Peronospora destructor predicted protein CAI5744395.1
Pcub-MSU1_003_000154.1	blastp	Homology to Phytophthora cinnamomi predicted protein KAG6614516.1
Pcub-MSU1_003_000155.1	eggnog	domain-containing protein
Pcub-MSU1_003_000156.1	eggnog	Hermansky-Pudlak syndrome 3
Pcub-MSU1_003_000750.1	eggnog	Uncharacterized conserved protein (DUF2039)
Pcub-MSU1_003_000157.1	eggnog	domain-containing protein
Pcub-MSU1_003_000749.1	eggnog	Tricarboxylate carrier
Pcub-MSU1_003_000748.1	eggnog	GNS1/SUR4 family
Pcub-MSU1_003_000158.1	eggnog	motile cilium assembly
Pcub-MSU1_003_000747.1	unannotated	Hypothetical protein of unknown function
Pcub-MSU1_003_000746.1	interproscan	PTHR15146 domain-containing protein
Pcub-MSU1_003_000745.1	blastp	Homology to Phytophthora sojae predicted protein XP_009526014.1
Pcub-MSU1_003_000159.1	eggnog	domain-containing protein
Pcub-MSU1_003_000744.1	eggnog	Tetratricopeptide repeat
Pcub-MSU1_003_000160.1	eggnog	domain-containing protein
Pcub-MSU1_003_000743.1	eggnog	PPR repeat
Pcub-MSU1_003_000161.1	eggnog	actin filament binding
Pcub-MSU1_003_000742.1	blastp	Homology to Peronospora destructor predicted protein CAI5712688.1
Pcub-MSU1_003_000162.1	eggnog	domain-containing protein
Pcub-MSU1_003_000741.1	blastp	Homology to Peronospora destructor predicted protein CAI5719930.1
Pcub-MSU1_003_000163.1	eggnog	alpha/beta hydrolase fold
Pcub-MSU1_003_000740.1	eggnog	Glycosyl hydrolase family 1
Pcub-MSU1_003_000739.1	eggnog	domain-containing protein
Pcub-MSU1_003_000164.1	eggnog	domain-containing protein
Pcub-MSU1_003_000165.1	eggnog	Glycosyl hydrolase family 1
Pcub-MSU1_003_000738.1	eggnog	Glycosyl hydrolase family 1
Pcub-MSU1_003_000166.1	eggnog	The proteasome is a multicatalytic proteinase complex which is characterized by its ability to cleave peptides with Arg, Phe, Tyr, Leu, and Glu adjacent to the leaving group at neutral or slightly basic pH
Pcub-MSU1_003_000737.1	eggnog	DUF1771
Pcub-MSU1_003_000736.1	eggnog	C2H2-type zinc finger
Pcub-MSU1_003_000735.1	eggnog	Succinate dehydrogenase/Fumarate reductase transmembrane subunit
Pcub-MSU1_003_000167.1	eggnog	domain-containing protein
Pcub-MSU1_003_000168.1	eggnog	domain-containing protein
Pcub-MSU1_003_000734.1	interproscan	PTHR21694 domain-containing protein
Pcub-MSU1_003_000169.1	blastp	Homology to Phytophthora pseudosyringae predicted protein KAG7376859.1
Pcub-MSU1_003_000733.1	blastp	Homology to Peronospora belbahrii predicted protein CAH0482730.1
Pcub-MSU1_003_000170.1	eggnog	domain-containing protein
Pcub-MSU1_003_000171.1	blastp	Homology to Peronospora effusa predicted protein CAI5701796.1
Pcub-MSU1_003_000732.1	eggnog	axoneme assembly
Pcub-MSU1_003_000172.1	blastp	Homology to Phytophthora aleatoria predicted protein KAG6975642.1
Pcub-MSU1_003_000731.1	eggnog	domain-containing protein
Pcub-MSU1_003_000173.1	eggnog	Broad-Complex, Tramtrack and Bric a brac
Pcub-MSU1_003_000174.1	eggnog	Acetokinase family
Pcub-MSU1_003_000175.1	unannotated	Hypothetical protein of unknown function
Pcub-MSU1_003_000730.1	eggnog	EF-hand domain pair
Pcub-MSU1_003_000176.1	eggnog	ABC transporter
Pcub-MSU1_003_000729.1	eggnog	spectrin binding
Pcub-MSU1_003_000177.1	blastp	Homology to Phytophthora palmivora predicted protein POM77908.1
Pcub-MSU1_003_000728.1	eggnog	DHHC palmitoyltransferase
Pcub-MSU1_003_000178.1	eggnog	BT1 family
Pcub-MSU1_003_000179.1	eggnog	dihydroceramide kinase activity
Pcub-MSU1_003_000180.1	eggnog	domain-containing protein
Pcub-MSU1_003_000181.1	blastp	Homology to Phytophthora pseudosyringae predicted protein KAG7389112.1
Pcub-MSU1_003_000727.1	interproscan	G3DSA:3.90.190.10 domain-containing protein
Pcub-MSU1_003_000726.1	eggnog	domain-containing protein
Pcub-MSU1_003_000725.1	eggnog	domain-containing protein
Pcub-MSU1_003_000182.1	blastp	Homology to Peronospora destructor predicted protein CAI5713828.1
Pcub-MSU1_003_000724.1	blastp	Homology to Phytophthora palmivora predicted protein POM80708.1
Pcub-MSU1_003_000723.1	eggnog	LsmAD
Pcub-MSU1_003_000183.1	eggnog	CRN domain-containing protein-containing protein
Pcub-MSU1_003_000184.1	eggnog	Cytidylyltransferase-like
Pcub-MSU1_003_000722.1	eggnog	domain-containing protein
Pcub-MSU1_003_000185.1	blastp	Homology to Peronospora destructor predicted protein CAI5741821.1
Pcub-MSU1_003_000721.1	eggnog	Ubiquitin-conjugating enzyme E2, catalytic domain homologues
Pcub-MSU1_003_000720.1	eggnog	Control of topological states of DNA by transient breakage and subsequent rejoining of DNA strands
Pcub-MSU1_003_000186.1	eggnog	DNA binding
Pcub-MSU1_003_000719.1	eggnog	Leucine Rich repeat
Pcub-MSU1_003_000187.1	eggnog	C2H2-type zinc finger
Pcub-MSU1_003_000718.1	unannotated	Hypothetical protein of unknown function
Pcub-MSU1_003_000188.1	unannotated	Hypothetical protein of unknown function
Pcub-MSU1_003_000717.1	blastp	Homology to Peronospora farinosa predicted protein CAH0489763.1
Pcub-MSU1_003_000716.1	eggnog	domain-containing protein
Pcub-MSU1_003_000189.1	eggnog	Leucine Rich repeat
Pcub-MSU1_003_000715.1	eggnog	domain-containing protein
Pcub-MSU1_003_000190.1	eggnog	Peroxisomal membrane protein (Pex16)
Pcub-MSU1_003_000714.1	eggnog	Belongs to the peptidase C19 family
Pcub-MSU1_003_000191.1	eggnog	domain-containing protein
Pcub-MSU1_003_000713.1	blastp	Homology to Phytophthora megakarya predicted protein OWZ23099.1
Pcub-MSU1_003_000712.1	blastp	Homology to Peronospora farinosa predicted protein CAH0484634.1
Pcub-MSU1_003_000192.1	blastp	Homology to Peronospora farinosa predicted protein CAH0484634.1
Pcub-MSU1_003_000193.1	blastp	Homology to Phytophthora megakarya predicted protein OWZ23099.1
Pcub-MSU1_003_000711.1	eggnog	domain-containing protein
Pcub-MSU1_003_000710.1	eggnog	ABC1 family
Pcub-MSU1_003_000194.1	eggnog	domain-containing protein
Pcub-MSU1_003_000709.1	eggnog	Myosin head (motor domain)
Pcub-MSU1_003_000708.1	eggnog	Myosin head (motor domain)
Pcub-MSU1_003_000707.1	eggnog	Phytotoxin PcF protein
Pcub-MSU1_003_000195.1	eggnog	Protein present in Fab1, YOTB, Vac1, and EEA1
Pcub-MSU1_003_000706.1	eggnog	phosphoprotein phosphatase activity
Pcub-MSU1_003_000196.1	eggnog	domain-containing protein
Pcub-MSU1_003_000197.1	unannotated	Hypothetical protein of unknown function
Pcub-MSU1_003_000705.1	eggnog	MBOAT, membrane-bound O-acyltransferase family
Pcub-MSU1_003_000198.1	eggnog	MBOAT, membrane-bound O-acyltransferase family
Pcub-MSU1_003_000704.1	eggnog	Maf-like protein
Pcub-MSU1_003_000199.1	eggnog	Calcineurin-like phosphoesterase
Pcub-MSU1_003_000200.1	eggnog	Serine carboxypeptidase
Pcub-MSU1_003_000201.1	interproscan	PTHR46731 domain-containing protein
Pcub-MSU1_003_000202.1	eggnog	Dynein heavy chain and region D6 of dynein motor
Pcub-MSU1_003_000703.1	eggnog	domain-containing protein
Pcub-MSU1_003_000203.1	eggnog	domain-containing protein
Pcub-MSU1_003_000204.1	eggnog	D-Tyr-tRNA(Tyr) deacylase
Pcub-MSU1_003_000205.1	eggnog	Mis12 protein
Pcub-MSU1_003_000702.1	interproscan	PTHR36987 domain-containing protein
Pcub-MSU1_003_000701.1	eggnog	Mis12 protein
Pcub-MSU1_003_000700.1	eggnog	D-Tyr-tRNA(Tyr) deacylase
Pcub-MSU1_003_000206.1	eggnog	ATPase family associated with various cellular activities (AAA)
Pcub-MSU1_003_000699.1	eggnog	PPIases accelerate the folding of proteins
Pcub-MSU1_003_000207.1	eggnog	SNF5 / SMARCB1 / INI1
Pcub-MSU1_003_000208.1	eggnog	SNF5 / SMARCB1 / INI1
Pcub-MSU1_003_000698.1	eggnog	domain-containing protein
Pcub-MSU1_003_000209.1	blastp	Homology to Phytophthora pseudosyringae predicted protein KAG7390956.1
Pcub-MSU1_003_000697.1	eggnog	COPI associated protein
Pcub-MSU1_003_000696.1	blastp	Homology to Phytophthora ramorum predicted protein KAH7484352.1
Pcub-MSU1_003_000210.1	eggnog	positive regulation of microtubule nucleation
Pcub-MSU1_003_000211.1	eggnog	Tetratricopeptide repeat
Pcub-MSU1_003_000212.1	eggnog	Possible plasma membrane-binding motif in junctophilins, PIP-5-kinases and protein kinases
Pcub-MSU1_003_000695.1	eggnog	domain-containing protein
Pcub-MSU1_003_000213.1	interproscan	PTHR40849 domain-containing protein
Pcub-MSU1_003_000214.1	eggnog	Partial alpha/beta-hydrolase lipase region
Pcub-MSU1_003_000694.1	eggnog	Partial alpha/beta-hydrolase lipase region
Pcub-MSU1_003_000215.1	eggnog	Tetratricopeptide repeat
Pcub-MSU1_003_000216.1	blastp	Homology to Phytophthora cactorum predicted protein KAG2788037.1
Pcub-MSU1_003_000693.1	eggnog	Tetratricopeptide repeat
Pcub-MSU1_003_000217.1	eggnog	Partial alpha/beta-hydrolase lipase region
Pcub-MSU1_003_000692.1	eggnog	Partial alpha/beta-hydrolase lipase region
Pcub-MSU1_003_000218.1	eggnog	Lipopolysaccharide kinase (Kdo/WaaP) family
Pcub-MSU1_003_000691.1	unannotated	Hypothetical protein of unknown function
Pcub-MSU1_003_000690.1	eggnog	Ras of Complex, Roc, domain of DAPkinase
Pcub-MSU1_003_000219.1	unannotated	Hypothetical protein of unknown function
Pcub-MSU1_003_000220.1	eggnog	Splits internally a 1,3-beta-glucan molecule and transfers the newly generated reducing end (the donor) to the non- reducing end of another 1,3-beta-glucan molecule (the acceptor) forming a 1,3-beta linkage, resulting in the elongation of 1,3- beta-glucan chains in the cell wall
Pcub-MSU1_003_000221.1	eggnog	Splits internally a 1,3-beta-glucan molecule and transfers the newly generated reducing end (the donor) to the non- reducing end of another 1,3-beta-glucan molecule (the acceptor) forming a 1,3-beta linkage, resulting in the elongation of 1,3- beta-glucan chains in the cell wall
Pcub-MSU1_003_000689.1	eggnog	DegT/DnrJ/EryC1/StrS aminotransferase family
Pcub-MSU1_003_000222.1	unannotated	Hypothetical protein of unknown function
Pcub-MSU1_003_000223.1	unannotated	Hypothetical protein of unknown function
Pcub-MSU1_003_000688.1	unannotated	Hypothetical protein of unknown function
Pcub-MSU1_003_000224.1	eggnog	RNA transport
Pcub-MSU1_003_000687.1	eggnog	Found in Skp1 protein family
Pcub-MSU1_003_000686.1	eggnog	Calcium-activated chloride channel
Pcub-MSU1_003_000225.1	eggnog	Phosphotransferase enzyme family
Pcub-MSU1_003_000685.1	eggnog	Nup85 Nucleoporin
Pcub-MSU1_003_000684.1	eggnog	Domain found in IF2B/IF5
Pcub-MSU1_003_000226.1	eggnog	Aldehyde dehydrogenase family
Pcub-MSU1_003_000227.1	blastp	Homology to Phytophthora palmivora predicted protein POM65590.1
Pcub-MSU1_003_000683.1	eggnog	MuDR family transposase
Pcub-MSU1_003_000228.1	eggnog	RecQ-mediated genome instability protein 2
Pcub-MSU1_003_000229.1	blastp	Homology to Peronospora belbahrii predicted protein CAH0482652.1
Pcub-MSU1_003_000682.1	eggnog	ubiquitin-protein transferase activity
Pcub-MSU1_003_000230.1	eggnog	Binds the poly(A) tail of mRNA
Pcub-MSU1_003_000231.1	eggnog	domain-containing protein
Pcub-MSU1_003_000232.1	eggnog	Prephenate dehydratase
Pcub-MSU1_003_000681.1	blastp	Homology to Phytophthora pseudosyringae predicted protein KAG7391000.1
Pcub-MSU1_003_000233.1	eggnog	Organic solute transporter Ostalpha
Pcub-MSU1_003_000680.1	eggnog	Condensin complex subunit 2
Pcub-MSU1_003_000234.1	blastp	Homology to Phytophthora pseudosyringae predicted protein KAG7391000.1
Pcub-MSU1_003_000235.1	eggnog	Ankyrin repeat
Pcub-MSU1_003_000679.1	blastp	Homology to Phytophthora pseudosyringae predicted protein KAG7391004.1
Pcub-MSU1_003_000236.1	eggnog	Uncharacterised protein family UPF0047
Pcub-MSU1_003_000678.1	blastp	Homology to Phytophthora cactorum predicted protein KAG2788332.1
Pcub-MSU1_003_000237.1	eggnog	Dephospho-CoA kinase
Pcub-MSU1_003_000238.1	eggnog	Required for proper homologous chromosome pairing and efficient cross-over and intragenic recombination during meiosis
Pcub-MSU1_003_000677.1	eggnog	domain-containing protein
Pcub-MSU1_003_000676.1	blastp	Homology to Phytophthora pseudosyringae predicted protein KAG7391011.1
Pcub-MSU1_003_000675.1	eggnog	YEATS family
Pcub-MSU1_003_000239.1	eggnog	domain-containing protein
Pcub-MSU1_003_000674.1	unannotated	Hypothetical protein of unknown function
Pcub-MSU1_003_000673.1	eggnog	domain-containing protein
Pcub-MSU1_003_000672.1	unannotated	Hypothetical protein of unknown function
Pcub-MSU1_003_000240.1	eggnog	UAA transporter family
Pcub-MSU1_003_000671.1	eggnog	Armadillo/beta-catenin-like repeat
Pcub-MSU1_003_000670.1	eggnog	domain-containing protein
Pcub-MSU1_003_000241.1	eggnog	domain-containing protein
Pcub-MSU1_003_000669.1	eggnog	domain-containing protein
Pcub-MSU1_003_000668.1	eggnog	BT1 family
Pcub-MSU1_003_000242.1	eggnog	BT1 family
Pcub-MSU1_003_000243.1	unannotated	Hypothetical protein of unknown function
Pcub-MSU1_003_000667.1	eggnog	domain-containing protein
Pcub-MSU1_003_000666.1	eggnog	DNA mismatch repair protein Mlh1 C-terminus
Pcub-MSU1_003_000244.1	blastp	Homology to Peronospora farinosa predicted protein CAH0485211.1
Pcub-MSU1_003_000665.1	eggnog	domain-containing protein
Pcub-MSU1_003_000664.1	eggnog	domain-containing protein
Pcub-MSU1_003_000245.1	eggnog	Ribosomal protein S8e
Pcub-MSU1_003_000663.1	eggnog	Stage V sporulation protein AD (SpoVAD)
Pcub-MSU1_003_000246.1	eggnog	domain-containing protein
Pcub-MSU1_003_000662.1	eggnog	A-type (transient outward) potassium channel activity
Pcub-MSU1_003_000247.1	eggnog	A-type (transient outward) potassium channel activity
Pcub-MSU1_003_000661.1	eggnog	domain-containing protein
Pcub-MSU1_003_000248.1	eggnog	Prephenate dehydrogenase
Pcub-MSU1_003_000660.1	eggnog	Domain of unknown function (DUF543)
Pcub-MSU1_003_000249.1	eggnog	domain-containing protein
Pcub-MSU1_003_000659.1	eggnog	dolichyl monophosphate biosynthetic process
Pcub-MSU1_003_000250.1	eggnog	Protein of unknown function (DUF445)
Pcub-MSU1_003_000658.1	eggnog	domain-containing protein
Pcub-MSU1_003_000657.1	eggnog	RNA-binding component of the eukaryotic translation initiation factor 3 (eIF-3) complex, which is involved in protein synthesis of a specialized repertoire of mRNAs and, together with other initiation factors, stimulates binding of mRNA and methionyl-tRNAi to the 40S ribosome
Pcub-MSU1_003_000251.1	eggnog	domain-containing protein
Pcub-MSU1_003_000252.1	eggnog	Anaphase-promoting complex, cyclosome, subunit 4
Pcub-MSU1_003_000656.1	eggnog	Ion channel
Pcub-MSU1_003_000655.1	eggnog	Binds to the signal sequence of presecretory protein when they emerge from the ribosomes and transfers them to TRAM (translocating chain-associating membrane protein)
Pcub-MSU1_003_000253.1	eggnog	domain-containing protein
Pcub-MSU1_003_000654.1	eggnog	DHHC palmitoyltransferase
Pcub-MSU1_003_000254.1	eggnog	Ankyrin repeats (many copies)
Pcub-MSU1_003_000255.1	eggnog	domain-containing protein
Pcub-MSU1_003_000653.1	eggnog	domain-containing protein
Pcub-MSU1_003_000256.1	blastp	Homology to Phytophthora pseudosyringae predicted protein KAG7393283.1
Pcub-MSU1_003_000652.1	unannotated	Hypothetical protein of unknown function
Pcub-MSU1_003_000257.1	eggnog	Cellulase (glycosyl hydrolase family 5)
Pcub-MSU1_003_000258.1	eggnog	domain-containing protein
Pcub-MSU1_003_000259.1	blastp	Homology to Peronospora belbahrii predicted protein CAH0520902.1
Pcub-MSU1_003_000260.1	blastp	Homology to Phytophthora pseudosyringae predicted protein KAG7393267.1
Pcub-MSU1_003_000651.1	eggnog	negative regulation of proteasomal protein catabolic process (PSMF1)
Pcub-MSU1_003_000650.1	interproscan	PTHR13056 domain-containing protein
Pcub-MSU1_003_000649.1	eggnog	domain-containing protein
Pcub-MSU1_003_000261.1	eggnog	domain-containing protein
Pcub-MSU1_003_000648.1	eggnog	Ribonuclease-III-like
Pcub-MSU1_003_000647.1	eggnog	Taurine catabolism dioxygenase TauD, TfdA family
Pcub-MSU1_003_000646.1	eggnog	Removes the phosphate from trehalose 6-phosphate to produce free trehalose
Pcub-MSU1_003_000262.1	eggnog	domain-containing protein
Pcub-MSU1_003_000263.1	eggnog	domain-containing protein
Pcub-MSU1_003_000264.1	eggnog	Taurine catabolism dioxygenase TauD, TfdA family
Pcub-MSU1_003_000265.1	eggnog	Type I phosphodiesterase / nucleotide pyrophosphatase
Pcub-MSU1_003_000645.1	eggnog	Eukaryotic elongation factor 5A hypusine, DNA-binding OB fold
Pcub-MSU1_003_000266.1	eggnog	domain-containing protein
Pcub-MSU1_003_000644.1	eggnog	serine transport (SERINC3)
Pcub-MSU1_003_000267.1	interproscan	PTHR31569 domain-containing protein
Pcub-MSU1_003_000268.1	eggnog	regulation of cilium movement involved in cell motility
Pcub-MSU1_003_000643.1	eggnog	3'5'-cyclic nucleotide phosphodiesterase
Pcub-MSU1_003_000269.1	eggnog	PSP1 C-terminal conserved region
Pcub-MSU1_003_000270.1	eggnog	Rho guanyl-nucleotide exchange factor activity
Pcub-MSU1_003_000271.1	eggnog	FYVE, RhoGEF and PH
Pcub-MSU1_003_000272.1	eggnog	FYVE, RhoGEF and PH
Pcub-MSU1_003_000273.1	eggnog	Protein present in Fab1, YOTB, Vac1, and EEA1
Pcub-MSU1_003_000274.1	eggnog	Microtubule binding
Pcub-MSU1_003_000642.1	blastp	Homology to Phytophthora megakarya predicted protein OWZ24809.1
Pcub-MSU1_003_000641.1	eggnog	Proteasome subunit A N-terminal signature
Pcub-MSU1_003_000275.1	eggnog	Polysaccharide deacetylase
Pcub-MSU1_003_000640.1	eggnog	SNARE complex assembly
Pcub-MSU1_003_000639.1	eggnog	Ribosomal protein L11 methyltransferase (PrmA)
Pcub-MSU1_003_000276.1	eggnog	Phosphatidylinositol 3- and 4-kinase
Pcub-MSU1_003_000638.1	eggnog	Ferrous iron transport protein B
Pcub-MSU1_003_000277.1	eggnog	WD40 repeats
Pcub-MSU1_003_000278.1	eggnog	Triose-phosphate Transporter family
Pcub-MSU1_003_000279.1	eggnog	Phosphatidylinositol N-acetylglucosaminyltransferase
Pcub-MSU1_003_000280.1	eggnog	domain-containing protein
Pcub-MSU1_003_000637.1	eggnog	JmjC domain, hydroxylase
Pcub-MSU1_003_000636.1	eggnog	JmjC domain, hydroxylase
Pcub-MSU1_003_000635.1	eggnog	GTP binding
Pcub-MSU1_003_000634.1	eggnog	ADP-ribosylation factor family. Source PGD
Pcub-MSU1_003_000633.1	unannotated	Hypothetical protein of unknown function
Pcub-MSU1_003_000632.1	eggnog	ADP-ribosylation factor family. Source PGD
Pcub-MSU1_003_000631.1	eggnog	Integrator complex subunit 3
Pcub-MSU1_003_000630.1	eggnog	Leucine Rich repeat
Pcub-MSU1_003_000281.1	eggnog	Citrate transporter
Pcub-MSU1_003_000629.1	eggnog	Vps52 / Sac2 family
Pcub-MSU1_003_000628.1	eggnog	domain-containing protein
Pcub-MSU1_003_000627.1	eggnog	Transcription factor DP
Pcub-MSU1_003_000282.1	eggnog	Mago nashi protein
Pcub-MSU1_003_000283.1	eggnog	ADP-ribosylation factor family
Pcub-MSU1_003_000626.1	eggnog	ORMDL family
Pcub-MSU1_003_000284.1	eggnog	ER-Golgi trafficking TRAPP I complex 85 kDa subunit
Pcub-MSU1_003_000625.1	eggnog	regulation of centriole replication
Pcub-MSU1_003_000285.1	eggnog	COPI associated protein
Pcub-MSU1_003_000286.1	unannotated	Hypothetical protein of unknown function
Pcub-MSU1_003_000624.1	eggnog	COPI associated protein
Pcub-MSU1_003_000623.1	eggnog	The coatomer is a cytosolic protein complex that binds to dilysine motifs and reversibly associates with Golgi non- clathrin-coated vesicles, which further mediate biosynthetic protein transport from the ER, via the Golgi up to the trans Golgi network
Pcub-MSU1_003_000622.1	eggnog	domain-containing protein
Pcub-MSU1_003_000287.1	eggnog	pre-mRNA processing factor 4 (PRP4) like
Pcub-MSU1_003_000288.1	eggnog	Domain present in PSD-95, Dlg, and ZO-1/2
Pcub-MSU1_003_000621.1	eggnog	O-methyltransferase that catalyzes the 2 O-methylation steps in the ubiquinone biosynthetic pathway
Pcub-MSU1_003_000289.1	blastp	Homology to Peronospora farinosa predicted protein CAH0488063.1
Pcub-MSU1_003_000620.1	eggnog	Vps5 C terminal like
Pcub-MSU1_003_000290.1	eggnog	CT11-RanBPM
Pcub-MSU1_003_000619.1	interproscan	PTHR16057 domain-containing protein
Pcub-MSU1_003_000291.1	eggnog	protein ubiquitination
Pcub-MSU1_003_000292.1	eggnog	protein ubiquitination
Pcub-MSU1_003_000293.1	blastp	Homology to Phytophthora pseudosyringae predicted protein KAG7393204.1
Pcub-MSU1_003_000618.1	eggnog	Sodium/calcium exchanger protein
Pcub-MSU1_003_000617.1	eggnog	Photosystem II 12 kDa extrinsic protein (PsbU)
Pcub-MSU1_003_000294.1	eggnog	YrhK-like protein
Pcub-MSU1_003_000295.1	eggnog	WD40 repeats
Pcub-MSU1_003_000296.1	eggnog	voltage-gated potassium channel activity
Pcub-MSU1_003_000297.1	unannotated	Hypothetical protein of unknown function
Pcub-MSU1_003_000616.1	unannotated	Hypothetical protein of unknown function
Pcub-MSU1_003_000615.1	unannotated	Hypothetical protein of unknown function
Pcub-MSU1_003_000298.1	interproscan	G3DSA:1.20.120.1750 domain-containing protein
Pcub-MSU1_003_000614.1	interproscan	G3DSA:1.20.120.1750 domain-containing protein
Pcub-MSU1_003_000299.1	unannotated	Hypothetical protein of unknown function
Pcub-MSU1_003_000613.1	eggnog	voltage-gated potassium channel activity
Pcub-MSU1_003_000300.1	eggnog	domain-containing protein
Pcub-MSU1_003_000612.1	eggnog	EF-hand domain pair
Pcub-MSU1_003_000301.1	eggnog	Transcription initiation factor IID, 18kD subunit
Pcub-MSU1_003_000302.1	blastp	Homology to Phytophthora cactorum predicted protein KAG2927027.1
Pcub-MSU1_003_000303.1	eggnog	ASF1 like histone chaperone
Pcub-MSU1_003_000611.1	eggnog	Belongs to the class I-like SAM-binding methyltransferase superfamily
Pcub-MSU1_003_000610.1	eggnog	Ribosomal protein L24e
Pcub-MSU1_003_000304.1	eggnog	Mitochondrial carrier protein
Pcub-MSU1_003_000609.1	interproscan	G3DSA:1.25.40.10 domain-containing protein
Pcub-MSU1_003_000305.1	eggnog	3' exoribonuclease family, domain 1
Pcub-MSU1_003_000608.1	eggnog	Leucine Rich repeats (2 copies)
Pcub-MSU1_003_000306.1	eggnog	CCAAT-Binding transcription Factor
Pcub-MSU1_003_000607.1	eggnog	domain-containing protein
Pcub-MSU1_003_000307.1	interproscan	PTHR21694 domain-containing protein
Pcub-MSU1_003_000308.1	blastp	Homology to Peronospora destructor predicted protein CAI5719761.1
Pcub-MSU1_003_000309.1	eggnog	COPI associated protein
Pcub-MSU1_003_000606.1	eggnog	COPI associated protein
Pcub-MSU1_003_000605.1	eggnog	Squalene epoxidase
Pcub-MSU1_003_000310.1	eggnog	assists the folding of proteins upon ATP hydrolysis
Pcub-MSU1_003_000311.1	eggnog	cilium movement involved in cell motility
Pcub-MSU1_003_000312.1	eggnog	Mannosyltransferase (PIG-M)
Pcub-MSU1_003_000313.1	eggnog	Mannosyltransferase (PIG-M)
Pcub-MSU1_003_000604.1	eggnog	domain-containing protein
Pcub-MSU1_003_000603.1	eggnog	3'-5' exonuclease
Pcub-MSU1_003_000314.1	eggnog	domain-containing protein
Pcub-MSU1_003_000602.1	eggnog	domain-containing protein
Pcub-MSU1_003_000315.1	eggnog	inner dynein arm assembly
Pcub-MSU1_003_000601.1	eggnog	Catalyzes the formation of 6,7-dimethyl-8- ribityllumazine by condensation of 5-amino-6-(D- ribitylamino)uracil with 3,4-dihydroxy-2-butanone 4-phosphate
Pcub-MSU1_003_000316.1	unannotated	Hypothetical protein of unknown function
Pcub-MSU1_003_000317.1	unannotated	Hypothetical protein of unknown function
Pcub-MSU1_003_000318.1	unannotated	Hypothetical protein of unknown function
Pcub-MSU1_003_000319.1	unannotated	Hypothetical protein of unknown function
Pcub-MSU1_003_000320.1	unannotated	Hypothetical protein of unknown function
Pcub-MSU1_003_000321.1	unannotated	Hypothetical protein of unknown function
Pcub-MSU1_003_000322.1	unannotated	Hypothetical protein of unknown function
Pcub-MSU1_003_000323.1	unannotated	Hypothetical protein of unknown function
Pcub-MSU1_003_000324.1	unannotated	Hypothetical protein of unknown function
Pcub-MSU1_003_000325.1	unannotated	Hypothetical protein of unknown function
Pcub-MSU1_003_000326.1	unannotated	Hypothetical protein of unknown function
Pcub-MSU1_003_000327.1	unannotated	Hypothetical protein of unknown function
Pcub-MSU1_003_000328.1	unannotated	Hypothetical protein of unknown function
Pcub-MSU1_003_000329.1	unannotated	Hypothetical protein of unknown function
Pcub-MSU1_003_000330.1	unannotated	Hypothetical protein of unknown function
Pcub-MSU1_003_000331.1	unannotated	Hypothetical protein of unknown function
Pcub-MSU1_003_000332.1	unannotated	Hypothetical protein of unknown function
Pcub-MSU1_003_000333.1	unannotated	Hypothetical protein of unknown function
Pcub-MSU1_003_000334.1	unannotated	Hypothetical protein of unknown function
Pcub-MSU1_003_000335.1	unannotated	Hypothetical protein of unknown function
Pcub-MSU1_003_000336.1	unannotated	Hypothetical protein of unknown function
Pcub-MSU1_003_000337.1	unannotated	Hypothetical protein of unknown function
Pcub-MSU1_003_000338.1	unannotated	Hypothetical protein of unknown function
Pcub-MSU1_003_000339.1	unannotated	Hypothetical protein of unknown function
Pcub-MSU1_003_000340.1	unannotated	Hypothetical protein of unknown function
Pcub-MSU1_003_000341.1	unannotated	Hypothetical protein of unknown function
Pcub-MSU1_003_000342.1	unannotated	Hypothetical protein of unknown function
Pcub-MSU1_003_000343.1	unannotated	Hypothetical protein of unknown function
Pcub-MSU1_003_000344.1	unannotated	Hypothetical protein of unknown function
Pcub-MSU1_003_000345.1	unannotated	Hypothetical protein of unknown function
Pcub-MSU1_003_000346.1	unannotated	Hypothetical protein of unknown function
Pcub-MSU1_003_000347.1	unannotated	Hypothetical protein of unknown function
Pcub-MSU1_003_000348.1	unannotated	Hypothetical protein of unknown function
Pcub-MSU1_003_000349.1	unannotated	Hypothetical protein of unknown function
Pcub-MSU1_003_000600.1	eggnog	Rab subfamily of small GTPases
Pcub-MSU1_003_000599.1	eggnog	Rab subfamily of small GTPases
Pcub-MSU1_003_000350.1	eggnog	Belongs to the class I-like SAM-binding methyltransferase superfamily
Pcub-MSU1_003_000598.1	eggnog	Rab3 GTPase-activating protein regulatory subunit N-terminus
Pcub-MSU1_003_000351.1	blastp	Homology to Peronospora belbahrii predicted protein CAH0481707.1
Pcub-MSU1_003_000597.1	eggnog	Major Facilitator Superfamily
Pcub-MSU1_003_000352.1	interproscan	PTHR15549 domain-containing protein
Pcub-MSU1_003_000353.1	blastp	Homology to Phytophthora pseudosyringae predicted protein KAG7380290.1
Pcub-MSU1_003_000596.1	eggnog	polyadenylation-dependent snoRNA 3'-end processing
Pcub-MSU1_003_000354.1	eggnog	domain-containing protein
Pcub-MSU1_003_000595.1	eggnog	TatD related DNase
Pcub-MSU1_003_000355.1	eggnog	domain-containing protein
Pcub-MSU1_003_000594.1	eggnog	mRNA processing
Pcub-MSU1_003_000356.1	eggnog	Ubiquitin-2 like Rad60 SUMO-like
Pcub-MSU1_003_000593.1	interproscan	PTHR12242 domain-containing protein
Pcub-MSU1_003_000592.1	eggnog	intraciliary transport
Pcub-MSU1_003_000591.1	eggnog	domain-containing protein
Pcub-MSU1_003_000357.1	eggnog	Cwf15/Cwc15 cell cycle control protein
Pcub-MSU1_003_000590.1	eggnog	Possible plasma membrane-binding motif in junctophilins, PIP-5-kinases and protein kinases
Pcub-MSU1_003_000358.1	eggnog	Peptidyl-tRNA hydrolase
Pcub-MSU1_003_000359.1	unannotated	Hypothetical protein of unknown function
Pcub-MSU1_003_000360.1	blastp	Homology to Peronospora belbahrii predicted protein CAH0481725.1
Pcub-MSU1_003_000361.1	blastp	Homology to Phytophthora cactorum predicted protein KAG3028386.1
Pcub-MSU1_003_000589.1	eggnog	domain-containing protein
Pcub-MSU1_003_000588.1	interproscan	PTHR40280 domain-containing protein
Pcub-MSU1_003_000362.1	eggnog	Translation initiation factor eIF3 subunit 135
Pcub-MSU1_003_000363.1	eggnog	microtubule nucleation by interphase microtubule organizing center
Pcub-MSU1_003_000364.1	eggnog	cytochrome P450
Pcub-MSU1_003_000587.1	eggnog	ATPase activity, coupled to transmembrane movement of substances
Pcub-MSU1_003_000586.1	eggnog	cytochrome P450
Pcub-MSU1_003_000585.1	eggnog	Helicase associated domain (HA2) Add an annotation
Pcub-MSU1_003_000365.1	eggnog	Nuclear segregation protein
Pcub-MSU1_003_000584.1	eggnog	domain-containing protein
Pcub-MSU1_003_000583.1	blastp	Homology to Phytophthora lilii predicted protein GMF23704.1
Pcub-MSU1_003_000366.1	eggnog	domain-containing protein
Pcub-MSU1_003_000582.1	interproscan	PTHR22538 domain-containing protein
Pcub-MSU1_003_000581.1	eggnog	nicotinate phosphoribosyltransferase activity
Pcub-MSU1_003_000580.1	blastp	Homology to Peronospora effusa predicted protein CAI5716457.1
Pcub-MSU1_003_000367.1	eggnog	Protein tyrosine kinase
Pcub-MSU1_003_000368.1	blastp	Homology to Phytophthora capsici predicted protein KAG1697055.1
Pcub-MSU1_003_000579.1	eggnog	Leucine-rich repeat
Pcub-MSU1_003_000369.1	eggnog	Apicomplexan specific region near N-terminus
Pcub-MSU1_003_000370.1	eggnog	domain-containing protein
Pcub-MSU1_003_000578.1	interproscan	PTHR31827 domain-containing protein
Pcub-MSU1_003_000371.1	eggnog	Protein of unknown function (DUF3522)
Pcub-MSU1_003_000372.1	eggnog	May play a role in vesicular transport from endoplasmic reticulum to Golgi
Pcub-MSU1_003_000577.1	eggnog	domain-containing protein
Pcub-MSU1_003_000576.1	eggnog	domain-containing protein
Pcub-MSU1_003_000373.1	eggnog	SIT4 phosphatase-associated protein
Pcub-MSU1_003_000575.1	eggnog	Deoxyribonuclease II
Pcub-MSU1_003_000574.1	blastp	Homology to Peronospora belbahrii predicted protein CAH0481754.1
Pcub-MSU1_003_000573.1	eggnog	dynein light chain binding
Pcub-MSU1_003_000572.1	eggnog	domain-containing protein
Pcub-MSU1_003_000374.1	eggnog	Type III restriction enzyme, res subunit
Pcub-MSU1_003_000375.1	eggnog	calcium ion binding
Pcub-MSU1_003_000571.1	eggnog	EF hand
Pcub-MSU1_003_000376.1	eggnog	Homoserine dehydrogenase
Pcub-MSU1_003_000570.1	eggnog	domain-containing protein
Pcub-MSU1_003_000569.1	eggnog	NMDA receptor-regulated protein 1
Pcub-MSU1_003_000568.1	eggnog	TB2/DP1, HVA22 family
Pcub-MSU1_003_000377.1	eggnog	domain-containing protein
Pcub-MSU1_003_000378.1	blastp	Homology to Phytophthora nicotianae predicted protein ETP43680.1
Pcub-MSU1_003_000379.1	eggnog	domain-containing protein
Pcub-MSU1_003_000380.1	eggnog	domain-containing protein
Pcub-MSU1_003_000567.1	blastp	Homology to Phytophthora palmivora predicted protein POM79168.1
Pcub-MSU1_003_000566.1	blastp	Homology to Phytophthora citrophthora predicted protein KAK1946030.1
Pcub-MSU1_003_000381.1	eggnog	Uncharacterized ACR, COG1678
Pcub-MSU1_003_000565.1	eggnog	domain-containing protein
Pcub-MSU1_003_000382.1	blastp	Homology to Phytophthora pseudosyringae predicted protein KAG7378663.1
Pcub-MSU1_003_000383.1	blastp	Homology to Phytophthora cactorum predicted protein KAG2917338.1
Pcub-MSU1_003_000564.1	eggnog	116 kDa U5 small nuclear ribonucleoprotein component N-terminus
Pcub-MSU1_003_000563.1	eggnog	PH domain associated with Beige/BEACH
Pcub-MSU1_003_000562.1	eggnog	domain-containing protein
Pcub-MSU1_003_000384.1	eggnog	Leucine-rich repeat
Pcub-MSU1_003_000385.1	blastp	Homology to Phytophthora pseudosyringae predicted protein KAG7376852.1
Pcub-MSU1_003_000561.1	blastp	Homology to Phytophthora pseudosyringae predicted protein KAG7376851.1
Pcub-MSU1_003_000386.1	eggnog	Frag1/DRAM/Sfk1 family
Pcub-MSU1_003_000560.1	eggnog	Protein of unknown function (DUF726)
Pcub-MSU1_003_000387.1	eggnog	The ARF-like 2 binding protein BART
Pcub-MSU1_003_000559.1	eggnog	Ankyrin repeat
Pcub-MSU1_003_000388.1	eggnog	domain-containing protein
Pcub-MSU1_003_000558.1	unannotated	Hypothetical protein of unknown function
Pcub-MSU1_003_000557.1	interproscan	PTHR23164 domain-containing protein
Pcub-MSU1_003_000556.1	unannotated	Hypothetical protein of unknown function
Pcub-MSU1_003_000555.1	interproscan	PTHR23164 domain-containing protein
Pcub-MSU1_003_000389.1	eggnog	Ankyrin repeat
Pcub-MSU1_003_000390.1	blastp	Homology to Phytophthora agathidicida predicted protein QMU24849.1
Pcub-MSU1_003_000554.1	eggnog	Ankyrin repeat
Pcub-MSU1_003_000391.1	interproscan	PTHR23164 domain-containing protein
Pcub-MSU1_003_000392.1	interproscan	PTHR23164 domain-containing protein
Pcub-MSU1_003_000393.1	blastp	Homology to Phytophthora pseudosyringae predicted protein KAG7381834.1
Pcub-MSU1_003_000553.1	interproscan	PTHR35518 domain-containing protein
Pcub-MSU1_003_000394.1	blastp	Homology to Phytophthora nicotianae predicted protein XP_008893713.1
Pcub-MSU1_003_000552.1	eggnog	domain-containing protein
Pcub-MSU1_003_000395.1	unannotated	Hypothetical protein of unknown function
Pcub-MSU1_003_000396.1	eggnog	Phosphate acyltransferases
Pcub-MSU1_003_000551.1	blastp	Homology to Phytophthora cactorum predicted protein KAG2771378.1
Pcub-MSU1_003_000397.1	unannotated	Hypothetical protein of unknown function
Pcub-MSU1_003_000550.1	eggnog	Homeodomain
Pcub-MSU1_003_000398.1	eggnog	Essential component of the cytosolic iron-sulfur (Fe S) protein assembly machinery
Pcub-MSU1_003_000399.1	blastp	Homology to Phytophthora pseudosyringae predicted protein KAG7377716.1
Pcub-MSU1_003_000549.1	eggnog	nucleotide-sugar transmembrane transporter activity
Pcub-MSU1_003_000400.1	blastp	Homology to Phytophthora idaei predicted protein KAG3109702.1
Pcub-MSU1_003_000401.1	eggnog	motor activity
Pcub-MSU1_003_000548.1	eggnog	Acid phosphatase homologues
Pcub-MSU1_003_000547.1	blastp	Homology to Phytophthora cinnamomi predicted protein KAG6609152.1
Pcub-MSU1_003_000546.1	eggnog	histone-lysine N-methyltransferase activity
Pcub-MSU1_003_000545.1	eggnog	WD40 repeats
Pcub-MSU1_003_000402.1	eggnog	Domain present in PSD-95, Dlg, and ZO-1/2
Pcub-MSU1_003_000403.1	blastp	Homology to Phytophthora megakarya predicted protein OWZ09115.1
Pcub-MSU1_003_000404.1	eggnog	domain-containing protein
Pcub-MSU1_003_000405.1	eggnog	polynucleotide adenylyltransferase activity
Pcub-MSU1_003_000544.1	unannotated	Hypothetical protein of unknown function
Pcub-MSU1_003_000543.1	eggnog	WHEP-TRS
Pcub-MSU1_003_000542.1	eggnog	Delta-aminolevulinic acid dehydratase
Pcub-MSU1_003_000406.1	eggnog	PRELI-like family
Pcub-MSU1_003_000407.1	eggnog	E-Z type HEAT repeats
Pcub-MSU1_003_000408.1	eggnog	E-Z type HEAT repeats
Pcub-MSU1_003_000541.1	eggnog	Motif C-terminal to PAS motifs (likely to contribute to PAS structural domain)
Pcub-MSU1_003_000540.1	eggnog	Rab subfamily of small GTPases
Pcub-MSU1_003_000409.1	eggnog	Proteasome assembly chaperone 3
Pcub-MSU1_003_000410.1	blastp	Homology to Phytophthora palmivora predicted protein POM69716.1
Pcub-MSU1_003_000411.1	eggnog	Belongs to the TRAFAC class TrmE-Era-EngA-EngB-Septin- like GTPase superfamily
Pcub-MSU1_003_000412.1	eggnog	domain-containing protein
Pcub-MSU1_003_000413.1	eggnog	Histone H3
Pcub-MSU1_003_000539.1	interproscan	G3DSA:1.25.40.20 domain-containing protein
Pcub-MSU1_003_000414.1	eggnog	domain-containing protein
Pcub-MSU1_003_000415.1	eggnog	ADP-ribosylation factor family
Pcub-MSU1_003_000538.1	eggnog	Tctex-1 family
Pcub-MSU1_003_000416.1	eggnog	Ring finger
Pcub-MSU1_003_000537.1	eggnog	Domain Homologous to E6-AP Carboxyl Terminus with
Pcub-MSU1_003_000417.1	eggnog	Rab guanyl-nucleotide exchange factor activity
Pcub-MSU1_003_000418.1	eggnog	Tctex-1 family
Pcub-MSU1_003_000536.1	eggnog	ADP-ribosylation factor family
Pcub-MSU1_003_000535.1	eggnog	domain-containing protein
Pcub-MSU1_003_000534.1	eggnog	domain-containing protein
Pcub-MSU1_003_000533.1	eggnog	Ribosomal protein L11 methyltransferase (PrmA)
Pcub-MSU1_003_000532.1	eggnog	domain-containing protein
Pcub-MSU1_003_000419.1	unannotated	Hypothetical protein of unknown function
Pcub-MSU1_003_000420.1	eggnog	Endonuclease that specifically degrades the RNA of RNA- DNA hybrids
Pcub-MSU1_003_000421.1	eggnog	PhoX homologous domain, present in p47phox and p40phox
Pcub-MSU1_003_000422.1	eggnog	PhoX homologous domain, present in p47phox and p40phox
Pcub-MSU1_003_000531.1	blastp	Homology to Phytophthora pseudosyringae predicted protein KAG7386706.1
Pcub-MSU1_003_000423.1	interproscan	G3DSA:1.20.1270.60 domain-containing protein
Pcub-MSU1_003_000424.1	eggnog	domain-containing protein
Pcub-MSU1_003_000530.1	eggnog	domain-containing protein
Pcub-MSU1_003_000425.1	interproscan	PTHR22538 domain-containing protein
Pcub-MSU1_003_000529.1	eggnog	Vacuolar protein sorting protein 11 C terminal
Pcub-MSU1_003_000426.1	eggnog	Domain of unknown function (DUF4539)
Pcub-MSU1_003_000427.1	eggnog	domain-containing protein
Pcub-MSU1_003_000528.1	eggnog	cyclin-dependent protein serine/threonine kinase activity
Pcub-MSU1_003_000527.1	eggnog	LEM3 (ligand-effect modulator 3) family / CDC50 family
Pcub-MSU1_003_000428.1	eggnog	RNA recognition motif
Pcub-MSU1_003_000429.1	eggnog	domain-containing protein
Pcub-MSU1_003_000430.1	eggnog	domain-containing protein
Pcub-MSU1_003_000526.1	eggnog	Vacuolar sorting protein 39 domain 1
Pcub-MSU1_003_000431.1	eggnog	regulation of canonical Wnt signaling pathway involved in osteoblast differentiation
Pcub-MSU1_003_000432.1	blastp	Homology to Phytophthora nicotianae predicted protein ETM51249.1
Pcub-MSU1_003_000433.1	eggnog	ankyrin repeats
Pcub-MSU1_003_000525.1	eggnog	Homocysteine S-methyltransferase
Pcub-MSU1_003_000434.1	eggnog	Ankyrin repeats (many copies)
Pcub-MSU1_003_000524.1	blastp	Homology to Phytophthora pseudosyringae predicted protein KAG7386681.1
Pcub-MSU1_003_000435.1	eggnog	WD40 repeats
Pcub-MSU1_003_000436.1	eggnog	WD40 repeats
Pcub-MSU1_003_000437.1	eggnog	domain-containing protein
Pcub-MSU1_003_000523.1	eggnog	NAD(P)H quinone oxidoreductase, type IV
Pcub-MSU1_003_000438.1	eggnog	YjgF/chorismate_mutase-like, putative endoribonuclease
Pcub-MSU1_003_000522.1	eggnog	Removes the phosphate from trehalose 6-phosphate to produce free trehalose
Pcub-MSU1_003_000439.1	interproscan	PTHR36377 domain-containing protein
Pcub-MSU1_003_000521.1	eggnog	5' nucleotidase, deoxy (Pyrimidine), cytosolic type C protein (NT5C)
Pcub-MSU1_003_000440.1	eggnog	PhoX homologous domain, present in p47phox and p40phox
Pcub-MSU1_003_000520.1	eggnog	xenon atom binding
Pcub-MSU1_003_000441.1	eggnog	Choline/Carnitine o-acyltransferase
Pcub-MSU1_003_000442.1	eggnog	5' nucleotidase, deoxy (Pyrimidine), cytosolic type C protein (NT5C)
Pcub-MSU1_003_000519.1	blastp	Homology to Phytophthora palmivora predicted protein POM60158.1
Pcub-MSU1_003_000443.1	eggnog	Zinc-dependent metalloprotease
Pcub-MSU1_003_000518.1	blastp	Homology to Phytophthora nicotianae predicted protein XP_008902402.1
Pcub-MSU1_003_000444.1	interproscan	G3DSA:1.25.40.10 domain-containing protein
Pcub-MSU1_003_000517.1	eggnog	Phosphoglycerate mutase family
Pcub-MSU1_003_000516.1	eggnog	Ubiquitin-conjugating enzyme E2, catalytic domain homologues
Pcub-MSU1_003_000515.1	eggnog	Domain of unknown function (DUF4200)
Pcub-MSU1_003_000514.1	blastp	Homology to Phytophthora sojae predicted protein XP_009526892.1
Pcub-MSU1_003_000513.1	eggnog	Vacuolar protein sorting protein 11 C terminal
Pcub-MSU1_003_000445.1	eggnog	Vacuolar protein sorting protein 11 C terminal
Pcub-MSU1_003_000446.1	blastp	Homology to Phytophthora cinnamomi predicted protein KAG6602967.1
Pcub-MSU1_003_000512.1	eggnog	Complex1_LYR-like
Pcub-MSU1_003_000511.1	eggnog	Diacylglycerol kinase accessory domain (presumed)
Pcub-MSU1_003_000510.1	eggnog	ubiquitin-like protein transferase activity
Pcub-MSU1_003_000447.1	eggnog	Diacylglycerol kinase accessory domain (presumed)
Pcub-MSU1_003_000509.1	eggnog	PCRF
Pcub-MSU1_003_000508.1	eggnog	domain-containing protein
Pcub-MSU1_003_000448.1	unannotated	Hypothetical protein of unknown function
Pcub-MSU1_003_000449.1	unannotated	Hypothetical protein of unknown function
Pcub-MSU1_003_000507.1	unannotated	Hypothetical protein of unknown function
Pcub-MSU1_003_000450.1	unannotated	Hypothetical protein of unknown function
Pcub-MSU1_003_000451.1	eggnog	Trehalose-phosphatase
Pcub-MSU1_003_000506.1	eggnog	chitinase activity
Pcub-MSU1_003_000452.1	interproscan	PTHR43102 domain-containing protein
Pcub-MSU1_003_000505.1	eggnog	Sodium/calcium exchanger protein
Pcub-MSU1_003_000453.1	eggnog	Sodium/calcium exchanger protein
Pcub-MSU1_003_000504.1	interproscan	PTHR43102 domain-containing protein
Pcub-MSU1_003_000454.1	eggnog	Trehalose-phosphatase
Pcub-MSU1_003_000503.1	eggnog	chitinase activity
Pcub-MSU1_003_000455.1	eggnog	Trehalose-phosphatase
Pcub-MSU1_003_000502.1	eggnog	Ctr copper transporter family
Pcub-MSU1_003_000456.1	eggnog	Ctr copper transporter family
Pcub-MSU1_003_000501.1	unannotated	Hypothetical protein of unknown function
Pcub-MSU1_003_000500.1	eggnog	Binding domain of DNA repair protein Ercc1 (rad10/Swi10)
Pcub-MSU1_003_000499.1	blastp	Homology to Phytophthora lilii predicted protein GMF25373.1
Pcub-MSU1_003_000457.1	eggnog	chitinase activity
Pcub-MSU1_003_000498.1	eggnog	Trehalose-phosphatase
Pcub-MSU1_003_000458.1	eggnog	chitinase activity
Pcub-MSU1_003_000497.1	eggnog	Trehalose-phosphatase
Pcub-MSU1_003_000459.1	eggnog	chitinase activity
Pcub-MSU1_003_000496.1	eggnog	Trehalose-phosphatase
Pcub-MSU1_003_000460.1	eggnog	chitinase activity
Pcub-MSU1_003_000495.1	eggnog	Trehalose-phosphatase
Pcub-MSU1_003_000494.1	eggnog	Phosphorylase superfamily
Pcub-MSU1_003_000493.1	interproscan	G3DSA:3.30.530.20 domain-containing protein
Pcub-MSU1_003_000461.1	eggnog	Phosphorylase superfamily
Pcub-MSU1_003_000462.1	eggnog	Trehalose-phosphatase
Pcub-MSU1_003_000492.1	eggnog	chitinase activity
Pcub-MSU1_003_000463.1	eggnog	Lysin motif
Pcub-MSU1_003_000491.1	blastp	Homology to Peronospora effusa predicted protein RQM17766.1
Pcub-MSU1_003_000490.1	eggnog	domain-containing protein
Pcub-MSU1_003_000464.1	blastp	Homology to Phytophthora pseudosyringae predicted protein KAG7386194.1
Pcub-MSU1_003_000489.1	eggnog	Catalyzes the formation of S-adenosylmethionine from methionine and ATP
Pcub-MSU1_003_000465.1	eggnog	domain-containing protein
Pcub-MSU1_003_000488.1	eggnog	DUF1767
Pcub-MSU1_003_000487.1	blastp	Homology to Phytophthora pseudosyringae predicted protein KAG7386189.1
Pcub-MSU1_003_000486.1	eggnog	Lipopolysaccharide kinase (Kdo/WaaP) family
Pcub-MSU1_003_000466.1	eggnog	Lipopolysaccharide kinase (Kdo/WaaP) family
Pcub-MSU1_003_000485.1	eggnog	Shugoshin C terminus
Pcub-MSU1_003_000467.1	blastp	Homology to Hyaloperonospora brassicae predicted protein CAI5736800.1
Pcub-MSU1_003_000468.1	eggnog	copper transporter
Pcub-MSU1_003_000484.1	eggnog	copper transporter
Pcub-MSU1_003_000469.1	eggnog	domain-containing protein
Pcub-MSU1_003_000483.1	eggnog	Splits internally a 1,3-beta-glucan molecule and transfers the newly generated reducing end (the donor) to the non- reducing end of another 1,3-beta-glucan molecule (the acceptor) forming a 1,3-beta linkage, resulting in the elongation of 1,3- beta-glucan chains in the cell wall
Pcub-MSU1_003_000470.1	eggnog	Splits internally a 1,3-beta-glucan molecule and transfers the newly generated reducing end (the donor) to the non- reducing end of another 1,3-beta-glucan molecule (the acceptor) forming a 1,3-beta linkage, resulting in the elongation of 1,3- beta-glucan chains in the cell wall
Pcub-MSU1_003_000471.1	eggnog	domain-containing protein
Pcub-MSU1_003_000482.1	eggnog	spectrin binding
Pcub-MSU1_003_000472.1	blastp	Homology to Phytophthora rubi predicted protein KAE9043968.1
Pcub-MSU1_003_000481.1	eggnog	Mitochondrial carrier protein
Pcub-MSU1_003_000473.1	eggnog	spectrin binding
Pcub-MSU1_003_000480.1	eggnog	domain-containing protein
Pcub-MSU1_003_000474.1	eggnog	calcium ion export across plasma membrane
Pcub-MSU1_003_000475.1	eggnog	basic region leucin zipper
Pcub-MSU1_003_000479.1	eggnog	Transmembrane amino acid transporter protein
Pcub-MSU1_003_000476.1	eggnog	calcium ion export across plasma membrane
Pcub-MSU1_003_000477.1	eggnog	Adenosine/AMP deaminase
Pcub-MSU1_003_000478.1	interproscan	PTHR21694 domain-containing protein
Pcub-MSU1_004_001164.1	eggnog	domain-containing protein
Pcub-MSU1_004_000001.1	eggnog	domain-containing protein
Pcub-MSU1_004_001163.1	eggnog	domain-containing protein
Pcub-MSU1_004_000002.1	eggnog	Anaphase promoting complex subunit 8 / Cdc23
Pcub-MSU1_004_001162.1	eggnog	domain-containing protein
Pcub-MSU1_004_001161.1	eggnog	spectrin binding
Pcub-MSU1_004_000003.1	interproscan	PTHR39473 domain-containing protein
Pcub-MSU1_004_000004.1	eggnog	Protein tyrosine kinase
Pcub-MSU1_004_000005.1	eggnog	spectrin binding
Pcub-MSU1_004_000006.1	eggnog	domain-containing protein
Pcub-MSU1_004_001160.1	eggnog	bZIP Maf transcription factor
Pcub-MSU1_004_001159.1	blastp	Homology to Phytophthora pseudosyringae predicted protein KAG7381770.1
Pcub-MSU1_004_000007.1	interproscan	PTHR39473 domain-containing protein
Pcub-MSU1_004_000008.1	eggnog	Glutaredoxin
Pcub-MSU1_004_000009.1	eggnog	Zinc finger, C3HC4 type (RING finger)
Pcub-MSU1_004_001158.1	blastp	Homology to Phytophthora infestans predicted protein KAF4037855.1
Pcub-MSU1_004_001157.1	interproscan	PTHR39473 domain-containing protein
Pcub-MSU1_004_000010.1	blastp	Homology to Phytophthora pseudosyringae predicted protein KAG7381770.1
Pcub-MSU1_004_001156.1	eggnog	C2H2-type zinc finger
Pcub-MSU1_004_000011.1	blastp	Homology to Phytophthora cactorum predicted protein RAW42901.1
Pcub-MSU1_004_001155.1	eggnog	Peroxidase, family 2
Pcub-MSU1_004_000012.1	eggnog	Neurochondrin
Pcub-MSU1_004_000013.1	eggnog	Neurochondrin
Pcub-MSU1_004_001154.1	eggnog	Peroxidase, family 2
Pcub-MSU1_004_001153.1	eggnog	Peroxidase, family 2
Pcub-MSU1_004_000014.1	interproscan	PTHR14716 domain-containing protein
Pcub-MSU1_004_001152.1	eggnog	DNA repair REX1-B
Pcub-MSU1_004_001151.1	eggnog	Calcineurin-like phosphoesterase
Pcub-MSU1_004_001150.1	eggnog	Calcineurin-like phosphoesterase
Pcub-MSU1_004_000015.1	eggnog	domain-containing protein
Pcub-MSU1_004_001149.1	eggnog	Urb2/Npa2 family
Pcub-MSU1_004_000016.1	eggnog	Belongs to the TRAFAC class myosin-kinesin ATPase superfamily
Pcub-MSU1_004_001148.1	eggnog	EXOIII
Pcub-MSU1_004_000017.1	eggnog	Crinkler (CRN) family protein
Pcub-MSU1_004_000018.1	eggnog	ligase activity
Pcub-MSU1_004_000019.1	blastp	Homology to Peronospora belbahrii predicted protein CAH0473982.1
Pcub-MSU1_004_001147.1	blastp	Homology to Peronospora belbahrii predicted protein CAH0473982.1
Pcub-MSU1_004_001146.1	eggnog	ligase activity
Pcub-MSU1_004_001145.1	eggnog	Crinkler (CRN) family protein
Pcub-MSU1_004_001144.1	eggnog	function. Source PGD
Pcub-MSU1_004_000020.1	eggnog	Nucleoside transporter
Pcub-MSU1_004_001143.1	eggnog	domain-containing protein
Pcub-MSU1_004_000021.1	eggnog	domain-containing protein
Pcub-MSU1_004_000022.1	blastp	Homology to Peronospora effusa predicted protein RMX67217.1
Pcub-MSU1_004_001142.1	eggnog	domain-containing protein
Pcub-MSU1_004_001141.1	eggnog	Mycolic acid cyclopropane synthetase
Pcub-MSU1_004_001140.1	eggnog	ATP adenylyltransferase
Pcub-MSU1_004_001139.1	eggnog	GDSL-like Lipase/Acylhydrolase family
Pcub-MSU1_004_001138.1	eggnog	domain-containing protein
Pcub-MSU1_004_001137.1	eggnog	Sybindin-like family
Pcub-MSU1_004_000023.1	eggnog	Mitochondrial carrier protein
Pcub-MSU1_004_000024.1	eggnog	spectrin binding
Pcub-MSU1_004_001136.1	eggnog	KIAA1430 homologue
Pcub-MSU1_004_000025.1	eggnog	Dynein attachment factor N-terminus
Pcub-MSU1_004_001135.1	eggnog	LysE type translocator
Pcub-MSU1_004_000026.1	eggnog	WD40 repeats
Pcub-MSU1_004_001134.1	eggnog	RNA recognition motif
Pcub-MSU1_004_001133.1	eggnog	U11-48K-like CHHC zinc finger
Pcub-MSU1_004_000027.1	eggnog	Uncharacterized protein family UPF0029
Pcub-MSU1_004_001132.1	eggnog	Ankyrin repeats (many copies)
Pcub-MSU1_004_000028.1	interproscan	G3DSA:2.60.120.1160 domain-containing protein
Pcub-MSU1_004_000029.1	interproscan	G3DSA:2.60.120.1160 domain-containing protein
Pcub-MSU1_004_000030.1	interproscan	G3DSA:2.60.120.1160 domain-containing protein
Pcub-MSU1_004_000031.1	interproscan	G3DSA:2.60.120.1160 domain-containing protein
Pcub-MSU1_004_000032.1	unannotated	Hypothetical protein of unknown function
Pcub-MSU1_004_001131.1	interproscan	G3DSA:2.60.120.1160 domain-containing protein
Pcub-MSU1_004_001130.1	unannotated	Hypothetical protein of unknown function
Pcub-MSU1_004_001129.1	unannotated	Hypothetical protein of unknown function
Pcub-MSU1_004_001128.1	interproscan	G3DSA:2.60.120.1160 domain-containing protein
Pcub-MSU1_004_001127.1	interproscan	G3DSA:2.60.120.1160 domain-containing protein
Pcub-MSU1_004_000033.1	interproscan	G3DSA:2.60.120.1160 domain-containing protein
Pcub-MSU1_004_000034.1	interproscan	G3DSA:2.60.120.1160 domain-containing protein
Pcub-MSU1_004_000035.1	interproscan	G3DSA:2.60.120.1160 domain-containing protein
Pcub-MSU1_004_000036.1	interproscan	G3DSA:2.60.120.1160 domain-containing protein
Pcub-MSU1_004_000037.1	interproscan	G3DSA:2.60.120.1160 domain-containing protein
Pcub-MSU1_004_001126.1	eggnog	WD domain, G-beta repeat
Pcub-MSU1_004_001125.1	eggnog	SAC3/GANP family
Pcub-MSU1_004_000038.1	eggnog	Ribosomal protein L13e
Pcub-MSU1_004_000039.1	eggnog	Apoptosis antagonizing transcription factor
Pcub-MSU1_004_001124.1	eggnog	Subunit CCDC53 of WASH complex
Pcub-MSU1_004_000040.1	interproscan	G3DSA:2.60.120.1160 domain-containing protein
Pcub-MSU1_004_000041.1	interproscan	G3DSA:2.60.120.1160 domain-containing protein
Pcub-MSU1_004_000042.1	eggnog	SAC3/GANP family
Pcub-MSU1_004_000043.1	eggnog	WD domain, G-beta repeat
Pcub-MSU1_004_001123.1	eggnog	domain-containing protein
Pcub-MSU1_004_000044.1	interproscan	PTHR21831 domain-containing protein
Pcub-MSU1_004_001122.1	eggnog	domain-containing protein
Pcub-MSU1_004_000045.1	blastp	Homology to Phytophthora fragariaefolia predicted protein GMF60655.1
Pcub-MSU1_004_000046.1	eggnog	mRNA cleavage and polyadenylation factor CLP1 P-loop
Pcub-MSU1_004_001121.1	eggnog	Regulator of chromosome condensation (RCC1) repeat
Pcub-MSU1_004_000047.1	blastp	Homology to Peronospora destructor predicted protein CAI5712003.1
Pcub-MSU1_004_000048.1	eggnog	protein-arginine N5-methyltransferase activity
Pcub-MSU1_004_000049.1	blastp	Homology to Phytophthora cactorum predicted protein KAG2790849.1
Pcub-MSU1_004_000050.1	eggnog	domain-containing protein
Pcub-MSU1_004_000051.1	eggnog	Inositol polyphosphate kinase
Pcub-MSU1_004_000052.1	eggnog	Inositol polyphosphate kinase
Pcub-MSU1_004_001120.1	interproscan	PTHR31827 domain-containing protein
Pcub-MSU1_004_000053.1	eggnog	Mitochondrial small ribosomal subunit Rsm22
Pcub-MSU1_004_001119.1	eggnog	Insulinase (Peptidase family M16)
Pcub-MSU1_004_000054.1	eggnog	regulation of early endosome to recycling endosome transport
Pcub-MSU1_004_000055.1	eggnog	Serine carboxypeptidase
Pcub-MSU1_004_001118.1	eggnog	domain-containing protein
Pcub-MSU1_004_000056.1	blastp	Homology to Phytophthora pseudosyringae predicted protein KAG7386131.1
Pcub-MSU1_004_000057.1	eggnog	Sedlin, N-terminal conserved region
Pcub-MSU1_004_001117.1	eggnog	May function in recognizing stalled ribosomes and triggering endonucleolytic cleavage of the mRNA, a mechanism to release non-functional ribosomes and degrade damaged mRNAs
Pcub-MSU1_004_000058.1	eggnog	BED zinc finger
Pcub-MSU1_004_001116.1	eggnog	Fumble
Pcub-MSU1_004_000059.1	blastp	Homology to Peronospora destructor predicted protein CAI5723273.1
Pcub-MSU1_004_000060.1	eggnog	domain-containing protein
Pcub-MSU1_004_001115.1	eggnog	Ydr279p protein family (RNase H2 complex component)
Pcub-MSU1_004_001114.1	eggnog	domain-containing protein
Pcub-MSU1_004_000061.1	eggnog	Ydr279p protein family (RNase H2 complex component)
Pcub-MSU1_004_000062.1	eggnog	ATP dependent DNA ligase C terminal region
Pcub-MSU1_004_000063.1	eggnog	ATP dependent DNA ligase C terminal region
Pcub-MSU1_004_000064.1	eggnog	Protein of unknown function (DUF3522)
Pcub-MSU1_004_001113.1	blastp	Homology to Phytophthora pseudosyringae predicted protein KAG7386116.1
Pcub-MSU1_004_001112.1	blastp	Homology to Phytophthora nicotianae predicted protein ETP36489.1
Pcub-MSU1_004_000065.1	eggnog	RNA recognition motif
Pcub-MSU1_004_000066.1	eggnog	RNA recognition motif
Pcub-MSU1_004_000067.1	blastp	Homology to Phytophthora palmivora predicted protein POM80185.1
Pcub-MSU1_004_000068.1	blastp	Homology to Phytophthora ramorum predicted protein KAH7479757.1
Pcub-MSU1_004_001111.1	eggnog	Ankyrin repeats (many copies)
Pcub-MSU1_004_001110.1	blastp	Homology to Phytophthora ramorum predicted protein KAH7479757.1
Pcub-MSU1_004_001109.1	eggnog	Transcription factor Iwr1
Pcub-MSU1_004_000069.1	eggnog	axoneme assembly
Pcub-MSU1_004_001108.1	eggnog	Catalyzes two activities which are involved in the cyclic version of arginine biosynthesis the synthesis of acetylglutamate from glutamate and acetyl-CoA, and of ornithine by transacetylation between acetylornithine and glutamate
Pcub-MSU1_004_000070.1	blastp	Homology to Phytophthora capsici predicted protein KAG1685836.1
Pcub-MSU1_004_001107.1	eggnog	Ankyrin repeats (many copies)
Pcub-MSU1_004_000071.1	eggnog	heat shock factor
Pcub-MSU1_004_000072.1	eggnog	heat shock factor
Pcub-MSU1_004_000073.1	eggnog	Eukaryotic elongation factor 5A hypusine, DNA-binding OB fold
Pcub-MSU1_004_001106.1	eggnog	domain-containing protein
Pcub-MSU1_004_001105.1	blastp	Homology to Phytophthora nicotianae predicted protein ETI38498.1
Pcub-MSU1_004_000074.1	eggnog	domain-containing protein
Pcub-MSU1_004_001104.1	eggnog	domain-containing protein
Pcub-MSU1_004_000075.1	eggnog	Calcineurin-like phosphoesterase
Pcub-MSU1_004_000076.1	eggnog	Domain in homologues of a S
Pcub-MSU1_004_000077.1	eggnog	Domain in homologues of a S
Pcub-MSU1_004_000078.1	eggnog	Probable N6-adenine methyltransferase
Pcub-MSU1_004_000079.1	eggnog	C2 domain of PTEN tumour-suppressor protein
Pcub-MSU1_004_001103.1	eggnog	C2 domain of PTEN tumour-suppressor protein
Pcub-MSU1_004_001102.1	eggnog	methyltransferase activity (EFM5)
Pcub-MSU1_004_000080.1	eggnog	Protein tyrosine kinase
Pcub-MSU1_004_001101.1	eggnog	2OG-Fe(II) oxygenase superfamily
Pcub-MSU1_004_001100.1	eggnog	Ribosomal protein L11 methyltransferase (PrmA)
Pcub-MSU1_004_000081.1	eggnog	WD40 repeats
Pcub-MSU1_004_000082.1	blastp	Homology to Phytophthora idaei predicted protein KAG3102052.1
Pcub-MSU1_004_001099.1	blastp	Homology to Peronospora effusa predicted protein UIZ26671.1
Pcub-MSU1_004_000083.1	eggnog	CH-like domain in sperm protein
Pcub-MSU1_004_001098.1	eggnog	Pectate lyase
Pcub-MSU1_004_000084.1	eggnog	polynucleotide adenylyltransferase activity
Pcub-MSU1_004_001097.1	eggnog	domain-containing protein
Pcub-MSU1_004_001096.1	eggnog	Transmembrane protein 65
Pcub-MSU1_004_000085.1	eggnog	Ribose 5-phosphate isomerase A (phosphoriboisomerase A)
Pcub-MSU1_004_001095.1	eggnog	RNA-binding, Nab2-type zinc finger
Pcub-MSU1_004_001094.1	blastp	Homology to Peronospora belbahrii predicted protein CAH0473903.1
Pcub-MSU1_004_001093.1	interproscan	SSF55961 domain-containing protein
Pcub-MSU1_004_000086.1	eggnog	phosphopantetheine binding
Pcub-MSU1_004_000087.1	eggnog	Biotin-requiring enzyme
Pcub-MSU1_004_000088.1	unannotated	Hypothetical protein of unknown function
Pcub-MSU1_004_000089.1	eggnog	heat shock factor
Pcub-MSU1_004_001092.1	eggnog	Biotin-requiring enzyme
Pcub-MSU1_004_000090.1	eggnog	PHD-finger
Pcub-MSU1_004_001091.1	eggnog	CAAX prenyl protease
Pcub-MSU1_004_000091.1	eggnog	WD domain, G-beta repeat
Pcub-MSU1_004_001090.1	eggnog	Eukaryotic initiation factor 4E
Pcub-MSU1_004_000092.1	eggnog	thromboxane A2 receptor binding
Pcub-MSU1_004_001089.1	interproscan	PTHR47553 domain-containing protein
Pcub-MSU1_004_001088.1	eggnog	RecQ zinc-binding
Pcub-MSU1_004_000093.1	blastp	Homology to Phytophthora cactorum predicted protein KAG4063484.1
Pcub-MSU1_004_001087.1	eggnog	component of the eukaryotic translation initiation factor 3 (eIF-3) complex, which is involved in protein synthesis of a specialized repertoire of mRNAs and, together with other initiation factors, stimulates binding of mRNA and methionyl-tRNAi to the 40S ribosome
Pcub-MSU1_004_000094.1	eggnog	Component of the ribosome assembly machinery
Pcub-MSU1_004_001086.1	eggnog	Belongs to the ribulose-phosphate 3-epimerase family
Pcub-MSU1_004_000095.1	eggnog	Mitochondrial ribosomal subunit S27
Pcub-MSU1_004_000096.1	blastp	Homology to Peronospora belbahrii predicted protein CAH0513394.1
Pcub-MSU1_004_001085.1	blastp	Homology to Phytophthora pseudosyringae predicted protein KAG7383104.1
Pcub-MSU1_004_000097.1	blastp	Homology to Peronospora effusa predicted protein RMX67076.1
Pcub-MSU1_004_000098.1	interproscan	G3DSA:2.60.120.920 domain-containing protein
Pcub-MSU1_004_001084.1	eggnog	DEAD-like helicases superfamily
Pcub-MSU1_004_001083.1	eggnog	lipid binding
Pcub-MSU1_004_000099.1	eggnog	Ciliary BBSome complex subunit 1
Pcub-MSU1_004_000100.1	eggnog	Calcineurin-like phosphoesterase
Pcub-MSU1_004_000101.1	interproscan	PTHR16631 domain-containing protein
Pcub-MSU1_004_001082.1	eggnog	TATA box binding protein associated factor
Pcub-MSU1_004_001081.1	eggnog	Leucine-rich repeat
Pcub-MSU1_004_000102.1	eggnog	Plant protein 1589 of unknown function (A_thal_3526)
Pcub-MSU1_004_001080.1	eggnog	Leucine Rich Repeat
Pcub-MSU1_004_001079.1	interproscan	PTHR13510 domain-containing protein
Pcub-MSU1_004_001078.1	interproscan	PTHR39290 domain-containing protein
Pcub-MSU1_004_001077.1	eggnog	Na+/H+ antiporter family
Pcub-MSU1_004_001076.1	blastp	Homology to Phytophthora capsici predicted protein KAG1697615.1
Pcub-MSU1_004_000103.1	eggnog	GDP-mannose 4,6 dehydratase
Pcub-MSU1_004_001075.1	eggnog	GDP-mannose 4,6 dehydratase
Pcub-MSU1_004_000104.1	eggnog	GDP-mannose 4,6 dehydratase
Pcub-MSU1_004_001074.1	eggnog	catalytic domain of ctd-like phosphatases
Pcub-MSU1_004_000105.1	interproscan	PTHR21520 domain-containing protein
Pcub-MSU1_004_001073.1	interproscan	PTHR21520 domain-containing protein
Pcub-MSU1_004_000106.1	eggnog	catalytic domain of ctd-like phosphatases
Pcub-MSU1_004_000107.1	eggnog	component of the eukaryotic translation initiation factor 3 (eIF-3) complex, which is involved in protein synthesis of a specialized repertoire of mRNAs and, together with other initiation factors, stimulates binding of mRNA and methionyl-tRNAi to the 40S ribosome
Pcub-MSU1_004_001072.1	eggnog	UTP15 C terminal
Pcub-MSU1_004_001071.1	eggnog	Tetraspanin family
Pcub-MSU1_004_000108.1	eggnog	Tetraspanin family
Pcub-MSU1_004_001070.1	blastp	Homology to Phytophthora nicotianae predicted protein ETO67142.1
Pcub-MSU1_004_001069.1	eggnog	Tub family
Pcub-MSU1_004_000109.1	eggnog	RPR
Pcub-MSU1_004_001068.1	eggnog	domain-containing protein
Pcub-MSU1_004_000110.1	eggnog	Calpain family cysteine protease
Pcub-MSU1_004_001067.1	interproscan	PTHR31827 domain-containing protein
Pcub-MSU1_004_000111.1	eggnog	Pyridine nucleotide-disulphide oxidoreductase
Pcub-MSU1_004_000112.1	eggnog	Protein tyrosine phosphatase, catalytic domain motif
Pcub-MSU1_004_001066.1	blastp	Homology to Phytophthora capsici predicted protein KAG1697583.1
Pcub-MSU1_004_001065.1	eggnog	RING-like zinc finger
Pcub-MSU1_004_000113.1	eggnog	Ras subfamily of RAS small GTPases
Pcub-MSU1_004_001064.1	eggnog	Protein of unknown function, DUF547
Pcub-MSU1_004_001063.1	eggnog	Aldehyde dehydrogenase family
Pcub-MSU1_004_000114.1	eggnog	NLI interacting factor-like phosphatase
Pcub-MSU1_004_001062.1	eggnog	Catalyzes the phosphorylation of ribose at O-5 in a reaction requiring ATP and magnesium
Pcub-MSU1_004_000115.1	eggnog	CENP-S associating Centromere protein X
Pcub-MSU1_004_001061.1	blastp	Homology to Phytophthora pseudosyringae predicted protein KAG7392612.1
Pcub-MSU1_004_001060.1	eggnog	Ribosomal L28e protein family
Pcub-MSU1_004_000116.1	eggnog	Allows the formation of correctly charged Gln-tRNA(Gln) through the transamidation of misacylated Glu-tRNA(Gln) in the mitochondria
Pcub-MSU1_004_000117.1	blastp	Homology to Peronospora belbahrii predicted protein CAH0513357.1
Pcub-MSU1_004_001059.1	eggnog	Erv1 / Alr family
Pcub-MSU1_004_001058.1	blastp	Homology to Phytophthora infestans predicted protein KAF4030654.1
Pcub-MSU1_004_000118.1	eggnog	Erv1 / Alr family
Pcub-MSU1_004_000119.1	eggnog	Amino-transferase class IV
Pcub-MSU1_004_001057.1	unannotated	Hypothetical protein of unknown function
Pcub-MSU1_004_000120.1	eggnog	Ankyrin repeats (many copies)
Pcub-MSU1_004_001056.1	eggnog	Ankyrin repeat
Pcub-MSU1_004_001055.1	eggnog	SecE/Sec61-gamma subunits of protein translocation complex
Pcub-MSU1_004_000121.1	eggnog	Rad52/22 family double-strand break repair protein
Pcub-MSU1_004_001054.1	eggnog	Belongs to the PI3 PI4-kinase family
Pcub-MSU1_004_001053.1	eggnog	Ral GTPase-activating protein subunit (RALGAPB)
Pcub-MSU1_004_000122.1	eggnog	domain-containing protein
Pcub-MSU1_004_000123.1	eggnog	Protein tyrosine kinase
Pcub-MSU1_004_001052.1	blastp	Homology to Phytophthora cinnamomi predicted protein KAG6618461.1
Pcub-MSU1_004_001051.1	interproscan	PTHR13114 domain-containing protein
Pcub-MSU1_004_001050.1	eggnog	Sterile alpha motif
Pcub-MSU1_004_000124.1	eggnog	MYND finger
Pcub-MSU1_004_001049.1	eggnog	JmjC domain, hydroxylase
Pcub-MSU1_004_000125.1	eggnog	large conductance calcium-activated potassium channel activity
Pcub-MSU1_004_001048.1	unannotated	Hypothetical protein of unknown function
Pcub-MSU1_004_001047.1	unannotated	Hypothetical protein of unknown function
Pcub-MSU1_004_000126.1	eggnog	Calcineurin-like phosphoesterase
Pcub-MSU1_004_001046.1	eggnog	large conductance calcium-activated potassium channel activity
Pcub-MSU1_004_000127.1	eggnog	JmjC domain, hydroxylase
Pcub-MSU1_004_000128.1	eggnog	heme binding
Pcub-MSU1_004_001045.1	interproscan	G3DSA:1.25.40.480 domain-containing protein
Pcub-MSU1_004_001044.1	eggnog	zinc finger
Pcub-MSU1_004_000129.1	interproscan	G3DSA:1.25.40.480 domain-containing protein
Pcub-MSU1_004_001043.1	eggnog	heme binding
Pcub-MSU1_004_000130.1	eggnog	process utilizing autophagic mechanism
Pcub-MSU1_004_001042.1	unannotated	Hypothetical protein of unknown function
Pcub-MSU1_004_001041.1	eggnog	EF-hand, calcium binding motif
Pcub-MSU1_004_001040.1	eggnog	Nucleoside transporter
Pcub-MSU1_004_001039.1	eggnog	vesicle docking
Pcub-MSU1_004_000131.1	blastp	Homology to Peronospora effusa predicted protein CAI5712485.1
Pcub-MSU1_004_001038.1	eggnog	Histone 2A
Pcub-MSU1_004_000132.1	eggnog	Histone 2A
Pcub-MSU1_004_001037.1	eggnog	domain-containing protein
Pcub-MSU1_004_000133.1	eggnog	RAVE protein 1 C terminal
Pcub-MSU1_004_000134.1	eggnog	WD domain, G-beta repeat
Pcub-MSU1_004_001036.1	eggnog	Dynamin family
Pcub-MSU1_004_000135.1	eggnog	WD domain, G-beta repeat
Pcub-MSU1_004_001035.1	interproscan	PTHR33403 domain-containing protein
Pcub-MSU1_004_001034.1	eggnog	Actin
Pcub-MSU1_004_000136.1	eggnog	Belongs to the Rab GDI family
Pcub-MSU1_004_000137.1	eggnog	Microtubule binding
Pcub-MSU1_004_001033.1	eggnog	domain-containing protein
Pcub-MSU1_004_000138.1	eggnog	Enoyl-CoA hydratase/isomerase
Pcub-MSU1_004_000139.1	blastp	Homology to Phytophthora pseudosyringae predicted protein KAG7392664.1
Pcub-MSU1_004_000140.1	eggnog	domain-containing protein
Pcub-MSU1_004_001032.1	blastp	Homology to Phytophthora nicotianae predicted protein ETI38212.1
Pcub-MSU1_004_000141.1	eggnog	Domain first found in C1r, C1s, uEGF, and bone morphogenetic protein
Pcub-MSU1_004_001031.1	eggnog	Belongs to the TRAFAC class myosin-kinesin ATPase superfamily
Pcub-MSU1_004_000142.1	blastp	Homology to Phytophthora cactorum predicted protein KAG2766766.1
Pcub-MSU1_004_000143.1	eggnog	FKBP-type peptidyl-prolyl cis-trans isomerase
Pcub-MSU1_004_000144.1	eggnog	DNA-dependent RNA polymerase catalyzes the transcription of DNA into RNA using the four ribonucleoside triphosphates as substrates
Pcub-MSU1_004_000145.1	interproscan	PTHR37067 domain-containing protein
Pcub-MSU1_004_001030.1	blastp	Homology to Peronospora effusa predicted protein RMX69337.1
Pcub-MSU1_004_000146.1	eggnog	Tim17/Tim22/Tim23/Pmp24 family
Pcub-MSU1_004_001029.1	eggnog	Vasohibin
Pcub-MSU1_004_001028.1	interproscan	ZNF598 PAH domain (PF23202)
Pcub-MSU1_004_000147.1	eggnog	1-phosphatidylinositol 4-kinase activity
Pcub-MSU1_004_001027.1	blastp	Homology to Peronospora belbahrii predicted protein CAH0513312.1
Pcub-MSU1_004_000148.1	unannotated	Hypothetical protein of unknown function
Pcub-MSU1_004_000149.1	eggnog	NDK
Pcub-MSU1_004_001026.1	eggnog	methyltransferase activity
Pcub-MSU1_004_001025.1	eggnog	methyltransferase activity
Pcub-MSU1_004_001024.1	eggnog	Carboxylesterase family
Pcub-MSU1_004_001023.1	eggnog	Belongs to the nonaspanin (TM9SF) (TC 9.A.2) family
Pcub-MSU1_004_000150.1	eggnog	domain-containing protein
Pcub-MSU1_004_001022.1	eggnog	Proteasome maturation factor UMP1
Pcub-MSU1_004_001021.1	eggnog	Rad17 cell cycle checkpoint protein
Pcub-MSU1_004_001020.1	eggnog	Leukotriene A4 hydrolase, C-terminal
Pcub-MSU1_004_000151.1	eggnog	Acyl CoA binding protein
Pcub-MSU1_004_000152.1	eggnog	Carboxylesterase family
Pcub-MSU1_004_001019.1	eggnog	Lysine methyltransferase
Pcub-MSU1_004_000153.1	eggnog	ankyrin repeats
Pcub-MSU1_004_001018.1	eggnog	2-acylglycerol O-acyltransferase activity
Pcub-MSU1_004_001017.1	eggnog	Mitochondrial GTPase involved in mitochondrial trafficking
Pcub-MSU1_004_000154.1	eggnog	Domain in Tre-2, BUB2p, and Cdc16p
Pcub-MSU1_004_001016.1	eggnog	Metal dependent phosphohydrolases with conserved 'HD' motif
Pcub-MSU1_004_001015.1	eggnog	Peroxisomal membrane protein
Pcub-MSU1_004_001014.1	eggnog	domain-containing protein
Pcub-MSU1_004_000155.1	interproscan	PTHR14255 domain-containing protein
Pcub-MSU1_004_001013.1	unannotated	Hypothetical protein of unknown function
Pcub-MSU1_004_000156.1	blastp	Homology to Phytophthora cactorum predicted protein KAG2766674.1
Pcub-MSU1_004_001012.1	eggnog	uridine kinase activity
Pcub-MSU1_004_000157.1	eggnog	domain-containing protein
Pcub-MSU1_004_001011.1	interproscan	PTHR14557 domain-containing protein
Pcub-MSU1_004_001010.1	interproscan	PTHR14255 domain-containing protein
Pcub-MSU1_004_000158.1	eggnog	Prokaryotic RING finger family 4
Pcub-MSU1_004_000159.1	eggnog	Peroxisomal membrane protein
Pcub-MSU1_004_000160.1	blastp	Homology to Phytophthora cactorum predicted protein KAG2766778.1
Pcub-MSU1_004_001009.1	eggnog	Ankyrin repeats (many copies)
Pcub-MSU1_004_000161.1	eggnog	domain-containing protein
Pcub-MSU1_004_001008.1	eggnog	Belongs to the major facilitator superfamily
Pcub-MSU1_004_001007.1	eggnog	Belongs to the major facilitator superfamily
Pcub-MSU1_004_000162.1	blastp	Homology to Phytophthora cactorum predicted protein KAG3036170.1
Pcub-MSU1_004_001006.1	eggnog	FAD dependent oxidoreductase
Pcub-MSU1_004_001005.1	eggnog	FAD dependent oxidoreductase
Pcub-MSU1_004_000163.1	eggnog	FAD dependent oxidoreductase
Pcub-MSU1_004_000164.1	eggnog	FAD dependent oxidoreductase
Pcub-MSU1_004_001004.1	blastp	Homology to Peronospora effusa predicted protein CAI5704922.1
Pcub-MSU1_004_001003.1	eggnog	domain-containing protein
Pcub-MSU1_004_001002.1	interproscan	PTHR38899 domain-containing protein
Pcub-MSU1_004_000165.1	eggnog	Unconventional myosin tail, actin- and lipid-binding
Pcub-MSU1_004_001001.1	eggnog	Leucine-rich repeat - CC (cysteine-containing) subfamily
Pcub-MSU1_004_000166.1	eggnog	Binds to the 60S ribosomal subunit and prevents its association with the 40S ribosomal subunit to form the 80S initiation complex in the cytoplasm (EIF6)
Pcub-MSU1_004_001000.1	interproscan	PTHR34031 domain-containing protein
Pcub-MSU1_004_000167.1	eggnog	Eukaryotic initiation factor 4E
Pcub-MSU1_004_000168.1	blastp	Homology to Phytophthora cactorum predicted protein KAG2766770.1
Pcub-MSU1_004_000169.1	blastp	Homology to Peronospora belbahrii predicted protein CAH0517791.1
Pcub-MSU1_004_000999.1	eggnog	ATP12 chaperone protein
Pcub-MSU1_004_000170.1	eggnog	RNA polymerase Rpb4
Pcub-MSU1_004_000171.1	eggnog	domain-containing protein
Pcub-MSU1_004_000998.1	eggnog	2,3-bisphosphoglycerate-independent phosphoglycerate mutase
Pcub-MSU1_004_000997.1	eggnog	Snare region anchored in the vesicle membrane C-terminus
Pcub-MSU1_004_000172.1	eggnog	retrograde transport, endosome to Golgi
Pcub-MSU1_004_000996.1	blastp	Homology to Peronospora farinosa predicted protein CAH0493096.1
Pcub-MSU1_004_000995.1	blastp	Homology to Peronospora destructor predicted protein CAI5729400.1
Pcub-MSU1_004_000994.1	eggnog	Tim10/DDP family zinc finger
Pcub-MSU1_004_000173.1	interproscan	SNARE_Qc (cd15841)
Pcub-MSU1_004_000993.1	blastp	Homology to Peronospora farinosa predicted protein CAI5721425.1
Pcub-MSU1_004_000992.1	eggnog	Methyltransferase TYW3
Pcub-MSU1_004_000174.1	eggnog	Anaphase-promoting complex subunit 1
Pcub-MSU1_004_000991.1	eggnog	domain-containing protein
Pcub-MSU1_004_000175.1	interproscan	PTHR16684 domain-containing protein
Pcub-MSU1_004_000176.1	eggnog	domain-containing protein
Pcub-MSU1_004_000177.1	eggnog	Protein tyrosine kinase
Pcub-MSU1_004_000990.1	interproscan	PTHR31827 domain-containing protein
Pcub-MSU1_004_000989.1	eggnog	protein serine/threonine kinase activity
Pcub-MSU1_004_000178.1	eggnog	Belongs to the small GTPase superfamily
Pcub-MSU1_004_000988.1	eggnog	Zinc-finger double-stranded RNA-binding
Pcub-MSU1_004_000179.1	blastp	Homology to Phytophthora sojae predicted protein XP_009515922.1
Pcub-MSU1_004_000987.1	eggnog	Ribosomal protein L4/L1 family
Pcub-MSU1_004_000180.1	eggnog	Rapamycin-insensitive companion of mTOR, domain 5
Pcub-MSU1_004_000986.1	eggnog	Component of ribonuclease P, a protein complex that generates mature tRNA molecules by cleaving their 5'-ends
Pcub-MSU1_004_000985.1	eggnog	domain-containing protein
Pcub-MSU1_004_000181.1	eggnog	RNA recognition motif
Pcub-MSU1_004_000984.1	eggnog	Ribosomal L38e protein family
Pcub-MSU1_004_000182.1	eggnog	RING-type zinc-finger
Pcub-MSU1_004_000983.1	blastp	Homology to Phytophthora ramorum predicted protein KAH7479483.1
Pcub-MSU1_004_000183.1	blastp	Homology to Peronospora farinosa predicted protein CAH0493122.1
Pcub-MSU1_004_000982.1	eggnog	Holliday junction DNA helicase ruvB N-terminus
Pcub-MSU1_004_000981.1	eggnog	Microtubule binding
Pcub-MSU1_004_000184.1	eggnog	Aminotransferase class I and II
Pcub-MSU1_004_000185.1	eggnog	Sister chromatid cohesion C-terminus
Pcub-MSU1_004_000980.1	interproscan	PTHR13530 domain-containing protein
Pcub-MSU1_004_000186.1	eggnog	ubiquitinyl hydrolase activity
Pcub-MSU1_004_000979.1	eggnog	domain-containing protein
Pcub-MSU1_004_000978.1	eggnog	Aminotransferase class I and II
Pcub-MSU1_004_000187.1	eggnog	Glycosyl hydrolase family 81
Pcub-MSU1_004_000977.1	interproscan	PTHR37743 domain-containing protein
Pcub-MSU1_004_000188.1	eggnog	CCT motif
Pcub-MSU1_004_000976.1	eggnog	Transient receptor potential (TRP) ion channel
Pcub-MSU1_004_000975.1	interproscan	G3DSA:3.30.1520.10 domain-containing protein
Pcub-MSU1_004_000189.1	eggnog	Bromodomain extra-terminal - transcription regulation
Pcub-MSU1_004_000974.1	blastp	Homology to Phytophthora cinnamomi predicted protein KAG6609536.1
Pcub-MSU1_004_000973.1	blastp	Homology to Peronospora effusa predicted protein CAI5704922.1
Pcub-MSU1_004_000972.1	blastp	Homology to Peronospora belbahrii predicted protein CAH0477111.1
Pcub-MSU1_004_000190.1	interproscan	PTHR13018 domain-containing protein
Pcub-MSU1_004_000971.1	eggnog	Phospholipid-translocating ATPase N-terminal
Pcub-MSU1_004_000191.1	eggnog	Sterile alpha motif
Pcub-MSU1_004_000970.1	eggnog	domain-containing protein
Pcub-MSU1_004_000192.1	eggnog	domain-containing protein
Pcub-MSU1_004_000193.1	eggnog	Williams-Beuren syndrome DDT (WSD), D-TOX E motif
Pcub-MSU1_004_000969.1	blastp	Homology to Peronospora effusa predicted protein RMX70306.1
Pcub-MSU1_004_000194.1	blastp	Homology to Peronospora belbahrii predicted protein CAH0476926.1
Pcub-MSU1_004_000968.1	blastp	Homology to Peronospora effusa predicted protein RQM08898.1
Pcub-MSU1_004_000195.1	eggnog	negative regulation of TOR signaling
Pcub-MSU1_004_000967.1	eggnog	negative regulation of TOR signaling
Pcub-MSU1_004_000966.1	eggnog	domain-containing protein
Pcub-MSU1_004_000196.1	eggnog	Aldo/keto reductase family
Pcub-MSU1_004_000965.1	eggnog	impB/mucB/samB family
Pcub-MSU1_004_000964.1	eggnog	Tyrosine phosphatase family
Pcub-MSU1_004_000197.1	eggnog	RING-like zinc finger
Pcub-MSU1_004_000198.1	eggnog	Regulator of chromosome condensation (RCC1) repeat
Pcub-MSU1_004_000963.1	blastp	Homology to Phytophthora pseudosyringae predicted protein KAG7393740.1
Pcub-MSU1_004_000962.1	eggnog	domain-containing protein
Pcub-MSU1_004_000961.1	eggnog	Hereditary spastic paraplegia protein strumpellin
Pcub-MSU1_004_000960.1	eggnog	Hereditary spastic paraplegia protein strumpellin
Pcub-MSU1_004_000199.1	eggnog	Glutaredoxin
Pcub-MSU1_004_000959.1	interproscan	PTHR31144 domain-containing protein
Pcub-MSU1_004_000200.1	unannotated	Hypothetical protein of unknown function
Pcub-MSU1_004_000201.1	eggnog	domain-containing protein
Pcub-MSU1_004_000202.1	eggnog	domain-containing protein
Pcub-MSU1_004_000958.1	blastp	Homology to Phytophthora idaei;Phytophthora aleatoria predicted protein KAG3107673.1
Pcub-MSU1_004_000203.1	eggnog	PP-loop family
Pcub-MSU1_004_000204.1	eggnog	FKBP-type peptidyl-prolyl cis-trans isomerase
Pcub-MSU1_004_000957.1	blastp	Homology to Peronospora effusa predicted protein RMX63305.1
Pcub-MSU1_004_000956.1	eggnog	cell redox homeostasis
Pcub-MSU1_004_000205.1	eggnog	membrane depolarization during action potential
Pcub-MSU1_004_000206.1	eggnog	small conductance calcium-activated potassium channel activity
Pcub-MSU1_004_000207.1	eggnog	small conductance calcium-activated potassium channel activity
Pcub-MSU1_004_000955.1	eggnog	protein import into nucleus
Pcub-MSU1_004_000954.1	eggnog	protein import into nucleus
Pcub-MSU1_004_000208.1	eggnog	Beta-eliminating lyase
Pcub-MSU1_004_000953.1	unannotated	Hypothetical protein of unknown function
Pcub-MSU1_004_000952.1	interproscan	PTHR13072 domain-containing protein
Pcub-MSU1_004_000209.1	eggnog	domain-containing protein
Pcub-MSU1_004_000951.1	eggnog	domain-containing protein
Pcub-MSU1_004_000950.1	eggnog	Aminotransferase class I and II
Pcub-MSU1_004_000210.1	eggnog	DUF4217
Pcub-MSU1_004_000949.1	interproscan	G3DSA:2.60.40.10 domain-containing protein
Pcub-MSU1_004_000211.1	eggnog	Ankyrin repeats (many copies)
Pcub-MSU1_004_000948.1	eggnog	Rio2, N-terminal
Pcub-MSU1_004_000212.1	eggnog	negative regulation of ER-associated ubiquitin-dependent protein catabolic process
Pcub-MSU1_004_000947.1	eggnog	domain-containing protein
Pcub-MSU1_004_000946.1	unannotated	Hypothetical protein of unknown function
Pcub-MSU1_004_000213.1	blastp	Homology to Phytophthora infestans predicted protein KAF4035184.1
Pcub-MSU1_004_000945.1	eggnog	Iron/zinc purple acid phosphatase-like protein C
Pcub-MSU1_004_000214.1	eggnog	domain-containing protein
Pcub-MSU1_004_000215.1	eggnog	Ribosomal protein L6e
Pcub-MSU1_004_000944.1	blastp	Homology to Phytophthora fragariae;Phytophthora rubi predicted protein KAE8885066.1
Pcub-MSU1_004_000216.1	eggnog	6-phosphofructo-2-kinase
Pcub-MSU1_004_000217.1	blastp	Homology to Peronospora effusa predicted protein UIZ26389.1
Pcub-MSU1_004_000943.1	interproscan	G3DSA:2.60.120.680 domain-containing protein
Pcub-MSU1_004_000942.1	unannotated	Hypothetical protein of unknown function
Pcub-MSU1_004_000218.1	interproscan	PTHR15319 domain-containing protein
Pcub-MSU1_004_000219.1	unannotated	Hypothetical protein of unknown function
Pcub-MSU1_004_000220.1	eggnog	Putative N-acetylmannosamine-6-phosphate epimerase
Pcub-MSU1_004_000221.1	eggnog	zinc-ribbon
Pcub-MSU1_004_000941.1	interproscan	PTHR15319 domain-containing protein
Pcub-MSU1_004_000222.1	unannotated	Hypothetical protein of unknown function
Pcub-MSU1_004_000223.1	interproscan	G3DSA:1.20.58.900 domain-containing protein
Pcub-MSU1_004_000940.1	blastp	Homology to Peronospora effusa predicted protein UIZ26389.1
Pcub-MSU1_004_000939.1	unannotated	Hypothetical protein of unknown function
Pcub-MSU1_004_000938.1	eggnog	HEAT repeats
Pcub-MSU1_004_000224.1	eggnog	Belongs to the TRAFAC class myosin-kinesin ATPase superfamily
Pcub-MSU1_004_000937.1	eggnog	domain-containing protein
Pcub-MSU1_004_000936.1	eggnog	Phospholipase D Active site motif
Pcub-MSU1_004_000225.1	eggnog	Putative lipopolysaccharide-modifying enzyme
Pcub-MSU1_004_000935.1	eggnog	Vacuolar protein sorting protein 36 Vps36
Pcub-MSU1_004_000226.1	eggnog	Elicitin
Pcub-MSU1_004_000934.1	eggnog	Rab subfamily of small GTPases
Pcub-MSU1_004_000227.1	eggnog	domain-containing protein
Pcub-MSU1_004_000933.1	unannotated	Hypothetical protein of unknown function
Pcub-MSU1_004_000228.1	eggnog	domain-containing protein
Pcub-MSU1_004_000229.1	eggnog	Wyosine base formation
Pcub-MSU1_004_000932.1	eggnog	domain-containing protein
Pcub-MSU1_004_000230.1	eggnog	positive regulation of motile cilium assembly
Pcub-MSU1_004_000231.1	eggnog	Mitochondrial ATP synthase epsilon chain
Pcub-MSU1_004_000931.1	eggnog	In Between Ring fingers
Pcub-MSU1_004_000930.1	eggnog	In Between Ring fingers
Pcub-MSU1_004_000929.1	interproscan	G3DSA:1.20.58.2220 domain-containing protein
Pcub-MSU1_004_000928.1	unannotated	Hypothetical protein of unknown function
Pcub-MSU1_004_000232.1	interproscan	PTHR15319 domain-containing protein
Pcub-MSU1_004_000233.1	unannotated	Hypothetical protein of unknown function
Pcub-MSU1_004_000927.1	unannotated	Hypothetical protein of unknown function
Pcub-MSU1_004_000926.1	eggnog	Structure-specific nuclease with 5'-flap endonuclease and 5'-3' exonuclease activities involved in DNA replication and repair (FEN1)
Pcub-MSU1_004_000925.1	interproscan	PTHR15319 domain-containing protein
Pcub-MSU1_004_000234.1	unannotated	Hypothetical protein of unknown function
Pcub-MSU1_004_000235.1	interproscan	G3DSA:1.20.58.2220 domain-containing protein
Pcub-MSU1_004_000924.1	eggnog	Domain in Tre-2, BUB2p, and Cdc16p
Pcub-MSU1_004_000236.1	unannotated	Hypothetical protein of unknown function
Pcub-MSU1_004_000923.1	blastp	Homology to Peronospora belbahrii predicted protein CAH0517895.1
Pcub-MSU1_004_000237.1	eggnog	Protein of unknown function (DUF1084)
Pcub-MSU1_004_000922.1	eggnog	Aminotransferase class I and II
Pcub-MSU1_004_000238.1	blastp	Homology to Phytophthora pseudosyringae predicted protein KAG7384578.1
Pcub-MSU1_004_000239.1	interproscan	PTHR35381 domain-containing protein
Pcub-MSU1_004_000921.1	eggnog	Adenosine/AMP deaminase
Pcub-MSU1_004_000240.1	eggnog	Signal recognition particle, alpha subunit, N-terminal
Pcub-MSU1_004_000241.1	eggnog	G protein alpha subunit
Pcub-MSU1_004_000242.1	eggnog	Histone H2B
Pcub-MSU1_004_000243.1	eggnog	domain-containing protein
Pcub-MSU1_004_000920.1	eggnog	endocytic recycling
Pcub-MSU1_004_000244.1	eggnog	PPP5 TPR repeat region
Pcub-MSU1_004_000919.1	eggnog	regulation of TOR signaling
Pcub-MSU1_004_000245.1	eggnog	Elicitin
Pcub-MSU1_004_000918.1	eggnog	protein kinase activity
Pcub-MSU1_004_000246.1	eggnog	COG4 transport protein
Pcub-MSU1_004_000247.1	eggnog	domain-containing protein
Pcub-MSU1_004_000248.1	eggnog	domain-containing protein
Pcub-MSU1_004_000917.1	eggnog	domain-containing protein
Pcub-MSU1_004_000249.1	eggnog	FK506 binding
Pcub-MSU1_004_000916.1	eggnog	Pyrophosphatase that hydrolyzes non-canonical purine nucleotides such as inosine triphosphate (ITP), deoxyinosine triphosphate (dITP) or xanthosine 5'-triphosphate (XTP) to their respective monophosphate derivatives
Pcub-MSU1_004_000250.1	eggnog	Ciliary BBSome complex subunit 2, C-terminal
Pcub-MSU1_004_000915.1	blastp	Homology to Peronospora farinosa predicted protein CAH0491212.1
Pcub-MSU1_004_000914.1	eggnog	Aminotransferase class I and II
Pcub-MSU1_004_000913.1	eggnog	Phosphofructokinase
Pcub-MSU1_004_000251.1	eggnog	domain-containing protein
Pcub-MSU1_004_000912.1	interproscan	G3DSA:3.40.50.1240 domain-containing protein
Pcub-MSU1_004_000252.1	eggnog	Sec23-binding domain of Sec16
Pcub-MSU1_004_000911.1	eggnog	regulatory subunit
Pcub-MSU1_004_000253.1	eggnog	Histidine phosphatase superfamily (branch 2)
Pcub-MSU1_004_000910.1	eggnog	Transmembrane proteins 14C
Pcub-MSU1_004_000909.1	eggnog	Transmembrane proteins 14C
Pcub-MSU1_004_000908.1	eggnog	domain-containing protein
Pcub-MSU1_004_000254.1	unannotated	Hypothetical protein of unknown function
Pcub-MSU1_004_000255.1	eggnog	Sedlin, N-terminal conserved region
Pcub-MSU1_004_000907.1	eggnog	Protein tyrosine kinase
Pcub-MSU1_004_000906.1	eggnog	Protein tyrosine kinase
Pcub-MSU1_004_000256.1	unannotated	Hypothetical protein of unknown function
Pcub-MSU1_004_000257.1	eggnog	domain-containing protein
Pcub-MSU1_004_000258.1	eggnog	Vta1 like
Pcub-MSU1_004_000905.1	eggnog	tRNA (Guanine-1)-methyltransferase
Pcub-MSU1_004_000904.1	unannotated	Hypothetical protein of unknown function
Pcub-MSU1_004_000259.1	eggnog	Calcium-activated chloride channel
Pcub-MSU1_004_000260.1	eggnog	domain-containing protein
Pcub-MSU1_004_000261.1	blastp	Homology to Peronospora farinosa predicted protein CAH0491195.1
Pcub-MSU1_004_000903.1	eggnog	internal peptidyl-lysine acetylation
Pcub-MSU1_004_000902.1	eggnog	Glycosyltransferase (GlcNAc)
Pcub-MSU1_004_000901.1	blastp	Homology to Phytophthora fragariae;Phytophthora rubi predicted protein KAE8910301.1
Pcub-MSU1_004_000262.1	eggnog	Microfibril-associated/Pre-mRNA processing
Pcub-MSU1_004_000900.1	eggnog	domain-containing protein
Pcub-MSU1_004_000263.1	eggnog	domain-containing protein
Pcub-MSU1_004_000899.1	eggnog	Phosphodiesterase responsible for the U6 snRNA 3' end processing
Pcub-MSU1_004_000898.1	eggnog	Melanoma-associated antigen
Pcub-MSU1_004_000264.1	eggnog	domain-containing protein
Pcub-MSU1_004_000897.1	eggnog	domain-containing protein
Pcub-MSU1_004_000265.1	interproscan	PTHR39211 domain-containing protein
Pcub-MSU1_004_000896.1	eggnog	meiotic DNA integrity checkpoint
Pcub-MSU1_004_000895.1	eggnog	CCT motif
Pcub-MSU1_004_000266.1	interproscan	PTHR46370 domain-containing protein
Pcub-MSU1_004_000894.1	eggnog	Etoposide-induced protein 2.4 (EI24)
Pcub-MSU1_004_000893.1	eggnog	Etoposide-induced protein 2.4 (EI24)
Pcub-MSU1_004_000267.1	blastp	Homology to Phytophthora ramorum predicted protein KAH7479289.1
Pcub-MSU1_004_000268.1	eggnog	domain-containing protein
Pcub-MSU1_004_000269.1	eggnog	Glycosyl hydrolase family 81
Pcub-MSU1_004_000270.1	eggnog	domain-containing protein
Pcub-MSU1_004_000892.1	eggnog	protein heterodimerization activity
Pcub-MSU1_004_000271.1	eggnog	protein heterodimerization activity
Pcub-MSU1_004_000891.1	eggnog	Histone H2B
Pcub-MSU1_004_000272.1	eggnog	The coatomer is a cytosolic protein complex that binds to dilysine motifs and reversibly associates with Golgi non- clathrin-coated vesicles, which further mediate biosynthetic protein transport from the ER, via the Golgi up to the trans Golgi network
Pcub-MSU1_004_000890.1	eggnog	Cupin superfamily protein
Pcub-MSU1_004_000273.1	eggnog	domain-containing protein
Pcub-MSU1_004_000274.1	eggnog	MreB/Mbl protein
Pcub-MSU1_004_000275.1	eggnog	domain-containing protein
Pcub-MSU1_004_000889.1	eggnog	Major Facilitator Superfamily
Pcub-MSU1_004_000276.1	eggnog	Major Facilitator Superfamily
Pcub-MSU1_004_000277.1	blastp	Homology to Phytophthora infestans predicted protein KAF4043892.1
Pcub-MSU1_004_000278.1	blastp	Homology to Phytophthora cactorum predicted protein KAG3007846.1
Pcub-MSU1_004_000888.1	eggnog	domain-containing protein
Pcub-MSU1_004_000279.1	eggnog	DYW family of nucleic acid deaminases
Pcub-MSU1_004_000280.1	eggnog	Glycosyl hydrolase family 81
Pcub-MSU1_004_000281.1	eggnog	protein kinase C activity
Pcub-MSU1_004_000887.1	eggnog	RNA ligase
Pcub-MSU1_004_000886.1	eggnog	RNA ligase
Pcub-MSU1_004_000282.1	blastp	Homology to Phytophthora capsici predicted protein KAG1693108.1
Pcub-MSU1_004_000283.1	eggnog	Fingers domain of DNA polymerase lambda
Pcub-MSU1_004_000284.1	blastp	Homology to Peronospora farinosa predicted protein CAH0491232.1
Pcub-MSU1_004_000885.1	blastp	Homology to Phytophthora nicotianae predicted protein XP_008903684.1
Pcub-MSU1_004_000884.1	eggnog	Peptidase C13 family
Pcub-MSU1_004_000285.1	eggnog	domain-containing protein
Pcub-MSU1_004_000286.1	eggnog	Ribosomal protein L11 methyltransferase (PrmA)
Pcub-MSU1_004_000883.1	eggnog	1-acylglycerol-3-phosphate O-acyltransferase activity
Pcub-MSU1_004_000287.1	interproscan	PTHR21574 domain-containing protein
Pcub-MSU1_004_000882.1	eggnog	domain-containing protein
Pcub-MSU1_004_000288.1	blastp	Homology to Phytophthora aleatoria predicted protein KAG6967696.1
Pcub-MSU1_004_000881.1	interproscan	SSF53098 domain-containing protein
Pcub-MSU1_004_000289.1	eggnog	Flavoprotein
Pcub-MSU1_004_000880.1	eggnog	Biotin/lipoate A/B protein ligase family
Pcub-MSU1_004_000290.1	eggnog	Peptidase family C50
Pcub-MSU1_004_000291.1	eggnog	Lysine methyltransferase
Pcub-MSU1_004_000879.1	interproscan	PTHR46330 domain-containing protein
Pcub-MSU1_004_000292.1	blastp	Homology to Phytophthora pseudosyringae predicted protein KAG7389741.1
Pcub-MSU1_004_000293.1	eggnog	Glutamine amidotransferases class-II
Pcub-MSU1_004_000878.1	eggnog	CAS/CSE protein, C-terminus
Pcub-MSU1_004_000294.1	eggnog	Protein present in Fab1, YOTB, Vac1, and EEA1
Pcub-MSU1_004_000877.1	eggnog	Cyclin_C
Pcub-MSU1_004_000876.1	interproscan	PTHR23112 domain-containing protein
Pcub-MSU1_004_000875.1	eggnog	domain-containing protein
Pcub-MSU1_004_000874.1	eggnog	Dynein heavy chain and region D6 of dynein motor
Pcub-MSU1_004_000295.1	eggnog	multicellular organismal reproductive process
Pcub-MSU1_004_000873.1	eggnog	60s Acidic ribosomal protein
Pcub-MSU1_004_000872.1	eggnog	Ankyrin repeats (many copies)
Pcub-MSU1_004_000296.1	eggnog	Necessary for the splicing of pre-mRNA
Pcub-MSU1_004_000871.1	eggnog	Sel1-like repeats
Pcub-MSU1_004_000870.1	blastp	Homology to Peronospora farinosa predicted protein CAH0489989.1
Pcub-MSU1_004_000297.1	interproscan	PTHR21641 domain-containing protein
Pcub-MSU1_004_000869.1	eggnog	domain-containing protein
Pcub-MSU1_004_000868.1	unannotated	Hypothetical protein of unknown function
Pcub-MSU1_004_000867.1	eggnog	Ribosomal protein L7Ae/L30e/S12e/Gadd45 family
Pcub-MSU1_004_000866.1	eggnog	Protein of unknown function (DUF2817)
Pcub-MSU1_004_000298.1	eggnog	domain-containing protein
Pcub-MSU1_004_000865.1	eggnog	Domain in Tre-2, BUB2p, and Cdc16p
Pcub-MSU1_004_000299.1	eggnog	1,3-beta-glucan synthase component
Pcub-MSU1_004_000300.1	eggnog	1,3-beta-glucan synthase subunit FKS1
Pcub-MSU1_004_000864.1	eggnog	Ankyrin repeat
Pcub-MSU1_004_000301.1	eggnog	Endoplasmic Reticulum Oxidoreductin 1 (ERO1)
Pcub-MSU1_004_000863.1	eggnog	Glutamine amidotransferase class-I
Pcub-MSU1_004_000302.1	eggnog	Belongs to the aldehyde dehydrogenase family
Pcub-MSU1_004_000862.1	eggnog	Enoyl-(Acyl carrier protein) reductase
Pcub-MSU1_004_000303.1	eggnog	Glutamine amidotransferase class-I
Pcub-MSU1_004_000861.1	eggnog	domain-containing protein
Pcub-MSU1_004_000860.1	eggnog	Maintenance of mitochondrial structure and function
Pcub-MSU1_004_000304.1	unannotated	Hypothetical protein of unknown function
Pcub-MSU1_004_000305.1	interproscan	PTHR16230 domain-containing protein
Pcub-MSU1_004_000306.1	blastp	Homology to Phytophthora pseudosyringae predicted protein KAG7392473.1
Pcub-MSU1_004_000307.1	eggnog	Protein tyrosine kinase
Pcub-MSU1_004_000308.1	eggnog	Belongs to the malate synthase family
Pcub-MSU1_004_000859.1	eggnog	LNS2
Pcub-MSU1_004_000858.1	eggnog	ATP-binding dynein motor region D5
Pcub-MSU1_004_000857.1	eggnog	TIP49 C-terminus
Pcub-MSU1_004_000309.1	eggnog	Ran-interacting Mog1 protein
Pcub-MSU1_004_000310.1	eggnog	BT1 family
Pcub-MSU1_004_000311.1	eggnog	BT1 family
Pcub-MSU1_004_000312.1	interproscan	PTHR35899 domain-containing protein
Pcub-MSU1_004_000856.1	eggnog	Low molecular weight phosphatase family
Pcub-MSU1_004_000855.1	interproscan	PTHR35899 domain-containing protein
Pcub-MSU1_004_000854.1	eggnog	BT1 family
Pcub-MSU1_004_000853.1	eggnog	Ran-interacting Mog1 protein
Pcub-MSU1_004_000313.1	eggnog	TIP49 C-terminus
Pcub-MSU1_004_000314.1	blastp	Homology to Phytophthora lilii predicted protein GMF10454.1
Pcub-MSU1_004_000852.1	eggnog	Required for maturation of ribosomal RNAs and formation of the large ribosomal subunit
Pcub-MSU1_004_000315.1	eggnog	1-phosphatidylinositol 4-kinase activity
Pcub-MSU1_004_000851.1	eggnog	Peptidase M50B-like
Pcub-MSU1_004_000850.1	eggnog	Domain of unknown function UPF0086
Pcub-MSU1_004_000316.1	eggnog	domain-containing protein
Pcub-MSU1_004_000849.1	eggnog	ELMO/CED-12 family
Pcub-MSU1_004_000317.1	blastp	Homology to Peronospora belbahrii predicted protein CAH0477268.1
Pcub-MSU1_004_000848.1	eggnog	Ankyrin repeat
Pcub-MSU1_004_000318.1	unannotated	Hypothetical protein of unknown function
Pcub-MSU1_004_000319.1	eggnog	tRNA (Guanine-1)-methyltransferase
Pcub-MSU1_004_000847.1	eggnog	guanyl-nucleotide exchange factor activity
Pcub-MSU1_004_000846.1	eggnog	guanyl-nucleotide exchange factor activity
Pcub-MSU1_004_000845.1	eggnog	Ankyrin repeat
Pcub-MSU1_004_000320.1	unannotated	Hypothetical protein of unknown function
Pcub-MSU1_004_000321.1	eggnog	tRNA (Guanine-1)-methyltransferase
Pcub-MSU1_004_000844.1	eggnog	guanyl-nucleotide exchange factor activity
Pcub-MSU1_004_000843.1	eggnog	Ankyrin repeat
Pcub-MSU1_004_000322.1	unannotated	Hypothetical protein of unknown function
Pcub-MSU1_004_000323.1	unannotated	Hypothetical protein of unknown function
Pcub-MSU1_004_000324.1	eggnog	tRNA (Guanine-1)-methyltransferase
Pcub-MSU1_004_000842.1	eggnog	guanyl-nucleotide exchange factor activity
Pcub-MSU1_004_000841.1	eggnog	Ankyrin repeat
Pcub-MSU1_004_000325.1	unannotated	Hypothetical protein of unknown function
Pcub-MSU1_004_000326.1	eggnog	tRNA (Guanine-1)-methyltransferase
Pcub-MSU1_004_000840.1	eggnog	guanyl-nucleotide exchange factor activity
Pcub-MSU1_004_000327.1	unannotated	Hypothetical protein of unknown function
Pcub-MSU1_004_000328.1	eggnog	tRNA (Guanine-1)-methyltransferase
Pcub-MSU1_004_000839.1	eggnog	guanyl-nucleotide exchange factor activity
Pcub-MSU1_004_000329.1	blastp	Homology to Phytophthora citrophthora predicted protein KAK1948186.1
Pcub-MSU1_004_000838.1	blastp	Homology to Phytophthora aleatoria predicted protein KAG6969599.1
Pcub-MSU1_004_000330.1	interproscan	PTHR31827 domain-containing protein
Pcub-MSU1_004_000331.1	eggnog	tRNAPhe (7-(3-amino-3-carboxypropyl)wyosine37-C2)-hydroxylase activity
Pcub-MSU1_004_000837.1	eggnog	function. Source PGD
Pcub-MSU1_004_000836.1	unannotated	Hypothetical protein of unknown function
Pcub-MSU1_004_000835.1	eggnog	tRNAPhe (7-(3-amino-3-carboxypropyl)wyosine37-C2)-hydroxylase activity
Pcub-MSU1_004_000332.1	eggnog	GTP binding
Pcub-MSU1_004_000333.1	eggnog	domain-containing protein
Pcub-MSU1_004_000834.1	eggnog	Protein of unknown function (DUF1168)
Pcub-MSU1_004_000334.1	eggnog	Ribosomal protein L13
Pcub-MSU1_004_000833.1	eggnog	CH-like domain in sperm protein
Pcub-MSU1_004_000335.1	blastp	Homology to Phytophthora palmivora predicted protein POM66298.1
Pcub-MSU1_004_000832.1	eggnog	Mitochondrial carrier protein
Pcub-MSU1_004_000336.1	eggnog	Papain family cysteine protease
Pcub-MSU1_004_000337.1	eggnog	Papain family cysteine protease
Pcub-MSU1_004_000338.1	eggnog	Papain family cysteine protease
Pcub-MSU1_004_000339.1	unannotated	Hypothetical protein of unknown function
Pcub-MSU1_004_000831.1	eggnog	Assembly, mitochondrial proton-transport ATP synth complex
Pcub-MSU1_004_000340.1	interproscan	PTHR31827 domain-containing protein
Pcub-MSU1_004_000341.1	blastp	Homology to Phytophthora infestans predicted protein KAF4044007.1
Pcub-MSU1_004_000342.1	blastp	Homology to Peronospora effusa predicted protein RQM18322.1
Pcub-MSU1_004_000830.1	blastp	Homology to Peronospora destructor predicted protein CAI5733421.1
Pcub-MSU1_004_000829.1	eggnog	domain-containing protein
Pcub-MSU1_004_000343.1	eggnog	Small subunit of acetolactate synthase
Pcub-MSU1_004_000344.1	eggnog	Serine carboxypeptidase
Pcub-MSU1_004_000828.1	eggnog	peroxisome organization
Pcub-MSU1_004_000345.1	eggnog	Assembly, mitochondrial proton-transport ATP synth complex
Pcub-MSU1_004_000827.1	blastp	Homology to Phytophthora fragariae predicted protein KAE8910882.1
Pcub-MSU1_004_000826.1	interproscan	G3DSA:1.10.10.60 domain-containing protein
Pcub-MSU1_004_000346.1	eggnog	Mitochondrial PGP phosphatase
Pcub-MSU1_004_000825.1	eggnog	FAM177 family
Pcub-MSU1_004_000824.1	blastp	Homology to Phytophthora ramorum predicted protein KAH7479138.1
Pcub-MSU1_004_000823.1	eggnog	domain-containing protein
Pcub-MSU1_004_000822.1	blastp	Homology to Peronospora effusa predicted protein RQM18254.1
Pcub-MSU1_004_000821.1	eggnog	Histidyl-tRNA synthetase
Pcub-MSU1_004_000347.1	unannotated	Hypothetical protein of unknown function
Pcub-MSU1_004_000348.1	blastp	Homology to Phytophthora palmivora predicted protein POM71044.1
Pcub-MSU1_004_000349.1	eggnog	ankyrin repeats
Pcub-MSU1_004_000820.1	blastp	Homology to Phytophthora palmivora predicted protein POM71044.1
Pcub-MSU1_004_000350.1	eggnog	Histidyl-tRNA synthetase
Pcub-MSU1_004_000351.1	eggnog	WD domain, G-beta repeat
Pcub-MSU1_004_000819.1	eggnog	Ubiquitin-like autophagy protein Apg12
Pcub-MSU1_004_000352.1	eggnog	Signal recognition particle receptor beta subunit
Pcub-MSU1_004_000818.1	interproscan	BRCT_Rev1 (cd17719)
Pcub-MSU1_004_000353.1	eggnog	WD40 repeats
Pcub-MSU1_004_000817.1	eggnog	domain-containing protein
Pcub-MSU1_004_000354.1	eggnog	domain-containing protein
Pcub-MSU1_004_000355.1	eggnog	Uncharacterised conserved protein (DUF2373)
Pcub-MSU1_004_000816.1	eggnog	Histidine phosphatase superfamily (branch 2)
Pcub-MSU1_004_000356.1	blastp	Homology to Phytophthora pseudosyringae predicted protein KAG7393552.1
Pcub-MSU1_004_000815.1	eggnog	Glutamine cyclotransferase
Pcub-MSU1_004_000357.1	eggnog	domain-containing protein
Pcub-MSU1_004_000814.1	eggnog	domain-containing protein
Pcub-MSU1_004_000358.1	eggnog	6,7-dihydropteridine reductase activity
Pcub-MSU1_004_000813.1	eggnog	nuclear localization sequence binding
Pcub-MSU1_004_000359.1	eggnog	Endomembrane protein 70
Pcub-MSU1_004_000812.1	eggnog	CW-type Zinc Finger
Pcub-MSU1_004_000360.1	eggnog	CHY zinc finger
Pcub-MSU1_004_000811.1	blastp	Homology to Phytophthora palmivora predicted protein POM68369.1
Pcub-MSU1_004_000810.1	eggnog	Phosphate acyltransferases
Pcub-MSU1_004_000361.1	eggnog	domain-containing protein
Pcub-MSU1_004_000809.1	eggnog	domain-containing protein
Pcub-MSU1_004_000362.1	eggnog	Phosphate acyltransferases
Pcub-MSU1_004_000363.1	blastp	Homology to Phytophthora pseudosyringae predicted protein KAG7393567.1
Pcub-MSU1_004_000364.1	eggnog	ROK family
Pcub-MSU1_004_000808.1	eggnog	Paf1
Pcub-MSU1_004_000365.1	eggnog	spectrin binding
Pcub-MSU1_004_000807.1	eggnog	Domain Homologous to E6-AP Carboxyl Terminus with
Pcub-MSU1_004_000806.1	blastp	Homology to Peronospora effusa predicted protein RMX62252.1
Pcub-MSU1_004_000805.1	eggnog	Adaptin AP4 complex epsilon appendage platform
Pcub-MSU1_004_000366.1	eggnog	WD domain, G-beta repeat
Pcub-MSU1_004_000367.1	eggnog	O-Glycosyl hydrolase family 30
Pcub-MSU1_004_000804.1	unannotated	Hypothetical protein of unknown function
Pcub-MSU1_004_000803.1	unannotated	Hypothetical protein of unknown function
Pcub-MSU1_004_000802.1	eggnog	mRNA cap-binding component of the eukaryotic translation initiation factor 3 (eIF-3) complex, which is involved in protein synthesis of a specialized repertoire of mRNAs and, together with other initiation factors, stimulates binding of mRNA and methionyl-tRNAi to the 40S ribosome
Pcub-MSU1_004_000368.1	eggnog	mRNA cap-binding component of the eukaryotic translation initiation factor 3 (eIF-3) complex, which is involved in protein synthesis of a specialized repertoire of mRNAs and, together with other initiation factors, stimulates binding of mRNA and methionyl-tRNAi to the 40S ribosome
Pcub-MSU1_004_000369.1	eggnog	Protein of unknown function (DUF1679)
Pcub-MSU1_004_000370.1	eggnog	domain-containing protein
Pcub-MSU1_004_000371.1	interproscan	PTHR15410 domain-containing protein
Pcub-MSU1_004_000372.1	eggnog	Ribosomal protein L22p/L17e
Pcub-MSU1_004_000373.1	eggnog	Component of the post-replicative DNA mismatch repair system (MMR)
Pcub-MSU1_004_000374.1	eggnog	Leucine Rich repeat
Pcub-MSU1_004_000801.1	blastp	Homology to Peronospora effusa predicted protein CAI5725861.1
Pcub-MSU1_004_000375.1	eggnog	Tetratricopeptide repeat
Pcub-MSU1_004_000376.1	eggnog	Ribonucleotide reductase, small chain
Pcub-MSU1_004_000800.1	eggnog	domain-containing protein
Pcub-MSU1_004_000799.1	eggnog	RNA recognition motif
Pcub-MSU1_004_000377.1	eggnog	ATP synthase subunit C
Pcub-MSU1_004_000798.1	interproscan	SET_SETD9 (cd10537)
Pcub-MSU1_004_000378.1	eggnog	Surface antigen
Pcub-MSU1_004_000797.1	eggnog	Catalyzes the cleavage of glutathione into 5-oxo-L- proline and a Cys-Gly dipeptide
Pcub-MSU1_004_000379.1	blastp	Homology to Phytophthora cactorum predicted protein KAG2763212.1
Pcub-MSU1_004_000796.1	eggnog	inner dynein arm assembly
Pcub-MSU1_004_000795.1	eggnog	Elongation factor G C-terminus
Pcub-MSU1_004_000380.1	eggnog	1,3-beta-glucan synthase subunit FKS1
Pcub-MSU1_004_000794.1	eggnog	GTPase-activator protein for Ras-like GTPase
Pcub-MSU1_004_000381.1	eggnog	GTPase-activator protein for Ras-like GTPase
Pcub-MSU1_004_000382.1	eggnog	Hyaluronan / mRNA binding family
Pcub-MSU1_004_000793.1	eggnog	Possible plasma membrane-binding motif in junctophilins, PIP-5-kinases and protein kinases
Pcub-MSU1_004_000383.1	blastp	Homology to Phytophthora ramorum predicted protein KAH7479068.1
Pcub-MSU1_004_000384.1	unannotated	Hypothetical protein of unknown function
Pcub-MSU1_004_000792.1	eggnog	C-terminal duplication domain of Friend of PRMT1
Pcub-MSU1_004_000385.1	eggnog	Tetratricopeptide repeat
Pcub-MSU1_004_000386.1	eggnog	Prolyl 4-hydroxylase alpha subunit homologues
Pcub-MSU1_004_000791.1	eggnog	fatty-acyl-CoA binding
Pcub-MSU1_004_000387.1	eggnog	HELICc2
Pcub-MSU1_004_000790.1	eggnog	domain-containing protein
Pcub-MSU1_004_000789.1	eggnog	domain-containing protein
Pcub-MSU1_004_000388.1	eggnog	domain-containing protein
Pcub-MSU1_004_000788.1	eggnog	Domain of unknown function (DUF4602)
Pcub-MSU1_004_000787.1	blastp	Homology to Phytophthora pseudosyringae predicted protein KAG7393618.1
Pcub-MSU1_004_000786.1	eggnog	Tetratricopeptide repeat
Pcub-MSU1_004_000389.1	eggnog	domain-containing protein
Pcub-MSU1_004_000785.1	eggnog	Ankyrin repeats (many copies)
Pcub-MSU1_004_000784.1	eggnog	Ankyrin repeats (many copies)
Pcub-MSU1_004_000390.1	eggnog	HSF-type DNA-binding
Pcub-MSU1_004_000783.1	eggnog	HSF-type DNA-binding
Pcub-MSU1_004_000391.1	eggnog	Peptidase family C69
Pcub-MSU1_004_000782.1	eggnog	Type III restriction enzyme, res subunit
Pcub-MSU1_004_000392.1	eggnog	emp24/gp25L/p24 family/GOLD
Pcub-MSU1_004_000781.1	blastp	Homology to Peronospora destructor predicted protein CAI5747387.1
Pcub-MSU1_004_000780.1	eggnog	Type III restriction enzyme, res subunit
Pcub-MSU1_004_000393.1	eggnog	domain-containing protein
Pcub-MSU1_004_000779.1	eggnog	2OG-Fe(II) oxygenase superfamily
Pcub-MSU1_004_000778.1	blastp	Homology to Phytophthora fragariae predicted protein KAE8910545.1
Pcub-MSU1_004_000394.1	eggnog	cytidylate kinase activity
Pcub-MSU1_004_000777.1	eggnog	E1-E2 ATPase
Pcub-MSU1_004_000395.1	eggnog	Ribosomal protein L6e
Pcub-MSU1_004_000776.1	eggnog	domain-containing protein
Pcub-MSU1_004_000775.1	eggnog	Belongs to the cation transport ATPase (P-type) (TC 3.A.3) family
Pcub-MSU1_004_000396.1	blastp	Homology to Peronospora destructor predicted protein CAI5747378.1
Pcub-MSU1_004_000397.1	eggnog	Elongation factor G C-terminus
Pcub-MSU1_004_000774.1	eggnog	Leucine Rich repeat
Pcub-MSU1_004_000773.1	eggnog	domain-containing protein
Pcub-MSU1_004_000772.1	blastp	Homology to Peronospora farinosa predicted protein CAH0489295.1
Pcub-MSU1_004_000771.1	eggnog	Regulator of chromosome condensation (RCC1) repeat
Pcub-MSU1_004_000398.1	eggnog	domain-containing protein
Pcub-MSU1_004_000770.1	blastp	Homology to Peronospora farinosa predicted protein CAI5730011.1
Pcub-MSU1_004_000399.1	blastp	Homology to Phytophthora sojae predicted protein XP_009515389.1
Pcub-MSU1_004_000769.1	eggnog	cytoskeletal protein binding
Pcub-MSU1_004_000400.1	eggnog	FYVE zinc finger
Pcub-MSU1_004_000768.1	eggnog	The pyruvate dehydrogenase complex catalyzes the overall conversion of pyruvate to acetyl-CoA and CO(2)
Pcub-MSU1_004_000401.1	eggnog	Ubiquitin Carboxyl-terminal Hydrolase-like zinc finger
Pcub-MSU1_004_000767.1	eggnog	domain-containing protein
Pcub-MSU1_004_000402.1	eggnog	domain-containing protein
Pcub-MSU1_004_000403.1	blastp	Homology to Phytophthora infestans predicted protein XP_002906348.1
Pcub-MSU1_004_000404.1	blastp	Homology to Peronospora farinosa predicted protein CAH0489295.1
Pcub-MSU1_004_000405.1	unannotated	Hypothetical protein of unknown function
Pcub-MSU1_004_000766.1	eggnog	phosphomevalonate kinase activity
Pcub-MSU1_004_000406.1	eggnog	regulation of cilium movement involved in cell motility
Pcub-MSU1_004_000407.1	eggnog	regulation of cilium movement involved in cell motility
Pcub-MSU1_004_000765.1	eggnog	ubiquitin-dependent protein catabolic process via the N-end rule pathway
Pcub-MSU1_004_000764.1	blastp	Homology to Peronospora effusa predicted protein RMX66417.1
Pcub-MSU1_004_000763.1	eggnog	Sodium/hydrogen exchanger family
Pcub-MSU1_004_000762.1	eggnog	Sodium/hydrogen exchanger family
Pcub-MSU1_004_000408.1	eggnog	Mycolic acid cyclopropane synthetase
Pcub-MSU1_004_000409.1	blastp	Homology to Peronospora destructor predicted protein CAI5729771.1
Pcub-MSU1_004_000410.1	eggnog	Mycolic acid cyclopropane synthetase
Pcub-MSU1_004_000411.1	eggnog	Mycolic acid cyclopropane synthetase
Pcub-MSU1_004_000412.1	eggnog	Leucine Rich repeat
Pcub-MSU1_004_000413.1	eggnog	Leucine Rich repeat
Pcub-MSU1_004_000414.1	eggnog	Tyrosine phosphatase family
Pcub-MSU1_004_000761.1	eggnog	Soluble NSF attachment protein, SNAP
Pcub-MSU1_004_000415.1	eggnog	PFU (PLAA family ubiquitin binding)
Pcub-MSU1_004_000760.1	eggnog	domain-containing protein
Pcub-MSU1_004_000759.1	eggnog	Rab guanyl-nucleotide exchange factor activity
Pcub-MSU1_004_000758.1	eggnog	Rab guanyl-nucleotide exchange factor activity
Pcub-MSU1_004_000416.1	eggnog	Ribosomal L27e protein family
Pcub-MSU1_004_000417.1	eggnog	domain-containing protein
Pcub-MSU1_004_000757.1	eggnog	Ribosomal protein L35Ae
Pcub-MSU1_004_000756.1	eggnog	Oligonucleotide/oligosaccharide-binding (OB)-fold
Pcub-MSU1_004_000755.1	interproscan	SPL-RING_NSE2 (cd16651)
Pcub-MSU1_004_000418.1	eggnog	motif in proteasome subunits, Int-6, Nip-1 and TRIP-15
Pcub-MSU1_004_000754.1	eggnog	Sulfite exporter TauE/SafE
Pcub-MSU1_004_000419.1	interproscan	G3DSA:3.40.30.10 domain-containing protein
Pcub-MSU1_004_000753.1	eggnog	bZIP transcription factor
Pcub-MSU1_004_000420.1	blastp	Homology to Peronospora destructor predicted protein CAI5745041.1
Pcub-MSU1_004_000752.1	eggnog	Ribosomal protein S13/S18
Pcub-MSU1_004_000421.1	eggnog	The proteasome is a multicatalytic proteinase complex which is characterized by its ability to cleave peptides with Arg, Phe, Tyr, Leu, and Glu adjacent to the leaving group at neutral or slightly basic pH
Pcub-MSU1_004_000751.1	eggnog	Prenyltransferase and squalene oxidase repeat
Pcub-MSU1_004_000750.1	eggnog	RWD
Pcub-MSU1_004_000422.1	blastp	Homology to Phytophthora fragariae predicted protein KAE9332761.1
Pcub-MSU1_004_000423.1	eggnog	microtubule binding
Pcub-MSU1_004_000424.1	eggnog	ThiF family
Pcub-MSU1_004_000425.1	eggnog	Haloacid dehalogenase-like hydrolase
Pcub-MSU1_004_000749.1	blastp	Homology to Peronospora farinosa predicted protein CAH0487675.1
Pcub-MSU1_004_000426.1	eggnog	Functions as component of the Arp2 3 complex which is involved in regulation of actin polymerization and together with an activating nucleation-promoting factor (NPF) mediates the formation of branched actin networks
Pcub-MSU1_004_000748.1	eggnog	domain-containing protein
Pcub-MSU1_004_000427.1	eggnog	DDE superfamily endonuclease
Pcub-MSU1_004_000747.1	interproscan	G3DSA:2.30.29.30 domain-containing protein
Pcub-MSU1_004_000428.1	eggnog	Ribonuclease P 40kDa (Rpp40) subunit
Pcub-MSU1_004_000746.1	eggnog	Tetratricopeptide repeats
Pcub-MSU1_004_000429.1	eggnog	domain-containing protein
Pcub-MSU1_004_000745.1	unannotated	Hypothetical protein of unknown function
Pcub-MSU1_004_000430.1	eggnog	domain-containing protein
Pcub-MSU1_004_000744.1	eggnog	Glycosyl transferases group 1
Pcub-MSU1_004_000431.1	blastp	Homology to Peronospora farinosa predicted protein CAH0487699.1
Pcub-MSU1_004_000743.1	eggnog	domain-containing protein
Pcub-MSU1_004_000432.1	eggnog	pseudouridine synthase activity
Pcub-MSU1_004_000433.1	eggnog	pseudouridine synthase activity
Pcub-MSU1_004_000742.1	unannotated	Hypothetical protein of unknown function
Pcub-MSU1_004_000741.1	eggnog	Ubiquitin-conjugating enzyme E2, catalytic domain homologues
Pcub-MSU1_004_000434.1	eggnog	occurring C-terminal to leucine-rich repeats
Pcub-MSU1_004_000435.1	blastp	Homology to Peronospora destructor predicted protein CAI5713485.1
Pcub-MSU1_004_000436.1	unannotated	Hypothetical protein of unknown function
Pcub-MSU1_004_000437.1	eggnog	Ion channel
Pcub-MSU1_004_000740.1	eggnog	Cytochrome P450
Pcub-MSU1_004_000739.1	eggnog	DIE2/ALG10 family
Pcub-MSU1_004_000438.1	blastp	Homology to Phytophthora nicotianae predicted protein ETI40176.1
Pcub-MSU1_004_000439.1	blastp	Homology to Phytophthora fragariae predicted protein KAE8883278.1
Pcub-MSU1_004_000738.1	eggnog	Dynein heavy chain, N-terminal region 1
Pcub-MSU1_004_000737.1	interproscan	PTHR45615 domain-containing protein
Pcub-MSU1_004_000736.1	eggnog	Ion channel
Pcub-MSU1_004_000735.1	blastp	Homology to Peronospora destructor predicted protein CAI5713485.1
Pcub-MSU1_004_000734.1	blastp	Homology to Peronospora destructor predicted protein CAI5713485.1
Pcub-MSU1_004_000733.1	eggnog	occurring C-terminal to leucine-rich repeats
Pcub-MSU1_004_000440.1	eggnog	Ubiquitin-conjugating enzyme E2, catalytic domain homologues
Pcub-MSU1_004_000441.1	unannotated	Hypothetical protein of unknown function
Pcub-MSU1_004_000442.1	eggnog	Crinkler (CRN) family protein
Pcub-MSU1_004_000732.1	eggnog	Crinkler (CRN) family protein
Pcub-MSU1_004_000443.1	unannotated	Hypothetical protein of unknown function
Pcub-MSU1_004_000444.1	eggnog	GTPase activator activity
Pcub-MSU1_004_000731.1	eggnog	Ribosomal protein L6
Pcub-MSU1_004_000730.1	eggnog	zinc finger
Pcub-MSU1_004_000445.1	blastp	Homology to Phytophthora aleatoria predicted protein KAG6966776.1
Pcub-MSU1_004_000446.1	eggnog	Transcription factor IIIC subunit delta N-term
Pcub-MSU1_004_000729.1	eggnog	Cysteine-rich secretory protein family
Pcub-MSU1_004_000447.1	unannotated	Hypothetical protein of unknown function
Pcub-MSU1_004_000448.1	eggnog	Protein present in Fab1, YOTB, Vac1, and EEA1
Pcub-MSU1_004_000449.1	eggnog	Conserved hypothetical ATP binding protein
Pcub-MSU1_004_000450.1	eggnog	Cysteine-rich secretory protein family
Pcub-MSU1_004_000728.1	interproscan	G3DSA:1.10.238.10 domain-containing protein
Pcub-MSU1_004_000727.1	eggnog	domain-containing protein
Pcub-MSU1_004_000451.1	eggnog	Radial spoke protein 3
Pcub-MSU1_004_000452.1	eggnog	Ankyrin repeats (many copies)
Pcub-MSU1_004_000726.1	interproscan	PTHR13297 domain-containing protein
Pcub-MSU1_004_000725.1	eggnog	Ubiquitin homologues
Pcub-MSU1_004_000453.1	eggnog	Ribosomal protein L7Ae/L30e/S12e/Gadd45 family
Pcub-MSU1_004_000454.1	eggnog	Isopentenyl transferase
Pcub-MSU1_004_000724.1	eggnog	domain-containing protein
Pcub-MSU1_004_000455.1	eggnog	Protein of unknown function (DUF663)
Pcub-MSU1_004_000723.1	eggnog	Ubiquitin homologues
Pcub-MSU1_004_000722.1	blastp	Homology to Phytophthora cinnamomi predicted protein KAJ8571694.1
Pcub-MSU1_004_000456.1	eggnog	domain-containing protein
Pcub-MSU1_004_000457.1	eggnog	Iron/zinc purple acid phosphatase-like protein C
Pcub-MSU1_004_000458.1	eggnog	Proteasome subunit A N-terminal signature Add an annotation
Pcub-MSU1_004_000721.1	blastp	Homology to Phytophthora capsici predicted protein KAG1703261.1
Pcub-MSU1_004_000720.1	unannotated	Hypothetical protein of unknown function
Pcub-MSU1_004_000459.1	eggnog	Putative DNA-binding domain in centromere protein B, mouse jerky and transposases
Pcub-MSU1_004_000460.1	eggnog	Putative DNA-binding domain in centromere protein B, mouse jerky and transposases
Pcub-MSU1_004_000719.1	blastp	Homology to Phytophthora pseudosyringae predicted protein KAG7391176.1
Pcub-MSU1_004_000718.1	eggnog	domain-containing protein
Pcub-MSU1_004_000461.1	eggnog	ATPase family associated with various cellular activities (AAA)
Pcub-MSU1_004_000717.1	interproscan	PTHR13269 domain-containing protein
Pcub-MSU1_004_000716.1	eggnog	domain-containing protein
Pcub-MSU1_004_000715.1	eggnog	ATPase activator activity
Pcub-MSU1_004_000462.1	blastp	Homology to Phytophthora palmivora predicted protein POM73910.1
Pcub-MSU1_004_000714.1	eggnog	domain-containing protein
Pcub-MSU1_004_000713.1	eggnog	domain-containing protein
Pcub-MSU1_004_000712.1	eggnog	domain-containing protein
Pcub-MSU1_004_000711.1	interproscan	PTHR35796 domain-containing protein
Pcub-MSU1_004_000463.1	eggnog	Activator of Hsp90 ATPase, N-terminal
Pcub-MSU1_004_000464.1	unannotated	Hypothetical protein of unknown function
Pcub-MSU1_004_000465.1	eggnog	domain-containing protein
Pcub-MSU1_004_000710.1	unannotated	Hypothetical protein of unknown function
Pcub-MSU1_004_000466.1	interproscan	PTHR35796 domain-containing protein
Pcub-MSU1_004_000467.1	eggnog	YIF1
Pcub-MSU1_004_000468.1	eggnog	pre-mRNA processing factor 3 (PRP3)
Pcub-MSU1_004_000469.1	eggnog	Zinc finger C-x8-C-x5-C-x3-H type (and similar)
Pcub-MSU1_004_000470.1	eggnog	domain-containing protein
Pcub-MSU1_004_000471.1	eggnog	Fis1 C-terminal tetratricopeptide repeat
Pcub-MSU1_004_000709.1	eggnog	ribosomal protein import into nucleus
Pcub-MSU1_004_000472.1	eggnog	Putative GTP-ase activating proteins for the small GTPase, ARF
Pcub-MSU1_004_000708.1	interproscan	SSF56112 domain-containing protein
Pcub-MSU1_004_000707.1	blastp	Homology to Peronospora belbahrii predicted protein CAH0478438.1
Pcub-MSU1_004_000706.1	eggnog	magnesium ion homeostasis
Pcub-MSU1_004_000705.1	eggnog	Plasma-membrane choline transporter
Pcub-MSU1_004_000473.1	eggnog	BRCA1-associated protein 2
Pcub-MSU1_004_000474.1	eggnog	ADP-ribosylation factor family
Pcub-MSU1_004_000704.1	eggnog	domain-containing protein
Pcub-MSU1_004_000475.1	eggnog	domain-containing protein
Pcub-MSU1_004_000703.1	blastp	Homology to Peronospora effusa predicted protein RMX68209.1
Pcub-MSU1_004_000476.1	eggnog	rRNA (uridine-N3-)-methyltransferase activity (FDXACB1)
Pcub-MSU1_004_000702.1	blastp	Homology to Phytophthora palmivora predicted protein POM73910.1
Pcub-MSU1_004_000701.1	unannotated	Hypothetical protein of unknown function
Pcub-MSU1_004_000700.1	unannotated	Hypothetical protein of unknown function
Pcub-MSU1_004_000477.1	unannotated	Hypothetical protein of unknown function
Pcub-MSU1_004_000699.1	eggnog	rRNA (uridine-N3-)-methyltransferase activity (FDXACB1)
Pcub-MSU1_004_000478.1	blastp	Homology to Phytophthora megakarya predicted protein OWZ20815.1
Pcub-MSU1_004_000479.1	eggnog	domain-containing protein
Pcub-MSU1_004_000698.1	unannotated	Hypothetical protein of unknown function
Pcub-MSU1_004_000697.1	unannotated	Hypothetical protein of unknown function
Pcub-MSU1_004_000480.1	eggnog	Proteasome/cyclosome repeat
Pcub-MSU1_004_000481.1	eggnog	occurring C-terminal to leucine-rich repeats
Pcub-MSU1_004_000696.1	blastp	Homology to Peronospora belbahrii predicted protein CAH0481412.1
Pcub-MSU1_004_000482.1	eggnog	DNA/RNA non-specific endonuclease
Pcub-MSU1_004_000483.1	eggnog	domain-containing protein
Pcub-MSU1_004_000484.1	eggnog	Tubulin-tyrosine ligase family
Pcub-MSU1_004_000485.1	eggnog	Cullin family
Pcub-MSU1_004_000486.1	eggnog	Belongs to the adenylate kinase family
Pcub-MSU1_004_000695.1	eggnog	Phosphatidylinositol-4-phosphate 5-Kinase
Pcub-MSU1_004_000487.1	eggnog	Belongs to the TRAFAC class myosin-kinesin ATPase superfamily
Pcub-MSU1_004_000488.1	eggnog	tRNA (uracil) methyltransferase activity
Pcub-MSU1_004_000489.1	interproscan	PTHR37384 domain-containing protein
Pcub-MSU1_004_000490.1	eggnog	DNA polymerase family A
Pcub-MSU1_004_000694.1	eggnog	domain-containing protein
Pcub-MSU1_004_000693.1	unannotated	Hypothetical protein of unknown function
Pcub-MSU1_004_000491.1	eggnog	Protein tyrosine kinase
Pcub-MSU1_004_000692.1	interproscan	PTHR33664 domain-containing protein
Pcub-MSU1_004_000492.1	interproscan	PTHR13439 domain-containing protein
Pcub-MSU1_004_000691.1	eggnog	EamA-like transporter family
Pcub-MSU1_004_000493.1	interproscan	PTHR33664 domain-containing protein
Pcub-MSU1_004_000690.1	eggnog	Protein tyrosine kinase
Pcub-MSU1_004_000494.1	unannotated	Hypothetical protein of unknown function
Pcub-MSU1_004_000495.1	blastp	Homology to Plasmopara viticola predicted protein QUJ09333.1
Pcub-MSU1_004_000496.1	unannotated	Hypothetical protein of unknown function
Pcub-MSU1_004_000689.1	eggnog	Fatty acid hydroxylase superfamily
Pcub-MSU1_004_000497.1	eggnog	Involved in autophagy and cytoplasm to vacuole transport (Cvt) vesicle formation
Pcub-MSU1_004_000688.1	eggnog	Protection of Telomeres
Pcub-MSU1_004_000687.1	eggnog	Sugar (and other) transporter
Pcub-MSU1_004_000498.1	eggnog	Sugar (and other) transporter
Pcub-MSU1_004_000686.1	eggnog	RNA polymerase II proximal promoter sequence-specific DNA binding
Pcub-MSU1_004_000499.1	eggnog	domain-containing protein
Pcub-MSU1_004_000500.1	blastp	Homology to Phytophthora cactorum predicted protein KAG2839366.1
Pcub-MSU1_004_000501.1	blastp	Homology to Peronospora destructor predicted protein CAI5746191.1
Pcub-MSU1_004_000502.1	eggnog	Complex 1 protein (LYR family)
Pcub-MSU1_004_000503.1	eggnog	domain-containing protein
Pcub-MSU1_004_000685.1	eggnog	WD domain, G-beta repeat
Pcub-MSU1_004_000504.1	blastp	Homology to Peronospora destructor predicted protein CAI5746195.1
Pcub-MSU1_004_000505.1	eggnog	RNA recognition motif
Pcub-MSU1_004_000684.1	eggnog	UDP-N-acetylhexosamine pyrophosphorylase
Pcub-MSU1_004_000683.1	eggnog	domain-containing protein
Pcub-MSU1_004_000506.1	eggnog	RING-type zinc-finger
Pcub-MSU1_004_000682.1	eggnog	P-loop containing dynein motor region D4
Pcub-MSU1_004_000681.1	eggnog	domain-containing protein
Pcub-MSU1_004_000680.1	eggnog	GINS complex protein
Pcub-MSU1_004_000507.1	eggnog	Aspartyl/Asparaginyl beta-hydroxylase
Pcub-MSU1_004_000679.1	eggnog	domain-containing protein
Pcub-MSU1_004_000508.1	eggnog	domain-containing protein
Pcub-MSU1_004_000509.1	blastp	Homology to Phytophthora idaei predicted protein KAG3116037.1
Pcub-MSU1_004_000510.1	eggnog	Protein phosphatase 2A regulatory B subunit (B56 family)
Pcub-MSU1_004_000511.1	eggnog	EGF domain, unclasssified subfamily
Pcub-MSU1_004_000678.1	eggnog	hTAFII28-like protein conserved region
Pcub-MSU1_004_000677.1	blastp	Homology to Peronospora destructor predicted protein CAI5747216.1
Pcub-MSU1_004_000512.1	eggnog	Domain of unknown function (DUF3336)
Pcub-MSU1_004_000513.1	eggnog	Leucine carboxyl methyltransferase
Pcub-MSU1_004_000514.1	eggnog	Calpain-like thiol protease family
Pcub-MSU1_004_000515.1	eggnog	LUC7 N_terminus
Pcub-MSU1_004_000676.1	blastp	Homology to Peronospora belbahrii predicted protein CAH0481378.1
Pcub-MSU1_004_000516.1	eggnog	domain-containing protein
Pcub-MSU1_004_000517.1	eggnog	Vacuolar sorting 38 and autophagy-related subunit 14
Pcub-MSU1_004_000675.1	eggnog	RNA polymerases D
Pcub-MSU1_004_000674.1	eggnog	protein dimerization activity
Pcub-MSU1_004_000673.1	eggnog	May be involved in the degradation of misfolded endoplasmic reticulum (ER) luminal proteins
Pcub-MSU1_004_000518.1	eggnog	domain-containing protein
Pcub-MSU1_004_000519.1	eggnog	domain-containing protein
Pcub-MSU1_004_000672.1	eggnog	RNA recognition motif
Pcub-MSU1_004_000520.1	eggnog	domain-containing protein
Pcub-MSU1_004_000671.1	eggnog	Rhodanase C-terminal
Pcub-MSU1_004_000521.1	eggnog	O-methyltransferase
Pcub-MSU1_004_000522.1	eggnog	Domain in the RNA-binding Lupus La protein; unknown function
Pcub-MSU1_004_000523.1	eggnog	Domain in the RNA-binding Lupus La protein; unknown function
Pcub-MSU1_004_000670.1	eggnog	Protein of unknown function (DUF 659)
Pcub-MSU1_004_000669.1	eggnog	O-methyltransferase
Pcub-MSU1_004_000668.1	blastp	Homology to Phytophthora megakarya predicted protein OWY99697.1
Pcub-MSU1_004_000524.1	blastp	Homology to Phytophthora megakarya predicted protein OWY99697.1
Pcub-MSU1_004_000667.1	blastp	Homology to Peronospora destructor predicted protein CAI5747242.1
Pcub-MSU1_004_000525.1	eggnog	regulation of early endosome to recycling endosome transport
Pcub-MSU1_004_000526.1	eggnog	regulation of early endosome to recycling endosome transport
Pcub-MSU1_004_000527.1	blastp	Homology to Phytophthora lilii predicted protein GMF21422.1
Pcub-MSU1_004_000666.1	eggnog	domain-containing protein
Pcub-MSU1_004_000528.1	blastp	Homology to Phytophthora cactorum predicted protein KAG3024596.1
Pcub-MSU1_004_000529.1	eggnog	Plug domain of Sec61p
Pcub-MSU1_004_000665.1	blastp	Homology to Phytophthora nicotianae predicted protein ETP41862.1
Pcub-MSU1_004_000530.1	interproscan	BZIP transcription factor 1 C-terminal domain (PF27643)
Pcub-MSU1_004_000664.1	eggnog	Alkaline phosphatase
Pcub-MSU1_004_000663.1	eggnog	Phosphoglycerate mutase family
Pcub-MSU1_004_000662.1	eggnog	Phosphoglycerate mutase family
Pcub-MSU1_004_000531.1	eggnog	Alkaline phosphatase
Pcub-MSU1_004_000532.1	unannotated	Hypothetical protein of unknown function
Pcub-MSU1_004_000533.1	eggnog	Mitochondrial 18 KDa protein (MTP18)
Pcub-MSU1_004_000534.1	eggnog	Mitochondrial 18 KDa protein (MTP18)
Pcub-MSU1_004_000535.1	unannotated	Hypothetical protein of unknown function
Pcub-MSU1_004_000536.1	blastp	Homology to Phytophthora nicotianae predicted protein KUF92839.1
Pcub-MSU1_004_000661.1	unannotated	Hypothetical protein of unknown function
Pcub-MSU1_004_000660.1	eggnog	Protein tyrosine kinase
Pcub-MSU1_004_000537.1	eggnog	CCT motif
Pcub-MSU1_004_000538.1	eggnog	Neddylation of cullins play an essential role in the regulation of SCF-type complexes activity
Pcub-MSU1_004_000539.1	eggnog	DDHD
Pcub-MSU1_004_000659.1	eggnog	domain-containing protein
Pcub-MSU1_004_000540.1	unannotated	Hypothetical protein of unknown function
Pcub-MSU1_004_000541.1	eggnog	Extension to Ser/Thr-type protein kinases
Pcub-MSU1_004_000658.1	eggnog	peptidyl-prolyl cis-trans isomerase activity
Pcub-MSU1_004_000657.1	eggnog	WD domain, G-beta repeat
Pcub-MSU1_004_000656.1	eggnog	Polynucleotide kinase 3 phosphatase
Pcub-MSU1_004_000655.1	eggnog	Polynucleotide kinase 3 phosphatase
Pcub-MSU1_004_000542.1	eggnog	Protein present in Fab1, YOTB, Vac1, and EEA1
Pcub-MSU1_004_000543.1	blastp	Homology to Peronospora belbahrii predicted protein CAH0481357.1
Pcub-MSU1_004_000654.1	eggnog	Glycine cleavage H-protein
Pcub-MSU1_004_000653.1	eggnog	Belongs to the peptidase M76 family
Pcub-MSU1_004_000652.1	eggnog	domain-containing protein
Pcub-MSU1_004_000544.1	eggnog	Essential subunit of the N-oligosaccharyl transferase (OST) complex which catalyzes the transfer of a high mannose oligosaccharide from a lipid-linked oligosaccharide donor to an asparagine residue within an Asn-X-Ser Thr consensus motif in nascent polypeptide chains
Pcub-MSU1_004_000651.1	eggnog	Ribosomal protein L3
Pcub-MSU1_004_000545.1	eggnog	domain-containing protein
Pcub-MSU1_004_000650.1	eggnog	domain-containing protein
Pcub-MSU1_004_000546.1	eggnog	Aconitase family (aconitate hydratase)
Pcub-MSU1_004_000547.1	eggnog	Transmembrane amino acid transporter protein
Pcub-MSU1_004_000548.1	eggnog	Lipopolysaccharide kinase (Kdo/WaaP) family
Pcub-MSU1_004_000649.1	blastp	Homology to Peronospora farinosa predicted protein CAI5738240.1
Pcub-MSU1_004_000648.1	blastp	Homology to Phytophthora cinnamomi predicted protein KAG6614679.1
Pcub-MSU1_004_000549.1	unannotated	Hypothetical protein of unknown function
Pcub-MSU1_004_000647.1	eggnog	RNase H
Pcub-MSU1_004_000646.1	blastp	Homology to Phytophthora cinnamomi predicted protein KAG6609863.1
Pcub-MSU1_004_000645.1	unannotated	Hypothetical protein of unknown function
Pcub-MSU1_004_000644.1	unannotated	Hypothetical protein of unknown function
Pcub-MSU1_004_000643.1	eggnog	RNase H
Pcub-MSU1_004_000550.1	unannotated	Hypothetical protein of unknown function
Pcub-MSU1_004_000551.1	unannotated	Hypothetical protein of unknown function
Pcub-MSU1_004_000552.1	eggnog	RNase H
Pcub-MSU1_004_000553.1	unannotated	Hypothetical protein of unknown function
Pcub-MSU1_004_000554.1	eggnog	RNase H
Pcub-MSU1_004_000555.1	eggnog	Protein present in Fab1, YOTB, Vac1, and EEA1
Pcub-MSU1_004_000642.1	blastp	Homology to Phytophthora pseudosyringae predicted protein KAG7381020.1
Pcub-MSU1_004_000641.1	eggnog	Ribosomal protein S30
Pcub-MSU1_004_000556.1	eggnog	Biotin-requiring enzyme
Pcub-MSU1_004_000557.1	eggnog	Domain of unknown function DUF21
Pcub-MSU1_004_000558.1	eggnog	RNA cytidine acetyltransferase with specificity toward both 18S rRNA and tRNAs
Pcub-MSU1_004_000559.1	eggnog	ADP-ribosylglycohydrolase
Pcub-MSU1_004_000560.1	eggnog	Protein of unknown function (DUF667)
Pcub-MSU1_004_000640.1	eggnog	Phosphoglucomutase/phosphomannomutase, alpha/beta/alpha domain II
Pcub-MSU1_004_000561.1	eggnog	mRNA capping enzyme, beta chain
Pcub-MSU1_004_000639.1	eggnog	bZIP transcription factor
Pcub-MSU1_004_000562.1	eggnog	domain-containing protein
Pcub-MSU1_004_000638.1	eggnog	50S ribosome-binding GTPase
Pcub-MSU1_004_000563.1	blastp	Homology to Phytophthora pseudosyringae predicted protein KAG7385742.1
Pcub-MSU1_004_000637.1	eggnog	snRNA import into nucleus
Pcub-MSU1_004_000564.1	eggnog	Required for endonucleolytic cleavage during polyadenylation-dependent pre-mRNA 3'-end formation
Pcub-MSU1_004_000565.1	eggnog	Required for endonucleolytic cleavage during polyadenylation-dependent pre-mRNA 3'-end formation
Pcub-MSU1_004_000636.1	eggnog	PPR repeat
Pcub-MSU1_004_000566.1	eggnog	B-block binding subunit of TFIIIC
Pcub-MSU1_004_000635.1	eggnog	Catalyzes the oxidation of uric acid to 5- hydroxyisourate, which is further processed to form (S)-allantoin
Pcub-MSU1_004_000634.1	eggnog	May participate in a complex which severs microtubules in an ATP-dependent manner
Pcub-MSU1_004_000567.1	eggnog	Cornichon protein
Pcub-MSU1_004_000568.1	eggnog	negative regulation of TOR signaling
Pcub-MSU1_004_000569.1	blastp	Homology to Phytophthora fragariae predicted protein KAE8891172.1
Pcub-MSU1_004_000570.1	eggnog	Protein present in Fab1, YOTB, Vac1, and EEA1
Pcub-MSU1_004_000571.1	interproscan	c(""""""""TB2/DP1"""""""", """""""" HVA22 family"""""""") (PF03134)
Pcub-MSU1_004_000633.1	eggnog	AAA domain (Cdc48 subfamily)
Pcub-MSU1_004_000632.1	eggnog	Tetraspanin family
Pcub-MSU1_004_000572.1	blastp	Homology to Phytophthora cactorum predicted protein KAG3196597.1
Pcub-MSU1_004_000631.1	blastp	Homology to Phytophthora lilii predicted protein GMF25607.1
Pcub-MSU1_004_000630.1	eggnog	Pyridine nucleotide-disulphide oxidoreductase
Pcub-MSU1_004_000573.1	unannotated	Hypothetical protein of unknown function
Pcub-MSU1_004_000574.1	eggnog	Complex 1 protein (LYR family)
Pcub-MSU1_004_000629.1	eggnog	domain-containing protein
Pcub-MSU1_004_000575.1	eggnog	Short calmodulin-binding motif containing conserved Ile and Gln residues
Pcub-MSU1_004_000628.1	eggnog	domain-containing protein
Pcub-MSU1_004_000627.1	blastp	Homology to Phytophthora megakarya predicted protein OWZ21102.1
Pcub-MSU1_004_000626.1	eggnog	Domain in Tre-2, BUB2p, and Cdc16p
Pcub-MSU1_004_000576.1	eggnog	domain-containing protein
Pcub-MSU1_004_000625.1	eggnog	microtubule nucleation by interphase microtubule organizing center
Pcub-MSU1_004_000624.1	eggnog	Protein tyrosine kinase
Pcub-MSU1_004_000577.1	eggnog	Domain of unknown function (DUF3819)
Pcub-MSU1_004_000623.1	eggnog	TATA-binding related factor (TRF) of subunit 20 of Mediator complex
Pcub-MSU1_004_000578.1	interproscan	PTHR31827 domain-containing protein
Pcub-MSU1_004_000622.1	eggnog	Glycine cleavage H-protein
Pcub-MSU1_004_000579.1	eggnog	domain-containing protein
Pcub-MSU1_004_000621.1	eggnog	Glycerophosphoryl diester phosphodiesterase family
Pcub-MSU1_004_000620.1	eggnog	2-oxoglutarate dehydrogenase C-terminal
Pcub-MSU1_004_000619.1	blastp	Homology to Phytophthora lilii predicted protein GMF34697.1
Pcub-MSU1_004_000618.1	eggnog	2-oxoglutarate dehydrogenase C-terminal
Pcub-MSU1_004_000580.1	interproscan	PTHR44314 domain-containing protein
Pcub-MSU1_004_000617.1	eggnog	Inositol polyphosphate kinase
Pcub-MSU1_004_000581.1	eggnog	ER lumen protein retaining receptor
Pcub-MSU1_004_000616.1	eggnog	domain-containing protein
Pcub-MSU1_004_000582.1	eggnog	Metallo-beta-lactamase superfamily
Pcub-MSU1_004_000583.1	unannotated	Hypothetical protein of unknown function
Pcub-MSU1_004_000584.1	eggnog	Metallo-beta-lactamase superfamily
Pcub-MSU1_004_000585.1	blastp	Homology to Pythium oligandrum predicted protein TMW60129.1
Pcub-MSU1_004_000615.1	eggnog	domain-containing protein
Pcub-MSU1_004_000614.1	eggnog	Tetratricopeptide repeat
Pcub-MSU1_004_000586.1	eggnog	Ribosomal protein L7Ae/L30e/S12e/Gadd45 family
Pcub-MSU1_004_000613.1	eggnog	domain-containing protein
Pcub-MSU1_004_000587.1	eggnog	3'-5' exonuclease
Pcub-MSU1_004_000612.1	interproscan	SSF48340 domain-containing protein
Pcub-MSU1_004_000611.1	blastp	Homology to Phytophthora nicotianae predicted protein ETK75515.1
Pcub-MSU1_004_000588.1	eggnog	Belongs to the class I-like SAM-binding methyltransferase superfamily
Pcub-MSU1_004_000589.1	eggnog	Prenyltransferase and squalene oxidase repeat
Pcub-MSU1_004_000610.1	eggnog	Removes the N-terminal methionine from nascent proteins
Pcub-MSU1_004_000609.1	eggnog	Protein of unknown function (DUF1279)
Pcub-MSU1_004_000590.1	eggnog	axonemal central apparatus assembly
Pcub-MSU1_004_000608.1	interproscan	G3DSA:2.40.50.140 domain-containing protein
Pcub-MSU1_004_000607.1	unannotated	Hypothetical protein of unknown function
Pcub-MSU1_004_000606.1	unannotated	Hypothetical protein of unknown function
Pcub-MSU1_004_000605.1	unannotated	Hypothetical protein of unknown function
Pcub-MSU1_004_000604.1	unannotated	Hypothetical protein of unknown function
Pcub-MSU1_004_000603.1	unannotated	Hypothetical protein of unknown function
Pcub-MSU1_004_000602.1	unannotated	Hypothetical protein of unknown function
Pcub-MSU1_004_000601.1	unannotated	Hypothetical protein of unknown function
Pcub-MSU1_004_000600.1	unannotated	Hypothetical protein of unknown function
Pcub-MSU1_004_000599.1	unannotated	Hypothetical protein of unknown function
Pcub-MSU1_004_000598.1	unannotated	Hypothetical protein of unknown function
Pcub-MSU1_004_000597.1	unannotated	Hypothetical protein of unknown function
Pcub-MSU1_004_000591.1	unannotated	Hypothetical protein of unknown function
Pcub-MSU1_004_000592.1	unannotated	Hypothetical protein of unknown function
Pcub-MSU1_004_000593.1	unannotated	Hypothetical protein of unknown function
Pcub-MSU1_004_000594.1	unannotated	Hypothetical protein of unknown function
Pcub-MSU1_004_000595.1	unannotated	Hypothetical protein of unknown function
Pcub-MSU1_004_000596.1	unannotated	Hypothetical protein of unknown function
Pcub-MSU1_005_000001.1	eggnog	domain-containing protein
Pcub-MSU1_005_000871.1	eggnog	domain-containing protein
Pcub-MSU1_005_000002.1	eggnog	Ku70 and Ku80 are 70kDa and 80kDa subunits of the Lupus Ku autoantigen
Pcub-MSU1_005_000003.1	eggnog	Ku70 and Ku80 are 70kDa and 80kDa subunits of the Lupus Ku autoantigen
Pcub-MSU1_005_000004.1	eggnog	protein phosphorylation
Pcub-MSU1_005_000870.1	eggnog	SHR-binding domain of vacuolar-sorting associated protein 13
Pcub-MSU1_005_000869.1	eggnog	CDP-alcohol phosphatidyltransferase
Pcub-MSU1_005_000868.1	eggnog	SHR-binding domain of vacuolar-sorting associated protein 13
Pcub-MSU1_005_000867.1	eggnog	SHR-binding domain of vacuolar-sorting associated protein 13
Pcub-MSU1_005_000005.1	eggnog	Tetratricopeptide repeat
Pcub-MSU1_005_000006.1	eggnog	ankyrin repeats
Pcub-MSU1_005_000007.1	eggnog	Sigma factor PP2C-like phosphatases
Pcub-MSU1_005_000866.1	eggnog	Domain present in PSD-95, Dlg, and ZO-1/2
Pcub-MSU1_005_000865.1	eggnog	Domain present in PSD-95, Dlg, and ZO-1/2
Pcub-MSU1_005_000008.1	eggnog	Proteasome subunit A N-terminal signature Add an annotation
Pcub-MSU1_005_000864.1	eggnog	Nuclear pore localisation protein NPL4
Pcub-MSU1_005_000863.1	eggnog	Domain of unknown function (DUF3523)
Pcub-MSU1_005_000009.1	blastp	Homology to Peronospora effusa predicted protein RQM09757.1
Pcub-MSU1_005_000862.1	blastp	Homology to Phytophthora cactorum predicted protein KAG3019014.1
Pcub-MSU1_005_000861.1	eggnog	domain-containing protein
Pcub-MSU1_005_000010.1	blastp	Homology to Phytophthora aleatoria predicted protein KAG6972186.1
Pcub-MSU1_005_000860.1	interproscan	PTHR37028 domain-containing protein
Pcub-MSU1_005_000011.1	blastp	Homology to Peronospora effusa predicted protein CAI5705483.1
Pcub-MSU1_005_000859.1	eggnog	Suppressor of forked protein (Suf)
Pcub-MSU1_005_000858.1	unannotated	Hypothetical protein of unknown function
Pcub-MSU1_005_000012.1	interproscan	G3DSA:2.60.120.680 domain-containing protein
Pcub-MSU1_005_000857.1	blastp	Homology to Phytophthora nicotianae predicted protein ETL30090.1
Pcub-MSU1_005_000856.1	eggnog	Kazal type serine protease inhibitors
Pcub-MSU1_005_000013.1	unannotated	Hypothetical protein of unknown function
Pcub-MSU1_005_000014.1	blastp	Homology to Phytophthora megakarya predicted protein OWZ14881.1
Pcub-MSU1_005_000015.1	eggnog	domain-containing protein
Pcub-MSU1_005_000855.1	eggnog	Subunit of the peripheral V1 complex of vacuolar ATPase
Pcub-MSU1_005_000854.1	eggnog	Annexin repeats
Pcub-MSU1_005_000016.1	eggnog	Golgin subfamily A member 5
Pcub-MSU1_005_000017.1	blastp	Homology to Peronospora effusa predicted protein CAI5705440.1
Pcub-MSU1_005_000853.1	eggnog	domain in glucosyltransferases, myotubularins and other putative membrane-associated proteins
Pcub-MSU1_005_000852.1	interproscan	PTHR34689 domain-containing protein
Pcub-MSU1_005_000018.1	eggnog	Alternative splicing regulator
Pcub-MSU1_005_000851.1	eggnog	Aspartyl-tRNA synthetase
Pcub-MSU1_005_000850.1	eggnog	Pc21g00130 protein. Source PGD
Pcub-MSU1_005_000849.1	eggnog	Pc21g00130 protein. Source PGD
Pcub-MSU1_005_000848.1	eggnog	transposition, RNA-mediated
Pcub-MSU1_005_000847.1	eggnog	Belongs to the TRAFAC class myosin-kinesin ATPase superfamily
Pcub-MSU1_005_000846.1	unannotated	Hypothetical protein of unknown function
Pcub-MSU1_005_000845.1	blastp	Homology to Peronospora effusa predicted protein RMX69247.1
Pcub-MSU1_005_000844.1	eggnog	PPIases accelerate the folding of proteins
Pcub-MSU1_005_000019.1	eggnog	Annexin repeats
Pcub-MSU1_005_000020.1	blastp	Homology to Peronospora effusa predicted protein CAI5705454.1
Pcub-MSU1_005_000843.1	eggnog	Annexin
Pcub-MSU1_005_000842.1	eggnog	Annexin repeats
Pcub-MSU1_005_000841.1	eggnog	Protein of unknown function (DUF773)
Pcub-MSU1_005_000021.1	eggnog	Annexin repeats
Pcub-MSU1_005_000022.1	eggnog	Kinase-like
Pcub-MSU1_005_000023.1	eggnog	Amino acid kinase family
Pcub-MSU1_005_000840.1	eggnog	RNA recognition motif
Pcub-MSU1_005_000839.1	eggnog	RNA recognition motif
Pcub-MSU1_005_000024.1	blastp	Homology to Phytophthora capsici predicted protein KAG1707255.1
Pcub-MSU1_005_000838.1	eggnog	domain-containing protein
Pcub-MSU1_005_000025.1	eggnog	domain-containing protein
Pcub-MSU1_005_000837.1	eggnog	Mitochondrial carrier protein
Pcub-MSU1_005_000026.1	eggnog	Removes the N-terminal methionine from nascent proteins
Pcub-MSU1_005_000027.1	eggnog	ubiquitin-protein transferase activity
Pcub-MSU1_005_000836.1	blastp	Homology to Phytophthora aleatoria predicted protein KAG6955930.1
Pcub-MSU1_005_000028.1	unannotated	Hypothetical protein of unknown function
Pcub-MSU1_005_000029.1	eggnog	domain-containing protein
Pcub-MSU1_005_000030.1	eggnog	domain-containing protein
Pcub-MSU1_005_000835.1	eggnog	Severs microtubules in an ATP-dependent manner
Pcub-MSU1_005_000834.1	blastp	Homology to Peronospora belbahrii predicted protein CAH0476720.1
Pcub-MSU1_005_000833.1	eggnog	Transmembrane protein 138
Pcub-MSU1_005_000031.1	eggnog	XPG I-region
Pcub-MSU1_005_000032.1	blastp	Homology to Phytophthora aleatoria predicted protein KAG6955930.1
Pcub-MSU1_005_000832.1	unannotated	Hypothetical protein of unknown function
Pcub-MSU1_005_000831.1	eggnog	ubiquitin-protein transferase activity
Pcub-MSU1_005_000033.1	eggnog	Zn-finger in Ran binding protein and others
Pcub-MSU1_005_000830.1	eggnog	Conserved gene of
Pcub-MSU1_005_000034.1	eggnog	Zinc finger, C3HC4 type (RING finger)
Pcub-MSU1_005_000035.1	eggnog	Putative diphthamide synthesis protein
Pcub-MSU1_005_000829.1	eggnog	domain-containing protein
Pcub-MSU1_005_000036.1	eggnog	AAA domain (Cdc48 subfamily)
Pcub-MSU1_005_000828.1	eggnog	Conserved gene of
Pcub-MSU1_005_000827.1	eggnog	Double-stranded RNA binding motif
Pcub-MSU1_005_000826.1	eggnog	Zinc finger, C3HC4 type (RING finger)
Pcub-MSU1_005_000825.1	blastp	Homology to Phytophthora infestans predicted protein KAF4027509.1
Pcub-MSU1_005_000037.1	eggnog	Phytanoyl-CoA dioxygenase (PhyH)
Pcub-MSU1_005_000038.1	eggnog	phosphatidylinositol N-acetylglucosaminyltransferase activity (PIGA)
Pcub-MSU1_005_000039.1	eggnog	Gpi16 subunit, GPI transamidase component
Pcub-MSU1_005_000824.1	blastp	Homology to Phytophthora citrophthora predicted protein KAK1930589.1
Pcub-MSU1_005_000040.1	blastp	Homology to Phytophthora pseudosyringae predicted protein KAG7379208.1
Pcub-MSU1_005_000823.1	eggnog	RUN
Pcub-MSU1_005_000822.1	unannotated	Hypothetical protein of unknown function
Pcub-MSU1_005_000041.1	eggnog	Zinc finger C-x8-C-x5-C-x3-H type (and similar)
Pcub-MSU1_005_000821.1	blastp	Homology to Phytophthora aleatoria predicted protein KAG6955930.1
Pcub-MSU1_005_000042.1	eggnog	Acid phosphatase homologues
Pcub-MSU1_005_000043.1	eggnog	Acid phosphatase homologues
Pcub-MSU1_005_000044.1	eggnog	domain-containing protein
Pcub-MSU1_005_000820.1	eggnog	domain-containing protein
Pcub-MSU1_005_000045.1	eggnog	DTW
Pcub-MSU1_005_000046.1	eggnog	domain-containing protein
Pcub-MSU1_005_000047.1	eggnog	Nucleolar complex-associated protein
Pcub-MSU1_005_000819.1	eggnog	Tetraspanin family
Pcub-MSU1_005_000048.1	eggnog	domain-containing protein
Pcub-MSU1_005_000049.1	eggnog	zinc-finger of a C2HC-type
Pcub-MSU1_005_000050.1	eggnog	transposition, RNA-mediated
Pcub-MSU1_005_000818.1	eggnog	regulation of response to stimulus
Pcub-MSU1_005_000817.1	unannotated	Hypothetical protein of unknown function
Pcub-MSU1_005_000816.1	eggnog	nitrile biosynthetic process
Pcub-MSU1_005_000815.1	eggnog	Dimerisation domain of Ca+-activated chloride-channel, anoctamin
Pcub-MSU1_005_000051.1	blastp	Homology to Peronospora effusa predicted protein CAI5705358.1
Pcub-MSU1_005_000052.1	blastp	Homology to Phytophthora cactorum predicted protein KAF1795774.1
Pcub-MSU1_005_000814.1	eggnog	domain-containing protein
Pcub-MSU1_005_000813.1	eggnog	domain-containing protein
Pcub-MSU1_005_000053.1	eggnog	Belongs to the NARF family
Pcub-MSU1_005_000812.1	eggnog	UbiA prenyltransferase family
Pcub-MSU1_005_000811.1	unannotated	Hypothetical protein of unknown function
Pcub-MSU1_005_000054.1	eggnog	phosphatidylinositol-3,4-bisphosphate 4-phosphatase activity
Pcub-MSU1_005_000810.1	interproscan	PTHR46518 domain-containing protein
Pcub-MSU1_005_000055.1	unannotated	Hypothetical protein of unknown function
Pcub-MSU1_005_000056.1	unannotated	Hypothetical protein of unknown function
Pcub-MSU1_005_000057.1	eggnog	Acid phosphatase homologues
Pcub-MSU1_005_000809.1	eggnog	Duplicated domain in the epidermal growth factor- and elongation factor-1alpha-binding protein Zpr1
Pcub-MSU1_005_000808.1	unannotated	Hypothetical protein of unknown function
Pcub-MSU1_005_000058.1	eggnog	3'-5'-exoribonuclease activity
Pcub-MSU1_005_000807.1	eggnog	Lipopolysaccharide kinase (Kdo/WaaP) family
Pcub-MSU1_005_000806.1	eggnog	Protein of unknown function (DUF1336)
Pcub-MSU1_005_000805.1	eggnog	Protein of unknown function (DUF1336)
Pcub-MSU1_005_000804.1	eggnog	microtubule severing (WDR49)
Pcub-MSU1_005_000803.1	eggnog	domain-containing protein
Pcub-MSU1_005_000802.1	blastp	Homology to Phytophthora pseudosyringae predicted protein KAG7390592.1
Pcub-MSU1_005_000059.1	blastp	Homology to Peronospora farinosa predicted protein CAH0486982.1
Pcub-MSU1_005_000801.1	eggnog	RNA recognition motif
Pcub-MSU1_005_000060.1	eggnog	Signal recognition particle receptor beta subunit
Pcub-MSU1_005_000061.1	eggnog	ADP-ribosylation factor family
Pcub-MSU1_005_000800.1	eggnog	ATP synthase (F/14-kDa) subunit
Pcub-MSU1_005_000062.1	blastp	Homology to Phytophthora cinnamomi predicted protein KAG6622910.1
Pcub-MSU1_005_000799.1	eggnog	HAT (Half-A-TPR) repeats
Pcub-MSU1_005_000798.1	eggnog	HAT (Half-A-TPR) repeats
Pcub-MSU1_005_000063.1	eggnog	Fcf1
Pcub-MSU1_005_000064.1	blastp	Homology to Phytophthora ramorum predicted protein KAH7492065.1
Pcub-MSU1_005_000065.1	interproscan	PTHR33215 domain-containing protein
Pcub-MSU1_005_000797.1	eggnog	Uncharacterized conserved protein (DUF2183)
Pcub-MSU1_005_000796.1	eggnog	Endonuclease/Exonuclease/phosphatase family
Pcub-MSU1_005_000066.1	eggnog	Ribosomal protein S10p/S20e
Pcub-MSU1_005_000067.1	eggnog	domain-containing protein
Pcub-MSU1_005_000068.1	eggnog	Copine
Pcub-MSU1_005_000795.1	interproscan	PTHR31827 domain-containing protein
Pcub-MSU1_005_000069.1	blastp	Homology to Phytophthora cactorum predicted protein KAG3029125.1
Pcub-MSU1_005_000794.1	eggnog	Endonuclease/Exonuclease/phosphatase family
Pcub-MSU1_005_000070.1	eggnog	ABC transporter transmembrane region
Pcub-MSU1_005_000071.1	blastp	Homology to Peronospora farinosa predicted protein CAH0489909.1
Pcub-MSU1_005_000793.1	eggnog	triglyceride catabolic process
Pcub-MSU1_005_000072.1	eggnog	pfkB family carbohydrate kinase
Pcub-MSU1_005_000792.1	interproscan	G3DSA:3.40.30.10 domain-containing protein
Pcub-MSU1_005_000073.1	interproscan	PTHR35532 domain-containing protein
Pcub-MSU1_005_000074.1	unannotated	Hypothetical protein of unknown function
Pcub-MSU1_005_000075.1	eggnog	Transcription factor TFIID (or TATA-binding protein, TBP)
Pcub-MSU1_005_000791.1	eggnog	domain-containing protein
Pcub-MSU1_005_000076.1	eggnog	spliceosomal tri-snRNP complex assembly
Pcub-MSU1_005_000790.1	eggnog	domain-containing protein
Pcub-MSU1_005_000789.1	blastp	Homology to Phytophthora palmivora predicted protein POM74005.1
Pcub-MSU1_005_000788.1	unannotated	Hypothetical protein of unknown function
Pcub-MSU1_005_000077.1	blastp	Homology to Phytophthora lilii predicted protein GMF34529.1
Pcub-MSU1_005_000787.1	eggnog	domain-containing protein
Pcub-MSU1_005_000078.1	eggnog	NADH-ubiquinone oxidoreductase B18 subunit (NDUFB7)
Pcub-MSU1_005_000786.1	eggnog	Folate receptor family
Pcub-MSU1_005_000785.1	unannotated	Hypothetical protein of unknown function
Pcub-MSU1_005_000079.1	blastp	Homology to Phytophthora palmivora predicted protein POM74005.1
Pcub-MSU1_005_000080.1	blastp	Homology to Phytophthora lilii predicted protein GMF34529.1
Pcub-MSU1_005_000081.1	eggnog	Transmembrane protein. Source PGD
Pcub-MSU1_005_000082.1	interproscan	G3DSA:1.25.40.10 domain-containing protein
Pcub-MSU1_005_000784.1	eggnog	Phosphoinositide 3-kinase C2
Pcub-MSU1_005_000083.1	eggnog	domain-containing protein
Pcub-MSU1_005_000084.1	eggnog	Transmembrane protein. Source PGD
Pcub-MSU1_005_000783.1	eggnog	Transmembrane protein. Source PGD
Pcub-MSU1_005_000085.1	blastp	Homology to Phytophthora fragariae predicted protein KAE8891172.1
Pcub-MSU1_005_000782.1	eggnog	Regulator of chromosome condensation (RCC1) repeat
Pcub-MSU1_005_000086.1	eggnog	domain-containing protein
Pcub-MSU1_005_000781.1	blastp	Homology to Peronospora effusa predicted protein RQM17209.1
Pcub-MSU1_005_000087.1	blastp	Homology to Peronospora farinosa predicted protein CAH0494029.1
Pcub-MSU1_005_000088.1	blastp	Homology to Phytophthora infestans predicted protein KAF4037096.1
Pcub-MSU1_005_000780.1	blastp	Homology to Phytophthora cactorum predicted protein KAG2774927.1
Pcub-MSU1_005_000779.1	interproscan	PTHR13510 domain-containing protein
Pcub-MSU1_005_000089.1	interproscan	PTHR13510 domain-containing protein
Pcub-MSU1_005_000778.1	eggnog	Peptidase C26
Pcub-MSU1_005_000090.1	blastp	Homology to Phytophthora pseudosyringae predicted protein KAG7381851.1
Pcub-MSU1_005_000777.1	eggnog	Destroys radicals which are normally produced within the cells and which are toxic to biological systems
Pcub-MSU1_005_000091.1	eggnog	Gar1/Naf1 RNA binding region
Pcub-MSU1_005_000776.1	eggnog	Uncharacterised protein family (UPF0183)
Pcub-MSU1_005_000775.1	eggnog	Peptidase C26
Pcub-MSU1_005_000774.1	interproscan	PTHR13510 domain-containing protein
Pcub-MSU1_005_000773.1	interproscan	PTHR13510 domain-containing protein
Pcub-MSU1_005_000772.1	eggnog	Leucine rich repeat
Pcub-MSU1_005_000092.1	blastp	Homology to Phytophthora nicotianae predicted protein ETI36099.1
Pcub-MSU1_005_000093.1	eggnog	Calcium-activated BK potassium channel alpha subunit
Pcub-MSU1_005_000094.1	eggnog	RsgA GTPase
Pcub-MSU1_005_000095.1	eggnog	Protein kinase; unclassified specificity
Pcub-MSU1_005_000771.1	eggnog	Cytidine and deoxycytidylate deaminase zinc-binding region
Pcub-MSU1_005_000770.1	blastp	Homology to Peronospora destructor predicted protein CAI5708639.1
Pcub-MSU1_005_000096.1	eggnog	Transcription factor TFIID (or TATA-binding protein, TBP)
Pcub-MSU1_005_000769.1	eggnog	Type III restriction enzyme, res subunit
Pcub-MSU1_005_000768.1	eggnog	N-acetyllactosamine synthase activity
Pcub-MSU1_005_000767.1	eggnog	Fibrillarin
Pcub-MSU1_005_000766.1	interproscan	PTHR42254 domain-containing protein
Pcub-MSU1_005_000097.1	eggnog	RNA recognition motif
Pcub-MSU1_005_000765.1	eggnog	regulation of membrane repolarization during atrial cardiac muscle cell action potential
Pcub-MSU1_005_000764.1	eggnog	RNA recognition motif
Pcub-MSU1_005_000098.1	interproscan	PTHR42254 domain-containing protein
Pcub-MSU1_005_000099.1	blastp	Homology to Phytophthora cinnamomi predicted protein KAJ8554725.1
Pcub-MSU1_005_000100.1	interproscan	PTHR42254 domain-containing protein
Pcub-MSU1_005_000101.1	eggnog	regulation of membrane repolarization during atrial cardiac muscle cell action potential
Pcub-MSU1_005_000763.1	unannotated	Hypothetical protein of unknown function
Pcub-MSU1_005_000762.1	eggnog	transposition, RNA-mediated
Pcub-MSU1_005_000761.1	unannotated	Hypothetical protein of unknown function
Pcub-MSU1_005_000760.1	eggnog	Ribosomal L29 protein
Pcub-MSU1_005_000102.1	eggnog	Histone acetylation protein
Pcub-MSU1_005_000103.1	eggnog	Short calmodulin-binding motif containing conserved Ile and Gln residues
Pcub-MSU1_005_000759.1	eggnog	recombinase activity
Pcub-MSU1_005_000758.1	eggnog	domain-containing protein
Pcub-MSU1_005_000104.1	eggnog	Iguana/Dzip1-like DAZ-interacting protein N-terminal
Pcub-MSU1_005_000757.1	eggnog	Sel1 repeat
Pcub-MSU1_005_000105.1	blastp	Homology to Phytophthora idaei predicted protein KAG3167395.1
Pcub-MSU1_005_000106.1	blastp	Homology to Peronospora destructor predicted protein CAI5738379.1
Pcub-MSU1_005_000756.1	eggnog	Bestrophin, RFP-TM, chloride channel
Pcub-MSU1_005_000107.1	unannotated	Hypothetical protein of unknown function
Pcub-MSU1_005_000108.1	eggnog	Bestrophin, RFP-TM, chloride channel
Pcub-MSU1_005_000755.1	blastp	Homology to Peronospora destructor predicted protein CAI5738379.1
Pcub-MSU1_005_000754.1	blastp	Homology to Phytophthora pseudosyringae predicted protein KAG7389932.1
Pcub-MSU1_005_000109.1	eggnog	Phosphoinositide 3-kinase family, accessory domain (PIK domain)
Pcub-MSU1_005_000753.1	blastp	Homology to Phytophthora nicotianae predicted protein ETI36008.1
Pcub-MSU1_005_000110.1	eggnog	Domain in homologues of a S
Pcub-MSU1_005_000111.1	eggnog	Pyridoxal-phosphate dependent enzyme
Pcub-MSU1_005_000752.1	eggnog	WD domain, G-beta repeat
Pcub-MSU1_005_000112.1	eggnog	Domain of unknown function (DUF4211)
Pcub-MSU1_005_000751.1	interproscan	PTHR36971 domain-containing protein
Pcub-MSU1_005_000113.1	blastp	Homology to Phytophthora megakarya predicted protein OWZ18771.1
Pcub-MSU1_005_000750.1	eggnog	domain-containing protein
Pcub-MSU1_005_000114.1	eggnog	Stealth protein CR1, conserved region 1
Pcub-MSU1_005_000749.1	eggnog	Stealth protein CR2, conserved region 2
Pcub-MSU1_005_000115.1	eggnog	domain-containing protein
Pcub-MSU1_005_000116.1	eggnog	domain-containing protein
Pcub-MSU1_005_000748.1	blastp	Homology to Phytophthora fragariae predicted protein KAE8895317.1
Pcub-MSU1_005_000747.1	eggnog	domain-containing protein
Pcub-MSU1_005_000117.1	interproscan	SSF50978 domain-containing protein
Pcub-MSU1_005_000118.1	eggnog	WD40 repeats
Pcub-MSU1_005_000746.1	eggnog	Ribosomal protein L30p/L7e
Pcub-MSU1_005_000745.1	eggnog	domain-containing protein
Pcub-MSU1_005_000119.1	blastp	Homology to Phytophthora idaei predicted protein KAG3120441.1
Pcub-MSU1_005_000744.1	unannotated	Hypothetical protein of unknown function
Pcub-MSU1_005_000743.1	unannotated	Hypothetical protein of unknown function
Pcub-MSU1_005_000120.1	eggnog	alpha/beta hydrolase fold
Pcub-MSU1_005_000742.1	blastp	Homology to Peronospora effusa predicted protein RQM12912.1
Pcub-MSU1_005_000121.1	eggnog	Conserved gene of
Pcub-MSU1_005_000741.1	blastp	Homology to Phytophthora pseudosyringae predicted protein KAG7389959.1
Pcub-MSU1_005_000122.1	interproscan	PTHR16295 domain-containing protein
Pcub-MSU1_005_000740.1	eggnog	mismatched DNA binding
Pcub-MSU1_005_000123.1	eggnog	domain-containing protein
Pcub-MSU1_005_000124.1	eggnog	Domain found in Dishevelled, Egl-10, and Pleckstrin (DEP)
Pcub-MSU1_005_000739.1	eggnog	domain-containing protein
Pcub-MSU1_005_000738.1	blastp	Homology to predicted protein KAH7510031.1
Pcub-MSU1_005_000737.1	blastp	Homology to Phytophthora ramorum predicted protein KAH7492206.1
Pcub-MSU1_005_000125.1	blastp	Homology to Peronospora belbahrii predicted protein CAH0516460.1
Pcub-MSU1_005_000736.1	eggnog	Histone acetyltransferase subunit NuA4
Pcub-MSU1_005_000735.1	eggnog	Belongs to the monovalent cation proton antiporter 1 (CPA1) transporter (TC 2.A.36) family
Pcub-MSU1_005_000126.1	eggnog	Calcineurin-like phosphoesterase
Pcub-MSU1_005_000734.1	interproscan	PTHR13164 domain-containing protein
Pcub-MSU1_005_000127.1	eggnog	WD domain, G-beta repeat
Pcub-MSU1_005_000128.1	eggnog	DUF4205
Pcub-MSU1_005_000733.1	eggnog	N1221-like protein
Pcub-MSU1_005_000129.1	eggnog	Protein tyrosine kinase
Pcub-MSU1_005_000130.1	eggnog	Translation initiation factor SUI1
Pcub-MSU1_005_000732.1	eggnog	PGAP1-like protein
Pcub-MSU1_005_000731.1	eggnog	Modifier of rudimentary (Mod(r)) protein
Pcub-MSU1_005_000730.1	eggnog	HECT-domain (ubiquitin-transferase)
Pcub-MSU1_005_000131.1	eggnog	axoneme assembly
Pcub-MSU1_005_000729.1	eggnog	B-block binding subunit of TFIIIC
Pcub-MSU1_005_000132.1	eggnog	CRM1 C terminal
Pcub-MSU1_005_000728.1	eggnog	MgsA AAA+ ATPase C terminal
Pcub-MSU1_005_000727.1	eggnog	MgsA AAA+ ATPase C terminal
Pcub-MSU1_005_000133.1	eggnog	Serine aminopeptidase, S33
Pcub-MSU1_005_000134.1	interproscan	G3DSA:3.40.470.10 domain-containing protein
Pcub-MSU1_005_000726.1	eggnog	guanylate cyclase activity
Pcub-MSU1_005_000135.1	eggnog	Uncharacterised protein family UPF0066
Pcub-MSU1_005_000725.1	eggnog	UDP-glucose:Glycoprotein Glucosyltransferase
Pcub-MSU1_005_000724.1	eggnog	U1 small nuclear ribonucleoprotein of 70kDa MW N terminal
Pcub-MSU1_005_000723.1	eggnog	domain-containing protein
Pcub-MSU1_005_000136.1	unannotated	Hypothetical protein of unknown function
Pcub-MSU1_005_000137.1	eggnog	protein dimerization activity
Pcub-MSU1_005_000722.1	eggnog	Clathrin adaptor complex small chain
Pcub-MSU1_005_000721.1	unannotated	Hypothetical protein of unknown function
Pcub-MSU1_005_000138.1	unannotated	Hypothetical protein of unknown function
Pcub-MSU1_005_000139.1	eggnog	Clathrin adaptor complex small chain
Pcub-MSU1_005_000140.1	eggnog	Clathrin adaptor complex small chain
Pcub-MSU1_005_000141.1	eggnog	N-terminal region of Chorein or VPS13
Pcub-MSU1_005_000720.1	blastp	Homology to Phytophthora nicotianae predicted protein ETK76136.1
Pcub-MSU1_005_000719.1	eggnog	domain-containing protein
Pcub-MSU1_005_000718.1	eggnog	Lipopolysaccharide kinase (Kdo/WaaP) family
Pcub-MSU1_005_000142.1	blastp	Homology to Phytophthora nicotianae predicted protein KUF98615.1
Pcub-MSU1_005_000143.1	eggnog	Histone-like transcription factor (CBF/NF-Y) and archaeal histone
Pcub-MSU1_005_000717.1	eggnog	RNase P subunit p30
Pcub-MSU1_005_000144.1	eggnog	Ribosomal protein S19
Pcub-MSU1_005_000716.1	eggnog	axoneme assembly
Pcub-MSU1_005_000145.1	eggnog	Major Facilitator Superfamily
Pcub-MSU1_005_000715.1	eggnog	Calcineurin-like phosphoesterase
Pcub-MSU1_005_000146.1	eggnog	secreted RxLR effector peptide protein
Pcub-MSU1_005_000714.1	eggnog	transposition, RNA-mediated
Pcub-MSU1_005_000713.1	eggnog	Serine carboxypeptidase
Pcub-MSU1_005_000712.1	eggnog	Serine carboxypeptidase
Pcub-MSU1_005_000147.1	eggnog	Serine carboxypeptidase
Pcub-MSU1_005_000711.1	eggnog	Tricarboxylate carrier
Pcub-MSU1_005_000148.1	unannotated	Hypothetical protein of unknown function
Pcub-MSU1_005_000149.1	eggnog	Belongs to the peptidase S10 family
Pcub-MSU1_005_000150.1	eggnog	protein localization to nuclear inner membrane
Pcub-MSU1_005_000710.1	eggnog	Putative GTP-ase activating proteins for the small GTPase, ARF
Pcub-MSU1_005_000151.1	eggnog	Mitochondrial domain of unknown function (DUF1713)
Pcub-MSU1_005_000152.1	eggnog	cilium assembly
Pcub-MSU1_005_000709.1	interproscan	PTHR47691 domain-containing protein
Pcub-MSU1_005_000708.1	blastp	Homology to Phytophthora pseudosyringae predicted protein KAG7377608.1
Pcub-MSU1_005_000153.1	eggnog	Sulfotransferase family
Pcub-MSU1_005_000707.1	eggnog	CPSF73-100_C
Pcub-MSU1_005_000154.1	blastp	Homology to Phytophthora pseudosyringae predicted protein KAG7377608.1
Pcub-MSU1_005_000706.1	eggnog	WD repeat-containing protein
Pcub-MSU1_005_000155.1	eggnog	Udp N-acetylglucosamine O-acyltransferase; Domain 2
Pcub-MSU1_005_000156.1	eggnog	Udp N-acetylglucosamine O-acyltransferase; Domain 2
Pcub-MSU1_005_000157.1	eggnog	Udp N-acetylglucosamine O-acyltransferase; Domain 2
Pcub-MSU1_005_000158.1	eggnog	Udp N-acetylglucosamine O-acyltransferase; Domain 2
Pcub-MSU1_005_000705.1	eggnog	Udp N-acetylglucosamine O-acyltransferase; Domain 2
Pcub-MSU1_005_000704.1	eggnog	Microtubule binding
Pcub-MSU1_005_000703.1	eggnog	telomerase RNA reverse transcriptase activity
Pcub-MSU1_005_000702.1	eggnog	Destroys radicals which are normally produced within the cells and which are toxic to biological systems
Pcub-MSU1_005_000159.1	eggnog	domain-containing protein
Pcub-MSU1_005_000701.1	eggnog	Serine carboxypeptidase
Pcub-MSU1_005_000700.1	unannotated	Hypothetical protein of unknown function
Pcub-MSU1_005_000160.1	unannotated	Hypothetical protein of unknown function
Pcub-MSU1_005_000699.1	unannotated	Hypothetical protein of unknown function
Pcub-MSU1_005_000161.1	unannotated	Hypothetical protein of unknown function
Pcub-MSU1_005_000162.1	eggnog	Peroxidase
Pcub-MSU1_005_000163.1	eggnog	Peroxidase
Pcub-MSU1_005_000164.1	eggnog	function. Source PGD
Pcub-MSU1_005_000165.1	unannotated	Hypothetical protein of unknown function
Pcub-MSU1_005_000698.1	unannotated	Hypothetical protein of unknown function
Pcub-MSU1_005_000697.1	unannotated	Hypothetical protein of unknown function
Pcub-MSU1_005_000696.1	unannotated	Hypothetical protein of unknown function
Pcub-MSU1_005_000695.1	unannotated	Hypothetical protein of unknown function
Pcub-MSU1_005_000694.1	unannotated	Hypothetical protein of unknown function
Pcub-MSU1_005_000693.1	unannotated	Hypothetical protein of unknown function
Pcub-MSU1_005_000692.1	unannotated	Hypothetical protein of unknown function
Pcub-MSU1_005_000691.1	unannotated	Hypothetical protein of unknown function
Pcub-MSU1_005_000690.1	unannotated	Hypothetical protein of unknown function
Pcub-MSU1_005_000689.1	unannotated	Hypothetical protein of unknown function
Pcub-MSU1_005_000688.1	unannotated	Hypothetical protein of unknown function
Pcub-MSU1_005_000687.1	unannotated	Hypothetical protein of unknown function
Pcub-MSU1_005_000686.1	unannotated	Hypothetical protein of unknown function
Pcub-MSU1_005_000685.1	blastp	Homology to Phytophthora infestans predicted protein KAF4128540.1
Pcub-MSU1_005_000684.1	eggnog	transposition, RNA-mediated
Pcub-MSU1_005_000683.1	unannotated	Hypothetical protein of unknown function
Pcub-MSU1_005_000682.1	unannotated	Hypothetical protein of unknown function
Pcub-MSU1_005_000681.1	unannotated	Hypothetical protein of unknown function
Pcub-MSU1_005_000680.1	unannotated	Hypothetical protein of unknown function
Pcub-MSU1_005_000679.1	unannotated	Hypothetical protein of unknown function
Pcub-MSU1_005_000678.1	unannotated	Hypothetical protein of unknown function
Pcub-MSU1_005_000677.1	unannotated	Hypothetical protein of unknown function
Pcub-MSU1_005_000166.1	eggnog	Ring finger
Pcub-MSU1_005_000676.1	eggnog	Putative DNA-binding domain in centromere protein B, mouse jerky and transposases
Pcub-MSU1_005_000675.1	eggnog	domain-containing protein
Pcub-MSU1_005_000167.1	interproscan	PTHR21514 domain-containing protein
Pcub-MSU1_005_000674.1	eggnog	Peroxidase
Pcub-MSU1_005_000168.1	eggnog	FKBP-type peptidyl-prolyl cis-trans isomerase
Pcub-MSU1_005_000169.1	eggnog	Anthranilate synthase component I, N terminal region
Pcub-MSU1_005_000170.1	blastp	Homology to Phytophthora infestans predicted protein KAI9998905.1
Pcub-MSU1_005_000673.1	eggnog	protein-cysteine S-palmitoyltransferase activity
Pcub-MSU1_005_000672.1	eggnog	CAF1 family ribonuclease
Pcub-MSU1_005_000171.1	eggnog	Transcription termination and cleavage factor C-terminal
Pcub-MSU1_005_000671.1	eggnog	proline-rich domain in spliceosome associated proteins
Pcub-MSU1_005_000172.1	eggnog	domain-containing protein
Pcub-MSU1_005_000173.1	eggnog	Isocitrate/isopropylmalate dehydrogenase
Pcub-MSU1_005_000670.1	eggnog	domain-containing protein
Pcub-MSU1_005_000174.1	eggnog	Transcriptional Coactivator p15 (PC4)
Pcub-MSU1_005_000669.1	eggnog	MADS
Pcub-MSU1_005_000668.1	eggnog	Major Facilitator Superfamily
Pcub-MSU1_005_000175.1	eggnog	Ubiquitin-conjugating enzyme E2, catalytic domain homologues
Pcub-MSU1_005_000667.1	eggnog	Allows the formation of correctly charged Gln-tRNA(Gln) through the transamidation of misacylated Glu-tRNA(Gln) in the mitochondria
Pcub-MSU1_005_000666.1	eggnog	Alpha/beta hydrolase family
Pcub-MSU1_005_000176.1	eggnog	Alpha/beta hydrolase family
Pcub-MSU1_005_000177.1	eggnog	Alpha/beta hydrolase family
Pcub-MSU1_005_000178.1	eggnog	Allows the formation of correctly charged Gln-tRNA(Gln) through the transamidation of misacylated Glu-tRNA(Gln) in the mitochondria
Pcub-MSU1_005_000179.1	interproscan	carb_red_sniffer_like_SDR_c (cd05325)
Pcub-MSU1_005_000665.1	eggnog	protein octanoylation (MBOAT1)
Pcub-MSU1_005_000664.1	eggnog	phosphorelay sensor kinase activity
Pcub-MSU1_005_000663.1	eggnog	protein octanoylation (MBOAT1)
Pcub-MSU1_005_000662.1	eggnog	EF-hand domain pair
Pcub-MSU1_005_000180.1	eggnog	Uracil phosphoribosyltransferase
Pcub-MSU1_005_000181.1	eggnog	OTU-like cysteine protease
Pcub-MSU1_005_000182.1	eggnog	Sugar (and other) transporter
Pcub-MSU1_005_000661.1	unannotated	Hypothetical protein of unknown function
Pcub-MSU1_005_000183.1	unannotated	Hypothetical protein of unknown function
Pcub-MSU1_005_000184.1	eggnog	Sugar (and other) transporter
Pcub-MSU1_005_000660.1	eggnog	Sugar (and other) transporter
Pcub-MSU1_005_000659.1	unannotated	Hypothetical protein of unknown function
Pcub-MSU1_005_000658.1	eggnog	Sugar (and other) transporter
Pcub-MSU1_005_000657.1	unannotated	Hypothetical protein of unknown function
Pcub-MSU1_005_000656.1	eggnog	Sugar (and other) transporter
Pcub-MSU1_005_000655.1	eggnog	Sugar (and other) transporter
Pcub-MSU1_005_000185.1	eggnog	THO complex subunit 1 transcription elongation factor
Pcub-MSU1_005_000186.1	interproscan	G3DSA:1.25.40.90 domain-containing protein
Pcub-MSU1_005_000654.1	eggnog	Complex 1 protein (LYR family)
Pcub-MSU1_005_000187.1	blastp	Homology to Peronospora effusa predicted protein RMX65551.1
Pcub-MSU1_005_000653.1	eggnog	zinc finger
Pcub-MSU1_005_000188.1	interproscan	PTHR37028 domain-containing protein
Pcub-MSU1_005_000189.1	eggnog	Asparaginase
Pcub-MSU1_005_000652.1	eggnog	domain-containing protein
Pcub-MSU1_005_000651.1	eggnog	Uncharacterized protein family UPF0004
Pcub-MSU1_005_000650.1	eggnog	Ubiquitin-activating enzyme active site
Pcub-MSU1_005_000190.1	eggnog	PhoX homologous domain, present in p47phox and p40phox
Pcub-MSU1_005_000649.1	blastp	Homology to Phytophthora aleatoria predicted protein KAG6967764.1
Pcub-MSU1_005_000648.1	eggnog	domain-containing protein
Pcub-MSU1_005_000647.1	eggnog	domain-containing protein
Pcub-MSU1_005_000646.1	blastp	Homology to Peronospora farinosa predicted protein CAH0492976.1
Pcub-MSU1_005_000191.1	eggnog	1-phosphatidylinositol-3-phosphate 5-kinase activity
Pcub-MSU1_005_000645.1	eggnog	Palmitoyl protein thioesterase
Pcub-MSU1_005_000192.1	eggnog	PPIases accelerate the folding of proteins
Pcub-MSU1_005_000644.1	eggnog	Phosphoenolpyruvate phosphomutase
Pcub-MSU1_005_000643.1	eggnog	Eukaryotic protein of unknown function (DUF953)
Pcub-MSU1_005_000642.1	eggnog	1-phosphatidylinositol-3-phosphate 5-kinase activity
Pcub-MSU1_005_000193.1	eggnog	Polycystin cation channel
Pcub-MSU1_005_000641.1	eggnog	BAR domain of APPL family
Pcub-MSU1_005_000640.1	eggnog	Brix
Pcub-MSU1_005_000639.1	eggnog	Eukaryotic protein of unknown function (DUF953)
Pcub-MSU1_005_000194.1	eggnog	Protein tyrosine kinase
Pcub-MSU1_005_000195.1	eggnog	Catalyzes the conversion of inosine 5'-phosphate (IMP) to xanthosine 5'-phosphate (XMP), the first committed and rate- limiting step in the de novo synthesis of guanine nucleotides, and therefore plays an important role in the regulation of cell growth
Pcub-MSU1_005_000638.1	eggnog	Eukaryotic protein of unknown function (DUF953)
Pcub-MSU1_005_000637.1	eggnog	Eukaryotic protein of unknown function (DUF953)
Pcub-MSU1_005_000636.1	eggnog	domain-containing protein
Pcub-MSU1_005_000635.1	eggnog	domain-containing protein
Pcub-MSU1_005_000196.1	eggnog	domain-containing protein
Pcub-MSU1_005_000634.1	eggnog	Eukaryotic protein of unknown function (DUF953)
Pcub-MSU1_005_000633.1	eggnog	domain-containing protein
Pcub-MSU1_005_000632.1	eggnog	Glucosidase II beta subunit-like
Pcub-MSU1_005_000631.1	eggnog	domain-containing protein
Pcub-MSU1_005_000630.1	eggnog	endonuclease activity
Pcub-MSU1_005_000197.1	eggnog	domain-containing protein
Pcub-MSU1_005_000629.1	eggnog	Eukaryotic protein of unknown function (DUF953)
Pcub-MSU1_005_000198.1	eggnog	Transposase. Source PGD
Pcub-MSU1_005_000628.1	eggnog	Transposase. Source PGD
Pcub-MSU1_005_000627.1	blastp	Homology to Phytophthora citrophthora predicted protein KAK1935157.1
Pcub-MSU1_005_000626.1	eggnog	XRN 5'-3' exonuclease N-terminus
Pcub-MSU1_005_000199.1	eggnog	Domain present in PSD-95, Dlg, and ZO-1/2
Pcub-MSU1_005_000625.1	eggnog	domain-containing protein
Pcub-MSU1_005_000200.1	eggnog	Putative DNA-binding domain in centromere protein B, mouse jerky and transposases
Pcub-MSU1_005_000624.1	eggnog	DEAD-like helicases superfamily
Pcub-MSU1_005_000201.1	eggnog	RING-type zinc-finger
Pcub-MSU1_005_000623.1	eggnog	domain-containing protein
Pcub-MSU1_005_000202.1	eggnog	Peptidase family M20/M25/M40
Pcub-MSU1_005_000203.1	eggnog	MafB19-like deaminase
Pcub-MSU1_005_000622.1	eggnog	Phospholipase D Active site motif
Pcub-MSU1_005_000621.1	blastp	Homology to Peronospora effusa predicted protein RMX62057.1
Pcub-MSU1_005_000620.1	eggnog	Protein present in Fab1, YOTB, Vac1, and EEA1
Pcub-MSU1_005_000619.1	unannotated	Hypothetical protein of unknown function
Pcub-MSU1_005_000618.1	unannotated	Hypothetical protein of unknown function
Pcub-MSU1_005_000204.1	eggnog	CCT motif
Pcub-MSU1_005_000205.1	eggnog	EXOIII
Pcub-MSU1_005_000617.1	eggnog	Leucine-rich repeats, outliers
Pcub-MSU1_005_000206.1	eggnog	Protein tyrosine kinase
Pcub-MSU1_005_000207.1	blastp	Homology to Phytophthora cinnamomi predicted protein KAG6617523.1
Pcub-MSU1_005_000616.1	eggnog	Cyclin
Pcub-MSU1_005_000208.1	eggnog	Eukaryotic initiation factor 4E
Pcub-MSU1_005_000209.1	eggnog	domain-containing protein
Pcub-MSU1_005_000615.1	blastp	Homology to Phytophthora cactorum predicted protein KAG2957751.1
Pcub-MSU1_005_000210.1	eggnog	Ubiquitin carrier protein. Source PGD
Pcub-MSU1_005_000211.1	eggnog	Ubiquitin-conjugating enzyme E2, catalytic domain homologues
Pcub-MSU1_005_000614.1	eggnog	RNA cap guanine-N2 methyltransferase
Pcub-MSU1_005_000212.1	eggnog	ERAD pathway
Pcub-MSU1_005_000613.1	eggnog	domain-containing protein
Pcub-MSU1_005_000612.1	blastp	Homology to Peronospora effusa predicted protein CAI5702089.1
Pcub-MSU1_005_000213.1	eggnog	Leucyl/phenylalanyl-tRNA protein transferase
Pcub-MSU1_005_000611.1	eggnog	Guanine nucleotide exchange factor for Ras-like GTPases; N-terminal motif
Pcub-MSU1_005_000610.1	blastp	Homology to Peronospora farinosa predicted protein CAH0488187.1
Pcub-MSU1_005_000609.1	unannotated	Hypothetical protein of unknown function
Pcub-MSU1_005_000608.1	eggnog	domain-containing protein
Pcub-MSU1_005_000214.1	eggnog	domain-containing protein
Pcub-MSU1_005_000215.1	eggnog	Peptidase family M48
Pcub-MSU1_005_000216.1	eggnog	domain-containing protein
Pcub-MSU1_005_000607.1	eggnog	heat shock factor
Pcub-MSU1_005_000217.1	blastp	Homology to predicted protein KAH7509763.1
Pcub-MSU1_005_000218.1	interproscan	G3DSA:3.30.70.330 domain-containing protein
Pcub-MSU1_005_000606.1	eggnog	FtsJ-like methyltransferase
Pcub-MSU1_005_000605.1	eggnog	Belongs to the protein-tyrosine phosphatase family
Pcub-MSU1_005_000604.1	eggnog	Fumarylacetoacetate (FAA) hydrolase family
Pcub-MSU1_005_000603.1	eggnog	Papain family cysteine protease
Pcub-MSU1_005_000219.1	unannotated	Hypothetical protein of unknown function
Pcub-MSU1_005_000220.1	eggnog	Papain family cysteine protease
Pcub-MSU1_005_000221.1	unannotated	Hypothetical protein of unknown function
Pcub-MSU1_005_000222.1	unannotated	Hypothetical protein of unknown function
Pcub-MSU1_005_000223.1	unannotated	Hypothetical protein of unknown function
Pcub-MSU1_005_000224.1	unannotated	Hypothetical protein of unknown function
Pcub-MSU1_005_000225.1	unannotated	Hypothetical protein of unknown function
Pcub-MSU1_005_000226.1	unannotated	Hypothetical protein of unknown function
Pcub-MSU1_005_000227.1	unannotated	Hypothetical protein of unknown function
Pcub-MSU1_005_000602.1	unannotated	Hypothetical protein of unknown function
Pcub-MSU1_005_000601.1	eggnog	Papain family cysteine protease
Pcub-MSU1_005_000600.1	unannotated	Hypothetical protein of unknown function
Pcub-MSU1_005_000599.1	eggnog	Papain family cysteine protease
Pcub-MSU1_005_000228.1	eggnog	Protein of unknown function (DUF455)
Pcub-MSU1_005_000598.1	unannotated	Hypothetical protein of unknown function
Pcub-MSU1_005_000597.1	eggnog	Papain family cysteine protease
Pcub-MSU1_005_000596.1	eggnog	Papain family cysteine protease
Pcub-MSU1_005_000229.1	eggnog	Papain family cysteine protease
Pcub-MSU1_005_000595.1	eggnog	Protein of unknown function (DUF455)
Pcub-MSU1_005_000230.1	eggnog	Domain in homologues of a S
Pcub-MSU1_005_000231.1	blastp	Homology to Peronospora destructor predicted protein CAI5716826.1
Pcub-MSU1_005_000594.1	eggnog	Belongs to the STXBP unc-18 SEC1 family
Pcub-MSU1_005_000232.1	blastp	Homology to Phytophthora capsici predicted protein KAG1692673.1
Pcub-MSU1_005_000233.1	eggnog	Phosphatidylinositol-4-phosphate 5-Kinase
Pcub-MSU1_005_000234.1	eggnog	Leucine-rich repeats, typical (most populated) subfamily
Pcub-MSU1_005_000593.1	eggnog	Dpy-30 motif
Pcub-MSU1_005_000235.1	eggnog	DASH complex subunit Dam1
Pcub-MSU1_005_000592.1	eggnog	domain-containing protein
Pcub-MSU1_005_000591.1	eggnog	Transmembrane amino acid transporter protein
Pcub-MSU1_005_000236.1	eggnog	Translation-initiation factor 2
Pcub-MSU1_005_000590.1	eggnog	Translation-initiation factor 2
Pcub-MSU1_005_000237.1	eggnog	Belongs to the mitochondrial carrier (TC 2.A.29) family
Pcub-MSU1_005_000238.1	eggnog	regulation of microtubule motor activity
Pcub-MSU1_005_000589.1	eggnog	Regulator of chromosome condensation (RCC1) repeat
Pcub-MSU1_005_000239.1	eggnog	domain-containing protein
Pcub-MSU1_005_000588.1	eggnog	Inositol polyphosphate phosphatase, catalytic domain homologues
Pcub-MSU1_005_000587.1	eggnog	Inositol polyphosphate phosphatase, catalytic domain homologues
Pcub-MSU1_005_000240.1	interproscan	PTHR31691 domain-containing protein
Pcub-MSU1_005_000586.1	interproscan	G3DSA:1.10.10.60 domain-containing protein
Pcub-MSU1_005_000241.1	eggnog	Eukaryotic aspartyl protease
Pcub-MSU1_005_000585.1	blastp	Homology to Phytophthora nicotianae predicted protein KUF94548.1
Pcub-MSU1_005_000584.1	unannotated	Hypothetical protein of unknown function
Pcub-MSU1_005_000242.1	eggnog	1-phosphatidylinositol-3-phosphate 5-kinase activity
Pcub-MSU1_005_000243.1	unannotated	Hypothetical protein of unknown function
Pcub-MSU1_005_000244.1	eggnog	1-phosphatidylinositol-3-phosphate 5-kinase activity
Pcub-MSU1_005_000245.1	unannotated	Hypothetical protein of unknown function
Pcub-MSU1_005_000246.1	blastp	Homology to Phytophthora pseudosyringae predicted protein KAG7383591.1
Pcub-MSU1_005_000583.1	eggnog	Domain present in PSD-95, Dlg, and ZO-1/2
Pcub-MSU1_005_000582.1	eggnog	Eukaryotic aspartyl protease
Pcub-MSU1_005_000247.1	unannotated	Hypothetical protein of unknown function
Pcub-MSU1_005_000248.1	interproscan	PTHR31827 domain-containing protein
Pcub-MSU1_005_000581.1	eggnog	alpha/beta hydrolase fold
Pcub-MSU1_005_000580.1	eggnog	SPT2 chromatin protein
Pcub-MSU1_005_000249.1	eggnog	Required for the formation of a threonylcarbamoyl group on adenosine at position 37 (t(6)A37) in mitochondrial tRNAs that read codons beginning with adenine
Pcub-MSU1_005_000579.1	eggnog	EF-hand, calcium binding motif
Pcub-MSU1_005_000250.1	eggnog	Required for the formation of a threonylcarbamoyl group on adenosine at position 37 (t(6)A37) in mitochondrial tRNAs that read codons beginning with adenine
Pcub-MSU1_005_000251.1	eggnog	Lecithin:cholesterol acyltransferase
Pcub-MSU1_005_000578.1	eggnog	Serine hydrolase involved in the detoxification of formaldehyde
Pcub-MSU1_005_000577.1	eggnog	domain-containing protein
Pcub-MSU1_005_000576.1	eggnog	Peptidase family C69
Pcub-MSU1_005_000252.1	eggnog	Ankyrin repeat
Pcub-MSU1_005_000575.1	eggnog	Subtilase family
Pcub-MSU1_005_000253.1	eggnog	Domain of unknown function (DUF4496)
Pcub-MSU1_005_000574.1	eggnog	UDP-glucoronosyl and UDP-glucosyl transferase
Pcub-MSU1_005_000254.1	eggnog	Tubulin binding cofactor C
Pcub-MSU1_005_000573.1	unannotated	Hypothetical protein of unknown function
Pcub-MSU1_005_000255.1	eggnog	Tubulin binding cofactor C
Pcub-MSU1_005_000256.1	eggnog	DHHC palmitoyltransferase
Pcub-MSU1_005_000257.1	eggnog	OHCU decarboxylase
Pcub-MSU1_005_000258.1	eggnog	Glycosyl transferase family 2
Pcub-MSU1_005_000572.1	blastp	Homology to Peronospora effusa predicted protein CAI5702152.1
Pcub-MSU1_005_000259.1	eggnog	Putative Phosphatase
Pcub-MSU1_005_000571.1	eggnog	AMP-binding enzyme
Pcub-MSU1_005_000570.1	eggnog	domain-containing protein
Pcub-MSU1_005_000260.1	eggnog	domain-containing protein
Pcub-MSU1_005_000261.1	eggnog	RNA recognition motif
Pcub-MSU1_005_000569.1	eggnog	Stress up-regulated Nod 19
Pcub-MSU1_005_000262.1	eggnog	Stress up-regulated Nod 19
Pcub-MSU1_005_000263.1	eggnog	Glycosyl hydrolase family 85
Pcub-MSU1_005_000568.1	eggnog	Belongs to the ABC transporter superfamily
Pcub-MSU1_005_000567.1	blastp	Homology to Phytophthora ramorum predicted protein KAH7492543.1
Pcub-MSU1_005_000566.1	eggnog	Belongs to the ABC transporter superfamily
Pcub-MSU1_005_000264.1	blastp	Homology to Phytophthora ramorum predicted protein KAH7492543.1
Pcub-MSU1_005_000265.1	eggnog	Sugar (and other) transporter
Pcub-MSU1_005_000266.1	eggnog	Putative DNA-binding domain in centromere protein B, mouse jerky and transposases
Pcub-MSU1_005_000565.1	eggnog	Pentacotripeptide-repeat region of PRORP
Pcub-MSU1_005_000267.1	eggnog	ABC transporter transmembrane region
Pcub-MSU1_005_000564.1	blastp	Homology to Peronospora effusa predicted protein RMX66676.1
Pcub-MSU1_005_000268.1	eggnog	Zn_pept
Pcub-MSU1_005_000563.1	eggnog	domain-containing protein
Pcub-MSU1_005_000269.1	eggnog	Methylates the 2'-O-ribose of nucleotides at positions 32 and 34 of the tRNA anticodon loop of substrate tRNAs
Pcub-MSU1_005_000562.1	eggnog	TCP-1/cpn60 chaperonin family
Pcub-MSU1_005_000561.1	eggnog	TCP-1/cpn60 chaperonin family
Pcub-MSU1_005_000270.1	eggnog	Solute carrier family 35
Pcub-MSU1_005_000560.1	eggnog	Riboflavin kinase
Pcub-MSU1_005_000271.1	eggnog	domain-containing protein
Pcub-MSU1_005_000559.1	unannotated	Hypothetical protein of unknown function
Pcub-MSU1_005_000558.1	eggnog	Poly ADP-ribose polymerase 2. Source PGD
Pcub-MSU1_005_000272.1	eggnog	Sigma factor PP2C-like phosphatases
Pcub-MSU1_005_000557.1	eggnog	BT1 family
Pcub-MSU1_005_000273.1	eggnog	WD40 repeats
Pcub-MSU1_005_000274.1	eggnog	Alpha and gamma adaptin binding protein p34
Pcub-MSU1_005_000275.1	eggnog	Prefoldin subunit
Pcub-MSU1_005_000276.1	eggnog	Ubiquitin carboxyl-terminal hydrolase
Pcub-MSU1_005_000556.1	blastp	Homology to Phytophthora lilii predicted protein GMF23546.1
Pcub-MSU1_005_000277.1	eggnog	Ubiquitin-conjugating enzyme E2, catalytic domain homologues
Pcub-MSU1_005_000278.1	eggnog	Domain with 2 conserved Trp (W) residues
Pcub-MSU1_005_000555.1	interproscan	PTHR37327 domain-containing protein
Pcub-MSU1_005_000554.1	eggnog	Trehalose-phosphatase
Pcub-MSU1_005_000279.1	eggnog	domain-containing protein
Pcub-MSU1_005_000553.1	blastp	Homology to Phytophthora idaei predicted protein KAG3112184.1
Pcub-MSU1_005_000280.1	unannotated	Hypothetical protein of unknown function
Pcub-MSU1_005_000552.1	blastp	Homology to Phytophthora idaei predicted protein KAG3112184.1
Pcub-MSU1_005_000551.1	eggnog	Trehalase
Pcub-MSU1_005_000550.1	eggnog	domain-containing protein
Pcub-MSU1_005_000281.1	eggnog	WSTF, HB1, Itc1p, MBD9 motif 1
Pcub-MSU1_005_000282.1	eggnog	domain-containing protein
Pcub-MSU1_005_000549.1	eggnog	domain-containing protein
Pcub-MSU1_005_000283.1	eggnog	Core subunit of the mitochondrial membrane respiratory chain NADH dehydrogenase (Complex I) that is believed to belong to the minimal assembly required for catalysis
Pcub-MSU1_005_000548.1	eggnog	Tyrosine phosphatase family
Pcub-MSU1_005_000547.1	blastp	Homology to Phytophthora cinnamomi predicted protein KAG6610438.1
Pcub-MSU1_005_000546.1	unannotated	Hypothetical protein of unknown function
Pcub-MSU1_005_000284.1	eggnog	Intraflagellar transport complex B, subunit 20
Pcub-MSU1_005_000545.1	unannotated	Hypothetical protein of unknown function
Pcub-MSU1_005_000285.1	interproscan	PTHR38899 domain-containing protein
Pcub-MSU1_005_000544.1	eggnog	Trehalase
Pcub-MSU1_005_000543.1	unannotated	Hypothetical protein of unknown function
Pcub-MSU1_005_000286.1	interproscan	PTHR30289 domain-containing protein
Pcub-MSU1_005_000287.1	unannotated	Hypothetical protein of unknown function
Pcub-MSU1_005_000288.1	unannotated	Hypothetical protein of unknown function
Pcub-MSU1_005_000542.1	unannotated	Hypothetical protein of unknown function
Pcub-MSU1_005_000541.1	unannotated	Hypothetical protein of unknown function
Pcub-MSU1_005_000540.1	interproscan	PTHR30289 domain-containing protein
Pcub-MSU1_005_000539.1	eggnog	Transposase. Source PGD
Pcub-MSU1_005_000289.1	interproscan	PTHR37067 domain-containing protein
Pcub-MSU1_005_000290.1	unannotated	Hypothetical protein of unknown function
Pcub-MSU1_005_000291.1	interproscan	PTHR37067 domain-containing protein
Pcub-MSU1_005_000292.1	eggnog	interleukin-8 biosynthetic process
Pcub-MSU1_005_000293.1	eggnog	interleukin-8 biosynthetic process
Pcub-MSU1_005_000538.1	eggnog	WD40 repeats
Pcub-MSU1_005_000294.1	eggnog	Ribosomal proteins 50S-L15, 50S-L18e, 60S-L27A
Pcub-MSU1_005_000295.1	interproscan	PTHR34894 domain-containing protein
Pcub-MSU1_005_000537.1	eggnog	domain-containing protein
Pcub-MSU1_005_000296.1	eggnog	ATPase family associated with various cellular activities (AAA)
Pcub-MSU1_005_000536.1	interproscan	G3DSA:1.25.40.10 domain-containing protein
Pcub-MSU1_005_000297.1	eggnog	ATP-dependent DNA helicase activity
Pcub-MSU1_005_000298.1	interproscan	PTHR31827 domain-containing protein
Pcub-MSU1_005_000535.1	eggnog	Ufm1-conjugating enzyme 1. Source PGD
Pcub-MSU1_005_000534.1	eggnog	Glycosyl hydrolase family 7
Pcub-MSU1_005_000533.1	eggnog	Quinolinate synthetase A protein
Pcub-MSU1_005_000299.1	eggnog	Quinolinate synthetase A protein
Pcub-MSU1_005_000300.1	eggnog	Glycosyl hydrolase family 7
Pcub-MSU1_005_000532.1	eggnog	Coiled-coil domain-containing protein 124
Pcub-MSU1_005_000301.1	eggnog	Sir2 family
Pcub-MSU1_005_000531.1	eggnog	domain-containing protein
Pcub-MSU1_005_000530.1	eggnog	Calcium-activated chloride channel
Pcub-MSU1_005_000302.1	blastp	Homology to Phytophthora sojae predicted protein XP_009520743.1
Pcub-MSU1_005_000303.1	eggnog	Phosphorylase superfamily
Pcub-MSU1_005_000304.1	eggnog	domain-containing protein
Pcub-MSU1_005_000305.1	blastp	Homology to Peronospora effusa predicted protein RMX67826.1
Pcub-MSU1_005_000529.1	unannotated	Hypothetical protein of unknown function
Pcub-MSU1_005_000306.1	eggnog	Alpha/beta hydrolase family
Pcub-MSU1_005_000307.1	eggnog	Alpha/beta hydrolase family
Pcub-MSU1_005_000528.1	eggnog	negative regulation of pancreatic amylase secretion
Pcub-MSU1_005_000527.1	eggnog	Clusterin-associated protein-1
Pcub-MSU1_005_000526.1	eggnog	1-aminocyclopropane-1-carboxylate deaminase activity
Pcub-MSU1_005_000308.1	eggnog	Extension to Ser/Thr-type protein kinases
Pcub-MSU1_005_000525.1	eggnog	domain-containing protein
Pcub-MSU1_005_000309.1	eggnog	Regulator of chromosome condensation (RCC1) repeat
Pcub-MSU1_005_000310.1	eggnog	ABC transporter
Pcub-MSU1_005_000311.1	eggnog	Ribosomal protein S24e
Pcub-MSU1_005_000524.1	blastp	Homology to Phytophthora rubi predicted protein KAE9047942.1
Pcub-MSU1_005_000523.1	eggnog	retrograde transport, endosome to Golgi
Pcub-MSU1_005_000312.1	eggnog	Lung seven transmembrane receptor
Pcub-MSU1_005_000522.1	eggnog	Gamma interferon inducible lysosomal thiol reductase (GILT)
Pcub-MSU1_005_000313.1	blastp	Homology to Phytophthora lilii predicted protein GMF34697.1
Pcub-MSU1_005_000314.1	interproscan	G3DSA:2.60.120.10 domain-containing protein
Pcub-MSU1_005_000521.1	eggnog	Histone deacetylase (HDAC) interacting
Pcub-MSU1_005_000315.1	blastp	Homology to Phytophthora palmivora predicted protein POM61141.1
Pcub-MSU1_005_000520.1	eggnog	domain-containing protein
Pcub-MSU1_005_000519.1	eggnog	Acyl-CoA oxidase
Pcub-MSU1_005_000316.1	unannotated	Hypothetical protein of unknown function
Pcub-MSU1_005_000317.1	eggnog	PhoX homologous domain, present in p47phox and p40phox
Pcub-MSU1_005_000318.1	blastp	Homology to Phytophthora cinnamomi predicted protein KAG6604588.1
Pcub-MSU1_005_000518.1	eggnog	domain-containing protein
Pcub-MSU1_005_000517.1	interproscan	PTHR16231 domain-containing protein
Pcub-MSU1_005_000319.1	blastp	Homology to Phytophthora aleatoria predicted protein KAG6972522.1
Pcub-MSU1_005_000516.1	eggnog	domain-containing protein
Pcub-MSU1_005_000320.1	eggnog	Bifunctional enzyme
Pcub-MSU1_005_000515.1	interproscan	PTHR33714 domain-containing protein
Pcub-MSU1_005_000514.1	interproscan	PTHR33714 domain-containing protein
Pcub-MSU1_005_000513.1	eggnog	emp24/gp25L/p24 family/GOLD
Pcub-MSU1_005_000321.1	eggnog	Conserved gene of
Pcub-MSU1_005_000322.1	eggnog	Mannosyltransferase putative
Pcub-MSU1_005_000512.1	eggnog	Subunit CCDC53 of WASH complex
Pcub-MSU1_005_000323.1	eggnog	Mannosyltransferase putative
Pcub-MSU1_005_000511.1	eggnog	domain-containing protein
Pcub-MSU1_005_000324.1	eggnog	Inorganic H+ pyrophosphatase
Pcub-MSU1_005_000510.1	eggnog	Ring finger
Pcub-MSU1_005_000509.1	eggnog	This protein promotes the GTP-dependent binding of aminoacyl-tRNA to the A-site of ribosomes during protein biosynthesis
Pcub-MSU1_005_000508.1	blastp	Homology to Phytophthora rubi predicted protein KAE9026721.1
Pcub-MSU1_005_000325.1	eggnog	Armadillo/beta-catenin-like repeats
Pcub-MSU1_005_000507.1	eggnog	C-terminal domain of alpha-glycerophosphate oxidase
Pcub-MSU1_005_000326.1	eggnog	domain-containing protein
Pcub-MSU1_005_000506.1	eggnog	Phosphate acyltransferases
Pcub-MSU1_005_000505.1	unannotated	Hypothetical protein of unknown function
Pcub-MSU1_005_000504.1	eggnog	Phosphate acyltransferases
Pcub-MSU1_005_000327.1	eggnog	domain-containing protein
Pcub-MSU1_005_000503.1	eggnog	lipid catabolic process
Pcub-MSU1_005_000502.1	eggnog	Protein of unknown function (DUF229)
Pcub-MSU1_005_000328.1	interproscan	PTHR35796 domain-containing protein
Pcub-MSU1_005_000329.1	interproscan	PTHR13627 domain-containing protein
Pcub-MSU1_005_000330.1	blastp	Homology to Phytophthora nicotianae predicted protein XP_008905567.1
Pcub-MSU1_005_000331.1	blastp	Homology to Phytophthora infestans predicted protein KAF4045684.1
Pcub-MSU1_005_000332.1	interproscan	PTHR35796 domain-containing protein
Pcub-MSU1_005_000501.1	blastp	Homology to Phytophthora aleatoria predicted protein KAG6945470.1
Pcub-MSU1_005_000500.1	interproscan	PTHR35796 domain-containing protein
Pcub-MSU1_005_000499.1	eggnog	Strictosidine synthase
Pcub-MSU1_005_000498.1	eggnog	Protein tyrosine kinase
Pcub-MSU1_005_000333.1	eggnog	Domain Homologous to E6-AP Carboxyl Terminus with
Pcub-MSU1_005_000497.1	eggnog	DNA-dependent RNA polymerase catalyzes the transcription of DNA into RNA using the four ribonucleoside triphosphates as substrates
Pcub-MSU1_005_000496.1	eggnog	domain-containing protein
Pcub-MSU1_005_000334.1	eggnog	protein serine/threonine phosphatase activity
Pcub-MSU1_005_000335.1	eggnog	protein serine/threonine phosphatase activity
Pcub-MSU1_005_000495.1	eggnog	domain-containing protein
Pcub-MSU1_005_000494.1	eggnog	8-oxo-7,8-dihydroguanine DNA N-glycosylase activity (OGG1)
Pcub-MSU1_005_000336.1	eggnog	Ferroportin1 (FPN1)
Pcub-MSU1_005_000493.1	blastp	Homology to Peronospora destructor predicted protein CAI5714038.1
Pcub-MSU1_005_000492.1	eggnog	domain-containing protein
Pcub-MSU1_005_000491.1	eggnog	Lecithin retinol acyltransferase
Pcub-MSU1_005_000337.1	blastp	Homology to Phytophthora ramorum predicted protein KAH7463094.1
Pcub-MSU1_005_000490.1	interproscan	PTHR21521 domain-containing protein
Pcub-MSU1_005_000338.1	eggnog	Ankyrin repeat
Pcub-MSU1_005_000489.1	eggnog	Transmembrane amino acid transporter protein
Pcub-MSU1_005_000488.1	eggnog	Protein of unknown function (DUF229)
Pcub-MSU1_005_000339.1	eggnog	Sulfatase
Pcub-MSU1_005_000340.1	eggnog	Protein of unknown function (DUF229)
Pcub-MSU1_005_000487.1	eggnog	domain-containing protein
Pcub-MSU1_005_000341.1	interproscan	PTHR40131 domain-containing protein
Pcub-MSU1_005_000486.1	eggnog	domain-containing protein
Pcub-MSU1_005_000485.1	eggnog	Protein kinase C conserved region 2 (CalB)
Pcub-MSU1_005_000484.1	eggnog	Protein of unknown function DUF89
Pcub-MSU1_005_000483.1	eggnog	This protein promotes the GTP-dependent binding of aminoacyl-tRNA to the A-site of ribosomes during protein biosynthesis
Pcub-MSU1_005_000482.1	eggnog	Uncharacterised ACR, YagE family COG1723
Pcub-MSU1_005_000342.1	eggnog	domain-containing protein
Pcub-MSU1_005_000481.1	interproscan	PTHR40131 domain-containing protein
Pcub-MSU1_005_000480.1	eggnog	IQ calmodulin-binding motif
Pcub-MSU1_005_000479.1	eggnog	domain-containing protein
Pcub-MSU1_005_000343.1	eggnog	maintenance of transcriptional fidelity during DNA-templated transcription elongation from RNA polymerase II promoter
Pcub-MSU1_005_000344.1	eggnog	Amidohydrolase family
Pcub-MSU1_005_000345.1	blastp	Homology to Phytophthora cactorum predicted protein KAF1791889.1
Pcub-MSU1_005_000346.1	eggnog	domain-containing protein
Pcub-MSU1_005_000478.1	blastp	Homology to Phytophthora rubi predicted protein KAE9037130.1
Pcub-MSU1_005_000477.1	eggnog	Amidohydrolase family
Pcub-MSU1_005_000476.1	eggnog	domain-containing protein
Pcub-MSU1_005_000347.1	eggnog	ZIP Zinc transporter
Pcub-MSU1_005_000475.1	eggnog	Xylanase inhibitor C-terminal
Pcub-MSU1_005_000474.1	eggnog	Serine carboxypeptidase
Pcub-MSU1_005_000473.1	eggnog	Serine carboxypeptidase
Pcub-MSU1_005_000472.1	eggnog	PTHB1 C-terminus
Pcub-MSU1_005_000348.1	eggnog	Domain of unknown function (DUF4807)
Pcub-MSU1_005_000471.1	eggnog	Belongs to the short-chain dehydrogenases reductases (SDR) family
Pcub-MSU1_005_000470.1	eggnog	Hydrolyzes ATP, and can also hydrolyze GTP with lower efficiency
Pcub-MSU1_005_000469.1	eggnog	short chain dehydrogenase
Pcub-MSU1_005_000468.1	eggnog	Belongs to the short-chain dehydrogenases reductases (SDR) family
Pcub-MSU1_005_000349.1	eggnog	Belongs to the short-chain dehydrogenases reductases (SDR) family
Pcub-MSU1_005_000350.1	eggnog	Belongs to the class I-like SAM-binding methyltransferase superfamily
Pcub-MSU1_005_000467.1	eggnog	short chain dehydrogenase
Pcub-MSU1_005_000351.1	eggnog	early endosome to Golgi transport
Pcub-MSU1_005_000466.1	interproscan	PTHR37066 domain-containing protein
Pcub-MSU1_005_000465.1	eggnog	protein folding (dnajc16)
Pcub-MSU1_005_000352.1	interproscan	PTHR14594 domain-containing protein
Pcub-MSU1_005_000464.1	eggnog	Sugar efflux transporter for intercellular exchange
Pcub-MSU1_005_000353.1	eggnog	Sugar efflux transporter for intercellular exchange
Pcub-MSU1_005_000463.1	eggnog	Sugar efflux transporter for intercellular exchange
Pcub-MSU1_005_000354.1	eggnog	ATP dependent DNA ligase C terminal region
Pcub-MSU1_005_000355.1	eggnog	ATP dependent DNA ligase C terminal region
Pcub-MSU1_005_000356.1	eggnog	Protein of unknown function (DUF971)
Pcub-MSU1_005_000462.1	eggnog	Protein tyrosine kinase
Pcub-MSU1_005_000461.1	eggnog	domain-containing protein
Pcub-MSU1_005_000357.1	unannotated	Hypothetical protein of unknown function
Pcub-MSU1_005_000358.1	eggnog	Protein tyrosine kinase
Pcub-MSU1_005_000460.1	eggnog	Oligosaccharyl transferase STT3 subunit
Pcub-MSU1_005_000359.1	blastp	Homology to Peronospora belbahrii predicted protein CAH0480580.1
Pcub-MSU1_005_000459.1	eggnog	DRG Family Regulatory Proteins, Tma46
Pcub-MSU1_005_000458.1	eggnog	PQ loop repeat
Pcub-MSU1_005_000360.1	eggnog	EF-hand domain pair
Pcub-MSU1_005_000457.1	blastp	Homology to Peronospora belbahrii predicted protein CAH0522093.1
Pcub-MSU1_005_000361.1	unannotated	Hypothetical protein of unknown function
Pcub-MSU1_005_000362.1	unannotated	Hypothetical protein of unknown function
Pcub-MSU1_005_000456.1	blastp	Homology to Peronospora farinosa predicted protein CAH0488823.1
Pcub-MSU1_005_000363.1	eggnog	Phosphoadenosine phosphosulfate reductase family
Pcub-MSU1_005_000455.1	eggnog	Cancer susceptibility candidate 1 N-terminus
Pcub-MSU1_005_000364.1	eggnog	PA26 p53-induced protein (sestrin)
Pcub-MSU1_005_000454.1	eggnog	WD40 repeats
Pcub-MSU1_005_000365.1	eggnog	Cancer susceptibility candidate 1 N-terminus
Pcub-MSU1_005_000453.1	eggnog	RIO1 family
Pcub-MSU1_005_000452.1	eggnog	domain-containing protein
Pcub-MSU1_005_000366.1	eggnog	Protein tyrosine kinase
Pcub-MSU1_005_000451.1	eggnog	Transmembrane amino acid transporter protein
Pcub-MSU1_005_000367.1	eggnog	domain-containing protein
Pcub-MSU1_005_000368.1	eggnog	GTPase activator activity (ARHGAP42)
Pcub-MSU1_005_000450.1	interproscan	PTHR35668 domain-containing protein
Pcub-MSU1_005_000449.1	blastp	Homology to Peronospora belbahrii predicted protein CAH0480568.1
Pcub-MSU1_005_000369.1	eggnog	Protein tyrosine kinase
Pcub-MSU1_005_000448.1	eggnog	Putative adipose-regulatory protein (Seipin)
Pcub-MSU1_005_000447.1	eggnog	domain-containing protein
Pcub-MSU1_005_000370.1	eggnog	metallopeptidase activity
Pcub-MSU1_005_000446.1	blastp	Homology to Phytophthora cactorum predicted protein KAG2765304.1
Pcub-MSU1_005_000371.1	blastp	Homology to Phytophthora pseudosyringae predicted protein KAG7381994.1
Pcub-MSU1_005_000445.1	eggnog	snRNP Sm proteins
Pcub-MSU1_005_000444.1	eggnog	domain-containing protein
Pcub-MSU1_005_000443.1	eggnog	WASH complex subunit 7
Pcub-MSU1_005_000442.1	eggnog	Protein of unknown function (DUF2870)
Pcub-MSU1_005_000372.1	eggnog	Kelch motif
Pcub-MSU1_005_000441.1	eggnog	Transient receptor potential (TRP) ion channel
Pcub-MSU1_005_000373.1	interproscan	PTHR36963 domain-containing protein
Pcub-MSU1_005_000440.1	eggnog	Transient receptor potential (TRP) ion channel
Pcub-MSU1_005_000439.1	eggnog	Ferroportin1 (FPN1)
Pcub-MSU1_005_000438.1	eggnog	Ferroportin1 (FPN1)
Pcub-MSU1_005_000374.1	eggnog	Nuclear pore component
Pcub-MSU1_005_000375.1	blastp	Homology to Phytophthora cinnamomi predicted protein KAG6621968.1
Pcub-MSU1_005_000437.1	blastp	Homology to Phytophthora pseudosyringae predicted protein KAG7386456.1
Pcub-MSU1_005_000436.1	eggnog	Protein of unknown function (DUF229)
Pcub-MSU1_005_000376.1	eggnog	Protein of unknown function (DUF229)
Pcub-MSU1_005_000435.1	eggnog	Protein of unknown function (DUF229)
Pcub-MSU1_005_000434.1	eggnog	Protein of unknown function (DUF229)
Pcub-MSU1_005_000433.1	eggnog	Protein of unknown function (DUF229)
Pcub-MSU1_005_000377.1	eggnog	Protein of unknown function (DUF229)
Pcub-MSU1_005_000378.1	eggnog	Protein of unknown function (DUF229)
Pcub-MSU1_005_000379.1	eggnog	Protein of unknown function (DUF229)
Pcub-MSU1_005_000380.1	eggnog	Protein of unknown function (DUF229)
Pcub-MSU1_005_000381.1	eggnog	Protein of unknown function (DUF229)
Pcub-MSU1_005_000432.1	eggnog	Protein of unknown function (DUF229)
Pcub-MSU1_005_000431.1	eggnog	Protein of unknown function (DUF229)
Pcub-MSU1_005_000430.1	eggnog	Protein of unknown function (DUF229)
Pcub-MSU1_005_000429.1	eggnog	Protein of unknown function (DUF229)
Pcub-MSU1_005_000428.1	eggnog	Protein of unknown function (DUF229)
Pcub-MSU1_005_000382.1	eggnog	Protein of unknown function (DUF229)
Pcub-MSU1_005_000383.1	eggnog	Protein of unknown function (DUF229)
Pcub-MSU1_005_000384.1	blastp	Homology to predicted protein KAH7509419.1
Pcub-MSU1_005_000385.1	eggnog	50S ribosome-binding GTPase
Pcub-MSU1_005_000386.1	eggnog	Protein of unknown function (DUF229)
Pcub-MSU1_005_000387.1	eggnog	domain-containing protein
Pcub-MSU1_005_000427.1	eggnog	Pre-mRNA splicing factor PRP21 like protein
Pcub-MSU1_005_000426.1	interproscan	PTHR31152 domain-containing protein
Pcub-MSU1_005_000388.1	eggnog	domain-containing protein
Pcub-MSU1_005_000389.1	eggnog	domain-containing protein
Pcub-MSU1_005_000425.1	eggnog	Phospholipase/Carboxylesterase
Pcub-MSU1_005_000390.1	blastp	Homology to Peronospora farinosa predicted protein CAI5735182.1
Pcub-MSU1_005_000424.1	eggnog	Component of the ESCRT-I complex (endosomal sorting complex required for transport I), a regulator of vesicular trafficking process
Pcub-MSU1_005_000423.1	eggnog	catalytic domain of ctd-like phosphatases
Pcub-MSU1_005_000391.1	interproscan	G3DSA:1.20.1270.60 domain-containing protein
Pcub-MSU1_005_000392.1	eggnog	Sulfurates the molybdenum cofactor
Pcub-MSU1_005_000393.1	eggnog	PPIases accelerate the folding of proteins
Pcub-MSU1_005_000422.1	eggnog	ATP binding
Pcub-MSU1_005_000394.1	blastp	Homology to Peronospora belbahrii predicted protein CAH0480641.1
Pcub-MSU1_005_000395.1	blastp	Homology to Peronospora destructor predicted protein CAI5723707.1
Pcub-MSU1_005_000396.1	blastp	Homology to Plasmopara viticola predicted protein QUJ09333.1
Pcub-MSU1_005_000421.1	eggnog	2-oxoacid dehydrogenases acyltransferase (catalytic domain)
Pcub-MSU1_005_000397.1	interproscan	PTHR12086 domain-containing protein
Pcub-MSU1_005_000398.1	eggnog	Kinase that can phosphorylate various inositol polyphosphate such as Ins(3,4,5,6)P4 or Ins(1,3,4)P3
Pcub-MSU1_005_000420.1	eggnog	Retinoic acid induced 16-like protein
Pcub-MSU1_005_000419.1	blastp	Homology to Plasmopara viticola predicted protein QUJ09333.1
Pcub-MSU1_005_000399.1	blastp	Homology to Plasmopara viticola predicted protein QUJ09333.1
Pcub-MSU1_005_000400.1	blastp	Homology to Phytophthora fragariae predicted protein KAE8883938.1
Pcub-MSU1_005_000401.1	eggnog	Tim10/DDP family zinc finger
Pcub-MSU1_005_000418.1	eggnog	Mycolic acid cyclopropane synthetase
Pcub-MSU1_005_000417.1	blastp	Homology to Phytophthora rubi predicted protein KAE9035084.1
Pcub-MSU1_005_000416.1	blastp	Homology to Peronospora destructor predicted protein CAI5723739.1
Pcub-MSU1_005_000402.1	blastp	Homology to Peronospora farinosa predicted protein CAH0491498.1
Pcub-MSU1_005_000403.1	unannotated	Hypothetical protein of unknown function
Pcub-MSU1_005_000404.1	blastp	Homology to Phytophthora cactorum predicted protein KAG2760881.1
Pcub-MSU1_005_000415.1	interproscan	G3DSA:2.40.160.200 domain-containing protein
Pcub-MSU1_005_000414.1	interproscan	G3DSA:2.40.160.200 domain-containing protein
Pcub-MSU1_005_000413.1	interproscan	G3DSA:2.40.160.200 domain-containing protein
Pcub-MSU1_005_000412.1	interproscan	SSF103473 domain-containing protein
Pcub-MSU1_005_000411.1	eggnog	domain-containing protein
Pcub-MSU1_005_000405.1	eggnog	domain-containing protein
Pcub-MSU1_005_000410.1	eggnog	Apoptosis inhibitory protein 5 (API5)
Pcub-MSU1_005_000406.1	blastp	Homology to Peronospora effusa predicted protein RMX70254.1
Pcub-MSU1_005_000409.1	eggnog	domain-containing protein
Pcub-MSU1_005_000407.1	eggnog	Zinc finger C-x8-C-x5-C-x3-H type (and similar)
Pcub-MSU1_005_000408.1	blastp	Homology to Phytophthora idaei predicted protein KAG3113598.1
Pcub-MSU1_006_000001.1	eggnog	Methylates the 2'-O-ribose of nucleotides at positions 32 and 34 of the tRNA anticodon loop of substrate tRNAs
Pcub-MSU1_006_000746.1	eggnog	MafB19-like deaminase
Pcub-MSU1_006_000745.1	unannotated	Hypothetical protein of unknown function
Pcub-MSU1_006_000002.1	eggnog	Protein of unknown function (DUF498/DUF598)
Pcub-MSU1_006_000744.1	eggnog	Nse1 non-SMC component of SMC5-6 complex
Pcub-MSU1_006_000743.1	eggnog	CCT motif
Pcub-MSU1_006_000003.1	eggnog	Sperm-tail PG-rich repeat
Pcub-MSU1_006_000742.1	eggnog	domain-containing protein
Pcub-MSU1_006_000741.1	blastp	Homology to Phytophthora cactorum;Phytophthora aleatoria predicted protein KAG2762062.1
Pcub-MSU1_006_000004.1	eggnog	NDK
Pcub-MSU1_006_000005.1	eggnog	tRNA synthetases class I (W and Y)
Pcub-MSU1_006_000740.1	eggnog	Gamma-glutamyl cyclotransferase, AIG2-like
Pcub-MSU1_006_000739.1	eggnog	CW-type Zinc Finger
Pcub-MSU1_006_000006.1	eggnog	Vacuolar protein sorting-associated protein
Pcub-MSU1_006_000007.1	eggnog	cellular calcium ion homeostasis
Pcub-MSU1_006_000008.1	blastp	Homology to Phytophthora cactorum predicted protein KAG2762033.1
Pcub-MSU1_006_000009.1	eggnog	CW-type Zinc Finger
Pcub-MSU1_006_000738.1	eggnog	NDK
Pcub-MSU1_006_000010.1	eggnog	cellular calcium ion homeostasis
Pcub-MSU1_006_000737.1	eggnog	Uncharacterized conserved domain (SAYSvFN)
Pcub-MSU1_006_000736.1	blastp	Homology to Peronospora farinosa predicted protein CAH0489453.1
Pcub-MSU1_006_000011.1	interproscan	SSF56112 domain-containing protein
Pcub-MSU1_006_000012.1	eggnog	domain-containing protein
Pcub-MSU1_006_000735.1	eggnog	CW-type Zinc Finger
Pcub-MSU1_006_000734.1	eggnog	cellular calcium ion homeostasis
Pcub-MSU1_006_000733.1	unannotated	Hypothetical protein of unknown function
Pcub-MSU1_006_000732.1	eggnog	MatE
Pcub-MSU1_006_000731.1	eggnog	MatE
Pcub-MSU1_006_000730.1	interproscan	SSF56112 domain-containing protein
Pcub-MSU1_006_000013.1	interproscan	SSF56112 domain-containing protein
Pcub-MSU1_006_000729.1	unannotated	Hypothetical protein of unknown function
Pcub-MSU1_006_000728.1	eggnog	DJ-1/PfpI family
Pcub-MSU1_006_000014.1	eggnog	DJ-1/PfpI family
Pcub-MSU1_006_000727.1	eggnog	Cytidylyltransferase family
Pcub-MSU1_006_000015.1	eggnog	PhoP regulatory network protein YrbL
Pcub-MSU1_006_000726.1	blastp	Homology to Phytophthora citrophthora predicted protein KAK1945377.1
Pcub-MSU1_006_000725.1	blastp	Homology to Peronospora destructor predicted protein CAI5737804.1
Pcub-MSU1_006_000724.1	unannotated	Hypothetical protein of unknown function
Pcub-MSU1_006_000723.1	blastp	Homology to Peronospora destructor predicted protein CAI5737804.1
Pcub-MSU1_006_000722.1	unannotated	Hypothetical protein of unknown function
Pcub-MSU1_006_000721.1	blastp	Homology to Peronospora destructor predicted protein CAI5737804.1
Pcub-MSU1_006_000720.1	unannotated	Hypothetical protein of unknown function
Pcub-MSU1_006_000719.1	blastp	Homology to Peronospora destructor predicted protein CAI5737804.1
Pcub-MSU1_006_000016.1	blastp	Homology to Peronospora destructor predicted protein CAI5737804.1
Pcub-MSU1_006_000718.1	unannotated	Hypothetical protein of unknown function
Pcub-MSU1_006_000017.1	blastp	Homology to Peronospora destructor predicted protein CAI5737804.1
Pcub-MSU1_006_000018.1	interproscan	PTHR33802 domain-containing protein
Pcub-MSU1_006_000717.1	eggnog	WD domain, G-beta repeat
Pcub-MSU1_006_000019.1	eggnog	N-terminal domain of CBF1 interacting co-repressor CIR
Pcub-MSU1_006_000716.1	interproscan	PTHR33802 domain-containing protein
Pcub-MSU1_006_000715.1	interproscan	PTHR33802 domain-containing protein
Pcub-MSU1_006_000714.1	interproscan	PTHR33802 domain-containing protein
Pcub-MSU1_006_000713.1	blastp	Homology to Peronospora destructor predicted protein CAI5737804.1
Pcub-MSU1_006_000020.1	unannotated	Hypothetical protein of unknown function
Pcub-MSU1_006_000021.1	unannotated	Hypothetical protein of unknown function
Pcub-MSU1_006_000022.1	unannotated	Hypothetical protein of unknown function
Pcub-MSU1_006_000712.1	eggnog	Short calmodulin-binding motif containing conserved Ile and Gln residues
Pcub-MSU1_006_000711.1	blastp	Homology to Phytophthora fragariaefolia predicted protein GMF47114.1
Pcub-MSU1_006_000710.1	eggnog	Endonuclease/Exonuclease/phosphatase family
Pcub-MSU1_006_000709.1	unannotated	Hypothetical protein of unknown function
Pcub-MSU1_006_000708.1	blastp	Homology to Phytophthora lilii predicted protein GMF11382.1
Pcub-MSU1_006_000023.1	eggnog	Uncharacterized conserved domain (SAYSvFN)
Pcub-MSU1_006_000707.1	eggnog	domain-containing protein
Pcub-MSU1_006_000024.1	eggnog	Endonuclease/Exonuclease/phosphatase family
Pcub-MSU1_006_000025.1	eggnog	Endonuclease/Exonuclease/phosphatase family
Pcub-MSU1_006_000026.1	unannotated	Hypothetical protein of unknown function
Pcub-MSU1_006_000706.1	eggnog	domain-containing protein
Pcub-MSU1_006_000027.1	eggnog	Ku C terminal domain like
Pcub-MSU1_006_000705.1	eggnog	Pre-rRNA-processing protein TSR2
Pcub-MSU1_006_000704.1	blastp	Homology to Phytophthora citrophthora predicted protein KAK1945352.1
Pcub-MSU1_006_000703.1	unannotated	Hypothetical protein of unknown function
Pcub-MSU1_006_000702.1	eggnog	Rho guanyl-nucleotide exchange factor activity (FARP1)
Pcub-MSU1_006_000701.1	eggnog	Oligosaccharyltransferase subunit Ribophorin II
Pcub-MSU1_006_000700.1	eggnog	Serine carboxypeptidase S28
Pcub-MSU1_006_000028.1	eggnog	UTP--glucose-1-phosphate uridylyltransferase
Pcub-MSU1_006_000699.1	eggnog	RING-like zinc finger
Pcub-MSU1_006_000698.1	blastp	Homology to Phytophthora sojae predicted protein XP_009530023.1
Pcub-MSU1_006_000697.1	eggnog	Clathrin adaptor complex small chain
Pcub-MSU1_006_000029.1	blastp	Homology to Phytophthora rubi predicted protein KAE9035811.1
Pcub-MSU1_006_000696.1	blastp	Homology to Phytophthora idaei predicted protein KAG3080594.1
Pcub-MSU1_006_000695.1	unannotated	Hypothetical protein of unknown function
Pcub-MSU1_006_000694.1	unannotated	Hypothetical protein of unknown function
Pcub-MSU1_006_000030.1	blastp	Homology to Phytophthora idaei predicted protein KAG3080594.1
Pcub-MSU1_006_000693.1	unannotated	Hypothetical protein of unknown function
Pcub-MSU1_006_000692.1	unannotated	Hypothetical protein of unknown function
Pcub-MSU1_006_000691.1	eggnog	DNA / pantothenate metabolism flavoprotein
Pcub-MSU1_006_000690.1	eggnog	Sugar (and other) transporter
Pcub-MSU1_006_000689.1	eggnog	BolA-like protein
Pcub-MSU1_006_000031.1	blastp	Homology to Phytophthora idaei predicted protein KAG3080594.1
Pcub-MSU1_006_000032.1	blastp	Homology to Lagenidium giganteum predicted protein AOW41675.1
Pcub-MSU1_006_000033.1	unannotated	Hypothetical protein of unknown function
Pcub-MSU1_006_000688.1	blastp	Homology to Phytophthora idaei predicted protein KAG3080594.1
Pcub-MSU1_006_000034.1	eggnog	Clathrin adaptor complex small chain
Pcub-MSU1_006_000035.1	eggnog	Coiled-coil domain containing 148 (CCDC148)
Pcub-MSU1_006_000036.1	eggnog	Copine
Pcub-MSU1_006_000687.1	unannotated	Hypothetical protein of unknown function
Pcub-MSU1_006_000037.1	blastp	Homology to Peronospora effusa predicted protein RMX70429.1
Pcub-MSU1_006_000686.1	eggnog	Copine
Pcub-MSU1_006_000685.1	blastp	Homology to Peronospora effusa predicted protein RMX70429.1
Pcub-MSU1_006_000038.1	unannotated	Hypothetical protein of unknown function
Pcub-MSU1_006_000684.1	eggnog	Cytidylyltransferase-like
Pcub-MSU1_006_000683.1	blastp	Homology to Phytophthora capsici predicted protein KAG1699478.1
Pcub-MSU1_006_000682.1	eggnog	axoneme assembly
Pcub-MSU1_006_000039.1	eggnog	cellular response to glucose starvation
Pcub-MSU1_006_000040.1	eggnog	Phosphoglycerate kinase
Pcub-MSU1_006_000041.1	eggnog	domain-containing protein
Pcub-MSU1_006_000681.1	eggnog	Cytidylyltransferase-like
Pcub-MSU1_006_000042.1	interproscan	PTHR34252 domain-containing protein
Pcub-MSU1_006_000043.1	eggnog	Protein tyrosine kinase
Pcub-MSU1_006_000044.1	eggnog	Protein tyrosine kinase
Pcub-MSU1_006_000045.1	interproscan	PTHR31827 domain-containing protein
Pcub-MSU1_006_000680.1	eggnog	Copine
Pcub-MSU1_006_000679.1	blastp	Homology to Phytophthora megakarya predicted protein OWZ23362.1
Pcub-MSU1_006_000046.1	eggnog	domain-containing protein
Pcub-MSU1_006_000047.1	unannotated	Hypothetical protein of unknown function
Pcub-MSU1_006_000048.1	unannotated	Hypothetical protein of unknown function
Pcub-MSU1_006_000049.1	eggnog	domain-containing protein
Pcub-MSU1_006_000678.1	eggnog	domain-containing protein
Pcub-MSU1_006_000050.1	blastp	Homology to Phytophthora nicotianae predicted protein XP_008910331.1
Pcub-MSU1_006_000051.1	eggnog	Copine
Pcub-MSU1_006_000052.1	blastp	Homology to Phytophthora pseudosyringae predicted protein KAG7391918.1
Pcub-MSU1_006_000677.1	eggnog	DJ-1/PfpI family
Pcub-MSU1_006_000676.1	eggnog	domain-containing protein
Pcub-MSU1_006_000675.1	eggnog	Putative DNA-binding (bihelical) motif predicted to be involved in chromosomal organisation
Pcub-MSU1_006_000674.1	eggnog	Protein tyrosine kinase
Pcub-MSU1_006_000673.1	interproscan	DD_C11orf49 (cd22959)
Pcub-MSU1_006_000053.1	eggnog	Domain of unknown function (DUF1772)
Pcub-MSU1_006_000672.1	eggnog	Belongs to the TRAFAC class myosin-kinesin ATPase superfamily
Pcub-MSU1_006_000671.1	eggnog	Links covalently the heme group to the apoprotein of cytochrome c
Pcub-MSU1_006_000054.1	blastp	Homology to Phytophthora fragariae;Phytophthora rubi predicted protein KAE8935973.1
Pcub-MSU1_006_000055.1	eggnog	domain-containing protein
Pcub-MSU1_006_000056.1	blastp	Homology to Plasmopara halstedii predicted protein XP_024577545.1
Pcub-MSU1_006_000670.1	blastp	Homology to Phytophthora idaei predicted protein KAG3080594.1
Pcub-MSU1_006_000057.1	eggnog	protein transport to vacuole involved in ubiquitin-dependent protein catabolic process via the multivesicular body sorting pathway
Pcub-MSU1_006_000058.1	eggnog	protein transport to vacuole involved in ubiquitin-dependent protein catabolic process via the multivesicular body sorting pathway
Pcub-MSU1_006_000669.1	blastp	Homology to Phytophthora fragariae;Phytophthora rubi predicted protein KAE8935973.1
Pcub-MSU1_006_000668.1	eggnog	HECT-domain (ubiquitin-transferase)
Pcub-MSU1_006_000059.1	eggnog	HECT-domain (ubiquitin-transferase)
Pcub-MSU1_006_000667.1	eggnog	protein transport to vacuole involved in ubiquitin-dependent protein catabolic process via the multivesicular body sorting pathway
Pcub-MSU1_006_000060.1	blastp	Homology to Phytophthora idaei predicted protein KAG3080594.1
Pcub-MSU1_006_000061.1	unannotated	Hypothetical protein of unknown function
Pcub-MSU1_006_000062.1	unannotated	Hypothetical protein of unknown function
Pcub-MSU1_006_000063.1	blastp	Homology to Phytophthora idaei predicted protein KAG3080594.1
Pcub-MSU1_006_000666.1	blastp	Homology to Plasmopara halstedii predicted protein XP_024577545.1
Pcub-MSU1_006_000665.1	blastp	Homology to Plasmopara halstedii predicted protein XP_024585266.1
Pcub-MSU1_006_000064.1	blastp	Homology to Phytophthora idaei predicted protein KAG3080594.1
Pcub-MSU1_006_000664.1	blastp	Homology to Plasmopara halstedii predicted protein XP_024577545.1
Pcub-MSU1_006_000663.1	blastp	Homology to Plasmopara halstedii predicted protein XP_024585266.1
Pcub-MSU1_006_000662.1	unannotated	Hypothetical protein of unknown function
Pcub-MSU1_006_000661.1	unannotated	Hypothetical protein of unknown function
Pcub-MSU1_006_000065.1	eggnog	protein transport to vacuole involved in ubiquitin-dependent protein catabolic process via the multivesicular body sorting pathway
Pcub-MSU1_006_000066.1	eggnog	Chromosome segregation protein Spc25
Pcub-MSU1_006_000660.1	eggnog	endonuclease activity
Pcub-MSU1_006_000067.1	eggnog	domain-containing protein
Pcub-MSU1_006_000068.1	interproscan	PTHR32387 domain-containing protein
Pcub-MSU1_006_000659.1	eggnog	domain-containing protein
Pcub-MSU1_006_000069.1	blastp	Homology to Phytophthora cactorum predicted protein KAG2764811.1
Pcub-MSU1_006_000070.1	eggnog	domain-containing protein
Pcub-MSU1_006_000658.1	eggnog	zinc ion binding
Pcub-MSU1_006_000071.1	eggnog	EMG1/NEP1 methyltransferase
Pcub-MSU1_006_000657.1	eggnog	N-terminal conserved domain of Nudc
Pcub-MSU1_006_000072.1	eggnog	Peroxin-3
Pcub-MSU1_006_000656.1	eggnog	Catalyzes the rate-limiting step of the oxidative pentose-phosphate pathway, which represents a route for the dissimilation of carbohydrates besides glycolysis
Pcub-MSU1_006_000655.1	interproscan	PTHR31827 domain-containing protein
Pcub-MSU1_006_000654.1	eggnog	ALIX V-shaped domain binding to HIV
Pcub-MSU1_006_000653.1	interproscan	PTHR31827 domain-containing protein
Pcub-MSU1_006_000073.1	interproscan	PTHR31827 domain-containing protein
Pcub-MSU1_006_000074.1	eggnog	AMMECR1
Pcub-MSU1_006_000652.1	eggnog	microtubule motor activity
Pcub-MSU1_006_000651.1	eggnog	Mitochondrial biogenesis AIM24
Pcub-MSU1_006_000075.1	eggnog	structural constituent of cytoskeleton
Pcub-MSU1_006_000076.1	blastp	Homology to Phytophthora aleatoria predicted protein KAG6977420.1
Pcub-MSU1_006_000650.1	eggnog	single-stranded DNA binding
Pcub-MSU1_006_000077.1	eggnog	domain-containing protein
Pcub-MSU1_006_000649.1	unannotated	Hypothetical protein of unknown function
Pcub-MSU1_006_000078.1	eggnog	C-terminal regulatory domain of Threonine dehydratase
Pcub-MSU1_006_000648.1	eggnog	RNA recognition motif
Pcub-MSU1_006_000079.1	eggnog	domain-containing protein
Pcub-MSU1_006_000647.1	eggnog	Pyrimidine 5'-nucleotidase (UMPH-1)
Pcub-MSU1_006_000646.1	eggnog	Metal dependent phosphohydrolases with conserved 'HD' motif
Pcub-MSU1_006_000080.1	eggnog	domain-containing protein
Pcub-MSU1_006_000081.1	eggnog	domain-containing protein
Pcub-MSU1_006_000082.1	eggnog	Proteasome subunit A N-terminal signature Add an annotation
Pcub-MSU1_006_000083.1	eggnog	DNA topoisomerase type II (ATP-hydrolyzing) activity
Pcub-MSU1_006_000645.1	eggnog	Presenilin
Pcub-MSU1_006_000084.1	eggnog	Allantoicase repeat
Pcub-MSU1_006_000085.1	eggnog	Choline/ethanolamine kinase
Pcub-MSU1_006_000644.1	eggnog	Ribosomal protein L7Ae/L30e/S12e/Gadd45 family
Pcub-MSU1_006_000086.1	eggnog	Tetratricopeptide repeat
Pcub-MSU1_006_000643.1	eggnog	mRNA splicing, via spliceosome (WDR25)
Pcub-MSU1_006_000087.1	interproscan	PTHR12297 domain-containing protein
Pcub-MSU1_006_000642.1	blastp	Homology to Phytophthora citrophthora predicted protein KAK1945249.1
Pcub-MSU1_006_000641.1	eggnog	Belongs to the TRAFAC class dynamin-like GTPase superfamily
Pcub-MSU1_006_000088.1	eggnog	Domain of unknown function (DUF2431)
Pcub-MSU1_006_000640.1	eggnog	Calcium-activated BK potassium channel alpha subunit
Pcub-MSU1_006_000089.1	eggnog	Histone acetyl transferase HAT1 N-terminus
Pcub-MSU1_006_000090.1	eggnog	Protein tyrosine kinase
Pcub-MSU1_006_000639.1	eggnog	Belongs to the TRAFAC class myosin-kinesin ATPase superfamily
Pcub-MSU1_006_000091.1	eggnog	Belongs to the histidine acid phosphatase family
Pcub-MSU1_006_000092.1	eggnog	domain-containing protein
Pcub-MSU1_006_000093.1	eggnog	Belongs to the histidine acid phosphatase family
Pcub-MSU1_006_000638.1	unannotated	Hypothetical protein of unknown function
Pcub-MSU1_006_000094.1	eggnog	domain-containing protein
Pcub-MSU1_006_000637.1	blastp	Homology to Peronospora farinosa predicted protein CAH0490316.1
Pcub-MSU1_006_000636.1	eggnog	PPR repeat
Pcub-MSU1_006_000635.1	eggnog	Phosphotransferase enzyme family
Pcub-MSU1_006_000095.1	blastp	Homology to Phytophthora lilii predicted protein GMF17080.1
Pcub-MSU1_006_000096.1	blastp	Homology to Phytophthora lilii predicted protein GMF17080.1
Pcub-MSU1_006_000634.1	eggnog	domain-containing protein
Pcub-MSU1_006_000097.1	unannotated	Hypothetical protein of unknown function
Pcub-MSU1_006_000633.1	eggnog	domain-containing protein
Pcub-MSU1_006_000632.1	eggnog	domain-containing protein
Pcub-MSU1_006_000098.1	eggnog	Insulinase (Peptidase family M16)
Pcub-MSU1_006_000099.1	eggnog	Belongs to the TRAFAC class myosin-kinesin ATPase superfamily
Pcub-MSU1_006_000631.1	blastp	Homology to Phytophthora capsici predicted protein KAG1711177.1
Pcub-MSU1_006_000100.1	eggnog	Prolyl 4-hydroxylase alpha subunit homologues
Pcub-MSU1_006_000630.1	eggnog	domain-containing protein
Pcub-MSU1_006_000629.1	eggnog	NRDE-2, necessary for RNA interference, domain containing
Pcub-MSU1_006_000101.1	eggnog	domain-containing protein
Pcub-MSU1_006_000628.1	blastp	Homology to Phytophthora cactorum predicted protein KAG2769525.1
Pcub-MSU1_006_000627.1	interproscan	PTHR37558 domain-containing protein
Pcub-MSU1_006_000102.1	eggnog	CG-1
Pcub-MSU1_006_000626.1	interproscan	PTHR13359 domain-containing protein
Pcub-MSU1_006_000625.1	blastp	Homology to Peronospora farinosa predicted protein CAH0485486.1
Pcub-MSU1_006_000103.1	eggnog	General transcription factor IIH subunit
Pcub-MSU1_006_000104.1	eggnog	muscle structure development
Pcub-MSU1_006_000624.1	eggnog	domain-containing protein
Pcub-MSU1_006_000105.1	eggnog	domain-containing protein
Pcub-MSU1_006_000623.1	eggnog	Major Facilitator Superfamily
Pcub-MSU1_006_000622.1	eggnog	Microtubule binding
Pcub-MSU1_006_000106.1	eggnog	Type III restriction enzyme, res subunit
Pcub-MSU1_006_000621.1	eggnog	Amino acid permease
Pcub-MSU1_006_000620.1	eggnog	Amino acid permease
Pcub-MSU1_006_000107.1	eggnog	AAA domain (Cdc48 subfamily)
Pcub-MSU1_006_000108.1	eggnog	peptidyl-prolyl cis-trans isomerase activity
Pcub-MSU1_006_000619.1	eggnog	histone dephosphorylation
Pcub-MSU1_006_000618.1	eggnog	histone dephosphorylation
Pcub-MSU1_006_000109.1	eggnog	Sjogren's syndrome/scleroderma autoantigen 1 (Autoantigen p27)
Pcub-MSU1_006_000617.1	eggnog	Belongs to the major facilitator superfamily
Pcub-MSU1_006_000110.1	eggnog	domain-containing protein
Pcub-MSU1_006_000616.1	eggnog	cwf18 pre-mRNA splicing factor
Pcub-MSU1_006_000615.1	interproscan	PTHR31827 domain-containing protein
Pcub-MSU1_006_000111.1	interproscan	PTHR31827 domain-containing protein
Pcub-MSU1_006_000112.1	eggnog	cwf18 pre-mRNA splicing factor
Pcub-MSU1_006_000113.1	eggnog	Source PGD
Pcub-MSU1_006_000114.1	unannotated	Hypothetical protein of unknown function
Pcub-MSU1_006_000115.1	eggnog	Protein-L-isoaspartate(D-aspartate) O-methyltransferase (PCMT)
Pcub-MSU1_006_000116.1	eggnog	Serine aminopeptidase, S33
Pcub-MSU1_006_000614.1	eggnog	domain-containing protein
Pcub-MSU1_006_000613.1	eggnog	Leucine carboxyl methyltransferase
Pcub-MSU1_006_000117.1	eggnog	domain-containing protein
Pcub-MSU1_006_000118.1	eggnog	non-motile cilium assembly
Pcub-MSU1_006_000119.1	blastp	Homology to Peronospora destructor predicted protein CAI5733924.1
Pcub-MSU1_006_000612.1	eggnog	domain-containing protein
Pcub-MSU1_006_000120.1	eggnog	domain-containing protein
Pcub-MSU1_006_000611.1	blastp	Homology to Peronospora destructor predicted protein CAI5733924.1
Pcub-MSU1_006_000610.1	eggnog	non-motile cilium assembly
Pcub-MSU1_006_000609.1	eggnog	domain-containing protein
Pcub-MSU1_006_000608.1	blastp	Homology to Phytophthora pseudosyringae predicted protein KAG7389645.1
Pcub-MSU1_006_000121.1	eggnog	domain-containing protein
Pcub-MSU1_006_000607.1	eggnog	ATP-NAD kinase
Pcub-MSU1_006_000122.1	blastp	Homology to Phytophthora aleatoria predicted protein KAG6977244.1
Pcub-MSU1_006_000606.1	blastp	Homology to Peronospora belbahrii predicted protein CAH0520038.1
Pcub-MSU1_006_000605.1	eggnog	domain-containing protein
Pcub-MSU1_006_000123.1	blastp	Homology to Peronospora effusa predicted protein RQM14038.1
Pcub-MSU1_006_000604.1	eggnog	Nup93/Nic96
Pcub-MSU1_006_000124.1	interproscan	PTHR12092 domain-containing protein
Pcub-MSU1_006_000603.1	eggnog	Enoyl-CoA hydratase/isomerase
Pcub-MSU1_006_000602.1	eggnog	Mitochondrial carrier protein
Pcub-MSU1_006_000125.1	eggnog	domain-containing protein
Pcub-MSU1_006_000601.1	eggnog	spectrin binding
Pcub-MSU1_006_000126.1	blastp	Homology to predicted protein KAH7500298.1
Pcub-MSU1_006_000127.1	eggnog	domain-containing protein
Pcub-MSU1_006_000600.1	eggnog	domain-containing protein
Pcub-MSU1_006_000599.1	eggnog	Phosphatidylinositol 3- and 4-kinase
Pcub-MSU1_006_000128.1	eggnog	Phosphatidylinositol 3- and 4-kinase
Pcub-MSU1_006_000129.1	eggnog	Phosphatidylinositol 3- and 4-kinase
Pcub-MSU1_006_000598.1	unannotated	Hypothetical protein of unknown function
Pcub-MSU1_006_000130.1	eggnog	Phosphatidylinositol 3- and 4-kinase
Pcub-MSU1_006_000597.1	unannotated	Hypothetical protein of unknown function
Pcub-MSU1_006_000131.1	unannotated	Hypothetical protein of unknown function
Pcub-MSU1_006_000132.1	eggnog	Peptidase family M28
Pcub-MSU1_006_000596.1	eggnog	domain-containing protein
Pcub-MSU1_006_000133.1	eggnog	Iron/zinc purple acid phosphatase-like protein C
Pcub-MSU1_006_000134.1	eggnog	HCNGP-like protein
Pcub-MSU1_006_000135.1	eggnog	Ubiquitin carboxyl-terminal hydrolase
Pcub-MSU1_006_000136.1	blastp	Homology to Peronospora farinosa predicted protein CAH0485538.1
Pcub-MSU1_006_000595.1	eggnog	Zinc-binding domain, present in Dystrophin, CREB-binding protein
Pcub-MSU1_006_000137.1	interproscan	MSS51 C-terminal domain (PF20179)
Pcub-MSU1_006_000594.1	eggnog	Phospholipase D Active site motif
Pcub-MSU1_006_000138.1	eggnog	Phospholipase D Active site motif
Pcub-MSU1_006_000593.1	interproscan	PTHR13510 domain-containing protein
Pcub-MSU1_006_000139.1	eggnog	Functions as component of the Arp2 3 complex which is involved in regulation of actin polymerization and together with an activating nucleation-promoting factor (NPF) mediates the formation of branched actin networks
Pcub-MSU1_006_000592.1	eggnog	Catalyzes the hydrolysis of N-formyl-L-kynurenine to L- kynurenine, the second step in the kynurenine pathway of tryptophan degradation
Pcub-MSU1_006_000140.1	eggnog	Eukaryotic translation initiation factor eIF2A
Pcub-MSU1_006_000141.1	eggnog	elongation factor-2 kinase activity
Pcub-MSU1_006_000591.1	eggnog	Glycosyltransferase Family 4
Pcub-MSU1_006_000590.1	eggnog	domain-containing protein
Pcub-MSU1_006_000142.1	eggnog	Scavenger mRNA decapping enzyme (DcpS) N-terminal
Pcub-MSU1_006_000589.1	eggnog	Scavenger mRNA decapping enzyme (DcpS) N-terminal
Pcub-MSU1_006_000143.1	unannotated	Hypothetical protein of unknown function
Pcub-MSU1_006_000144.1	eggnog	Beta-ketoacyl-acyl-carrier-protein synthase II
Pcub-MSU1_006_000588.1	interproscan	PTHR35970 domain-containing protein
Pcub-MSU1_006_000145.1	eggnog	domain-containing protein
Pcub-MSU1_006_000146.1	blastp	Homology to Phytophthora fragariae predicted protein KAE8911419.1
Pcub-MSU1_006_000587.1	blastp	Homology to predicted protein KAH7500332.1
Pcub-MSU1_006_000147.1	eggnog	Tetratricopeptide repeat
Pcub-MSU1_006_000148.1	blastp	Homology to Phytophthora aleatoria predicted protein KAG6977277.1
Pcub-MSU1_006_000586.1	blastp	Homology to Phytophthora pseudosyringae predicted protein KAG7389601.1
Pcub-MSU1_006_000585.1	eggnog	cellular component assembly
Pcub-MSU1_006_000584.1	eggnog	domain-containing protein
Pcub-MSU1_006_000149.1	eggnog	Sel1-like repeats
Pcub-MSU1_006_000583.1	eggnog	Tryptophan/tyrosine permease family
Pcub-MSU1_006_000150.1	unannotated	Hypothetical protein of unknown function
Pcub-MSU1_006_000151.1	eggnog	HCNGP-like protein
Pcub-MSU1_006_000582.1	blastp	Homology to Phytophthora nicotianae predicted protein XP_008904593.1
Pcub-MSU1_006_000152.1	eggnog	Domain in cystathionine beta-synthase and other proteins
Pcub-MSU1_006_000153.1	eggnog	phosphatidylinositol dephosphorylation
Pcub-MSU1_006_000581.1	eggnog	Domain found in Dishevelled, Egl-10, and Pleckstrin
Pcub-MSU1_006_000154.1	eggnog	ceramidase activity
Pcub-MSU1_006_000155.1	unannotated	Hypothetical protein of unknown function
Pcub-MSU1_006_000156.1	interproscan	PTHR13510 domain-containing protein
Pcub-MSU1_006_000157.1	blastp	Homology to Phytophthora cactorum predicted protein KAG3035867.1
Pcub-MSU1_006_000580.1	interproscan	PTHR31827 domain-containing protein
Pcub-MSU1_006_000579.1	eggnog	Phosphatidylinositol-4-phosphate 5-Kinase
Pcub-MSU1_006_000578.1	eggnog	Phosphatidylinositol-4-phosphate 5-Kinase
Pcub-MSU1_006_000577.1	eggnog	Belongs to the monovalent cation proton antiporter 1 (CPA1) transporter (TC 2.A.36) family
Pcub-MSU1_006_000158.1	eggnog	Broad-Complex, Tramtrack and Bric a brac
Pcub-MSU1_006_000159.1	eggnog	Autophagy-related protein 11
Pcub-MSU1_006_000160.1	blastp	Homology to Phytophthora nicotianae predicted protein XP_008904558.1
Pcub-MSU1_006_000576.1	eggnog	7 transmembrane receptor (Secretin family)
Pcub-MSU1_006_000161.1	eggnog	Mechanosensitive ion channel
Pcub-MSU1_006_000575.1	unannotated	Hypothetical protein of unknown function
Pcub-MSU1_006_000574.1	eggnog	Mechanosensitive ion channel
Pcub-MSU1_006_000162.1	eggnog	domain-containing protein
Pcub-MSU1_006_000573.1	eggnog	domain-containing protein
Pcub-MSU1_006_000163.1	eggnog	domain-containing protein
Pcub-MSU1_006_000164.1	eggnog	Belongs to the TRAFAC class myosin-kinesin ATPase superfamily
Pcub-MSU1_006_000572.1	eggnog	Tetratricopeptide repeat
Pcub-MSU1_006_000165.1	eggnog	26S proteasome subunit RPN7
Pcub-MSU1_006_000166.1	blastp	Homology to Phytophthora lilii predicted protein GMF29888.1
Pcub-MSU1_006_000571.1	eggnog	Mitochondrial branched-chain alpha-ketoacid dehydrogenase kinase
Pcub-MSU1_006_000167.1	blastp	Homology to Phytophthora nicotianae predicted protein XP_008904519.1
Pcub-MSU1_006_000570.1	eggnog	Protein similar to CwfJ C-terminus 1
Pcub-MSU1_006_000569.1	blastp	Homology to Phytophthora lilii predicted protein GMF29685.1
Pcub-MSU1_006_000168.1	blastp	Homology to Phytophthora pseudosyringae predicted protein KAG7387728.1
Pcub-MSU1_006_000169.1	unannotated	Hypothetical protein of unknown function
Pcub-MSU1_006_000568.1	blastp	Homology to Phytophthora cinnamomi predicted protein KAG6597768.1
Pcub-MSU1_006_000170.1	blastp	Homology to Phytophthora lilii predicted protein GMF29685.1
Pcub-MSU1_006_000171.1	eggnog	Protein similar to CwfJ C-terminus 1
Pcub-MSU1_006_000567.1	blastp	Homology to Phytophthora nicotianae predicted protein XP_008904519.1
Pcub-MSU1_006_000566.1	eggnog	domain-containing protein
Pcub-MSU1_006_000172.1	eggnog	domain-containing protein
Pcub-MSU1_006_000173.1	interproscan	PTHR15430 domain-containing protein
Pcub-MSU1_006_000565.1	interproscan	G3DSA:2.100.10.30 domain-containing protein
Pcub-MSU1_006_000564.1	unannotated	Hypothetical protein of unknown function
Pcub-MSU1_006_000174.1	eggnog	Rhomboid family
Pcub-MSU1_006_000175.1	eggnog	domain-containing protein
Pcub-MSU1_006_000176.1	eggnog	Phosphoglycerate mutase family
Pcub-MSU1_006_000177.1	eggnog	sequence-specific DNA binding
Pcub-MSU1_006_000178.1	eggnog	Domain in Tre-2, BUB2p, and Cdc16p
Pcub-MSU1_006_000179.1	unannotated	Hypothetical protein of unknown function
Pcub-MSU1_006_000563.1	eggnog	domain-containing protein
Pcub-MSU1_006_000180.1	blastp	Homology to Peronospora effusa predicted protein CAI5703196.1
Pcub-MSU1_006_000562.1	eggnog	DNA topoisomerase binding
Pcub-MSU1_006_000181.1	interproscan	G3DSA:3.30.310.10 domain-containing protein
Pcub-MSU1_006_000561.1	eggnog	Ig-like domain from next to BRCA1 gene
Pcub-MSU1_006_000560.1	unannotated	Hypothetical protein of unknown function
Pcub-MSU1_006_000559.1	unannotated	Hypothetical protein of unknown function
Pcub-MSU1_006_000558.1	unannotated	Hypothetical protein of unknown function
Pcub-MSU1_006_000557.1	eggnog	F-box LRR-repeat protein
Pcub-MSU1_006_000556.1	unannotated	Hypothetical protein of unknown function
Pcub-MSU1_006_000555.1	unannotated	Hypothetical protein of unknown function
Pcub-MSU1_006_000554.1	unannotated	Hypothetical protein of unknown function
Pcub-MSU1_006_000553.1	eggnog	POT family
Pcub-MSU1_006_000552.1	blastp	Homology to Peronospora destructor predicted protein CAI5745014.1
Pcub-MSU1_006_000182.1	blastp	Homology to Peronospora destructor predicted protein CAI5745014.1
Pcub-MSU1_006_000551.1	eggnog	Bystin
Pcub-MSU1_006_000183.1	eggnog	RHO protein GDP dissociation inhibitor
Pcub-MSU1_006_000550.1	eggnog	intermembrane phospholipid transfer
Pcub-MSU1_006_000549.1	interproscan	PTHR47026 domain-containing protein
Pcub-MSU1_006_000548.1	eggnog	domain-containing protein
Pcub-MSU1_006_000547.1	blastp	Homology to Phytophthora ramorum predicted protein KAH7474596.1
Pcub-MSU1_006_000184.1	blastp	Homology to Phytophthora pseudosyringae predicted protein KAG7393955.1
Pcub-MSU1_006_000546.1	blastp	Homology to Phytophthora idaei predicted protein KAG3119641.1
Pcub-MSU1_006_000185.1	eggnog	Calmodulin-binding
Pcub-MSU1_006_000545.1	eggnog	Shwachman-Bodian-Diamond syndrome (SBDS) protein
Pcub-MSU1_006_000186.1	blastp	Homology to Phytophthora citrophthora predicted protein KAK1939365.1
Pcub-MSU1_006_000544.1	eggnog	domain-containing protein
Pcub-MSU1_006_000187.1	eggnog	component of the eukaryotic translation initiation factor 3 (eIF-3) complex, which is involved in protein synthesis of a specialized repertoire of mRNAs and, together with other initiation factors, stimulates binding of mRNA and methionyl-tRNAi to the 40S ribosome
Pcub-MSU1_006_000543.1	eggnog	Alba
Pcub-MSU1_006_000542.1	eggnog	Patatin-like phospholipase
Pcub-MSU1_006_000188.1	eggnog	Ribosome-assembly protein 3
Pcub-MSU1_006_000541.1	eggnog	Histone methylation protein DOT1
Pcub-MSU1_006_000189.1	eggnog	A Receptor for Ubiquitination Targets
Pcub-MSU1_006_000540.1	eggnog	WD domain, G-beta repeat
Pcub-MSU1_006_000190.1	eggnog	Ankyrin repeat
Pcub-MSU1_006_000539.1	eggnog	domain-containing protein
Pcub-MSU1_006_000191.1	eggnog	PHD-finger
Pcub-MSU1_006_000538.1	eggnog	ThiF family
Pcub-MSU1_006_000192.1	eggnog	AIR carboxylase
Pcub-MSU1_006_000193.1	eggnog	AIR carboxylase
Pcub-MSU1_006_000537.1	eggnog	Calcineurin-like phosphoesterase
Pcub-MSU1_006_000194.1	eggnog	Domain with 2 conserved Trp (W) residues
Pcub-MSU1_006_000195.1	blastp	Homology to Phytophthora lilii predicted protein GMF09666.1
Pcub-MSU1_006_000536.1	eggnog	Olfactory receptor 4-like
Pcub-MSU1_006_000535.1	blastp	Homology to Peronospora effusa predicted protein RMX67675.1
Pcub-MSU1_006_000196.1	blastp	Homology to Phytophthora cactorum predicted protein KAG2791061.1
Pcub-MSU1_006_000534.1	eggnog	domain-containing protein
Pcub-MSU1_006_000533.1	eggnog	Links covalently the heme group to the apoprotein of cytochrome c
Pcub-MSU1_006_000197.1	eggnog	Ribosomal protein S6e
Pcub-MSU1_006_000532.1	interproscan	PTHR46557 domain-containing protein
Pcub-MSU1_006_000531.1	eggnog	zinc finger
Pcub-MSU1_006_000530.1	eggnog	16S rRNA methyltransferase RsmB/F
Pcub-MSU1_006_000529.1	eggnog	Crinkler (CRN) family protein
Pcub-MSU1_006_000528.1	interproscan	G3DSA:1.50.10.10 domain-containing protein
Pcub-MSU1_006_000198.1	eggnog	Stage II sporulation protein E (SpoIIE)
Pcub-MSU1_006_000527.1	blastp	Homology to Phytophthora pseudosyringae predicted protein KAG7393905.1
Pcub-MSU1_006_000199.1	eggnog	Regulator of chromosome condensation (RCC1) repeat
Pcub-MSU1_006_000526.1	eggnog	domain-containing protein
Pcub-MSU1_006_000200.1	eggnog	domain-containing protein
Pcub-MSU1_006_000201.1	eggnog	domain-containing protein
Pcub-MSU1_006_000525.1	eggnog	Rab guanyl-nucleotide exchange factor activity
Pcub-MSU1_006_000524.1	blastp	Homology to Peronospora effusa predicted protein CAI5703239.1
Pcub-MSU1_006_000523.1	blastp	Homology to Phytophthora nicotianae predicted protein XP_008904381.1
Pcub-MSU1_006_000202.1	eggnog	Stage II sporulation protein E (SpoIIE)
Pcub-MSU1_006_000203.1	eggnog	EF-hand, calcium binding motif
Pcub-MSU1_006_000522.1	eggnog	Biotin-requiring enzyme
Pcub-MSU1_006_000521.1	eggnog	domain-containing protein
Pcub-MSU1_006_000520.1	eggnog	Phosphatidylinositol-4-phosphate 5-Kinase
Pcub-MSU1_006_000519.1	eggnog	Phosphatidylinositol-4-phosphate 5-Kinase
Pcub-MSU1_006_000518.1	eggnog	Mitochondrial carrier protein
Pcub-MSU1_006_000204.1	eggnog	Mitochondrial carrier protein
Pcub-MSU1_006_000205.1	eggnog	Mitochondrial carrier protein
Pcub-MSU1_006_000517.1	eggnog	Kinase-like
Pcub-MSU1_006_000516.1	interproscan	PTHR14255 domain-containing protein
Pcub-MSU1_006_000206.1	blastp	Homology to Phytophthora cinnamomi predicted protein KAG6597864.1
Pcub-MSU1_006_000515.1	eggnog	Protein of unknown function (DUF1765)
Pcub-MSU1_006_000207.1	blastp	Homology to Phytophthora nicotianae predicted protein XP_008901520.1
Pcub-MSU1_006_000514.1	eggnog	uterine gland development
Pcub-MSU1_006_000208.1	eggnog	Histidine phosphatase superfamily (branch 2)
Pcub-MSU1_006_000209.1	interproscan	PTHR14255 domain-containing protein
Pcub-MSU1_006_000210.1	eggnog	Papain family cysteine protease
Pcub-MSU1_006_000211.1	interproscan	PTHR14255 domain-containing protein
Pcub-MSU1_006_000513.1	eggnog	SOR/SNZ family
Pcub-MSU1_006_000512.1	eggnog	SYF2 splicing factor
Pcub-MSU1_006_000212.1	eggnog	Tetratricopeptide repeat
Pcub-MSU1_006_000213.1	eggnog	domain-containing protein
Pcub-MSU1_006_000511.1	blastp	Homology to Phytophthora sojae predicted protein XP_009529548.1
Pcub-MSU1_006_000214.1	blastp	Homology to Peronospora effusa predicted protein RMX67683.1
Pcub-MSU1_006_000510.1	eggnog	domain in TBC and LysM domain containing proteins
Pcub-MSU1_006_000215.1	eggnog	Protein tyrosine kinase
Pcub-MSU1_006_000509.1	unannotated	Hypothetical protein of unknown function
Pcub-MSU1_006_000216.1	eggnog	Protein tyrosine kinase
Pcub-MSU1_006_000217.1	eggnog	Ribosomal proteins L26 eukaryotic, L24P archaeal
Pcub-MSU1_006_000508.1	blastp	Homology to Phytophthora idaei predicted protein KAG3121469.1
Pcub-MSU1_006_000507.1	interproscan	PTHR31250 domain-containing protein
Pcub-MSU1_006_000506.1	eggnog	Belongs to the cation transport ATPase (P-type) (TC 3.A.3) family
Pcub-MSU1_006_000218.1	eggnog	Protein kinase C conserved region 2 (CalB)
Pcub-MSU1_006_000219.1	eggnog	Pumilio-family RNA binding repeat
Pcub-MSU1_006_000505.1	eggnog	Flavin containing amine oxidoreductase
Pcub-MSU1_006_000220.1	eggnog	Acyl CoA binding protein
Pcub-MSU1_006_000221.1	eggnog	Sigma factor PP2C-like phosphatases
Pcub-MSU1_006_000504.1	eggnog	Metal dependent phosphohydrolases with conserved 'HD' motif
Pcub-MSU1_006_000222.1	eggnog	Peroxidase
Pcub-MSU1_006_000223.1	interproscan	SSF48371 domain-containing protein
Pcub-MSU1_006_000503.1	eggnog	CRT-like, chloroquine-resistance transporter-like
Pcub-MSU1_006_000224.1	eggnog	endocytic recycling
Pcub-MSU1_006_000502.1	eggnog	Metal dependent phosphohydrolases with conserved 'HD' motif
Pcub-MSU1_006_000225.1	eggnog	DUF4217
Pcub-MSU1_006_000226.1	eggnog	Uncharacterised protein family UPF0052
Pcub-MSU1_006_000501.1	eggnog	Domain found in a variety of signalling proteins, always encircled by uDENN and dDENN
Pcub-MSU1_006_000227.1	eggnog	Ribosomal protein L22p/L17e
Pcub-MSU1_006_000228.1	eggnog	Dynein light intermediate chain (DLIC)
Pcub-MSU1_006_000500.1	blastp	Homology to Peronospora belbahrii predicted protein CAH0518441.1
Pcub-MSU1_006_000499.1	eggnog	Ubiquitin-conjugating enzyme
Pcub-MSU1_006_000229.1	eggnog	Syntaxin-like protein
Pcub-MSU1_006_000498.1	blastp	Homology to Phytophthora pseudosyringae predicted protein KAG7393853.1
Pcub-MSU1_006_000230.1	blastp	Homology to Phytophthora cactorum predicted protein KAG6974553.1
Pcub-MSU1_006_000497.1	interproscan	G3DSA:1.25.10.10 domain-containing protein
Pcub-MSU1_006_000231.1	eggnog	FerI
Pcub-MSU1_006_000496.1	eggnog	domain-containing protein
Pcub-MSU1_006_000232.1	eggnog	Source PGD
Pcub-MSU1_006_000495.1	interproscan	PTHR12802 domain-containing protein
Pcub-MSU1_006_000494.1	eggnog	Zinc finger, ZZ type
Pcub-MSU1_006_000493.1	eggnog	FYVE zinc finger
Pcub-MSU1_006_000492.1	eggnog	Belongs to the heat shock protein 70 family
Pcub-MSU1_006_000233.1	blastp	Homology to Peronospora destructor predicted protein CAI5718951.1
Pcub-MSU1_006_000234.1	eggnog	Bifunctional DNA N-glycosylase with associated apurinic apyrimidinic (AP) lyase function that catalyzes the first step in base excision repair (BER), the primary repair pathway for the repair of oxidative DNA damage
Pcub-MSU1_006_000491.1	interproscan	G3DSA:3.40.50.150 domain-containing protein
Pcub-MSU1_006_000235.1	eggnog	Tyrosine phosphatase family
Pcub-MSU1_006_000236.1	eggnog	AICARFT/IMPCHase bienzyme
Pcub-MSU1_006_000490.1	eggnog	Phosphatidyl serine synthase
Pcub-MSU1_006_000489.1	eggnog	domain-containing protein
Pcub-MSU1_006_000237.1	eggnog	CRT-like, chloroquine-resistance transporter-like
Pcub-MSU1_006_000238.1	blastp	Homology to Phytophthora pseudosyringae predicted protein KAG7382082.1
Pcub-MSU1_006_000488.1	eggnog	Uroporphyrinogen decarboxylase (URO-D)
Pcub-MSU1_006_000487.1	eggnog	Tricarboxylate carrier
Pcub-MSU1_006_000239.1	eggnog	COQ9
Pcub-MSU1_006_000486.1	eggnog	1-phosphatidylinositol-4-phosphate 5-kinase activity
Pcub-MSU1_006_000240.1	unannotated	Hypothetical protein of unknown function
Pcub-MSU1_006_000241.1	eggnog	domain-containing protein
Pcub-MSU1_006_000485.1	eggnog	tRNA pseudouridine synthase
Pcub-MSU1_006_000484.1	blastp	Homology to Phytophthora cinnamomi predicted protein KAG6576572.1
Pcub-MSU1_006_000483.1	eggnog	Cytochrome P450
Pcub-MSU1_006_000242.1	eggnog	Vps16, C-terminal region
Pcub-MSU1_006_000243.1	eggnog	Dehydrogenase E1
Pcub-MSU1_006_000482.1	eggnog	Memo-like protein
Pcub-MSU1_006_000244.1	eggnog	domain-containing protein
Pcub-MSU1_006_000481.1	eggnog	MYND finger
Pcub-MSU1_006_000245.1	eggnog	Belongs to the TRAFAC class myosin-kinesin ATPase superfamily
Pcub-MSU1_006_000480.1	eggnog	domain-containing protein
Pcub-MSU1_006_000246.1	eggnog	Formate--tetrahydrofolate ligase
Pcub-MSU1_006_000479.1	eggnog	Component of the Mediator complex, a coactivator involved in the regulated transcription of nearly all RNA polymerase II-dependent genes
Pcub-MSU1_006_000478.1	blastp	Homology to Peronospora effusa predicted protein UIZ23236.1
Pcub-MSU1_006_000247.1	eggnog	RNA polymerase II transcription elongation factor
Pcub-MSU1_006_000248.1	eggnog	Ubiquitin-conjugating enzyme E2, catalytic domain homologues
Pcub-MSU1_006_000477.1	eggnog	N-terminal domain of CBF1 interacting co-repressor CIR
Pcub-MSU1_006_000249.1	interproscan	G3DSA:3.90.1410.10 domain-containing protein
Pcub-MSU1_006_000250.1	unannotated	Hypothetical protein of unknown function
Pcub-MSU1_006_000251.1	eggnog	Dor1-like family
Pcub-MSU1_006_000476.1	eggnog	domain-containing protein
Pcub-MSU1_006_000252.1	eggnog	Amidohydrolase family
Pcub-MSU1_006_000475.1	eggnog	Dor1-like family
Pcub-MSU1_006_000253.1	eggnog	domain-containing protein
Pcub-MSU1_006_000254.1	eggnog	domain-containing protein
Pcub-MSU1_006_000255.1	eggnog	domain-containing protein
Pcub-MSU1_006_000256.1	eggnog	Protein tyrosine kinase
Pcub-MSU1_006_000474.1	eggnog	Redoxin
Pcub-MSU1_006_000257.1	eggnog	Dip2/Utp12 Family
Pcub-MSU1_006_000258.1	blastp	Homology to Phytophthora megakarya predicted protein OWZ20939.1
Pcub-MSU1_006_000473.1	eggnog	BRE1 E3 ubiquitin ligase
Pcub-MSU1_006_000259.1	eggnog	domain-containing protein
Pcub-MSU1_006_000472.1	eggnog	Antibiotic biosynthesis monooxygenase
Pcub-MSU1_006_000260.1	eggnog	domain-containing protein
Pcub-MSU1_006_000261.1	blastp	Homology to Phytophthora idaei predicted protein KAG3111274.1
Pcub-MSU1_006_000262.1	eggnog	Cathepsin propeptide inhibitor domain (I29)
Pcub-MSU1_006_000471.1	blastp	Homology to Phytophthora cactorum;Phytophthora aleatoria predicted protein KAG6967435.1
Pcub-MSU1_006_000470.1	eggnog	Short calmodulin-binding motif containing conserved Ile and Gln residues
Pcub-MSU1_006_000469.1	eggnog	SHQ1 protein
Pcub-MSU1_006_000263.1	eggnog	Belongs to the AAA ATPase family
Pcub-MSU1_006_000468.1	eggnog	domain-containing protein
Pcub-MSU1_006_000467.1	blastp	Homology to Phytophthora ramorum predicted protein KAH7474410.1
Pcub-MSU1_006_000264.1	eggnog	Belongs to the TRAFAC class myosin-kinesin ATPase superfamily
Pcub-MSU1_006_000466.1	unannotated	Hypothetical protein of unknown function
Pcub-MSU1_006_000465.1	blastp	Homology to Phytophthora idaei predicted protein KAG3117561.1
Pcub-MSU1_006_000464.1	eggnog	Pep3/Vps18/deep orange family
Pcub-MSU1_006_000265.1	blastp	Homology to Peronospora farinosa;Peronospora effusa predicted protein RMX63232.1
Pcub-MSU1_006_000266.1	eggnog	Aminotransferase class-III
Pcub-MSU1_006_000463.1	blastp	Homology to Phytophthora pseudosyringae predicted protein KAG7382415.1
Pcub-MSU1_006_000267.1	eggnog	Antibiotic biosynthesis monooxygenase
Pcub-MSU1_006_000268.1	eggnog	domain-containing protein
Pcub-MSU1_006_000462.1	eggnog	Domain of unknown function (DUF4464)
Pcub-MSU1_006_000269.1	blastp	Homology to Phytophthora nicotianae predicted protein XP_008901322.1
Pcub-MSU1_006_000461.1	eggnog	hemolysis in other organism
Pcub-MSU1_006_000460.1	interproscan	PTHR22050 domain-containing protein
Pcub-MSU1_006_000270.1	eggnog	Oligosaccharyl transferase STT3 subunit
Pcub-MSU1_006_000459.1	eggnog	Proteasome subunit
Pcub-MSU1_006_000271.1	eggnog	domain-containing protein
Pcub-MSU1_006_000458.1	eggnog	belongs to the metallo- dependent hydrolases superfamily
Pcub-MSU1_006_000272.1	eggnog	Protein tyrosine kinase
Pcub-MSU1_006_000457.1	eggnog	domain-containing protein
Pcub-MSU1_006_000273.1	eggnog	Protein tyrosine kinase
Pcub-MSU1_006_000274.1	eggnog	Protein tyrosine kinase
Pcub-MSU1_006_000456.1	eggnog	Protein of unknown function (DUF2009)
Pcub-MSU1_006_000275.1	eggnog	domain-containing protein
Pcub-MSU1_006_000276.1	eggnog	Nucleoporin Nup120/160
Pcub-MSU1_006_000455.1	eggnog	Lissencephaly type-1-like homology motif
Pcub-MSU1_006_000277.1	eggnog	Centromere/kinetochore Zw10
Pcub-MSU1_006_000454.1	eggnog	CorA-like Mg2+ transporter protein
Pcub-MSU1_006_000278.1	unannotated	Hypothetical protein of unknown function
Pcub-MSU1_006_000453.1	unannotated	Hypothetical protein of unknown function
Pcub-MSU1_006_000279.1	eggnog	Aspartyl protease
Pcub-MSU1_006_000280.1	unannotated	Hypothetical protein of unknown function
Pcub-MSU1_006_000281.1	unannotated	Hypothetical protein of unknown function
Pcub-MSU1_006_000282.1	eggnog	Aspartyl protease
Pcub-MSU1_006_000283.1	unannotated	Hypothetical protein of unknown function
Pcub-MSU1_006_000284.1	eggnog	domain-containing protein
Pcub-MSU1_006_000285.1	eggnog	emp24/gp25L/p24 family/GOLD
Pcub-MSU1_006_000286.1	blastp	Homology to Phytophthora cactorum predicted protein KAG2790943.1
Pcub-MSU1_006_000452.1	interproscan	PTHR28069 domain-containing protein
Pcub-MSU1_006_000451.1	eggnog	domain-containing protein
Pcub-MSU1_006_000287.1	interproscan	PTHR46127 domain-containing protein
Pcub-MSU1_006_000450.1	eggnog	Deoxyhypusine synthase
Pcub-MSU1_006_000449.1	unannotated	Hypothetical protein of unknown function
Pcub-MSU1_006_000288.1	blastp	Homology to Phytophthora nicotianae predicted protein ETP22721.1
Pcub-MSU1_006_000448.1	interproscan	PTHR34211 domain-containing protein
Pcub-MSU1_006_000289.1	eggnog	vesicle fusion with Golgi apparatus
Pcub-MSU1_006_000447.1	eggnog	vesicle fusion with Golgi apparatus
Pcub-MSU1_006_000290.1	interproscan	PTHR34211 domain-containing protein
Pcub-MSU1_006_000291.1	blastp	Homology to Phytophthora fragariae predicted protein KAE8958414.1
Pcub-MSU1_006_000446.1	eggnog	domain-containing protein
Pcub-MSU1_006_000445.1	blastp	Homology to Peronospora farinosa predicted protein CAH0490253.1
Pcub-MSU1_006_000292.1	blastp	Homology to Phytophthora ramorum predicted protein KAH7474355.1
Pcub-MSU1_006_000444.1	eggnog	Vps51/Vps67
Pcub-MSU1_006_000293.1	blastp	Homology to Peronospora belbahrii predicted protein CAH0482910.1
Pcub-MSU1_006_000443.1	eggnog	domain-containing protein
Pcub-MSU1_006_000442.1	eggnog	domain-containing protein
Pcub-MSU1_006_000441.1	eggnog	Regulator of chromosome condensation (RCC1) repeat
Pcub-MSU1_006_000440.1	blastp	Homology to Peronospora effusa predicted protein CAI5703436.1
Pcub-MSU1_006_000294.1	eggnog	Rab subfamily of small GTPases
Pcub-MSU1_006_000439.1	eggnog	Reversible hydration of carbon dioxide
Pcub-MSU1_006_000295.1	eggnog	Transcription initiation factor TFIID subunit A
Pcub-MSU1_006_000438.1	blastp	Homology to Phytophthora cinnamomi predicted protein KAG6576473.1
Pcub-MSU1_006_000296.1	eggnog	domain-containing protein
Pcub-MSU1_006_000297.1	blastp	Homology to Phytophthora rubi predicted protein KAE9038356.1
Pcub-MSU1_006_000437.1	eggnog	domain-containing protein
Pcub-MSU1_006_000298.1	unannotated	Hypothetical protein of unknown function
Pcub-MSU1_006_000299.1	eggnog	Cation transporter/ATPase, N-terminus
Pcub-MSU1_006_000436.1	eggnog	Mitochondrial carrier protein
Pcub-MSU1_006_000300.1	eggnog	domain-containing protein
Pcub-MSU1_006_000301.1	unannotated	Hypothetical protein of unknown function
Pcub-MSU1_006_000435.1	unannotated	Hypothetical protein of unknown function
Pcub-MSU1_006_000302.1	unannotated	Hypothetical protein of unknown function
Pcub-MSU1_006_000303.1	eggnog	domain-containing protein
Pcub-MSU1_006_000304.1	unannotated	Hypothetical protein of unknown function
Pcub-MSU1_006_000434.1	unannotated	Hypothetical protein of unknown function
Pcub-MSU1_006_000305.1	unannotated	Hypothetical protein of unknown function
Pcub-MSU1_006_000433.1	unannotated	Hypothetical protein of unknown function
Pcub-MSU1_006_000432.1	eggnog	domain-containing protein
Pcub-MSU1_006_000306.1	eggnog	Mitochondrial carrier protein
Pcub-MSU1_006_000431.1	eggnog	X-Pro dipeptidyl-peptidase (S15 family)
Pcub-MSU1_006_000430.1	unannotated	Hypothetical protein of unknown function
Pcub-MSU1_006_000307.1	unannotated	Hypothetical protein of unknown function
Pcub-MSU1_006_000429.1	unannotated	Hypothetical protein of unknown function
Pcub-MSU1_006_000428.1	eggnog	domain-containing protein
Pcub-MSU1_006_000308.1	eggnog	Mitochondrial carrier protein
Pcub-MSU1_006_000427.1	eggnog	X-Pro dipeptidyl-peptidase (S15 family)
Pcub-MSU1_006_000426.1	unannotated	Hypothetical protein of unknown function
Pcub-MSU1_006_000425.1	unannotated	Hypothetical protein of unknown function
Pcub-MSU1_006_000309.1	eggnog	Sir2 family
Pcub-MSU1_006_000424.1	eggnog	Belongs to the TRAFAC class myosin-kinesin ATPase superfamily
Pcub-MSU1_006_000310.1	eggnog	Ankyrin repeats (many copies)
Pcub-MSU1_006_000423.1	blastp	Homology to Phytophthora infestans predicted protein KAF4138527.1
Pcub-MSU1_006_000311.1	eggnog	GDSL-like Lipase/Acylhydrolase
Pcub-MSU1_006_000422.1	eggnog	PhoX homologous domain, present in p47phox and p40phox
Pcub-MSU1_006_000312.1	eggnog	Thioredoxin
Pcub-MSU1_006_000421.1	unannotated	Hypothetical protein of unknown function
Pcub-MSU1_006_000420.1	eggnog	LYAR-type C2HC zinc finger
Pcub-MSU1_006_000313.1	eggnog	Putative zinc finger in N-recognin (UBR box)
Pcub-MSU1_006_000419.1	eggnog	Pyridine nucleotide-disulphide oxidoreductase
Pcub-MSU1_006_000314.1	blastp	Homology to Phytophthora capsici predicted protein KAG1685390.1
Pcub-MSU1_006_000418.1	eggnog	Calcineurin-like phosphoesterase
Pcub-MSU1_006_000315.1	eggnog	Sperm-tail PG-rich repeat
Pcub-MSU1_006_000417.1	unannotated	Hypothetical protein of unknown function
Pcub-MSU1_006_000316.1	blastp	Homology to Phytophthora cactorum predicted protein KAG4060938.1
Pcub-MSU1_006_000317.1	eggnog	N-glycan processing to lysosome
Pcub-MSU1_006_000416.1	interproscan	PTHR31245 domain-containing protein
Pcub-MSU1_006_000415.1	unannotated	Hypothetical protein of unknown function
Pcub-MSU1_006_000414.1	unannotated	Hypothetical protein of unknown function
Pcub-MSU1_006_000318.1	eggnog	BT1 family
Pcub-MSU1_006_000413.1	eggnog	1-phosphatidylinositol 4-kinase activity
Pcub-MSU1_006_000412.1	eggnog	chromosome segregation
Pcub-MSU1_006_000319.1	eggnog	aspartic endopeptidase activity, intramembrane cleaving
Pcub-MSU1_006_000411.1	unannotated	Hypothetical protein of unknown function
Pcub-MSU1_006_000410.1	unannotated	Hypothetical protein of unknown function
Pcub-MSU1_006_000409.1	eggnog	HMGL-like
Pcub-MSU1_006_000320.1	eggnog	domain-containing protein
Pcub-MSU1_006_000408.1	eggnog	ZIP Zinc transporter
Pcub-MSU1_006_000321.1	blastp	Homology to Phytophthora cinnamomi predicted protein KAJ8576080.1
Pcub-MSU1_006_000322.1	eggnog	Gamma-glutamyltranspeptidase
Pcub-MSU1_006_000323.1	eggnog	Zn_pept
Pcub-MSU1_006_000324.1	eggnog	Belongs to the ubiquitin-conjugating enzyme family
Pcub-MSU1_006_000325.1	eggnog	Prefoldin subunit
Pcub-MSU1_006_000326.1	unannotated	Hypothetical protein of unknown function
Pcub-MSU1_006_000327.1	eggnog	Protein tyrosine kinase
Pcub-MSU1_006_000407.1	eggnog	domain-containing protein
Pcub-MSU1_006_000328.1	eggnog	Peroxisomal biogenesis factor 11 (PEX11)
Pcub-MSU1_006_000406.1	eggnog	V-ATPase subunit H
Pcub-MSU1_006_000329.1	eggnog	Catalyzes the phosphorylation of pyrimidine nucleoside monophosphates at the expense of ATP
Pcub-MSU1_006_000330.1	eggnog	COG4 transport protein
Pcub-MSU1_006_000331.1	eggnog	Major Facilitator Superfamily
Pcub-MSU1_006_000332.1	eggnog	domain-containing protein
Pcub-MSU1_006_000405.1	eggnog	TAZ zinc finger
Pcub-MSU1_006_000333.1	eggnog	Stage II sporulation protein E (SpoIIE)
Pcub-MSU1_006_000404.1	eggnog	PPIases accelerate the folding of proteins
Pcub-MSU1_006_000403.1	eggnog	Prokaryotic RING finger family 4
Pcub-MSU1_006_000334.1	eggnog	CRM1 C terminal
Pcub-MSU1_006_000335.1	blastp	Homology to Phytophthora cactorum predicted protein KAG3025035.1
Pcub-MSU1_006_000402.1	eggnog	WD domain, G-beta repeat
Pcub-MSU1_006_000401.1	eggnog	domain-containing protein
Pcub-MSU1_006_000336.1	eggnog	WD domain, G-beta repeat
Pcub-MSU1_006_000400.1	blastp	Homology to Phytophthora cactorum predicted protein KAG2790736.1
Pcub-MSU1_006_000337.1	eggnog	assists the folding of proteins upon ATP hydrolysis
Pcub-MSU1_006_000399.1	eggnog	Phosphoglycerate mutase family
Pcub-MSU1_006_000398.1	blastp	Homology to Hyaloperonospora brassicae predicted protein CAI5730921.1
Pcub-MSU1_006_000338.1	eggnog	domain-containing protein
Pcub-MSU1_006_000397.1	blastp	Homology to Phytophthora fragariae predicted protein KAE9212228.1
Pcub-MSU1_006_000339.1	eggnog	regulatory subunit
Pcub-MSU1_006_000396.1	eggnog	PRELI-like family
Pcub-MSU1_006_000395.1	eggnog	CLASP N terminal
Pcub-MSU1_006_000340.1	eggnog	ELMO/CED-12 family
Pcub-MSU1_006_000341.1	eggnog	Zinc-finger double-stranded RNA-binding
Pcub-MSU1_006_000342.1	blastp	Homology to predicted protein KAH7500783.1
Pcub-MSU1_006_000394.1	eggnog	Protein tyrosine kinase
Pcub-MSU1_006_000343.1	eggnog	domain-containing protein
Pcub-MSU1_006_000393.1	eggnog	Cyclin
Pcub-MSU1_006_000344.1	eggnog	KRI1-like family
Pcub-MSU1_006_000345.1	eggnog	cAMP-dependent protein kinase regulator activity
Pcub-MSU1_006_000346.1	eggnog	cAMP-dependent protein kinase regulator activity
Pcub-MSU1_006_000392.1	eggnog	Domain present in phytochromes and cGMP-specific phosphodiesterases
Pcub-MSU1_006_000347.1	eggnog	domain-containing protein
Pcub-MSU1_006_000348.1	eggnog	Belongs to the mitochondrial carrier (TC 2.A.29) family
Pcub-MSU1_006_000391.1	eggnog	Inositol polyphosphate phosphatase, catalytic domain homologues
Pcub-MSU1_006_000390.1	eggnog	Belongs to the TRAFAC class myosin-kinesin ATPase superfamily
Pcub-MSU1_006_000389.1	eggnog	Belongs to the class-III pyridoxal-phosphate-dependent aminotransferase family
Pcub-MSU1_006_000388.1	interproscan	PTHR31142 domain-containing protein
Pcub-MSU1_006_000349.1	eggnog	DHHA2
Pcub-MSU1_006_000350.1	blastp	Homology to Phytophthora cactorum predicted protein KAG3019741.1
Pcub-MSU1_006_000351.1	eggnog	Leucine-rich repeat
Pcub-MSU1_006_000387.1	eggnog	Protein tyrosine kinase
Pcub-MSU1_006_000352.1	eggnog	Protein tyrosine kinase
Pcub-MSU1_006_000353.1	eggnog	Exportin 1-like protein
Pcub-MSU1_006_000386.1	eggnog	Domain present in phytochromes and cGMP-specific phosphodiesterases
Pcub-MSU1_006_000385.1	eggnog	CHORD
Pcub-MSU1_006_000354.1	interproscan	PTHR47242 domain-containing protein
Pcub-MSU1_006_000384.1	eggnog	Bacterial transferase hexapeptide (six repeats)
Pcub-MSU1_006_000355.1	eggnog	chromatin organization
Pcub-MSU1_006_000356.1	eggnog	Chaperonin 10 Kd subunit
Pcub-MSU1_006_000383.1	eggnog	Helicase associated domain (HA2) Add an annotation
Pcub-MSU1_006_000382.1	eggnog	domain-containing protein
Pcub-MSU1_006_000357.1	unannotated	Hypothetical protein of unknown function
Pcub-MSU1_006_000358.1	blastp	Homology to Peronospora belbahrii predicted protein CAH0481125.1
Pcub-MSU1_006_000359.1	eggnog	positive regulation of mitochondrial translation
Pcub-MSU1_006_000381.1	eggnog	tRNA methyltransferase complex GCD14 subunit
Pcub-MSU1_006_000380.1	blastp	Homology to Phytophthora palmivora predicted protein POM78986.1
Pcub-MSU1_006_000360.1	unannotated	Hypothetical protein of unknown function
Pcub-MSU1_006_000361.1	eggnog	Ankyrin repeats (many copies)
Pcub-MSU1_006_000362.1	eggnog	Ankyrin repeats (many copies)
Pcub-MSU1_006_000379.1	eggnog	protein tyrosine phosphatase activity
Pcub-MSU1_006_000363.1	eggnog	WD40 repeats
Pcub-MSU1_006_000378.1	eggnog	domain-containing protein
Pcub-MSU1_006_000364.1	eggnog	domain-containing protein
Pcub-MSU1_006_000377.1	eggnog	Major Facilitator Superfamily
Pcub-MSU1_006_000376.1	eggnog	COG4 transport protein
Pcub-MSU1_006_000365.1	eggnog	V-ATPase subunit H
Pcub-MSU1_006_000375.1	unannotated	Hypothetical protein of unknown function
Pcub-MSU1_006_000374.1	unannotated	Hypothetical protein of unknown function
Pcub-MSU1_006_000373.1	unannotated	Hypothetical protein of unknown function
Pcub-MSU1_006_000372.1	eggnog	Peroxisomal biogenesis factor 11 (PEX11)
Pcub-MSU1_006_000371.1	unannotated	Hypothetical protein of unknown function
Pcub-MSU1_006_000366.1	eggnog	domain-containing protein
Pcub-MSU1_006_000370.1	unannotated	Hypothetical protein of unknown function
Pcub-MSU1_006_000369.1	unannotated	Hypothetical protein of unknown function
Pcub-MSU1_006_000368.1	eggnog	Protein tyrosine kinase
Pcub-MSU1_006_000367.1	eggnog	Prefoldin subunit
Pcub-MSU1_007_000563.1	eggnog	Involved in the retrieval of endoplasmic reticulum membrane proteins from the early Golgi compartment
Pcub-MSU1_007_000562.1	blastp	Homology to Peronospora effusa predicted protein RQM09068.1
Pcub-MSU1_007_000001.1	eggnog	RNA recognition motif
Pcub-MSU1_007_000561.1	eggnog	Glycosyl hydrolase family 81
Pcub-MSU1_007_000002.1	eggnog	Glycosyl hydrolase family 10
Pcub-MSU1_007_000003.1	eggnog	ABC transporter
Pcub-MSU1_007_000004.1	eggnog	Glycosyl transferase family 4
Pcub-MSU1_007_000560.1	eggnog	domain-containing protein
Pcub-MSU1_007_000005.1	eggnog	domain-containing protein
Pcub-MSU1_007_000006.1	unannotated	Hypothetical protein of unknown function
Pcub-MSU1_007_000007.1	eggnog	ABC transporter
Pcub-MSU1_007_000008.1	eggnog	ABC transporter
Pcub-MSU1_007_000009.1	unannotated	Hypothetical protein of unknown function
Pcub-MSU1_007_000010.1	unannotated	Hypothetical protein of unknown function
Pcub-MSU1_007_000011.1	eggnog	Involved in the retrieval of endoplasmic reticulum membrane proteins from the early Golgi compartment
Pcub-MSU1_007_000559.1	unannotated	Hypothetical protein of unknown function
Pcub-MSU1_007_000558.1	eggnog	domain-containing protein
Pcub-MSU1_007_000557.1	eggnog	domain-containing protein
Pcub-MSU1_007_000556.1	unannotated	Hypothetical protein of unknown function
Pcub-MSU1_007_000555.1	eggnog	domain-containing protein
Pcub-MSU1_007_000554.1	eggnog	Annexin repeats
Pcub-MSU1_007_000012.1	eggnog	Dynamin family
Pcub-MSU1_007_000553.1	blastp	Homology to Peronospora effusa predicted protein RMX63124.1
Pcub-MSU1_007_000013.1	eggnog	Annexin repeats
Pcub-MSU1_007_000014.1	eggnog	Phosphotransferase enzyme family
Pcub-MSU1_007_000552.1	eggnog	DHHC palmitoyltransferase
Pcub-MSU1_007_000015.1	eggnog	Vitamin B6 photo-protection and homoeostasis
Pcub-MSU1_007_000016.1	eggnog	Ankyrin repeat
Pcub-MSU1_007_000551.1	eggnog	domain-containing protein
Pcub-MSU1_007_000017.1	interproscan	PTHR12943 domain-containing protein
Pcub-MSU1_007_000550.1	eggnog	Amino-terminal Zinc-binding domain of ubiquitin ligase E3A
Pcub-MSU1_007_000549.1	eggnog	domain-containing protein
Pcub-MSU1_007_000018.1	eggnog	Phosphoglycerate mutase family
Pcub-MSU1_007_000019.1	eggnog	Source PGD
Pcub-MSU1_007_000020.1	blastp	Homology to Phytophthora idaei predicted protein KAG3109077.1
Pcub-MSU1_007_000548.1	interproscan	G3DSA:1.25.10.10 domain-containing protein
Pcub-MSU1_007_000547.1	eggnog	MAP kinase kinase kinase activity (Stkld1)
Pcub-MSU1_007_000021.1	eggnog	Heat shock chaperonin-binding motif
Pcub-MSU1_007_000022.1	eggnog	Heat shock chaperonin-binding motif
Pcub-MSU1_007_000023.1	blastp	Homology to Phytophthora pseudosyringae predicted protein KAG7379857.1
Pcub-MSU1_007_000024.1	blastp	Homology to Phytophthora idaei predicted protein KAG3158472.1
Pcub-MSU1_007_000025.1	eggnog	Tub family
Pcub-MSU1_007_000026.1	blastp	Homology to Peronospora farinosa predicted protein CAH0489165.1
Pcub-MSU1_007_000027.1	interproscan	PTHR47236 domain-containing protein
Pcub-MSU1_007_000546.1	eggnog	Cellulose synthase
Pcub-MSU1_007_000028.1	blastp	Homology to Phytophthora palmivora predicted protein POM60557.1
Pcub-MSU1_007_000545.1	eggnog	Ankyrin repeats (many copies)
Pcub-MSU1_007_000544.1	eggnog	Choline/ethanolamine kinase
Pcub-MSU1_007_000543.1	blastp	Homology to Phytophthora aleatoria predicted protein KAG6945288.1
Pcub-MSU1_007_000542.1	interproscan	PTHR31973 domain-containing protein
Pcub-MSU1_007_000541.1	blastp	Homology to Phytophthora aleatoria predicted protein KAG6945288.1
Pcub-MSU1_007_000540.1	eggnog	Elongation factor Tu domain 2
Pcub-MSU1_007_000539.1	eggnog	domain-containing protein
Pcub-MSU1_007_000029.1	eggnog	domain-containing protein
Pcub-MSU1_007_000030.1	blastp	Homology to Peronospora destructor predicted protein CAI5745570.1
Pcub-MSU1_007_000031.1	eggnog	Dynein light chain type 1
Pcub-MSU1_007_000538.1	eggnog	domain-containing protein
Pcub-MSU1_007_000032.1	blastp	Homology to Phytophthora megakarya predicted protein OWZ20583.1
Pcub-MSU1_007_000537.1	eggnog	domain-containing protein
Pcub-MSU1_007_000033.1	blastp	Homology to Plasmopara viticola predicted protein QUJ09343.1
Pcub-MSU1_007_000536.1	eggnog	domain-containing protein
Pcub-MSU1_007_000535.1	eggnog	Ubiquinone biosynthesis protein COQ7
Pcub-MSU1_007_000034.1	eggnog	intra-Golgi vesicle-mediated transport
Pcub-MSU1_007_000035.1	eggnog	Cellulase (glycosyl hydrolase family 5)
Pcub-MSU1_007_000036.1	eggnog	Conserved gene of
Pcub-MSU1_007_000037.1	eggnog	Cellulase (glycosyl hydrolase family 5)
Pcub-MSU1_007_000038.1	eggnog	2-oxoglutarate dehydrogenase N-terminus
Pcub-MSU1_007_000039.1	eggnog	Transglutaminase elicitor
Pcub-MSU1_007_000040.1	unannotated	Hypothetical protein of unknown function
Pcub-MSU1_007_000041.1	eggnog	Transglutaminase elicitor
Pcub-MSU1_007_000534.1	eggnog	Transglutaminase elicitor
Pcub-MSU1_007_000042.1	unannotated	Hypothetical protein of unknown function
Pcub-MSU1_007_000533.1	eggnog	Transglutaminase elicitor
Pcub-MSU1_007_000532.1	unannotated	Hypothetical protein of unknown function
Pcub-MSU1_007_000531.1	eggnog	Transglutaminase elicitor
Pcub-MSU1_007_000043.1	eggnog	Transglutaminase elicitor
Pcub-MSU1_007_000044.1	eggnog	Transglutaminase elicitor
Pcub-MSU1_007_000045.1	unannotated	Hypothetical protein of unknown function
Pcub-MSU1_007_000530.1	blastp	Homology to Phytophthora nicotianae predicted protein ETL84038.1
Pcub-MSU1_007_000046.1	eggnog	domain-containing protein
Pcub-MSU1_007_000529.1	blastp	Homology to Phytophthora infestans predicted protein XP_002898952.1
Pcub-MSU1_007_000528.1	eggnog	Crinkler (CRN) family protein
Pcub-MSU1_007_000527.1	eggnog	domain-containing protein
Pcub-MSU1_007_000526.1	eggnog	Cation efflux family
Pcub-MSU1_007_000525.1	eggnog	Myosin. Large ATPases
Pcub-MSU1_007_000047.1	eggnog	domain-containing protein
Pcub-MSU1_007_000048.1	blastp	Homology to Phytophthora ramorum predicted protein KAH7489026.1
Pcub-MSU1_007_000524.1	eggnog	Carbon-nitrogen hydrolase
Pcub-MSU1_007_000049.1	eggnog	domain-containing protein
Pcub-MSU1_007_000050.1	eggnog	domain-containing protein
Pcub-MSU1_007_000051.1	eggnog	domain-containing protein
Pcub-MSU1_007_000523.1	blastp	Homology to Phytophthora aleatoria predicted protein KAG6955863.1
Pcub-MSU1_007_000522.1	eggnog	GTPase activity (GPN1)
Pcub-MSU1_007_000521.1	eggnog	Protein tyrosine kinase
Pcub-MSU1_007_000520.1	eggnog	Protein tyrosine kinase
Pcub-MSU1_007_000519.1	blastp	Homology to Phytophthora fragariae predicted protein KAE8895690.1
Pcub-MSU1_007_000518.1	eggnog	Belongs to the histidine acid phosphatase family
Pcub-MSU1_007_000052.1	interproscan	G3DSA:1.25.40.10 domain-containing protein
Pcub-MSU1_007_000517.1	eggnog	Protein tyrosine kinase
Pcub-MSU1_007_000516.1	eggnog	Protein tyrosine kinase
Pcub-MSU1_007_000515.1	eggnog	domain-containing protein
Pcub-MSU1_007_000053.1	eggnog	OST3 / OST6 family, transporter family
Pcub-MSU1_007_000054.1	eggnog	OST3 / OST6 family, transporter family
Pcub-MSU1_007_000055.1	eggnog	Crinkler (CRN) family protein
Pcub-MSU1_007_000514.1	eggnog	Crinkler (CRN) family protein
Pcub-MSU1_007_000056.1	eggnog	domain-containing protein
Pcub-MSU1_007_000513.1	eggnog	Rubisco LSMT substrate-binding
Pcub-MSU1_007_000057.1	blastp	Homology to Phytophthora pseudosyringae predicted protein KAG7378093.1
Pcub-MSU1_007_000512.1	eggnog	Transcriptional regulator
Pcub-MSU1_007_000058.1	eggnog	Sperm-tail PG-rich repeat
Pcub-MSU1_007_000511.1	eggnog	domain-containing protein
Pcub-MSU1_007_000059.1	interproscan	SSF47954 domain-containing protein
Pcub-MSU1_007_000060.1	eggnog	domain-containing protein
Pcub-MSU1_007_000510.1	eggnog	Protein of unknown function (DUF1336)
Pcub-MSU1_007_000061.1	eggnog	Protein tyrosine kinase
Pcub-MSU1_007_000509.1	interproscan	G3DSA:1.25.40.10 domain-containing protein
Pcub-MSU1_007_000062.1	interproscan	PTHR13367 domain-containing protein
Pcub-MSU1_007_000063.1	interproscan	PTHR13367 domain-containing protein
Pcub-MSU1_007_000064.1	interproscan	PTHR13367 domain-containing protein
Pcub-MSU1_007_000508.1	interproscan	PTHR13367 domain-containing protein
Pcub-MSU1_007_000507.1	interproscan	PTHR13367 domain-containing protein
Pcub-MSU1_007_000065.1	eggnog	peptidyl-aspartic acid autophosphorylation
Pcub-MSU1_007_000506.1	eggnog	peptidyl-aspartic acid autophosphorylation
Pcub-MSU1_007_000505.1	eggnog	peptidyl-aspartic acid autophosphorylation
Pcub-MSU1_007_000066.1	eggnog	peptidyl-aspartic acid autophosphorylation
Pcub-MSU1_007_000067.1	eggnog	Associates with the EF-Tu.GDP complex and induces the exchange of GDP to GTP
Pcub-MSU1_007_000504.1	eggnog	domain-containing protein
Pcub-MSU1_007_000068.1	eggnog	Functions as actin-binding component of the Arp2 3 complex which is involved in regulation of actin polymerization and together with an activating nucleation-promoting factor (NPF) mediates the formation of branched actin networks
Pcub-MSU1_007_000503.1	eggnog	domain-containing protein
Pcub-MSU1_007_000069.1	eggnog	diguanylate cyclase activity
Pcub-MSU1_007_000502.1	blastp	Homology to Phytophthora cinnamomi predicted protein KAG6620760.1
Pcub-MSU1_007_000501.1	eggnog	domain-containing protein
Pcub-MSU1_007_000070.1	eggnog	Ubiquitin carboxyl-terminal hydrolase, family 1
Pcub-MSU1_007_000500.1	eggnog	Extension to Ser/Thr-type protein kinases
Pcub-MSU1_007_000499.1	blastp	Homology to Peronospora effusa predicted protein UIZ28985.1
Pcub-MSU1_007_000071.1	eggnog	Endonuclease/Exonuclease/phosphatase family
Pcub-MSU1_007_000498.1	eggnog	domain-containing protein
Pcub-MSU1_007_000497.1	eggnog	domain-containing protein
Pcub-MSU1_007_000072.1	eggnog	histone-lysine N-methyltransferase activity
Pcub-MSU1_007_000496.1	eggnog	Arginine methyltransferase involved in the assembly or stability of mitochondrial NADH ubiquinone oxidoreductase complex (complex I)
Pcub-MSU1_007_000073.1	eggnog	Sec1 family
Pcub-MSU1_007_000074.1	eggnog	ROK family
Pcub-MSU1_007_000075.1	eggnog	Thioredoxin-like
Pcub-MSU1_007_000495.1	eggnog	ATPase activity
Pcub-MSU1_007_000494.1	eggnog	ATPase activity
Pcub-MSU1_007_000076.1	eggnog	Annexin repeats
Pcub-MSU1_007_000493.1	unannotated	Hypothetical protein of unknown function
Pcub-MSU1_007_000077.1	eggnog	Trehalose-phosphatase
Pcub-MSU1_007_000492.1	eggnog	Regulatory subunit of the condensin complex, a complex required for conversion of interphase chromatin into mitotic-like condense chromosomes
Pcub-MSU1_007_000078.1	unannotated	Hypothetical protein of unknown function
Pcub-MSU1_007_000079.1	unannotated	Hypothetical protein of unknown function
Pcub-MSU1_007_000080.1	unannotated	Hypothetical protein of unknown function
Pcub-MSU1_007_000491.1	eggnog	ERCC3/RAD25/XPB C-terminal helicase
Pcub-MSU1_007_000081.1	eggnog	ERCC3/RAD25/XPB C-terminal helicase
Pcub-MSU1_007_000082.1	eggnog	ERCC3/RAD25/XPB C-terminal helicase
Pcub-MSU1_007_000490.1	eggnog	ERCC3/RAD25/XPB C-terminal helicase
Pcub-MSU1_007_000083.1	eggnog	ERCC3/RAD25/XPB C-terminal helicase
Pcub-MSU1_007_000489.1	eggnog	ERCC3/RAD25/XPB C-terminal helicase
Pcub-MSU1_007_000084.1	eggnog	ERCC3/RAD25/XPB C-terminal helicase
Pcub-MSU1_007_000488.1	eggnog	ERCC3/RAD25/XPB C-terminal helicase
Pcub-MSU1_007_000085.1	eggnog	ERCC3/RAD25/XPB C-terminal helicase
Pcub-MSU1_007_000487.1	eggnog	ERCC3/RAD25/XPB C-terminal helicase
Pcub-MSU1_007_000086.1	eggnog	ERCC3/RAD25/XPB C-terminal helicase
Pcub-MSU1_007_000486.1	eggnog	ERCC3/RAD25/XPB C-terminal helicase
Pcub-MSU1_007_000087.1	eggnog	ERCC3/RAD25/XPB C-terminal helicase
Pcub-MSU1_007_000485.1	eggnog	ERCC3/RAD25/XPB C-terminal helicase
Pcub-MSU1_007_000088.1	eggnog	ERCC3/RAD25/XPB C-terminal helicase
Pcub-MSU1_007_000484.1	eggnog	ERCC3/RAD25/XPB C-terminal helicase
Pcub-MSU1_007_000089.1	eggnog	ERCC3/RAD25/XPB C-terminal helicase
Pcub-MSU1_007_000483.1	eggnog	ERCC3/RAD25/XPB C-terminal helicase
Pcub-MSU1_007_000090.1	eggnog	ERCC3/RAD25/XPB C-terminal helicase
Pcub-MSU1_007_000482.1	eggnog	ERCC3/RAD25/XPB C-terminal helicase
Pcub-MSU1_007_000091.1	eggnog	ERCC3/RAD25/XPB C-terminal helicase
Pcub-MSU1_007_000092.1	eggnog	ERCC3/RAD25/XPB C-terminal helicase
Pcub-MSU1_007_000481.1	blastp	Homology to Phytophthora lilii predicted protein GMF27326.1
Pcub-MSU1_007_000093.1	eggnog	ERCC3/RAD25/XPB C-terminal helicase
Pcub-MSU1_007_000094.1	blastp	Homology to Phytophthora citrophthora predicted protein KAK1946397.1
Pcub-MSU1_007_000480.1	blastp	Homology to Phytophthora cactorum predicted protein KAG2759941.1
Pcub-MSU1_007_000479.1	eggnog	Leucine Rich repeat
Pcub-MSU1_007_000095.1	eggnog	rRNA methyltransferase
Pcub-MSU1_007_000478.1	eggnog	Microtubule-binding protein MIP-T3
Pcub-MSU1_007_000096.1	blastp	Homology to Peronospora belbahrii predicted protein CAH0521410.1
Pcub-MSU1_007_000097.1	eggnog	Regulator of Vps4 activity in the MVB pathway
Pcub-MSU1_007_000098.1	interproscan	PTHR34396 domain-containing protein
Pcub-MSU1_007_000477.1	eggnog	Fumarylacetoacetase N-terminal
Pcub-MSU1_007_000099.1	unannotated	Hypothetical protein of unknown function
Pcub-MSU1_007_000100.1	blastp	Homology to Phytophthora capsici predicted protein KAG1710377.1
Pcub-MSU1_007_000101.1	blastp	Homology to Peronospora effusa predicted protein RMX65366.1
Pcub-MSU1_007_000476.1	blastp	Homology to Phytophthora palmivora predicted protein POM61310.1
Pcub-MSU1_007_000475.1	eggnog	Prokaryotic RING finger family 4
Pcub-MSU1_007_000102.1	eggnog	Uncharacterized protein family UPF0004
Pcub-MSU1_007_000474.1	eggnog	Prefoldin subunit
Pcub-MSU1_007_000473.1	interproscan	G3DSA:1.10.260.100 domain-containing protein
Pcub-MSU1_007_000103.1	eggnog	Ketopantoate hydroxymethyltransferase (PANB)
Pcub-MSU1_007_000472.1	blastp	Homology to Phytophthora nicotianae predicted protein ETM00906.1
Pcub-MSU1_007_000471.1	eggnog	Protein C10
Pcub-MSU1_007_000470.1	blastp	Homology to Phytophthora idaei predicted protein KAG3108486.1
Pcub-MSU1_007_000104.1	eggnog	Mitochondrial ribosomal protein L37
Pcub-MSU1_007_000469.1	eggnog	snRNP Sm proteins
Pcub-MSU1_007_000105.1	eggnog	N2227
Pcub-MSU1_007_000106.1	eggnog	domain-containing protein
Pcub-MSU1_007_000468.1	eggnog	domain-containing protein
Pcub-MSU1_007_000107.1	eggnog	Short calmodulin-binding motif containing conserved Ile and Gln residues
Pcub-MSU1_007_000467.1	eggnog	domain-containing protein
Pcub-MSU1_007_000108.1	eggnog	Surfeit locus protein 2 (SURF2)
Pcub-MSU1_007_000109.1	eggnog	Activator of Hsp90 ATPase, N-terminal
Pcub-MSU1_007_000110.1	eggnog	domain-containing protein
Pcub-MSU1_007_000111.1	eggnog	RNA recognition motif
Pcub-MSU1_007_000466.1	eggnog	Fatty acid desaturase
Pcub-MSU1_007_000112.1	eggnog	Ribosomal protein L36e
Pcub-MSU1_007_000113.1	eggnog	3'5'-cyclic nucleotide phosphodiesterase
Pcub-MSU1_007_000114.1	eggnog	3'5'-cyclic nucleotide phosphodiesterase
Pcub-MSU1_007_000465.1	interproscan	PTHR36068 domain-containing protein
Pcub-MSU1_007_000464.1	interproscan	PH-GRAM_WBP2 (cd13214)
Pcub-MSU1_007_000115.1	eggnog	domain-containing protein
Pcub-MSU1_007_000463.1	eggnog	domain-containing protein
Pcub-MSU1_007_000462.1	eggnog	domain-containing protein
Pcub-MSU1_007_000116.1	eggnog	HOOK protein
Pcub-MSU1_007_000461.1	eggnog	Armadillo-like
Pcub-MSU1_007_000460.1	eggnog	Cgr1 family
Pcub-MSU1_007_000459.1	eggnog	domain-containing protein
Pcub-MSU1_007_000458.1	eggnog	GMP-PDE, delta subunit
Pcub-MSU1_007_000117.1	blastp	Homology to Phytophthora pseudosyringae predicted protein KAG7380906.1
Pcub-MSU1_007_000457.1	eggnog	Mitochondrial carrier protein
Pcub-MSU1_007_000456.1	eggnog	Mitochondrial GTPase that catalyzes the GTP-dependent ribosomal translocation step during translation elongation
Pcub-MSU1_007_000455.1	eggnog	domain-containing protein
Pcub-MSU1_007_000454.1	eggnog	Translocation protein SEC63
Pcub-MSU1_007_000118.1	eggnog	Ankyrin repeats (3 copies)
Pcub-MSU1_007_000119.1	blastp	Homology to Phytophthora idaei predicted protein KAG3240576.1
Pcub-MSU1_007_000120.1	eggnog	Phosphatidylethanolamine-binding protein
Pcub-MSU1_007_000453.1	blastp	Homology to Phytophthora pseudosyringae predicted protein KAG7380896.1
Pcub-MSU1_007_000121.1	blastp	Homology to Phytophthora cinnamomi predicted protein KAG6622138.1
Pcub-MSU1_007_000122.1	blastp	Homology to Phytophthora citrophthora predicted protein KAK1946482.1
Pcub-MSU1_007_000452.1	eggnog	Ankyrin repeat
Pcub-MSU1_007_000123.1	eggnog	RNA pseudouridylate synthase
Pcub-MSU1_007_000451.1	eggnog	Kinase-like
Pcub-MSU1_007_000124.1	blastp	Homology to Phytophthora cactorum predicted protein KAG2787582.1
Pcub-MSU1_007_000450.1	eggnog	Ion channel
Pcub-MSU1_007_000449.1	blastp	Homology to Phytophthora cactorum predicted protein KAG2787582.1
Pcub-MSU1_007_000125.1	blastp	Homology to Phytophthora rubi predicted protein KAE9024329.1
Pcub-MSU1_007_000448.1	blastp	Homology to Phytophthora cinnamomi predicted protein KAG6622252.1
Pcub-MSU1_007_000447.1	blastp	Homology to Peronospora farinosa predicted protein CAH0489222.1
Pcub-MSU1_007_000126.1	eggnog	Voltage gated chloride channel
Pcub-MSU1_007_000127.1	blastp	Homology to Phytophthora citrophthora predicted protein KAK1946490.1
Pcub-MSU1_007_000128.1	eggnog	domain-containing protein
Pcub-MSU1_007_000446.1	eggnog	Tetratricopeptide repeat
Pcub-MSU1_007_000129.1	eggnog	myo-inositol hexakisphosphate metabolic process
Pcub-MSU1_007_000130.1	eggnog	AMP-binding enzyme
Pcub-MSU1_007_000131.1	blastp	Homology to Phytophthora nicotianae predicted protein ETL25113.1
Pcub-MSU1_007_000445.1	eggnog	domain-containing protein
Pcub-MSU1_007_000444.1	eggnog	Domain present in PSD-95, Dlg, and ZO-1/2
Pcub-MSU1_007_000132.1	blastp	Homology to Phytophthora aleatoria predicted protein KAG6965767.1
Pcub-MSU1_007_000443.1	eggnog	Protein phosphatase 2C
Pcub-MSU1_007_000442.1	eggnog	Protein of unknown function (DUF2034)
Pcub-MSU1_007_000133.1	blastp	Homology to Peronospora destructor predicted protein CAI5724410.1
Pcub-MSU1_007_000134.1	eggnog	Tubulin-tyrosine ligase family
Pcub-MSU1_007_000441.1	eggnog	Protein of unknown function (DUF812)
Pcub-MSU1_007_000135.1	eggnog	domain-containing protein
Pcub-MSU1_007_000136.1	eggnog	Tubulin-tyrosine ligase family
Pcub-MSU1_007_000137.1	eggnog	Protein of unknown function (DUF812)
Pcub-MSU1_007_000440.1	eggnog	Voltage gated chloride channel
Pcub-MSU1_007_000439.1	interproscan	G3DSA:3.80.10.10 domain-containing protein
Pcub-MSU1_007_000438.1	eggnog	NDK
Pcub-MSU1_007_000138.1	eggnog	Huntingtin-interacting protein
Pcub-MSU1_007_000437.1	eggnog	domain-containing protein
Pcub-MSU1_007_000139.1	eggnog	Ion transport protein
Pcub-MSU1_007_000436.1	eggnog	RNA recognition motif
Pcub-MSU1_007_000435.1	eggnog	Aldolase/RraA
Pcub-MSU1_007_000140.1	eggnog	Leishmanolysin-like peptidase. Source PGD
Pcub-MSU1_007_000434.1	eggnog	L-threonine 3-dehydrogenase activity
Pcub-MSU1_007_000141.1	eggnog	Aldolase/RraA
Pcub-MSU1_007_000433.1	eggnog	domain-containing protein
Pcub-MSU1_007_000142.1	interproscan	G3DSA:3.80.10.10 domain-containing protein
Pcub-MSU1_007_000143.1	interproscan	G3DSA:2.30.29.30 domain-containing protein
Pcub-MSU1_007_000432.1	eggnog	Ankyrin repeats (many copies)
Pcub-MSU1_007_000144.1	eggnog	Sulfate permease family
Pcub-MSU1_007_000431.1	eggnog	The RING-variant domain is a C4HC3 zinc-finger like motif found in a number of cellular and viral proteins
Pcub-MSU1_007_000430.1	eggnog	Catalyzes the formation of 6,7-dimethyl-8- ribityllumazine by condensation of 5-amino-6-(D- ribitylamino)uracil with 3,4-dihydroxy-2-butanone 4-phosphate
Pcub-MSU1_007_000145.1	eggnog	diffuse panbronchiolitis critical region
Pcub-MSU1_007_000429.1	blastp	Homology to Peronospora belbahrii predicted protein CAH0482742.1
Pcub-MSU1_007_000146.1	eggnog	domain-containing protein
Pcub-MSU1_007_000428.1	eggnog	Ketopantoate reductase PanE/ApbA C terminal
Pcub-MSU1_007_000147.1	eggnog	Glutamate/Leucine/Phenylalanine/Valine dehydrogenase
Pcub-MSU1_007_000148.1	eggnog	Calpain family cysteine protease
Pcub-MSU1_007_000427.1	eggnog	domain-containing protein
Pcub-MSU1_007_000149.1	eggnog	domain-containing protein
Pcub-MSU1_007_000426.1	eggnog	Calpain family cysteine protease
Pcub-MSU1_007_000425.1	eggnog	Glutamate/Leucine/Phenylalanine/Valine dehydrogenase
Pcub-MSU1_007_000150.1	eggnog	Ketopantoate reductase PanE/ApbA C terminal
Pcub-MSU1_007_000424.1	eggnog	domain-containing protein
Pcub-MSU1_007_000151.1	unannotated	Hypothetical protein of unknown function
Pcub-MSU1_007_000152.1	eggnog	ZIP Zinc transporter
Pcub-MSU1_007_000423.1	eggnog	AFG1-like ATPase
Pcub-MSU1_007_000422.1	blastp	Homology to Phytophthora cinnamomi predicted protein KAG6622243.1
Pcub-MSU1_007_000153.1	eggnog	tRNA methyl transferase
Pcub-MSU1_007_000154.1	unannotated	Hypothetical protein of unknown function
Pcub-MSU1_007_000421.1	eggnog	Sugar efflux transporter for intercellular exchange
Pcub-MSU1_007_000155.1	eggnog	WD domain, G-beta repeat
Pcub-MSU1_007_000420.1	eggnog	Vacuolar 14 Fab1-binding region
Pcub-MSU1_007_000156.1	eggnog	ribonuclease III activity
Pcub-MSU1_007_000419.1	blastp	Homology to Phytophthora ramorum predicted protein KAH7468587.1
Pcub-MSU1_007_000418.1	blastp	Homology to Phytophthora fragariae predicted protein KAE8884843.1
Pcub-MSU1_007_000417.1	eggnog	Belongs to the TRAFAC class dynamin-like GTPase superfamily
Pcub-MSU1_007_000157.1	eggnog	FKBP-type peptidyl-prolyl cis-trans isomerase
Pcub-MSU1_007_000158.1	eggnog	domain-containing protein
Pcub-MSU1_007_000416.1	eggnog	domain-containing protein
Pcub-MSU1_007_000159.1	eggnog	domain-containing protein
Pcub-MSU1_007_000415.1	eggnog	domain-containing protein
Pcub-MSU1_007_000414.1	eggnog	FKBP-type peptidyl-prolyl cis-trans isomerase
Pcub-MSU1_007_000413.1	eggnog	FKBP-type peptidyl-prolyl cis-trans isomerase
Pcub-MSU1_007_000160.1	eggnog	domain-containing protein
Pcub-MSU1_007_000161.1	eggnog	Protein phosphatase inhibitor 2 (IPP-2)
Pcub-MSU1_007_000412.1	eggnog	Sperm-tail PG-rich repeat
Pcub-MSU1_007_000162.1	eggnog	VIT family
Pcub-MSU1_007_000163.1	eggnog	BT1 family
Pcub-MSU1_007_000164.1	unannotated	Hypothetical protein of unknown function
Pcub-MSU1_007_000411.1	eggnog	BT1 family
Pcub-MSU1_007_000165.1	eggnog	BT1 family
Pcub-MSU1_007_000410.1	eggnog	BT1 family
Pcub-MSU1_007_000409.1	blastp	Homology to Phytophthora infestans predicted protein XP_002906649.1
Pcub-MSU1_007_000408.1	eggnog	BT1 family
Pcub-MSU1_007_000407.1	eggnog	BT1 family
Pcub-MSU1_007_000166.1	eggnog	Signal recognition particle receptor beta subunit
Pcub-MSU1_007_000406.1	eggnog	Succinyl-CoA synthetase functions in the citric acid cycle (TCA), coupling the hydrolysis of succinyl-CoA to the synthesis of ATP and thus represents the only step of substrate- level phosphorylation in the TCA
Pcub-MSU1_007_000167.1	interproscan	SSF56112 domain-containing protein
Pcub-MSU1_007_000168.1	eggnog	Belongs to the CTL (choline transporter-like) family
Pcub-MSU1_007_000405.1	eggnog	Type III restriction enzyme, res subunit
Pcub-MSU1_007_000169.1	eggnog	Protein tyrosine kinase
Pcub-MSU1_007_000404.1	eggnog	Protein tyrosine kinase
Pcub-MSU1_007_000403.1	blastp	Homology to Phytophthora ramorum predicted protein KAH7468640.1
Pcub-MSU1_007_000170.1	blastp	Homology to Phytophthora nicotianae predicted protein XP_008898394.1
Pcub-MSU1_007_000402.1	blastp	Homology to Peronospora effusa predicted protein RMX66737.1
Pcub-MSU1_007_000401.1	blastp	Homology to Phytophthora nicotianae predicted protein XP_008898394.1
Pcub-MSU1_007_000400.1	blastp	Homology to Phytophthora ramorum predicted protein KAH7468640.1
Pcub-MSU1_007_000171.1	eggnog	Protein tyrosine kinase
Pcub-MSU1_007_000172.1	eggnog	Protein tyrosine kinase
Pcub-MSU1_007_000399.1	eggnog	Protein tyrosine kinase
Pcub-MSU1_007_000398.1	eggnog	RNA ligase
Pcub-MSU1_007_000397.1	blastp	Homology to Phytophthora cactorum predicted protein KAG2760362.1
Pcub-MSU1_007_000173.1	eggnog	microtubule motor activity
Pcub-MSU1_007_000396.1	blastp	Homology to Peronospora destructor predicted protein CAI5709196.1
Pcub-MSU1_007_000174.1	eggnog	FYVE zinc finger
Pcub-MSU1_007_000175.1	blastp	Homology to Phytophthora nicotianae predicted protein ETL78610.1
Pcub-MSU1_007_000176.1	eggnog	AMP-binding enzyme
Pcub-MSU1_007_000395.1	blastp	Homology to Phytophthora pseudosyringae predicted protein KAG7382557.1
Pcub-MSU1_007_000394.1	interproscan	PTHR13510 domain-containing protein
Pcub-MSU1_007_000393.1	eggnog	Metal dependent phosphohydrolases with conserved 'HD' motif
Pcub-MSU1_007_000177.1	eggnog	RNA recognition motif
Pcub-MSU1_007_000392.1	interproscan	PTHR13510 domain-containing protein
Pcub-MSU1_007_000391.1	blastp	Homology to Phytophthora megakarya predicted protein OWZ19000.1
Pcub-MSU1_007_000178.1	eggnog	Regulator of chromosome condensation (RCC1) repeat
Pcub-MSU1_007_000179.1	eggnog	domain-containing protein
Pcub-MSU1_007_000180.1	eggnog	N terminus of Rad21 / Rec8 like protein
Pcub-MSU1_007_000181.1	eggnog	EF-hand, calcium binding motif
Pcub-MSU1_007_000390.1	eggnog	GTP cyclohydrolase I
Pcub-MSU1_007_000182.1	eggnog	domain-containing protein
Pcub-MSU1_007_000389.1	unannotated	Hypothetical protein of unknown function
Pcub-MSU1_007_000183.1	blastp	Homology to Phytophthora lilii predicted protein GMF34042.1
Pcub-MSU1_007_000388.1	eggnog	domain-containing protein
Pcub-MSU1_007_000387.1	eggnog	Protein tyrosine kinase
Pcub-MSU1_007_000386.1	eggnog	domain-containing protein
Pcub-MSU1_007_000385.1	eggnog	Mitochondrial carrier protein
Pcub-MSU1_007_000184.1	eggnog	Protein tyrosine kinase
Pcub-MSU1_007_000384.1	interproscan	PTHR13322 domain-containing protein
Pcub-MSU1_007_000185.1	eggnog	Protein present in Fab1, YOTB, Vac1, and EEA1
Pcub-MSU1_007_000186.1	eggnog	N-terminal region of Chorein or VPS13
Pcub-MSU1_007_000383.1	eggnog	COPI associated protein
Pcub-MSU1_007_000382.1	eggnog	Extension to Ser/Thr-type protein kinases
Pcub-MSU1_007_000187.1	eggnog	Middle or third domain of peptidase_M16
Pcub-MSU1_007_000188.1	eggnog	Protein of unknown function (DUF1336)
Pcub-MSU1_007_000189.1	blastp	Homology to Phytophthora cactorum predicted protein KAG2787608.1
Pcub-MSU1_007_000190.1	eggnog	Required for maturation of ribosomal RNAs and formation of the large ribosomal subunit
Pcub-MSU1_007_000381.1	eggnog	domain-containing protein
Pcub-MSU1_007_000191.1	eggnog	Cellulase (glycosyl hydrolase family 5)
Pcub-MSU1_007_000192.1	blastp	Homology to Phytophthora nicotianae predicted protein ETI56405.1
Pcub-MSU1_007_000380.1	blastp	Homology to Phytophthora sojae predicted protein XP_009533363.1
Pcub-MSU1_007_000379.1	blastp	Homology to Peronospora effusa predicted protein RQM15203.1
Pcub-MSU1_007_000378.1	eggnog	domain-containing protein
Pcub-MSU1_007_000377.1	interproscan	PTHR43362 domain-containing protein
Pcub-MSU1_007_000193.1	eggnog	6,7-dimethyl-8-ribityllumazine synthase
Pcub-MSU1_007_000376.1	eggnog	Ribosomal protein L11/L12
Pcub-MSU1_007_000194.1	interproscan	SSF51556 domain-containing protein
Pcub-MSU1_007_000375.1	eggnog	ubiE/COQ5 methyltransferase family
Pcub-MSU1_007_000195.1	blastp	Homology to Peronospora farinosa predicted protein CAH0485693.1
Pcub-MSU1_007_000196.1	eggnog	domain-containing protein
Pcub-MSU1_007_000197.1	blastp	Homology to Peronospora effusa predicted protein RQM15203.1
Pcub-MSU1_007_000198.1	eggnog	The ARF-like 2 binding protein BART
Pcub-MSU1_007_000374.1	eggnog	Lipopolysaccharide kinase (Kdo/WaaP) family
Pcub-MSU1_007_000373.1	eggnog	NADH ubiquinone oxidoreductase, 20 Kd subunit
Pcub-MSU1_007_000199.1	eggnog	Zinc knuckle
Pcub-MSU1_007_000200.1	eggnog	NADH ubiquinone oxidoreductase, 20 Kd subunit
Pcub-MSU1_007_000372.1	eggnog	Belongs to the major facilitator superfamily
Pcub-MSU1_007_000371.1	unannotated	Hypothetical protein of unknown function
Pcub-MSU1_007_000201.1	eggnog	Belongs to the major facilitator superfamily
Pcub-MSU1_007_000202.1	unannotated	Hypothetical protein of unknown function
Pcub-MSU1_007_000370.1	eggnog	domain-containing protein
Pcub-MSU1_007_000369.1	interproscan	PTHR13510 domain-containing protein
Pcub-MSU1_007_000203.1	eggnog	DNA double-strand break processing involved in repair via single-strand annealing (RBBP8)
Pcub-MSU1_007_000204.1	eggnog	Domain of unknown function (DUF4558)
Pcub-MSU1_007_000368.1	eggnog	Phosphatidylinositol transfer protein
Pcub-MSU1_007_000205.1	eggnog	High-temperature-induced dauer-formation protein
Pcub-MSU1_007_000367.1	eggnog	Inositol polyphosphate phosphatase, catalytic domain homologues
Pcub-MSU1_007_000206.1	eggnog	Vps5 C terminal like
Pcub-MSU1_007_000366.1	eggnog	Papain family cysteine protease
Pcub-MSU1_007_000365.1	blastp	Homology to Peronospora effusa predicted protein RMX63571.1
Pcub-MSU1_007_000364.1	eggnog	domain-containing protein
Pcub-MSU1_007_000363.1	eggnog	domain-containing protein
Pcub-MSU1_007_000362.1	eggnog	Component of the post-replicative DNA mismatch repair system (MMR) (MSH3)
Pcub-MSU1_007_000361.1	eggnog	Component of the post-replicative DNA mismatch repair system (MMR)
Pcub-MSU1_007_000207.1	interproscan	PTHR34649 domain-containing protein
Pcub-MSU1_007_000208.1	eggnog	Na+/Pi-cotransporter
Pcub-MSU1_007_000360.1	eggnog	tRNA processing
Pcub-MSU1_007_000209.1	eggnog	WD40 repeats
Pcub-MSU1_007_000210.1	interproscan	PTHR31954 domain-containing protein
Pcub-MSU1_007_000359.1	eggnog	Ribosomal protein S12/S23
Pcub-MSU1_007_000211.1	eggnog	domain-containing protein
Pcub-MSU1_007_000212.1	unannotated	Hypothetical protein of unknown function
Pcub-MSU1_007_000358.1	unannotated	Hypothetical protein of unknown function
Pcub-MSU1_007_000213.1	eggnog	domain-containing protein
Pcub-MSU1_007_000214.1	eggnog	cell redox homeostasis
Pcub-MSU1_007_000357.1	unannotated	Hypothetical protein of unknown function
Pcub-MSU1_007_000356.1	unannotated	Hypothetical protein of unknown function
Pcub-MSU1_007_000355.1	unannotated	Hypothetical protein of unknown function
Pcub-MSU1_007_000354.1	eggnog	Transposase. Source PGD
Pcub-MSU1_007_000353.1	eggnog	Transposase. Source PGD
Pcub-MSU1_007_000352.1	unannotated	Hypothetical protein of unknown function
Pcub-MSU1_007_000351.1	eggnog	Transposase. Source PGD
Pcub-MSU1_007_000350.1	eggnog	Transposase. Source PGD
Pcub-MSU1_007_000349.1	unannotated	Hypothetical protein of unknown function
Pcub-MSU1_007_000215.1	eggnog	domain-containing protein
Pcub-MSU1_007_000216.1	unannotated	Hypothetical protein of unknown function
Pcub-MSU1_007_000217.1	unannotated	Hypothetical protein of unknown function
Pcub-MSU1_007_000218.1	blastp	Homology to Phytophthora cactorum predicted protein KAF1793273.1
Pcub-MSU1_007_000348.1	eggnog	MAP kinase kinase activity
Pcub-MSU1_007_000219.1	eggnog	MAP kinase kinase activity
Pcub-MSU1_007_000220.1	eggnog	domain-containing protein
Pcub-MSU1_007_000347.1	eggnog	domain-containing protein
Pcub-MSU1_007_000346.1	eggnog	Belongs to the GST superfamily
Pcub-MSU1_007_000221.1	interproscan	beta-trefoil_FSCN-like (cd00257)
Pcub-MSU1_007_000222.1	eggnog	domain-containing protein
Pcub-MSU1_007_000345.1	unannotated	Hypothetical protein of unknown function
Pcub-MSU1_007_000344.1	eggnog	Hydroxyacylglutathione hydrolase C-terminus
Pcub-MSU1_007_000223.1	eggnog	Hydroxyacylglutathione hydrolase C-terminus
Pcub-MSU1_007_000343.1	unannotated	Hypothetical protein of unknown function
Pcub-MSU1_007_000342.1	eggnog	RING-like zinc finger
Pcub-MSU1_007_000224.1	eggnog	domain-containing protein
Pcub-MSU1_007_000225.1	eggnog	domain-containing protein
Pcub-MSU1_007_000226.1	eggnog	sequence-specific DNA binding
Pcub-MSU1_007_000341.1	eggnog	domain-containing protein
Pcub-MSU1_007_000227.1	blastp	Homology to Phytophthora capsici predicted protein KAG1691122.1
Pcub-MSU1_007_000228.1	eggnog	domain-containing protein
Pcub-MSU1_007_000340.1	eggnog	sequence-specific DNA binding
Pcub-MSU1_007_000339.1	eggnog	FYVE zinc finger
Pcub-MSU1_007_000229.1	eggnog	Belongs to the TRAFAC class myosin-kinesin ATPase superfamily
Pcub-MSU1_007_000338.1	blastp	Homology to Phytophthora capsici predicted protein KAG1691122.1
Pcub-MSU1_007_000337.1	eggnog	Tetraspanin family
Pcub-MSU1_007_000230.1	eggnog	Sugar (and other) transporter
Pcub-MSU1_007_000231.1	interproscan	G3DSA:2.80.10.50 domain-containing protein
Pcub-MSU1_007_000336.1	blastp	Homology to Phytophthora fragariaefolia predicted protein GMF21714.1
Pcub-MSU1_007_000232.1	eggnog	Domain with 2 conserved Trp (W) residues
Pcub-MSU1_007_000335.1	eggnog	Sugar (and other) transporter
Pcub-MSU1_007_000233.1	eggnog	domain-containing protein
Pcub-MSU1_007_000234.1	eggnog	domain-containing protein
Pcub-MSU1_007_000334.1	eggnog	Domain with 2 conserved Trp (W) residues
Pcub-MSU1_007_000235.1	blastp	Homology to Phytophthora fragariaefolia predicted protein GMF21714.1
Pcub-MSU1_007_000236.1	eggnog	Sugar (and other) transporter
Pcub-MSU1_007_000237.1	eggnog	Sugar (and other) transporter
Pcub-MSU1_007_000333.1	eggnog	Belongs to the major facilitator superfamily
Pcub-MSU1_007_000238.1	eggnog	Belongs to the major facilitator superfamily
Pcub-MSU1_007_000332.1	unannotated	Hypothetical protein of unknown function
Pcub-MSU1_007_000239.1	eggnog	domain-containing protein
Pcub-MSU1_007_000240.1	eggnog	Belongs to the major facilitator superfamily
Pcub-MSU1_007_000241.1	eggnog	Transmembrane amino acid transporter protein
Pcub-MSU1_007_000331.1	blastp	Homology to Peronospora farinosa predicted protein CAH0490499.1
Pcub-MSU1_007_000242.1	blastp	Homology to Peronospora farinosa predicted protein CAH0490499.1
Pcub-MSU1_007_000330.1	eggnog	domain-containing protein
Pcub-MSU1_007_000329.1	eggnog	domain-containing protein
Pcub-MSU1_007_000243.1	eggnog	Metallopeptidase family M24
Pcub-MSU1_007_000328.1	eggnog	Required for maturation of ribosomal RNAs and formation of the large ribosomal subunit
Pcub-MSU1_007_000244.1	eggnog	Helicase associated domain (HA2) Add an annotation
Pcub-MSU1_007_000245.1	eggnog	Mannosyltransferase putative
Pcub-MSU1_007_000327.1	eggnog	Sugar (and other) transporter
Pcub-MSU1_007_000326.1	interproscan	PTHR31827 domain-containing protein
Pcub-MSU1_007_000325.1	interproscan	PTHR31827 domain-containing protein
Pcub-MSU1_007_000246.1	eggnog	domain-containing protein
Pcub-MSU1_007_000324.1	interproscan	HD_CCDC61_N (cd22284)
Pcub-MSU1_007_000247.1	blastp	Homology to Phytophthora capsici predicted protein KAG1698369.1
Pcub-MSU1_007_000323.1	eggnog	histone lysine demethylation
Pcub-MSU1_007_000322.1	unannotated	Hypothetical protein of unknown function
Pcub-MSU1_007_000248.1	eggnog	Mannosyltransferase putative
Pcub-MSU1_007_000249.1	eggnog	Mannosyltransferase putative
Pcub-MSU1_007_000321.1	eggnog	domain-containing protein
Pcub-MSU1_007_000250.1	eggnog	UvrB/uvrC motif
Pcub-MSU1_007_000320.1	blastp	Homology to Peronospora destructor predicted protein CAI5741339.1
Pcub-MSU1_007_000319.1	eggnog	WD domain, G-beta repeat
Pcub-MSU1_007_000318.1	blastp	Homology to Phytophthora palmivora predicted protein POM66542.1
Pcub-MSU1_007_000317.1	eggnog	Mitochondrial carrier protein
Pcub-MSU1_007_000251.1	eggnog	Sin3 binding region of histone deacetylase complex subunit SAP30
Pcub-MSU1_007_000316.1	eggnog	WD domain, G-beta repeat
Pcub-MSU1_007_000252.1	eggnog	RNA recognition motif
Pcub-MSU1_007_000315.1	eggnog	this activity may be independent of acetylation activity
Pcub-MSU1_007_000253.1	blastp	Homology to Phytophthora aleatoria predicted protein KAG6963197.1
Pcub-MSU1_007_000314.1	blastp	Homology to Peronospora belbahrii predicted protein CAH0482916.1
Pcub-MSU1_007_000254.1	eggnog	RING-like zinc finger
Pcub-MSU1_007_000313.1	eggnog	Belongs to the TRAFAC class myosin-kinesin ATPase superfamily
Pcub-MSU1_007_000255.1	eggnog	ubiquitin binding
Pcub-MSU1_007_000312.1	eggnog	Cation efflux family
Pcub-MSU1_007_000311.1	eggnog	Belongs to the peptidase C1 family
Pcub-MSU1_007_000256.1	eggnog	Cyclophilin type peptidyl-prolyl cis-trans isomerase/CLD
Pcub-MSU1_007_000257.1	eggnog	Calcineurin-like phosphoesterase
Pcub-MSU1_007_000310.1	blastp	Homology to Peronospora destructor predicted protein CAI5731540.1
Pcub-MSU1_007_000309.1	blastp	Homology to Peronospora farinosa predicted protein CAI5739974.1
Pcub-MSU1_007_000258.1	eggnog	Polyprenyl synthetase
Pcub-MSU1_007_000308.1	blastp	Homology to Phytophthora cactorum predicted protein KAF1777349.1
Pcub-MSU1_007_000307.1	blastp	Homology to Peronospora farinosa predicted protein CAH0488967.1
Pcub-MSU1_007_000306.1	eggnog	Elicitin
Pcub-MSU1_007_000259.1	eggnog	Replication Fork Protection Component Swi3
Pcub-MSU1_007_000260.1	eggnog	Transferase family
Pcub-MSU1_007_000261.1	blastp	Homology to Phytophthora cactorum predicted protein KAF1777349.1
Pcub-MSU1_007_000262.1	eggnog	domain-containing protein
Pcub-MSU1_007_000263.1	eggnog	Elicitin
Pcub-MSU1_007_000264.1	eggnog	domain-containing protein
Pcub-MSU1_007_000305.1	eggnog	Belongs to the ABC transporter superfamily
Pcub-MSU1_007_000304.1	unannotated	Hypothetical protein of unknown function
Pcub-MSU1_007_000303.1	eggnog	Ergosterol biosynthesis ERG4/ERG24 family
Pcub-MSU1_007_000302.1	unannotated	Hypothetical protein of unknown function
Pcub-MSU1_007_000301.1	unannotated	Hypothetical protein of unknown function
Pcub-MSU1_007_000265.1	eggnog	Prolyl 4-hydroxylase alpha subunit homologues
Pcub-MSU1_007_000266.1	blastp	Homology to Peronospora farinosa predicted protein CAH0490499.1
Pcub-MSU1_007_000300.1	eggnog	Transmembrane amino acid transporter protein
Pcub-MSU1_007_000267.1	eggnog	Ergosterol biosynthesis ERG4/ERG24 family
Pcub-MSU1_007_000268.1	unannotated	Hypothetical protein of unknown function
Pcub-MSU1_007_000299.1	eggnog	Elicitin
Pcub-MSU1_007_000298.1	unannotated	Hypothetical protein of unknown function
Pcub-MSU1_007_000269.1	eggnog	Noc2p family
Pcub-MSU1_007_000297.1	eggnog	domain-containing protein
Pcub-MSU1_007_000270.1	eggnog	domain-containing protein
Pcub-MSU1_007_000271.1	eggnog	RNA pseudouridylate synthase
Pcub-MSU1_007_000296.1	eggnog	protein K11-linked ubiquitination
Pcub-MSU1_007_000295.1	eggnog	domain-containing protein
Pcub-MSU1_007_000272.1	eggnog	Serine/threonine-protein kinase smg-1
Pcub-MSU1_007_000294.1	eggnog	domain-containing protein
Pcub-MSU1_007_000293.1	eggnog	Protein of unknown function (DUF1298)
Pcub-MSU1_007_000292.1	eggnog	Crinkler (CRN) family protein
Pcub-MSU1_007_000273.1	eggnog	domain-containing protein
Pcub-MSU1_007_000291.1	blastp	Homology to Phytophthora citrophthora predicted protein KAK1929188.1
Pcub-MSU1_007_000290.1	blastp	Homology to Phytophthora cactorum predicted protein KAG3181774.1
Pcub-MSU1_007_000289.1	unannotated	Hypothetical protein of unknown function
Pcub-MSU1_007_000288.1	blastp	Homology to Peronospora destructor predicted protein CAI5729971.1
Pcub-MSU1_007_000274.1	eggnog	domain-containing protein
Pcub-MSU1_007_000287.1	eggnog	peroxisome organization
Pcub-MSU1_007_000286.1	eggnog	Protein of unknown function (DUF3645)
Pcub-MSU1_007_000275.1	eggnog	Ankyrin repeats (many copies)
Pcub-MSU1_007_000276.1	eggnog	Mannosyltransferase involved in glycosylphosphatidylinositol-anchor biosynthesis
Pcub-MSU1_007_000277.1	eggnog	Translation-initiation factor 2
Pcub-MSU1_007_000278.1	eggnog	ABC-2 family transporter protein
Pcub-MSU1_007_000285.1	eggnog	domain-containing protein
Pcub-MSU1_007_000279.1	eggnog	GNS1/SUR4 family
Pcub-MSU1_007_000284.1	eggnog	GNS1/SUR4 family
Pcub-MSU1_007_000280.1	blastp	Homology to Phytophthora palmivora predicted protein POM66861.1
Pcub-MSU1_007_000283.1	blastp	Homology to Phytophthora pseudosyringae predicted protein KAG7392071.1
Pcub-MSU1_007_000281.1	blastp	Homology to Phytophthora fragariae predicted protein KAE9302055.1
Pcub-MSU1_007_000282.1	eggnog	1-phosphatidylinositol binding
Pcub-MSU1_008_000001.1	interproscan	PTHR30536 domain-containing protein
Pcub-MSU1_008_000002.1	interproscan	G3DSA:3.40.50.720 domain-containing protein
Pcub-MSU1_008_000003.1	eggnog	tetrahydrofolylpolyglutamate synthase activity
Pcub-MSU1_008_000860.1	blastp	Homology to Phytophthora pseudosyringae predicted protein KAG7377233.1
Pcub-MSU1_008_000004.1	eggnog	Integral peroxisomal membrane peroxin
Pcub-MSU1_008_000005.1	blastp	Homology to Phytophthora cactorum predicted protein KAG2772013.1
Pcub-MSU1_008_000006.1	blastp	Homology to Phytophthora citrophthora predicted protein KAK1941284.1
Pcub-MSU1_008_000859.1	unannotated	Hypothetical protein of unknown function
Pcub-MSU1_008_000007.1	eggnog	Acidic fibroblast growth factor binding (FIBP)
Pcub-MSU1_008_000858.1	eggnog	Tim17/Tim22/Tim23/Pmp24 family
Pcub-MSU1_008_000008.1	blastp	Homology to Phytophthora pseudosyringae predicted protein KAG7379629.1
Pcub-MSU1_008_000857.1	blastp	Homology to Peronospora destructor predicted protein CAI5725895.1
Pcub-MSU1_008_000009.1	unannotated	Hypothetical protein of unknown function
Pcub-MSU1_008_000010.1	eggnog	domain-containing protein
Pcub-MSU1_008_000856.1	eggnog	glycerol kinase activity
Pcub-MSU1_008_000855.1	eggnog	domain-containing protein
Pcub-MSU1_008_000854.1	eggnog	peroxisome transport along microtubule
Pcub-MSU1_008_000011.1	eggnog	domain-containing protein
Pcub-MSU1_008_000853.1	eggnog	Electron carrier protein
Pcub-MSU1_008_000852.1	eggnog	Nup53/35/40-type RNA recognition motif
Pcub-MSU1_008_000851.1	blastp	Homology to Phytophthora pseudosyringae predicted protein KAG7379647.1
Pcub-MSU1_008_000012.1	eggnog	Ribosomal protein S9/S16
Pcub-MSU1_008_000850.1	eggnog	Snf7
Pcub-MSU1_008_000013.1	blastp	Homology to predicted protein KAH7503237.1
Pcub-MSU1_008_000849.1	eggnog	WD domain, G-beta repeat
Pcub-MSU1_008_000848.1	eggnog	Presenilin enhancer-2 subunit of gamma secretase
Pcub-MSU1_008_000014.1	eggnog	Phosphatidylinositol-glycan biosynthesis class S protein
Pcub-MSU1_008_000015.1	interproscan	PTHR21551 domain-containing protein
Pcub-MSU1_008_000847.1	eggnog	domain-containing protein
Pcub-MSU1_008_000016.1	blastp	Homology to Peronospora effusa predicted protein RMX69785.1
Pcub-MSU1_008_000846.1	eggnog	Pyridoxal-phosphate dependent enzyme
Pcub-MSU1_008_000845.1	eggnog	Pyridoxal-phosphate dependent enzyme
Pcub-MSU1_008_000844.1	blastp	Homology to Phytophthora palmivora predicted protein POM60476.1
Pcub-MSU1_008_000843.1	eggnog	Origin recognition complex (ORC) subunit 3 N-terminus
Pcub-MSU1_008_000017.1	eggnog	EF hand
Pcub-MSU1_008_000842.1	eggnog	Ribosomal S17
Pcub-MSU1_008_000841.1	interproscan	PTHR31472 domain-containing protein
Pcub-MSU1_008_000840.1	blastp	Homology to Phytophthora cactorum predicted protein KAG2772048.1
Pcub-MSU1_008_000018.1	unannotated	Hypothetical protein of unknown function
Pcub-MSU1_008_000019.1	eggnog	Crinkler (CRN) family protein
Pcub-MSU1_008_000020.1	eggnog	domain-containing protein
Pcub-MSU1_008_000021.1	eggnog	domain-containing protein
Pcub-MSU1_008_000022.1	eggnog	Armadillo/beta-catenin-like repeat
Pcub-MSU1_008_000839.1	eggnog	Short calmodulin-binding motif containing conserved Ile and Gln residues
Pcub-MSU1_008_000838.1	eggnog	Ubiquitin carboxyl-terminal hydrolase
Pcub-MSU1_008_000023.1	eggnog	Mediates the uptake of pyruvate into mitochondria
Pcub-MSU1_008_000024.1	eggnog	NADH:flavin oxidoreductase / NADH oxidase family
Pcub-MSU1_008_000837.1	eggnog	domain-containing protein
Pcub-MSU1_008_000025.1	eggnog	domain-containing protein
Pcub-MSU1_008_000836.1	eggnog	NADH:flavin oxidoreductase / NADH oxidase family
Pcub-MSU1_008_000835.1	eggnog	MYND finger
Pcub-MSU1_008_000026.1	eggnog	Transmembrane amino acid transporter protein
Pcub-MSU1_008_000027.1	eggnog	Belongs to the short-chain dehydrogenases reductases (SDR) family
Pcub-MSU1_008_000834.1	eggnog	Oligosaccharide biosynthesis protein Alg14 like
Pcub-MSU1_008_000028.1	eggnog	MAPEG family
Pcub-MSU1_008_000029.1	eggnog	MAPEG family
Pcub-MSU1_008_000833.1	eggnog	Domain present in VPS9
Pcub-MSU1_008_000030.1	eggnog	Membrane magnesium transporter
Pcub-MSU1_008_000832.1	blastp	Homology to Phytophthora sojae predicted protein XP_009530338.1
Pcub-MSU1_008_000031.1	eggnog	Phytanoyl-CoA dioxygenase (PhyH)
Pcub-MSU1_008_000032.1	eggnog	Peroxisomal membrane anchor protein (Pex14p) conserved region
Pcub-MSU1_008_000831.1	eggnog	Tim17/Tim22/Tim23/Pmp24 family
Pcub-MSU1_008_000033.1	eggnog	domain-containing protein
Pcub-MSU1_008_000830.1	unannotated	Hypothetical protein of unknown function
Pcub-MSU1_008_000034.1	eggnog	GTPase activity
Pcub-MSU1_008_000035.1	eggnog	Conserved oligomeric complex COG6
Pcub-MSU1_008_000036.1	eggnog	GDP dissociation inhibitor
Pcub-MSU1_008_000037.1	blastp	Homology to Peronospora farinosa predicted protein CAH0492374.1
Pcub-MSU1_008_000829.1	eggnog	Mitochondrial carrier protein
Pcub-MSU1_008_000828.1	eggnog	Binds to the catalytic subunit of the cyclin dependent kinases and is essential for their biological function
Pcub-MSU1_008_000827.1	eggnog	domain-containing protein
Pcub-MSU1_008_000038.1	eggnog	Specifically methylates the N1 position of guanosine-37 in various cytoplasmic and mitochondrial tRNAs
Pcub-MSU1_008_000826.1	blastp	Homology to Phytophthora sojae predicted protein XP_009530420.1
Pcub-MSU1_008_000039.1	eggnog	WD40 repeats
Pcub-MSU1_008_000825.1	eggnog	Required for cytoplasmic pre-assembly of axonemal dyneins, thereby playing a central role in motility in cilia and flagella
Pcub-MSU1_008_000040.1	blastp	Homology to Phytophthora aleatoria predicted protein KAG6969076.1
Pcub-MSU1_008_000041.1	blastp	Homology to Phytophthora idaei predicted protein KAG3102483.1
Pcub-MSU1_008_000824.1	eggnog	RNA recognition motif
Pcub-MSU1_008_000042.1	eggnog	RNA polymerase Rpb6
Pcub-MSU1_008_000823.1	eggnog	domain-containing protein
Pcub-MSU1_008_000043.1	blastp	Homology to Phytophthora megakarya predicted protein OWY99651.1
Pcub-MSU1_008_000044.1	unannotated	Hypothetical protein of unknown function
Pcub-MSU1_008_000045.1	unannotated	Hypothetical protein of unknown function
Pcub-MSU1_008_000046.1	eggnog	domain-containing protein
Pcub-MSU1_008_000047.1	blastp	Homology to Phytophthora pseudosyringae predicted protein KAG7386601.1
Pcub-MSU1_008_000048.1	eggnog	domain-containing protein
Pcub-MSU1_008_000049.1	eggnog	Essential subunit of the N-oligosaccharyl transferase (OST) complex which catalyzes the transfer of a high mannose oligosaccharide from a lipid-linked oligosaccharide donor to an asparagine residue within an Asn-X-Ser Thr consensus motif in nascent polypeptide chains
Pcub-MSU1_008_000050.1	blastp	Homology to Hyaloperonospora brassicae predicted protein CAI5729708.1
Pcub-MSU1_008_000822.1	eggnog	domain-containing protein
Pcub-MSU1_008_000051.1	blastp	Homology to Phytophthora palmivora predicted protein POM73975.1
Pcub-MSU1_008_000052.1	interproscan	PTHR38899 domain-containing protein
Pcub-MSU1_008_000821.1	eggnog	axoneme assembly
Pcub-MSU1_008_000053.1	eggnog	Short calmodulin-binding motif containing conserved Ile and Gln residues
Pcub-MSU1_008_000820.1	eggnog	domain-containing protein
Pcub-MSU1_008_000819.1	eggnog	Mitochondrial carrier protein
Pcub-MSU1_008_000054.1	eggnog	Required for ribosome biogenesis
Pcub-MSU1_008_000818.1	eggnog	domain-containing protein
Pcub-MSU1_008_000055.1	eggnog	Helix-turn-helix XRE-family like proteins
Pcub-MSU1_008_000056.1	blastp	Homology to Phytophthora rubi predicted protein KAE9000119.1
Pcub-MSU1_008_000817.1	eggnog	Transmembrane proteins 14C
Pcub-MSU1_008_000057.1	blastp	Homology to Phytophthora ramorum predicted protein KAH7491743.1
Pcub-MSU1_008_000058.1	blastp	Homology to Phytophthora fragariae predicted protein KAE9309415.1
Pcub-MSU1_008_000816.1	blastp	Homology to Peronospora belbahrii predicted protein CAH0474658.1
Pcub-MSU1_008_000815.1	eggnog	60s Acidic ribosomal protein
Pcub-MSU1_008_000059.1	eggnog	Abnormal spindle-like microcephaly-assoc'd, ASPM-SPD-2-Hydin
Pcub-MSU1_008_000814.1	eggnog	Catalyzes the irreversible NADPH-dependent deamination of GMP to IMP
Pcub-MSU1_008_000060.1	eggnog	Catalyzes the irreversible NADPH-dependent deamination of GMP to IMP
Pcub-MSU1_008_000061.1	eggnog	Phosphopantetheine attachment site
Pcub-MSU1_008_000062.1	eggnog	Cys/Met metabolism PLP-dependent enzyme
Pcub-MSU1_008_000813.1	eggnog	domain-containing protein
Pcub-MSU1_008_000812.1	eggnog	Cys/Met metabolism PLP-dependent enzyme
Pcub-MSU1_008_000063.1	eggnog	domain-containing protein
Pcub-MSU1_008_000811.1	eggnog	Cys/Met metabolism PLP-dependent enzyme
Pcub-MSU1_008_000810.1	eggnog	domain-containing protein
Pcub-MSU1_008_000064.1	interproscan	PTHR36074 domain-containing protein
Pcub-MSU1_008_000065.1	eggnog	Histidine biosynthesis protein
Pcub-MSU1_008_000809.1	eggnog	CSN8/PSMD8/EIF3K family
Pcub-MSU1_008_000808.1	eggnog	CSN8/PSMD8/EIF3K family
Pcub-MSU1_008_000807.1	eggnog	Glutathione peroxidase
Pcub-MSU1_008_000066.1	eggnog	Zinc finger, C3HC4 type (RING finger)
Pcub-MSU1_008_000067.1	eggnog	Alanine-glyoxylate amino-transferase
Pcub-MSU1_008_000806.1	eggnog	MYND finger
Pcub-MSU1_008_000805.1	eggnog	Cys/Met metabolism PLP-dependent enzyme
Pcub-MSU1_008_000068.1	eggnog	domain-containing protein
Pcub-MSU1_008_000804.1	eggnog	Cys/Met metabolism PLP-dependent enzyme
Pcub-MSU1_008_000069.1	eggnog	Cys/Met metabolism PLP-dependent enzyme
Pcub-MSU1_008_000070.1	eggnog	domain-containing protein
Pcub-MSU1_008_000803.1	unannotated	Hypothetical protein of unknown function
Pcub-MSU1_008_000802.1	eggnog	Cys/Met metabolism PLP-dependent enzyme
Pcub-MSU1_008_000071.1	eggnog	Cys/Met metabolism PLP-dependent enzyme
Pcub-MSU1_008_000072.1	eggnog	domain-containing protein
Pcub-MSU1_008_000801.1	eggnog	Cys/Met metabolism PLP-dependent enzyme
Pcub-MSU1_008_000073.1	eggnog	Cys/Met metabolism PLP-dependent enzyme
Pcub-MSU1_008_000074.1	eggnog	domain-containing protein
Pcub-MSU1_008_000800.1	eggnog	Cys/Met metabolism PLP-dependent enzyme
Pcub-MSU1_008_000075.1	eggnog	Cys/Met metabolism PLP-dependent enzyme
Pcub-MSU1_008_000076.1	eggnog	transposition, RNA-mediated
Pcub-MSU1_008_000077.1	eggnog	domain-containing protein
Pcub-MSU1_008_000078.1	eggnog	Cys/Met metabolism PLP-dependent enzyme
Pcub-MSU1_008_000079.1	eggnog	domain-containing protein
Pcub-MSU1_008_000080.1	eggnog	domain-containing protein
Pcub-MSU1_008_000799.1	eggnog	Cys/Met metabolism PLP-dependent enzyme
Pcub-MSU1_008_000081.1	eggnog	Cys/Met metabolism PLP-dependent enzyme
Pcub-MSU1_008_000082.1	eggnog	domain-containing protein
Pcub-MSU1_008_000083.1	eggnog	domain-containing protein
Pcub-MSU1_008_000798.1	eggnog	Cys/Met metabolism PLP-dependent enzyme
Pcub-MSU1_008_000084.1	eggnog	domain-containing protein
Pcub-MSU1_008_000797.1	eggnog	Cys/Met metabolism PLP-dependent enzyme
Pcub-MSU1_008_000085.1	eggnog	Cys/Met metabolism PLP-dependent enzyme
Pcub-MSU1_008_000086.1	eggnog	CSN8/PSMD8/EIF3K family
Pcub-MSU1_008_000796.1	eggnog	Histidine biosynthesis protein
Pcub-MSU1_008_000795.1	unannotated	Hypothetical protein of unknown function
Pcub-MSU1_008_000794.1	blastp	Homology to Peronospora destructor predicted protein CAI5714946.1
Pcub-MSU1_008_000793.1	eggnog	WD domain, G-beta repeat
Pcub-MSU1_008_000087.1	blastp	Homology to Phytophthora lilii predicted protein GMF64956.1
Pcub-MSU1_008_000792.1	eggnog	MED6 mediator sub complex component
Pcub-MSU1_008_000088.1	eggnog	Splicing factor 3B subunit 10 (SF3b10)
Pcub-MSU1_008_000089.1	unannotated	Hypothetical protein of unknown function
Pcub-MSU1_008_000090.1	blastp	Homology to Phytophthora fragariae;Phytophthora rubi predicted protein KAE8896107.1
Pcub-MSU1_008_000791.1	eggnog	FKBP-type peptidyl-prolyl cis-trans isomerase
Pcub-MSU1_008_000790.1	eggnog	Sugar efflux transporter for intercellular exchange
Pcub-MSU1_008_000091.1	eggnog	domain-containing protein
Pcub-MSU1_008_000092.1	unannotated	Hypothetical protein of unknown function
Pcub-MSU1_008_000789.1	unannotated	Hypothetical protein of unknown function
Pcub-MSU1_008_000093.1	eggnog	domain-containing protein
Pcub-MSU1_008_000788.1	eggnog	transcription by RNA polymerase I
Pcub-MSU1_008_000094.1	eggnog	domain-containing protein
Pcub-MSU1_008_000787.1	eggnog	TFIIIC subunit
Pcub-MSU1_008_000095.1	eggnog	B-Box-type zinc finger
Pcub-MSU1_008_000786.1	eggnog	Domain found in IF2B/IF5
Pcub-MSU1_008_000096.1	eggnog	Domain in homologues of a S
Pcub-MSU1_008_000097.1	eggnog	Domain in homologues of a S
Pcub-MSU1_008_000098.1	blastp	Homology to Peronospora farinosa;Peronospora effusa predicted protein RMX69999.1
Pcub-MSU1_008_000785.1	eggnog	DNA binding domain with preference for A/T rich regions
Pcub-MSU1_008_000099.1	blastp	Homology to Peronospora farinosa;Peronospora effusa predicted protein RMX69972.1
Pcub-MSU1_008_000784.1	eggnog	Nucleoporin complex subunit 54
Pcub-MSU1_008_000100.1	eggnog	protein transport
Pcub-MSU1_008_000101.1	eggnog	EXS family
Pcub-MSU1_008_000783.1	eggnog	WD40 repeats
Pcub-MSU1_008_000102.1	eggnog	domain-containing protein
Pcub-MSU1_008_000782.1	interproscan	PTHR47169 domain-containing protein
Pcub-MSU1_008_000781.1	interproscan	PTHR33889 domain-containing protein
Pcub-MSU1_008_000103.1	eggnog	Dolichol-phosphate mannosyltransferase subunit 3 (DPM3)
Pcub-MSU1_008_000104.1	eggnog	TFIIB zinc-binding
Pcub-MSU1_008_000780.1	blastp	Homology to Phytophthora infestans predicted protein XP_002898498.1
Pcub-MSU1_008_000105.1	eggnog	Ubiquitin-conjugating enzyme
Pcub-MSU1_008_000779.1	eggnog	Armadillo/beta-catenin-like repeats
Pcub-MSU1_008_000106.1	interproscan	PTHR31996 domain-containing protein
Pcub-MSU1_008_000778.1	eggnog	Cytidylyltransferase-like
Pcub-MSU1_008_000107.1	eggnog	Rgp1
Pcub-MSU1_008_000108.1	eggnog	Cytidylyltransferase-like
Pcub-MSU1_008_000777.1	eggnog	Ciliary basal body-associated, B9 protein
Pcub-MSU1_008_000109.1	eggnog	protein N-linked glycosylation (TMEM258)
Pcub-MSU1_008_000776.1	eggnog	domain-containing protein
Pcub-MSU1_008_000775.1	blastp	Homology to Phytophthora citrophthora predicted protein KAK1943485.1
Pcub-MSU1_008_000110.1	unannotated	Hypothetical protein of unknown function
Pcub-MSU1_008_000111.1	eggnog	EB1-like C-terminal motif
Pcub-MSU1_008_000112.1	eggnog	The ARF-like 2 binding protein BART
Pcub-MSU1_008_000774.1	eggnog	Short calmodulin-binding motif containing conserved Ile and Gln residues
Pcub-MSU1_008_000773.1	eggnog	Leucine-rich repeats, outliers
Pcub-MSU1_008_000772.1	blastp	Homology to Phytophthora cactorum predicted protein KAG3228131.1
Pcub-MSU1_008_000771.1	unannotated	Hypothetical protein of unknown function
Pcub-MSU1_008_000770.1	eggnog	Minichromosome loss protein, Mcl1, middle region
Pcub-MSU1_008_000113.1	eggnog	Phosducin
Pcub-MSU1_008_000769.1	eggnog	Glu-tRNAGln amidotransferase C subunit
Pcub-MSU1_008_000114.1	blastp	Homology to Phytophthora palmivora predicted protein POM77648.1
Pcub-MSU1_008_000768.1	eggnog	domain-containing protein
Pcub-MSU1_008_000115.1	eggnog	snRNP Sm proteins
Pcub-MSU1_008_000767.1	eggnog	Glutamine cyclotransferase
Pcub-MSU1_008_000116.1	eggnog	Yos1-like
Pcub-MSU1_008_000117.1	eggnog	non-SMC mitotic condensation complex subunit 1
Pcub-MSU1_008_000766.1	interproscan	G3DSA:6.20.250.70 domain-containing protein
Pcub-MSU1_008_000765.1	blastp	Homology to Phytophthora citrophthora predicted protein KAK1943500.1
Pcub-MSU1_008_000118.1	blastp	Homology to Phytophthora cinnamomi predicted protein KAG6613849.1
Pcub-MSU1_008_000119.1	eggnog	domain-containing protein
Pcub-MSU1_008_000764.1	blastp	Homology to Phytophthora fragariae;Phytophthora rubi predicted protein KAE8896489.1
Pcub-MSU1_008_000763.1	eggnog	DREV methyltransferase
Pcub-MSU1_008_000120.1	eggnog	FAD-dependent monooxygenase required for the C5-ring hydroxylation during ubiquinone biosynthesis
Pcub-MSU1_008_000762.1	eggnog	PIG-P
Pcub-MSU1_008_000761.1	interproscan	PTHR28165 domain-containing protein
Pcub-MSU1_008_000760.1	eggnog	Voltage gated chloride channel
Pcub-MSU1_008_000121.1	eggnog	translation initiation factor activity
Pcub-MSU1_008_000122.1	blastp	Homology to Peronospora effusa predicted protein RMX70006.1
Pcub-MSU1_008_000123.1	eggnog	Serine hydrolase (FSH1)
Pcub-MSU1_008_000124.1	eggnog	domain-containing protein
Pcub-MSU1_008_000125.1	blastp	Homology to Phytophthora rubi predicted protein KAE9031757.1
Pcub-MSU1_008_000759.1	eggnog	intraciliary anterograde transport
Pcub-MSU1_008_000126.1	eggnog	Enhancer of rudimentary
Pcub-MSU1_008_000127.1	eggnog	domain-containing protein
Pcub-MSU1_008_000128.1	eggnog	IFT27, Ras superfamily GTPase. Source PGD
Pcub-MSU1_008_000758.1	interproscan	PTHR31142 domain-containing protein
Pcub-MSU1_008_000129.1	eggnog	COPI associated protein
Pcub-MSU1_008_000757.1	eggnog	Cytochrome P450
Pcub-MSU1_008_000130.1	unannotated	Hypothetical protein of unknown function
Pcub-MSU1_008_000131.1	eggnog	domain-containing protein
Pcub-MSU1_008_000132.1	eggnog	Ribosomal proteins 50S-L15, 50S-L18e, 60S-L27A
Pcub-MSU1_008_000133.1	blastp	Homology to Phytophthora cactorum predicted protein KAF1790652.1
Pcub-MSU1_008_000134.1	blastp	Homology to Phytophthora nicotianae predicted protein XP_008908736.1
Pcub-MSU1_008_000135.1	blastp	Homology to Phytophthora cactorum predicted protein KAG2834106.1
Pcub-MSU1_008_000756.1	eggnog	Phosphatidic acid phosphatase. Source PGD
Pcub-MSU1_008_000755.1	eggnog	PAP2 superfamily
Pcub-MSU1_008_000136.1	eggnog	domain-containing protein
Pcub-MSU1_008_000754.1	eggnog	Phosphomannose isomerase type I
Pcub-MSU1_008_000137.1	eggnog	HIT zinc finger
Pcub-MSU1_008_000138.1	eggnog	Clp protease
Pcub-MSU1_008_000753.1	eggnog	serine-type peptidase activity
Pcub-MSU1_008_000752.1	eggnog	serine-type peptidase activity
Pcub-MSU1_008_000751.1	eggnog	Signal peptidase, peptidase S26
Pcub-MSU1_008_000139.1	eggnog	ELMO domain-containing protein
Pcub-MSU1_008_000750.1	eggnog	Coiled-coil domain-containing protein 24 family
Pcub-MSU1_008_000749.1	eggnog	Transport protein Trs120 or TRAPPC9, TRAPP II complex subunit
Pcub-MSU1_008_000140.1	eggnog	domain-containing protein
Pcub-MSU1_008_000141.1	eggnog	Belongs to the small GTPase superfamily
Pcub-MSU1_008_000748.1	eggnog	Apyrase
Pcub-MSU1_008_000142.1	eggnog	protein-cysteine S-palmitoyltransferase activity
Pcub-MSU1_008_000143.1	eggnog	60s Acidic ribosomal protein
Pcub-MSU1_008_000747.1	blastp	Homology to Phytophthora nicotianae predicted protein XP_008908768.1
Pcub-MSU1_008_000144.1	eggnog	domain-containing protein
Pcub-MSU1_008_000746.1	eggnog	Ribosomal protein S17. Source PGD
Pcub-MSU1_008_000145.1	interproscan	PTHR13164 domain-containing protein
Pcub-MSU1_008_000745.1	eggnog	WD40 repeats
Pcub-MSU1_008_000744.1	eggnog	Box c d snorna protein
Pcub-MSU1_008_000146.1	eggnog	heat shock protein binding
Pcub-MSU1_008_000147.1	eggnog	transcription, DNA-templated (zglp1)
Pcub-MSU1_008_000743.1	eggnog	heat shock protein binding
Pcub-MSU1_008_000148.1	unannotated	Hypothetical protein of unknown function
Pcub-MSU1_008_000742.1	eggnog	ABC transporter
Pcub-MSU1_008_000149.1	eggnog	Hinge domain of cleavage stimulation factor subunit 2
Pcub-MSU1_008_000741.1	eggnog	Eukaryotic rRNA processing protein EBP2
Pcub-MSU1_008_000740.1	eggnog	The purine nucleoside phosphorylases catalyze the phosphorolytic breakdown of the N-glycosidic bond in the beta- (deoxy)ribonucleoside molecules, with the formation of the corresponding free purine bases and pentose-1-phosphate
Pcub-MSU1_008_000150.1	eggnog	Snf7
Pcub-MSU1_008_000739.1	eggnog	Rab GTPase binding (WDR44)
Pcub-MSU1_008_000151.1	eggnog	Tetratricopeptide repeat
Pcub-MSU1_008_000738.1	eggnog	Exosome component EXOSC1/CSL4
Pcub-MSU1_008_000737.1	interproscan	G3DSA:3.40.30.10 domain-containing protein
Pcub-MSU1_008_000152.1	eggnog	negative regulation of mRNA splicing, via spliceosome
Pcub-MSU1_008_000736.1	eggnog	DNA clamp loader activity
Pcub-MSU1_008_000735.1	eggnog	SSXT protein (N-terminal region)
Pcub-MSU1_008_000153.1	blastp	Homology to Phytophthora ramorum predicted protein KAH7491585.1
Pcub-MSU1_008_000154.1	unannotated	Hypothetical protein of unknown function
Pcub-MSU1_008_000155.1	eggnog	Iron-sulphur cluster biosynthesis
Pcub-MSU1_008_000734.1	eggnog	domain-containing protein
Pcub-MSU1_008_000733.1	eggnog	domain-containing protein
Pcub-MSU1_008_000732.1	eggnog	Eukaryotic porin
Pcub-MSU1_008_000156.1	eggnog	Eukaryotic porin
Pcub-MSU1_008_000731.1	eggnog	EF-hand domain pair
Pcub-MSU1_008_000730.1	eggnog	domain-containing protein
Pcub-MSU1_008_000729.1	eggnog	Translationally controlled tumour protein
Pcub-MSU1_008_000157.1	blastp	Homology to Phytophthora capsici predicted protein KAG1693233.1
Pcub-MSU1_008_000728.1	eggnog	positive regulation of Golgi to plasma membrane protein transport
Pcub-MSU1_008_000158.1	eggnog	Complex 1 protein (LYR family)
Pcub-MSU1_008_000159.1	eggnog	Protein of unknown function (DUF410)
Pcub-MSU1_008_000727.1	eggnog	domain-containing protein
Pcub-MSU1_008_000160.1	interproscan	PTHR13510 domain-containing protein
Pcub-MSU1_008_000726.1	eggnog	domain-containing protein
Pcub-MSU1_008_000161.1	interproscan	Origin recognition complex subunit 6 (G3DSA:1.10.472.10:FF:000456)
Pcub-MSU1_008_000725.1	eggnog	Sin-like protein conserved region
Pcub-MSU1_008_000162.1	blastp	Homology to Peronospora destructor predicted protein CAI5739198.1
Pcub-MSU1_008_000724.1	interproscan	PTHR37845 domain-containing protein
Pcub-MSU1_008_000163.1	eggnog	Sedlin, N-terminal conserved region
Pcub-MSU1_008_000723.1	eggnog	Ribosomal protein S19e
Pcub-MSU1_008_000164.1	eggnog	Nucleolar protein NOP5. Source PGD
Pcub-MSU1_008_000722.1	eggnog	Protein of unknown function (DUF2012)
Pcub-MSU1_008_000721.1	eggnog	Protein of unknown function (DUF410)
Pcub-MSU1_008_000165.1	eggnog	Domain of unknown function (DUF2088)
Pcub-MSU1_008_000720.1	interproscan	PTHR13344 domain-containing protein
Pcub-MSU1_008_000719.1	eggnog	domain-containing protein
Pcub-MSU1_008_000166.1	eggnog	ETC complex I subunit conserved region
Pcub-MSU1_008_000718.1	eggnog	domain-containing protein
Pcub-MSU1_008_000167.1	eggnog	Ubiquinol-cytochrome C chaperone
Pcub-MSU1_008_000717.1	eggnog	Cytochrome c oxidase biogenesis protein Cmc1 like
Pcub-MSU1_008_000168.1	eggnog	Tim10/DDP family zinc finger
Pcub-MSU1_008_000716.1	eggnog	Ribosomal protein S21e
Pcub-MSU1_008_000169.1	eggnog	Prefoldin subunit
Pcub-MSU1_008_000715.1	blastp	Homology to Phytophthora aleatoria predicted protein KAG6970567.1
Pcub-MSU1_008_000170.1	eggnog	Carrier of the growing fatty acid chain in fatty acid biosynthesis
Pcub-MSU1_008_000714.1	eggnog	rRNA processing
Pcub-MSU1_008_000713.1	eggnog	Zinc-ribbon, C4HC2 type
Pcub-MSU1_008_000712.1	eggnog	Nitroreductase family
Pcub-MSU1_008_000171.1	eggnog	adenyl-nucleotide exchange factor activity
Pcub-MSU1_008_000711.1	eggnog	Mitochondrial matrix Mmp37
Pcub-MSU1_008_000172.1	eggnog	Sec61beta family
Pcub-MSU1_008_000710.1	eggnog	DNA polymerase phi
Pcub-MSU1_008_000709.1	eggnog	domain-containing protein
Pcub-MSU1_008_000708.1	eggnog	SCO1/SenC
Pcub-MSU1_008_000173.1	eggnog	N-acetyltransferase B complex (NatB) non catalytic subunit
Pcub-MSU1_008_000707.1	interproscan	PTHR37067 domain-containing protein
Pcub-MSU1_008_000706.1	eggnog	transposition, RNA-mediated
Pcub-MSU1_008_000705.1	eggnog	F-box-like
Pcub-MSU1_008_000174.1	eggnog	mitochondrial electron transport, NADH to ubiquinone
Pcub-MSU1_008_000704.1	blastp	Homology to Phytophthora nicotianae predicted protein XP_008911263.1
Pcub-MSU1_008_000175.1	eggnog	3-oxo-5-alpha-steroid 4-dehydrogenase
Pcub-MSU1_008_000703.1	eggnog	G10 protein
Pcub-MSU1_008_000702.1	eggnog	ABC-2 family transporter protein
Pcub-MSU1_008_000176.1	blastp	Homology to Phytophthora cactorum predicted protein KAG2761045.1
Pcub-MSU1_008_000701.1	blastp	Homology to Peronospora effusa predicted protein UIZ25444.1
Pcub-MSU1_008_000177.1	eggnog	Catalyzes the hydroxylation of the N(6)-(4-aminobutyl)- L-lysine intermediate to form hypusine, an essential post- translational modification only found in mature eIF-5A factor
Pcub-MSU1_008_000700.1	eggnog	HECT-like Ubiquitin-conjugating enzyme (E2)-binding
Pcub-MSU1_008_000178.1	eggnog	PhoX homologous domain, present in p47phox and p40phox
Pcub-MSU1_008_000699.1	eggnog	snRNP Sm proteins
Pcub-MSU1_008_000698.1	eggnog	Ubiquitin carboxyl-terminal hydrolase, family 1
Pcub-MSU1_008_000179.1	eggnog	Ubiquitin carboxyl-terminal hydrolase, family 1
Pcub-MSU1_008_000180.1	eggnog	Ubiquitin carboxyl-terminal hydrolase, family 1
Pcub-MSU1_008_000181.1	eggnog	transposition, RNA-mediated
Pcub-MSU1_008_000182.1	unannotated	Hypothetical protein of unknown function
Pcub-MSU1_008_000183.1	eggnog	Ubiquitin carboxyl-terminal hydrolase, family 1
Pcub-MSU1_008_000184.1	eggnog	transposition, RNA-mediated
Pcub-MSU1_008_000185.1	eggnog	transposition, RNA-mediated
Pcub-MSU1_008_000186.1	eggnog	transposition, RNA-mediated
Pcub-MSU1_008_000187.1	eggnog	transposition, RNA-mediated
Pcub-MSU1_008_000188.1	eggnog	Ubiquitin carboxyl-terminal hydrolase, family 1
Pcub-MSU1_008_000697.1	eggnog	cellular macromolecule catabolic process
Pcub-MSU1_008_000189.1	eggnog	Signal recognition particle receptor beta subunit
Pcub-MSU1_008_000696.1	eggnog	domain-containing protein
Pcub-MSU1_008_000190.1	interproscan	PTHR18879 domain-containing protein
Pcub-MSU1_008_000695.1	eggnog	Cotranslationally removes the N-terminal methionine from nascent proteins
Pcub-MSU1_008_000694.1	blastp	Homology to Peronospora effusa predicted protein RMX70171.1
Pcub-MSU1_008_000693.1	eggnog	Tim17/Tim22/Tim23/Pmp24 family
Pcub-MSU1_008_000692.1	eggnog	prohibitin homologues
Pcub-MSU1_008_000191.1	eggnog	domain-containing protein
Pcub-MSU1_008_000691.1	eggnog	Ring finger
Pcub-MSU1_008_000690.1	unannotated	Hypothetical protein of unknown function
Pcub-MSU1_008_000689.1	unannotated	Hypothetical protein of unknown function
Pcub-MSU1_008_000192.1	eggnog	transposition, RNA-mediated
Pcub-MSU1_008_000193.1	eggnog	transposition, RNA-mediated
Pcub-MSU1_008_000194.1	eggnog	EXS family
Pcub-MSU1_008_000688.1	eggnog	Mitogen-activated protein kinase kinase 1 interacting
Pcub-MSU1_008_000195.1	eggnog	Ribosomal_L40e
Pcub-MSU1_008_000687.1	eggnog	WD domain, G-beta repeat
Pcub-MSU1_008_000686.1	eggnog	Inositol monophosphatase family
Pcub-MSU1_008_000196.1	unannotated	Hypothetical protein of unknown function
Pcub-MSU1_008_000197.1	blastp	Homology to Peronospora destructor predicted protein CAI5746233.1
Pcub-MSU1_008_000685.1	eggnog	ATP synthase D chain, mitochondrial (ATP5H)
Pcub-MSU1_008_000198.1	eggnog	Hypoxia induced protein conserved region
Pcub-MSU1_008_000684.1	eggnog	Helical region found in SNAREs
Pcub-MSU1_008_000683.1	interproscan	PTHR37066 domain-containing protein
Pcub-MSU1_008_000682.1	eggnog	SAICAR synthetase
Pcub-MSU1_008_000199.1	interproscan	G3DSA:3.80.10.10 domain-containing protein
Pcub-MSU1_008_000681.1	blastp	Homology to Phytophthora aleatoria predicted protein KAG6954067.1
Pcub-MSU1_008_000200.1	eggnog	domain-containing protein
Pcub-MSU1_008_000201.1	eggnog	domain-containing protein
Pcub-MSU1_008_000680.1	blastp	Homology to Peronospora effusa predicted protein RMX63678.1
Pcub-MSU1_008_000202.1	eggnog	SAICAR synthetase
Pcub-MSU1_008_000203.1	interproscan	PTHR37066 domain-containing protein
Pcub-MSU1_008_000204.1	eggnog	Mitochondrial carrier protein
Pcub-MSU1_008_000679.1	eggnog	RNA polymerase II transcription mediator complex subunit 9
Pcub-MSU1_008_000678.1	eggnog	Ribosomal protein L19e
Pcub-MSU1_008_000677.1	unannotated	Hypothetical protein of unknown function
Pcub-MSU1_008_000676.1	unannotated	Hypothetical protein of unknown function
Pcub-MSU1_008_000675.1	eggnog	RED-like protein N-terminal region
Pcub-MSU1_008_000205.1	eggnog	Transcription factor BTF3-like protein
Pcub-MSU1_008_000674.1	eggnog	Ribosomal protein L23
Pcub-MSU1_008_000206.1	eggnog	Med18 protein
Pcub-MSU1_008_000673.1	eggnog	Signal recognition particle receptor beta subunit
Pcub-MSU1_008_000207.1	interproscan	ARID (cd16100)
Pcub-MSU1_008_000672.1	eggnog	Mitochondrial large subunit ribosomal protein (Img2)
Pcub-MSU1_008_000671.1	eggnog	Orotidine 5'-phosphate decarboxylase / HUMPS family
Pcub-MSU1_008_000670.1	eggnog	Got1/Sft2-like family
Pcub-MSU1_008_000669.1	eggnog	GTP cyclohydrolase II
Pcub-MSU1_008_000208.1	blastp	Homology to Phytophthora rubi predicted protein KAE9332408.1
Pcub-MSU1_008_000668.1	eggnog	ATP phosphoribosyltransferase
Pcub-MSU1_008_000209.1	blastp	Homology to Peronospora belbahrii predicted protein CAH0481188.1
Pcub-MSU1_008_000667.1	blastp	Homology to Phytophthora rubi predicted protein KAE9270917.1
Pcub-MSU1_008_000210.1	eggnog	Tetratricopeptide repeat
Pcub-MSU1_008_000211.1	blastp	Homology to Phytophthora sojae predicted protein AEK81074.1
Pcub-MSU1_008_000666.1	eggnog	Protein tyrosine kinase
Pcub-MSU1_008_000212.1	eggnog	YL1 nuclear protein
Pcub-MSU1_008_000665.1	eggnog	Repeated motif present between transmembrane helices in cystinosin, yeast ERS1p, mannose-P-dolichol utilization defect 1, and other hypothetical proteins
Pcub-MSU1_008_000213.1	interproscan	G3DSA:3.80.10.10 domain-containing protein
Pcub-MSU1_008_000214.1	eggnog	Tyrosine phosphatase family
Pcub-MSU1_008_000664.1	eggnog	Ubiquitin-2 like Rad60 SUMO-like
Pcub-MSU1_008_000215.1	eggnog	U6 snRNA-associated Sm-like protein
Pcub-MSU1_008_000663.1	eggnog	Dpy-30 motif
Pcub-MSU1_008_000662.1	interproscan	At1g26750 (cd23701)
Pcub-MSU1_008_000661.1	blastp	Homology to Phytophthora aleatoria predicted protein KAG6966074.1
Pcub-MSU1_008_000660.1	blastp	Homology to Phytophthora cactorum predicted protein KAG2784601.1
Pcub-MSU1_008_000659.1	blastp	Homology to Phytophthora cactorum predicted protein KAG3020619.1
Pcub-MSU1_008_000216.1	eggnog	domain-containing protein
Pcub-MSU1_008_000217.1	eggnog	Belongs to the complex I LYR family
Pcub-MSU1_008_000218.1	blastp	Homology to Phytophthora cactorum predicted protein KAG3020619.1
Pcub-MSU1_008_000219.1	blastp	Homology to Phytophthora cactorum predicted protein KAG2784601.1
Pcub-MSU1_008_000220.1	blastp	Homology to Phytophthora cinnamomi predicted protein KAG6599763.1
Pcub-MSU1_008_000658.1	eggnog	The GINS complex plays an essential role in the initiation of DNA replication
Pcub-MSU1_008_000221.1	blastp	Homology to Phytophthora cactorum;Phytophthora idaei;Phytophthora aleatoria predicted protein KAG2784471.1
Pcub-MSU1_008_000657.1	unannotated	Hypothetical protein of unknown function
Pcub-MSU1_008_000222.1	eggnog	NDK
Pcub-MSU1_008_000223.1	blastp	Homology to Peronospora farinosa predicted protein CAI5725621.1
Pcub-MSU1_008_000656.1	eggnog	SART-1 family
Pcub-MSU1_008_000655.1	blastp	Homology to Phytophthora lilii predicted protein GMF24724.1
Pcub-MSU1_008_000654.1	blastp	Homology to Phytophthora kernoviae predicted protein RLN47000.1
Pcub-MSU1_008_000224.1	eggnog	Nnf1
Pcub-MSU1_008_000653.1	blastp	Homology to Phytophthora lilii predicted protein GMF24713.1
Pcub-MSU1_008_000652.1	eggnog	Arv1-like family
Pcub-MSU1_008_000225.1	eggnog	Eukaryotic protein of unknown function (DUF872)
Pcub-MSU1_008_000226.1	eggnog	Magnesium transporter NIPA
Pcub-MSU1_008_000227.1	blastp	Homology to Peronospora belbahrii predicted protein CAH0481583.1
Pcub-MSU1_008_000651.1	blastp	Homology to Peronospora belbahrii predicted protein CAH0481583.1
Pcub-MSU1_008_000650.1	blastp	Homology to Phytophthora palmivora predicted protein POM58148.1
Pcub-MSU1_008_000228.1	eggnog	Phosphoribosyl-AMP cyclohydrolase
Pcub-MSU1_008_000649.1	eggnog	Ubiquinol-cytochrome C reductase, UQCRX/QCR9 like
Pcub-MSU1_008_000229.1	blastp	Homology to Phytophthora nicotianae predicted protein ETP42814.1
Pcub-MSU1_008_000230.1	interproscan	PTHR15561 domain-containing protein
Pcub-MSU1_008_000648.1	eggnog	linker between RRM2 and RRM3 domains in RBM39 protein
Pcub-MSU1_008_000231.1	eggnog	Casein kinase substrate phosphoprotein PP28
Pcub-MSU1_008_000232.1	eggnog	Thioredoxin
Pcub-MSU1_008_000647.1	blastp	Homology to Peronospora effusa predicted protein RMX66346.1
Pcub-MSU1_008_000646.1	eggnog	Eukaryotic protein of unknown function (DUF1764)
Pcub-MSU1_008_000645.1	eggnog	domain-containing protein
Pcub-MSU1_008_000644.1	eggnog	Rab subfamily of small GTPases
Pcub-MSU1_008_000233.1	eggnog	RNA polymerase Rpb8
Pcub-MSU1_008_000234.1	blastp	Homology to Phytophthora idaei predicted protein KAG3096998.1
Pcub-MSU1_008_000235.1	eggnog	Ankyrin repeat
Pcub-MSU1_008_000643.1	eggnog	vesicle fusion with Golgi apparatus
Pcub-MSU1_008_000642.1	eggnog	Tim17/Tim22/Tim23/Pmp24 family
Pcub-MSU1_008_000236.1	eggnog	Proteasome subunit
Pcub-MSU1_008_000641.1	eggnog	Ubiquitin-conjugating enzyme E2, catalytic domain homologues
Pcub-MSU1_008_000640.1	eggnog	muscle structure development
Pcub-MSU1_008_000237.1	eggnog	Thioredoxin
Pcub-MSU1_008_000238.1	eggnog	Thioredoxin
Pcub-MSU1_008_000239.1	eggnog	Thioredoxin
Pcub-MSU1_008_000240.1	blastp	Homology to Peronospora belbahrii predicted protein CAH0481603.1
Pcub-MSU1_008_000241.1	interproscan	PTHR28165 domain-containing protein
Pcub-MSU1_008_000242.1	unannotated	Hypothetical protein of unknown function
Pcub-MSU1_008_000639.1	eggnog	Exosome complex exonuclease RRP4 N-terminal region
Pcub-MSU1_008_000638.1	interproscan	PTHR28165 domain-containing protein
Pcub-MSU1_008_000243.1	eggnog	Predicted transmembrane protein 161AB
Pcub-MSU1_008_000637.1	eggnog	AIR carboxylase
Pcub-MSU1_008_000636.1	eggnog	Alg9-like mannosyltransferase family
Pcub-MSU1_008_000244.1	blastp	Homology to Phytophthora pseudosyringae predicted protein KAG7390223.1
Pcub-MSU1_008_000635.1	eggnog	Ribosomal silencing factor during starvation
Pcub-MSU1_008_000634.1	eggnog	carbohydrate binding
Pcub-MSU1_008_000633.1	unannotated	Hypothetical protein of unknown function
Pcub-MSU1_008_000245.1	eggnog	UcrQ family
Pcub-MSU1_008_000246.1	eggnog	Las17-binding protein actin regulator
Pcub-MSU1_008_000247.1	blastp	Homology to Phytophthora cactorum predicted protein KAG2784678.1
Pcub-MSU1_008_000248.1	blastp	Homology to Phytophthora nicotianae predicted protein KUF87890.1
Pcub-MSU1_008_000632.1	eggnog	Aminotransferase class I and II
Pcub-MSU1_008_000249.1	eggnog	DHHC palmitoyltransferase
Pcub-MSU1_008_000631.1	blastp	Homology to Phytophthora ramorum predicted protein KAH7470945.1
Pcub-MSU1_008_000630.1	eggnog	BRCA2, oligonucleotide/oligosaccharide-binding, domain 1
Pcub-MSU1_008_000250.1	eggnog	NADH-ubiquinone oxidoreductase MWFE subunit
Pcub-MSU1_008_000629.1	eggnog	Zinc knuckle
Pcub-MSU1_008_000251.1	eggnog	Phosphoenolpyruvate carboxykinase
Pcub-MSU1_008_000628.1	eggnog	Zinc finger, C2H2 type
Pcub-MSU1_008_000252.1	eggnog	ARF-like small GTPases; ARF, ADP-ribosylation factor
Pcub-MSU1_008_000627.1	eggnog	Source PGD
Pcub-MSU1_008_000626.1	blastp	Homology to Peronospora effusa predicted protein RQM09530.1
Pcub-MSU1_008_000625.1	interproscan	PTHR47026 domain-containing protein
Pcub-MSU1_008_000624.1	eggnog	Domain of unknown function (DUF4833)
Pcub-MSU1_008_000253.1	eggnog	CDC45-like protein
Pcub-MSU1_008_000623.1	eggnog	Protein-L-isoaspartate(D-aspartate) O-methyltransferase (PCMT)
Pcub-MSU1_008_000622.1	eggnog	Protein-L-isoaspartate(D-aspartate) O-methyltransferase (PCMT)
Pcub-MSU1_008_000621.1	eggnog	Protein tyrosine kinase
Pcub-MSU1_008_000254.1	eggnog	WD domain, G-beta repeat
Pcub-MSU1_008_000255.1	eggnog	WD domain, G-beta repeat
Pcub-MSU1_008_000620.1	eggnog	Domain of unknown function (DUF4750)
Pcub-MSU1_008_000256.1	eggnog	Rab5-interacting protein (Rab5ip)
Pcub-MSU1_008_000619.1	eggnog	Prefoldin subunit
Pcub-MSU1_008_000618.1	eggnog	WD domain, G-beta repeat
Pcub-MSU1_008_000617.1	eggnog	WD domain, G-beta repeat
Pcub-MSU1_008_000616.1	unannotated	Hypothetical protein of unknown function
Pcub-MSU1_008_000257.1	eggnog	domain-containing protein
Pcub-MSU1_008_000258.1	eggnog	domain-containing protein
Pcub-MSU1_008_000615.1	blastp	Homology to Phytophthora idaei predicted protein KAG3113553.1
Pcub-MSU1_008_000614.1	interproscan	PTHR44927 domain-containing protein
Pcub-MSU1_008_000259.1	interproscan	PTHR13510 domain-containing protein
Pcub-MSU1_008_000613.1	eggnog	Protein tyrosine kinase
Pcub-MSU1_008_000260.1	eggnog	Ribosomal protein S27a
Pcub-MSU1_008_000612.1	blastp	Homology to Phytophthora lilii predicted protein GMF20937.1
Pcub-MSU1_008_000611.1	eggnog	Fatty acid desaturase
Pcub-MSU1_008_000610.1	eggnog	Glycosyl hydrolase family 7
Pcub-MSU1_008_000609.1	eggnog	Clathrin is the major protein of the polyhedral coat of coated pits and vesicles
Pcub-MSU1_008_000261.1	eggnog	Ribosomal L29e protein family
Pcub-MSU1_008_000608.1	eggnog	THUMP
Pcub-MSU1_008_000262.1	eggnog	WD40 repeats
Pcub-MSU1_008_000263.1	unannotated	Hypothetical protein of unknown function
Pcub-MSU1_008_000607.1	eggnog	domain-containing protein
Pcub-MSU1_008_000264.1	eggnog	zinc-finger of acetyl-transferase ESCO
Pcub-MSU1_008_000606.1	eggnog	Belongs to the glycosyl hydrolase 5 (cellulase A) family
Pcub-MSU1_008_000605.1	blastp	Homology to Peronospora destructor predicted protein CAI5714038.1
Pcub-MSU1_008_000265.1	blastp	Homology to Peronospora destructor predicted protein CAI5714038.1
Pcub-MSU1_008_000266.1	eggnog	4'-phosphopantetheinyl transferase superfamily
Pcub-MSU1_008_000604.1	eggnog	ATP synthase (E/31 kDa) subunit
Pcub-MSU1_008_000267.1	eggnog	Flavinator of succinate dehydrogenase
Pcub-MSU1_008_000603.1	blastp	Homology to Peronospora farinosa predicted protein CAH0490169.1
Pcub-MSU1_008_000268.1	eggnog	domain-containing protein
Pcub-MSU1_008_000602.1	eggnog	phytol kinase activity
Pcub-MSU1_008_000601.1	eggnog	Extension to Ser/Thr-type protein kinases
Pcub-MSU1_008_000600.1	eggnog	Extension to Ser/Thr-type protein kinases
Pcub-MSU1_008_000269.1	eggnog	Extension to Ser/Thr-type protein kinases
Pcub-MSU1_008_000270.1	eggnog	phytol kinase activity
Pcub-MSU1_008_000599.1	eggnog	domain-containing protein
Pcub-MSU1_008_000271.1	eggnog	Protein tyrosine kinase
Pcub-MSU1_008_000272.1	unannotated	Hypothetical protein of unknown function
Pcub-MSU1_008_000273.1	eggnog	Protein tyrosine kinase
Pcub-MSU1_008_000598.1	eggnog	Extension to Ser/Thr-type protein kinases
Pcub-MSU1_008_000274.1	eggnog	phytol kinase activity
Pcub-MSU1_008_000275.1	eggnog	Extension to Ser/Thr-type protein kinases
Pcub-MSU1_008_000597.1	eggnog	Protein tyrosine kinase
Pcub-MSU1_008_000596.1	unannotated	Hypothetical protein of unknown function
Pcub-MSU1_008_000595.1	eggnog	Protein tyrosine kinase
Pcub-MSU1_008_000594.1	eggnog	Protein tyrosine kinase
Pcub-MSU1_008_000593.1	eggnog	Protein tyrosine kinase
Pcub-MSU1_008_000276.1	eggnog	Mitochondrial carrier protein
Pcub-MSU1_008_000277.1	eggnog	ATP synthase
Pcub-MSU1_008_000592.1	blastp	Homology to Phytophthora ramorum predicted protein KAH7470881.1
Pcub-MSU1_008_000591.1	blastp	Homology to Peronospora belbahrii predicted protein CAH0481684.1
Pcub-MSU1_008_000278.1	blastp	Homology to Peronospora belbahrii predicted protein CAH0481684.1
Pcub-MSU1_008_000279.1	unannotated	Hypothetical protein of unknown function
Pcub-MSU1_008_000280.1	eggnog	Low-density lipoprotein receptor domain class A
Pcub-MSU1_008_000590.1	eggnog	Protein tyrosine kinase
Pcub-MSU1_008_000281.1	eggnog	Ribosomal protein L17
Pcub-MSU1_008_000282.1	eggnog	Yippee zinc-binding/DNA-binding /Mis18, centromere assembly
Pcub-MSU1_008_000283.1	blastp	Homology to Phytophthora ramorum predicted protein KAH7470887.1
Pcub-MSU1_008_000589.1	blastp	Homology to Phytophthora ramorum predicted protein KAH7470884.1
Pcub-MSU1_008_000284.1	eggnog	Tetratricopeptide repeat
Pcub-MSU1_008_000588.1	blastp	Homology to Phytophthora fragariae predicted protein KAE8901986.1
Pcub-MSU1_008_000285.1	blastp	Homology to Phytophthora aleatoria predicted protein KAG6967726.1
Pcub-MSU1_008_000587.1	blastp	Homology to Phytophthora nicotianae predicted protein ETI44674.1
Pcub-MSU1_008_000586.1	blastp	Homology to Phytophthora pseudosyringae predicted protein KAG7387004.1
Pcub-MSU1_008_000286.1	blastp	Homology to Phytophthora idaei predicted protein KAG3092979.1
Pcub-MSU1_008_000287.1	blastp	Homology to Phytophthora idaei predicted protein KAG3092979.1
Pcub-MSU1_008_000288.1	eggnog	domain-containing protein
Pcub-MSU1_008_000289.1	interproscan	PTHR34403 domain-containing protein
Pcub-MSU1_008_000290.1	eggnog	Sds3-like
Pcub-MSU1_008_000585.1	interproscan	PTHR35763 domain-containing protein
Pcub-MSU1_008_000291.1	eggnog	3,4-dihydroxy-2-butanone 4-phosphate synthase
Pcub-MSU1_008_000584.1	eggnog	Erv1 / Alr family
Pcub-MSU1_008_000292.1	eggnog	Bicoid-interacting protein 3 (Bin3)
Pcub-MSU1_008_000583.1	eggnog	domain-containing protein
Pcub-MSU1_008_000582.1	eggnog	Ribosomal protein S9/S16
Pcub-MSU1_008_000293.1	eggnog	Required for proper 27S pre-rRNA processing and 60S ribosome subunit assembly
Pcub-MSU1_008_000581.1	eggnog	Mitochondrial carrier protein
Pcub-MSU1_008_000294.1	eggnog	DNA topoisomerase II activity
Pcub-MSU1_008_000295.1	eggnog	DNA topoisomerase II activity
Pcub-MSU1_008_000580.1	eggnog	Dolichol phosphate-mannose biosynthesis regulatory protein (DPM2)
Pcub-MSU1_008_000579.1	blastp	Homology to Peronospora belbahrii predicted protein CAH0481698.1
Pcub-MSU1_008_000296.1	eggnog	Galectin
Pcub-MSU1_008_000578.1	interproscan	SSF54403 domain-containing protein
Pcub-MSU1_008_000297.1	unannotated	Hypothetical protein of unknown function
Pcub-MSU1_008_000577.1	interproscan	SSF54403 domain-containing protein
Pcub-MSU1_008_000576.1	eggnog	JmjC domain, hydroxylase
Pcub-MSU1_008_000298.1	eggnog	Uncharacterised protein family (UPF0172)
Pcub-MSU1_008_000575.1	eggnog	sequence
Pcub-MSU1_008_000299.1	eggnog	lipoate-protein ligase activity
Pcub-MSU1_008_000574.1	eggnog	SHS2 domain found in N terminus of Rpb7p/Rpc25p/MJ0397
Pcub-MSU1_008_000573.1	eggnog	RxLR effector
Pcub-MSU1_008_000300.1	interproscan	PTHR23244 domain-containing protein
Pcub-MSU1_008_000301.1	eggnog	Inhibitor of growth proteins N-terminal histone-binding
Pcub-MSU1_008_000572.1	eggnog	Pyridine nucleotide-disulphide oxidoreductase
Pcub-MSU1_008_000302.1	eggnog	Ribosomal protein S7e
Pcub-MSU1_008_000303.1	eggnog	Catalyzes the radical-mediated insertion of two sulfur atoms into the C-6 and C-8 positions of the octanoyl moiety bound to the lipoyl domains of lipoate-dependent enzymes, thereby converting the octanoylated domains into lipoylated derivatives
Pcub-MSU1_008_000571.1	eggnog	3' exoribonuclease family, domain 2
Pcub-MSU1_008_000304.1	eggnog	Signal-recognition-particle assembly has a crucial role in targeting secretory proteins to the rough endoplasmic reticulum membrane
Pcub-MSU1_008_000570.1	blastp	Homology to Phytophthora ramorum predicted protein KAH7470824.1
Pcub-MSU1_008_000305.1	eggnog	Phosphate acyltransferases
Pcub-MSU1_008_000569.1	eggnog	Uncharacterised ACR, YagE family COG1723
Pcub-MSU1_008_000306.1	eggnog	domain-containing protein
Pcub-MSU1_008_000568.1	eggnog	Mitochondrial ribosomal protein L27
Pcub-MSU1_008_000567.1	unannotated	Hypothetical protein of unknown function
Pcub-MSU1_008_000566.1	interproscan	G3DSA:1.20.1270.60 domain-containing protein
Pcub-MSU1_008_000565.1	eggnog	Berberine and berberine like
Pcub-MSU1_008_000564.1	interproscan	G3DSA:3.30.1520.10 domain-containing protein
Pcub-MSU1_008_000563.1	eggnog	Berberine and berberine like
Pcub-MSU1_008_000562.1	eggnog	GRF zinc finger
Pcub-MSU1_008_000307.1	eggnog	domain-containing protein
Pcub-MSU1_008_000308.1	eggnog	Adenylate kinase, active site lid
Pcub-MSU1_008_000309.1	eggnog	Protein tyrosine phosphatase-like protein, PTPLA
Pcub-MSU1_008_000561.1	blastp	Homology to Phytophthora nicotianae predicted protein KUF96884.1
Pcub-MSU1_008_000560.1	unannotated	Hypothetical protein of unknown function
Pcub-MSU1_008_000559.1	eggnog	Glycolipid transfer protein (GLTP)
Pcub-MSU1_008_000310.1	eggnog	negative regulation of Fas signaling pathway
Pcub-MSU1_008_000558.1	eggnog	Nicastrin
Pcub-MSU1_008_000311.1	blastp	Homology to Peronospora belbahrii predicted protein CAH0478150.1
Pcub-MSU1_008_000557.1	eggnog	N-acetylglucosaminylphosphatidylinositol deacetylase activity
Pcub-MSU1_008_000556.1	eggnog	alpha-catenin binding
Pcub-MSU1_008_000555.1	eggnog	Ferrochelatase
Pcub-MSU1_008_000554.1	eggnog	Protein of unknown function (DUF1681)
Pcub-MSU1_008_000312.1	eggnog	Tubulin is the major constituent of microtubules
Pcub-MSU1_008_000553.1	eggnog	Transport protein particle (TRAPP) component
Pcub-MSU1_008_000552.1	interproscan	PTHR22538 domain-containing protein
Pcub-MSU1_008_000551.1	eggnog	domain-containing protein
Pcub-MSU1_008_000313.1	eggnog	tRNA synthetases class I (I, L, M and V)
Pcub-MSU1_008_000550.1	unannotated	Hypothetical protein of unknown function
Pcub-MSU1_008_000549.1	unannotated	Hypothetical protein of unknown function
Pcub-MSU1_008_000314.1	eggnog	Plays an important role in the de novo pathway and in the salvage pathway of purine nucleotide biosynthesis
Pcub-MSU1_008_000315.1	eggnog	Tubulin binding cofactor A
Pcub-MSU1_008_000548.1	interproscan	PTHR44927 domain-containing protein
Pcub-MSU1_008_000316.1	blastp	Homology to Phytophthora pseudosyringae predicted protein KAG7377051.1
Pcub-MSU1_008_000317.1	blastp	Homology to Peronospora effusa predicted protein RMX62889.1
Pcub-MSU1_008_000547.1	eggnog	RxLR effector
Pcub-MSU1_008_000318.1	eggnog	RxLR effector
Pcub-MSU1_008_000319.1	eggnog	WD40-like Beta Propeller Repeat
Pcub-MSU1_008_000546.1	interproscan	PTHR10416 domain-containing protein
Pcub-MSU1_008_000320.1	eggnog	RxLR effector
Pcub-MSU1_008_000321.1	eggnog	WD40-like Beta Propeller Repeat
Pcub-MSU1_008_000545.1	eggnog	DNA polymerase alpha/epsilon subunit B
Pcub-MSU1_008_000544.1	blastp	Homology to Phytophthora fragariaefolia predicted protein GMF43306.1
Pcub-MSU1_008_000322.1	eggnog	RxLR effector
Pcub-MSU1_008_000323.1	eggnog	WD40-like Beta Propeller Repeat
Pcub-MSU1_008_000543.1	eggnog	DNA polymerase alpha/epsilon subunit B
Pcub-MSU1_008_000542.1	eggnog	RxLR effector
Pcub-MSU1_008_000324.1	eggnog	Acyltransferase family
Pcub-MSU1_008_000325.1	interproscan	PTHR10416 domain-containing protein
Pcub-MSU1_008_000541.1	eggnog	WD40-like Beta Propeller Repeat
Pcub-MSU1_008_000540.1	eggnog	RxLR effector
Pcub-MSU1_008_000326.1	blastp	Homology to Phytophthora fragariaefolia predicted protein GMF43306.1
Pcub-MSU1_008_000327.1	eggnog	DNA polymerase alpha/epsilon subunit B
Pcub-MSU1_008_000539.1	eggnog	WD40-like Beta Propeller Repeat
Pcub-MSU1_008_000538.1	eggnog	RxLR effector
Pcub-MSU1_008_000328.1	eggnog	Acyltransferase family
Pcub-MSU1_008_000329.1	eggnog	DNA polymerase alpha/epsilon subunit B
Pcub-MSU1_008_000537.1	eggnog	WD40-like Beta Propeller Repeat
Pcub-MSU1_008_000536.1	eggnog	RxLR effector
Pcub-MSU1_008_000330.1	eggnog	Acyltransferase family
Pcub-MSU1_008_000331.1	eggnog	RxLR effector
Pcub-MSU1_008_000535.1	interproscan	PTHR10416 domain-containing protein
Pcub-MSU1_008_000534.1	eggnog	Acyltransferase family
Pcub-MSU1_008_000332.1	eggnog	RxLR effector
Pcub-MSU1_008_000533.1	interproscan	PTHR10416 domain-containing protein
Pcub-MSU1_008_000333.1	blastp	Homology to Phytophthora nicotianae predicted protein ETI55969.1
Pcub-MSU1_008_000532.1	eggnog	FR47-like protein
Pcub-MSU1_008_000334.1	eggnog	domain-containing protein
Pcub-MSU1_008_000531.1	blastp	Homology to Phytophthora capsici predicted protein KAG1691696.1
Pcub-MSU1_008_000530.1	eggnog	RxLR effector
Pcub-MSU1_008_000335.1	eggnog	Belongs to the complex I LYR family
Pcub-MSU1_008_000336.1	eggnog	Amino acid permease
Pcub-MSU1_008_000337.1	eggnog	Amino acid permease
Pcub-MSU1_008_000338.1	eggnog	domain-containing protein
Pcub-MSU1_008_000529.1	eggnog	Leucine-rich repeat
Pcub-MSU1_008_000528.1	unannotated	Hypothetical protein of unknown function
Pcub-MSU1_008_000527.1	eggnog	Amino acid permease
Pcub-MSU1_008_000526.1	eggnog	Transposase. Source PGD
Pcub-MSU1_008_000525.1	unannotated	Hypothetical protein of unknown function
Pcub-MSU1_008_000339.1	unannotated	Hypothetical protein of unknown function
Pcub-MSU1_008_000340.1	unannotated	Hypothetical protein of unknown function
Pcub-MSU1_008_000341.1	unannotated	Hypothetical protein of unknown function
Pcub-MSU1_008_000342.1	unannotated	Hypothetical protein of unknown function
Pcub-MSU1_008_000343.1	unannotated	Hypothetical protein of unknown function
Pcub-MSU1_008_000344.1	unannotated	Hypothetical protein of unknown function
Pcub-MSU1_008_000345.1	unannotated	Hypothetical protein of unknown function
Pcub-MSU1_008_000346.1	unannotated	Hypothetical protein of unknown function
Pcub-MSU1_008_000347.1	unannotated	Hypothetical protein of unknown function
Pcub-MSU1_008_000348.1	unannotated	Hypothetical protein of unknown function
Pcub-MSU1_008_000349.1	unannotated	Hypothetical protein of unknown function
Pcub-MSU1_008_000350.1	unannotated	Hypothetical protein of unknown function
Pcub-MSU1_008_000351.1	unannotated	Hypothetical protein of unknown function
Pcub-MSU1_008_000352.1	unannotated	Hypothetical protein of unknown function
Pcub-MSU1_008_000353.1	unannotated	Hypothetical protein of unknown function
Pcub-MSU1_008_000354.1	unannotated	Hypothetical protein of unknown function
Pcub-MSU1_008_000355.1	unannotated	Hypothetical protein of unknown function
Pcub-MSU1_008_000356.1	unannotated	Hypothetical protein of unknown function
Pcub-MSU1_008_000357.1	unannotated	Hypothetical protein of unknown function
Pcub-MSU1_008_000358.1	unannotated	Hypothetical protein of unknown function
Pcub-MSU1_008_000359.1	unannotated	Hypothetical protein of unknown function
Pcub-MSU1_008_000360.1	unannotated	Hypothetical protein of unknown function
Pcub-MSU1_008_000361.1	unannotated	Hypothetical protein of unknown function
Pcub-MSU1_008_000362.1	unannotated	Hypothetical protein of unknown function
Pcub-MSU1_008_000363.1	unannotated	Hypothetical protein of unknown function
Pcub-MSU1_008_000364.1	unannotated	Hypothetical protein of unknown function
Pcub-MSU1_008_000365.1	unannotated	Hypothetical protein of unknown function
Pcub-MSU1_008_000366.1	unannotated	Hypothetical protein of unknown function
Pcub-MSU1_008_000367.1	unannotated	Hypothetical protein of unknown function
Pcub-MSU1_008_000368.1	unannotated	Hypothetical protein of unknown function
Pcub-MSU1_008_000369.1	unannotated	Hypothetical protein of unknown function
Pcub-MSU1_008_000370.1	unannotated	Hypothetical protein of unknown function
Pcub-MSU1_008_000371.1	unannotated	Hypothetical protein of unknown function
Pcub-MSU1_008_000372.1	unannotated	Hypothetical protein of unknown function
Pcub-MSU1_008_000373.1	unannotated	Hypothetical protein of unknown function
Pcub-MSU1_008_000374.1	unannotated	Hypothetical protein of unknown function
Pcub-MSU1_008_000375.1	unannotated	Hypothetical protein of unknown function
Pcub-MSU1_008_000376.1	unannotated	Hypothetical protein of unknown function
Pcub-MSU1_008_000377.1	unannotated	Hypothetical protein of unknown function
Pcub-MSU1_008_000378.1	unannotated	Hypothetical protein of unknown function
Pcub-MSU1_008_000379.1	unannotated	Hypothetical protein of unknown function
Pcub-MSU1_008_000380.1	unannotated	Hypothetical protein of unknown function
Pcub-MSU1_008_000381.1	unannotated	Hypothetical protein of unknown function
Pcub-MSU1_008_000382.1	unannotated	Hypothetical protein of unknown function
Pcub-MSU1_008_000383.1	unannotated	Hypothetical protein of unknown function
Pcub-MSU1_008_000384.1	unannotated	Hypothetical protein of unknown function
Pcub-MSU1_008_000385.1	unannotated	Hypothetical protein of unknown function
Pcub-MSU1_008_000386.1	unannotated	Hypothetical protein of unknown function
Pcub-MSU1_008_000387.1	unannotated	Hypothetical protein of unknown function
Pcub-MSU1_008_000388.1	unannotated	Hypothetical protein of unknown function
Pcub-MSU1_008_000389.1	unannotated	Hypothetical protein of unknown function
Pcub-MSU1_008_000390.1	unannotated	Hypothetical protein of unknown function
Pcub-MSU1_008_000391.1	unannotated	Hypothetical protein of unknown function
Pcub-MSU1_008_000392.1	unannotated	Hypothetical protein of unknown function
Pcub-MSU1_008_000393.1	unannotated	Hypothetical protein of unknown function
Pcub-MSU1_008_000394.1	unannotated	Hypothetical protein of unknown function
Pcub-MSU1_008_000395.1	unannotated	Hypothetical protein of unknown function
Pcub-MSU1_008_000396.1	unannotated	Hypothetical protein of unknown function
Pcub-MSU1_008_000397.1	unannotated	Hypothetical protein of unknown function
Pcub-MSU1_008_000398.1	unannotated	Hypothetical protein of unknown function
Pcub-MSU1_008_000399.1	unannotated	Hypothetical protein of unknown function
Pcub-MSU1_008_000400.1	unannotated	Hypothetical protein of unknown function
Pcub-MSU1_008_000401.1	unannotated	Hypothetical protein of unknown function
Pcub-MSU1_008_000402.1	unannotated	Hypothetical protein of unknown function
Pcub-MSU1_008_000403.1	unannotated	Hypothetical protein of unknown function
Pcub-MSU1_008_000404.1	unannotated	Hypothetical protein of unknown function
Pcub-MSU1_008_000405.1	unannotated	Hypothetical protein of unknown function
Pcub-MSU1_008_000406.1	unannotated	Hypothetical protein of unknown function
Pcub-MSU1_008_000407.1	unannotated	Hypothetical protein of unknown function
Pcub-MSU1_008_000408.1	unannotated	Hypothetical protein of unknown function
Pcub-MSU1_008_000409.1	unannotated	Hypothetical protein of unknown function
Pcub-MSU1_008_000410.1	unannotated	Hypothetical protein of unknown function
Pcub-MSU1_008_000411.1	unannotated	Hypothetical protein of unknown function
Pcub-MSU1_008_000412.1	unannotated	Hypothetical protein of unknown function
Pcub-MSU1_008_000413.1	unannotated	Hypothetical protein of unknown function
Pcub-MSU1_008_000414.1	unannotated	Hypothetical protein of unknown function
Pcub-MSU1_008_000415.1	unannotated	Hypothetical protein of unknown function
Pcub-MSU1_008_000416.1	unannotated	Hypothetical protein of unknown function
Pcub-MSU1_008_000417.1	unannotated	Hypothetical protein of unknown function
Pcub-MSU1_008_000418.1	unannotated	Hypothetical protein of unknown function
Pcub-MSU1_008_000419.1	unannotated	Hypothetical protein of unknown function
Pcub-MSU1_008_000420.1	unannotated	Hypothetical protein of unknown function
Pcub-MSU1_008_000421.1	unannotated	Hypothetical protein of unknown function
Pcub-MSU1_008_000422.1	unannotated	Hypothetical protein of unknown function
Pcub-MSU1_008_000423.1	unannotated	Hypothetical protein of unknown function
Pcub-MSU1_008_000424.1	unannotated	Hypothetical protein of unknown function
Pcub-MSU1_008_000425.1	unannotated	Hypothetical protein of unknown function
Pcub-MSU1_008_000426.1	unannotated	Hypothetical protein of unknown function
Pcub-MSU1_008_000427.1	unannotated	Hypothetical protein of unknown function
Pcub-MSU1_008_000428.1	unannotated	Hypothetical protein of unknown function
Pcub-MSU1_008_000429.1	unannotated	Hypothetical protein of unknown function
Pcub-MSU1_008_000430.1	unannotated	Hypothetical protein of unknown function
Pcub-MSU1_008_000431.1	unannotated	Hypothetical protein of unknown function
Pcub-MSU1_008_000432.1	unannotated	Hypothetical protein of unknown function
Pcub-MSU1_008_000433.1	unannotated	Hypothetical protein of unknown function
Pcub-MSU1_008_000434.1	unannotated	Hypothetical protein of unknown function
Pcub-MSU1_008_000435.1	unannotated	Hypothetical protein of unknown function
Pcub-MSU1_008_000436.1	unannotated	Hypothetical protein of unknown function
Pcub-MSU1_008_000437.1	unannotated	Hypothetical protein of unknown function
Pcub-MSU1_008_000438.1	unannotated	Hypothetical protein of unknown function
Pcub-MSU1_008_000439.1	unannotated	Hypothetical protein of unknown function
Pcub-MSU1_008_000440.1	unannotated	Hypothetical protein of unknown function
Pcub-MSU1_008_000441.1	unannotated	Hypothetical protein of unknown function
Pcub-MSU1_008_000442.1	unannotated	Hypothetical protein of unknown function
Pcub-MSU1_008_000443.1	unannotated	Hypothetical protein of unknown function
Pcub-MSU1_008_000444.1	unannotated	Hypothetical protein of unknown function
Pcub-MSU1_008_000445.1	unannotated	Hypothetical protein of unknown function
Pcub-MSU1_008_000446.1	unannotated	Hypothetical protein of unknown function
Pcub-MSU1_008_000447.1	unannotated	Hypothetical protein of unknown function
Pcub-MSU1_008_000448.1	unannotated	Hypothetical protein of unknown function
Pcub-MSU1_008_000449.1	unannotated	Hypothetical protein of unknown function
Pcub-MSU1_008_000450.1	unannotated	Hypothetical protein of unknown function
Pcub-MSU1_008_000451.1	unannotated	Hypothetical protein of unknown function
Pcub-MSU1_008_000452.1	unannotated	Hypothetical protein of unknown function
Pcub-MSU1_008_000453.1	unannotated	Hypothetical protein of unknown function
Pcub-MSU1_008_000454.1	unannotated	Hypothetical protein of unknown function
Pcub-MSU1_008_000455.1	unannotated	Hypothetical protein of unknown function
Pcub-MSU1_008_000456.1	unannotated	Hypothetical protein of unknown function
Pcub-MSU1_008_000457.1	unannotated	Hypothetical protein of unknown function
Pcub-MSU1_008_000458.1	unannotated	Hypothetical protein of unknown function
Pcub-MSU1_008_000459.1	unannotated	Hypothetical protein of unknown function
Pcub-MSU1_008_000460.1	unannotated	Hypothetical protein of unknown function
Pcub-MSU1_008_000461.1	unannotated	Hypothetical protein of unknown function
Pcub-MSU1_008_000462.1	unannotated	Hypothetical protein of unknown function
Pcub-MSU1_008_000463.1	unannotated	Hypothetical protein of unknown function
Pcub-MSU1_008_000464.1	unannotated	Hypothetical protein of unknown function
Pcub-MSU1_008_000465.1	unannotated	Hypothetical protein of unknown function
Pcub-MSU1_008_000466.1	unannotated	Hypothetical protein of unknown function
Pcub-MSU1_008_000467.1	unannotated	Hypothetical protein of unknown function
Pcub-MSU1_008_000468.1	unannotated	Hypothetical protein of unknown function
Pcub-MSU1_008_000469.1	unannotated	Hypothetical protein of unknown function
Pcub-MSU1_008_000470.1	unannotated	Hypothetical protein of unknown function
Pcub-MSU1_008_000471.1	unannotated	Hypothetical protein of unknown function
Pcub-MSU1_008_000472.1	unannotated	Hypothetical protein of unknown function
Pcub-MSU1_008_000473.1	unannotated	Hypothetical protein of unknown function
Pcub-MSU1_008_000474.1	unannotated	Hypothetical protein of unknown function
Pcub-MSU1_008_000475.1	unannotated	Hypothetical protein of unknown function
Pcub-MSU1_008_000476.1	unannotated	Hypothetical protein of unknown function
Pcub-MSU1_008_000477.1	unannotated	Hypothetical protein of unknown function
Pcub-MSU1_008_000478.1	unannotated	Hypothetical protein of unknown function
Pcub-MSU1_008_000479.1	unannotated	Hypothetical protein of unknown function
Pcub-MSU1_008_000480.1	unannotated	Hypothetical protein of unknown function
Pcub-MSU1_008_000481.1	unannotated	Hypothetical protein of unknown function
Pcub-MSU1_008_000482.1	unannotated	Hypothetical protein of unknown function
Pcub-MSU1_008_000483.1	unannotated	Hypothetical protein of unknown function
Pcub-MSU1_008_000484.1	unannotated	Hypothetical protein of unknown function
Pcub-MSU1_008_000485.1	unannotated	Hypothetical protein of unknown function
Pcub-MSU1_008_000486.1	unannotated	Hypothetical protein of unknown function
Pcub-MSU1_008_000487.1	unannotated	Hypothetical protein of unknown function
Pcub-MSU1_008_000488.1	unannotated	Hypothetical protein of unknown function
Pcub-MSU1_008_000489.1	unannotated	Hypothetical protein of unknown function
Pcub-MSU1_008_000490.1	unannotated	Hypothetical protein of unknown function
Pcub-MSU1_008_000491.1	unannotated	Hypothetical protein of unknown function
Pcub-MSU1_008_000492.1	unannotated	Hypothetical protein of unknown function
Pcub-MSU1_008_000493.1	unannotated	Hypothetical protein of unknown function
Pcub-MSU1_008_000494.1	unannotated	Hypothetical protein of unknown function
Pcub-MSU1_008_000495.1	unannotated	Hypothetical protein of unknown function
Pcub-MSU1_008_000496.1	unannotated	Hypothetical protein of unknown function
Pcub-MSU1_008_000497.1	unannotated	Hypothetical protein of unknown function
Pcub-MSU1_008_000498.1	unannotated	Hypothetical protein of unknown function
Pcub-MSU1_008_000499.1	unannotated	Hypothetical protein of unknown function
Pcub-MSU1_008_000500.1	unannotated	Hypothetical protein of unknown function
Pcub-MSU1_008_000501.1	unannotated	Hypothetical protein of unknown function
Pcub-MSU1_008_000502.1	unannotated	Hypothetical protein of unknown function
Pcub-MSU1_008_000503.1	unannotated	Hypothetical protein of unknown function
Pcub-MSU1_008_000504.1	unannotated	Hypothetical protein of unknown function
Pcub-MSU1_008_000505.1	unannotated	Hypothetical protein of unknown function
Pcub-MSU1_008_000506.1	unannotated	Hypothetical protein of unknown function
Pcub-MSU1_008_000507.1	unannotated	Hypothetical protein of unknown function
Pcub-MSU1_008_000508.1	unannotated	Hypothetical protein of unknown function
Pcub-MSU1_008_000509.1	unannotated	Hypothetical protein of unknown function
Pcub-MSU1_008_000510.1	unannotated	Hypothetical protein of unknown function
Pcub-MSU1_008_000511.1	unannotated	Hypothetical protein of unknown function
Pcub-MSU1_008_000512.1	unannotated	Hypothetical protein of unknown function
Pcub-MSU1_008_000513.1	unannotated	Hypothetical protein of unknown function
Pcub-MSU1_008_000514.1	unannotated	Hypothetical protein of unknown function
Pcub-MSU1_008_000515.1	unannotated	Hypothetical protein of unknown function
Pcub-MSU1_008_000516.1	unannotated	Hypothetical protein of unknown function
Pcub-MSU1_008_000517.1	unannotated	Hypothetical protein of unknown function
Pcub-MSU1_008_000518.1	unannotated	Hypothetical protein of unknown function
Pcub-MSU1_008_000519.1	unannotated	Hypothetical protein of unknown function
Pcub-MSU1_008_000520.1	unannotated	Hypothetical protein of unknown function
Pcub-MSU1_008_000521.1	unannotated	Hypothetical protein of unknown function
Pcub-MSU1_008_000522.1	unannotated	Hypothetical protein of unknown function
Pcub-MSU1_008_000523.1	unannotated	Hypothetical protein of unknown function
Pcub-MSU1_008_000524.1	unannotated	Hypothetical protein of unknown function
Pcub-MSU1_009_000001.1	eggnog	Belongs to the Ca(2 ) cation antiporter (CaCA) (TC 2.A.19) family
Pcub-MSU1_009_000002.1	blastp	Homology to Phytophthora cinnamomi predicted protein KAG6615456.1
Pcub-MSU1_009_000541.1	blastp	Homology to Phytophthora citrophthora predicted protein KAK1930070.1
Pcub-MSU1_009_000540.1	blastp	Homology to Phytophthora ramorum predicted protein KAH7463639.1
Pcub-MSU1_009_000539.1	eggnog	Pc21g00130 protein. Source PGD
Pcub-MSU1_009_000538.1	blastp	Homology to Peronospora belbahrii predicted protein CAH0517696.1
Pcub-MSU1_009_000003.1	blastp	Homology to Phytophthora citrophthora predicted protein KAK1930070.1
Pcub-MSU1_009_000537.1	eggnog	Belongs to the Ca(2 ) cation antiporter (CaCA) (TC 2.A.19) family
Pcub-MSU1_009_000004.1	eggnog	domain-containing protein
Pcub-MSU1_009_000005.1	unannotated	Hypothetical protein of unknown function
Pcub-MSU1_009_000536.1	unannotated	Hypothetical protein of unknown function
Pcub-MSU1_009_000535.1	unannotated	Hypothetical protein of unknown function
Pcub-MSU1_009_000534.1	blastp	Homology to Peronospora destructor predicted protein CAI5710311.1
Pcub-MSU1_009_000533.1	eggnog	domain-containing protein
Pcub-MSU1_009_000006.1	eggnog	Microtubule-binding stalk of dynein motor
Pcub-MSU1_009_000007.1	eggnog	domain-containing protein
Pcub-MSU1_009_000532.1	eggnog	Enoyl-CoA hydratase/isomerase
Pcub-MSU1_009_000008.1	eggnog	Rtr1/RPAP2 family
Pcub-MSU1_009_000531.1	eggnog	GNL3L/Grn1 putative GTPase
Pcub-MSU1_009_000009.1	eggnog	Trm112p-like protein
Pcub-MSU1_009_000530.1	eggnog	TATA element modulatory factor 1 TATA binding
Pcub-MSU1_009_000010.1	eggnog	Uncharacterized conserved protein H4 (DUF2046)
Pcub-MSU1_009_000529.1	eggnog	domain-containing protein
Pcub-MSU1_009_000528.1	eggnog	Lipopolysaccharide kinase (Kdo/WaaP) family
Pcub-MSU1_009_000527.1	eggnog	WD domain, G-beta repeat
Pcub-MSU1_009_000011.1	eggnog	Domain in cystathionine beta-synthase and other proteins
Pcub-MSU1_009_000526.1	eggnog	domain-containing protein
Pcub-MSU1_009_000012.1	eggnog	spectrin binding
Pcub-MSU1_009_000013.1	eggnog	Belongs to the heat shock protein 70 family
Pcub-MSU1_009_000525.1	eggnog	protein folding in endoplasmic reticulum
Pcub-MSU1_009_000524.1	eggnog	Transmembrane amino acid transporter protein
Pcub-MSU1_009_000523.1	eggnog	function. Source PGD
Pcub-MSU1_009_000014.1	blastp	Homology to Phytophthora nicotianae predicted protein ETI52089.1
Pcub-MSU1_009_000522.1	blastp	Homology to Phytophthora fragariae;Phytophthora rubi predicted protein KAE8904486.1
Pcub-MSU1_009_000521.1	interproscan	PTHR22895 domain-containing protein
Pcub-MSU1_009_000015.1	eggnog	Soluble NSF attachment protein, SNAP
Pcub-MSU1_009_000520.1	blastp	Homology to Phytophthora fragariae;Phytophthora rubi predicted protein KAE8904486.1
Pcub-MSU1_009_000519.1	interproscan	PTHR22895 domain-containing protein
Pcub-MSU1_009_000016.1	unannotated	Hypothetical protein of unknown function
Pcub-MSU1_009_000017.1	eggnog	Soluble NSF attachment protein, SNAP
Pcub-MSU1_009_000018.1	unannotated	Hypothetical protein of unknown function
Pcub-MSU1_009_000518.1	blastp	Homology to Phytophthora fragariae;Phytophthora rubi predicted protein KAE8904486.1
Pcub-MSU1_009_000517.1	interproscan	PTHR22895 domain-containing protein
Pcub-MSU1_009_000019.1	unannotated	Hypothetical protein of unknown function
Pcub-MSU1_009_000020.1	eggnog	Soluble NSF attachment protein, SNAP
Pcub-MSU1_009_000021.1	unannotated	Hypothetical protein of unknown function
Pcub-MSU1_009_000516.1	blastp	Homology to Phytophthora fragariae;Phytophthora rubi predicted protein KAE8904486.1
Pcub-MSU1_009_000515.1	interproscan	PTHR22895 domain-containing protein
Pcub-MSU1_009_000022.1	eggnog	Soluble NSF attachment protein, SNAP
Pcub-MSU1_009_000023.1	unannotated	Hypothetical protein of unknown function
Pcub-MSU1_009_000514.1	blastp	Homology to Phytophthora fragariae;Phytophthora rubi predicted protein KAE8904486.1
Pcub-MSU1_009_000513.1	interproscan	PTHR22895 domain-containing protein
Pcub-MSU1_009_000024.1	eggnog	Soluble NSF attachment protein, SNAP
Pcub-MSU1_009_000512.1	blastp	Homology to Phytophthora fragariae;Phytophthora rubi predicted protein KAE8904486.1
Pcub-MSU1_009_000511.1	interproscan	PTHR22895 domain-containing protein
Pcub-MSU1_009_000025.1	unannotated	Hypothetical protein of unknown function
Pcub-MSU1_009_000026.1	eggnog	Soluble NSF attachment protein, SNAP
Pcub-MSU1_009_000510.1	blastp	Homology to Phytophthora fragariae;Phytophthora rubi predicted protein KAE8904486.1
Pcub-MSU1_009_000509.1	interproscan	PTHR22895 domain-containing protein
Pcub-MSU1_009_000027.1	interproscan	PTHR38130 domain-containing protein
Pcub-MSU1_009_000508.1	eggnog	Soluble NSF attachment protein, SNAP
Pcub-MSU1_009_000028.1	unannotated	Hypothetical protein of unknown function
Pcub-MSU1_009_000029.1	eggnog	Soluble NSF attachment protein, SNAP
Pcub-MSU1_009_000030.1	unannotated	Hypothetical protein of unknown function
Pcub-MSU1_009_000507.1	unannotated	Hypothetical protein of unknown function
Pcub-MSU1_009_000031.1	eggnog	Soluble NSF attachment protein, SNAP
Pcub-MSU1_009_000032.1	unannotated	Hypothetical protein of unknown function
Pcub-MSU1_009_000506.1	unannotated	Hypothetical protein of unknown function
Pcub-MSU1_009_000505.1	unannotated	Hypothetical protein of unknown function
Pcub-MSU1_009_000504.1	eggnog	Soluble NSF attachment protein, SNAP
Pcub-MSU1_009_000033.1	eggnog	Soluble NSF attachment protein, SNAP
Pcub-MSU1_009_000034.1	unannotated	Hypothetical protein of unknown function
Pcub-MSU1_009_000503.1	unannotated	Hypothetical protein of unknown function
Pcub-MSU1_009_000502.1	eggnog	Soluble NSF attachment protein, SNAP
Pcub-MSU1_009_000501.1	eggnog	Soluble NSF attachment protein, SNAP
Pcub-MSU1_009_000500.1	unannotated	Hypothetical protein of unknown function
Pcub-MSU1_009_000499.1	unannotated	Hypothetical protein of unknown function
Pcub-MSU1_009_000498.1	eggnog	Soluble NSF attachment protein, SNAP
Pcub-MSU1_009_000497.1	unannotated	Hypothetical protein of unknown function
Pcub-MSU1_009_000496.1	eggnog	Soluble NSF attachment protein, SNAP
Pcub-MSU1_009_000495.1	eggnog	Soluble NSF attachment protein, SNAP
Pcub-MSU1_009_000035.1	eggnog	Soluble NSF attachment protein, SNAP
Pcub-MSU1_009_000494.1	unannotated	Hypothetical protein of unknown function
Pcub-MSU1_009_000493.1	blastp	Homology to Phytophthora rubi predicted protein KAE9025462.1
Pcub-MSU1_009_000492.1	eggnog	WD40 repeats
Pcub-MSU1_009_000491.1	interproscan	PTHR36052 domain-containing protein
Pcub-MSU1_009_000036.1	eggnog	Ribosomal protein L7Ae/L30e/S12e/Gadd45 family
Pcub-MSU1_009_000490.1	eggnog	JmjC domain, hydroxylase
Pcub-MSU1_009_000037.1	interproscan	G3DSA:3.40.50.12710 domain-containing protein
Pcub-MSU1_009_000489.1	eggnog	WD domain, G-beta repeat
Pcub-MSU1_009_000488.1	eggnog	Transmembrane amino acid transporter protein
Pcub-MSU1_009_000038.1	eggnog	WD40 repeats
Pcub-MSU1_009_000039.1	blastp	Homology to Phytophthora fragariae predicted protein KAE8904451.1
Pcub-MSU1_009_000040.1	eggnog	Protein of unknown function (DUF563)
Pcub-MSU1_009_000487.1	blastp	Homology to Phytophthora cinnamomi predicted protein KAG6615482.1
Pcub-MSU1_009_000041.1	interproscan	PTHR18950 domain-containing protein
Pcub-MSU1_009_000486.1	interproscan	G3DSA:1.25.40.10 domain-containing protein
Pcub-MSU1_009_000485.1	blastp	Homology to Phytophthora nicotianae predicted protein ETP49860.1
Pcub-MSU1_009_000042.1	unannotated	Hypothetical protein of unknown function
Pcub-MSU1_009_000043.1	unannotated	Hypothetical protein of unknown function
Pcub-MSU1_009_000484.1	interproscan	PTHR31485 domain-containing protein
Pcub-MSU1_009_000044.1	interproscan	PTHR13510 domain-containing protein
Pcub-MSU1_009_000045.1	eggnog	Elicitin
Pcub-MSU1_009_000046.1	eggnog	Elicitin
Pcub-MSU1_009_000483.1	interproscan	BZIP transcription factor 1 C-terminal domain (PF27643)
Pcub-MSU1_009_000482.1	blastp	Homology to Phytophthora lilii predicted protein GMF09558.1
Pcub-MSU1_009_000047.1	eggnog	phosphopantetheine binding
Pcub-MSU1_009_000481.1	eggnog	phosphopantetheine binding
Pcub-MSU1_009_000048.1	eggnog	phosphopantetheine binding
Pcub-MSU1_009_000480.1	eggnog	phosphopantetheine binding
Pcub-MSU1_009_000049.1	eggnog	cyclic nucleotide-gated ion channel activity
Pcub-MSU1_009_000479.1	unannotated	Hypothetical protein of unknown function
Pcub-MSU1_009_000050.1	eggnog	Prephenate dehydratase
Pcub-MSU1_009_000051.1	eggnog	Prephenate dehydratase
Pcub-MSU1_009_000052.1	blastp	Homology to Peronospora belbahrii predicted protein CAH0476861.1
Pcub-MSU1_009_000053.1	eggnog	N-terminal domain of ribose phosphate pyrophosphokinase
Pcub-MSU1_009_000478.1	blastp	Homology to Phytophthora nicotianae predicted protein ETL98615.1
Pcub-MSU1_009_000054.1	blastp	Homology to Phytophthora nicotianae predicted protein ETK92053.1
Pcub-MSU1_009_000477.1	eggnog	domain-containing protein
Pcub-MSU1_009_000055.1	eggnog	domain-containing protein
Pcub-MSU1_009_000476.1	eggnog	N-terminal domain of ribose phosphate pyrophosphokinase
Pcub-MSU1_009_000056.1	eggnog	helicase activity
Pcub-MSU1_009_000057.1	eggnog	Optic atrophy 3 protein (OPA3)
Pcub-MSU1_009_000475.1	unannotated	Hypothetical protein of unknown function
Pcub-MSU1_009_000474.1	blastp	Homology to Peronospora effusa predicted protein RMX64082.1
Pcub-MSU1_009_000473.1	eggnog	domain-containing protein
Pcub-MSU1_009_000472.1	eggnog	Sad1 / UNC-like C-terminal
Pcub-MSU1_009_000058.1	unannotated	Hypothetical protein of unknown function
Pcub-MSU1_009_000471.1	eggnog	Sad1 / UNC-like C-terminal
Pcub-MSU1_009_000059.1	unannotated	Hypothetical protein of unknown function
Pcub-MSU1_009_000060.1	eggnog	domain-containing protein
Pcub-MSU1_009_000061.1	eggnog	domain-containing protein
Pcub-MSU1_009_000470.1	blastp	Homology to Peronospora effusa predicted protein RQM15458.1
Pcub-MSU1_009_000062.1	blastp	Homology to Phytophthora pseudosyringae predicted protein KAG7386839.1
Pcub-MSU1_009_000469.1	unannotated	Hypothetical protein of unknown function
Pcub-MSU1_009_000468.1	eggnog	domain-containing protein
Pcub-MSU1_009_000467.1	eggnog	Lipase (class 3)
Pcub-MSU1_009_000063.1	eggnog	Leucine Rich repeat
Pcub-MSU1_009_000466.1	eggnog	Lysine methyltransferase
Pcub-MSU1_009_000465.1	eggnog	transcription, DNA-templated
Pcub-MSU1_009_000064.1	eggnog	Endoplasmic Reticulum-Golgi Intermediate Compartment (ERGIC)
Pcub-MSU1_009_000065.1	eggnog	Centrosomal spindle body, CEP44
Pcub-MSU1_009_000464.1	blastp	Homology to Peronospora effusa predicted protein RMX65983.1
Pcub-MSU1_009_000066.1	eggnog	Rad4 beta-hairpin domain 2
Pcub-MSU1_009_000067.1	eggnog	Molybdenum Cofactor Synthesis C
Pcub-MSU1_009_000463.1	eggnog	RNA recognition motif
Pcub-MSU1_009_000462.1	eggnog	Pyrroline-5-carboxylate reductase dimerisation
Pcub-MSU1_009_000068.1	interproscan	PTHR16317 domain-containing protein
Pcub-MSU1_009_000461.1	unannotated	Hypothetical protein of unknown function
Pcub-MSU1_009_000460.1	eggnog	ELMO/CED-12 family
Pcub-MSU1_009_000069.1	eggnog	Type III restriction enzyme, res subunit
Pcub-MSU1_009_000459.1	eggnog	Aminotransferase class I and II
Pcub-MSU1_009_000458.1	eggnog	RNA pseudouridylate synthase
Pcub-MSU1_009_000457.1	blastp	Homology to Phytophthora infestans predicted protein KAF4030060.1
Pcub-MSU1_009_000070.1	blastp	Homology to Phytophthora infestans predicted protein KAF4030060.1
Pcub-MSU1_009_000456.1	blastp	Homology to Phytophthora infestans predicted protein KAF4030060.1
Pcub-MSU1_009_000455.1	blastp	Homology to Phytophthora infestans predicted protein KAF4040891.1
Pcub-MSU1_009_000071.1	blastp	Homology to Phytophthora infestans predicted protein KAF4040891.1
Pcub-MSU1_009_000072.1	interproscan	PTHR11188 domain-containing protein
Pcub-MSU1_009_000073.1	eggnog	domain-containing protein
Pcub-MSU1_009_000454.1	eggnog	Dynactin subunit p22
Pcub-MSU1_009_000453.1	interproscan	BZIP transcription factor 1 C-terminal domain (PF27643)
Pcub-MSU1_009_000074.1	interproscan	BZIP transcription factor 1 C-terminal domain (PF27643)
Pcub-MSU1_009_000075.1	eggnog	Poly (ADP-ribose) glycohydrolase (PARG)
Pcub-MSU1_009_000076.1	unannotated	Hypothetical protein of unknown function
Pcub-MSU1_009_000077.1	unannotated	Hypothetical protein of unknown function
Pcub-MSU1_009_000452.1	unannotated	Hypothetical protein of unknown function
Pcub-MSU1_009_000078.1	blastp	Homology to Peronospora destructor predicted protein CAI5718231.1
Pcub-MSU1_009_000079.1	blastp	Homology to Peronospora destructor predicted protein CAI5725600.1
Pcub-MSU1_009_000080.1	eggnog	Pantoate-beta-alanine ligase
Pcub-MSU1_009_000451.1	eggnog	RecQ zinc-binding
Pcub-MSU1_009_000081.1	eggnog	Eukaryotic aspartyl protease
Pcub-MSU1_009_000450.1	eggnog	Zinc finger, C2H2 type
Pcub-MSU1_009_000082.1	blastp	Homology to Peronospora belbahrii predicted protein CAH0474731.1
Pcub-MSU1_009_000449.1	interproscan	PTHR21229 domain-containing protein
Pcub-MSU1_009_000083.1	eggnog	Kinesin motor, catalytic domain. ATPase
Pcub-MSU1_009_000448.1	eggnog	tRNA synthetases class I (W and Y)
Pcub-MSU1_009_000084.1	blastp	Homology to Phytophthora nicotianae predicted protein ETI52322.1
Pcub-MSU1_009_000085.1	blastp	Homology to Phytophthora pseudosyringae predicted protein KAG7385441.1
Pcub-MSU1_009_000447.1	eggnog	FAD dependent oxidoreductase
Pcub-MSU1_009_000086.1	eggnog	domain-containing protein
Pcub-MSU1_009_000087.1	eggnog	Domain in ubiquitin-specific proteases
Pcub-MSU1_009_000446.1	blastp	Homology to Phytophthora cactorum predicted protein KAG2767514.1
Pcub-MSU1_009_000088.1	eggnog	protein serine/threonine kinase activity
Pcub-MSU1_009_000445.1	eggnog	Zinc finger C-x8-C-x5-C-x3-H type (and similar)
Pcub-MSU1_009_000444.1	eggnog	GINS complex protein
Pcub-MSU1_009_000089.1	eggnog	Aida N-terminus
Pcub-MSU1_009_000090.1	eggnog	Pc21g00130 protein. Source PGD
Pcub-MSU1_009_000091.1	eggnog	PhoX homologous domain, present in p47phox and p40phox
Pcub-MSU1_009_000443.1	eggnog	Aida N-terminus
Pcub-MSU1_009_000092.1	eggnog	domain-containing protein
Pcub-MSU1_009_000442.1	eggnog	DCD
Pcub-MSU1_009_000093.1	eggnog	Initiation factor 2 subunit family
Pcub-MSU1_009_000441.1	unannotated	Hypothetical protein of unknown function
Pcub-MSU1_009_000440.1	blastp	Homology to Phytophthora cactorum predicted protein KAG2767579.1
Pcub-MSU1_009_000094.1	blastp	Homology to Phytophthora pseudosyringae predicted protein KAG7378860.1
Pcub-MSU1_009_000439.1	blastp	Homology to Phytophthora nicotianae predicted protein XP_008901771.1
Pcub-MSU1_009_000095.1	eggnog	domain-containing protein
Pcub-MSU1_009_000096.1	blastp	Homology to Peronospora destructor predicted protein CAI5747329.1
Pcub-MSU1_009_000097.1	eggnog	Prefoldin subunit
Pcub-MSU1_009_000438.1	interproscan	PTHR13168 domain-containing protein
Pcub-MSU1_009_000098.1	eggnog	Oxysterol-binding protein
Pcub-MSU1_009_000437.1	eggnog	Protein of unknown function (DUF1620)
Pcub-MSU1_009_000436.1	eggnog	Nfx1-type zinc finger-containing protein
Pcub-MSU1_009_000099.1	eggnog	Nfx1-type zinc finger-containing protein
Pcub-MSU1_009_000100.1	interproscan	G3DSA:2.60.120.260 domain-containing protein
Pcub-MSU1_009_000435.1	eggnog	RNA-directed 5'-3' RNA polymerase activity
Pcub-MSU1_009_000101.1	eggnog	cristae formation
Pcub-MSU1_009_000434.1	eggnog	domain-containing protein
Pcub-MSU1_009_000433.1	eggnog	domain-containing protein
Pcub-MSU1_009_000102.1	eggnog	Extension to Ser/Thr-type protein kinases
Pcub-MSU1_009_000103.1	eggnog	AAA domain, putative AbiEii toxin, Type IV TA system
Pcub-MSU1_009_000104.1	eggnog	Mannosyltransferase putative
Pcub-MSU1_009_000105.1	eggnog	MAP kinase
Pcub-MSU1_009_000106.1	eggnog	Sterile alpha motif
Pcub-MSU1_009_000432.1	eggnog	domain-containing protein
Pcub-MSU1_009_000107.1	eggnog	PP-loop family
Pcub-MSU1_009_000431.1	eggnog	Acyl-coenzyme A oxidase N-terminal
Pcub-MSU1_009_000430.1	eggnog	Glycosyl hydrolase family 81
Pcub-MSU1_009_000429.1	eggnog	Acyl-coenzyme A oxidase N-terminal
Pcub-MSU1_009_000428.1	eggnog	Glycosyl hydrolase family 81
Pcub-MSU1_009_000427.1	eggnog	domain-containing protein
Pcub-MSU1_009_000426.1	unannotated	Hypothetical protein of unknown function
Pcub-MSU1_009_000425.1	eggnog	Acyl-coenzyme A oxidase N-terminal
Pcub-MSU1_009_000424.1	eggnog	Prefoldin subunit
Pcub-MSU1_009_000423.1	eggnog	Glycosyl hydrolase family 81
Pcub-MSU1_009_000108.1	eggnog	Glycosyl hydrolase family 81
Pcub-MSU1_009_000109.1	eggnog	Glycosyl hydrolase family 81
Pcub-MSU1_009_000110.1	eggnog	Acyl-coenzyme A oxidase N-terminal
Pcub-MSU1_009_000111.1	eggnog	Prefoldin subunit
Pcub-MSU1_009_000112.1	interproscan	G3DSA:1.10.418.10 domain-containing protein
Pcub-MSU1_009_000422.1	eggnog	domain-containing protein
Pcub-MSU1_009_000113.1	eggnog	Acyl-coenzyme A oxidase N-terminal
Pcub-MSU1_009_000421.1	eggnog	Cysteine-rich secretory protein family
Pcub-MSU1_009_000420.1	eggnog	protein N-acetylglucosaminyltransferase activity
Pcub-MSU1_009_000419.1	eggnog	prostaglandin catabolic process
Pcub-MSU1_009_000114.1	interproscan	PTHR46518 domain-containing protein
Pcub-MSU1_009_000418.1	eggnog	protein targeting to lysosome
Pcub-MSU1_009_000115.1	eggnog	Ubiquitin-conjugating enzyme E2, catalytic domain homologues
Pcub-MSU1_009_000116.1	unannotated	Hypothetical protein of unknown function
Pcub-MSU1_009_000417.1	eggnog	Ubiquitin-conjugating enzyme E2, catalytic domain homologues
Pcub-MSU1_009_000416.1	unannotated	Hypothetical protein of unknown function
Pcub-MSU1_009_000117.1	eggnog	Nsp1-like C-terminal region
Pcub-MSU1_009_000415.1	eggnog	Cysteine-rich secretory protein family
Pcub-MSU1_009_000118.1	unannotated	Hypothetical protein of unknown function
Pcub-MSU1_009_000119.1	eggnog	Cysteine-rich secretory protein family
Pcub-MSU1_009_000120.1	eggnog	Cysteine-rich secretory protein family
Pcub-MSU1_009_000121.1	eggnog	Cysteine-rich secretory protein family
Pcub-MSU1_009_000122.1	eggnog	Cysteine-rich secretory protein family
Pcub-MSU1_009_000123.1	eggnog	Cysteine-rich secretory protein family
Pcub-MSU1_009_000124.1	eggnog	Cysteine-rich secretory protein family
Pcub-MSU1_009_000125.1	eggnog	Cysteine-rich secretory protein family
Pcub-MSU1_009_000414.1	eggnog	Cysteine-rich secretory protein family
Pcub-MSU1_009_000413.1	eggnog	Cysteine-rich secretory protein family
Pcub-MSU1_009_000126.1	eggnog	Cysteine-rich secretory protein family
Pcub-MSU1_009_000412.1	eggnog	ABC1 family
Pcub-MSU1_009_000127.1	eggnog	DNA replication origin binding
Pcub-MSU1_009_000411.1	blastp	Homology to Phytophthora lilii predicted protein GMF13219.1
Pcub-MSU1_009_000128.1	eggnog	DNA replication origin binding
Pcub-MSU1_009_000129.1	eggnog	Zinc-finger of nitric oxide synthase-interacting protein
Pcub-MSU1_009_000410.1	blastp	Homology to Peronospora farinosa predicted protein CAH0488165.1
Pcub-MSU1_009_000130.1	blastp	Homology to Phytophthora nicotianae predicted protein XP_008890239.1
Pcub-MSU1_009_000131.1	blastp	Homology to Phytophthora megakarya predicted protein OWZ07041.1
Pcub-MSU1_009_000409.1	blastp	Homology to Phytophthora aleatoria predicted protein KAG6948161.1
Pcub-MSU1_009_000408.1	interproscan	G3DSA:2.60.120.680 domain-containing protein
Pcub-MSU1_009_000132.1	eggnog	Protein present in Fab1, YOTB, Vac1, and EEA1
Pcub-MSU1_009_000133.1	eggnog	Protein present in Fab1, YOTB, Vac1, and EEA1
Pcub-MSU1_009_000407.1	eggnog	Cysteine-rich secretory protein family
Pcub-MSU1_009_000406.1	interproscan	SSF101898 domain-containing protein
Pcub-MSU1_009_000405.1	eggnog	Domain present in VPS9
Pcub-MSU1_009_000134.1	eggnog	transcription, DNA-templated
Pcub-MSU1_009_000404.1	eggnog	Protein kinase C conserved region 2 (CalB)
Pcub-MSU1_009_000135.1	eggnog	Choline/Carnitine o-acyltransferase
Pcub-MSU1_009_000403.1	eggnog	domain-containing protein
Pcub-MSU1_009_000136.1	eggnog	RNA polymerase III transcription
Pcub-MSU1_009_000137.1	eggnog	protein K6-linked ubiquitination
Pcub-MSU1_009_000402.1	eggnog	Cysteine-rich secretory protein family
Pcub-MSU1_009_000401.1	eggnog	domain-containing protein
Pcub-MSU1_009_000400.1	unannotated	Hypothetical protein of unknown function
Pcub-MSU1_009_000138.1	eggnog	Belongs to the DHHC palmitoyltransferase family
Pcub-MSU1_009_000399.1	eggnog	Peptidase family M13
Pcub-MSU1_009_000139.1	eggnog	EXOIII
Pcub-MSU1_009_000140.1	eggnog	Calcium-activated chloride channel
Pcub-MSU1_009_000398.1	eggnog	UTP--glucose-1-phosphate uridylyltransferase
Pcub-MSU1_009_000397.1	eggnog	triglyceride catabolic process
Pcub-MSU1_009_000141.1	eggnog	domain-containing protein
Pcub-MSU1_009_000142.1	eggnog	domain-containing protein
Pcub-MSU1_009_000143.1	blastp	Homology to Phytophthora idaei predicted protein KAG3084260.1
Pcub-MSU1_009_000144.1	eggnog	domain-containing protein
Pcub-MSU1_009_000396.1	eggnog	alpha/beta hydrolase fold
Pcub-MSU1_009_000145.1	interproscan	PTHR44227 domain-containing protein
Pcub-MSU1_009_000146.1	eggnog	domain-containing protein
Pcub-MSU1_009_000395.1	eggnog	Adenylate cyclase
Pcub-MSU1_009_000394.1	blastp	Homology to Phytophthora cactorum predicted protein KAG2781813.1
Pcub-MSU1_009_000147.1	eggnog	DNA-dependent RNA polymerase catalyzes the transcription of DNA into RNA using the four ribonucleoside triphosphates as substrates
Pcub-MSU1_009_000393.1	eggnog	Belongs to the short-chain dehydrogenases reductases (SDR) family
Pcub-MSU1_009_000148.1	blastp	Homology to Phytophthora idaei predicted protein KAG3141130.1
Pcub-MSU1_009_000149.1	eggnog	Necrosis inducing protein (NPP1)
Pcub-MSU1_009_000150.1	unannotated	Hypothetical protein of unknown function
Pcub-MSU1_009_000151.1	eggnog	Snapin/Pallidin
Pcub-MSU1_009_000392.1	blastp	Homology to Phytophthora rubi predicted protein KAE9035393.1
Pcub-MSU1_009_000391.1	eggnog	RNA recognition motif
Pcub-MSU1_009_000152.1	unannotated	Hypothetical protein of unknown function
Pcub-MSU1_009_000153.1	eggnog	RxLR effector
Pcub-MSU1_009_000390.1	eggnog	Domain found in a variety of signalling proteins, always encircled by uDENN and dDENN
Pcub-MSU1_009_000389.1	eggnog	Eukaryotic family of unknown function (DUF1754)
Pcub-MSU1_009_000154.1	interproscan	PTHR43102 domain-containing protein
Pcub-MSU1_009_000388.1	eggnog	Asparaginase
Pcub-MSU1_009_000155.1	eggnog	domain-containing protein
Pcub-MSU1_009_000156.1	eggnog	Pirin
Pcub-MSU1_009_000157.1	eggnog	ubiquitin-protein transferase activity
Pcub-MSU1_009_000158.1	eggnog	Domain present in PSD-95, Dlg, and ZO-1/2
Pcub-MSU1_009_000387.1	eggnog	exopeptidase activity
Pcub-MSU1_009_000386.1	eggnog	Putative DNA-binding domain in centromere protein B, mouse jerky and transposases
Pcub-MSU1_009_000385.1	eggnog	ubiquitin-protein transferase activity
Pcub-MSU1_009_000384.1	eggnog	Pirin
Pcub-MSU1_009_000159.1	eggnog	Alpha-kinase family
Pcub-MSU1_009_000383.1	blastp	Homology to Phytophthora fragariae predicted protein KAE8890780.1
Pcub-MSU1_009_000160.1	blastp	Homology to Phytophthora cactorum;Phytophthora idaei predicted protein KAG2781822.1
Pcub-MSU1_009_000161.1	blastp	Homology to Phytophthora sojae predicted protein XP_009522252.1
Pcub-MSU1_009_000382.1	interproscan	PTHR18947 domain-containing protein
Pcub-MSU1_009_000381.1	eggnog	microtubule plus end polymerase
Pcub-MSU1_009_000162.1	interproscan	PTHR18947 domain-containing protein
Pcub-MSU1_009_000380.1	blastp	Homology to Phytophthora sojae predicted protein XP_009522252.1
Pcub-MSU1_009_000379.1	blastp	Homology to Phytophthora aleatoria predicted protein KAG6961259.1
Pcub-MSU1_009_000378.1	interproscan	PTHR13510 domain-containing protein
Pcub-MSU1_009_000377.1	blastp	Homology to Phytophthora lilii predicted protein GMF34315.1
Pcub-MSU1_009_000376.1	eggnog	Crinkler (CRN) family protein
Pcub-MSU1_009_000163.1	blastp	Homology to Phytophthora pseudosyringae predicted protein KAG7387115.1
Pcub-MSU1_009_000375.1	eggnog	Rubisco LSMT substrate-binding
Pcub-MSU1_009_000164.1	interproscan	PTHR13510 domain-containing protein
Pcub-MSU1_009_000165.1	eggnog	Rubisco LSMT substrate-binding
Pcub-MSU1_009_000374.1	blastp	Homology to Phytophthora pseudosyringae predicted protein KAG7387115.1
Pcub-MSU1_009_000373.1	eggnog	Acid Phosphatase
Pcub-MSU1_009_000166.1	eggnog	domain-containing protein
Pcub-MSU1_009_000167.1	unannotated	Hypothetical protein of unknown function
Pcub-MSU1_009_000168.1	eggnog	domain-containing protein
Pcub-MSU1_009_000169.1	unannotated	Hypothetical protein of unknown function
Pcub-MSU1_009_000372.1	eggnog	domain-containing protein
Pcub-MSU1_009_000170.1	eggnog	domain-containing protein
Pcub-MSU1_009_000371.1	eggnog	domain-containing protein
Pcub-MSU1_009_000370.1	eggnog	domain-containing protein
Pcub-MSU1_009_000171.1	eggnog	Dehydrogenase
Pcub-MSU1_009_000369.1	blastp	Homology to predicted protein KAH7506310.1
Pcub-MSU1_009_000172.1	blastp	Homology to Phytophthora cactorum predicted protein KAG3186361.1
Pcub-MSU1_009_000368.1	eggnog	Ras of Complex, Roc, domain of DAPkinase
Pcub-MSU1_009_000173.1	eggnog	F-actin-capping proteins bind in a Ca(2 )-independent manner to the fast growing ends of actin filaments (barbed end) thereby blocking the exchange of subunits at these ends
Pcub-MSU1_009_000367.1	eggnog	WD40 repeats
Pcub-MSU1_009_000366.1	eggnog	Aconitase family (aconitate hydratase)
Pcub-MSU1_009_000174.1	eggnog	Lysine methyltransferase
Pcub-MSU1_009_000175.1	eggnog	domain-containing protein
Pcub-MSU1_009_000176.1	blastp	Homology to Peronospora farinosa predicted protein CAH0488286.1
Pcub-MSU1_009_000365.1	eggnog	Essential component of the vacuolar proton pump (V- ATPase), a multimeric enzyme that catalyzes the translocation of protons across the membranes
Pcub-MSU1_009_000364.1	eggnog	Oxidoreductase family, NAD-binding Rossmann fold
Pcub-MSU1_009_000177.1	eggnog	Essential component of the vacuolar proton pump (V- ATPase), a multimeric enzyme that catalyzes the translocation of protons across the membranes
Pcub-MSU1_009_000363.1	blastp	Homology to Peronospora farinosa predicted protein CAH0488286.1
Pcub-MSU1_009_000362.1	eggnog	domain-containing protein
Pcub-MSU1_009_000361.1	eggnog	Lysine methyltransferase
Pcub-MSU1_009_000178.1	blastp	Homology to Phytophthora pseudosyringae predicted protein KAG7386820.1
Pcub-MSU1_009_000179.1	blastp	Homology to Phytophthora nicotianae predicted protein XP_008897934.1
Pcub-MSU1_009_000180.1	eggnog	Belongs to the peptidase S16 family
Pcub-MSU1_009_000181.1	eggnog	Thioesterase-like superfamily
Pcub-MSU1_009_000360.1	eggnog	AN1-like Zinc finger
Pcub-MSU1_009_000182.1	eggnog	domain-containing protein
Pcub-MSU1_009_000183.1	eggnog	domain-containing protein
Pcub-MSU1_009_000359.1	eggnog	protein serine/threonine kinase activity
Pcub-MSU1_009_000184.1	eggnog	Ubiquitin fusion degradation protein UFD1
Pcub-MSU1_009_000185.1	eggnog	This protein is an auxiliary protein of DNA polymerase delta and is involved in the control of eukaryotic DNA replication by increasing the polymerase's processibility during elongation of the leading strand
Pcub-MSU1_009_000358.1	eggnog	Transmembrane amino acid transporter protein
Pcub-MSU1_009_000186.1	eggnog	WD domain, G-beta repeat
Pcub-MSU1_009_000357.1	eggnog	domain-containing protein
Pcub-MSU1_009_000187.1	blastp	Homology to Phytophthora aleatoria predicted protein KAG6963253.1
Pcub-MSU1_009_000188.1	eggnog	Pirin
Pcub-MSU1_009_000356.1	eggnog	Ion transport protein
Pcub-MSU1_009_000189.1	unannotated	Hypothetical protein of unknown function
Pcub-MSU1_009_000190.1	eggnog	domain-containing protein
Pcub-MSU1_009_000191.1	blastp	Homology to Phytophthora idaei predicted protein KAG3113624.1
Pcub-MSU1_009_000192.1	eggnog	Extension to Ser/Thr-type protein kinases
Pcub-MSU1_009_000193.1	eggnog	Short calmodulin-binding motif containing conserved Ile and Gln residues
Pcub-MSU1_009_000194.1	interproscan	PTHR31827 domain-containing protein
Pcub-MSU1_009_000195.1	eggnog	Protein of unknown function (DUF2723)
Pcub-MSU1_009_000196.1	eggnog	O-methyltransferase activity
Pcub-MSU1_009_000197.1	eggnog	O-methyltransferase activity
Pcub-MSU1_009_000198.1	eggnog	RxLR effector
Pcub-MSU1_009_000199.1	eggnog	Initiation factor 2 subunit family
Pcub-MSU1_009_000355.1	eggnog	Protein of unknown function (DUF2723)
Pcub-MSU1_009_000200.1	eggnog	O-methyltransferase activity
Pcub-MSU1_009_000201.1	eggnog	O-methyltransferase activity
Pcub-MSU1_009_000202.1	eggnog	Protein of unknown function (DUF2723)
Pcub-MSU1_009_000203.1	eggnog	O-methyltransferase activity
Pcub-MSU1_009_000204.1	eggnog	O-methyltransferase activity
Pcub-MSU1_009_000205.1	eggnog	Protein of unknown function (DUF2723)
Pcub-MSU1_009_000354.1	eggnog	Protein of unknown function (DUF2723)
Pcub-MSU1_009_000206.1	eggnog	Protein of unknown function (DUF2723)
Pcub-MSU1_009_000207.1	eggnog	O-methyltransferase activity
Pcub-MSU1_009_000353.1	eggnog	O-methyltransferase activity
Pcub-MSU1_009_000352.1	eggnog	Protein of unknown function (DUF2723)
Pcub-MSU1_009_000351.1	eggnog	O-methyltransferase activity
Pcub-MSU1_009_000350.1	eggnog	RNB
Pcub-MSU1_009_000208.1	eggnog	Initiation factor 2 subunit family
Pcub-MSU1_009_000349.1	eggnog	Protein of unknown function (DUF2723)
Pcub-MSU1_009_000209.1	eggnog	Elongation factor G C-terminus
Pcub-MSU1_009_000348.1	eggnog	Domain of unknown function (DUF4457)
Pcub-MSU1_009_000347.1	eggnog	Alg9-like mannosyltransferase family
Pcub-MSU1_009_000346.1	eggnog	RxLR effector
Pcub-MSU1_009_000345.1	eggnog	RxLR effector
Pcub-MSU1_009_000344.1	eggnog	RxLR effector
Pcub-MSU1_009_000343.1	eggnog	RxLR effector
Pcub-MSU1_009_000210.1	eggnog	domain-containing protein
Pcub-MSU1_009_000211.1	interproscan	PTHR38019 domain-containing protein
Pcub-MSU1_009_000212.1	eggnog	ZIP Zinc transporter
Pcub-MSU1_009_000213.1	eggnog	domain-containing protein
Pcub-MSU1_009_000342.1	eggnog	hAT family C-terminal dimerisation region
Pcub-MSU1_009_000214.1	eggnog	Kinase-like
Pcub-MSU1_009_000341.1	eggnog	SpoU rRNA Methylase family
Pcub-MSU1_009_000215.1	eggnog	RecQ zinc-binding
Pcub-MSU1_009_000340.1	eggnog	DNA-dependent RNA polymerase catalyzes the transcription of DNA into RNA using the four ribonucleoside triphosphates as substrates
Pcub-MSU1_009_000216.1	eggnog	MreB/Mbl protein
Pcub-MSU1_009_000339.1	eggnog	regulation of mitotic cell cycle
Pcub-MSU1_009_000338.1	eggnog	regulation of mitotic cell cycle
Pcub-MSU1_009_000337.1	eggnog	regulation of mitotic cell cycle
Pcub-MSU1_009_000217.1	eggnog	Rft protein
Pcub-MSU1_009_000336.1	eggnog	Crinkler (CRN) family protein
Pcub-MSU1_009_000335.1	eggnog	Cytochrome P450
Pcub-MSU1_009_000334.1	eggnog	Cytochrome P450
Pcub-MSU1_009_000333.1	eggnog	Crinkler (CRN) family protein
Pcub-MSU1_009_000218.1	eggnog	Crinkler (CRN) family protein
Pcub-MSU1_009_000219.1	eggnog	Rft protein
Pcub-MSU1_009_000220.1	eggnog	Cytochrome P450
Pcub-MSU1_009_000221.1	eggnog	Cytochrome P450
Pcub-MSU1_009_000222.1	eggnog	ABC transporter
Pcub-MSU1_009_000332.1	eggnog	Dynein light chain type 1
Pcub-MSU1_009_000223.1	interproscan	SSF52540 domain-containing protein
Pcub-MSU1_009_000331.1	eggnog	TatD related DNase
Pcub-MSU1_009_000224.1	blastp	Homology to Peronospora destructor predicted protein CAI5728098.1
Pcub-MSU1_009_000225.1	blastp	Homology to Phytophthora aleatoria predicted protein KAG6975855.1
Pcub-MSU1_009_000330.1	eggnog	Regulator of chromosome condensation (RCC1) repeat
Pcub-MSU1_009_000226.1	eggnog	TatD related DNase
Pcub-MSU1_009_000329.1	interproscan	SSF52540 domain-containing protein
Pcub-MSU1_009_000227.1	eggnog	Dynein light chain type 1
Pcub-MSU1_009_000328.1	eggnog	ABC transporter
Pcub-MSU1_009_000327.1	eggnog	Cytochrome P450
Pcub-MSU1_009_000326.1	eggnog	Cytochrome P450
Pcub-MSU1_009_000228.1	eggnog	domain-containing protein
Pcub-MSU1_009_000325.1	eggnog	Rft protein
Pcub-MSU1_009_000229.1	eggnog	regulation of mitotic cell cycle
Pcub-MSU1_009_000324.1	eggnog	Cytochrome P450
Pcub-MSU1_009_000323.1	eggnog	Rft protein
Pcub-MSU1_009_000322.1	eggnog	Rft protein
Pcub-MSU1_009_000230.1	eggnog	regulation of mitotic cell cycle
Pcub-MSU1_009_000231.1	eggnog	domain-containing protein
Pcub-MSU1_009_000321.1	blastp	Homology to Phytophthora pseudosyringae predicted protein KAG7389861.1
Pcub-MSU1_009_000320.1	eggnog	RxLR effector
Pcub-MSU1_009_000232.1	eggnog	methyltransferase activity
Pcub-MSU1_009_000319.1	unannotated	Hypothetical protein of unknown function
Pcub-MSU1_009_000233.1	eggnog	methyltransferase activity
Pcub-MSU1_009_000318.1	eggnog	RxLR effector
Pcub-MSU1_009_000317.1	eggnog	very-long-chain-acyl-CoA dehydrogenase activity
Pcub-MSU1_009_000316.1	eggnog	very-long-chain-acyl-CoA dehydrogenase activity
Pcub-MSU1_009_000234.1	eggnog	Domain of unknown function (DUF3510)
Pcub-MSU1_009_000235.1	blastp	Homology to Phytophthora pseudosyringae predicted protein KAG7390355.1
Pcub-MSU1_009_000315.1	eggnog	domain-containing protein
Pcub-MSU1_009_000236.1	eggnog	Extension to Ser/Thr-type protein kinases
Pcub-MSU1_009_000237.1	blastp	Homology to Peronospora destructor predicted protein CAI5728081.1
Pcub-MSU1_009_000314.1	eggnog	Subtilase family
Pcub-MSU1_009_000313.1	blastp	Homology to Peronospora destructor predicted protein CAI5728081.1
Pcub-MSU1_009_000238.1	blastp	Homology to Phytophthora cactorum;Phytophthora aleatoria predicted protein KAF1793384.1
Pcub-MSU1_009_000239.1	eggnog	very-long-chain-acyl-CoA dehydrogenase activity
Pcub-MSU1_009_000240.1	eggnog	RxLR effector
Pcub-MSU1_009_000312.1	eggnog	domain-containing protein
Pcub-MSU1_009_000241.1	eggnog	C-terminal to LisH motif
Pcub-MSU1_009_000242.1	interproscan	PTHR37028 domain-containing protein
Pcub-MSU1_009_000311.1	eggnog	Inositol-pentakisphosphate 2-kinase
Pcub-MSU1_009_000310.1	interproscan	PTHR37028 domain-containing protein
Pcub-MSU1_009_000309.1	eggnog	C-terminal to LisH motif
Pcub-MSU1_009_000243.1	eggnog	Inositol-pentakisphosphate 2-kinase
Pcub-MSU1_009_000244.1	eggnog	Inositol-pentakisphosphate 2-kinase
Pcub-MSU1_009_000245.1	blastp	Homology to Phytophthora fragariae predicted protein KAE9335092.1
Pcub-MSU1_009_000246.1	interproscan	PTHR46068 domain-containing protein
Pcub-MSU1_009_000308.1	blastp	Homology to Phytophthora aleatoria predicted protein KAG6975845.1
Pcub-MSU1_009_000247.1	blastp	Homology to Phytophthora pseudosyringae predicted protein KAG7389861.1
Pcub-MSU1_009_000307.1	eggnog	domain-containing protein
Pcub-MSU1_009_000248.1	eggnog	Domain of unknown function (DUF3452)
Pcub-MSU1_009_000306.1	eggnog	domain-containing protein
Pcub-MSU1_009_000305.1	eggnog	domain-containing protein
Pcub-MSU1_009_000249.1	blastp	Homology to Phytophthora pseudosyringae predicted protein KAG7389849.1
Pcub-MSU1_009_000304.1	interproscan	PTHR23159 domain-containing protein
Pcub-MSU1_009_000303.1	eggnog	domain-containing protein
Pcub-MSU1_009_000302.1	eggnog	Protein tyrosine kinase
Pcub-MSU1_009_000250.1	blastp	Homology to Phytophthora cactorum predicted protein KAG2775273.1
Pcub-MSU1_009_000251.1	eggnog	Protein tyrosine kinase
Pcub-MSU1_009_000301.1	interproscan	PTHR32083 domain-containing protein
Pcub-MSU1_009_000252.1	blastp	Homology to Peronospora belbahrii predicted protein CAH0516568.1
Pcub-MSU1_009_000300.1	eggnog	domain-containing protein
Pcub-MSU1_009_000253.1	blastp	Homology to Peronospora belbahrii predicted protein CAH0477996.1
Pcub-MSU1_009_000299.1	eggnog	positive regulation of TOR signaling
Pcub-MSU1_009_000298.1	eggnog	Ankyrin repeat
Pcub-MSU1_009_000254.1	eggnog	Tetratricopeptide repeats
Pcub-MSU1_009_000297.1	eggnog	Autophagy-related protein 101
Pcub-MSU1_009_000296.1	eggnog	Ring finger
Pcub-MSU1_009_000255.1	eggnog	Nitrogen permease regulator 2
Pcub-MSU1_009_000295.1	eggnog	Domain Homologous to E6-AP Carboxyl Terminus with
Pcub-MSU1_009_000256.1	blastp	Homology to Phytophthora pseudosyringae predicted protein KAG7383340.1
Pcub-MSU1_009_000294.1	blastp	Homology to Phytophthora ramorum predicted protein KAH7460836.1
Pcub-MSU1_009_000293.1	eggnog	Ubiquitin carboxyl-terminal hydrolase
Pcub-MSU1_009_000257.1	eggnog	Extension to Ser/Thr-type protein kinases
Pcub-MSU1_009_000258.1	eggnog	RNA polymerase III transcription factor (TF)IIIC subunit
Pcub-MSU1_009_000259.1	eggnog	Domain in homologues of a S
Pcub-MSU1_009_000292.1	eggnog	Tubulin-tyrosine ligase family
Pcub-MSU1_009_000260.1	interproscan	PTHR47057 domain-containing protein
Pcub-MSU1_009_000261.1	blastp	Homology to Phytophthora cactorum predicted protein KAG6961200.1
Pcub-MSU1_009_000291.1	eggnog	domain-containing protein
Pcub-MSU1_009_000262.1	eggnog	Macrophage migration inhibitory factor (MIF)
Pcub-MSU1_009_000290.1	eggnog	protein kinase activity
Pcub-MSU1_009_000263.1	eggnog	Ankyrin repeats (many copies)
Pcub-MSU1_009_000264.1	eggnog	Rubisco LSMT substrate-binding
Pcub-MSU1_009_000289.1	eggnog	Ribosomal proteins 50S-L18Ae/60S-L20/60S-L18A
Pcub-MSU1_009_000288.1	eggnog	protein serine/threonine kinase activity
Pcub-MSU1_009_000287.1	blastp	Homology to Peronospora effusa predicted protein RMX68066.1
Pcub-MSU1_009_000286.1	eggnog	positive regulation of glutamate neurotransmitter secretion in response to membrane depolarization
Pcub-MSU1_009_000265.1	eggnog	Protein tyrosine kinase
Pcub-MSU1_009_000285.1	eggnog	Protein tyrosine kinase
Pcub-MSU1_009_000284.1	eggnog	positive regulation of glutamate neurotransmitter secretion in response to membrane depolarization
Pcub-MSU1_009_000266.1	eggnog	Protein tyrosine kinase
Pcub-MSU1_009_000267.1	unannotated	Hypothetical protein of unknown function
Pcub-MSU1_009_000283.1	eggnog	Protein tyrosine kinase
Pcub-MSU1_009_000268.1	eggnog	positive regulation of glutamate neurotransmitter secretion in response to membrane depolarization
Pcub-MSU1_009_000282.1	eggnog	positive regulation of glutamate neurotransmitter secretion in response to membrane depolarization
Pcub-MSU1_009_000269.1	eggnog	histone serine kinase activity
Pcub-MSU1_009_000270.1	unannotated	Hypothetical protein of unknown function
Pcub-MSU1_009_000281.1	eggnog	Protein tyrosine kinase
Pcub-MSU1_009_000271.1	eggnog	positive regulation of glutamate neurotransmitter secretion in response to membrane depolarization
Pcub-MSU1_009_000272.1	eggnog	histone serine kinase activity
Pcub-MSU1_009_000280.1	unannotated	Hypothetical protein of unknown function
Pcub-MSU1_009_000273.1	eggnog	transposition, RNA-mediated
Pcub-MSU1_009_000279.1	eggnog	Protein tyrosine kinase
Pcub-MSU1_009_000278.1	eggnog	phosphatidylglycerol acyl-chain remodeling
Pcub-MSU1_009_000277.1	interproscan	PTHR35213 domain-containing protein
Pcub-MSU1_009_000274.1	eggnog	domain-containing protein
Pcub-MSU1_009_000275.1	eggnog	domain-containing protein
Pcub-MSU1_009_000276.1	blastp	Homology to Phytophthora nicotianae predicted protein ETL80697.1
Pcub-MSU1_010_000001.1	eggnog	Belongs to the glycosyl hydrolase 47 family
Pcub-MSU1_010_000002.1	eggnog	Kazal type serine protease inhibitors
Pcub-MSU1_010_000381.1	eggnog	AAA domain (Cdc48 subfamily)
Pcub-MSU1_010_000003.1	eggnog	Phosphatidyl serine synthase
Pcub-MSU1_010_000380.1	eggnog	Pyridoxal-phosphate dependent enzyme
Pcub-MSU1_010_000379.1	eggnog	Pyridoxal-phosphate dependent enzyme
Pcub-MSU1_010_000378.1	eggnog	Pyridoxal-phosphate dependent enzyme
Pcub-MSU1_010_000004.1	eggnog	Pyridoxal-phosphate dependent enzyme
Pcub-MSU1_010_000377.1	eggnog	Pyridoxal-phosphate dependent enzyme
Pcub-MSU1_010_000005.1	unannotated	Hypothetical protein of unknown function
Pcub-MSU1_010_000006.1	interproscan	PTHR13510 domain-containing protein
Pcub-MSU1_010_000376.1	eggnog	Interconversion of serine and glycine
Pcub-MSU1_010_000375.1	eggnog	arachidonic acid secretion
Pcub-MSU1_010_000007.1	eggnog	MatE
Pcub-MSU1_010_000008.1	interproscan	PTHR13510 domain-containing protein
Pcub-MSU1_010_000009.1	eggnog	arachidonic acid secretion
Pcub-MSU1_010_000374.1	eggnog	Transcription initiation factor TFIID 23-30kDa subunit
Pcub-MSU1_010_000373.1	eggnog	FYVE zinc finger
Pcub-MSU1_010_000010.1	eggnog	CAP_GLY
Pcub-MSU1_010_000372.1	eggnog	NADH-ubiquinone reductase complex 1 MLRQ subunit
Pcub-MSU1_010_000371.1	eggnog	secreted RxLR effector peptide protein
Pcub-MSU1_010_000011.1	eggnog	secreted RxLR effector peptide protein
Pcub-MSU1_010_000012.1	eggnog	NADH-ubiquinone reductase complex 1 MLRQ subunit
Pcub-MSU1_010_000370.1	eggnog	CAP_GLY
Pcub-MSU1_010_000369.1	eggnog	NADH-ubiquinone reductase complex 1 MLRQ subunit
Pcub-MSU1_010_000013.1	eggnog	NADH-ubiquinone reductase complex 1 MLRQ subunit
Pcub-MSU1_010_000368.1	eggnog	NADH-ubiquinone reductase complex 1 MLRQ subunit
Pcub-MSU1_010_000014.1	eggnog	NADH-ubiquinone reductase complex 1 MLRQ subunit
Pcub-MSU1_010_000367.1	blastp	Homology to Phytophthora aleatoria predicted protein KAG6944929.1
Pcub-MSU1_010_000366.1	eggnog	PPR repeat
Pcub-MSU1_010_000365.1	blastp	Homology to Phytophthora cinnamomi predicted protein KAG6616337.1
Pcub-MSU1_010_000364.1	blastp	Homology to Peronospora belbahrii predicted protein CAH0478928.1
Pcub-MSU1_010_000015.1	blastp	Homology to Peronospora belbahrii predicted protein CAH0478928.1
Pcub-MSU1_010_000016.1	blastp	Homology to Peronospora belbahrii predicted protein CAH0478928.1
Pcub-MSU1_010_000017.1	blastp	Homology to Peronospora belbahrii predicted protein CAH0478928.1
Pcub-MSU1_010_000018.1	blastp	Homology to Peronospora belbahrii predicted protein CAH0478928.1
Pcub-MSU1_010_000019.1	blastp	Homology to Phytophthora cactorum predicted protein KAG2786370.1
Pcub-MSU1_010_000363.1	blastp	Homology to Phytophthora nicotianae predicted protein ETP50945.1
Pcub-MSU1_010_000020.1	blastp	Homology to Phytophthora nicotianae predicted protein ETP50945.1
Pcub-MSU1_010_000362.1	blastp	Homology to Phytophthora nicotianae predicted protein ETP50945.1
Pcub-MSU1_010_000021.1	blastp	Homology to Phytophthora nicotianae predicted protein ETP50945.1
Pcub-MSU1_010_000361.1	blastp	Homology to Phytophthora palmivora predicted protein POM67127.1
Pcub-MSU1_010_000022.1	eggnog	ATP-binding Cassette (ABC) superfamily
Pcub-MSU1_010_000023.1	blastp	Homology to Phytophthora fragariae;Phytophthora rubi predicted protein KAE8903274.1
Pcub-MSU1_010_000360.1	eggnog	Protein-only RNase P
Pcub-MSU1_010_000024.1	eggnog	regulation of ARF protein signal transduction
Pcub-MSU1_010_000025.1	eggnog	BT1 family
Pcub-MSU1_010_000359.1	interproscan	PTHR31585 domain-containing protein
Pcub-MSU1_010_000358.1	unannotated	Hypothetical protein of unknown function
Pcub-MSU1_010_000026.1	unannotated	Hypothetical protein of unknown function
Pcub-MSU1_010_000027.1	blastp	Homology to Phytophthora ramorum predicted protein KAH7491388.1
Pcub-MSU1_010_000028.1	eggnog	Mitochondrial carrier protein
Pcub-MSU1_010_000357.1	eggnog	Replication protein A C terminal
Pcub-MSU1_010_000356.1	eggnog	Tubulin-tyrosine ligase family
Pcub-MSU1_010_000355.1	interproscan	PTHR31836 domain-containing protein
Pcub-MSU1_010_000354.1	blastp	Homology to Phytophthora ramorum predicted protein KAH7491388.1
Pcub-MSU1_010_000029.1	eggnog	Lytic transglycolase
Pcub-MSU1_010_000030.1	interproscan	PTHR31836 domain-containing protein
Pcub-MSU1_010_000353.1	eggnog	Domain of unknown function (DUF4209)
Pcub-MSU1_010_000031.1	blastp	Homology to Phytophthora idaei predicted protein KAG3050954.1
Pcub-MSU1_010_000032.1	eggnog	WD domain, G-beta repeat
Pcub-MSU1_010_000033.1	interproscan	PTHR16306 domain-containing protein
Pcub-MSU1_010_000034.1	eggnog	Domain of unknown function (DUF4209)
Pcub-MSU1_010_000352.1	blastp	Homology to Phytophthora capsici predicted protein KAG1687213.1
Pcub-MSU1_010_000351.1	interproscan	PTHR13510 domain-containing protein
Pcub-MSU1_010_000350.1	interproscan	PTHR13510 domain-containing protein
Pcub-MSU1_010_000035.1	eggnog	Ammonium Transporter Family
Pcub-MSU1_010_000349.1	eggnog	GDSL-like Lipase/Acylhydrolase
Pcub-MSU1_010_000348.1	eggnog	Ammonium Transporter Family
Pcub-MSU1_010_000347.1	interproscan	PTHR13510 domain-containing protein
Pcub-MSU1_010_000036.1	blastp	Homology to Pythium oligandrum predicted protein TMW58764.1
Pcub-MSU1_010_000346.1	eggnog	Crinkler (CRN) family protein
Pcub-MSU1_010_000037.1	blastp	Homology to Lagenidium giganteum predicted protein AOW41675.1
Pcub-MSU1_010_000345.1	eggnog	Crinkler (CRN) family protein
Pcub-MSU1_010_000038.1	eggnog	Adenosine/AMP deaminase
Pcub-MSU1_010_000344.1	interproscan	PTHR21694 domain-containing protein
Pcub-MSU1_010_000039.1	blastp	Homology to Pythium insidiosum predicted protein GLE09673.1
Pcub-MSU1_010_000343.1	blastp	Homology to Lagenidium giganteum predicted protein AOW41675.1
Pcub-MSU1_010_000040.1	interproscan	PTHR21694 domain-containing protein
Pcub-MSU1_010_000342.1	eggnog	Adenosine/AMP deaminase
Pcub-MSU1_010_000041.1	eggnog	Crinkler (CRN) family protein
Pcub-MSU1_010_000341.1	eggnog	Crinkler (CRN) family protein
Pcub-MSU1_010_000340.1	unannotated	Hypothetical protein of unknown function
Pcub-MSU1_010_000339.1	unannotated	Hypothetical protein of unknown function
Pcub-MSU1_010_000338.1	interproscan	PTHR13510 domain-containing protein
Pcub-MSU1_010_000337.1	interproscan	PTHR13510 domain-containing protein
Pcub-MSU1_010_000042.1	unannotated	Hypothetical protein of unknown function
Pcub-MSU1_010_000043.1	eggnog	Cytochrome P450
Pcub-MSU1_010_000044.1	interproscan	PTHR13510 domain-containing protein
Pcub-MSU1_010_000045.1	interproscan	PTHR13510 domain-containing protein
Pcub-MSU1_010_000046.1	eggnog	transposition, RNA-mediated
Pcub-MSU1_010_000336.1	unannotated	Hypothetical protein of unknown function
Pcub-MSU1_010_000335.1	blastp	Homology to Phytophthora infestans predicted protein KAF4027977.1
Pcub-MSU1_010_000047.1	interproscan	PTHR13510 domain-containing protein
Pcub-MSU1_010_000048.1	interproscan	PTHR13510 domain-containing protein
Pcub-MSU1_010_000334.1	interproscan	PTHR13510 domain-containing protein
Pcub-MSU1_010_000333.1	interproscan	PTHR13510 domain-containing protein
Pcub-MSU1_010_000332.1	interproscan	PTHR13510 domain-containing protein
Pcub-MSU1_010_000331.1	unannotated	Hypothetical protein of unknown function
Pcub-MSU1_010_000330.1	eggnog	Major Facilitator Superfamily
Pcub-MSU1_010_000049.1	eggnog	GDSL-like Lipase/Acylhydrolase
Pcub-MSU1_010_000329.1	eggnog	GDSL-like Lipase/Acylhydrolase
Pcub-MSU1_010_000050.1	eggnog	Major Facilitator Superfamily
Pcub-MSU1_010_000051.1	interproscan	PTHR13510 domain-containing protein
Pcub-MSU1_010_000052.1	interproscan	PTHR13510 domain-containing protein
Pcub-MSU1_010_000328.1	eggnog	Source PGD
Pcub-MSU1_010_000327.1	interproscan	PTHR13510 domain-containing protein
Pcub-MSU1_010_000053.1	eggnog	F-box LRR-repeat protein
Pcub-MSU1_010_000326.1	eggnog	Dihydroprymidine dehydrogenase domain II, 4Fe-4S cluster
Pcub-MSU1_010_000054.1	interproscan	PTHR38566 domain-containing protein
Pcub-MSU1_010_000325.1	eggnog	Lissencephaly type-1-like homology motif
Pcub-MSU1_010_000055.1	interproscan	PTHR13510 domain-containing protein
Pcub-MSU1_010_000324.1	interproscan	PTHR13510 domain-containing protein
Pcub-MSU1_010_000323.1	interproscan	PTHR13510 domain-containing protein
Pcub-MSU1_010_000322.1	eggnog	Kinase associated domain 1
Pcub-MSU1_010_000056.1	blastp	Homology to Phytophthora cactorum predicted protein KAF1772653.1
Pcub-MSU1_010_000321.1	eggnog	EF-hand, calcium binding motif
Pcub-MSU1_010_000320.1	interproscan	G3DSA:3.40.50.720 domain-containing protein
Pcub-MSU1_010_000057.1	interproscan	PTHR35213 domain-containing protein
Pcub-MSU1_010_000319.1	eggnog	AAA domain (Cdc48 subfamily)
Pcub-MSU1_010_000318.1	eggnog	AAA domain (Cdc48 subfamily)
Pcub-MSU1_010_000058.1	eggnog	AAA domain (Cdc48 subfamily)
Pcub-MSU1_010_000317.1	eggnog	Ribosomal protein L41
Pcub-MSU1_010_000059.1	blastp	Homology to Phytophthora rubi predicted protein KAE8978062.1
Pcub-MSU1_010_000060.1	eggnog	Eukaryotic membrane protein family
Pcub-MSU1_010_000316.1	eggnog	1-phosphatidylinositol binding
Pcub-MSU1_010_000315.1	blastp	Homology to Phytophthora sojae predicted protein XP_009528427.1
Pcub-MSU1_010_000061.1	eggnog	Nop14-like family
Pcub-MSU1_010_000314.1	eggnog	Ribosomal protein S16
Pcub-MSU1_010_000062.1	eggnog	domain-containing protein
Pcub-MSU1_010_000063.1	eggnog	transcription-coupled nucleotide-excision repair
Pcub-MSU1_010_000313.1	eggnog	1,3-beta-glucan synthase subunit FKS1
Pcub-MSU1_010_000064.1	eggnog	Possible plasma membrane-binding motif in junctophilins, PIP-5-kinases and protein kinases
Pcub-MSU1_010_000312.1	eggnog	Domain of unknown function (DUF3395)
Pcub-MSU1_010_000311.1	interproscan	PTHR43102 domain-containing protein
Pcub-MSU1_010_000310.1	eggnog	Pumilio-family RNA binding repeat
Pcub-MSU1_010_000309.1	eggnog	Pumilio-family RNA binding repeat
Pcub-MSU1_010_000065.1	unannotated	Hypothetical protein of unknown function
Pcub-MSU1_010_000066.1	blastp	Homology to Aphanomyces astaci predicted protein RLO08578.1
Pcub-MSU1_010_000308.1	unannotated	Hypothetical protein of unknown function
Pcub-MSU1_010_000307.1	blastp	Homology to Phytophthora sojae;Phytophthora lilii predicted protein XP_009537389.1
Pcub-MSU1_010_000306.1	blastp	Homology to Phytophthora palmivora predicted protein POM81456.1
Pcub-MSU1_010_000305.1	eggnog	domain-containing protein
Pcub-MSU1_010_000304.1	eggnog	Pumilio-family RNA binding repeat
Pcub-MSU1_010_000303.1	eggnog	Pumilio-family RNA binding repeat
Pcub-MSU1_010_000067.1	unannotated	Hypothetical protein of unknown function
Pcub-MSU1_010_000068.1	blastp	Homology to Aphanomyces astaci predicted protein RLO08578.1
Pcub-MSU1_010_000302.1	unannotated	Hypothetical protein of unknown function
Pcub-MSU1_010_000301.1	blastp	Homology to Phytophthora sojae;Phytophthora lilii predicted protein XP_009537389.1
Pcub-MSU1_010_000300.1	blastp	Homology to Phytophthora sojae;Phytophthora lilii predicted protein XP_009537389.1
Pcub-MSU1_010_000299.1	eggnog	domain-containing protein
Pcub-MSU1_010_000298.1	eggnog	Pumilio-family RNA binding repeat
Pcub-MSU1_010_000297.1	eggnog	transcription-coupled nucleotide-excision repair
Pcub-MSU1_010_000069.1	eggnog	ribosome biogenesis protein (TSR3)
Pcub-MSU1_010_000070.1	eggnog	domain-containing protein
Pcub-MSU1_010_000296.1	eggnog	Protein phosphatase 2C
Pcub-MSU1_010_000295.1	eggnog	Vitamin-D-receptor interacting Mediator subunit 4
Pcub-MSU1_010_000071.1	eggnog	Phosphatidylinositolglycan class N (PIG-N)
Pcub-MSU1_010_000072.1	eggnog	ribosomal protein import into nucleus
Pcub-MSU1_010_000294.1	eggnog	domain-containing protein
Pcub-MSU1_010_000073.1	eggnog	Zinc finger, C3HC4 type (RING finger)
Pcub-MSU1_010_000293.1	unannotated	Hypothetical protein of unknown function
Pcub-MSU1_010_000074.1	unannotated	Hypothetical protein of unknown function
Pcub-MSU1_010_000075.1	eggnog	Zinc finger, C3HC4 type (RING finger)
Pcub-MSU1_010_000076.1	blastp	Homology to Phytophthora pseudosyringae predicted protein KAG7389258.1
Pcub-MSU1_010_000292.1	eggnog	Zinc-binding dehydrogenase
Pcub-MSU1_010_000291.1	unannotated	Hypothetical protein of unknown function
Pcub-MSU1_010_000290.1	eggnog	Belongs to the TRAFAC class myosin-kinesin ATPase superfamily
Pcub-MSU1_010_000289.1	eggnog	Zinc finger, C3HC4 type (RING finger)
Pcub-MSU1_010_000288.1	eggnog	Aldose 1-epimerase
Pcub-MSU1_010_000077.1	unannotated	Hypothetical protein of unknown function
Pcub-MSU1_010_000287.1	unannotated	Hypothetical protein of unknown function
Pcub-MSU1_010_000286.1	blastp	Homology to Phytophthora nicotianae predicted protein ETM39463.1
Pcub-MSU1_010_000078.1	interproscan	PTHR13510 domain-containing protein
Pcub-MSU1_010_000285.1	interproscan	PTHR13510 domain-containing protein
Pcub-MSU1_010_000079.1	interproscan	PTHR13510 domain-containing protein
Pcub-MSU1_010_000284.1	interproscan	PTHR13510 domain-containing protein
Pcub-MSU1_010_000080.1	interproscan	PTHR13510 domain-containing protein
Pcub-MSU1_010_000283.1	eggnog	domain-containing protein
Pcub-MSU1_010_000081.1	eggnog	minichromosome maintenance proteins
Pcub-MSU1_010_000082.1	eggnog	Rho guanyl-nucleotide exchange factor activity
Pcub-MSU1_010_000282.1	blastp	Homology to Phytophthora lilii predicted protein GMF17051.1
Pcub-MSU1_010_000281.1	eggnog	Beta-eliminating lyase
Pcub-MSU1_010_000280.1	eggnog	Alpha/beta hydrolase of unknown function (DUF915)
Pcub-MSU1_010_000279.1	eggnog	Domain present in phytochromes and cGMP-specific phosphodiesterases
Pcub-MSU1_010_000278.1	interproscan	c(""""""""Pol polyprotein"""""""", """""""" beta-barrel domain"""""""") (PF22936)
Pcub-MSU1_010_000083.1	eggnog	Alpha/beta hydrolase of unknown function (DUF915)
Pcub-MSU1_010_000084.1	unannotated	Hypothetical protein of unknown function
Pcub-MSU1_010_000085.1	eggnog	Alpha/beta hydrolase of unknown function (DUF915)
Pcub-MSU1_010_000086.1	blastp	Homology to Phytophthora cactorum predicted protein KAG2786512.1
Pcub-MSU1_010_000277.1	blastp	Homology to Phytophthora pseudosyringae predicted protein KAG7389223.1
Pcub-MSU1_010_000087.1	eggnog	Actin
Pcub-MSU1_010_000276.1	eggnog	Aldehyde dehydrogenase family
Pcub-MSU1_010_000275.1	unannotated	Hypothetical protein of unknown function
Pcub-MSU1_010_000088.1	blastp	Homology to Phytophthora pseudosyringae predicted protein KAG7389223.1
Pcub-MSU1_010_000274.1	blastp	Homology to Peronospora farinosa predicted protein CAH0488465.1
Pcub-MSU1_010_000273.1	eggnog	Alpha/beta hydrolase of unknown function (DUF915)
Pcub-MSU1_010_000089.1	eggnog	domain-containing protein
Pcub-MSU1_010_000272.1	eggnog	Ribosomal protein L11/L12
Pcub-MSU1_010_000090.1	blastp	Homology to Peronospora belbahrii predicted protein CAH0478858.1
Pcub-MSU1_010_000271.1	unannotated	Hypothetical protein of unknown function
Pcub-MSU1_010_000091.1	eggnog	SWIRM-associated region 1
Pcub-MSU1_010_000092.1	eggnog	Leucine Rich repeat
Pcub-MSU1_010_000093.1	eggnog	Aromatic amino acid lyase
Pcub-MSU1_010_000270.1	eggnog	secreted RxLR effector peptide protein
Pcub-MSU1_010_000094.1	eggnog	Aromatic amino acid lyase
Pcub-MSU1_010_000269.1	eggnog	secreted RxLR effector peptide protein
Pcub-MSU1_010_000095.1	eggnog	glycoprotein-N-acetylgalactosamine 3-beta-galactosyltransferase activity
Pcub-MSU1_010_000096.1	eggnog	MatE
Pcub-MSU1_010_000097.1	eggnog	Belongs to the actin family
Pcub-MSU1_010_000098.1	eggnog	negative regulation of DNA replication
Pcub-MSU1_010_000099.1	blastp	Homology to Phytophthora cactorum predicted protein KAG3007945.1
Pcub-MSU1_010_000100.1	eggnog	May be involved in fusion of retrograde transport vesicles derived from an endocytic compartment with the Golgi complex
Pcub-MSU1_010_000268.1	eggnog	Belongs to the cation transport ATPase (P-type) (TC 3.A.3) family
Pcub-MSU1_010_000101.1	eggnog	ATPase family associated with various cellular activities (AAA)
Pcub-MSU1_010_000267.1	eggnog	Las17-binding protein actin regulator
Pcub-MSU1_010_000266.1	blastp	Homology to Phytophthora cinnamomi predicted protein KAJ8523767.1
Pcub-MSU1_010_000102.1	interproscan	PTHR34117 domain-containing protein
Pcub-MSU1_010_000103.1	blastp	Homology to Phytophthora cactorum predicted protein KAG3182758.1
Pcub-MSU1_010_000265.1	eggnog	1,3-beta-glucan synthase subunit FKS1
Pcub-MSU1_010_000264.1	unannotated	Hypothetical protein of unknown function
Pcub-MSU1_010_000104.1	eggnog	Sugar (and other) transporter
Pcub-MSU1_010_000105.1	eggnog	Phospholipid-translocating P-type ATPase C-terminal
Pcub-MSU1_010_000263.1	unannotated	Hypothetical protein of unknown function
Pcub-MSU1_010_000262.1	blastp	Homology to Phytophthora aleatoria predicted protein KAG6952669.1
Pcub-MSU1_010_000261.1	eggnog	domain-containing protein
Pcub-MSU1_010_000106.1	eggnog	heat shock factor
Pcub-MSU1_010_000107.1	eggnog	heat shock factor
Pcub-MSU1_010_000260.1	eggnog	ribosomal small subunit export from nucleus
Pcub-MSU1_010_000259.1	eggnog	DNA binding
Pcub-MSU1_010_000258.1	interproscan	PTHR13510 domain-containing protein
Pcub-MSU1_010_000257.1	eggnog	regulation of parkin-mediated stimulation of mitophagy in response to mitochondrial depolarization
Pcub-MSU1_010_000108.1	interproscan	PTHR13510 domain-containing protein
Pcub-MSU1_010_000109.1	eggnog	Integral membrane protein DUF92
Pcub-MSU1_010_000110.1	unannotated	Hypothetical protein of unknown function
Pcub-MSU1_010_000111.1	interproscan	PTHR13510 domain-containing protein
Pcub-MSU1_010_000256.1	blastp	Homology to Phytophthora cactorum predicted protein KAG6952894.1
Pcub-MSU1_010_000112.1	blastp	Homology to Phytophthora cactorum predicted protein KAG6952894.1
Pcub-MSU1_010_000255.1	unannotated	Hypothetical protein of unknown function
Pcub-MSU1_010_000254.1	unannotated	Hypothetical protein of unknown function
Pcub-MSU1_010_000253.1	unannotated	Hypothetical protein of unknown function
Pcub-MSU1_010_000252.1	unannotated	Hypothetical protein of unknown function
Pcub-MSU1_010_000251.1	blastp	Homology to Phytophthora palmivora predicted protein POM71455.1
Pcub-MSU1_010_000113.1	blastp	Homology to Phytophthora cinnamomi predicted protein KAG6616392.1
Pcub-MSU1_010_000250.1	eggnog	Major Facilitator Superfamily
Pcub-MSU1_010_000114.1	interproscan	PTHR31134 domain-containing protein
Pcub-MSU1_010_000249.1	eggnog	RxLR effector
Pcub-MSU1_010_000248.1	interproscan	G3DSA:2.60.40.200 domain-containing protein
Pcub-MSU1_010_000115.1	interproscan	PTHR31134 domain-containing protein
Pcub-MSU1_010_000247.1	blastp	Homology to Phytophthora cactorum predicted protein KAF1777462.1
Pcub-MSU1_010_000246.1	interproscan	G3DSA:2.60.40.200 domain-containing protein
Pcub-MSU1_010_000116.1	interproscan	G3DSA:2.60.40.200 domain-containing protein
Pcub-MSU1_010_000117.1	eggnog	RecQ zinc-binding
Pcub-MSU1_010_000245.1	interproscan	G3DSA:2.60.40.200 domain-containing protein
Pcub-MSU1_010_000118.1	eggnog	RecQ zinc-binding
Pcub-MSU1_010_000244.1	interproscan	G3DSA:2.60.40.200 domain-containing protein
Pcub-MSU1_010_000119.1	eggnog	RecQ zinc-binding
Pcub-MSU1_010_000243.1	interproscan	G3DSA:2.60.40.200 domain-containing protein
Pcub-MSU1_010_000120.1	eggnog	RecQ zinc-binding
Pcub-MSU1_010_000121.1	interproscan	G3DSA:2.60.40.200 domain-containing protein
Pcub-MSU1_010_000242.1	eggnog	RecQ zinc-binding
Pcub-MSU1_010_000122.1	interproscan	G3DSA:2.60.40.200 domain-containing protein
Pcub-MSU1_010_000241.1	eggnog	RecQ zinc-binding
Pcub-MSU1_010_000240.1	eggnog	RecQ zinc-binding
Pcub-MSU1_010_000123.1	interproscan	G3DSA:2.60.40.200 domain-containing protein
Pcub-MSU1_010_000239.1	eggnog	RecQ zinc-binding
Pcub-MSU1_010_000124.1	interproscan	G3DSA:2.60.40.200 domain-containing protein
Pcub-MSU1_010_000125.1	blastp	Homology to Phytophthora megakarya predicted protein OWZ08236.1
Pcub-MSU1_010_000238.1	blastp	Homology to Peronospora belbahrii predicted protein CAH0479293.1
Pcub-MSU1_010_000126.1	interproscan	PTHR31134 domain-containing protein
Pcub-MSU1_010_000237.1	eggnog	RxLR effector
Pcub-MSU1_010_000236.1	interproscan	PTHR13510 domain-containing protein
Pcub-MSU1_010_000235.1	interproscan	PTHR13510 domain-containing protein
Pcub-MSU1_010_000127.1	unannotated	Hypothetical protein of unknown function
Pcub-MSU1_010_000234.1	interproscan	PTHR22538 domain-containing protein
Pcub-MSU1_010_000233.1	blastp	Homology to Phytophthora pseudosyringae predicted protein KAG7375214.1
Pcub-MSU1_010_000128.1	unannotated	Hypothetical protein of unknown function
Pcub-MSU1_010_000129.1	eggnog	domain-containing protein
Pcub-MSU1_010_000232.1	eggnog	Protein phosphatase 2A regulatory B subunit (B56 family)
Pcub-MSU1_010_000130.1	eggnog	domain-containing protein
Pcub-MSU1_010_000231.1	interproscan	PTHR13510 domain-containing protein
Pcub-MSU1_010_000131.1	eggnog	function. Source PGD
Pcub-MSU1_010_000230.1	eggnog	Apoptosis-inducing factor, mitochondrion-associated, C-term
Pcub-MSU1_010_000132.1	eggnog	Annexin
Pcub-MSU1_010_000229.1	eggnog	Protein tyrosine kinase
Pcub-MSU1_010_000228.1	unannotated	Hypothetical protein of unknown function
Pcub-MSU1_010_000133.1	eggnog	Organic solute transporter Ostalpha
Pcub-MSU1_010_000134.1	eggnog	occurring C-terminal to leucine-rich repeats
Pcub-MSU1_010_000135.1	eggnog	Possible plasma membrane-binding motif in junctophilins, PIP-5-kinases and protein kinases
Pcub-MSU1_010_000227.1	eggnog	occurring C-terminal to leucine-rich repeats
Pcub-MSU1_010_000226.1	eggnog	Protein kinase C conserved region 2 (CalB)
Pcub-MSU1_010_000136.1	blastp	Homology to Phytophthora pseudosyringae predicted protein KAG7378049.1
Pcub-MSU1_010_000137.1	eggnog	domain-containing protein
Pcub-MSU1_010_000225.1	eggnog	palmitoyl-(protein) hydrolase activity
Pcub-MSU1_010_000138.1	eggnog	palmitoyl-(protein) hydrolase activity
Pcub-MSU1_010_000139.1	eggnog	Isocitrate/isopropylmalate dehydrogenase
Pcub-MSU1_010_000140.1	eggnog	HECT-domain (ubiquitin-transferase)
Pcub-MSU1_010_000224.1	eggnog	domain-containing protein
Pcub-MSU1_010_000223.1	interproscan	PTHR34035 domain-containing protein
Pcub-MSU1_010_000141.1	eggnog	ABC transporter transmembrane region 2
Pcub-MSU1_010_000142.1	eggnog	Kazal type serine protease inhibitors
Pcub-MSU1_010_000222.1	eggnog	5'-flap endonuclease activity
Pcub-MSU1_010_000143.1	eggnog	26S Proteasome non-ATPase regulatory subunit
Pcub-MSU1_010_000221.1	eggnog	Ribosomal protein S11
Pcub-MSU1_010_000220.1	unannotated	Hypothetical protein of unknown function
Pcub-MSU1_010_000144.1	eggnog	riboflavin transmembrane transporter activity
Pcub-MSU1_010_000145.1	eggnog	Prp19/Pso4-like
Pcub-MSU1_010_000219.1	eggnog	domain-containing protein
Pcub-MSU1_010_000218.1	blastp	Homology to Phytophthora aleatoria predicted protein KAG6949654.1
Pcub-MSU1_010_000217.1	eggnog	domain-containing protein
Pcub-MSU1_010_000216.1	blastp	Homology to Phytophthora pseudosyringae predicted protein KAG7377400.1
Pcub-MSU1_010_000146.1	eggnog	domain-containing protein
Pcub-MSU1_010_000215.1	eggnog	Endonuclease/Exonuclease/phosphatase family
Pcub-MSU1_010_000214.1	eggnog	Zinc-binding domain, present in Dystrophin, CREB-binding protein
Pcub-MSU1_010_000147.1	blastp	Homology to Phytophthora lilii predicted protein GMF65776.1
Pcub-MSU1_010_000148.1	eggnog	Carboxylesterase family
Pcub-MSU1_010_000213.1	unannotated	Hypothetical protein of unknown function
Pcub-MSU1_010_000212.1	unannotated	Hypothetical protein of unknown function
Pcub-MSU1_010_000211.1	unannotated	Hypothetical protein of unknown function
Pcub-MSU1_010_000210.1	eggnog	Belongs to the glycosyl hydrolase 47 family
Pcub-MSU1_010_000149.1	eggnog	Belongs to the glycosyl hydrolase 47 family
Pcub-MSU1_010_000150.1	eggnog	Belongs to the glycosyl hydrolase 47 family
Pcub-MSU1_010_000151.1	eggnog	Belongs to the glycosyl hydrolase 47 family
Pcub-MSU1_010_000152.1	eggnog	Belongs to the glycosyl hydrolase 47 family
Pcub-MSU1_010_000153.1	eggnog	Belongs to the glycosyl hydrolase 47 family
Pcub-MSU1_010_000154.1	eggnog	Belongs to the glycosyl hydrolase 47 family
Pcub-MSU1_010_000209.1	eggnog	Belongs to the glycosyl hydrolase 47 family
Pcub-MSU1_010_000208.1	eggnog	protein dimerization activity
Pcub-MSU1_010_000207.1	eggnog	domain-containing protein
Pcub-MSU1_010_000155.1	unannotated	Hypothetical protein of unknown function
Pcub-MSU1_010_000156.1	eggnog	domain-containing protein
Pcub-MSU1_010_000157.1	eggnog	protein dimerization activity
Pcub-MSU1_010_000206.1	eggnog	Belongs to the MCM family
Pcub-MSU1_010_000158.1	eggnog	Phosphoglycerate mutase family
Pcub-MSU1_010_000159.1	eggnog	secreted RxLR effector peptide protein
Pcub-MSU1_010_000160.1	eggnog	domain-containing protein
Pcub-MSU1_010_000161.1	eggnog	domain-containing protein
Pcub-MSU1_010_000205.1	eggnog	BolA-like protein
Pcub-MSU1_010_000162.1	eggnog	RIC1
Pcub-MSU1_010_000204.1	unannotated	Hypothetical protein of unknown function
Pcub-MSU1_010_000203.1	unannotated	Hypothetical protein of unknown function
Pcub-MSU1_010_000163.1	interproscan	BZIP transcription factor 1 C-terminal domain (PF27643)
Pcub-MSU1_010_000164.1	interproscan	BZIP transcription factor 1 C-terminal domain (PF27643)
Pcub-MSU1_010_000165.1	unannotated	Hypothetical protein of unknown function
Pcub-MSU1_010_000166.1	interproscan	BZIP transcription factor 1 C-terminal domain (PF27643)
Pcub-MSU1_010_000167.1	interproscan	BZIP transcription factor 1 C-terminal domain (PF27643)
Pcub-MSU1_010_000202.1	interproscan	BZIP transcription factor 1 C-terminal domain (PF27643)
Pcub-MSU1_010_000201.1	unannotated	Hypothetical protein of unknown function
Pcub-MSU1_010_000200.1	interproscan	BZIP transcription factor 1 C-terminal domain (PF27643)
Pcub-MSU1_010_000199.1	interproscan	BZIP transcription factor 1 C-terminal domain (PF27643)
Pcub-MSU1_010_000168.1	eggnog	domain-containing protein
Pcub-MSU1_010_000198.1	eggnog	60S ribosome biogenesis protein Rrp14
Pcub-MSU1_010_000169.1	eggnog	Cleft lip and palate transmembrane protein 1 (CLPTM1)
Pcub-MSU1_010_000170.1	eggnog	Protein tyrosine kinase
Pcub-MSU1_010_000171.1	blastp	Homology to Phytophthora fragariaefolia predicted protein GMF40971.1
Pcub-MSU1_010_000172.1	eggnog	ABC-2 type transporter
Pcub-MSU1_010_000197.1	eggnog	ABC transporter
Pcub-MSU1_010_000173.1	eggnog	ABC transporter
Pcub-MSU1_010_000174.1	eggnog	This protein promotes the GTP-dependent binding of aminoacyl-tRNA to the A-site of ribosomes during protein biosynthesis
Pcub-MSU1_010_000196.1	eggnog	Protein tyrosine kinase
Pcub-MSU1_010_000175.1	interproscan	PTHR13510 domain-containing protein
Pcub-MSU1_010_000195.1	blastp	Homology to Peronospora farinosa predicted protein CAH0493339.1
Pcub-MSU1_010_000176.1	eggnog	Source PGD
Pcub-MSU1_010_000177.1	eggnog	A20-like zinc finger
Pcub-MSU1_010_000194.1	eggnog	3-oxo-5-alpha-steroid 4-dehydrogenase
Pcub-MSU1_010_000178.1	eggnog	domain-containing protein
Pcub-MSU1_010_000179.1	eggnog	Etoposide-induced protein 2.4 (EI24)
Pcub-MSU1_010_000193.1	eggnog	Etoposide-induced protein 2.4 (EI24)
Pcub-MSU1_010_000192.1	eggnog	Etoposide-induced protein 2.4 (EI24)
Pcub-MSU1_010_000180.1	blastp	Homology to predicted protein KAH7500034.1
Pcub-MSU1_010_000181.1	unannotated	Hypothetical protein of unknown function
Pcub-MSU1_010_000191.1	eggnog	Carboxylesterase family
Pcub-MSU1_010_000190.1	eggnog	Putative RNA methylase family UPF0020
Pcub-MSU1_010_000189.1	eggnog	Putative RNA methylase family UPF0020
Pcub-MSU1_010_000188.1	eggnog	domain-containing protein
Pcub-MSU1_010_000182.1	unannotated	Hypothetical protein of unknown function
Pcub-MSU1_010_000187.1	eggnog	Carboxylesterase family
Pcub-MSU1_010_000186.1	eggnog	Putative RNA methylase family UPF0020
Pcub-MSU1_010_000185.1	eggnog	Putative RNA methylase family UPF0020
Pcub-MSU1_010_000184.1	eggnog	domain-containing protein
Pcub-MSU1_010_000183.1	blastp	Homology to Phytophthora nicotianae predicted protein ETP44210.1
Pcub-MSU1_011_000617.1	eggnog	ubiquitin-dependent protein catabolic process via the N-end rule pathway
Pcub-MSU1_011_000616.1	eggnog	Beta-glucan synthesis-associated protein (SKN1)
Pcub-MSU1_011_000615.1	eggnog	Domain present in PSD-95, Dlg, and ZO-1/2
Pcub-MSU1_011_000614.1	eggnog	Domain present in PSD-95, Dlg, and ZO-1/2
Pcub-MSU1_011_000613.1	eggnog	2',3'-cyclic-nucleotide 3'-phosphodiesterase activity
Pcub-MSU1_011_000612.1	blastp	Homology to Peronospora farinosa predicted protein CAH0493353.1
Pcub-MSU1_011_000001.1	interproscan	G3DSA:1.10.10.10 domain-containing protein
Pcub-MSU1_011_000611.1	eggnog	Transcription initiation factor TFIID subunit
Pcub-MSU1_011_000002.1	eggnog	domain-containing protein
Pcub-MSU1_011_000003.1	eggnog	Ubiquitin homologues
Pcub-MSU1_011_000610.1	eggnog	domain-containing protein
Pcub-MSU1_011_000004.1	eggnog	eIF4-gamma/eIF5/eIF2-epsilon
Pcub-MSU1_011_000609.1	eggnog	phosphatidylinositol-3,4-bisphosphate 4-phosphatase activity
Pcub-MSU1_011_000005.1	eggnog	Eukaryotic cytochrome b561
Pcub-MSU1_011_000608.1	unannotated	Hypothetical protein of unknown function
Pcub-MSU1_011_000006.1	eggnog	Eukaryotic cytochrome b561
Pcub-MSU1_011_000607.1	eggnog	Eukaryotic cytochrome b561
Pcub-MSU1_011_000007.1	eggnog	domain-containing protein
Pcub-MSU1_011_000606.1	eggnog	hydrolase activity, acting on carbon-nitrogen (but not peptide) bonds, in linear amides
Pcub-MSU1_011_000605.1	blastp	Homology to Phytophthora pseudosyringae predicted protein KAG7377573.1
Pcub-MSU1_011_000008.1	eggnog	hydrolase activity, acting on carbon-nitrogen (but not peptide) bonds, in linear amides
Pcub-MSU1_011_000604.1	eggnog	domain-containing protein
Pcub-MSU1_011_000603.1	eggnog	PPIases accelerate the folding of proteins
Pcub-MSU1_011_000009.1	eggnog	The ARF-like 2 binding protein BART
Pcub-MSU1_011_000602.1	eggnog	Aldehyde dehydrogenase family
Pcub-MSU1_011_000601.1	eggnog	Catalyzes the formation of phosphatidylethanolamine (PtdEtn) from phosphatidylserine (PtdSer)
Pcub-MSU1_011_000010.1	eggnog	component of the eukaryotic translation initiation factor 3 (eIF-3) complex, which is involved in protein synthesis of a specialized repertoire of mRNAs and, together with other initiation factors, stimulates binding of mRNA and methionyl-tRNAi to the 40S ribosome
Pcub-MSU1_011_000011.1	interproscan	PTHR35213 domain-containing protein
Pcub-MSU1_011_000600.1	eggnog	Essential subunit of the N-oligosaccharyl transferase (OST) complex which catalyzes the transfer of a high mannose oligosaccharide from a lipid-linked oligosaccharide donor to an asparagine residue within an Asn-X-Ser Thr consensus motif in nascent polypeptide chains
Pcub-MSU1_011_000012.1	eggnog	Belongs to the TRAFAC class myosin-kinesin ATPase superfamily
Pcub-MSU1_011_000013.1	blastp	Homology to Peronospora destructor predicted protein CAI5746141.1
Pcub-MSU1_011_000599.1	eggnog	Dpy-30 motif
Pcub-MSU1_011_000014.1	eggnog	Parkin co-regulated protein
Pcub-MSU1_011_000598.1	eggnog	Microtubule binding
Pcub-MSU1_011_000015.1	interproscan	EMC10 (cd22209)
Pcub-MSU1_011_000597.1	eggnog	E1-E2 ATPase
Pcub-MSU1_011_000016.1	eggnog	Zinc-binding dehydrogenase
Pcub-MSU1_011_000017.1	unannotated	Hypothetical protein of unknown function
Pcub-MSU1_011_000596.1	unannotated	Hypothetical protein of unknown function
Pcub-MSU1_011_000595.1	eggnog	Belongs to the complex I LYR family
Pcub-MSU1_011_000018.1	eggnog	ZIP Zinc transporter
Pcub-MSU1_011_000594.1	eggnog	RNA recognition motif
Pcub-MSU1_011_000593.1	unannotated	Hypothetical protein of unknown function
Pcub-MSU1_011_000592.1	unannotated	Hypothetical protein of unknown function
Pcub-MSU1_011_000591.1	unannotated	Hypothetical protein of unknown function
Pcub-MSU1_011_000019.1	interproscan	PTHR46586 domain-containing protein
Pcub-MSU1_011_000590.1	blastp	Homology to Peronospora farinosa predicted protein CAH0489852.1
Pcub-MSU1_011_000589.1	blastp	Homology to Peronospora farinosa predicted protein CAH0489853.1
Pcub-MSU1_011_000588.1	blastp	Homology to Phytophthora lilii predicted protein GMF09588.1
Pcub-MSU1_011_000587.1	blastp	Homology to Phytophthora lilii predicted protein GMF09589.1
Pcub-MSU1_011_000586.1	unannotated	Hypothetical protein of unknown function
Pcub-MSU1_011_000585.1	eggnog	Putative DNA-binding domain in centromere protein B, mouse jerky and transposases
Pcub-MSU1_011_000020.1	eggnog	Putative DNA-binding domain in centromere protein B, mouse jerky and transposases
Pcub-MSU1_011_000021.1	eggnog	Putative DNA-binding domain in centromere protein B, mouse jerky and transposases
Pcub-MSU1_011_000022.1	eggnog	Putative DNA-binding domain in centromere protein B, mouse jerky and transposases
Pcub-MSU1_011_000023.1	unannotated	Hypothetical protein of unknown function
Pcub-MSU1_011_000024.1	unannotated	Hypothetical protein of unknown function
Pcub-MSU1_011_000025.1	unannotated	Hypothetical protein of unknown function
Pcub-MSU1_011_000026.1	unannotated	Hypothetical protein of unknown function
Pcub-MSU1_011_000027.1	unannotated	Hypothetical protein of unknown function
Pcub-MSU1_011_000028.1	unannotated	Hypothetical protein of unknown function
Pcub-MSU1_011_000584.1	eggnog	domain-containing protein
Pcub-MSU1_011_000029.1	eggnog	Putative DNA-binding domain in centromere protein B, mouse jerky and transposases
Pcub-MSU1_011_000030.1	blastp	Homology to Phytophthora nicotianae predicted protein XP_008903843.1
Pcub-MSU1_011_000031.1	blastp	Homology to Peronospora belbahrii predicted protein CAH0521672.1
Pcub-MSU1_011_000583.1	eggnog	domain-containing protein
Pcub-MSU1_011_000582.1	eggnog	domain-containing protein
Pcub-MSU1_011_000032.1	eggnog	Putative DNA-binding domain in centromere protein B, mouse jerky and transposases
Pcub-MSU1_011_000581.1	blastp	Homology to Phytophthora pseudosyringae predicted protein KAG7375907.1
Pcub-MSU1_011_000580.1	eggnog	Putative DNA-binding domain in centromere protein B, mouse jerky and transposases
Pcub-MSU1_011_000033.1	eggnog	GCK
Pcub-MSU1_011_000034.1	eggnog	Domain with 2 conserved Trp (W) residues
Pcub-MSU1_011_000579.1	eggnog	Double zinc ribbon
Pcub-MSU1_011_000035.1	eggnog	Endoplasmic Reticulum-Golgi Intermediate Compartment (ERGIC)
Pcub-MSU1_011_000036.1	eggnog	Calcium-dependent channel, 7TM region, putative phosphate
Pcub-MSU1_011_000037.1	eggnog	Vps16, N-terminal region
Pcub-MSU1_011_000578.1	interproscan	PTHR31827 domain-containing protein
Pcub-MSU1_011_000038.1	interproscan	PTHR31827 domain-containing protein
Pcub-MSU1_011_000577.1	unannotated	Hypothetical protein of unknown function
Pcub-MSU1_011_000576.1	interproscan	PTHR31827 domain-containing protein
Pcub-MSU1_011_000575.1	eggnog	domain-containing protein
Pcub-MSU1_011_000039.1	eggnog	domain-containing protein
Pcub-MSU1_011_000574.1	eggnog	Ctr copper transporter family
Pcub-MSU1_011_000040.1	eggnog	Ctr copper transporter family
Pcub-MSU1_011_000573.1	eggnog	Domain in DAP-5, eIF4G, MA-3 and other proteins
Pcub-MSU1_011_000572.1	interproscan	PTHR12626 domain-containing protein
Pcub-MSU1_011_000041.1	eggnog	Catalyzes the synthesis of dihydrouridine, a modified base found in the D-loop of most tRNAs
Pcub-MSU1_011_000571.1	eggnog	domain-containing protein
Pcub-MSU1_011_000570.1	eggnog	Splits internally a 1,3-beta-glucan molecule and transfers the newly generated reducing end (the donor) to the non- reducing end of another 1,3-beta-glucan molecule (the acceptor) forming a 1,3-beta linkage, resulting in the elongation of 1,3- beta-glucan chains in the cell wall
Pcub-MSU1_011_000569.1	eggnog	Splits internally a 1,3-beta-glucan molecule and transfers the newly generated reducing end (the donor) to the non- reducing end of another 1,3-beta-glucan molecule (the acceptor) forming a 1,3-beta linkage, resulting in the elongation of 1,3- beta-glucan chains in the cell wall
Pcub-MSU1_011_000568.1	eggnog	Splits internally a 1,3-beta-glucan molecule and transfers the newly generated reducing end (the donor) to the non- reducing end of another 1,3-beta-glucan molecule (the acceptor) forming a 1,3-beta linkage, resulting in the elongation of 1,3- beta-glucan chains in the cell wall
Pcub-MSU1_011_000567.1	unannotated	Hypothetical protein of unknown function
Pcub-MSU1_011_000566.1	blastp	Homology to Phytophthora pseudosyringae predicted protein KAG7375454.1
Pcub-MSU1_011_000565.1	eggnog	domain-containing protein
Pcub-MSU1_011_000564.1	eggnog	Integrator complex subunit 5 C-terminus
Pcub-MSU1_011_000563.1	eggnog	Autophagy-related protein 13
Pcub-MSU1_011_000042.1	eggnog	domain-containing protein
Pcub-MSU1_011_000562.1	eggnog	Protein tyrosine kinase
Pcub-MSU1_011_000561.1	blastp	Homology to Phytophthora nicotianae predicted protein XP_008903903.1
Pcub-MSU1_011_000560.1	eggnog	Glycosyl hydrolase family 81
Pcub-MSU1_011_000043.1	eggnog	L-alpha-amino acid transmembrane transport
Pcub-MSU1_011_000044.1	blastp	Homology to Phytophthora palmivora predicted protein POM72270.1
Pcub-MSU1_011_000559.1	eggnog	domain-containing protein
Pcub-MSU1_011_000045.1	eggnog	Protein kinase C conserved region 2 (CalB)
Pcub-MSU1_011_000046.1	eggnog	Endonuclease/Exonuclease/phosphatase family
Pcub-MSU1_011_000558.1	eggnog	domain-containing protein
Pcub-MSU1_011_000047.1	blastp	Homology to Phytophthora nicotianae predicted protein ETK88591.1
Pcub-MSU1_011_000048.1	eggnog	domain-containing protein
Pcub-MSU1_011_000049.1	eggnog	AMP-binding enzyme
Pcub-MSU1_011_000557.1	eggnog	domain-containing protein
Pcub-MSU1_011_000556.1	eggnog	Belongs to the TRAFAC class myosin-kinesin ATPase superfamily
Pcub-MSU1_011_000555.1	eggnog	Glycosyl hydrolases family 32
Pcub-MSU1_011_000050.1	unannotated	Hypothetical protein of unknown function
Pcub-MSU1_011_000554.1	eggnog	Steryl acetyl hydrolase
Pcub-MSU1_011_000553.1	blastp	Homology to Peronospora belbahrii predicted protein CAH0478467.1
Pcub-MSU1_011_000051.1	eggnog	Protein tyrosine kinase
Pcub-MSU1_011_000052.1	eggnog	Steryl acetyl hydrolase
Pcub-MSU1_011_000552.1	eggnog	Steryl acetyl hydrolase
Pcub-MSU1_011_000551.1	eggnog	Steryl acetyl hydrolase
Pcub-MSU1_011_000550.1	eggnog	Steryl acetyl hydrolase
Pcub-MSU1_011_000549.1	eggnog	Steryl acetyl hydrolase
Pcub-MSU1_011_000548.1	eggnog	Methylaspartate ammonia-lyase C-terminus
Pcub-MSU1_011_000053.1	eggnog	domain-containing protein
Pcub-MSU1_011_000054.1	eggnog	PRP38 family
Pcub-MSU1_011_000547.1	eggnog	Domain present in phytochromes and cGMP-specific phosphodiesterases
Pcub-MSU1_011_000546.1	eggnog	Transmembrane amino acid transporter protein
Pcub-MSU1_011_000055.1	blastp	Homology to Peronospora destructor predicted protein CAI5736822.1
Pcub-MSU1_011_000545.1	eggnog	Rhodanase C-terminal
Pcub-MSU1_011_000544.1	eggnog	Putative DNA-binding domain in centromere protein B, mouse jerky and transposases
Pcub-MSU1_011_000056.1	eggnog	phosphodiesterase I activity
Pcub-MSU1_011_000057.1	eggnog	Catalyzes the interconversion of methylthioribose-1- phosphate (MTR-1-P) into methylthioribulose-1-phosphate (MTRu-1- P)
Pcub-MSU1_011_000058.1	eggnog	Leishmanolysin
Pcub-MSU1_011_000543.1	unannotated	Hypothetical protein of unknown function
Pcub-MSU1_011_000542.1	eggnog	phosphodiesterase I activity
Pcub-MSU1_011_000059.1	eggnog	Leishmanolysin
Pcub-MSU1_011_000541.1	unannotated	Hypothetical protein of unknown function
Pcub-MSU1_011_000540.1	eggnog	Catalyzes the interconversion of methylthioribose-1- phosphate (MTR-1-P) into methylthioribulose-1-phosphate (MTRu-1- P)
Pcub-MSU1_011_000060.1	eggnog	Leishmanolysin
Pcub-MSU1_011_000539.1	unannotated	Hypothetical protein of unknown function
Pcub-MSU1_011_000538.1	eggnog	Rhodanase C-terminal
Pcub-MSU1_011_000537.1	eggnog	Putative DNA-binding domain in centromere protein B, mouse jerky and transposases
Pcub-MSU1_011_000061.1	eggnog	phosphodiesterase I activity
Pcub-MSU1_011_000062.1	eggnog	Catalyzes the interconversion of methylthioribose-1- phosphate (MTR-1-P) into methylthioribulose-1-phosphate (MTRu-1- P)
Pcub-MSU1_011_000063.1	eggnog	Leishmanolysin
Pcub-MSU1_011_000536.1	unannotated	Hypothetical protein of unknown function
Pcub-MSU1_011_000535.1	eggnog	phosphodiesterase I activity
Pcub-MSU1_011_000534.1	eggnog	Catalyzes the interconversion of methylthioribose-1- phosphate (MTR-1-P) into methylthioribulose-1-phosphate (MTRu-1- P)
Pcub-MSU1_011_000064.1	eggnog	Leishmanolysin
Pcub-MSU1_011_000533.1	unannotated	Hypothetical protein of unknown function
Pcub-MSU1_011_000532.1	eggnog	Catalyzes the interconversion of methylthioribose-1- phosphate (MTR-1-P) into methylthioribulose-1-phosphate (MTRu-1- P)
Pcub-MSU1_011_000065.1	eggnog	Leishmanolysin
Pcub-MSU1_011_000531.1	unannotated	Hypothetical protein of unknown function
Pcub-MSU1_011_000530.1	interproscan	PTHR37031 domain-containing protein
Pcub-MSU1_011_000529.1	eggnog	Fcf2 pre-rRNA processing
Pcub-MSU1_011_000066.1	eggnog	OTU-like cysteine protease
Pcub-MSU1_011_000067.1	eggnog	Intraflagellar transport complex B protein 46 C terminal
Pcub-MSU1_011_000068.1	interproscan	PTHR37031 domain-containing protein
Pcub-MSU1_011_000528.1	eggnog	Leishmanolysin
Pcub-MSU1_011_000069.1	eggnog	Catalyzes the interconversion of methylthioribose-1- phosphate (MTR-1-P) into methylthioribulose-1-phosphate (MTRu-1- P)
Pcub-MSU1_011_000070.1	unannotated	Hypothetical protein of unknown function
Pcub-MSU1_011_000527.1	eggnog	Leishmanolysin
Pcub-MSU1_011_000071.1	eggnog	Catalyzes the interconversion of methylthioribose-1- phosphate (MTR-1-P) into methylthioribulose-1-phosphate (MTRu-1- P)
Pcub-MSU1_011_000072.1	unannotated	Hypothetical protein of unknown function
Pcub-MSU1_011_000526.1	eggnog	Leishmanolysin
Pcub-MSU1_011_000073.1	eggnog	Catalyzes the interconversion of methylthioribose-1- phosphate (MTR-1-P) into methylthioribulose-1-phosphate (MTRu-1- P)
Pcub-MSU1_011_000074.1	eggnog	phosphodiesterase I activity
Pcub-MSU1_011_000075.1	unannotated	Hypothetical protein of unknown function
Pcub-MSU1_011_000076.1	unannotated	Hypothetical protein of unknown function
Pcub-MSU1_011_000525.1	eggnog	Leishmanolysin
Pcub-MSU1_011_000077.1	unannotated	Hypothetical protein of unknown function
Pcub-MSU1_011_000078.1	eggnog	Nucleotidyl transferase
Pcub-MSU1_011_000524.1	eggnog	Cation transporting ATPase, C-terminus
Pcub-MSU1_011_000523.1	eggnog	Atypical Arm repeat
Pcub-MSU1_011_000079.1	eggnog	domain-containing protein
Pcub-MSU1_011_000080.1	eggnog	beta-fructofuranosidase activity
Pcub-MSU1_011_000522.1	unannotated	Hypothetical protein of unknown function
Pcub-MSU1_011_000521.1	unannotated	Hypothetical protein of unknown function
Pcub-MSU1_011_000520.1	unannotated	Hypothetical protein of unknown function
Pcub-MSU1_011_000081.1	unannotated	Hypothetical protein of unknown function
Pcub-MSU1_011_000082.1	blastp	Homology to Phytophthora rubi predicted protein KAE8991507.1
Pcub-MSU1_011_000519.1	unannotated	Hypothetical protein of unknown function
Pcub-MSU1_011_000083.1	eggnog	Adenosine/AMP deaminase
Pcub-MSU1_011_000518.1	unannotated	Hypothetical protein of unknown function
Pcub-MSU1_011_000517.1	unannotated	Hypothetical protein of unknown function
Pcub-MSU1_011_000084.1	unannotated	Hypothetical protein of unknown function
Pcub-MSU1_011_000085.1	blastp	Homology to Phytophthora rubi predicted protein KAE8991507.1
Pcub-MSU1_011_000516.1	unannotated	Hypothetical protein of unknown function
Pcub-MSU1_011_000515.1	unannotated	Hypothetical protein of unknown function
Pcub-MSU1_011_000086.1	unannotated	Hypothetical protein of unknown function
Pcub-MSU1_011_000087.1	unannotated	Hypothetical protein of unknown function
Pcub-MSU1_011_000088.1	blastp	Homology to Phytophthora rubi predicted protein KAE9285754.1
Pcub-MSU1_011_000089.1	eggnog	Domain with 2 conserved Trp (W) residues
Pcub-MSU1_011_000090.1	eggnog	Eukaryotic rRNA processing protein EBP2
Pcub-MSU1_011_000514.1	eggnog	Hinge domain of cleavage stimulation factor subunit 2
Pcub-MSU1_011_000513.1	eggnog	Domain with 2 conserved Trp (W) residues
Pcub-MSU1_011_000512.1	unannotated	Hypothetical protein of unknown function
Pcub-MSU1_011_000091.1	eggnog	OTU-like cysteine protease
Pcub-MSU1_011_000092.1	interproscan	PTHR21694 domain-containing protein
Pcub-MSU1_011_000093.1	eggnog	Belongs to the TRAFAC class dynamin-like GTPase superfamily
Pcub-MSU1_011_000094.1	unannotated	Hypothetical protein of unknown function
Pcub-MSU1_011_000095.1	eggnog	Ring finger
Pcub-MSU1_011_000096.1	eggnog	Enoyl-(Acyl carrier protein) reductase
Pcub-MSU1_011_000511.1	eggnog	Component of the FACT complex, a general chromatin factor that acts to reorganize nucleosomes
Pcub-MSU1_011_000097.1	eggnog	Pectinacetylesterase
Pcub-MSU1_011_000510.1	eggnog	UNC-50 family
Pcub-MSU1_011_000098.1	eggnog	WD repeat protein 35. Source PGD
Pcub-MSU1_011_000509.1	blastp	Homology to Phytophthora nicotianae predicted protein XP_008916129.1
Pcub-MSU1_011_000508.1	unannotated	Hypothetical protein of unknown function
Pcub-MSU1_011_000507.1	eggnog	domain-containing protein
Pcub-MSU1_011_000099.1	blastp	Homology to Phytophthora rubi predicted protein KAE9045823.1
Pcub-MSU1_011_000506.1	eggnog	Middle domain of eukaryotic initiation factor 4G (eIF4G)
Pcub-MSU1_011_000505.1	eggnog	AAR2 protein
Pcub-MSU1_011_000504.1	interproscan	PTHR34737 domain-containing protein
Pcub-MSU1_011_000100.1	eggnog	BAR domain of APPL family
Pcub-MSU1_011_000101.1	blastp	Homology to Phytophthora infestans predicted protein XP_002899363.1
Pcub-MSU1_011_000503.1	eggnog	Transcription factor/nuclear export subunit protein 2
Pcub-MSU1_011_000502.1	eggnog	Transcription factor/nuclear export subunit protein 2
Pcub-MSU1_011_000102.1	eggnog	Serine aminopeptidase, S33
Pcub-MSU1_011_000501.1	eggnog	Nucleotide-sugar transporter
Pcub-MSU1_011_000103.1	eggnog	Belongs to the VPS29 family
Pcub-MSU1_011_000500.1	blastp	Homology to Phytophthora pseudosyringae predicted protein KAG7391075.1
Pcub-MSU1_011_000104.1	eggnog	SMP-30/Gluconolaconase/LRE-like region
Pcub-MSU1_011_000499.1	eggnog	Exo70 exocyst complex subunit
Pcub-MSU1_011_000105.1	eggnog	Nucleotide-sugar transporter
Pcub-MSU1_011_000106.1	blastp	Homology to Phytophthora pseudosyringae predicted protein KAG7391073.1
Pcub-MSU1_011_000498.1	eggnog	domain-containing protein
Pcub-MSU1_011_000107.1	eggnog	domain-containing protein
Pcub-MSU1_011_000497.1	eggnog	Inosine-uridine preferring nucleoside hydrolase
Pcub-MSU1_011_000108.1	blastp	Homology to Phytophthora pseudosyringae predicted protein KAG7391066.1
Pcub-MSU1_011_000109.1	eggnog	Tetratricopeptide repeats
Pcub-MSU1_011_000496.1	blastp	Homology to Phytophthora pseudosyringae predicted protein KAG7382215.1
Pcub-MSU1_011_000495.1	eggnog	Phosphatidylinositol-4-phosphate 5-Kinase
Pcub-MSU1_011_000110.1	unannotated	Hypothetical protein of unknown function
Pcub-MSU1_011_000111.1	eggnog	Endoplasmic Reticulum-Golgi Intermediate Compartment (ERGIC)
Pcub-MSU1_011_000112.1	eggnog	Endoplasmic Reticulum-Golgi Intermediate Compartment (ERGIC)
Pcub-MSU1_011_000494.1	eggnog	transferase activity, transferring hexosyl groups
Pcub-MSU1_011_000493.1	eggnog	transferase activity, transferring hexosyl groups
Pcub-MSU1_011_000492.1	blastp	Homology to Phytophthora aleatoria predicted protein KAG6970315.1
Pcub-MSU1_011_000113.1	eggnog	domain-containing protein
Pcub-MSU1_011_000491.1	eggnog	domain-containing protein
Pcub-MSU1_011_000114.1	eggnog	Choline/ethanolamine kinase
Pcub-MSU1_011_000490.1	interproscan	G3DSA:2.40.128.20 domain-containing protein
Pcub-MSU1_011_000489.1	eggnog	Voltage gated chloride channel
Pcub-MSU1_011_000115.1	eggnog	transferase activity, transferring hexosyl groups
Pcub-MSU1_011_000116.1	eggnog	transferase activity, transferring hexosyl groups
Pcub-MSU1_011_000117.1	eggnog	IQ calmodulin-binding motif
Pcub-MSU1_011_000118.1	eggnog	Nucleotide-sugar transporter
Pcub-MSU1_011_000488.1	eggnog	Domain of unknown function (DUF4201)
Pcub-MSU1_011_000119.1	eggnog	FtsJ-like methyltransferase
Pcub-MSU1_011_000487.1	eggnog	Myosin. Large ATPases
Pcub-MSU1_011_000120.1	eggnog	Phosphoglycerate kinase
Pcub-MSU1_011_000486.1	eggnog	high mobility group
Pcub-MSU1_011_000121.1	eggnog	PHF5-like protein
Pcub-MSU1_011_000485.1	eggnog	domain-containing protein
Pcub-MSU1_011_000122.1	eggnog	domain-containing protein
Pcub-MSU1_011_000484.1	eggnog	PHF5-like protein
Pcub-MSU1_011_000123.1	eggnog	domain-containing protein
Pcub-MSU1_011_000124.1	eggnog	Trehalose-phosphatase
Pcub-MSU1_011_000483.1	eggnog	Eukaryotic aspartyl protease
Pcub-MSU1_011_000482.1	eggnog	Eukaryotic aspartyl protease
Pcub-MSU1_011_000481.1	eggnog	Major intrinsic protein
Pcub-MSU1_011_000125.1	eggnog	Major intrinsic protein
Pcub-MSU1_011_000126.1	eggnog	Belongs to the MIP aquaporin (TC 1.A.8) family
Pcub-MSU1_011_000127.1	eggnog	Histone methylation protein DOT1
Pcub-MSU1_011_000128.1	eggnog	Glycosyl hydrolase family 47
Pcub-MSU1_011_000480.1	eggnog	Dimerisation domain of Ca+-activated chloride-channel, anoctamin
Pcub-MSU1_011_000479.1	eggnog	domain-containing protein
Pcub-MSU1_011_000478.1	eggnog	domain-containing protein
Pcub-MSU1_011_000477.1	blastp	Homology to Phytophthora pseudosyringae predicted protein KAG7384857.1
Pcub-MSU1_011_000476.1	eggnog	Crinkler (CRN) family protein
Pcub-MSU1_011_000129.1	eggnog	Crinkler (CRN) family protein
Pcub-MSU1_011_000130.1	eggnog	domain-containing protein
Pcub-MSU1_011_000131.1	eggnog	Dip2/Utp12 Family
Pcub-MSU1_011_000132.1	eggnog	Phytanoyl-CoA dioxygenase (PhyH)
Pcub-MSU1_011_000133.1	eggnog	domain-containing protein
Pcub-MSU1_011_000475.1	unannotated	Hypothetical protein of unknown function
Pcub-MSU1_011_000474.1	eggnog	Dimerisation and cyclophilin-binding domain of Mon2
Pcub-MSU1_011_000473.1	eggnog	Belongs to the MIP aquaporin (TC 1.A.8) family
Pcub-MSU1_011_000472.1	eggnog	Belongs to the MIP aquaporin (TC 1.A.8) family
Pcub-MSU1_011_000134.1	eggnog	Belongs to the MIP aquaporin (TC 1.A.8) family
Pcub-MSU1_011_000135.1	eggnog	GTPase activity
Pcub-MSU1_011_000471.1	eggnog	Glutaredoxin
Pcub-MSU1_011_000470.1	blastp	Homology to Phytophthora aleatoria predicted protein KAG6945865.1
Pcub-MSU1_011_000136.1	eggnog	Ribosomal protein S7p/S5e
Pcub-MSU1_011_000469.1	eggnog	Belongs to the TRAFAC class myosin-kinesin ATPase superfamily
Pcub-MSU1_011_000468.1	eggnog	Major Facilitator Superfamily
Pcub-MSU1_011_000137.1	eggnog	Major Facilitator Superfamily
Pcub-MSU1_011_000467.1	blastp	Homology to Phytophthora pseudosyringae predicted protein KAG7382998.1
Pcub-MSU1_011_000466.1	eggnog	Major Facilitator Superfamily
Pcub-MSU1_011_000138.1	eggnog	Peroxisomal biogenesis factor 11 (PEX11)
Pcub-MSU1_011_000139.1	blastp	Homology to Phytophthora pseudosyringae predicted protein KAG7382990.1
Pcub-MSU1_011_000465.1	eggnog	Mycolic acid cyclopropane synthetase
Pcub-MSU1_011_000140.1	blastp	Homology to Phytophthora palmivora predicted protein POM63733.1
Pcub-MSU1_011_000464.1	unannotated	Hypothetical protein of unknown function
Pcub-MSU1_011_000141.1	unannotated	Hypothetical protein of unknown function
Pcub-MSU1_011_000463.1	eggnog	domain-containing protein
Pcub-MSU1_011_000462.1	eggnog	domain-containing protein
Pcub-MSU1_011_000461.1	eggnog	Uncharacterised protein family (UPF0203)
Pcub-MSU1_011_000460.1	eggnog	transferase activity, transferring hexosyl groups
Pcub-MSU1_011_000142.1	eggnog	domain-containing protein
Pcub-MSU1_011_000459.1	eggnog	Phosphoenolpyruvate carboxykinase
Pcub-MSU1_011_000143.1	eggnog	KaiC
Pcub-MSU1_011_000458.1	eggnog	Protein of unknown function (DUF423)
Pcub-MSU1_011_000144.1	eggnog	6-phosphofructo-2-kinase
Pcub-MSU1_011_000457.1	eggnog	negative regulation of cell proliferation
Pcub-MSU1_011_000456.1	eggnog	Conserved gene of
Pcub-MSU1_011_000145.1	eggnog	Sodium:dicarboxylate symporter family
Pcub-MSU1_011_000455.1	eggnog	regulation of protein monoubiquitination
Pcub-MSU1_011_000146.1	eggnog	domain-containing protein
Pcub-MSU1_011_000454.1	eggnog	E3 UFM1-protein ligase 1
Pcub-MSU1_011_000147.1	eggnog	Rad9
Pcub-MSU1_011_000453.1	blastp	Homology to Phytophthora ramorum predicted protein KAH7465703.1
Pcub-MSU1_011_000452.1	eggnog	EF hand
Pcub-MSU1_011_000451.1	eggnog	component of the eukaryotic translation initiation factor 3 (eIF-3) complex, which is involved in protein synthesis of a specialized repertoire of mRNAs and, together with other initiation factors, stimulates binding of mRNA and methionyl-tRNAi to the 40S ribosome
Pcub-MSU1_011_000148.1	blastp	Homology to Phytophthora cactorum predicted protein KAG2789588.1
Pcub-MSU1_011_000149.1	eggnog	domain-containing protein
Pcub-MSU1_011_000150.1	eggnog	CAF1 family ribonuclease
Pcub-MSU1_011_000450.1	eggnog	bZIP transcription factor
Pcub-MSU1_011_000151.1	unannotated	Hypothetical protein of unknown function
Pcub-MSU1_011_000152.1	eggnog	Domain in Tre-2, BUB2p, and Cdc16p
Pcub-MSU1_011_000449.1	eggnog	Cation transporter/ATPase, N-terminus
Pcub-MSU1_011_000448.1	interproscan	c(""""""""Pol polyprotein"""""""", """""""" beta-barrel domain"""""""") (PF22936)
Pcub-MSU1_011_000153.1	blastp	Homology to Phytophthora pseudosyringae predicted protein KAG7388512.1
Pcub-MSU1_011_000154.1	eggnog	Actin
Pcub-MSU1_011_000447.1	eggnog	Adenosine/AMP deaminase
Pcub-MSU1_011_000155.1	eggnog	Aminotransferase class-III
Pcub-MSU1_011_000446.1	eggnog	domain-containing protein
Pcub-MSU1_011_000156.1	eggnog	domain-containing protein
Pcub-MSU1_011_000445.1	eggnog	domain-containing protein
Pcub-MSU1_011_000157.1	eggnog	domain-containing protein
Pcub-MSU1_011_000158.1	eggnog	domain-containing protein
Pcub-MSU1_011_000159.1	eggnog	domain-containing protein
Pcub-MSU1_011_000444.1	eggnog	Enkurin, TRPC channel interacting protein
Pcub-MSU1_011_000443.1	eggnog	Glycosyl hydrolases family 6
Pcub-MSU1_011_000442.1	blastp	Homology to Peronospora effusa predicted protein RQM09820.1
Pcub-MSU1_011_000160.1	eggnog	Zn_pept
Pcub-MSU1_011_000441.1	eggnog	Zn_pept
Pcub-MSU1_011_000161.1	blastp	Homology to Peronospora effusa predicted protein RQM09820.1
Pcub-MSU1_011_000162.1	eggnog	platelet formation
Pcub-MSU1_011_000163.1	eggnog	POT family
Pcub-MSU1_011_000440.1	blastp	Homology to Peronospora destructor predicted protein CAI5738072.1
Pcub-MSU1_011_000439.1	eggnog	Calcium-activated chloride channel
Pcub-MSU1_011_000164.1	blastp	Homology to Peronospora effusa predicted protein RMX63755.1
Pcub-MSU1_011_000165.1	blastp	Homology to Peronospora destructor predicted protein CAI5744928.1
Pcub-MSU1_011_000438.1	unannotated	Hypothetical protein of unknown function
Pcub-MSU1_011_000166.1	unannotated	Hypothetical protein of unknown function
Pcub-MSU1_011_000167.1	interproscan	FAM228 (PF28229)
Pcub-MSU1_011_000168.1	unannotated	Hypothetical protein of unknown function
Pcub-MSU1_011_000437.1	unannotated	Hypothetical protein of unknown function
Pcub-MSU1_011_000169.1	unannotated	Hypothetical protein of unknown function
Pcub-MSU1_011_000170.1	eggnog	DALR_2
Pcub-MSU1_011_000436.1	interproscan	FAM228 (PF28229)
Pcub-MSU1_011_000435.1	eggnog	RNA 2'-O ribose methyltransferase substrate binding
Pcub-MSU1_011_000171.1	eggnog	zinc finger
Pcub-MSU1_011_000434.1	eggnog	Wiskott Aldrich syndrome homology region 2
Pcub-MSU1_011_000172.1	unannotated	Hypothetical protein of unknown function
Pcub-MSU1_011_000173.1	interproscan	FAM228 (PF28229)
Pcub-MSU1_011_000174.1	eggnog	RNA 2'-O ribose methyltransferase substrate binding
Pcub-MSU1_011_000175.1	unannotated	Hypothetical protein of unknown function
Pcub-MSU1_011_000176.1	unannotated	Hypothetical protein of unknown function
Pcub-MSU1_011_000433.1	unannotated	Hypothetical protein of unknown function
Pcub-MSU1_011_000432.1	unannotated	Hypothetical protein of unknown function
Pcub-MSU1_011_000431.1	unannotated	Hypothetical protein of unknown function
Pcub-MSU1_011_000430.1	unannotated	Hypothetical protein of unknown function
Pcub-MSU1_011_000177.1	unannotated	Hypothetical protein of unknown function
Pcub-MSU1_011_000429.1	unannotated	Hypothetical protein of unknown function
Pcub-MSU1_011_000428.1	unannotated	Hypothetical protein of unknown function
Pcub-MSU1_011_000427.1	eggnog	RNA 2'-O ribose methyltransferase substrate binding
Pcub-MSU1_011_000426.1	unannotated	Hypothetical protein of unknown function
Pcub-MSU1_011_000178.1	unannotated	Hypothetical protein of unknown function
Pcub-MSU1_011_000425.1	unannotated	Hypothetical protein of unknown function
Pcub-MSU1_011_000424.1	unannotated	Hypothetical protein of unknown function
Pcub-MSU1_011_000423.1	unannotated	Hypothetical protein of unknown function
Pcub-MSU1_011_000422.1	unannotated	Hypothetical protein of unknown function
Pcub-MSU1_011_000421.1	eggnog	ATP binding
Pcub-MSU1_011_000420.1	eggnog	Ankyrin repeats (many copies)
Pcub-MSU1_011_000179.1	unannotated	Hypothetical protein of unknown function
Pcub-MSU1_011_000419.1	unannotated	Hypothetical protein of unknown function
Pcub-MSU1_011_000418.1	unannotated	Hypothetical protein of unknown function
Pcub-MSU1_011_000180.1	unannotated	Hypothetical protein of unknown function
Pcub-MSU1_011_000181.1	eggnog	ATP binding
Pcub-MSU1_011_000417.1	eggnog	ATP binding
Pcub-MSU1_011_000182.1	unannotated	Hypothetical protein of unknown function
Pcub-MSU1_011_000183.1	eggnog	Ribosomal RNA-processing protein 7 (RRP7)
Pcub-MSU1_011_000416.1	eggnog	Protein tyrosine kinase
Pcub-MSU1_011_000415.1	eggnog	Protein tyrosine kinase
Pcub-MSU1_011_000184.1	eggnog	microtubule binding
Pcub-MSU1_011_000185.1	eggnog	intraciliary transport (TTC30B)
Pcub-MSU1_011_000186.1	blastp	Homology to Phytophthora nicotianae predicted protein XP_008894419.1
Pcub-MSU1_011_000414.1	blastp	Homology to Peronospora destructor predicted protein CAI5725431.1
Pcub-MSU1_011_000187.1	interproscan	PTHR31827 domain-containing protein
Pcub-MSU1_011_000188.1	blastp	Homology to Phytophthora cactorum predicted protein KAG2807094.1
Pcub-MSU1_011_000189.1	eggnog	CCT motif
Pcub-MSU1_011_000413.1	interproscan	PTHR44227 domain-containing protein
Pcub-MSU1_011_000412.1	blastp	Homology to Peronospora belbahrii predicted protein CAH0519028.1
Pcub-MSU1_011_000190.1	blastp	Homology to Phytophthora nicotianae predicted protein KUF82171.1
Pcub-MSU1_011_000191.1	blastp	Homology to Phytophthora nicotianae predicted protein KUF78782.1
Pcub-MSU1_011_000192.1	eggnog	domain-containing protein
Pcub-MSU1_011_000411.1	eggnog	domain-containing protein
Pcub-MSU1_011_000410.1	blastp	Homology to Phytophthora cactorum predicted protein KAG2789595.1
Pcub-MSU1_011_000193.1	eggnog	Mitosis protein DIM1
Pcub-MSU1_011_000409.1	eggnog	Nucleoside diphosphate kinase
Pcub-MSU1_011_000194.1	interproscan	PTHR31513 domain-containing protein
Pcub-MSU1_011_000195.1	eggnog	domain-containing protein
Pcub-MSU1_011_000408.1	eggnog	domain-containing protein
Pcub-MSU1_011_000196.1	eggnog	Possible plasma membrane-binding motif in junctophilins, PIP-5-kinases and protein kinases
Pcub-MSU1_011_000407.1	blastp	Homology to Peronospora destructor predicted protein CAI5709947.1
Pcub-MSU1_011_000406.1	blastp	Homology to Phytophthora cinnamomi predicted protein KAG6618514.1
Pcub-MSU1_011_000405.1	interproscan	WLGC domain (PF26605)
Pcub-MSU1_011_000197.1	interproscan	PTHR35796 domain-containing protein
Pcub-MSU1_011_000404.1	blastp	Homology to Phytophthora palmivora predicted protein POM78497.1
Pcub-MSU1_011_000198.1	eggnog	domain-containing protein
Pcub-MSU1_011_000199.1	interproscan	PTHR13510 domain-containing protein
Pcub-MSU1_011_000200.1	interproscan	PTHR35796 domain-containing protein
Pcub-MSU1_011_000403.1	blastp	Homology to Phytophthora nicotianae predicted protein ETP39359.1
Pcub-MSU1_011_000402.1	eggnog	XRN 5'-3' exonuclease N-terminus
Pcub-MSU1_011_000401.1	eggnog	Belongs to the peptidase C1 family
Pcub-MSU1_011_000400.1	eggnog	M96 mating-specific protein
Pcub-MSU1_011_000201.1	blastp	Homology to Phytophthora rubi predicted protein KAE8968210.1
Pcub-MSU1_011_000399.1	blastp	Homology to Phytophthora fragariae predicted protein KAE8887592.1
Pcub-MSU1_011_000202.1	interproscan	PTHR35796 domain-containing protein
Pcub-MSU1_011_000203.1	eggnog	M96 mating-specific protein
Pcub-MSU1_011_000204.1	interproscan	PTHR35796 domain-containing protein
Pcub-MSU1_011_000205.1	eggnog	M96 mating-specific protein
Pcub-MSU1_011_000206.1	eggnog	Mannosyltransferase putative
Pcub-MSU1_011_000207.1	eggnog	Mannosyltransferase putative
Pcub-MSU1_011_000398.1	eggnog	Amino acid permease
Pcub-MSU1_011_000208.1	eggnog	domain-containing protein
Pcub-MSU1_011_000397.1	interproscan	PTHR35796 domain-containing protein
Pcub-MSU1_011_000396.1	eggnog	Mannosyltransferase putative
Pcub-MSU1_011_000395.1	eggnog	Mannosyltransferase putative
Pcub-MSU1_011_000394.1	eggnog	Mannosyltransferase putative
Pcub-MSU1_011_000393.1	eggnog	M96 mating-specific protein
Pcub-MSU1_011_000209.1	eggnog	Mannosyltransferase putative
Pcub-MSU1_011_000392.1	eggnog	PLAC8 family
Pcub-MSU1_011_000210.1	unannotated	Hypothetical protein of unknown function
Pcub-MSU1_011_000211.1	eggnog	GXGXG motif
Pcub-MSU1_011_000212.1	eggnog	Belongs to the peptidase C1 family
Pcub-MSU1_011_000391.1	interproscan	PLAC8 family (PF04749)
Pcub-MSU1_011_000390.1	blastp	Homology to Phytophthora palmivora predicted protein POM64001.1
Pcub-MSU1_011_000213.1	eggnog	Aminotransferase class-III
Pcub-MSU1_011_000389.1	eggnog	WD domain, G-beta repeat
Pcub-MSU1_011_000214.1	eggnog	heat shock factor
Pcub-MSU1_011_000388.1	eggnog	Cytochrome oxidase c subunit VIb
Pcub-MSU1_011_000215.1	eggnog	domain-containing protein
Pcub-MSU1_011_000216.1	eggnog	Rrp15p
Pcub-MSU1_011_000217.1	eggnog	domain-containing protein
Pcub-MSU1_011_000387.1	eggnog	domain-containing protein
Pcub-MSU1_011_000386.1	eggnog	MRG
Pcub-MSU1_011_000218.1	eggnog	Cellulase (glycosyl hydrolase family 5)
Pcub-MSU1_011_000219.1	eggnog	Intraflagellar transport protein 43
Pcub-MSU1_011_000385.1	eggnog	Eukaryotic protein of unknown function (DUF866)
Pcub-MSU1_011_000220.1	eggnog	Domain of unknown function (DUF4091)
Pcub-MSU1_011_000384.1	eggnog	domain-containing protein
Pcub-MSU1_011_000221.1	eggnog	UDP-3-O-acyl N-acetylglycosamine deacetylase
Pcub-MSU1_011_000383.1	eggnog	NADH-ubiquinone reductase complex 1 MLRQ subunit
Pcub-MSU1_011_000382.1	interproscan	PTHR37946 domain-containing protein
Pcub-MSU1_011_000222.1	eggnog	PRP38 family
Pcub-MSU1_011_000223.1	eggnog	Belongs to the ABC transporter superfamily
Pcub-MSU1_011_000381.1	eggnog	Amino acid permease
Pcub-MSU1_011_000380.1	eggnog	Belongs to the ABC transporter superfamily
Pcub-MSU1_011_000224.1	eggnog	Amino acid permease
Pcub-MSU1_011_000379.1	eggnog	Belongs to the ABC transporter superfamily
Pcub-MSU1_011_000378.1	eggnog	Belongs to the ABC transporter superfamily
Pcub-MSU1_011_000377.1	eggnog	Amino acid permease
Pcub-MSU1_011_000376.1	eggnog	Belongs to the ABC transporter superfamily
Pcub-MSU1_011_000225.1	eggnog	Belongs to the ABC transporter superfamily
Pcub-MSU1_011_000226.1	eggnog	Amino acid permease
Pcub-MSU1_011_000375.1	eggnog	ABC-2 type transporter
Pcub-MSU1_011_000374.1	interproscan	PTHR14332 domain-containing protein
Pcub-MSU1_011_000373.1	eggnog	Amino acid permease
Pcub-MSU1_011_000227.1	eggnog	TCP-1/cpn60 chaperonin family
Pcub-MSU1_011_000228.1	eggnog	Lecithin:cholesterol acyltransferase
Pcub-MSU1_011_000372.1	interproscan	PTHR13054 domain-containing protein
Pcub-MSU1_011_000371.1	interproscan	G3DSA:3.80.10.10 domain-containing protein
Pcub-MSU1_011_000229.1	blastp	Homology to Phytophthora fragariae predicted protein KAE9288505.1
Pcub-MSU1_011_000370.1	blastp	Homology to Phytophthora fragariae predicted protein KAE9288505.1
Pcub-MSU1_011_000369.1	blastp	Homology to Phytophthora fragariae predicted protein KAE9288505.1
Pcub-MSU1_011_000368.1	blastp	Homology to Phytophthora fragariae predicted protein KAE9288505.1
Pcub-MSU1_011_000367.1	blastp	Homology to Phytophthora fragariae predicted protein KAE9288505.1
Pcub-MSU1_011_000366.1	blastp	Homology to Phytophthora fragariae predicted protein KAE9288505.1
Pcub-MSU1_011_000365.1	blastp	Homology to Phytophthora fragariae predicted protein KAE9288505.1
Pcub-MSU1_011_000364.1	blastp	Homology to Phytophthora fragariae predicted protein KAE9288505.1
Pcub-MSU1_011_000363.1	blastp	Homology to Phytophthora fragariae predicted protein KAE9288505.1
Pcub-MSU1_011_000362.1	blastp	Homology to Phytophthora fragariae predicted protein KAE9288505.1
Pcub-MSU1_011_000361.1	blastp	Homology to Phytophthora fragariae predicted protein KAE9288505.1
Pcub-MSU1_011_000360.1	blastp	Homology to Phytophthora fragariae predicted protein KAE9288505.1
Pcub-MSU1_011_000359.1	blastp	Homology to Phytophthora fragariae predicted protein KAE9288505.1
Pcub-MSU1_011_000358.1	blastp	Homology to Phytophthora fragariae predicted protein KAE9288505.1
Pcub-MSU1_011_000357.1	blastp	Homology to Phytophthora fragariae predicted protein KAE9288505.1
Pcub-MSU1_011_000356.1	unannotated	Hypothetical protein of unknown function
Pcub-MSU1_011_000230.1	blastp	Homology to Phytophthora palmivora predicted protein POM73296.1
Pcub-MSU1_011_000355.1	blastp	Homology to Phytophthora cinnamomi predicted protein KAG6618767.1
Pcub-MSU1_011_000231.1	blastp	Homology to Phytophthora nicotianae predicted protein XP_008894073.1
Pcub-MSU1_011_000354.1	blastp	Homology to Phytophthora idaei predicted protein KAG3232419.1
Pcub-MSU1_011_000353.1	unannotated	Hypothetical protein of unknown function
Pcub-MSU1_011_000352.1	unannotated	Hypothetical protein of unknown function
Pcub-MSU1_011_000351.1	blastp	Homology to Phytophthora idaei predicted protein KAG3097688.1
Pcub-MSU1_011_000350.1	eggnog	pyruvate dehydrogenase complex
Pcub-MSU1_011_000349.1	eggnog	Glutamate/Leucine/Phenylalanine/Valine dehydrogenase
Pcub-MSU1_011_000232.1	eggnog	Mitochondrial 39-S ribosomal protein L47 (MRP-L47)
Pcub-MSU1_011_000348.1	eggnog	Alpha/beta hydrolase family
Pcub-MSU1_011_000347.1	eggnog	Ubiquitin carboxyl-terminal hydrolase
Pcub-MSU1_011_000233.1	interproscan	PTHR34737 domain-containing protein
Pcub-MSU1_011_000346.1	eggnog	domain-containing protein
Pcub-MSU1_011_000234.1	eggnog	MreB/Mbl protein
Pcub-MSU1_011_000345.1	eggnog	ATPase family associated with various cellular activities (AAA)
Pcub-MSU1_011_000235.1	blastp	Homology to Phytophthora nicotianae predicted protein ETL35191.1
Pcub-MSU1_011_000236.1	eggnog	Tetrapyrrole (Corrin/Porphyrin) Methylases
Pcub-MSU1_011_000237.1	unannotated	Hypothetical protein of unknown function
Pcub-MSU1_011_000238.1	eggnog	Subtilase family
Pcub-MSU1_011_000239.1	unannotated	Hypothetical protein of unknown function
Pcub-MSU1_011_000240.1	eggnog	Tetrapyrrole (Corrin/Porphyrin) Methylases
Pcub-MSU1_011_000241.1	unannotated	Hypothetical protein of unknown function
Pcub-MSU1_011_000242.1	eggnog	Subtilase family
Pcub-MSU1_011_000243.1	eggnog	Tetrapyrrole (Corrin/Porphyrin) Methylases
Pcub-MSU1_011_000244.1	unannotated	Hypothetical protein of unknown function
Pcub-MSU1_011_000245.1	eggnog	Subtilase family
Pcub-MSU1_011_000246.1	unannotated	Hypothetical protein of unknown function
Pcub-MSU1_011_000247.1	unannotated	Hypothetical protein of unknown function
Pcub-MSU1_011_000248.1	eggnog	Tetrapyrrole (Corrin/Porphyrin) Methylases
Pcub-MSU1_011_000249.1	unannotated	Hypothetical protein of unknown function
Pcub-MSU1_011_000250.1	eggnog	Subtilase family
Pcub-MSU1_011_000344.1	eggnog	Subtilase family
Pcub-MSU1_011_000343.1	unannotated	Hypothetical protein of unknown function
Pcub-MSU1_011_000342.1	eggnog	Tetrapyrrole (Corrin/Porphyrin) Methylases
Pcub-MSU1_011_000341.1	unannotated	Hypothetical protein of unknown function
Pcub-MSU1_011_000340.1	unannotated	Hypothetical protein of unknown function
Pcub-MSU1_011_000339.1	eggnog	Subtilase family
Pcub-MSU1_011_000338.1	unannotated	Hypothetical protein of unknown function
Pcub-MSU1_011_000337.1	eggnog	Tetrapyrrole (Corrin/Porphyrin) Methylases
Pcub-MSU1_011_000336.1	eggnog	Kazal type serine protease inhibitors
Pcub-MSU1_011_000335.1	eggnog	domain-containing protein
Pcub-MSU1_011_000334.1	blastp	Homology to Peronosclerospora sorghi predicted protein KAI9920508.1
Pcub-MSU1_011_000333.1	unannotated	Hypothetical protein of unknown function
Pcub-MSU1_011_000251.1	interproscan	PTHR39200 domain-containing protein
Pcub-MSU1_011_000332.1	blastp	Homology to Phytophthora aleatoria predicted protein KAG6960104.1
Pcub-MSU1_011_000331.1	eggnog	domain-containing protein
Pcub-MSU1_011_000252.1	blastp	Homology to Phytophthora cactorum predicted protein KAG2774225.1
Pcub-MSU1_011_000253.1	interproscan	PTHR28037 domain-containing protein
Pcub-MSU1_011_000254.1	blastp	Homology to Phytophthora aleatoria predicted protein KAG6960104.1
Pcub-MSU1_011_000330.1	blastp	Homology to Phytophthora cactorum predicted protein KAG3187889.1
Pcub-MSU1_011_000255.1	eggnog	domain-containing protein
Pcub-MSU1_011_000256.1	eggnog	PDZ domain (Also known as DHR or GLGF)
Pcub-MSU1_011_000329.1	eggnog	Cid1 family poly A polymerase
Pcub-MSU1_011_000257.1	eggnog	A domain family that is part of the cupin metalloenzyme superfamily
Pcub-MSU1_011_000258.1	interproscan	PTHR35796 domain-containing protein
Pcub-MSU1_011_000328.1	blastp	Homology to Phytophthora nicotianae predicted protein ETM41767.1
Pcub-MSU1_011_000327.1	interproscan	PTHR39200 domain-containing protein
Pcub-MSU1_011_000259.1	interproscan	PTHR39200 domain-containing protein
Pcub-MSU1_011_000260.1	interproscan	PTHR39200 domain-containing protein
Pcub-MSU1_011_000261.1	interproscan	PTHR39200 domain-containing protein
Pcub-MSU1_011_000262.1	interproscan	PTHR39200 domain-containing protein
Pcub-MSU1_011_000263.1	interproscan	PTHR39200 domain-containing protein
Pcub-MSU1_011_000264.1	interproscan	PTHR39200 domain-containing protein
Pcub-MSU1_011_000265.1	interproscan	PTHR39200 domain-containing protein
Pcub-MSU1_011_000266.1	interproscan	PTHR39200 domain-containing protein
Pcub-MSU1_011_000267.1	interproscan	PTHR39200 domain-containing protein
Pcub-MSU1_011_000268.1	interproscan	PTHR39200 domain-containing protein
Pcub-MSU1_011_000269.1	interproscan	PTHR39200 domain-containing protein
Pcub-MSU1_011_000270.1	interproscan	PTHR39200 domain-containing protein
Pcub-MSU1_011_000271.1	interproscan	PTHR39200 domain-containing protein
Pcub-MSU1_011_000272.1	interproscan	PTHR39200 domain-containing protein
Pcub-MSU1_011_000273.1	interproscan	PTHR39200 domain-containing protein
Pcub-MSU1_011_000274.1	interproscan	PTHR39200 domain-containing protein
Pcub-MSU1_011_000275.1	interproscan	PTHR39200 domain-containing protein
Pcub-MSU1_011_000276.1	interproscan	PTHR39200 domain-containing protein
Pcub-MSU1_011_000277.1	interproscan	PTHR39200 domain-containing protein
Pcub-MSU1_011_000278.1	interproscan	PTHR39200 domain-containing protein
Pcub-MSU1_011_000279.1	interproscan	PTHR39200 domain-containing protein
Pcub-MSU1_011_000326.1	interproscan	PTHR39200 domain-containing protein
Pcub-MSU1_011_000325.1	unannotated	Hypothetical protein of unknown function
Pcub-MSU1_011_000280.1	interproscan	PTHR39200 domain-containing protein
Pcub-MSU1_011_000324.1	unannotated	Hypothetical protein of unknown function
Pcub-MSU1_011_000281.1	interproscan	PTHR39200 domain-containing protein
Pcub-MSU1_011_000323.1	interproscan	PTHR39200 domain-containing protein
Pcub-MSU1_011_000322.1	interproscan	PTHR39200 domain-containing protein
Pcub-MSU1_011_000321.1	interproscan	PTHR39200 domain-containing protein
Pcub-MSU1_011_000320.1	interproscan	PTHR39200 domain-containing protein
Pcub-MSU1_011_000319.1	interproscan	PTHR39200 domain-containing protein
Pcub-MSU1_011_000282.1	unannotated	Hypothetical protein of unknown function
Pcub-MSU1_011_000283.1	unannotated	Hypothetical protein of unknown function
Pcub-MSU1_011_000284.1	eggnog	Peptidase family C69
Pcub-MSU1_011_000318.1	eggnog	domain-containing protein
Pcub-MSU1_011_000317.1	interproscan	PTHR39200 domain-containing protein
Pcub-MSU1_011_000285.1	blastp	Homology to Phytophthora nicotianae predicted protein ETP11542.1
Pcub-MSU1_011_000286.1	eggnog	domain-containing protein
Pcub-MSU1_011_000316.1	eggnog	ThiF family
Pcub-MSU1_011_000315.1	unannotated	Hypothetical protein of unknown function
Pcub-MSU1_011_000314.1	eggnog	M96 mating-specific protein family. Source PGD
Pcub-MSU1_011_000313.1	interproscan	PTHR33946 domain-containing protein
Pcub-MSU1_011_000312.1	eggnog	CRN domain-containing protein-containing protein
Pcub-MSU1_011_000287.1	blastp	Homology to Phytophthora cactorum predicted protein KAG6965025.1
Pcub-MSU1_011_000311.1	interproscan	PTHR33946 domain-containing protein
Pcub-MSU1_011_000288.1	eggnog	Protein kinase C conserved region 2 (CalB)
Pcub-MSU1_011_000310.1	eggnog	domain-containing protein
Pcub-MSU1_011_000309.1	eggnog	PLAC8 family
Pcub-MSU1_011_000289.1	eggnog	EF-hand, calcium binding motif
Pcub-MSU1_011_000290.1	blastp	Homology to Phytophthora lilii predicted protein GMF34697.1
Pcub-MSU1_011_000308.1	blastp	Homology to Phytophthora pseudosyringae predicted protein KAG7382705.1
Pcub-MSU1_011_000307.1	eggnog	EF-hand, calcium binding motif
Pcub-MSU1_011_000306.1	unannotated	Hypothetical protein of unknown function
Pcub-MSU1_011_000291.1	eggnog	PLAC8 family
Pcub-MSU1_011_000292.1	eggnog	domain-containing protein
Pcub-MSU1_011_000305.1	eggnog	Protein kinase C conserved region 2 (CalB)
Pcub-MSU1_011_000304.1	interproscan	PTHR22538 domain-containing protein
Pcub-MSU1_011_000303.1	eggnog	Peptidase family C69
Pcub-MSU1_011_000293.1	interproscan	PTHR33946 domain-containing protein
Pcub-MSU1_011_000302.1	blastp	Homology to Phytophthora pseudosyringae predicted protein KAG7380588.1
Pcub-MSU1_011_000294.1	blastp	Homology to Phytophthora infestans predicted protein KAF4030060.1
Pcub-MSU1_011_000295.1	eggnog	M96 mating-specific protein family. Source PGD
Pcub-MSU1_011_000301.1	blastp	Homology to Phytophthora nicotianae predicted protein KUF97661.1
Pcub-MSU1_011_000300.1	blastp	Homology to Phytophthora pseudosyringae predicted protein KAG7382714.1
Pcub-MSU1_011_000296.1	interproscan	PTHR35796 domain-containing protein
Pcub-MSU1_011_000299.1	eggnog	Nucleoside H+ symporter
Pcub-MSU1_011_000298.1	eggnog	Nucleoside H+ symporter
Pcub-MSU1_011_000297.1	interproscan	PTHR35796 domain-containing protein
Pcub-MSU1_012_000621.1	eggnog	Amino Acid Auxin Permease (AAAP) Family
Pcub-MSU1_012_000001.1	eggnog	Amino Acid Auxin Permease (AAAP) Family
Pcub-MSU1_012_000002.1	interproscan	PTHR37067 domain-containing protein
Pcub-MSU1_012_000620.1	eggnog	Ubiquitin carboxyl-terminal hydrolase
Pcub-MSU1_012_000619.1	blastp	Homology to Phytophthora nicotianae predicted protein ETK80927.1
Pcub-MSU1_012_000003.1	blastp	Homology to Peronospora farinosa predicted protein CAH0489088.1
Pcub-MSU1_012_000004.1	eggnog	Family of unknown function (DUF572)
Pcub-MSU1_012_000618.1	eggnog	ATPase required for the post-translational delivery of tail-anchored (TA) proteins to the endoplasmic reticulum
Pcub-MSU1_012_000005.1	eggnog	Ribosomal protein S21
Pcub-MSU1_012_000617.1	eggnog	Argininosuccinate lyase C-terminal
Pcub-MSU1_012_000006.1	eggnog	16S rRNA methyltransferase RsmB/F
Pcub-MSU1_012_000007.1	eggnog	Lipopolysaccharide kinase (Kdo/WaaP) family
Pcub-MSU1_012_000008.1	eggnog	domain-containing protein
Pcub-MSU1_012_000009.1	eggnog	Iron-sulphur cluster biosynthesis
Pcub-MSU1_012_000616.1	eggnog	WD domain, G-beta repeat
Pcub-MSU1_012_000615.1	eggnog	Aminotransferase class I and II
Pcub-MSU1_012_000614.1	eggnog	CW-type Zinc Finger
Pcub-MSU1_012_000010.1	eggnog	domain-containing protein
Pcub-MSU1_012_000613.1	blastp	Homology to Phytophthora fragariae predicted protein KAE9001572.1
Pcub-MSU1_012_000011.1	blastp	Homology to Phytophthora pseudosyringae predicted protein KAG7392550.1
Pcub-MSU1_012_000012.1	blastp	Homology to predicted protein KAH7510430.1
Pcub-MSU1_012_000013.1	eggnog	Source PGD
Pcub-MSU1_012_000612.1	eggnog	transposition, RNA-mediated
Pcub-MSU1_012_000611.1	eggnog	function. Source PGD
Pcub-MSU1_012_000014.1	eggnog	domain-containing protein
Pcub-MSU1_012_000610.1	eggnog	regulation of response to stimulus
Pcub-MSU1_012_000015.1	blastp	Homology to Peronospora destructor predicted protein CAI5744316.1
Pcub-MSU1_012_000609.1	eggnog	function. Source PGD
Pcub-MSU1_012_000016.1	eggnog	protein kinase activity
Pcub-MSU1_012_000017.1	blastp	Homology to Phytophthora cactorum predicted protein KAG4239331.1
Pcub-MSU1_012_000018.1	eggnog	domain-containing protein
Pcub-MSU1_012_000019.1	eggnog	Protein tyrosine kinase
Pcub-MSU1_012_000608.1	eggnog	domain-containing protein
Pcub-MSU1_012_000607.1	blastp	Homology to Phytophthora cactorum predicted protein KAG4239331.1
Pcub-MSU1_012_000606.1	blastp	Homology to Peronospora farinosa;Peronospora effusa predicted protein CAH0484610.1
Pcub-MSU1_012_000020.1	unannotated	Hypothetical protein of unknown function
Pcub-MSU1_012_000021.1	blastp	Homology to Phytophthora idaei predicted protein KAG3105417.1
Pcub-MSU1_012_000605.1	blastp	Homology to Peronospora farinosa predicted protein CAH0484609.1
Pcub-MSU1_012_000022.1	blastp	Homology to Phytophthora nicotianae predicted protein ETM03718.1
Pcub-MSU1_012_000604.1	interproscan	PTHR35076 domain-containing protein
Pcub-MSU1_012_000023.1	blastp	Homology to Peronospora farinosa;Peronospora effusa predicted protein CAH0484610.1
Pcub-MSU1_012_000024.1	unannotated	Hypothetical protein of unknown function
Pcub-MSU1_012_000025.1	unannotated	Hypothetical protein of unknown function
Pcub-MSU1_012_000603.1	eggnog	domain-containing protein
Pcub-MSU1_012_000026.1	eggnog	ABC transporter
Pcub-MSU1_012_000027.1	eggnog	Coproporphyrinogen III oxidase
Pcub-MSU1_012_000602.1	eggnog	Coproporphyrinogen III oxidase
Pcub-MSU1_012_000601.1	eggnog	ABC transporter
Pcub-MSU1_012_000028.1	eggnog	domain-containing protein
Pcub-MSU1_012_000600.1	eggnog	Glutathione peroxidase
Pcub-MSU1_012_000599.1	blastp	Homology to Phytophthora pseudosyringae predicted protein KAG7378564.1
Pcub-MSU1_012_000029.1	eggnog	Putative RNA-binding Domain in PseudoUridine synthase and Archaeosine transglycosylase
Pcub-MSU1_012_000030.1	eggnog	domain-containing protein
Pcub-MSU1_012_000598.1	eggnog	WD40 repeats
Pcub-MSU1_012_000031.1	unannotated	Hypothetical protein of unknown function
Pcub-MSU1_012_000597.1	interproscan	Family of unknown function (DUF5906) (PF19263)
Pcub-MSU1_012_000596.1	blastp	Homology to Phytophthora fragariaefolia predicted protein GMF60622.1
Pcub-MSU1_012_000595.1	eggnog	Allomyces macrogynus ATCC 38327
Pcub-MSU1_012_000594.1	unannotated	Hypothetical protein of unknown function
Pcub-MSU1_012_000032.1	eggnog	Allomyces macrogynus ATCC 38327
Pcub-MSU1_012_000033.1	eggnog	Allomyces macrogynus ATCC 38327
Pcub-MSU1_012_000034.1	blastp	Homology to Phytophthora ramorum predicted protein KAH7472349.1
Pcub-MSU1_012_000035.1	eggnog	Glutathione peroxidase
Pcub-MSU1_012_000036.1	eggnog	Glutathione peroxidase
Pcub-MSU1_012_000593.1	eggnog	Mitochondrial carrier protein
Pcub-MSU1_012_000037.1	eggnog	Protein tyrosine kinase
Pcub-MSU1_012_000038.1	eggnog	heat shock factor
Pcub-MSU1_012_000592.1	eggnog	heat shock factor
Pcub-MSU1_012_000591.1	eggnog	Protein tyrosine kinase
Pcub-MSU1_012_000039.1	eggnog	Ankyrin repeats (many copies)
Pcub-MSU1_012_000590.1	eggnog	Aminotransferase class I and II
Pcub-MSU1_012_000589.1	eggnog	Broad-Complex, Tramtrack and Bric a brac
Pcub-MSU1_012_000588.1	blastp	Homology to Phytophthora infestans predicted protein KAF4149922.1
Pcub-MSU1_012_000587.1	eggnog	Aminotransferase class I and II
Pcub-MSU1_012_000040.1	eggnog	Glycosyl hydrolases family 6
Pcub-MSU1_012_000041.1	eggnog	Glycosyl hydrolases family 6
Pcub-MSU1_012_000042.1	blastp	Homology to Phytophthora cactorum predicted protein KAG6954293.1
Pcub-MSU1_012_000586.1	eggnog	Glycosyl hydrolases family 6
Pcub-MSU1_012_000043.1	eggnog	domain-containing protein
Pcub-MSU1_012_000044.1	eggnog	Glycosyl hydrolases family 6
Pcub-MSU1_012_000585.1	eggnog	structural constituent of ribosome
Pcub-MSU1_012_000584.1	eggnog	Glycosyl hydrolases family 6
Pcub-MSU1_012_000583.1	eggnog	Glycosyl hydrolases family 6
Pcub-MSU1_012_000045.1	eggnog	Glycosyl hydrolases family 6
Pcub-MSU1_012_000046.1	eggnog	Glycosyl hydrolases family 6
Pcub-MSU1_012_000047.1	eggnog	Glycosyl hydrolases family 6
Pcub-MSU1_012_000048.1	eggnog	Glycosyl hydrolases family 6
Pcub-MSU1_012_000049.1	eggnog	Glycosyl hydrolases family 6
Pcub-MSU1_012_000050.1	eggnog	Glycosyl hydrolases family 6
Pcub-MSU1_012_000051.1	eggnog	Glycosyl hydrolases family 6
Pcub-MSU1_012_000582.1	eggnog	Glycosyl hydrolases family 6
Pcub-MSU1_012_000581.1	eggnog	Glycosyl hydrolases family 6
Pcub-MSU1_012_000580.1	eggnog	Glycosyl hydrolases family 6
Pcub-MSU1_012_000579.1	eggnog	Glycosyl hydrolases family 6
Pcub-MSU1_012_000578.1	eggnog	Glycosyl hydrolases family 6
Pcub-MSU1_012_000577.1	eggnog	Glycosyl hydrolases family 6
Pcub-MSU1_012_000576.1	eggnog	Glycosyl hydrolases family 6
Pcub-MSU1_012_000575.1	eggnog	Glycosyl hydrolases family 6
Pcub-MSU1_012_000574.1	eggnog	Glycosyl hydrolases family 6
Pcub-MSU1_012_000573.1	eggnog	Glycosyl hydrolases family 6
Pcub-MSU1_012_000572.1	eggnog	Glycosyl hydrolases family 6
Pcub-MSU1_012_000571.1	eggnog	Glycosyl hydrolases family 6
Pcub-MSU1_012_000570.1	eggnog	Glycosyl hydrolases family 6
Pcub-MSU1_012_000569.1	eggnog	Glycosyl hydrolases family 6
Pcub-MSU1_012_000568.1	eggnog	Glycosyl hydrolases family 6
Pcub-MSU1_012_000567.1	eggnog	Glycosyl hydrolases family 6
Pcub-MSU1_012_000566.1	eggnog	Glycosyl hydrolases family 6
Pcub-MSU1_012_000565.1	eggnog	Glycosyl hydrolases family 6
Pcub-MSU1_012_000564.1	eggnog	Glycosyl hydrolases family 6
Pcub-MSU1_012_000563.1	eggnog	Glycosyl hydrolases family 6
Pcub-MSU1_012_000562.1	eggnog	Glycosyl hydrolases family 6
Pcub-MSU1_012_000561.1	eggnog	Glycosyl hydrolases family 6
Pcub-MSU1_012_000560.1	eggnog	Glycosyl hydrolases family 6
Pcub-MSU1_012_000559.1	eggnog	Glycosyl hydrolases family 6
Pcub-MSU1_012_000558.1	eggnog	Glycosyl hydrolases family 6
Pcub-MSU1_012_000557.1	eggnog	Glycosyl hydrolases family 6
Pcub-MSU1_012_000556.1	eggnog	Glycosyl hydrolases family 6
Pcub-MSU1_012_000555.1	eggnog	Glycosyl hydrolases family 6
Pcub-MSU1_012_000554.1	eggnog	Glycosyl hydrolases family 6
Pcub-MSU1_012_000553.1	eggnog	Glycosyl hydrolases family 6
Pcub-MSU1_012_000552.1	eggnog	Glycosyl hydrolases family 6
Pcub-MSU1_012_000551.1	eggnog	Glycosyl hydrolases family 6
Pcub-MSU1_012_000550.1	eggnog	Glycosyl hydrolases family 6
Pcub-MSU1_012_000549.1	eggnog	Glycosyl hydrolases family 6
Pcub-MSU1_012_000548.1	eggnog	Glycosyl hydrolases family 6
Pcub-MSU1_012_000547.1	eggnog	Glycosyl hydrolases family 6
Pcub-MSU1_012_000546.1	eggnog	Glycosyl hydrolases family 6
Pcub-MSU1_012_000545.1	eggnog	Glycosyl hydrolases family 6
Pcub-MSU1_012_000544.1	eggnog	Glycosyl hydrolases family 6
Pcub-MSU1_012_000543.1	eggnog	Glycosyl hydrolases family 6
Pcub-MSU1_012_000542.1	eggnog	Glycosyl hydrolases family 6
Pcub-MSU1_012_000541.1	eggnog	Glycosyl hydrolases family 6
Pcub-MSU1_012_000540.1	eggnog	Glycosyl hydrolases family 6
Pcub-MSU1_012_000539.1	eggnog	Glycosyl hydrolases family 6
Pcub-MSU1_012_000538.1	eggnog	Glycosyl hydrolases family 6
Pcub-MSU1_012_000537.1	eggnog	Glycosyl hydrolases family 6
Pcub-MSU1_012_000536.1	eggnog	Glycosyl hydrolases family 6
Pcub-MSU1_012_000535.1	eggnog	Glycosyl hydrolases family 6
Pcub-MSU1_012_000534.1	eggnog	Glycosyl hydrolases family 6
Pcub-MSU1_012_000533.1	eggnog	Glycosyl hydrolases family 6
Pcub-MSU1_012_000532.1	eggnog	Glycosyl hydrolases family 6
Pcub-MSU1_012_000531.1	eggnog	Glycosyl hydrolases family 6
Pcub-MSU1_012_000530.1	eggnog	Glycosyl hydrolases family 6
Pcub-MSU1_012_000529.1	eggnog	Glycosyl hydrolases family 6
Pcub-MSU1_012_000528.1	eggnog	Glycosyl hydrolases family 6
Pcub-MSU1_012_000527.1	eggnog	Glycosyl hydrolases family 6
Pcub-MSU1_012_000526.1	eggnog	Glycosyl hydrolases family 6
Pcub-MSU1_012_000525.1	eggnog	Glycosyl hydrolases family 6
Pcub-MSU1_012_000524.1	eggnog	Glycosyl hydrolases family 6
Pcub-MSU1_012_000523.1	eggnog	Glycosyl hydrolases family 6
Pcub-MSU1_012_000522.1	eggnog	Glycosyl hydrolases family 6
Pcub-MSU1_012_000521.1	eggnog	Glycosyl hydrolases family 6
Pcub-MSU1_012_000520.1	eggnog	Glycosyl hydrolases family 6
Pcub-MSU1_012_000519.1	eggnog	Glycosyl hydrolases family 6
Pcub-MSU1_012_000518.1	eggnog	Glycosyl hydrolases family 6
Pcub-MSU1_012_000517.1	eggnog	Glycosyl hydrolases family 6
Pcub-MSU1_012_000052.1	eggnog	Glycosyl hydrolases family 6
Pcub-MSU1_012_000053.1	eggnog	Glycosyl hydrolases family 6
Pcub-MSU1_012_000054.1	eggnog	Glycosyl hydrolases family 6
Pcub-MSU1_012_000055.1	eggnog	Glycosyl hydrolases family 6
Pcub-MSU1_012_000056.1	eggnog	Glycosyl hydrolases family 6
Pcub-MSU1_012_000057.1	eggnog	Glycosyl hydrolases family 6
Pcub-MSU1_012_000058.1	eggnog	Glycosyl hydrolases family 6
Pcub-MSU1_012_000059.1	eggnog	Glycosyl hydrolases family 6
Pcub-MSU1_012_000060.1	eggnog	Glycosyl hydrolases family 6
Pcub-MSU1_012_000061.1	eggnog	Glycosyl hydrolases family 6
Pcub-MSU1_012_000062.1	eggnog	Glycosyl hydrolases family 6
Pcub-MSU1_012_000516.1	eggnog	Glycosyl hydrolases family 6
Pcub-MSU1_012_000515.1	eggnog	Glycosyl hydrolases family 6
Pcub-MSU1_012_000514.1	eggnog	Glycosyl hydrolases family 6
Pcub-MSU1_012_000513.1	eggnog	Glycosyl hydrolases family 6
Pcub-MSU1_012_000512.1	eggnog	Glycosyl hydrolases family 6
Pcub-MSU1_012_000511.1	eggnog	Glycosyl hydrolases family 6
Pcub-MSU1_012_000510.1	eggnog	Glycosyl hydrolases family 6
Pcub-MSU1_012_000509.1	eggnog	Glycosyl hydrolases family 6
Pcub-MSU1_012_000508.1	eggnog	Glycosyl hydrolases family 6
Pcub-MSU1_012_000507.1	eggnog	Glycosyl hydrolases family 6
Pcub-MSU1_012_000506.1	eggnog	Glycosyl hydrolases family 6
Pcub-MSU1_012_000063.1	eggnog	Myo-inositol oxygenase
Pcub-MSU1_012_000505.1	eggnog	U6 snRNA-associated Sm-like protein LSm2
Pcub-MSU1_012_000064.1	eggnog	Zn-finger in ubiquitin-hydrolases and other protein
Pcub-MSU1_012_000065.1	eggnog	Zn-finger in ubiquitin-hydrolases and other protein
Pcub-MSU1_012_000504.1	eggnog	Domain with 2 conserved Trp (W) residues
Pcub-MSU1_012_000503.1	eggnog	Bromodomain transcription factors and PHD domain containing proteins
Pcub-MSU1_012_000066.1	eggnog	Flavoprotein (FP) subunit of succinate dehydrogenase (SDH) that is involved in complex II of the mitochondrial electron transport chain and is responsible for transferring electrons from succinate to ubiquinone (coenzyme Q)
Pcub-MSU1_012_000502.1	eggnog	domain-containing protein
Pcub-MSU1_012_000501.1	eggnog	Choline/Carnitine o-acyltransferase
Pcub-MSU1_012_000500.1	interproscan	PTHR31827 domain-containing protein
Pcub-MSU1_012_000499.1	eggnog	Phytanoyl-CoA dioxygenase (PhyH)
Pcub-MSU1_012_000067.1	eggnog	Phytanoyl-CoA dioxygenase (PhyH)
Pcub-MSU1_012_000068.1	interproscan	PTHR31827 domain-containing protein
Pcub-MSU1_012_000498.1	eggnog	Domain of unknown function (DUF4821)
Pcub-MSU1_012_000069.1	eggnog	domain-containing protein
Pcub-MSU1_012_000497.1	eggnog	Thioredoxin
Pcub-MSU1_012_000070.1	blastp	Homology to Phytophthora megakarya predicted protein OWZ21868.1
Pcub-MSU1_012_000071.1	blastp	Homology to Phytophthora megakarya predicted protein OWZ21869.1
Pcub-MSU1_012_000072.1	eggnog	Thioredoxin
Pcub-MSU1_012_000496.1	blastp	Homology to Phytophthora megakarya predicted protein OWZ21868.1
Pcub-MSU1_012_000495.1	interproscan	PTHR31684 domain-containing protein
Pcub-MSU1_012_000494.1	interproscan	PTHR31827 domain-containing protein
Pcub-MSU1_012_000073.1	interproscan	PTHR31827 domain-containing protein
Pcub-MSU1_012_000493.1	eggnog	Phytochelatin synthase
Pcub-MSU1_012_000074.1	eggnog	Origin recognition complex subunit 2
Pcub-MSU1_012_000492.1	interproscan	PTHR31827 domain-containing protein
Pcub-MSU1_012_000491.1	eggnog	domain-containing protein
Pcub-MSU1_012_000490.1	eggnog	Crinkler (CRN) family protein
Pcub-MSU1_012_000489.1	eggnog	domain-containing protein
Pcub-MSU1_012_000488.1	blastp	Homology to Phytophthora nicotianae predicted protein XP_008889806.1
Pcub-MSU1_012_000075.1	blastp	Homology to Phytophthora nicotianae predicted protein XP_008889806.1
Pcub-MSU1_012_000076.1	eggnog	domain-containing protein
Pcub-MSU1_012_000077.1	eggnog	domain-containing protein
Pcub-MSU1_012_000078.1	blastp	Homology to Peronospora belbahrii predicted protein CAH0479903.1
Pcub-MSU1_012_000487.1	eggnog	domain-containing protein
Pcub-MSU1_012_000486.1	eggnog	domain-containing protein
Pcub-MSU1_012_000485.1	blastp	Homology to Phytophthora megakarya predicted protein OWZ21573.1
Pcub-MSU1_012_000484.1	blastp	Homology to Phytophthora cinnamomi predicted protein KAG6584739.1
Pcub-MSU1_012_000483.1	eggnog	Lysine methyltransferase
Pcub-MSU1_012_000079.1	eggnog	Tetratricopeptide repeat
Pcub-MSU1_012_000482.1	eggnog	phosphatidylinositol N-acetylglucosaminyltransferase activity
Pcub-MSU1_012_000080.1	eggnog	Trafficking protein Mon1
Pcub-MSU1_012_000481.1	eggnog	domain-containing protein
Pcub-MSU1_012_000480.1	eggnog	UDP-glucoronosyl and UDP-glucosyl transferase
Pcub-MSU1_012_000479.1	eggnog	domain-containing protein
Pcub-MSU1_012_000081.1	eggnog	domain-containing protein
Pcub-MSU1_012_000478.1	eggnog	Proteasome assembly chaperone 4
Pcub-MSU1_012_000082.1	eggnog	domain-containing protein
Pcub-MSU1_012_000477.1	eggnog	domain-containing protein
Pcub-MSU1_012_000083.1	eggnog	domain-containing protein
Pcub-MSU1_012_000084.1	eggnog	UDP-glucoronosyl and UDP-glucosyl transferase
Pcub-MSU1_012_000085.1	eggnog	UDP-glucoronosyl and UDP-glucosyl transferase
Pcub-MSU1_012_000086.1	eggnog	domain-containing protein
Pcub-MSU1_012_000476.1	eggnog	Trafficking protein Mon1
Pcub-MSU1_012_000475.1	unannotated	Hypothetical protein of unknown function
Pcub-MSU1_012_000474.1	unannotated	Hypothetical protein of unknown function
Pcub-MSU1_012_000473.1	blastp	Homology to Phytophthora lilii predicted protein GMF33516.1
Pcub-MSU1_012_000472.1	blastp	Homology to Phytophthora infestans predicted protein KAF4044752.1
Pcub-MSU1_012_000471.1	eggnog	domain-containing protein
Pcub-MSU1_012_000087.1	interproscan	PTHR37332 domain-containing protein
Pcub-MSU1_012_000470.1	eggnog	protein tyrosine/serine/threonine phosphatase activity
Pcub-MSU1_012_000469.1	eggnog	WD domain, G-beta repeat
Pcub-MSU1_012_000468.1	eggnog	WD domain, G-beta repeat
Pcub-MSU1_012_000088.1	eggnog	Protein tyrosine kinase
Pcub-MSU1_012_000467.1	eggnog	E2F-associated phosphoprotein
Pcub-MSU1_012_000089.1	blastp	Homology to Phytophthora pseudosyringae predicted protein KAG7381315.1
Pcub-MSU1_012_000090.1	eggnog	Solute carrier family 35
Pcub-MSU1_012_000466.1	blastp	Homology to Phytophthora nicotianae predicted protein ETM03544.1
Pcub-MSU1_012_000091.1	eggnog	Hypothetical methyltransferase
Pcub-MSU1_012_000465.1	interproscan	PTHR31250 domain-containing protein
Pcub-MSU1_012_000464.1	blastp	Homology to Phytophthora cinnamomi predicted protein KAG6584635.1
Pcub-MSU1_012_000463.1	eggnog	Protein tyrosine kinase
Pcub-MSU1_012_000092.1	eggnog	Autophagy protein Apg6
Pcub-MSU1_012_000462.1	eggnog	domain-containing protein
Pcub-MSU1_012_000461.1	interproscan	c(""""""""RXLR phytopathogen effector protein"""""""", """""""" Avirulence activity"""""""") (PF16810)
Pcub-MSU1_012_000460.1	unannotated	Hypothetical protein of unknown function
Pcub-MSU1_012_000093.1	interproscan	c(""""""""RXLR phytopathogen effector protein"""""""", """""""" Avirulence activity"""""""") (PF16810)
Pcub-MSU1_012_000094.1	unannotated	Hypothetical protein of unknown function
Pcub-MSU1_012_000095.1	eggnog	Pyridoxal-phosphate dependent enzyme
Pcub-MSU1_012_000459.1	interproscan	PTHR31142 domain-containing protein
Pcub-MSU1_012_000096.1	eggnog	Adaptor complexes medium subunit family
Pcub-MSU1_012_000458.1	unannotated	Hypothetical protein of unknown function
Pcub-MSU1_012_000457.1	blastp	Homology to Phytophthora citrophthora predicted protein KAK1930705.1
Pcub-MSU1_012_000097.1	eggnog	domain-containing protein
Pcub-MSU1_012_000456.1	eggnog	Folate-sensitive fragile site protein Fra10Ac1
Pcub-MSU1_012_000098.1	eggnog	Aspartyl/Asparaginyl beta-hydroxylase
Pcub-MSU1_012_000455.1	eggnog	ATPase activity, coupled to transmembrane movement of substances
Pcub-MSU1_012_000099.1	eggnog	ATPase activity, coupled to transmembrane movement of substances
Pcub-MSU1_012_000454.1	eggnog	Aspartyl/Asparaginyl beta-hydroxylase
Pcub-MSU1_012_000100.1	eggnog	domain-containing protein
Pcub-MSU1_012_000101.1	eggnog	RNA pseudouridylate synthase
Pcub-MSU1_012_000102.1	blastp	Homology to Peronospora effusa predicted protein RMX61961.1
Pcub-MSU1_012_000453.1	eggnog	Ankyrin repeats (3 copies)
Pcub-MSU1_012_000103.1	eggnog	DJ-1/PfpI family
Pcub-MSU1_012_000452.1	eggnog	domain-containing protein
Pcub-MSU1_012_000104.1	eggnog	RNA pseudouridylate synthase
Pcub-MSU1_012_000105.1	blastp	Homology to Peronospora belbahrii predicted protein CAH0479325.1
Pcub-MSU1_012_000451.1	interproscan	PTHR24198 domain-containing protein
Pcub-MSU1_012_000106.1	eggnog	Putative DNA-binding domain in centromere protein B, mouse jerky and transposases
Pcub-MSU1_012_000450.1	eggnog	Ras of Complex, Roc, domain of DAPkinase
Pcub-MSU1_012_000449.1	interproscan	PTHR34966 domain-containing protein
Pcub-MSU1_012_000107.1	eggnog	Component of the ubiquinol-cytochrome c reductase complex (complex III or cytochrome b-c1 complex), which is a respiratory chain that generates an electrochemical potential coupled to ATP synthesis
Pcub-MSU1_012_000108.1	blastp	Homology to Peronospora belbahrii predicted protein CAH0479886.1
Pcub-MSU1_012_000109.1	blastp	Homology to Phytophthora cactorum predicted protein KAG2812067.1
Pcub-MSU1_012_000110.1	blastp	Homology to Phytophthora cactorum predicted protein KAG2780423.1
Pcub-MSU1_012_000448.1	eggnog	domain-containing protein
Pcub-MSU1_012_000447.1	eggnog	domain-containing protein
Pcub-MSU1_012_000111.1	eggnog	Pterin 4 alpha carbinolamine dehydratase
Pcub-MSU1_012_000446.1	eggnog	domain-containing protein
Pcub-MSU1_012_000112.1	eggnog	PhoX homologous domain, present in p47phox and p40phox
Pcub-MSU1_012_000113.1	eggnog	Lipase (class 3)
Pcub-MSU1_012_000445.1	eggnog	Lipase (class 3)
Pcub-MSU1_012_000114.1	eggnog	domain-containing protein
Pcub-MSU1_012_000444.1	eggnog	domain-containing protein
Pcub-MSU1_012_000115.1	blastp	Homology to Phytophthora palmivora predicted protein POM72975.1
Pcub-MSU1_012_000443.1	eggnog	tRNA 2'-phosphotransferase activity (TRPT1)
Pcub-MSU1_012_000442.1	eggnog	Protein tyrosine kinase
Pcub-MSU1_012_000441.1	eggnog	Sister chromatid cohesion protein Dcc1
Pcub-MSU1_012_000440.1	blastp	Homology to Peronospora farinosa predicted protein CAH0489645.1
Pcub-MSU1_012_000116.1	interproscan	PTHR37067 domain-containing protein
Pcub-MSU1_012_000117.1	blastp	Homology to Peronospora belbahrii predicted protein CAH0479309.1
Pcub-MSU1_012_000439.1	blastp	Homology to Peronospora belbahrii predicted protein CAH0521162.1
Pcub-MSU1_012_000438.1	eggnog	non-SMC mitotic condensation complex subunit 1
Pcub-MSU1_012_000437.1	eggnog	Leucine Rich repeat
Pcub-MSU1_012_000436.1	unannotated	Hypothetical protein of unknown function
Pcub-MSU1_012_000435.1	eggnog	PPIases accelerate the folding of proteins
Pcub-MSU1_012_000434.1	eggnog	Protein kinase C conserved region 2 (CalB)
Pcub-MSU1_012_000118.1	eggnog	Enoyl-(Acyl carrier protein) reductase
Pcub-MSU1_012_000119.1	eggnog	domain-containing protein
Pcub-MSU1_012_000120.1	eggnog	PPIases accelerate the folding of proteins
Pcub-MSU1_012_000121.1	eggnog	Leucine Rich repeat
Pcub-MSU1_012_000122.1	eggnog	nitrile biosynthetic process
Pcub-MSU1_012_000433.1	eggnog	SGT1 protein
Pcub-MSU1_012_000123.1	eggnog	Trypsin-like serine protease
Pcub-MSU1_012_000124.1	eggnog	Ribosome biogenesis protein SLX9
Pcub-MSU1_012_000432.1	eggnog	Dynein heavy chain, N-terminal region 1
Pcub-MSU1_012_000431.1	eggnog	Leucine Rich repeat
Pcub-MSU1_012_000430.1	eggnog	Las17-binding protein actin regulator
Pcub-MSU1_012_000125.1	eggnog	palmitoyl-(protein) hydrolase activity
Pcub-MSU1_012_000429.1	eggnog	domain-containing protein
Pcub-MSU1_012_000126.1	eggnog	Ectoine synthase
Pcub-MSU1_012_000127.1	eggnog	MYCBP-associated protein family
Pcub-MSU1_012_000128.1	eggnog	Centriolar protein SAS N-terminal
Pcub-MSU1_012_000428.1	eggnog	domain-containing protein
Pcub-MSU1_012_000427.1	eggnog	Lactonase, 7-bladed beta-propeller
Pcub-MSU1_012_000129.1	eggnog	Eukaryotic porin
Pcub-MSU1_012_000426.1	eggnog	domain-containing protein
Pcub-MSU1_012_000130.1	eggnog	domain-containing protein
Pcub-MSU1_012_000425.1	eggnog	emp24/gp25L/p24 family/GOLD
Pcub-MSU1_012_000131.1	eggnog	Mitochondrial import inner membrane translocase subunit TIM50
Pcub-MSU1_012_000424.1	interproscan	PTHR22538 domain-containing protein
Pcub-MSU1_012_000132.1	interproscan	PTHR35465 domain-containing protein
Pcub-MSU1_012_000423.1	eggnog	axoneme assembly
Pcub-MSU1_012_000422.1	blastp	Homology to Peronospora effusa predicted protein RQM11296.1
Pcub-MSU1_012_000133.1	blastp	Homology to Phytophthora idaei predicted protein KAG3135794.1
Pcub-MSU1_012_000134.1	blastp	Homology to Phytophthora nicotianae predicted protein XP_008911837.1
Pcub-MSU1_012_000421.1	eggnog	Golgi organization
Pcub-MSU1_012_000135.1	eggnog	domain-containing protein
Pcub-MSU1_012_000420.1	unannotated	Hypothetical protein of unknown function
Pcub-MSU1_012_000136.1	eggnog	domain-containing protein
Pcub-MSU1_012_000137.1	eggnog	FKBP-type peptidyl-prolyl cis-trans isomerase
Pcub-MSU1_012_000419.1	eggnog	K-box region
Pcub-MSU1_012_000138.1	unannotated	Hypothetical protein of unknown function
Pcub-MSU1_012_000139.1	unannotated	Hypothetical protein of unknown function
Pcub-MSU1_012_000140.1	eggnog	Type III restriction enzyme, res subunit
Pcub-MSU1_012_000418.1	blastp	Homology to Phytophthora fragariae;Phytophthora rubi predicted protein KAE8892384.1
Pcub-MSU1_012_000417.1	eggnog	Bardet-Biedl syndrome 5 protein
Pcub-MSU1_012_000141.1	eggnog	domain-containing protein
Pcub-MSU1_012_000142.1	blastp	Homology to Phytophthora nicotianae predicted protein XP_008913156.1
Pcub-MSU1_012_000416.1	blastp	Homology to Phytophthora nicotianae predicted protein ETL28849.1
Pcub-MSU1_012_000415.1	eggnog	Glucokinase
Pcub-MSU1_012_000414.1	eggnog	Glucokinase
Pcub-MSU1_012_000143.1	eggnog	Glucokinase
Pcub-MSU1_012_000144.1	blastp	Homology to Phytophthora ramorum predicted protein KAH7472085.1
Pcub-MSU1_012_000145.1	blastp	Homology to Peronospora effusa predicted protein CAI5717945.1
Pcub-MSU1_012_000413.1	blastp	Homology to Phytophthora ramorum predicted protein KAH7472085.1
Pcub-MSU1_012_000412.1	eggnog	IQ calmodulin-binding motif
Pcub-MSU1_012_000146.1	eggnog	domain-containing protein
Pcub-MSU1_012_000147.1	eggnog	Inositol monophosphatase family
Pcub-MSU1_012_000411.1	eggnog	domain-containing protein
Pcub-MSU1_012_000410.1	eggnog	domain-containing protein
Pcub-MSU1_012_000148.1	eggnog	IQ calmodulin-binding motif
Pcub-MSU1_012_000409.1	eggnog	domain-containing protein
Pcub-MSU1_012_000149.1	blastp	Homology to Peronospora belbahrii predicted protein CAH0477005.1
Pcub-MSU1_012_000150.1	eggnog	Histidine kinase-, DNA gyrase B-, and HSP90-like ATPase
Pcub-MSU1_012_000151.1	eggnog	Histidine kinase-, DNA gyrase B-, and HSP90-like ATPase
Pcub-MSU1_012_000408.1	eggnog	Domain in homologues of a S
Pcub-MSU1_012_000407.1	blastp	Homology to Phytophthora rubi predicted protein KAE9047082.1
Pcub-MSU1_012_000152.1	blastp	Homology to Phytophthora citrophthora predicted protein KAK1941093.1
Pcub-MSU1_012_000153.1	eggnog	acyl-CoA hydrolase activity
Pcub-MSU1_012_000154.1	eggnog	Thioesterase superfamily
Pcub-MSU1_012_000155.1	eggnog	ABC-2 type transporter
Pcub-MSU1_012_000406.1	eggnog	Provides the precursors necessary for DNA synthesis
Pcub-MSU1_012_000156.1	eggnog	intraciliary transport involved in cilium assembly
Pcub-MSU1_012_000405.1	eggnog	domain-containing protein
Pcub-MSU1_012_000404.1	eggnog	2-oxoacid dehydrogenases acyltransferase (catalytic domain)
Pcub-MSU1_012_000403.1	eggnog	domain-containing protein
Pcub-MSU1_012_000402.1	eggnog	Replication factor A protein 3
Pcub-MSU1_012_000401.1	eggnog	Amidohydrolase family
Pcub-MSU1_012_000157.1	eggnog	Sugar fermentation stimulation protein
Pcub-MSU1_012_000158.1	eggnog	Domain of unknown function (DUF4524)
Pcub-MSU1_012_000400.1	eggnog	Preprotein translocase subunit Sec66
Pcub-MSU1_012_000399.1	eggnog	RxLR effector
Pcub-MSU1_012_000159.1	eggnog	ATPase family associated with various cellular activities (AAA)
Pcub-MSU1_012_000398.1	unannotated	Hypothetical protein of unknown function
Pcub-MSU1_012_000397.1	eggnog	RxLR effector
Pcub-MSU1_012_000396.1	eggnog	domain-containing protein
Pcub-MSU1_012_000160.1	eggnog	Nitroreductase family
Pcub-MSU1_012_000161.1	unannotated	Hypothetical protein of unknown function
Pcub-MSU1_012_000395.1	unannotated	Hypothetical protein of unknown function
Pcub-MSU1_012_000394.1	eggnog	Nitroreductase family
Pcub-MSU1_012_000162.1	eggnog	domain-containing protein
Pcub-MSU1_012_000163.1	eggnog	RxLR effector
Pcub-MSU1_012_000164.1	unannotated	Hypothetical protein of unknown function
Pcub-MSU1_012_000393.1	eggnog	ATPase family associated with various cellular activities (AAA)
Pcub-MSU1_012_000165.1	eggnog	RxLR effector
Pcub-MSU1_012_000392.1	eggnog	Glycosyl hydrolases family 6
Pcub-MSU1_012_000166.1	eggnog	Leucine Rich Repeat
Pcub-MSU1_012_000167.1	eggnog	domain-containing protein
Pcub-MSU1_012_000391.1	eggnog	RxLR effector
Pcub-MSU1_012_000168.1	eggnog	Sulfite exporter TauE/SafE
Pcub-MSU1_012_000390.1	eggnog	Domain of unknown function (DUF4833)
Pcub-MSU1_012_000389.1	eggnog	Hepatocellular carcinoma-associated antigen 59
Pcub-MSU1_012_000169.1	eggnog	domain-containing protein
Pcub-MSU1_012_000388.1	blastp	Homology to Phytophthora fragariae predicted protein KAE9309079.1
Pcub-MSU1_012_000387.1	blastp	Homology to Phytophthora nicotianae predicted protein ETK73427.1
Pcub-MSU1_012_000170.1	blastp	Homology to Phytophthora lilii predicted protein GMF20262.1
Pcub-MSU1_012_000386.1	eggnog	domain-containing protein
Pcub-MSU1_012_000171.1	eggnog	domain-containing protein
Pcub-MSU1_012_000385.1	eggnog	Sulfatase-modifying factor enzyme 1
Pcub-MSU1_012_000172.1	eggnog	domain-containing protein
Pcub-MSU1_012_000384.1	eggnog	Cytochrome c oxidase subunit Vb
Pcub-MSU1_012_000383.1	eggnog	nucleosome assembly (CHAF1A)
Pcub-MSU1_012_000382.1	blastp	Homology to Phytophthora cactorum predicted protein KAG2767090.1
Pcub-MSU1_012_000173.1	interproscan	PTHR33862 domain-containing protein
Pcub-MSU1_012_000174.1	blastp	Homology to Phytophthora cactorum predicted protein KAG3011581.1
Pcub-MSU1_012_000381.1	blastp	Homology to Phytophthora capsici predicted protein KAG1694038.1
Pcub-MSU1_012_000175.1	blastp	Homology to Phytophthora pseudosyringae predicted protein KAG7380203.1
Pcub-MSU1_012_000380.1	blastp	Homology to Phytophthora cactorum predicted protein KAG2767203.1
Pcub-MSU1_012_000379.1	blastp	Homology to Phytophthora cactorum predicted protein KAG3011581.1
Pcub-MSU1_012_000378.1	unannotated	Hypothetical protein of unknown function
Pcub-MSU1_012_000377.1	unannotated	Hypothetical protein of unknown function
Pcub-MSU1_012_000376.1	eggnog	Promotes mitochondrial protein synthesis
Pcub-MSU1_012_000176.1	blastp	Homology to Phytophthora citrophthora predicted protein KAK1929651.1
Pcub-MSU1_012_000177.1	eggnog	WD repeat protein 35. Source PGD
Pcub-MSU1_012_000375.1	eggnog	Haloacid dehalogenase-like hydrolase
Pcub-MSU1_012_000178.1	eggnog	Aconitase family (aconitate hydratase)
Pcub-MSU1_012_000179.1	blastp	Homology to Phytophthora fragariae predicted protein KAE8875884.1
Pcub-MSU1_012_000374.1	eggnog	Broad-specificity nucleoside monophosphate (NMP) kinase that catalyzes the reversible transfer of the terminal phosphate group between nucleoside triphosphates and monophosphates
Pcub-MSU1_012_000373.1	eggnog	Magnesium transporter NIPA
Pcub-MSU1_012_000180.1	unannotated	Hypothetical protein of unknown function
Pcub-MSU1_012_000181.1	eggnog	Phosphate acyltransferases
Pcub-MSU1_012_000182.1	eggnog	Phosphate acyltransferases
Pcub-MSU1_012_000372.1	eggnog	protein-cysteine S-palmitoyltransferase activity
Pcub-MSU1_012_000183.1	interproscan	PTHR37066 domain-containing protein
Pcub-MSU1_012_000371.1	eggnog	Beta-lactamase
Pcub-MSU1_012_000184.1	eggnog	AMP-binding enzyme
Pcub-MSU1_012_000185.1	eggnog	Serine carboxypeptidase S28
Pcub-MSU1_012_000186.1	eggnog	mRNA cap-binding component of the eukaryotic translation initiation factor 3 (eIF-3) complex, which is involved in protein synthesis of a specialized repertoire of mRNAs and, together with other initiation factors, stimulates binding of mRNA and methionyl-tRNAi to the 40S ribosome
Pcub-MSU1_012_000187.1	eggnog	Protein present in Fab1, YOTB, Vac1, and EEA1
Pcub-MSU1_012_000188.1	blastp	Homology to Phytophthora cactorum predicted protein KAF1773365.1
Pcub-MSU1_012_000370.1	eggnog	Protein of unknown function (DUF2439)
Pcub-MSU1_012_000189.1	blastp	Homology to Phytophthora cactorum predicted protein KAG2991001.1
Pcub-MSU1_012_000190.1	unannotated	Hypothetical protein of unknown function
Pcub-MSU1_012_000369.1	eggnog	domain-containing protein
Pcub-MSU1_012_000191.1	eggnog	domain-containing protein
Pcub-MSU1_012_000368.1	blastp	Homology to Phytophthora pseudosyringae predicted protein KAG7381009.1
Pcub-MSU1_012_000192.1	eggnog	Belongs to the class I-like SAM-binding methyltransferase superfamily
Pcub-MSU1_012_000193.1	eggnog	domain-containing protein
Pcub-MSU1_012_000194.1	unannotated	Hypothetical protein of unknown function
Pcub-MSU1_012_000195.1	eggnog	synthase
Pcub-MSU1_012_000367.1	blastp	Homology to Phytophthora cinnamomi predicted protein KAG6610568.1
Pcub-MSU1_012_000366.1	unannotated	Hypothetical protein of unknown function
Pcub-MSU1_012_000365.1	interproscan	PTHR47190 domain-containing protein
Pcub-MSU1_012_000364.1	eggnog	Potential Queuosine, Q, salvage protein family
Pcub-MSU1_012_000196.1	eggnog	Uncharacterized conserved protein (DUF2363)
Pcub-MSU1_012_000363.1	interproscan	G3DSA:3.30.920.10 domain-containing protein
Pcub-MSU1_012_000362.1	blastp	Homology to Peronospora destructor predicted protein CAI5710543.1
Pcub-MSU1_012_000197.1	eggnog	Endonuclease/Exonuclease/phosphatase family
Pcub-MSU1_012_000361.1	eggnog	high-affinity glutamate transmembrane transporter activity
Pcub-MSU1_012_000198.1	interproscan	PTHR40261 domain-containing protein
Pcub-MSU1_012_000199.1	eggnog	Mediator of CRAC channel activity
Pcub-MSU1_012_000360.1	eggnog	Homoserine dehydrogenase
Pcub-MSU1_012_000359.1	eggnog	Mediator of CRAC channel activity
Pcub-MSU1_012_000200.1	eggnog	domain-containing protein
Pcub-MSU1_012_000358.1	eggnog	CAAX prenyl protease N-terminal, five membrane helices
Pcub-MSU1_012_000201.1	eggnog	GTPase activity
Pcub-MSU1_012_000202.1	blastp	Homology to Phytophthora ramorum predicted protein KAH7462011.1
Pcub-MSU1_012_000357.1	eggnog	Amino-transferase class IV
Pcub-MSU1_012_000203.1	eggnog	domain-containing protein
Pcub-MSU1_012_000356.1	eggnog	Plays a role in vesicular protein sorting
Pcub-MSU1_012_000355.1	blastp	Homology to Phytophthora megakarya predicted protein OWZ04440.1
Pcub-MSU1_012_000204.1	eggnog	Snf7
Pcub-MSU1_012_000205.1	eggnog	Domain of unknown function DUF21
Pcub-MSU1_012_000206.1	eggnog	ABC transporter
Pcub-MSU1_012_000207.1	unannotated	Hypothetical protein of unknown function
Pcub-MSU1_012_000208.1	eggnog	domain-containing protein
Pcub-MSU1_012_000354.1	eggnog	Ubiquitin-like modifier-activating enzyme ATG7 N-terminus
Pcub-MSU1_012_000209.1	blastp	Homology to Phytophthora aleatoria predicted protein KAG6961511.1
Pcub-MSU1_012_000210.1	eggnog	Sugar-transfer associated ATP-grasp
Pcub-MSU1_012_000353.1	unannotated	Hypothetical protein of unknown function
Pcub-MSU1_012_000211.1	blastp	Homology to Phytophthora rubi predicted protein KAE9009490.1
Pcub-MSU1_012_000212.1	eggnog	domain-containing protein
Pcub-MSU1_012_000352.1	eggnog	Sin3 binding region of histone deacetylase complex subunit SAP30
Pcub-MSU1_012_000213.1	eggnog	eRF1_1
Pcub-MSU1_012_000214.1	eggnog	FKBP-type peptidyl-prolyl cis-trans isomerase
Pcub-MSU1_012_000351.1	eggnog	MoeA N-terminal region (domain I and II)
Pcub-MSU1_012_000215.1	eggnog	Rdx family
Pcub-MSU1_012_000350.1	eggnog	PIGA (GPI anchor biosynthesis)
Pcub-MSU1_012_000216.1	blastp	Homology to Phytophthora cactorum predicted protein KAF1781000.1
Pcub-MSU1_012_000217.1	eggnog	domain-containing protein
Pcub-MSU1_012_000349.1	eggnog	Protein of unknown function (DUF1084)
Pcub-MSU1_012_000348.1	eggnog	domain-containing protein
Pcub-MSU1_012_000347.1	eggnog	domain-containing protein
Pcub-MSU1_012_000346.1	unannotated	Hypothetical protein of unknown function
Pcub-MSU1_012_000345.1	eggnog	domain-containing protein
Pcub-MSU1_012_000344.1	eggnog	domain-containing protein
Pcub-MSU1_012_000343.1	unannotated	Hypothetical protein of unknown function
Pcub-MSU1_012_000342.1	eggnog	domain-containing protein
Pcub-MSU1_012_000341.1	eggnog	domain-containing protein
Pcub-MSU1_012_000340.1	eggnog	domain-containing protein
Pcub-MSU1_012_000339.1	eggnog	Mitochondrial calcium uniporter
Pcub-MSU1_012_000218.1	eggnog	domain-containing protein
Pcub-MSU1_012_000219.1	eggnog	domain-containing protein
Pcub-MSU1_012_000220.1	eggnog	Mitochondrial calcium uniporter
Pcub-MSU1_012_000221.1	eggnog	elicitin protein
Pcub-MSU1_012_000222.1	eggnog	Elicitin
Pcub-MSU1_012_000338.1	eggnog	Up-frameshift suppressor 2
Pcub-MSU1_012_000337.1	eggnog	Mitochondrial carrier protein
Pcub-MSU1_012_000223.1	eggnog	Tetratricopeptide repeat
Pcub-MSU1_012_000336.1	eggnog	Protein of unknown function (DUF726)
Pcub-MSU1_012_000224.1	eggnog	Leucine-rich repeat - CC (cysteine-containing) subfamily
Pcub-MSU1_012_000225.1	eggnog	Parkin co-regulated protein
Pcub-MSU1_012_000226.1	eggnog	Parkin co-regulated protein
Pcub-MSU1_012_000227.1	blastp	Homology to Phytophthora cinnamomi predicted protein KAG6610617.1
Pcub-MSU1_012_000335.1	eggnog	cellular component assembly
Pcub-MSU1_012_000228.1	unannotated	Hypothetical protein of unknown function
Pcub-MSU1_012_000229.1	eggnog	Protein of unknown function (DUF501)
Pcub-MSU1_012_000334.1	eggnog	Rab subfamily of small GTPases
Pcub-MSU1_012_000333.1	eggnog	Autophagocytosis associated protein C-terminal
Pcub-MSU1_012_000230.1	eggnog	GDP-mannose hydrolase activity
Pcub-MSU1_012_000332.1	eggnog	Dynein heavy chain, N-terminal region 1
Pcub-MSU1_012_000331.1	eggnog	domain-containing protein
Pcub-MSU1_012_000330.1	eggnog	oxidoreductase activity, acting on paired donors, with oxidation of a pair of donors resulting in the reduction of molecular oxygen to two molecules of water
Pcub-MSU1_012_000231.1	eggnog	Belongs to the TRAFAC class myosin-kinesin ATPase superfamily
Pcub-MSU1_012_000232.1	unannotated	Hypothetical protein of unknown function
Pcub-MSU1_012_000233.1	eggnog	Excises uracil residues from the DNA which can arise as a result of misincorporation of dUMP residues by DNA polymerase or due to deamination of cytosine
Pcub-MSU1_012_000329.1	eggnog	ELMO/CED-12 family
Pcub-MSU1_012_000328.1	unannotated	Hypothetical protein of unknown function
Pcub-MSU1_012_000234.1	eggnog	domain-containing protein
Pcub-MSU1_012_000327.1	blastp	Homology to Phytophthora pseudosyringae predicted protein KAG7383839.1
Pcub-MSU1_012_000326.1	eggnog	domain-containing protein
Pcub-MSU1_012_000235.1	eggnog	Isy1-like splicing family
Pcub-MSU1_012_000325.1	blastp	Homology to Phytophthora ramorum predicted protein KAH7461936.1
Pcub-MSU1_012_000324.1	eggnog	Domain of unknown function (DUF4598)
Pcub-MSU1_012_000323.1	unannotated	Hypothetical protein of unknown function
Pcub-MSU1_012_000236.1	eggnog	Polyprenyl synthetase
Pcub-MSU1_012_000237.1	eggnog	Conserved gene of
Pcub-MSU1_012_000322.1	eggnog	DinB superfamily
Pcub-MSU1_012_000238.1	eggnog	Dynein light chain type 1
Pcub-MSU1_012_000239.1	eggnog	BAAT / Acyl-CoA thioester hydrolase C terminal
Pcub-MSU1_012_000321.1	blastp	Homology to Phytophthora lilii predicted protein GMF09929.1
Pcub-MSU1_012_000320.1	eggnog	DDHD
Pcub-MSU1_012_000240.1	eggnog	PD-(D/E)XK nuclease superfamily
Pcub-MSU1_012_000241.1	eggnog	TRAF-type zinc finger
Pcub-MSU1_012_000319.1	eggnog	domain-containing protein
Pcub-MSU1_012_000242.1	blastp	Homology to Peronospora effusa predicted protein RMX68953.1
Pcub-MSU1_012_000243.1	eggnog	ARF-like small GTPases; ARF, ADP-ribosylation factor
Pcub-MSU1_012_000244.1	eggnog	Bromodomain extra-terminal - transcription regulation
Pcub-MSU1_012_000245.1	eggnog	acetyltransferase activator activity
Pcub-MSU1_012_000318.1	eggnog	Phosphoglucomutase/phosphomannomutase, alpha/beta/alpha domain II
Pcub-MSU1_012_000317.1	eggnog	ARF-like small GTPases; ARF, ADP-ribosylation factor
Pcub-MSU1_012_000246.1	eggnog	domain-containing protein
Pcub-MSU1_012_000316.1	blastp	Homology to Phytophthora citrophthora predicted protein KAK1931745.1
Pcub-MSU1_012_000315.1	eggnog	Cutinase
Pcub-MSU1_012_000247.1	eggnog	Cutinase
Pcub-MSU1_012_000248.1	eggnog	zinc finger
Pcub-MSU1_012_000249.1	eggnog	Cutinase
Pcub-MSU1_012_000250.1	eggnog	Cutinase
Pcub-MSU1_012_000251.1	eggnog	Cutinase
Pcub-MSU1_012_000252.1	eggnog	Cutinase
Pcub-MSU1_012_000253.1	eggnog	Cutinase
Pcub-MSU1_012_000254.1	eggnog	Cutinase
Pcub-MSU1_012_000255.1	eggnog	Cutinase
Pcub-MSU1_012_000256.1	eggnog	Cutinase
Pcub-MSU1_012_000257.1	eggnog	Cutinase
Pcub-MSU1_012_000258.1	eggnog	Cutinase
Pcub-MSU1_012_000259.1	eggnog	Cutinase
Pcub-MSU1_012_000260.1	eggnog	Cutinase
Pcub-MSU1_012_000314.1	eggnog	domain-containing protein
Pcub-MSU1_012_000261.1	eggnog	Microtubule binding
Pcub-MSU1_012_000313.1	eggnog	Mak16 protein C-terminal region
Pcub-MSU1_012_000312.1	eggnog	Glutathione peroxidase
Pcub-MSU1_012_000262.1	blastp	Homology to Phytophthora nicotianae predicted protein XP_008902262.1
Pcub-MSU1_012_000311.1	eggnog	PHD zinc finger
Pcub-MSU1_012_000263.1	eggnog	Belongs to the SKP1 family
Pcub-MSU1_012_000310.1	eggnog	Dual specificity protein phosphatase, N-terminal half
Pcub-MSU1_012_000309.1	blastp	Homology to Peronospora effusa predicted protein RQM15101.1
Pcub-MSU1_012_000264.1	eggnog	Serine aminopeptidase, S33
Pcub-MSU1_012_000308.1	blastp	Homology to Phytophthora aleatoria predicted protein KAG6970614.1
Pcub-MSU1_012_000265.1	blastp	Homology to Peronospora effusa predicted protein RQM15101.1
Pcub-MSU1_012_000307.1	eggnog	Serine aminopeptidase, S33
Pcub-MSU1_012_000266.1	eggnog	Serine aminopeptidase, S33
Pcub-MSU1_012_000267.1	eggnog	Serine aminopeptidase, S33
Pcub-MSU1_012_000268.1	blastp	Homology to Phytophthora pseudosyringae predicted protein KAG7388400.1
Pcub-MSU1_012_000269.1	eggnog	O-methyltransferase
Pcub-MSU1_012_000270.1	blastp	Homology to Peronospora belbahrii predicted protein CAH0514799.1
Pcub-MSU1_012_000306.1	eggnog	Intron-binding protein aquarius N-terminus
Pcub-MSU1_012_000305.1	eggnog	Sds3-like
Pcub-MSU1_012_000271.1	eggnog	domain-containing protein
Pcub-MSU1_012_000304.1	eggnog	Cid1 family poly A polymerase
Pcub-MSU1_012_000272.1	eggnog	Cid1 family poly A polymerase
Pcub-MSU1_012_000303.1	eggnog	domain-containing protein
Pcub-MSU1_012_000302.1	eggnog	Sugar (and other) transporter
Pcub-MSU1_012_000273.1	eggnog	NAD-dependent histone deacetylase activity (H3-K14 specific)
Pcub-MSU1_012_000274.1	eggnog	domain-containing protein
Pcub-MSU1_012_000301.1	interproscan	G3DSA:3.90.1720.10 domain-containing protein
Pcub-MSU1_012_000300.1	blastp	Homology to Peronospora destructor predicted protein CAI5711405.1
Pcub-MSU1_012_000275.1	eggnog	Dihydrouridine synthase (Dus)
Pcub-MSU1_012_000299.1	eggnog	Catalyzes the synthesis of dihydrouridine, a modified base found in the D-loop of most tRNAs
Pcub-MSU1_012_000298.1	eggnog	Catalyzes the synthesis of dihydrouridine, a modified base found in the D-loop of most tRNAs
Pcub-MSU1_012_000276.1	unannotated	Hypothetical protein of unknown function
Pcub-MSU1_012_000277.1	blastp	Homology to Phytophthora ramorum predicted protein KAH7461872.1
Pcub-MSU1_012_000297.1	eggnog	Leucine-rich repeats, outliers
Pcub-MSU1_012_000278.1	unannotated	Hypothetical protein of unknown function
Pcub-MSU1_012_000296.1	eggnog	Sugar-transfer associated ATP-grasp
Pcub-MSU1_012_000279.1	eggnog	Sugar-transfer associated ATP-grasp
Pcub-MSU1_012_000295.1	eggnog	Sugar-transfer associated ATP-grasp
Pcub-MSU1_012_000280.1	eggnog	Sugar-transfer associated ATP-grasp
Pcub-MSU1_012_000294.1	unannotated	Hypothetical protein of unknown function
Pcub-MSU1_012_000281.1	eggnog	Ankyrin repeats (many copies)
Pcub-MSU1_012_000293.1	eggnog	EF-hand domain pair
Pcub-MSU1_012_000282.1	unannotated	Hypothetical protein of unknown function
Pcub-MSU1_012_000292.1	eggnog	Sugar-transfer associated ATP-grasp
Pcub-MSU1_012_000283.1	eggnog	Leucine-rich repeats, outliers
Pcub-MSU1_012_000291.1	blastp	Homology to Phytophthora ramorum predicted protein KAH7461872.1
Pcub-MSU1_012_000290.1	blastp	Homology to Peronospora destructor predicted protein CAI5716565.1
Pcub-MSU1_012_000284.1	eggnog	Origin recognition complex (ORC) subunit 4 C-terminus
Pcub-MSU1_012_000285.1	eggnog	Origin recognition complex (ORC) subunit 4 C-terminus
Pcub-MSU1_012_000286.1	unannotated	Hypothetical protein of unknown function
Pcub-MSU1_012_000289.1	eggnog	transposition, RNA-mediated
Pcub-MSU1_012_000287.1	eggnog	Reverse transcriptase-like
Pcub-MSU1_012_000288.1	unannotated	Hypothetical protein of unknown function
Pcub-MSU1_013_000560.1	eggnog	Belongs to the D-isomer specific 2-hydroxyacid dehydrogenase family
Pcub-MSU1_013_000001.1	blastp	Homology to Phytophthora pseudosyringae predicted protein KAG7377468.1
Pcub-MSU1_013_000002.1	eggnog	sphingosine N-acyltransferase activity
Pcub-MSU1_013_000003.1	eggnog	FYVE zinc finger
Pcub-MSU1_013_000559.1	blastp	Homology to Phytophthora pseudosyringae predicted protein KAG7382871.1
Pcub-MSU1_013_000558.1	blastp	Homology to Phytophthora pseudosyringae predicted protein KAG7377468.1
Pcub-MSU1_013_000004.1	eggnog	Belongs to the D-isomer specific 2-hydroxyacid dehydrogenase family
Pcub-MSU1_013_000005.1	eggnog	domain-containing protein
Pcub-MSU1_013_000006.1	eggnog	tRNA uridine 5-carboxymethylaminomethyl modification enzyme
Pcub-MSU1_013_000007.1	blastp	Homology to Phytophthora pseudosyringae predicted protein KAG7382871.1
Pcub-MSU1_013_000557.1	eggnog	FYVE zinc finger
Pcub-MSU1_013_000556.1	blastp	Homology to Phytophthora pseudosyringae predicted protein KAG7382871.1
Pcub-MSU1_013_000008.1	eggnog	Catalyzes the exchange of an acyl for a long-chain alkyl group and the formation of the ether bond in the biosynthesis of ether phospholipids
Pcub-MSU1_013_000009.1	eggnog	domain-containing protein
Pcub-MSU1_013_000555.1	eggnog	FYVE zinc finger
Pcub-MSU1_013_000554.1	unannotated	Hypothetical protein of unknown function
Pcub-MSU1_013_000010.1	eggnog	Coiled-coil domain-containing protein (DUF2037)
Pcub-MSU1_013_000011.1	eggnog	Microtubule-binding calmodulin-regulated spectrin-associated
Pcub-MSU1_013_000553.1	blastp	Homology to Phytophthora capsici predicted protein QPM65697.1
Pcub-MSU1_013_000552.1	unannotated	Hypothetical protein of unknown function
Pcub-MSU1_013_000012.1	eggnog	Microtubule-binding calmodulin-regulated spectrin-associated
Pcub-MSU1_013_000013.1	unannotated	Hypothetical protein of unknown function
Pcub-MSU1_013_000014.1	unannotated	Hypothetical protein of unknown function
Pcub-MSU1_013_000015.1	eggnog	Catalyzes the exchange of an acyl for a long-chain alkyl group and the formation of the ether bond in the biosynthesis of ether phospholipids
Pcub-MSU1_013_000016.1	blastp	Homology to Phytophthora lilii predicted protein GMF14499.1
Pcub-MSU1_013_000551.1	eggnog	2OG-Fe(II) oxygenase superfamily
Pcub-MSU1_013_000550.1	eggnog	NAD-dependent glycerol-3-phosphate dehydrogenase N-terminus
Pcub-MSU1_013_000549.1	eggnog	GTPase activator activity (MCTP2)
Pcub-MSU1_013_000548.1	eggnog	GTPase activator activity (MCTP2)
Pcub-MSU1_013_000547.1	eggnog	GTPase activator activity (MCTP2)
Pcub-MSU1_013_000546.1	eggnog	GTPase activator activity (MCTP2)
Pcub-MSU1_013_000545.1	eggnog	GTPase activator activity (MCTP2)
Pcub-MSU1_013_000544.1	eggnog	GTPase activator activity (MCTP2)
Pcub-MSU1_013_000017.1	eggnog	domain-containing protein
Pcub-MSU1_013_000018.1	eggnog	GTPase activator activity (MCTP2)
Pcub-MSU1_013_000019.1	eggnog	domain-containing protein
Pcub-MSU1_013_000020.1	eggnog	domain-containing protein
Pcub-MSU1_013_000021.1	eggnog	domain-containing protein
Pcub-MSU1_013_000022.1	eggnog	GTPase activator activity (MCTP2)
Pcub-MSU1_013_000023.1	eggnog	GTPase activator activity (MCTP2)
Pcub-MSU1_013_000024.1	eggnog	domain-containing protein
Pcub-MSU1_013_000025.1	eggnog	endoplasmic reticulum-plasma membrane tethering
Pcub-MSU1_013_000026.1	eggnog	domain-containing protein
Pcub-MSU1_013_000027.1	eggnog	domain-containing protein
Pcub-MSU1_013_000028.1	eggnog	domain-containing protein
Pcub-MSU1_013_000029.1	eggnog	domain-containing protein
Pcub-MSU1_013_000030.1	eggnog	domain-containing protein
Pcub-MSU1_013_000031.1	eggnog	domain-containing protein
Pcub-MSU1_013_000032.1	eggnog	domain-containing protein
Pcub-MSU1_013_000033.1	eggnog	domain-containing protein
Pcub-MSU1_013_000034.1	eggnog	domain-containing protein
Pcub-MSU1_013_000035.1	eggnog	domain-containing protein
Pcub-MSU1_013_000036.1	eggnog	domain-containing protein
Pcub-MSU1_013_000037.1	eggnog	endoplasmic reticulum-plasma membrane tethering
Pcub-MSU1_013_000038.1	eggnog	domain-containing protein
Pcub-MSU1_013_000039.1	eggnog	domain-containing protein
Pcub-MSU1_013_000040.1	eggnog	domain-containing protein
Pcub-MSU1_013_000041.1	eggnog	domain-containing protein
Pcub-MSU1_013_000042.1	eggnog	domain-containing protein
Pcub-MSU1_013_000043.1	eggnog	domain-containing protein
Pcub-MSU1_013_000044.1	eggnog	domain-containing protein
Pcub-MSU1_013_000045.1	eggnog	domain-containing protein
Pcub-MSU1_013_000046.1	eggnog	domain-containing protein
Pcub-MSU1_013_000543.1	eggnog	domain-containing protein
Pcub-MSU1_013_000542.1	eggnog	domain-containing protein
Pcub-MSU1_013_000541.1	unannotated	Hypothetical protein of unknown function
Pcub-MSU1_013_000540.1	eggnog	GTPase activator activity (MCTP2)
Pcub-MSU1_013_000539.1	unannotated	Hypothetical protein of unknown function
Pcub-MSU1_013_000538.1	eggnog	domain-containing protein
Pcub-MSU1_013_000537.1	eggnog	domain-containing protein
Pcub-MSU1_013_000536.1	unannotated	Hypothetical protein of unknown function
Pcub-MSU1_013_000535.1	eggnog	GTPase activator activity (MCTP2)
Pcub-MSU1_013_000534.1	unannotated	Hypothetical protein of unknown function
Pcub-MSU1_013_000533.1	eggnog	domain-containing protein
Pcub-MSU1_013_000047.1	unannotated	Hypothetical protein of unknown function
Pcub-MSU1_013_000048.1	unannotated	Hypothetical protein of unknown function
Pcub-MSU1_013_000049.1	eggnog	Catalyzes the exchange of an acyl for a long-chain alkyl group and the formation of the ether bond in the biosynthesis of ether phospholipids
Pcub-MSU1_013_000050.1	blastp	Homology to Phytophthora lilii predicted protein GMF14499.1
Pcub-MSU1_013_000051.1	eggnog	GTPase activator activity (MCTP2)
Pcub-MSU1_013_000052.1	eggnog	NAD-dependent glycerol-3-phosphate dehydrogenase N-terminus
Pcub-MSU1_013_000053.1	unannotated	Hypothetical protein of unknown function
Pcub-MSU1_013_000054.1	unannotated	Hypothetical protein of unknown function
Pcub-MSU1_013_000055.1	unannotated	Hypothetical protein of unknown function
Pcub-MSU1_013_000056.1	eggnog	Catalyzes the exchange of an acyl for a long-chain alkyl group and the formation of the ether bond in the biosynthesis of ether phospholipids
Pcub-MSU1_013_000057.1	blastp	Homology to Phytophthora lilii predicted protein GMF14499.1
Pcub-MSU1_013_000532.1	eggnog	2OG-Fe(II) oxygenase superfamily
Pcub-MSU1_013_000531.1	eggnog	NAD-dependent glycerol-3-phosphate dehydrogenase N-terminus
Pcub-MSU1_013_000530.1	interproscan	G3DSA:3.40.50.1820 domain-containing protein
Pcub-MSU1_013_000058.1	blastp	Homology to Phytophthora citrophthora predicted protein KAK1942724.1
Pcub-MSU1_013_000529.1	eggnog	domain-containing protein
Pcub-MSU1_013_000528.1	unannotated	Hypothetical protein of unknown function
Pcub-MSU1_013_000059.1	unannotated	Hypothetical protein of unknown function
Pcub-MSU1_013_000060.1	eggnog	domain-containing protein
Pcub-MSU1_013_000527.1	unannotated	Hypothetical protein of unknown function
Pcub-MSU1_013_000526.1	eggnog	LexA-binding, inner membrane-associated putative hydrolase
Pcub-MSU1_013_000061.1	eggnog	Rab subfamily of small GTPases
Pcub-MSU1_013_000525.1	eggnog	SmpB protein
Pcub-MSU1_013_000524.1	blastp	Homology to Phytophthora pseudosyringae predicted protein KAG7385124.1
Pcub-MSU1_013_000062.1	blastp	Homology to Peronospora farinosa predicted protein CAH0492286.1
Pcub-MSU1_013_000523.1	blastp	Homology to Phytophthora cactorum predicted protein KAG3033197.1
Pcub-MSU1_013_000063.1	unannotated	Hypothetical protein of unknown function
Pcub-MSU1_013_000064.1	unannotated	Hypothetical protein of unknown function
Pcub-MSU1_013_000065.1	unannotated	Hypothetical protein of unknown function
Pcub-MSU1_013_000066.1	unannotated	Hypothetical protein of unknown function
Pcub-MSU1_013_000067.1	interproscan	PTHR13018 domain-containing protein
Pcub-MSU1_013_000522.1	eggnog	Tub family
Pcub-MSU1_013_000068.1	interproscan	PTHR13018 domain-containing protein
Pcub-MSU1_013_000521.1	blastp	Homology to Phytophthora rubi predicted protein KAE9005120.1
Pcub-MSU1_013_000520.1	blastp	Homology to Phytophthora rubi predicted protein KAE9322119.1
Pcub-MSU1_013_000519.1	blastp	Homology to Peronospora effusa predicted protein RMX64337.1
Pcub-MSU1_013_000069.1	unannotated	Hypothetical protein of unknown function
Pcub-MSU1_013_000070.1	eggnog	domain-containing protein
Pcub-MSU1_013_000071.1	eggnog	domain-containing protein
Pcub-MSU1_013_000072.1	eggnog	domain-containing protein
Pcub-MSU1_013_000518.1	eggnog	Glycosyl hydrolases family 17
Pcub-MSU1_013_000517.1	eggnog	glucosidase activity
Pcub-MSU1_013_000516.1	blastp	Homology to Phytophthora infestans predicted protein KAF4146553.1
Pcub-MSU1_013_000073.1	eggnog	domain-containing protein
Pcub-MSU1_013_000515.1	eggnog	Ankyrin repeats (3 copies)
Pcub-MSU1_013_000514.1	eggnog	domain-containing protein
Pcub-MSU1_013_000513.1	eggnog	involved in autophagic vesicle formation
Pcub-MSU1_013_000512.1	eggnog	glucosidase activity
Pcub-MSU1_013_000511.1	eggnog	ATP-binding Cassette (ABC) superfamily
Pcub-MSU1_013_000074.1	unannotated	Hypothetical protein of unknown function
Pcub-MSU1_013_000075.1	eggnog	ATP-binding Cassette (ABC) superfamily
Pcub-MSU1_013_000076.1	eggnog	glucosidase activity
Pcub-MSU1_013_000510.1	eggnog	Sugar efflux transporter for intercellular exchange
Pcub-MSU1_013_000509.1	eggnog	Sugar efflux transporter for intercellular exchange
Pcub-MSU1_013_000077.1	eggnog	Sugar efflux transporter for intercellular exchange
Pcub-MSU1_013_000078.1	unannotated	Hypothetical protein of unknown function
Pcub-MSU1_013_000508.1	blastp	Homology to Phytophthora sojae predicted protein XP_009523219.1
Pcub-MSU1_013_000507.1	unannotated	Hypothetical protein of unknown function
Pcub-MSU1_013_000079.1	eggnog	Ankyrin repeats (3 copies)
Pcub-MSU1_013_000080.1	unannotated	Hypothetical protein of unknown function
Pcub-MSU1_013_000081.1	eggnog	protein ubiquitination
Pcub-MSU1_013_000506.1	eggnog	ZIP Zinc transporter
Pcub-MSU1_013_000082.1	eggnog	Sugar efflux transporter for intercellular exchange
Pcub-MSU1_013_000505.1	eggnog	Sugar efflux transporter for intercellular exchange
Pcub-MSU1_013_000083.1	eggnog	domain-containing protein
Pcub-MSU1_013_000084.1	blastp	Homology to Phytophthora aleatoria predicted protein KAG6950463.1
Pcub-MSU1_013_000504.1	eggnog	Stage II sporulation protein E (SpoIIE)
Pcub-MSU1_013_000503.1	eggnog	TB2/DP1, HVA22 family
Pcub-MSU1_013_000085.1	interproscan	PTHR33876 domain-containing protein
Pcub-MSU1_013_000502.1	eggnog	C-terminal duplication domain of Friend of PRMT1
Pcub-MSU1_013_000501.1	eggnog	STIMATE family
Pcub-MSU1_013_000500.1	eggnog	Ankyrin repeats (3 copies)
Pcub-MSU1_013_000499.1	blastp	Homology to Hyaloperonospora brassicae predicted protein CAI5714078.1
Pcub-MSU1_013_000498.1	eggnog	Condensin II complex subunit CAP-H2 or CNDH2, N-terminal
Pcub-MSU1_013_000086.1	eggnog	domain-containing protein
Pcub-MSU1_013_000087.1	eggnog	Sugar efflux transporter for intercellular exchange
Pcub-MSU1_013_000088.1	interproscan	PTHR34737 domain-containing protein
Pcub-MSU1_013_000089.1	unannotated	Hypothetical protein of unknown function
Pcub-MSU1_013_000090.1	eggnog	Glycosyl hydrolase family 10
Pcub-MSU1_013_000497.1	interproscan	PTHR34737 domain-containing protein
Pcub-MSU1_013_000496.1	eggnog	Glycosyl hydrolase family 10
Pcub-MSU1_013_000091.1	interproscan	PTHR34737 domain-containing protein
Pcub-MSU1_013_000495.1	eggnog	domain-containing protein
Pcub-MSU1_013_000494.1	interproscan	PTHR28559 domain-containing protein
Pcub-MSU1_013_000092.1	eggnog	Protein of unknown function (DUF229)
Pcub-MSU1_013_000493.1	blastp	Homology to Phytophthora fragariae predicted protein KAE9295326.1
Pcub-MSU1_013_000093.1	blastp	Homology to Phytophthora fragariae predicted protein KAE9295326.1
Pcub-MSU1_013_000094.1	eggnog	ATPase activity, coupled to transmembrane movement of substances
Pcub-MSU1_013_000095.1	eggnog	ATP-binding Cassette (ABC) superfamily
Pcub-MSU1_013_000492.1	eggnog	ATPase activity, coupled to transmembrane movement of substances
Pcub-MSU1_013_000096.1	eggnog	ABC-2 type transporter
Pcub-MSU1_013_000097.1	unannotated	Hypothetical protein of unknown function
Pcub-MSU1_013_000491.1	eggnog	Ribosomal L28 family
Pcub-MSU1_013_000098.1	blastp	Homology to Phytophthora cactorum predicted protein KAG2778809.1
Pcub-MSU1_013_000099.1	blastp	Homology to Phytophthora sojae predicted protein XP_009536246.1
Pcub-MSU1_013_000490.1	eggnog	domain-containing protein
Pcub-MSU1_013_000489.1	unannotated	Hypothetical protein of unknown function
Pcub-MSU1_013_000100.1	interproscan	G3DSA:1.25.40.10 domain-containing protein
Pcub-MSU1_013_000101.1	eggnog	Protein of unknown function (DUF3767)
Pcub-MSU1_013_000488.1	eggnog	Rab subfamily of small GTPases
Pcub-MSU1_013_000102.1	blastp	Homology to predicted protein KAH7498907.1
Pcub-MSU1_013_000487.1	eggnog	domain-containing protein
Pcub-MSU1_013_000103.1	eggnog	Myb DNA-binding like
Pcub-MSU1_013_000486.1	unannotated	Hypothetical protein of unknown function
Pcub-MSU1_013_000485.1	eggnog	Ribosomal protein L1p/L10e family
Pcub-MSU1_013_000484.1	eggnog	3-oxo-5-alpha-steroid 4-dehydrogenase
Pcub-MSU1_013_000104.1	eggnog	Ribosomal protein L1p/L10e family
Pcub-MSU1_013_000483.1	unannotated	Hypothetical protein of unknown function
Pcub-MSU1_013_000105.1	interproscan	G3DSA:1.20.5.110 domain-containing protein
Pcub-MSU1_013_000482.1	interproscan	PTHR34737 domain-containing protein
Pcub-MSU1_013_000106.1	interproscan	PTHR13675 domain-containing protein
Pcub-MSU1_013_000481.1	eggnog	Source PGD
Pcub-MSU1_013_000107.1	blastp	Homology to Phytophthora fragariae predicted protein KAE9321413.1
Pcub-MSU1_013_000108.1	unannotated	Hypothetical protein of unknown function
Pcub-MSU1_013_000109.1	eggnog	Selenoprotein SelK_SelG
Pcub-MSU1_013_000480.1	eggnog	Ribosomal L27 protein
Pcub-MSU1_013_000479.1	eggnog	Involved in ribosomal large subunit assembly
Pcub-MSU1_013_000110.1	unannotated	Hypothetical protein of unknown function
Pcub-MSU1_013_000111.1	unannotated	Hypothetical protein of unknown function
Pcub-MSU1_013_000112.1	eggnog	Proteasome assembly chaperone 4
Pcub-MSU1_013_000113.1	interproscan	PTHR21694 domain-containing protein
Pcub-MSU1_013_000114.1	eggnog	Ubiquitin-conjugating enzyme E2, catalytic domain homologues
Pcub-MSU1_013_000478.1	eggnog	Helicase
Pcub-MSU1_013_000115.1	eggnog	UAS
Pcub-MSU1_013_000477.1	eggnog	required for the formation of a threonylcarbamoyl group on adenosine at position 37 (t(6)A37) in tRNAs that read codons beginning with adenine
Pcub-MSU1_013_000116.1	eggnog	domain-containing protein
Pcub-MSU1_013_000476.1	eggnog	Transmembrane amino acid transporter protein
Pcub-MSU1_013_000117.1	eggnog	Transmembrane amino acid transporter protein
Pcub-MSU1_013_000475.1	eggnog	domain-containing protein
Pcub-MSU1_013_000118.1	eggnog	required for the formation of a threonylcarbamoyl group on adenosine at position 37 (t(6)A37) in tRNAs that read codons beginning with adenine
Pcub-MSU1_013_000119.1	eggnog	May be involved in fusion of retrograde transport vesicles derived from an endocytic compartment with the Golgi complex
Pcub-MSU1_013_000474.1	eggnog	canonical Wnt signaling pathway involved in osteoblast differentiation
Pcub-MSU1_013_000473.1	eggnog	transposition, RNA-mediated
Pcub-MSU1_013_000472.1	unannotated	Hypothetical protein of unknown function
Pcub-MSU1_013_000471.1	eggnog	Belongs to the class-I aminoacyl-tRNA synthetase family (GLN4)
Pcub-MSU1_013_000470.1	unannotated	Hypothetical protein of unknown function
Pcub-MSU1_013_000469.1	eggnog	Belongs to the sterol desaturase family (ERG3)
Pcub-MSU1_013_000120.1	eggnog	Belongs to the sterol desaturase family (ERG3)
Pcub-MSU1_013_000121.1	eggnog	Belongs to the sterol desaturase family (ERG3)
Pcub-MSU1_013_000122.1	eggnog	Belongs to the sterol desaturase family (ERG3)
Pcub-MSU1_013_000123.1	eggnog	Belongs to the sterol desaturase family (ERG3)
Pcub-MSU1_013_000124.1	eggnog	Belongs to the sterol desaturase family (ERG3)
Pcub-MSU1_013_000125.1	eggnog	Belongs to the sterol desaturase family (ERG3)
Pcub-MSU1_013_000468.1	eggnog	Belongs to the sterol desaturase family (ERG3)
Pcub-MSU1_013_000126.1	eggnog	Belongs to the sterol desaturase family (ERG3)
Pcub-MSU1_013_000127.1	eggnog	Belongs to the sterol desaturase family (ERG3)
Pcub-MSU1_013_000128.1	eggnog	Belongs to the sterol desaturase family (ERG3)
Pcub-MSU1_013_000129.1	eggnog	Belongs to the sterol desaturase family (ERG3)
Pcub-MSU1_013_000130.1	eggnog	Belongs to the sterol desaturase family (ERG3)
Pcub-MSU1_013_000131.1	eggnog	Belongs to the sterol desaturase family (ERG3)
Pcub-MSU1_013_000132.1	eggnog	Belongs to the sterol desaturase family (ERG3)
Pcub-MSU1_013_000133.1	eggnog	Belongs to the sterol desaturase family (ERG3)
Pcub-MSU1_013_000134.1	eggnog	Belongs to the sterol desaturase family (ERG3)
Pcub-MSU1_013_000135.1	eggnog	Belongs to the sterol desaturase family (ERG3)
Pcub-MSU1_013_000136.1	eggnog	Belongs to the sterol desaturase family (ERG3)
Pcub-MSU1_013_000137.1	eggnog	Belongs to the sterol desaturase family (ERG3)
Pcub-MSU1_013_000138.1	eggnog	Belongs to the sterol desaturase family (ERG3)
Pcub-MSU1_013_000139.1	eggnog	Belongs to the sterol desaturase family (ERG3)
Pcub-MSU1_013_000140.1	eggnog	Belongs to the sterol desaturase family (ERG3)
Pcub-MSU1_013_000141.1	eggnog	Belongs to the sterol desaturase family (ERG3)
Pcub-MSU1_013_000142.1	eggnog	Belongs to the sterol desaturase family (ERG3)
Pcub-MSU1_013_000143.1	eggnog	Belongs to the sterol desaturase family (ERG3)
Pcub-MSU1_013_000144.1	eggnog	Belongs to the sterol desaturase family (ERG3)
Pcub-MSU1_013_000145.1	eggnog	Belongs to the sterol desaturase family (ERG3)
Pcub-MSU1_013_000146.1	eggnog	Belongs to the sterol desaturase family (ERG3)
Pcub-MSU1_013_000147.1	eggnog	Belongs to the sterol desaturase family (ERG3)
Pcub-MSU1_013_000148.1	eggnog	Belongs to the sterol desaturase family (ERG3)
Pcub-MSU1_013_000149.1	eggnog	Belongs to the sterol desaturase family (ERG3)
Pcub-MSU1_013_000150.1	eggnog	Belongs to the sterol desaturase family (ERG3)
Pcub-MSU1_013_000151.1	eggnog	Belongs to the sterol desaturase family (ERG3)
Pcub-MSU1_013_000152.1	eggnog	Belongs to the sterol desaturase family (ERG3)
Pcub-MSU1_013_000153.1	eggnog	Belongs to the sterol desaturase family (ERG3)
Pcub-MSU1_013_000154.1	eggnog	Belongs to the sterol desaturase family (ERG3)
Pcub-MSU1_013_000155.1	eggnog	Belongs to the sterol desaturase family (ERG3)
Pcub-MSU1_013_000156.1	eggnog	Belongs to the sterol desaturase family (ERG3)
Pcub-MSU1_013_000467.1	unannotated	Hypothetical protein of unknown function
Pcub-MSU1_013_000466.1	unannotated	Hypothetical protein of unknown function
Pcub-MSU1_013_000465.1	unannotated	Hypothetical protein of unknown function
Pcub-MSU1_013_000464.1	unannotated	Hypothetical protein of unknown function
Pcub-MSU1_013_000463.1	unannotated	Hypothetical protein of unknown function
Pcub-MSU1_013_000462.1	unannotated	Hypothetical protein of unknown function
Pcub-MSU1_013_000461.1	unannotated	Hypothetical protein of unknown function
Pcub-MSU1_013_000460.1	unannotated	Hypothetical protein of unknown function
Pcub-MSU1_013_000157.1	unannotated	Hypothetical protein of unknown function
Pcub-MSU1_013_000459.1	unannotated	Hypothetical protein of unknown function
Pcub-MSU1_013_000458.1	unannotated	Hypothetical protein of unknown function
Pcub-MSU1_013_000457.1	unannotated	Hypothetical protein of unknown function
Pcub-MSU1_013_000456.1	unannotated	Hypothetical protein of unknown function
Pcub-MSU1_013_000455.1	unannotated	Hypothetical protein of unknown function
Pcub-MSU1_013_000454.1	unannotated	Hypothetical protein of unknown function
Pcub-MSU1_013_000453.1	unannotated	Hypothetical protein of unknown function
Pcub-MSU1_013_000452.1	unannotated	Hypothetical protein of unknown function
Pcub-MSU1_013_000451.1	unannotated	Hypothetical protein of unknown function
Pcub-MSU1_013_000450.1	unannotated	Hypothetical protein of unknown function
Pcub-MSU1_013_000449.1	unannotated	Hypothetical protein of unknown function
Pcub-MSU1_013_000448.1	unannotated	Hypothetical protein of unknown function
Pcub-MSU1_013_000447.1	unannotated	Hypothetical protein of unknown function
Pcub-MSU1_013_000446.1	unannotated	Hypothetical protein of unknown function
Pcub-MSU1_013_000445.1	unannotated	Hypothetical protein of unknown function
Pcub-MSU1_013_000444.1	unannotated	Hypothetical protein of unknown function
Pcub-MSU1_013_000443.1	unannotated	Hypothetical protein of unknown function
Pcub-MSU1_013_000442.1	unannotated	Hypothetical protein of unknown function
Pcub-MSU1_013_000441.1	unannotated	Hypothetical protein of unknown function
Pcub-MSU1_013_000440.1	unannotated	Hypothetical protein of unknown function
Pcub-MSU1_013_000439.1	unannotated	Hypothetical protein of unknown function
Pcub-MSU1_013_000438.1	unannotated	Hypothetical protein of unknown function
Pcub-MSU1_013_000437.1	unannotated	Hypothetical protein of unknown function
Pcub-MSU1_013_000436.1	unannotated	Hypothetical protein of unknown function
Pcub-MSU1_013_000435.1	unannotated	Hypothetical protein of unknown function
Pcub-MSU1_013_000434.1	unannotated	Hypothetical protein of unknown function
Pcub-MSU1_013_000433.1	unannotated	Hypothetical protein of unknown function
Pcub-MSU1_013_000432.1	unannotated	Hypothetical protein of unknown function
Pcub-MSU1_013_000431.1	unannotated	Hypothetical protein of unknown function
Pcub-MSU1_013_000430.1	unannotated	Hypothetical protein of unknown function
Pcub-MSU1_013_000429.1	unannotated	Hypothetical protein of unknown function
Pcub-MSU1_013_000428.1	unannotated	Hypothetical protein of unknown function
Pcub-MSU1_013_000427.1	unannotated	Hypothetical protein of unknown function
Pcub-MSU1_013_000158.1	unannotated	Hypothetical protein of unknown function
Pcub-MSU1_013_000426.1	blastp	Homology to Phytophthora fragariae predicted protein KAE9332027.1
Pcub-MSU1_013_000159.1	eggnog	Natural resistance-associated macrophage protein
Pcub-MSU1_013_000425.1	eggnog	Elicitin
Pcub-MSU1_013_000424.1	eggnog	Catalyzes the oxidation of 3-carboxy-2-hydroxy-4- methylpentanoate (3-isopropylmalate) to 3-carboxy-4-methyl-2- oxopentanoate
Pcub-MSU1_013_000160.1	eggnog	domain-containing protein
Pcub-MSU1_013_000423.1	unannotated	Hypothetical protein of unknown function
Pcub-MSU1_013_000422.1	eggnog	Arginine methyltransferase that can both catalyze the formation of omega-N monomethylarginine (MMA) and symmetrical dimethylarginine (sDMA)
Pcub-MSU1_013_000421.1	unannotated	Hypothetical protein of unknown function
Pcub-MSU1_013_000161.1	eggnog	Zinc (Zn2 )-Iron (Fe2 ) Permease (ZIP) Family
Pcub-MSU1_013_000162.1	eggnog	domain-containing protein
Pcub-MSU1_013_000420.1	blastp	Homology to Phytophthora pseudosyringae predicted protein KAG7388996.1
Pcub-MSU1_013_000163.1	eggnog	domain-containing protein
Pcub-MSU1_013_000419.1	eggnog	Tripeptidyl peptidase II
Pcub-MSU1_013_000164.1	eggnog	CRN domain-containing protein-containing protein
Pcub-MSU1_013_000418.1	eggnog	CRN domain-containing protein-containing protein
Pcub-MSU1_013_000165.1	eggnog	Mitochondrial carrier protein
Pcub-MSU1_013_000417.1	blastp	Homology to predicted protein KAH7498830.1
Pcub-MSU1_013_000416.1	eggnog	Cys/Met metabolism PLP-dependent enzyme
Pcub-MSU1_013_000166.1	eggnog	Armadillo/beta-catenin-like repeat
Pcub-MSU1_013_000415.1	unannotated	Hypothetical protein of unknown function
Pcub-MSU1_013_000414.1	eggnog	non-membrane spanning protein tyrosine kinase activity
Pcub-MSU1_013_000167.1	interproscan	PTHR33876 domain-containing protein
Pcub-MSU1_013_000413.1	unannotated	Hypothetical protein of unknown function
Pcub-MSU1_013_000412.1	interproscan	PTHR33876 domain-containing protein
Pcub-MSU1_013_000411.1	eggnog	Nucleotide-sugar transporter
Pcub-MSU1_013_000410.1	interproscan	PTHR32370 domain-containing protein
Pcub-MSU1_013_000168.1	blastp	Homology to Peronospora effusa predicted protein RMX66982.1
Pcub-MSU1_013_000409.1	eggnog	proteasome assembly
Pcub-MSU1_013_000408.1	eggnog	Proteasome stabiliser
Pcub-MSU1_013_000407.1	blastp	Homology to Phytophthora ramorum predicted protein KAH7488878.1
Pcub-MSU1_013_000169.1	eggnog	Ribosomal protein S6
Pcub-MSU1_013_000406.1	eggnog	DSS1_SEM1
Pcub-MSU1_013_000170.1	eggnog	Holliday junction DNA helicase ruvB N-terminus
Pcub-MSU1_013_000171.1	blastp	Homology to Phytophthora lilii predicted protein GMF65172.1
Pcub-MSU1_013_000405.1	eggnog	Zeta toxin
Pcub-MSU1_013_000172.1	eggnog	domain-containing protein
Pcub-MSU1_013_000404.1	eggnog	domain-containing protein
Pcub-MSU1_013_000173.1	eggnog	Pre-mRNA splicing Prp18-interacting factor
Pcub-MSU1_013_000403.1	eggnog	Involved in the synthesis of the GDP-mannose and dolichol-phosphate-mannose required for a number of critical mannosyl transfer reactions
Pcub-MSU1_013_000174.1	eggnog	Sulfate permease family
Pcub-MSU1_013_000175.1	eggnog	Trypsin-like serine protease
Pcub-MSU1_013_000176.1	eggnog	gag-polypeptide of LTR copia-type
Pcub-MSU1_013_000402.1	eggnog	Annexin repeats
Pcub-MSU1_013_000401.1	eggnog	BT1 family
Pcub-MSU1_013_000177.1	eggnog	Crinkler (CRN) family protein
Pcub-MSU1_013_000400.1	eggnog	C4-type zinc-finger of DNA polymerase delta
Pcub-MSU1_013_000399.1	eggnog	C4-type zinc-finger of DNA polymerase delta
Pcub-MSU1_013_000178.1	eggnog	Domain of unknown function (DUF4954)
Pcub-MSU1_013_000398.1	blastp	Homology to Phytophthora pseudosyringae predicted protein KAG7379567.1
Pcub-MSU1_013_000397.1	blastp	Homology to Peronosclerospora sorghi predicted protein KAI9913227.1
Pcub-MSU1_013_000396.1	blastp	Homology to Phytophthora cactorum predicted protein KAF1778063.1
Pcub-MSU1_013_000395.1	blastp	Homology to Phytophthora cactorum predicted protein KAF1778063.1
Pcub-MSU1_013_000394.1	blastp	Homology to Phytophthora cactorum predicted protein KAF1778063.1
Pcub-MSU1_013_000179.1	unannotated	Hypothetical protein of unknown function
Pcub-MSU1_013_000180.1	unannotated	Hypothetical protein of unknown function
Pcub-MSU1_013_000181.1	eggnog	Component of the cytosolic iron-sulfur (Fe S) protein assembly (CIA) machinery
Pcub-MSU1_013_000393.1	eggnog	protein serine/threonine phosphatase activity
Pcub-MSU1_013_000392.1	eggnog	ABC transporter
Pcub-MSU1_013_000182.1	eggnog	Crinkler (CRN) family protein
Pcub-MSU1_013_000183.1	blastp	Homology to Phytophthora cactorum predicted protein KAG3013671.1
Pcub-MSU1_013_000184.1	eggnog	HEAT-like repeat
Pcub-MSU1_013_000391.1	eggnog	ubiquitin modification-dependent histone binding
Pcub-MSU1_013_000390.1	eggnog	domain-containing protein
Pcub-MSU1_013_000185.1	blastp	Homology to Phytophthora capsici predicted protein KAG1684450.1
Pcub-MSU1_013_000389.1	blastp	Homology to Phytophthora idaei predicted protein KAG3089635.1
Pcub-MSU1_013_000388.1	interproscan	G3DSA:1.25.10.10 domain-containing protein
Pcub-MSU1_013_000387.1	eggnog	ubiquitinyl hydrolase activity
Pcub-MSU1_013_000386.1	blastp	Homology to Phytophthora capsici predicted protein KAG1695479.1
Pcub-MSU1_013_000186.1	eggnog	axoneme assembly
Pcub-MSU1_013_000385.1	interproscan	PTHR13146 domain-containing protein
Pcub-MSU1_013_000187.1	eggnog	SNAP receptor activity
Pcub-MSU1_013_000188.1	eggnog	Helical region found in SNAREs
Pcub-MSU1_013_000189.1	blastp	Homology to Peronospora farinosa predicted protein CAH0485787.1
Pcub-MSU1_013_000384.1	eggnog	Helicase associated domain (HA2) Add an annotation
Pcub-MSU1_013_000383.1	eggnog	Thioredoxin-like [2Fe-2S] ferredoxin
Pcub-MSU1_013_000190.1	eggnog	Ubiquinol-cytochrome C reductase hinge protein
Pcub-MSU1_013_000191.1	eggnog	Ribosomal protein S26e
Pcub-MSU1_013_000192.1	blastp	Homology to Phytophthora capsici predicted protein KAG1695460.1
Pcub-MSU1_013_000382.1	blastp	Homology to Phytophthora capsici predicted protein KAG1695459.1
Pcub-MSU1_013_000193.1	blastp	Homology to Phytophthora capsici predicted protein KAG1695459.1
Pcub-MSU1_013_000381.1	eggnog	Phosphatidylinositol-4-phosphate 5-Kinase
Pcub-MSU1_013_000380.1	eggnog	spectrin binding
Pcub-MSU1_013_000379.1	blastp	Homology to Peronospora effusa predicted protein UIZ21961.1
Pcub-MSU1_013_000194.1	eggnog	domain-containing protein
Pcub-MSU1_013_000378.1	eggnog	domain-containing protein
Pcub-MSU1_013_000377.1	blastp	Homology to Peronospora destructor predicted protein CAI5742277.1
Pcub-MSU1_013_000376.1	blastp	Homology to Phytophthora ramorum predicted protein KAH7472684.1
Pcub-MSU1_013_000195.1	unannotated	Hypothetical protein of unknown function
Pcub-MSU1_013_000375.1	unannotated	Hypothetical protein of unknown function
Pcub-MSU1_013_000374.1	unannotated	Hypothetical protein of unknown function
Pcub-MSU1_013_000196.1	eggnog	Plasma-membrane choline transporter
Pcub-MSU1_013_000197.1	eggnog	domain in glucosyltransferases, myotubularins and other putative membrane-associated proteins
Pcub-MSU1_013_000198.1	eggnog	Domain of unknown function (DUF2431)
Pcub-MSU1_013_000199.1	eggnog	Belongs to the class I-like SAM-binding methyltransferase superfamily
Pcub-MSU1_013_000373.1	blastp	Homology to Peronospora belbahrii predicted protein CAH0521595.1
Pcub-MSU1_013_000200.1	eggnog	domain-containing protein
Pcub-MSU1_013_000372.1	eggnog	WD domain, G-beta repeat
Pcub-MSU1_013_000201.1	blastp	Homology to Phytophthora pseudosyringae predicted protein KAG7383734.1
Pcub-MSU1_013_000371.1	blastp	Homology to Phytophthora cactorum predicted protein KAF1780657.1
Pcub-MSU1_013_000202.1	eggnog	EF-hand, calcium binding motif
Pcub-MSU1_013_000203.1	eggnog	zinc ion binding
Pcub-MSU1_013_000370.1	blastp	Homology to Phytophthora cactorum predicted protein KAG2778148.1
Pcub-MSU1_013_000204.1	blastp	Homology to Phytophthora cinnamomi predicted protein KAG6623378.1
Pcub-MSU1_013_000369.1	interproscan	G3DSA:1.10.20.10 domain-containing protein
Pcub-MSU1_013_000205.1	eggnog	domain-containing protein
Pcub-MSU1_013_000206.1	eggnog	Surfeit locus protein 2 (SURF2)
Pcub-MSU1_013_000368.1	eggnog	domain-containing protein
Pcub-MSU1_013_000207.1	eggnog	Protein present in Fab1, YOTB, Vac1, and EEA1
Pcub-MSU1_013_000367.1	eggnog	domain-containing protein
Pcub-MSU1_013_000366.1	eggnog	Snare region anchored in the vesicle membrane C-terminus
Pcub-MSU1_013_000208.1	eggnog	domain-containing protein
Pcub-MSU1_013_000209.1	blastp	Homology to Phytophthora nicotianae predicted protein KUF89223.1
Pcub-MSU1_013_000365.1	unannotated	Hypothetical protein of unknown function
Pcub-MSU1_013_000364.1	blastp	Homology to Phytophthora lilii predicted protein GMF10040.1
Pcub-MSU1_013_000363.1	blastp	Homology to Phytophthora pseudosyringae predicted protein KAG7381657.1
Pcub-MSU1_013_000362.1	eggnog	component of the eukaryotic translation initiation factor 3 (eIF-3) complex, which is involved in protein synthesis of a specialized repertoire of mRNAs and, together with other initiation factors, stimulates binding of mRNA and methionyl-tRNAi to the 40S ribosome
Pcub-MSU1_013_000210.1	interproscan	PTHR34094 domain-containing protein
Pcub-MSU1_013_000211.1	eggnog	tRNase Z endonuclease
Pcub-MSU1_013_000361.1	eggnog	Initiation factor 2 subunit family
Pcub-MSU1_013_000212.1	eggnog	WD40 repeats
Pcub-MSU1_013_000213.1	unannotated	Hypothetical protein of unknown function
Pcub-MSU1_013_000360.1	unannotated	Hypothetical protein of unknown function
Pcub-MSU1_013_000359.1	eggnog	WD40 repeats
Pcub-MSU1_013_000214.1	eggnog	WD40 repeats
Pcub-MSU1_013_000358.1	unannotated	Hypothetical protein of unknown function
Pcub-MSU1_013_000357.1	unannotated	Hypothetical protein of unknown function
Pcub-MSU1_013_000215.1	unannotated	Hypothetical protein of unknown function
Pcub-MSU1_013_000356.1	eggnog	ATPase activity
Pcub-MSU1_013_000355.1	eggnog	ATP-binding Cassette (ABC) superfamily
Pcub-MSU1_013_000354.1	unannotated	Hypothetical protein of unknown function
Pcub-MSU1_013_000216.1	eggnog	CAP_GLY
Pcub-MSU1_013_000217.1	eggnog	ATP-binding Cassette (ABC) superfamily
Pcub-MSU1_013_000353.1	unannotated	Hypothetical protein of unknown function
Pcub-MSU1_013_000218.1	eggnog	domain-containing protein
Pcub-MSU1_013_000219.1	eggnog	ABC-2 type transporter
Pcub-MSU1_013_000220.1	eggnog	Possibly involved in carbohydrate binding
Pcub-MSU1_013_000352.1	eggnog	CAP_GLY
Pcub-MSU1_013_000221.1	eggnog	ATP-binding Cassette (ABC) superfamily
Pcub-MSU1_013_000351.1	eggnog	CAP_GLY
Pcub-MSU1_013_000350.1	eggnog	ABC-2 type transporter
Pcub-MSU1_013_000349.1	eggnog	Possibly involved in carbohydrate binding
Pcub-MSU1_013_000222.1	eggnog	Thioredoxin reductase 1. Source PGD
Pcub-MSU1_013_000348.1	eggnog	Cyclophilin type peptidyl-prolyl cis-trans isomerase/CLD
Pcub-MSU1_013_000347.1	eggnog	Thioredoxin reductase 1. Source PGD
Pcub-MSU1_013_000346.1	eggnog	transposition, RNA-mediated
Pcub-MSU1_013_000345.1	eggnog	domain-containing protein
Pcub-MSU1_013_000344.1	eggnog	Phosphatidylinositol-4-phosphate 5-Kinase
Pcub-MSU1_013_000223.1	eggnog	Ribosomal family S4e
Pcub-MSU1_013_000224.1	eggnog	Sugar efflux transporter for intercellular exchange
Pcub-MSU1_013_000225.1	unannotated	Hypothetical protein of unknown function
Pcub-MSU1_013_000226.1	eggnog	Cyclophilin type peptidyl-prolyl cis-trans isomerase/CLD
Pcub-MSU1_013_000227.1	eggnog	Transglutaminase elicitor
Pcub-MSU1_013_000343.1	interproscan	PTHR36963 domain-containing protein
Pcub-MSU1_013_000228.1	eggnog	Transglutaminase elicitor
Pcub-MSU1_013_000342.1	eggnog	DNA repair
Pcub-MSU1_013_000341.1	blastp	Homology to Phytophthora fragariae predicted protein KAE8931747.1
Pcub-MSU1_013_000340.1	eggnog	domain-containing protein
Pcub-MSU1_013_000339.1	eggnog	domain-containing protein
Pcub-MSU1_013_000229.1	eggnog	domain-containing protein
Pcub-MSU1_013_000230.1	eggnog	GDP-mannose 4,6 dehydratase
Pcub-MSU1_013_000338.1	blastp	Homology to Phytophthora capsici predicted protein KAG1705002.1
Pcub-MSU1_013_000231.1	eggnog	Subtilase family
Pcub-MSU1_013_000232.1	eggnog	domain-containing protein
Pcub-MSU1_013_000233.1	unannotated	Hypothetical protein of unknown function
Pcub-MSU1_013_000234.1	eggnog	Carbohydrate-binding family 9
Pcub-MSU1_013_000337.1	eggnog	domain-containing protein
Pcub-MSU1_013_000235.1	eggnog	ciliary receptor clustering involved in smoothened signaling pathway
Pcub-MSU1_013_000336.1	eggnog	Fms-interacting protein
Pcub-MSU1_013_000236.1	blastp	Homology to Phytophthora sojae predicted protein XP_009538191.1
Pcub-MSU1_013_000335.1	eggnog	domain-containing protein
Pcub-MSU1_013_000334.1	unannotated	Hypothetical protein of unknown function
Pcub-MSU1_013_000237.1	eggnog	Rad51
Pcub-MSU1_013_000238.1	eggnog	Rad51
Pcub-MSU1_013_000333.1	blastp	Homology to Peronospora belbahrii predicted protein CAH0521537.1
Pcub-MSU1_013_000332.1	interproscan	PTHR34894 domain-containing protein
Pcub-MSU1_013_000331.1	interproscan	PTHR28608 domain-containing protein
Pcub-MSU1_013_000239.1	blastp	Homology to Phytophthora ramorum predicted protein KAH7469133.1
Pcub-MSU1_013_000330.1	interproscan	G3DSA:1.10.150.670 domain-containing protein
Pcub-MSU1_013_000329.1	unannotated	Hypothetical protein of unknown function
Pcub-MSU1_013_000328.1	interproscan	G3DSA:3.40.50.2000 domain-containing protein
Pcub-MSU1_013_000240.1	interproscan	G3DSA:3.40.50.2000 domain-containing protein
Pcub-MSU1_013_000241.1	eggnog	EF-hand domain pair
Pcub-MSU1_013_000327.1	eggnog	Crinkler (CRN) family protein
Pcub-MSU1_013_000326.1	eggnog	Sugar efflux transporter for intercellular exchange
Pcub-MSU1_013_000242.1	eggnog	Sugar efflux transporter for intercellular exchange
Pcub-MSU1_013_000243.1	eggnog	Sugar efflux transporter for intercellular exchange
Pcub-MSU1_013_000325.1	blastp	Homology to Phytophthora idaei predicted protein KAG3107571.1
Pcub-MSU1_013_000324.1	blastp	Homology to Peronospora belbahrii predicted protein CAH0521531.1
Pcub-MSU1_013_000244.1	blastp	Homology to Phytophthora palmivora predicted protein POM64481.1
Pcub-MSU1_013_000323.1	blastp	Homology to Phytophthora infestans predicted protein XP_002896139.1
Pcub-MSU1_013_000245.1	eggnog	Niemann-Pick C1 N terminus
Pcub-MSU1_013_000322.1	eggnog	Golgi vesicle docking
Pcub-MSU1_013_000321.1	blastp	Homology to Peronospora effusa predicted protein RMX67625.1
Pcub-MSU1_013_000246.1	blastp	Homology to Peronospora effusa predicted protein RMX67625.1
Pcub-MSU1_013_000247.1	blastp	Homology to Phytophthora boehmeriae predicted protein KAG7385735.1
Pcub-MSU1_013_000320.1	eggnog	Sulfatase
Pcub-MSU1_013_000248.1	eggnog	Peptidase family C78
Pcub-MSU1_013_000319.1	eggnog	domain-containing protein
Pcub-MSU1_013_000249.1	interproscan	SSF53756 domain-containing protein
Pcub-MSU1_013_000250.1	blastp	Homology to Phytophthora infestans predicted protein KAI9985610.1
Pcub-MSU1_013_000318.1	blastp	Homology to Peronospora belbahrii predicted protein CAH0475132.1
Pcub-MSU1_013_000317.1	unannotated	Hypothetical protein of unknown function
Pcub-MSU1_013_000251.1	interproscan	SSF53756 domain-containing protein
Pcub-MSU1_013_000252.1	eggnog	positive regulation of ATP-dependent microtubule motor activity, plus-end-directed (DYNLL1)
Pcub-MSU1_013_000316.1	eggnog	AN1-like Zinc finger
Pcub-MSU1_013_000253.1	eggnog	Ribosomal protein L35
Pcub-MSU1_013_000315.1	blastp	Homology to Phytophthora infestans predicted protein KAI9985610.1
Pcub-MSU1_013_000314.1	eggnog	Ribosomal protein L44
Pcub-MSU1_013_000254.1	eggnog	X-Pro dipeptidyl-peptidase (S15 family)
Pcub-MSU1_013_000255.1	unannotated	Hypothetical protein of unknown function
Pcub-MSU1_013_000256.1	blastp	Homology to Phytophthora megakarya predicted protein OWZ13356.1
Pcub-MSU1_013_000313.1	interproscan	c(""""""""Pol polyprotein"""""""", """""""" beta-barrel domain"""""""") (PF22936)
Pcub-MSU1_013_000312.1	unannotated	Hypothetical protein of unknown function
Pcub-MSU1_013_000311.1	blastp	Homology to Phytophthora megakarya predicted protein OWZ13356.1
Pcub-MSU1_013_000310.1	eggnog	Cysteine protease required for the cytoplasm to vacuole transport (Cvt) and autophagy
Pcub-MSU1_013_000257.1	interproscan	PTHR31431 domain-containing protein
Pcub-MSU1_013_000309.1	eggnog	Glycine-rich protein domain (DUF2403)
Pcub-MSU1_013_000258.1	eggnog	EF-hand, calcium binding motif
Pcub-MSU1_013_000259.1	eggnog	Tryptophan/tyrosine permease family
Pcub-MSU1_013_000308.1	blastp	Homology to Phytophthora megakarya predicted protein OWY96949.1
Pcub-MSU1_013_000307.1	eggnog	domain-containing protein
Pcub-MSU1_013_000306.1	unannotated	Hypothetical protein of unknown function
Pcub-MSU1_013_000305.1	unannotated	Hypothetical protein of unknown function
Pcub-MSU1_013_000260.1	unannotated	Hypothetical protein of unknown function
Pcub-MSU1_013_000261.1	unannotated	Hypothetical protein of unknown function
Pcub-MSU1_013_000262.1	unannotated	Hypothetical protein of unknown function
Pcub-MSU1_013_000263.1	eggnog	Actin
Pcub-MSU1_013_000304.1	eggnog	Polysaccharide biosynthesis protein
Pcub-MSU1_013_000264.1	blastp	Homology to Phytophthora lilii predicted protein GMF16475.1
Pcub-MSU1_013_000265.1	eggnog	domain-containing protein
Pcub-MSU1_013_000266.1	eggnog	Fatty acid desaturase
Pcub-MSU1_013_000267.1	eggnog	Pre-mRNA-splicing factor SF3a complex subunit 2 (Prp11)
Pcub-MSU1_013_000303.1	eggnog	Amidinotransferase
Pcub-MSU1_013_000268.1	eggnog	domain-containing protein
Pcub-MSU1_013_000302.1	eggnog	HECT-domain (ubiquitin-transferase)
Pcub-MSU1_013_000301.1	eggnog	Eukaryotic aspartyl protease
Pcub-MSU1_013_000269.1	eggnog	Protein tyrosine kinase
Pcub-MSU1_013_000300.1	interproscan	PTHR13627 domain-containing protein
Pcub-MSU1_013_000270.1	interproscan	PTHR13627 domain-containing protein
Pcub-MSU1_013_000271.1	interproscan	PTHR13627 domain-containing protein
Pcub-MSU1_013_000299.1	blastp	Homology to Phytophthora ramorum predicted protein KAH7474355.1
Pcub-MSU1_013_000298.1	unannotated	Hypothetical protein of unknown function
Pcub-MSU1_013_000297.1	unannotated	Hypothetical protein of unknown function
Pcub-MSU1_013_000272.1	unannotated	Hypothetical protein of unknown function
Pcub-MSU1_013_000273.1	unannotated	Hypothetical protein of unknown function
Pcub-MSU1_013_000296.1	unannotated	Hypothetical protein of unknown function
Pcub-MSU1_013_000295.1	blastp	Homology to Phytophthora lilii predicted protein GMF17080.1
Pcub-MSU1_013_000294.1	unannotated	Hypothetical protein of unknown function
Pcub-MSU1_013_000293.1	blastp	Homology to Phytophthora capsici predicted protein KAG1682303.1
Pcub-MSU1_013_000274.1	interproscan	SSF53756 domain-containing protein
Pcub-MSU1_013_000275.1	interproscan	SSF53756 domain-containing protein
Pcub-MSU1_013_000276.1	eggnog	EF-hand domain pair
Pcub-MSU1_013_000277.1	blastp	Homology to Peronospora destructor predicted protein CAI5732311.1
Pcub-MSU1_013_000292.1	interproscan	PTHR13510 domain-containing protein
Pcub-MSU1_013_000291.1	eggnog	WD40 repeats
Pcub-MSU1_013_000290.1	interproscan	SSF53756 domain-containing protein
Pcub-MSU1_013_000278.1	eggnog	domain-containing protein
Pcub-MSU1_013_000289.1	eggnog	Kinase-like
Pcub-MSU1_013_000288.1	eggnog	Belongs to the BI1 family
Pcub-MSU1_013_000279.1	unannotated	Hypothetical protein of unknown function
Pcub-MSU1_013_000280.1	eggnog	Dihydrouridine synthase (Dus)
Pcub-MSU1_013_000281.1	eggnog	Belongs to the AAA ATPase family
Pcub-MSU1_013_000282.1	eggnog	centriole elongation
Pcub-MSU1_013_000283.1	eggnog	D-erythro-sphingosine kinase activity
Pcub-MSU1_013_000287.1	eggnog	Belongs to the BI1 family
Pcub-MSU1_013_000284.1	eggnog	Nucleolar protein 12 (25kDa)
Pcub-MSU1_013_000286.1	eggnog	WD domain, G-beta repeat
Pcub-MSU1_013_000285.1	eggnog	Belongs to the AAA ATPase family
Pcub-MSU1_014_000535.1	eggnog	Cysteine dioxygenase type I
Pcub-MSU1_014_000534.1	eggnog	Domain of unknown function (DUF3336)
Pcub-MSU1_014_000533.1	interproscan	PTHR15885 domain-containing protein
Pcub-MSU1_014_000001.1	eggnog	domain-containing protein
Pcub-MSU1_014_000002.1	unannotated	Hypothetical protein of unknown function
Pcub-MSU1_014_000003.1	blastp	Homology to Phytophthora cactorum predicted protein KAG2785332.1
Pcub-MSU1_014_000532.1	eggnog	RPR
Pcub-MSU1_014_000531.1	eggnog	protein folding
Pcub-MSU1_014_000530.1	eggnog	domain-containing protein
Pcub-MSU1_014_000529.1	eggnog	3'5'-cyclic nucleotide phosphodiesterase
Pcub-MSU1_014_000004.1	eggnog	domain-containing protein
Pcub-MSU1_014_000005.1	eggnog	protein folding
Pcub-MSU1_014_000528.1	eggnog	Grap2 and cyclin-D-interacting
Pcub-MSU1_014_000527.1	blastp	Homology to Peronospora destructor predicted protein CAI5746867.1
Pcub-MSU1_014_000006.1	eggnog	Histidine phosphatase superfamily (branch 2)
Pcub-MSU1_014_000526.1	eggnog	Leucine-rich repeat
Pcub-MSU1_014_000525.1	unannotated	Hypothetical protein of unknown function
Pcub-MSU1_014_000524.1	interproscan	G3DSA:3.40.50.1240 domain-containing protein
Pcub-MSU1_014_000523.1	eggnog	Grap2 and cyclin-D-interacting
Pcub-MSU1_014_000522.1	interproscan	G3DSA:3.40.50.1240 domain-containing protein
Pcub-MSU1_014_000521.1	eggnog	Grap2 and cyclin-D-interacting
Pcub-MSU1_014_000520.1	blastp	Homology to Peronospora destructor predicted protein CAI5746867.1
Pcub-MSU1_014_000007.1	eggnog	Histidine phosphatase superfamily (branch 2)
Pcub-MSU1_014_000519.1	eggnog	Leucine-rich repeat
Pcub-MSU1_014_000518.1	blastp	Homology to Peronospora destructor predicted protein CAI5746867.1
Pcub-MSU1_014_000008.1	eggnog	Histidine phosphatase superfamily (branch 2)
Pcub-MSU1_014_000517.1	eggnog	Leucine-rich repeat
Pcub-MSU1_014_000516.1	eggnog	Fructose-bisphosphate aldolase class-II
Pcub-MSU1_014_000009.1	eggnog	Fructose-bisphosphate aldolase class-II
Pcub-MSU1_014_000010.1	eggnog	Leucine-rich repeat
Pcub-MSU1_014_000515.1	eggnog	Histidine phosphatase superfamily (branch 2)
Pcub-MSU1_014_000011.1	blastp	Homology to Peronospora destructor predicted protein CAI5746867.1
Pcub-MSU1_014_000012.1	eggnog	Grap2 and cyclin-D-interacting
Pcub-MSU1_014_000013.1	eggnog	Las17-binding protein actin regulator
Pcub-MSU1_014_000014.1	eggnog	domain-containing protein
Pcub-MSU1_014_000514.1	eggnog	RING-type zinc-finger
Pcub-MSU1_014_000015.1	eggnog	Grap2 and cyclin-D-interacting
Pcub-MSU1_014_000016.1	eggnog	PCO_ADO
Pcub-MSU1_014_000513.1	eggnog	Protein of unknown function, DUF547
Pcub-MSU1_014_000512.1	eggnog	Protein of unknown function, DUF547
Pcub-MSU1_014_000017.1	eggnog	domain-containing protein
Pcub-MSU1_014_000511.1	eggnog	Radical SAM superfamily
Pcub-MSU1_014_000510.1	blastp	Homology to Peronospora destructor predicted protein CAI5726843.1
Pcub-MSU1_014_000018.1	eggnog	Myosin. Large ATPases
Pcub-MSU1_014_000509.1	eggnog	axoneme assembly
Pcub-MSU1_014_000508.1	eggnog	PLU-1-like protein
Pcub-MSU1_014_000019.1	eggnog	C-terminal region of band_7
Pcub-MSU1_014_000020.1	eggnog	N-terminal domain of NEFA-interacting nuclear protein NIP30
Pcub-MSU1_014_000507.1	blastp	Homology to Phytophthora pseudosyringae predicted protein KAG7381906.1
Pcub-MSU1_014_000021.1	eggnog	DNA-binding domain of DNA mismatch repair MUTS family
Pcub-MSU1_014_000022.1	eggnog	Down-regulated in metastasis
Pcub-MSU1_014_000023.1	eggnog	Domain with 2 conserved Trp (W) residues
Pcub-MSU1_014_000506.1	eggnog	secreted RxLR effector peptide protein
Pcub-MSU1_014_000024.1	eggnog	cell division
Pcub-MSU1_014_000025.1	eggnog	C2 domain of PTEN tumour-suppressor protein
Pcub-MSU1_014_000505.1	blastp	Homology to Phytophthora cactorum;Phytophthora aleatoria predicted protein KAG2785784.1
Pcub-MSU1_014_000504.1	eggnog	EF-hand, calcium binding motif
Pcub-MSU1_014_000503.1	blastp	Homology to Phytophthora palmivora predicted protein POM57876.1
Pcub-MSU1_014_000502.1	eggnog	phosphatidylinositol-3,4-bisphosphate 4-phosphatase activity
Pcub-MSU1_014_000501.1	blastp	Homology to Phytophthora citrophthora predicted protein KAK1947230.1
Pcub-MSU1_014_000026.1	eggnog	Peptidase C13 family
Pcub-MSU1_014_000500.1	eggnog	Ankyrin repeats (many copies)
Pcub-MSU1_014_000027.1	blastp	Homology to Phytophthora ramorum predicted protein KAH7488708.1
Pcub-MSU1_014_000499.1	eggnog	domain-containing protein
Pcub-MSU1_014_000028.1	eggnog	Sulfate permease family
Pcub-MSU1_014_000498.1	eggnog	Gtr1/RagA G protein conserved region
Pcub-MSU1_014_000029.1	eggnog	DEAD/DEAH box helicase
Pcub-MSU1_014_000030.1	eggnog	domain-containing protein
Pcub-MSU1_014_000497.1	eggnog	domain-containing protein
Pcub-MSU1_014_000496.1	interproscan	G3DSA:3.40.395.10 domain-containing protein
Pcub-MSU1_014_000031.1	eggnog	CDP-alcohol phosphatidyltransferase
Pcub-MSU1_014_000032.1	interproscan	PTHR31827 domain-containing protein
Pcub-MSU1_014_000495.1	eggnog	Catalyzes the prenylation of para-hydroxybenzoate (PHB) with an all-trans polyprenyl group
Pcub-MSU1_014_000033.1	interproscan	PTHR31827 domain-containing protein
Pcub-MSU1_014_000034.1	interproscan	PTHR31827 domain-containing protein
Pcub-MSU1_014_000035.1	blastp	Homology to Peronospora farinosa predicted protein CAH0488737.1
Pcub-MSU1_014_000036.1	blastp	Homology to Phytophthora ramorum predicted protein KAH7488724.1
Pcub-MSU1_014_000494.1	eggnog	Enoyl-CoA hydratase/isomerase
Pcub-MSU1_014_000037.1	eggnog	domain-containing protein
Pcub-MSU1_014_000493.1	eggnog	Leucine-rich repeats, outliers
Pcub-MSU1_014_000038.1	eggnog	domain-containing protein
Pcub-MSU1_014_000039.1	eggnog	Beta-eliminating lyase
Pcub-MSU1_014_000492.1	eggnog	Ubiquitin elongating factor core
Pcub-MSU1_014_000491.1	blastp	Homology to Phytophthora cactorum predicted protein KAG3174296.1
Pcub-MSU1_014_000040.1	blastp	Homology to Peronospora destructor predicted protein CAI5738511.1
Pcub-MSU1_014_000490.1	interproscan	SSF53098 domain-containing protein
Pcub-MSU1_014_000041.1	interproscan	SSF53098 domain-containing protein
Pcub-MSU1_014_000042.1	blastp	Homology to Peronospora destructor predicted protein CAI5709588.1
Pcub-MSU1_014_000043.1	eggnog	Protein of unknown function (DUF663)
Pcub-MSU1_014_000044.1	interproscan	PTHR13510 domain-containing protein
Pcub-MSU1_014_000045.1	eggnog	Uncharacterized ACR, YdiU/UPF0061 family
Pcub-MSU1_014_000046.1	eggnog	Short calmodulin-binding motif containing conserved Ile and Gln residues
Pcub-MSU1_014_000489.1	eggnog	oxidation-reduction process
Pcub-MSU1_014_000488.1	eggnog	Enoyl-(Acyl carrier protein) reductase
Pcub-MSU1_014_000487.1	interproscan	PTHR48252 domain-containing protein
Pcub-MSU1_014_000047.1	unannotated	Hypothetical protein of unknown function
Pcub-MSU1_014_000048.1	interproscan	PTHR48252 domain-containing protein
Pcub-MSU1_014_000486.1	eggnog	Nucleoside 2-deoxyribosyltransferase like
Pcub-MSU1_014_000485.1	eggnog	Tweety
Pcub-MSU1_014_000484.1	interproscan	Dead deah box rna helicase (G3DSA:1.10.238.10:FF:000381)
Pcub-MSU1_014_000049.1	eggnog	Tweety
Pcub-MSU1_014_000050.1	eggnog	CRN domain-containing protein-containing protein
Pcub-MSU1_014_000051.1	blastp	Homology to Phytophthora aleatoria predicted protein KAG6945756.1
Pcub-MSU1_014_000483.1	interproscan	PTHR40855 domain-containing protein
Pcub-MSU1_014_000052.1	interproscan	PTHR40855 domain-containing protein
Pcub-MSU1_014_000053.1	eggnog	histone-lysine N-methyltransferase activity
Pcub-MSU1_014_000482.1	interproscan	G3DSA:2.160.20.10 domain-containing protein
Pcub-MSU1_014_000481.1	interproscan	G3DSA:2.160.20.10 domain-containing protein
Pcub-MSU1_014_000480.1	interproscan	G3DSA:2.160.20.10 domain-containing protein
Pcub-MSU1_014_000479.1	interproscan	G3DSA:2.160.20.10 domain-containing protein
Pcub-MSU1_014_000478.1	interproscan	G3DSA:2.160.20.10 domain-containing protein
Pcub-MSU1_014_000477.1	interproscan	G3DSA:2.160.20.10 domain-containing protein
Pcub-MSU1_014_000476.1	interproscan	G3DSA:2.160.20.10 domain-containing protein
Pcub-MSU1_014_000475.1	interproscan	G3DSA:2.160.20.10 domain-containing protein
Pcub-MSU1_014_000474.1	interproscan	G3DSA:2.160.20.10 domain-containing protein
Pcub-MSU1_014_000473.1	interproscan	G3DSA:2.160.20.10 domain-containing protein
Pcub-MSU1_014_000472.1	interproscan	G3DSA:2.160.20.10 domain-containing protein
Pcub-MSU1_014_000471.1	interproscan	G3DSA:2.160.20.10 domain-containing protein
Pcub-MSU1_014_000470.1	interproscan	G3DSA:2.160.20.10 domain-containing protein
Pcub-MSU1_014_000469.1	interproscan	G3DSA:2.160.20.10 domain-containing protein
Pcub-MSU1_014_000468.1	interproscan	G3DSA:2.160.20.10 domain-containing protein
Pcub-MSU1_014_000467.1	interproscan	G3DSA:2.160.20.10 domain-containing protein
Pcub-MSU1_014_000466.1	interproscan	G3DSA:2.160.20.10 domain-containing protein
Pcub-MSU1_014_000465.1	interproscan	G3DSA:2.160.20.10 domain-containing protein
Pcub-MSU1_014_000464.1	interproscan	G3DSA:2.160.20.10 domain-containing protein
Pcub-MSU1_014_000463.1	interproscan	G3DSA:2.160.20.10 domain-containing protein
Pcub-MSU1_014_000462.1	interproscan	G3DSA:2.160.20.10 domain-containing protein
Pcub-MSU1_014_000461.1	interproscan	G3DSA:2.160.20.10 domain-containing protein
Pcub-MSU1_014_000460.1	interproscan	G3DSA:2.160.20.10 domain-containing protein
Pcub-MSU1_014_000459.1	interproscan	G3DSA:2.160.20.10 domain-containing protein
Pcub-MSU1_014_000458.1	interproscan	G3DSA:2.160.20.10 domain-containing protein
Pcub-MSU1_014_000457.1	interproscan	G3DSA:2.160.20.10 domain-containing protein
Pcub-MSU1_014_000054.1	blastp	Homology to Peronospora effusa predicted protein CAI5700364.1
Pcub-MSU1_014_000055.1	blastp	Homology to Peronospora effusa predicted protein CAI5700364.1
Pcub-MSU1_014_000056.1	blastp	Homology to Peronospora effusa predicted protein CAI5700364.1
Pcub-MSU1_014_000057.1	blastp	Homology to Peronospora effusa predicted protein CAI5700364.1
Pcub-MSU1_014_000058.1	blastp	Homology to Peronospora effusa predicted protein CAI5700364.1
Pcub-MSU1_014_000059.1	blastp	Homology to Peronospora effusa predicted protein CAI5700364.1
Pcub-MSU1_014_000060.1	blastp	Homology to Peronospora effusa predicted protein CAI5700364.1
Pcub-MSU1_014_000061.1	blastp	Homology to Peronospora effusa predicted protein CAI5700364.1
Pcub-MSU1_014_000062.1	blastp	Homology to Peronospora effusa predicted protein CAI5700364.1
Pcub-MSU1_014_000063.1	blastp	Homology to Peronospora effusa predicted protein CAI5700364.1
Pcub-MSU1_014_000064.1	blastp	Homology to Peronospora effusa predicted protein CAI5700364.1
Pcub-MSU1_014_000065.1	blastp	Homology to Peronospora effusa predicted protein CAI5700364.1
Pcub-MSU1_014_000066.1	blastp	Homology to Peronospora effusa predicted protein CAI5700364.1
Pcub-MSU1_014_000067.1	blastp	Homology to Peronospora farinosa;Peronospora effusa predicted protein CAH0488564.1
Pcub-MSU1_014_000068.1	blastp	Homology to Peronospora farinosa;Peronospora effusa predicted protein CAH0488564.1
Pcub-MSU1_014_000069.1	blastp	Homology to Peronospora farinosa;Peronospora effusa predicted protein CAH0488564.1
Pcub-MSU1_014_000070.1	blastp	Homology to Peronospora farinosa;Peronospora effusa predicted protein CAH0488564.1
Pcub-MSU1_014_000071.1	blastp	Homology to Peronospora farinosa;Peronospora effusa predicted protein CAH0488564.1
Pcub-MSU1_014_000072.1	blastp	Homology to Peronospora farinosa;Peronospora effusa predicted protein CAH0488564.1
Pcub-MSU1_014_000073.1	blastp	Homology to Peronospora farinosa;Peronospora effusa predicted protein CAH0488564.1
Pcub-MSU1_014_000074.1	blastp	Homology to Peronospora farinosa;Peronospora effusa predicted protein CAH0488564.1
Pcub-MSU1_014_000075.1	blastp	Homology to Peronospora farinosa;Peronospora effusa predicted protein CAH0488564.1
Pcub-MSU1_014_000076.1	blastp	Homology to Phytophthora cactorum predicted protein KAF1776965.1
Pcub-MSU1_014_000077.1	blastp	Homology to Peronospora farinosa;Peronospora effusa predicted protein CAH0488564.1
Pcub-MSU1_014_000078.1	unannotated	Hypothetical protein of unknown function
Pcub-MSU1_014_000079.1	blastp	Homology to Peronospora farinosa;Peronospora effusa predicted protein CAH0488564.1
Pcub-MSU1_014_000080.1	blastp	Homology to Peronospora effusa predicted protein CAI5700364.1
Pcub-MSU1_014_000081.1	blastp	Homology to Peronospora effusa predicted protein CAI5700364.1
Pcub-MSU1_014_000082.1	unannotated	Hypothetical protein of unknown function
Pcub-MSU1_014_000083.1	blastp	Homology to Peronospora farinosa;Peronospora effusa predicted protein CAH0488564.1
Pcub-MSU1_014_000084.1	blastp	Homology to Peronospora effusa predicted protein CAI5700364.1
Pcub-MSU1_014_000085.1	blastp	Homology to Phytophthora cactorum predicted protein KAF1776965.1
Pcub-MSU1_014_000086.1	blastp	Homology to Peronospora effusa predicted protein CAI5700364.1
Pcub-MSU1_014_000087.1	blastp	Homology to Phytophthora cactorum predicted protein KAF1776965.1
Pcub-MSU1_014_000088.1	blastp	Homology to Peronospora farinosa;Peronospora effusa predicted protein CAH0488564.1
Pcub-MSU1_014_000089.1	blastp	Homology to Peronospora effusa predicted protein CAI5700364.1
Pcub-MSU1_014_000090.1	blastp	Homology to Peronospora farinosa predicted protein CAH0488563.1
Pcub-MSU1_014_000091.1	blastp	Homology to Peronospora effusa predicted protein CAI5700364.1
Pcub-MSU1_014_000092.1	blastp	Homology to Peronospora effusa predicted protein CAI5700364.1
Pcub-MSU1_014_000093.1	blastp	Homology to Peronospora effusa predicted protein CAI5700364.1
Pcub-MSU1_014_000094.1	blastp	Homology to Peronospora belbahrii predicted protein CAH0481481.1
Pcub-MSU1_014_000095.1	blastp	Homology to Peronospora farinosa;Peronospora effusa predicted protein CAH0488564.1
Pcub-MSU1_014_000096.1	blastp	Homology to Phytophthora fragariae predicted protein KAE8907136.1
Pcub-MSU1_014_000097.1	blastp	Homology to Peronospora effusa predicted protein CAI5700364.1
Pcub-MSU1_014_000098.1	blastp	Homology to Peronospora farinosa;Peronospora effusa predicted protein CAH0488564.1
Pcub-MSU1_014_000099.1	blastp	Homology to Peronospora effusa predicted protein CAI5700364.1
Pcub-MSU1_014_000100.1	blastp	Homology to Peronospora effusa predicted protein CAI5700364.1
Pcub-MSU1_014_000101.1	unannotated	Hypothetical protein of unknown function
Pcub-MSU1_014_000102.1	blastp	Homology to Peronospora effusa predicted protein CAI5700364.1
Pcub-MSU1_014_000103.1	blastp	Homology to Peronospora farinosa predicted protein CAH0488566.1
Pcub-MSU1_014_000104.1	blastp	Homology to Hyaloperonospora brassicae predicted protein CAI5722321.1
Pcub-MSU1_014_000105.1	blastp	Homology to Peronospora effusa predicted protein CAI5700364.1
Pcub-MSU1_014_000106.1	blastp	Homology to Peronospora effusa predicted protein CAI5700364.1
Pcub-MSU1_014_000107.1	blastp	Homology to Peronospora effusa predicted protein CAI5700364.1
Pcub-MSU1_014_000108.1	blastp	Homology to Peronospora farinosa;Peronospora effusa predicted protein CAH0488564.1
Pcub-MSU1_014_000109.1	unannotated	Hypothetical protein of unknown function
Pcub-MSU1_014_000110.1	blastp	Homology to Peronospora effusa predicted protein CAI5700364.1
Pcub-MSU1_014_000111.1	blastp	Homology to Peronospora effusa predicted protein CAI5700364.1
Pcub-MSU1_014_000112.1	blastp	Homology to Peronospora farinosa;Peronospora effusa predicted protein CAH0488564.1
Pcub-MSU1_014_000113.1	blastp	Homology to Peronospora effusa predicted protein CAI5700364.1
Pcub-MSU1_014_000114.1	blastp	Homology to Peronospora farinosa;Peronospora effusa predicted protein CAH0488564.1
Pcub-MSU1_014_000115.1	blastp	Homology to Peronospora farinosa;Peronospora effusa predicted protein CAH0488564.1
Pcub-MSU1_014_000116.1	blastp	Homology to Peronospora effusa predicted protein CAI5700364.1
Pcub-MSU1_014_000117.1	blastp	Homology to Peronospora effusa predicted protein CAI5700364.1
Pcub-MSU1_014_000118.1	blastp	Homology to Peronospora effusa predicted protein CAI5700364.1
Pcub-MSU1_014_000119.1	blastp	Homology to Peronospora effusa predicted protein CAI5700364.1
Pcub-MSU1_014_000120.1	blastp	Homology to Peronospora farinosa;Peronospora effusa predicted protein CAH0488564.1
Pcub-MSU1_014_000121.1	blastp	Homology to Peronospora farinosa;Peronospora effusa predicted protein CAH0488564.1
Pcub-MSU1_014_000122.1	blastp	Homology to Phytophthora fragariae predicted protein KAE8907136.1
Pcub-MSU1_014_000123.1	blastp	Homology to Peronospora farinosa;Peronospora effusa predicted protein CAH0488564.1
Pcub-MSU1_014_000124.1	blastp	Homology to Phytophthora cactorum predicted protein KAF1776965.1
Pcub-MSU1_014_000125.1	blastp	Homology to Peronospora farinosa predicted protein CAH0488562.1
Pcub-MSU1_014_000126.1	blastp	Homology to Peronospora effusa predicted protein CAI5700364.1
Pcub-MSU1_014_000127.1	blastp	Homology to Peronospora farinosa;Peronospora effusa predicted protein CAH0488564.1
Pcub-MSU1_014_000128.1	unannotated	Hypothetical protein of unknown function
Pcub-MSU1_014_000129.1	unannotated	Hypothetical protein of unknown function
Pcub-MSU1_014_000130.1	blastp	Homology to Peronospora belbahrii predicted protein CAH0481499.1
Pcub-MSU1_014_000131.1	blastp	Homology to Peronospora farinosa;Peronospora effusa predicted protein CAH0488564.1
Pcub-MSU1_014_000132.1	blastp	Homology to Peronospora farinosa;Peronospora effusa predicted protein CAH0488564.1
Pcub-MSU1_014_000133.1	blastp	Homology to Peronospora farinosa;Peronospora effusa predicted protein CAH0488564.1
Pcub-MSU1_014_000134.1	blastp	Homology to Peronospora farinosa;Peronospora effusa predicted protein CAH0488564.1
Pcub-MSU1_014_000135.1	blastp	Homology to Peronospora farinosa;Peronospora effusa predicted protein CAH0488564.1
Pcub-MSU1_014_000136.1	blastp	Homology to Peronospora farinosa;Peronospora effusa predicted protein CAH0488564.1
Pcub-MSU1_014_000137.1	unannotated	Hypothetical protein of unknown function
Pcub-MSU1_014_000138.1	blastp	Homology to Peronospora farinosa;Peronospora effusa predicted protein CAH0488564.1
Pcub-MSU1_014_000139.1	blastp	Homology to Peronospora farinosa;Peronospora effusa predicted protein CAH0488564.1
Pcub-MSU1_014_000140.1	blastp	Homology to Peronospora farinosa;Peronospora effusa predicted protein CAH0488564.1
Pcub-MSU1_014_000141.1	blastp	Homology to Peronospora farinosa;Peronospora effusa predicted protein CAH0488564.1
Pcub-MSU1_014_000142.1	blastp	Homology to Peronospora farinosa;Peronospora effusa predicted protein CAH0488564.1
Pcub-MSU1_014_000143.1	blastp	Homology to Peronospora farinosa;Peronospora effusa predicted protein CAH0488564.1
Pcub-MSU1_014_000144.1	blastp	Homology to Peronospora farinosa;Peronospora effusa predicted protein CAH0488564.1
Pcub-MSU1_014_000145.1	blastp	Homology to Peronospora farinosa;Peronospora effusa predicted protein CAH0488564.1
Pcub-MSU1_014_000146.1	blastp	Homology to Peronospora farinosa;Peronospora effusa predicted protein CAH0488564.1
Pcub-MSU1_014_000147.1	blastp	Homology to Peronospora farinosa;Peronospora effusa predicted protein CAH0488564.1
Pcub-MSU1_014_000148.1	blastp	Homology to Peronospora farinosa;Peronospora effusa predicted protein CAH0488564.1
Pcub-MSU1_014_000149.1	blastp	Homology to Phytophthora cactorum predicted protein KAF1776965.1
Pcub-MSU1_014_000150.1	blastp	Homology to Peronospora farinosa predicted protein CAH0488562.1
Pcub-MSU1_014_000151.1	blastp	Homology to Peronospora belbahrii predicted protein CAH0481499.1
Pcub-MSU1_014_000152.1	eggnog	Tetratricopeptide repeat
Pcub-MSU1_014_000153.1	blastp	Homology to Peronospora effusa predicted protein CAI5722046.1
Pcub-MSU1_014_000154.1	eggnog	domain-containing protein
Pcub-MSU1_014_000155.1	eggnog	Endonuclease V
Pcub-MSU1_014_000456.1	blastp	Homology to Peronospora effusa predicted protein RMX63466.1
Pcub-MSU1_014_000455.1	eggnog	Histidine phosphatase superfamily (branch 1)
Pcub-MSU1_014_000156.1	blastp	Homology to Phytophthora cactorum predicted protein KAG2809883.1
Pcub-MSU1_014_000157.1	interproscan	DG1062 N-terminal domain (PF28397)
Pcub-MSU1_014_000158.1	blastp	Homology to Phytophthora cactorum predicted protein KAG4041146.1
Pcub-MSU1_014_000159.1	eggnog	Tho complex subunit 7
Pcub-MSU1_014_000454.1	eggnog	Domain of Kin17 curved DNA-binding protein
Pcub-MSU1_014_000453.1	eggnog	MatE
Pcub-MSU1_014_000160.1	eggnog	transposition, RNA-mediated
Pcub-MSU1_014_000161.1	eggnog	3'-5' exonuclease
Pcub-MSU1_014_000162.1	eggnog	domain-containing protein
Pcub-MSU1_014_000163.1	eggnog	Valyl tRNA synthetase tRNA binding arm
Pcub-MSU1_014_000452.1	eggnog	Polycystin cation channel
Pcub-MSU1_014_000451.1	eggnog	Polycystin cation channel
Pcub-MSU1_014_000450.1	eggnog	Polycystin cation channel
Pcub-MSU1_014_000449.1	eggnog	Protein-only RNase P
Pcub-MSU1_014_000448.1	eggnog	Elicitin
Pcub-MSU1_014_000164.1	blastp	Homology to Phytophthora idaei predicted protein KAG3070789.1
Pcub-MSU1_014_000447.1	eggnog	Belongs to the GMC oxidoreductase family
Pcub-MSU1_014_000446.1	eggnog	Lycopene cyclase protein
Pcub-MSU1_014_000165.1	eggnog	Voltage gated chloride channel
Pcub-MSU1_014_000445.1	eggnog	Domain present in PSD-95, Dlg, and ZO-1/2
Pcub-MSU1_014_000166.1	eggnog	Timeless protein
Pcub-MSU1_014_000444.1	eggnog	domain-containing protein
Pcub-MSU1_014_000167.1	eggnog	Complex1_LYR-like
Pcub-MSU1_014_000168.1	blastp	Homology to predicted protein KAH7500667.1
Pcub-MSU1_014_000169.1	eggnog	Amino acid kinase family
Pcub-MSU1_014_000443.1	eggnog	Calreticulin family
Pcub-MSU1_014_000170.1	eggnog	The proteasome is a multicatalytic proteinase complex which is characterized by its ability to cleave peptides with Arg, Phe, Tyr, Leu, and Glu adjacent to the leaving group at neutral or slightly basic pH
Pcub-MSU1_014_000442.1	eggnog	MatE
Pcub-MSU1_014_000441.1	eggnog	MatE
Pcub-MSU1_014_000171.1	blastp	Homology to Phytophthora pseudosyringae predicted protein KAG7382770.1
Pcub-MSU1_014_000440.1	eggnog	tRNA synthetases class I (W and Y)
Pcub-MSU1_014_000439.1	eggnog	emp24/gp25L/p24 family/GOLD
Pcub-MSU1_014_000172.1	blastp	Homology to Phytophthora pseudosyringae predicted protein KAG7382773.1
Pcub-MSU1_014_000438.1	eggnog	WD domain, G-beta repeat
Pcub-MSU1_014_000437.1	eggnog	WD domain, G-beta repeat
Pcub-MSU1_014_000173.1	eggnog	PAP2 superfamily C-terminal
Pcub-MSU1_014_000436.1	eggnog	domain-containing protein
Pcub-MSU1_014_000174.1	eggnog	mitochondrial respiratory chain complex IV assembly
Pcub-MSU1_014_000175.1	eggnog	intracellular chloride channel activity
Pcub-MSU1_014_000435.1	blastp	Homology to Phytophthora lilii predicted protein GMF19841.1
Pcub-MSU1_014_000176.1	eggnog	ABC transporter
Pcub-MSU1_014_000177.1	eggnog	ABC transporter
Pcub-MSU1_014_000178.1	blastp	Homology to Peronospora effusa predicted protein RMX69292.1
Pcub-MSU1_014_000434.1	eggnog	ADP-ribosylation factor family
Pcub-MSU1_014_000433.1	eggnog	Smg-4/UPF3 family
Pcub-MSU1_014_000432.1	eggnog	biological adhesion
Pcub-MSU1_014_000431.1	eggnog	biological adhesion
Pcub-MSU1_014_000430.1	eggnog	WD40 repeats
Pcub-MSU1_014_000179.1	eggnog	transposition, RNA-mediated
Pcub-MSU1_014_000180.1	eggnog	transposition, RNA-mediated
Pcub-MSU1_014_000429.1	eggnog	Patched family
Pcub-MSU1_014_000428.1	eggnog	methyltransferase activity
Pcub-MSU1_014_000427.1	eggnog	domain-containing protein
Pcub-MSU1_014_000181.1	eggnog	domain-containing protein
Pcub-MSU1_014_000182.1	eggnog	Ssu72-like protein
Pcub-MSU1_014_000183.1	eggnog	Domain with 2 conserved Trp (W) residues
Pcub-MSU1_014_000184.1	blastp	Homology to Phytophthora cactorum predicted protein KAG2771010.1
Pcub-MSU1_014_000426.1	eggnog	CRN domain-containing protein-containing protein
Pcub-MSU1_014_000425.1	eggnog	SNARE associated Golgi protein
Pcub-MSU1_014_000424.1	blastp	Homology to Phytophthora idaei predicted protein KAG3118608.1
Pcub-MSU1_014_000185.1	eggnog	Dimerisation domain of Zinc Transporter
Pcub-MSU1_014_000186.1	unannotated	Hypothetical protein of unknown function
Pcub-MSU1_014_000423.1	interproscan	PTHR35102 domain-containing protein
Pcub-MSU1_014_000422.1	eggnog	domain-containing protein
Pcub-MSU1_014_000187.1	eggnog	SCP-2 sterol transfer family
Pcub-MSU1_014_000188.1	eggnog	component of the eukaryotic translation initiation factor 3 (eIF-3) complex, which is involved in protein synthesis of a specialized repertoire of mRNAs and, together with other initiation factors, stimulates binding of mRNA and methionyl-tRNAi to the 40S ribosome
Pcub-MSU1_014_000189.1	blastp	Homology to Phytophthora lilii predicted protein GMF10698.1
Pcub-MSU1_014_000421.1	blastp	Homology to Phytophthora cactorum predicted protein KAG3033441.1
Pcub-MSU1_014_000190.1	blastp	Homology to Phytophthora palmivora predicted protein POM77558.1
Pcub-MSU1_014_000191.1	blastp	Homology to Peronospora effusa predicted protein UIZ28422.1
Pcub-MSU1_014_000420.1	blastp	Homology to Phytophthora cactorum predicted protein KAG2770823.1
Pcub-MSU1_014_000192.1	eggnog	WD domain, G-beta repeat
Pcub-MSU1_014_000193.1	blastp	Homology to Phytophthora cactorum predicted protein KAG2770823.1
Pcub-MSU1_014_000419.1	blastp	Homology to Peronospora effusa predicted protein UIZ28422.1
Pcub-MSU1_014_000418.1	blastp	Homology to Phytophthora palmivora predicted protein POM77558.1
Pcub-MSU1_014_000194.1	eggnog	Introduces a single-strand break via transesterification at a target site in duplex DNA
Pcub-MSU1_014_000417.1	blastp	Homology to Phytophthora sojae predicted protein XP_009516745.1
Pcub-MSU1_014_000195.1	eggnog	Belongs to the major facilitator superfamily
Pcub-MSU1_014_000196.1	eggnog	Patched family
Pcub-MSU1_014_000416.1	eggnog	Possible plasma membrane-binding motif in junctophilins, PIP-5-kinases and protein kinases
Pcub-MSU1_014_000415.1	eggnog	PPIases accelerate the folding of proteins
Pcub-MSU1_014_000414.1	eggnog	Ribosomal_S17 N-terminal
Pcub-MSU1_014_000413.1	eggnog	NADH-ubiquinone oxidoreductase complex I, 21 kDa subunit
Pcub-MSU1_014_000197.1	eggnog	Glycosyl hydrolases family 28
Pcub-MSU1_014_000198.1	eggnog	NADH-ubiquinone oxidoreductase complex I, 21 kDa subunit
Pcub-MSU1_014_000199.1	eggnog	Ribosomal_S17 N-terminal
Pcub-MSU1_014_000200.1	eggnog	PPIases accelerate the folding of proteins
Pcub-MSU1_014_000201.1	eggnog	NADH-ubiquinone oxidoreductase complex I, 21 kDa subunit
Pcub-MSU1_014_000412.1	eggnog	Microtubule binding
Pcub-MSU1_014_000411.1	eggnog	Lysine methyltransferase
Pcub-MSU1_014_000202.1	eggnog	Ssl1-like
Pcub-MSU1_014_000203.1	eggnog	Kinase-like
Pcub-MSU1_014_000410.1	eggnog	NADH-ubiquinone oxidoreductase complex I, 21 kDa subunit
Pcub-MSU1_014_000204.1	eggnog	Lys48-specific deubiquitinase activity
Pcub-MSU1_014_000409.1	eggnog	Kinase-like
Pcub-MSU1_014_000408.1	eggnog	Lys48-specific deubiquitinase activity
Pcub-MSU1_014_000205.1	eggnog	NADH-ubiquinone oxidoreductase complex I, 21 kDa subunit
Pcub-MSU1_014_000206.1	eggnog	Ribosomal_S17 N-terminal
Pcub-MSU1_014_000407.1	eggnog	Protein of unknown function (DUF890)
Pcub-MSU1_014_000207.1	interproscan	PTHR23313 domain-containing protein
Pcub-MSU1_014_000406.1	eggnog	lipid catabolic process
Pcub-MSU1_014_000208.1	eggnog	SNAP receptor activity
Pcub-MSU1_014_000405.1	eggnog	Component of the spliceosomal U1 snRNP, which is essential for recognition of the pre-mRNA 5' splice-site and the subsequent assembly of the spliceosome
Pcub-MSU1_014_000209.1	eggnog	domain-containing protein
Pcub-MSU1_014_000404.1	eggnog	Dyggve-Melchior-Clausen syndrome protein
Pcub-MSU1_014_000403.1	eggnog	Endonuclease/Exonuclease/phosphatase family
Pcub-MSU1_014_000210.1	eggnog	Ribosomal_L32e
Pcub-MSU1_014_000211.1	eggnog	Cytochrome c oxidase assembly protein CtaG/Cox11
Pcub-MSU1_014_000212.1	eggnog	Histone-like transcription factor (CBF/NF-Y) and archaeal histone
Pcub-MSU1_014_000402.1	eggnog	proteasome regulatory particle assembly (ankrd53)
Pcub-MSU1_014_000401.1	eggnog	Microtubule binding
Pcub-MSU1_014_000400.1	eggnog	The H protein shuttles the methylamine group of glycine from the P protein to the T protein
Pcub-MSU1_014_000213.1	eggnog	tRNA pseudouridine synthase
Pcub-MSU1_014_000399.1	eggnog	Serine-threonine protein kinase 19
Pcub-MSU1_014_000214.1	eggnog	Domain Homologous to E6-AP Carboxyl Terminus with
Pcub-MSU1_014_000215.1	eggnog	Belongs to the CTL (choline transporter-like) family
Pcub-MSU1_014_000216.1	eggnog	Alg9-like mannosyltransferase family
Pcub-MSU1_014_000398.1	eggnog	Acyl-CoA oxidase
Pcub-MSU1_014_000397.1	eggnog	phosphatidylinositol 3-kinase regulator activity
Pcub-MSU1_014_000217.1	eggnog	domain-containing protein
Pcub-MSU1_014_000218.1	eggnog	Sterile alpha motif
Pcub-MSU1_014_000396.1	blastp	Homology to Phytophthora pseudosyringae predicted protein KAG7383801.1
Pcub-MSU1_014_000219.1	eggnog	Steryl acetyl hydrolase
Pcub-MSU1_014_000220.1	unannotated	Hypothetical protein of unknown function
Pcub-MSU1_014_000221.1	unannotated	Hypothetical protein of unknown function
Pcub-MSU1_014_000222.1	unannotated	Hypothetical protein of unknown function
Pcub-MSU1_014_000395.1	eggnog	Calcium-activated BK potassium channel alpha subunit
Pcub-MSU1_014_000394.1	blastp	Homology to Peronospora destructor predicted protein CAI5730858.1
Pcub-MSU1_014_000223.1	eggnog	recA bacterial DNA recombination protein
Pcub-MSU1_014_000393.1	eggnog	Belongs to the cyclin family
Pcub-MSU1_014_000224.1	eggnog	Staphylococcal nuclease homologues
Pcub-MSU1_014_000225.1	unannotated	Hypothetical protein of unknown function
Pcub-MSU1_014_000226.1	eggnog	FKBP-type peptidyl-prolyl cis-trans isomerase
Pcub-MSU1_014_000392.1	eggnog	Nuclear chaperone required for maturation and nuclear export of pre-60S ribosome subunits
Pcub-MSU1_014_000227.1	eggnog	Peptidase family M28
Pcub-MSU1_014_000391.1	interproscan	SSF47473 domain-containing protein
Pcub-MSU1_014_000228.1	eggnog	Zinc finger, C2H2 type
Pcub-MSU1_014_000390.1	blastp	Homology to Phytophthora nicotianae predicted protein XP_008906669.1
Pcub-MSU1_014_000229.1	eggnog	RNA helicase (UPF2 interacting domain)
Pcub-MSU1_014_000230.1	eggnog	female pronucleus assembly
Pcub-MSU1_014_000231.1	eggnog	domain-containing protein
Pcub-MSU1_014_000232.1	eggnog	Ribosomal L25p family
Pcub-MSU1_014_000389.1	eggnog	Histone-like transcription factor (CBF/NF-Y) and archaeal histone
Pcub-MSU1_014_000233.1	eggnog	ATPase family associated with various cellular activities (AAA)
Pcub-MSU1_014_000388.1	eggnog	TruB family pseudouridylate synthase (N terminal domain)
Pcub-MSU1_014_000387.1	blastp	Homology to Phytophthora pseudosyringae predicted protein KAG7383943.1
Pcub-MSU1_014_000234.1	eggnog	ABC transporter transmembrane region
Pcub-MSU1_014_000235.1	unannotated	Hypothetical protein of unknown function
Pcub-MSU1_014_000236.1	blastp	Homology to Peronospora belbahrii predicted protein CAH0474866.1
Pcub-MSU1_014_000237.1	eggnog	mitotic sister chromatid cohesion
Pcub-MSU1_014_000386.1	blastp	Homology to Phytophthora cactorum predicted protein KAF1787739.1
Pcub-MSU1_014_000238.1	blastp	Homology to Peronospora destructor predicted protein CAI5746571.1
Pcub-MSU1_014_000385.1	unannotated	Hypothetical protein of unknown function
Pcub-MSU1_014_000384.1	blastp	Homology to Phytophthora cactorum predicted protein KAG2770943.1
Pcub-MSU1_014_000239.1	blastp	Homology to Peronospora destructor predicted protein CAI5746571.1
Pcub-MSU1_014_000383.1	unannotated	Hypothetical protein of unknown function
Pcub-MSU1_014_000240.1	blastp	Homology to Peronospora destructor predicted protein CAI5746571.1
Pcub-MSU1_014_000382.1	unannotated	Hypothetical protein of unknown function
Pcub-MSU1_014_000381.1	unannotated	Hypothetical protein of unknown function
Pcub-MSU1_014_000380.1	unannotated	Hypothetical protein of unknown function
Pcub-MSU1_014_000379.1	unannotated	Hypothetical protein of unknown function
Pcub-MSU1_014_000378.1	unannotated	Hypothetical protein of unknown function
Pcub-MSU1_014_000377.1	unannotated	Hypothetical protein of unknown function
Pcub-MSU1_014_000241.1	blastp	Homology to Peronospora destructor predicted protein CAI5746571.1
Pcub-MSU1_014_000376.1	eggnog	vesicle docking
Pcub-MSU1_014_000375.1	blastp	Homology to Phytophthora cactorum predicted protein KAG2770943.1
Pcub-MSU1_014_000374.1	unannotated	Hypothetical protein of unknown function
Pcub-MSU1_014_000373.1	unannotated	Hypothetical protein of unknown function
Pcub-MSU1_014_000242.1	blastp	Homology to Peronospora destructor predicted protein CAI5746571.1
Pcub-MSU1_014_000372.1	eggnog	vesicle docking
Pcub-MSU1_014_000371.1	blastp	Homology to Phytophthora cactorum predicted protein KAG2770943.1
Pcub-MSU1_014_000243.1	blastp	Homology to Peronospora destructor predicted protein CAI5746571.1
Pcub-MSU1_014_000370.1	unannotated	Hypothetical protein of unknown function
Pcub-MSU1_014_000244.1	unannotated	Hypothetical protein of unknown function
Pcub-MSU1_014_000369.1	unannotated	Hypothetical protein of unknown function
Pcub-MSU1_014_000245.1	blastp	Homology to Peronospora destructor predicted protein CAI5746571.1
Pcub-MSU1_014_000368.1	eggnog	vesicle docking
Pcub-MSU1_014_000367.1	blastp	Homology to Phytophthora cactorum predicted protein KAG2770943.1
Pcub-MSU1_014_000246.1	unannotated	Hypothetical protein of unknown function
Pcub-MSU1_014_000247.1	unannotated	Hypothetical protein of unknown function
Pcub-MSU1_014_000366.1	blastp	Homology to Peronospora destructor predicted protein CAI5746571.1
Pcub-MSU1_014_000248.1	eggnog	vesicle docking
Pcub-MSU1_014_000249.1	unannotated	Hypothetical protein of unknown function
Pcub-MSU1_014_000365.1	blastp	Homology to Peronospora destructor predicted protein CAI5746571.1
Pcub-MSU1_014_000364.1	unannotated	Hypothetical protein of unknown function
Pcub-MSU1_014_000250.1	unannotated	Hypothetical protein of unknown function
Pcub-MSU1_014_000363.1	unannotated	Hypothetical protein of unknown function
Pcub-MSU1_014_000251.1	eggnog	Conserved oligomeric complex COG6
Pcub-MSU1_014_000362.1	eggnog	Sperm tail
Pcub-MSU1_014_000361.1	eggnog	Axonemal dynein light chain
Pcub-MSU1_014_000360.1	eggnog	TAP42-like family
Pcub-MSU1_014_000252.1	unannotated	Hypothetical protein of unknown function
Pcub-MSU1_014_000359.1	blastp	Homology to Phytophthora ramorum predicted protein KAH7465987.1
Pcub-MSU1_014_000253.1	blastp	Homology to Phytophthora cactorum predicted protein RAW21982.1
Pcub-MSU1_014_000358.1	eggnog	Tetratricopeptide repeat
Pcub-MSU1_014_000357.1	blastp	Homology to Phytophthora lilii predicted protein GMF31680.1
Pcub-MSU1_014_000254.1	blastp	Homology to Phytophthora pseudosyringae predicted protein KAG7380498.1
Pcub-MSU1_014_000255.1	blastp	Homology to Peronosclerospora sorghi predicted protein KAI9912136.1
Pcub-MSU1_014_000356.1	eggnog	CorA-like Mg2+ transporter protein
Pcub-MSU1_014_000256.1	eggnog	Belongs to the imidazoleglycerol-phosphate dehydratase family
Pcub-MSU1_014_000355.1	eggnog	Elicitin
Pcub-MSU1_014_000257.1	eggnog	Elicitin
Pcub-MSU1_014_000354.1	eggnog	Zinc finger, C2H2 type
Pcub-MSU1_014_000353.1	eggnog	Zinc finger, C2H2 type
Pcub-MSU1_014_000258.1	eggnog	Inward rectifier potassium channel
Pcub-MSU1_014_000259.1	eggnog	Acyltransferase C-terminus
Pcub-MSU1_014_000260.1	interproscan	PTHR31585 domain-containing protein
Pcub-MSU1_014_000352.1	blastp	Homology to Phytophthora nicotianae predicted protein XP_008906743.1
Pcub-MSU1_014_000351.1	eggnog	Acyltransferase C-terminus
Pcub-MSU1_014_000350.1	interproscan	PTHR31585 domain-containing protein
Pcub-MSU1_014_000261.1	eggnog	Beta-glucan synthesis-associated protein (SKN1)
Pcub-MSU1_014_000349.1	eggnog	Beta-glucan synthesis-associated protein (SKN1)
Pcub-MSU1_014_000348.1	unannotated	Hypothetical protein of unknown function
Pcub-MSU1_014_000262.1	eggnog	Beta-glucan synthesis-associated protein (SKN1)
Pcub-MSU1_014_000263.1	eggnog	Beta-glucan synthesis-associated protein (SKN1)
Pcub-MSU1_014_000347.1	eggnog	ELMO/CED-12 family
Pcub-MSU1_014_000264.1	eggnog	Beta-glucan synthesis-associated protein (SKN1)
Pcub-MSU1_014_000265.1	eggnog	Beta-glucan synthesis-associated protein (SKN1)
Pcub-MSU1_014_000266.1	eggnog	Beta-glucan synthesis-associated protein (SKN1)
Pcub-MSU1_014_000346.1	eggnog	ELMO domain-containing protein
Pcub-MSU1_014_000345.1	eggnog	Beta-glucan synthesis-associated protein (SKN1)
Pcub-MSU1_014_000344.1	eggnog	Beta-glucan synthesis-associated protein (SKN1)
Pcub-MSU1_014_000267.1	eggnog	ELMO/CED-12 family
Pcub-MSU1_014_000343.1	eggnog	Beta-glucan synthesis-associated protein (SKN1)
Pcub-MSU1_014_000342.1	eggnog	Beta-glucan synthesis-associated protein (SKN1)
Pcub-MSU1_014_000268.1	eggnog	Peroxide stress protein YaaA
Pcub-MSU1_014_000341.1	eggnog	domain-containing protein
Pcub-MSU1_014_000269.1	eggnog	Nucleolar protein,Nop52
Pcub-MSU1_014_000270.1	eggnog	domain-containing protein
Pcub-MSU1_014_000340.1	unannotated	Hypothetical protein of unknown function
Pcub-MSU1_014_000271.1	interproscan	PTHR34737 domain-containing protein
Pcub-MSU1_014_000272.1	eggnog	BT1 family
Pcub-MSU1_014_000339.1	interproscan	PTHR31585 domain-containing protein
Pcub-MSU1_014_000338.1	eggnog	domain-containing protein
Pcub-MSU1_014_000273.1	eggnog	Putative DNA-binding domain in centromere protein B, mouse jerky and transposases
Pcub-MSU1_014_000274.1	eggnog	Lytic transglycolase
Pcub-MSU1_014_000337.1	eggnog	Lytic transglycolase
Pcub-MSU1_014_000275.1	blastp	Homology to Phytophthora cactorum predicted protein KAG2772294.1
Pcub-MSU1_014_000276.1	blastp	Homology to Phytophthora sojae predicted protein XP_009516392.1
Pcub-MSU1_014_000336.1	blastp	Homology to Phytophthora lilii predicted protein GMF18876.1
Pcub-MSU1_014_000335.1	blastp	Homology to Peronospora belbahrii predicted protein CAH0475996.1
Pcub-MSU1_014_000277.1	blastp	Homology to Phytophthora lilii predicted protein GMF34697.1
Pcub-MSU1_014_000278.1	blastp	Homology to Peronospora belbahrii predicted protein CAH0475996.1
Pcub-MSU1_014_000279.1	eggnog	BT1 family
Pcub-MSU1_014_000280.1	eggnog	Protein tyrosine kinase
Pcub-MSU1_014_000281.1	eggnog	Mannosyltransferase putative
Pcub-MSU1_014_000334.1	eggnog	Plasma-membrane choline transporter
Pcub-MSU1_014_000333.1	eggnog	Domain of unknown function (DUF4591)
Pcub-MSU1_014_000282.1	eggnog	Armadillo/beta-catenin-like repeats
Pcub-MSU1_014_000283.1	eggnog	Armadillo/beta-catenin-like repeats
Pcub-MSU1_014_000284.1	eggnog	Armadillo/beta-catenin-like repeats
Pcub-MSU1_014_000332.1	eggnog	Domain of unknown function (DUF4591)
Pcub-MSU1_014_000331.1	eggnog	Armadillo/beta-catenin-like repeats
Pcub-MSU1_014_000330.1	eggnog	Armadillo/beta-catenin-like repeats
Pcub-MSU1_014_000285.1	eggnog	WD domain, G-beta repeat
Pcub-MSU1_014_000329.1	eggnog	MatE
Pcub-MSU1_014_000286.1	eggnog	MatE
Pcub-MSU1_014_000328.1	eggnog	WD domain, G-beta repeat
Pcub-MSU1_014_000327.1	eggnog	MatE
Pcub-MSU1_014_000287.1	eggnog	Plasma-membrane choline transporter
Pcub-MSU1_014_000288.1	eggnog	FAD dependent oxidoreductase
Pcub-MSU1_014_000289.1	eggnog	Cyclin
Pcub-MSU1_014_000290.1	blastp	Homology to Peronospora farinosa predicted protein CAH0493561.1
Pcub-MSU1_014_000291.1	unannotated	Hypothetical protein of unknown function
Pcub-MSU1_014_000292.1	eggnog	Zinc finger C-x8-C-x5-C-x3-H type (and similar)
Pcub-MSU1_014_000326.1	blastp	Homology to Lagenidium giganteum predicted protein AOW41675.1
Pcub-MSU1_014_000293.1	eggnog	Source PGD
Pcub-MSU1_014_000294.1	eggnog	Source PGD
Pcub-MSU1_014_000295.1	eggnog	UAA transporter family
Pcub-MSU1_014_000325.1	eggnog	Belongs to the TRAFAC class myosin-kinesin ATPase superfamily
Pcub-MSU1_014_000296.1	unannotated	Hypothetical protein of unknown function
Pcub-MSU1_014_000324.1	eggnog	Domain in DAP-5, eIF4G, MA-3 and other proteins
Pcub-MSU1_014_000297.1	eggnog	domain-containing protein
Pcub-MSU1_014_000323.1	eggnog	Multicopper oxidase
Pcub-MSU1_014_000322.1	eggnog	Pyruvate:ferredoxin oxidoreductase core domain II
Pcub-MSU1_014_000321.1	eggnog	Maltose acetyltransferase
Pcub-MSU1_014_000298.1	eggnog	Pyruvate:ferredoxin oxidoreductase core domain II
Pcub-MSU1_014_000299.1	eggnog	Pyruvate:ferredoxin oxidoreductase core domain II
Pcub-MSU1_014_000300.1	unannotated	Hypothetical protein of unknown function
Pcub-MSU1_014_000301.1	eggnog	Multicopper oxidase
Pcub-MSU1_014_000320.1	eggnog	domain-containing protein
Pcub-MSU1_014_000302.1	eggnog	Domain in DAP-5, eIF4G, MA-3 and other proteins
Pcub-MSU1_014_000303.1	eggnog	Domain in DAP-5, eIF4G, MA-3 and other proteins
Pcub-MSU1_014_000304.1	eggnog	vWA found in TerF C terminus
Pcub-MSU1_014_000305.1	eggnog	Domain in DAP-5, eIF4G, MA-3 and other proteins
Pcub-MSU1_014_000319.1	unannotated	Hypothetical protein of unknown function
Pcub-MSU1_014_000318.1	eggnog	vWA found in TerF C terminus
Pcub-MSU1_014_000317.1	blastp	Homology to Phytophthora infestans predicted protein KAF4038492.1
Pcub-MSU1_014_000316.1	eggnog	domain-containing protein
Pcub-MSU1_014_000306.1	eggnog	Dynamitin
Pcub-MSU1_014_000307.1	eggnog	cilium movement
Pcub-MSU1_014_000315.1	eggnog	Pyruvate flavodoxin/ferredoxin oxidoreductase, thiamine diP-bdg
Pcub-MSU1_014_000314.1	eggnog	cilium movement
Pcub-MSU1_014_000308.1	eggnog	domain-containing protein
Pcub-MSU1_014_000313.1	eggnog	domain-containing protein
Pcub-MSU1_014_000312.1	blastp	Homology to Peronospora belbahrii predicted protein CAH0475974.1
Pcub-MSU1_014_000311.1	unannotated	Hypothetical protein of unknown function
Pcub-MSU1_014_000310.1	eggnog	Possible Fer4-like domain in RNase L inhibitor, RLI
Pcub-MSU1_014_000309.1	eggnog	domain-containing protein
Pcub-MSU1_015_000364.1	blastp	Homology to Phytophthora palmivora predicted protein POM67656.1
Pcub-MSU1_015_000001.1	blastp	Homology to Phytophthora palmivora predicted protein POM67656.1
Pcub-MSU1_015_000002.1	eggnog	WD domain, G-beta repeat
Pcub-MSU1_015_000003.1	blastp	Homology to Phytophthora pseudosyringae predicted protein KAG7377540.1
Pcub-MSU1_015_000363.1	blastp	Homology to Phytophthora infestans predicted protein KAF4037770.1
Pcub-MSU1_015_000004.1	blastp	Homology to Phytophthora cactorum predicted protein RAW26431.1
Pcub-MSU1_015_000362.1	eggnog	Suppressor-of-White-APricot splicing regulator
Pcub-MSU1_015_000361.1	eggnog	Proteasome subunit
Pcub-MSU1_015_000005.1	interproscan	PTHR13663 domain-containing protein
Pcub-MSU1_015_000360.1	eggnog	Signal peptidase subunit
Pcub-MSU1_015_000359.1	interproscan	PTHR40861 domain-containing protein
Pcub-MSU1_015_000006.1	blastp	Homology to Peronospora destructor predicted protein CAI5739874.1
Pcub-MSU1_015_000007.1	eggnog	domain-containing protein
Pcub-MSU1_015_000358.1	eggnog	Peptidase family M3
Pcub-MSU1_015_000357.1	eggnog	heat shock factor
Pcub-MSU1_015_000356.1	unannotated	Hypothetical protein of unknown function
Pcub-MSU1_015_000008.1	eggnog	Sas10/Utp3/C1D family
Pcub-MSU1_015_000009.1	eggnog	domain-containing protein
Pcub-MSU1_015_000355.1	eggnog	Sas10/Utp3/C1D family
Pcub-MSU1_015_000010.1	unannotated	Hypothetical protein of unknown function
Pcub-MSU1_015_000354.1	eggnog	Sas10/Utp3/C1D family
Pcub-MSU1_015_000011.1	blastp	Homology to Phytophthora infestans predicted protein XP_002895862.1
Pcub-MSU1_015_000353.1	eggnog	Sas10/Utp3/C1D family
Pcub-MSU1_015_000012.1	unannotated	Hypothetical protein of unknown function
Pcub-MSU1_015_000352.1	eggnog	domain-containing protein
Pcub-MSU1_015_000013.1	blastp	Homology to Phytophthora capsici predicted protein KAG1708132.1
Pcub-MSU1_015_000351.1	eggnog	domain-containing protein
Pcub-MSU1_015_000350.1	eggnog	glycerol channel activity
Pcub-MSU1_015_000349.1	interproscan	PTHR43241 domain-containing protein
Pcub-MSU1_015_000014.1	eggnog	Transmembrane Fragile-X-F protein
Pcub-MSU1_015_000348.1	eggnog	Elicitin
Pcub-MSU1_015_000347.1	eggnog	Transmembrane Fragile-X-F protein
Pcub-MSU1_015_000015.1	interproscan	PTHR43241 domain-containing protein
Pcub-MSU1_015_000016.1	eggnog	glycerol channel activity
Pcub-MSU1_015_000017.1	eggnog	domain-containing protein
Pcub-MSU1_015_000018.1	blastp	Homology to Phytophthora sojae predicted protein XP_009536787.1
Pcub-MSU1_015_000346.1	eggnog	Protein similar to CwfJ C-terminus 1
Pcub-MSU1_015_000019.1	blastp	Homology to Phytophthora cinnamomi predicted protein KAG6623076.1
Pcub-MSU1_015_000345.1	eggnog	Eukaryotic aspartyl protease
Pcub-MSU1_015_000020.1	eggnog	HAT (Half-A-TPR) repeat
Pcub-MSU1_015_000021.1	eggnog	Eukaryotic aspartyl protease
Pcub-MSU1_015_000022.1	eggnog	Common central domain of tyrosinase
Pcub-MSU1_015_000023.1	eggnog	Common central domain of tyrosinase
Pcub-MSU1_015_000024.1	interproscan	PTHR37558 domain-containing protein
Pcub-MSU1_015_000025.1	eggnog	DNA-dependent RNA polymerase catalyzes the transcription of DNA into RNA using the four ribonucleoside triphosphates as substrates
Pcub-MSU1_015_000344.1	eggnog	basic region leucin zipper
Pcub-MSU1_015_000343.1	eggnog	Common central domain of tyrosinase
Pcub-MSU1_015_000026.1	eggnog	Common central domain of tyrosinase
Pcub-MSU1_015_000342.1	eggnog	Common central domain of tyrosinase
Pcub-MSU1_015_000341.1	eggnog	Fibronectin type III domain-containing protein
Pcub-MSU1_015_000340.1	eggnog	Aminotransferase class-V
Pcub-MSU1_015_000027.1	eggnog	Amidohydrolase family
Pcub-MSU1_015_000339.1	eggnog	Protein of unknown function (DUF775)
Pcub-MSU1_015_000338.1	blastp	Homology to predicted protein KAH7509282.1
Pcub-MSU1_015_000337.1	blastp	Homology to Peronospora effusa predicted protein CAI5700641.1
Pcub-MSU1_015_000028.1	blastp	Homology to Phytophthora citrophthora predicted protein KAK1930444.1
Pcub-MSU1_015_000029.1	eggnog	Domain in Tre-2, BUB2p, and Cdc16p
Pcub-MSU1_015_000030.1	eggnog	domain-containing protein
Pcub-MSU1_015_000031.1	interproscan	PTHR37736 domain-containing protein
Pcub-MSU1_015_000032.1	eggnog	7,8-dihydro-6-hydroxymethylpterin-pyrophosphokinase (HPPK)
Pcub-MSU1_015_000033.1	interproscan	PTHR37473 domain-containing protein
Pcub-MSU1_015_000034.1	eggnog	domain-containing protein
Pcub-MSU1_015_000035.1	eggnog	angiogenesis
Pcub-MSU1_015_000336.1	eggnog	The RING-variant domain is a C4HC3 zinc-finger like motif found in a number of cellular and viral proteins
Pcub-MSU1_015_000036.1	eggnog	WD domain, G-beta repeat
Pcub-MSU1_015_000335.1	eggnog	Elongation factor G, domain IV
Pcub-MSU1_015_000334.1	eggnog	PLAC8 family
Pcub-MSU1_015_000037.1	eggnog	RPAP1-like, N-terminal
Pcub-MSU1_015_000333.1	interproscan	PTHR37563 domain-containing protein
Pcub-MSU1_015_000332.1	unannotated	Hypothetical protein of unknown function
Pcub-MSU1_015_000331.1	unannotated	Hypothetical protein of unknown function
Pcub-MSU1_015_000330.1	unannotated	Hypothetical protein of unknown function
Pcub-MSU1_015_000329.1	unannotated	Hypothetical protein of unknown function
Pcub-MSU1_015_000328.1	blastp	Homology to Phytophthora lilii predicted protein GMF27835.1
Pcub-MSU1_015_000327.1	blastp	Homology to Phytophthora citrophthora predicted protein KAK1930444.1
Pcub-MSU1_015_000326.1	eggnog	calcium ion binding
Pcub-MSU1_015_000325.1	eggnog	Targeting protein for Xklp2 (TPX2)
Pcub-MSU1_015_000038.1	eggnog	Inorganic pyrophosphatase
Pcub-MSU1_015_000039.1	eggnog	LicD family
Pcub-MSU1_015_000040.1	eggnog	Snapin/Pallidin
Pcub-MSU1_015_000324.1	eggnog	domain-containing protein
Pcub-MSU1_015_000323.1	eggnog	Common central domain of tyrosinase
Pcub-MSU1_015_000322.1	eggnog	Transmembrane amino acid transporter protein
Pcub-MSU1_015_000041.1	eggnog	domain-containing protein
Pcub-MSU1_015_000321.1	blastp	Homology to Peronospora farinosa predicted protein CAH0484461.1
Pcub-MSU1_015_000042.1	eggnog	Lipid-droplet associated hydrolase
Pcub-MSU1_015_000320.1	eggnog	Alpha/beta hydrolase family
Pcub-MSU1_015_000043.1	eggnog	Tetratricopeptide repeat
Pcub-MSU1_015_000044.1	eggnog	Tetratricopeptide repeat
Pcub-MSU1_015_000319.1	eggnog	regulation of early endosome to recycling endosome transport
Pcub-MSU1_015_000045.1	eggnog	calcium-transporting ATPase activity
Pcub-MSU1_015_000046.1	eggnog	domain-containing protein
Pcub-MSU1_015_000318.1	blastp	Homology to Phytophthora sojae predicted protein XP_009536960.1
Pcub-MSU1_015_000047.1	eggnog	domain-containing protein
Pcub-MSU1_015_000048.1	eggnog	purine-specific mismatch base pair DNA N-glycosylase activity
Pcub-MSU1_015_000317.1	interproscan	G3DSA:1.10.579.10 domain-containing protein
Pcub-MSU1_015_000049.1	blastp	Homology to Phytophthora lilii predicted protein GMF17080.1
Pcub-MSU1_015_000050.1	blastp	Homology to Phytophthora ramorum predicted protein KAH7464613.1
Pcub-MSU1_015_000051.1	eggnog	Protein tyrosine kinase
Pcub-MSU1_015_000052.1	blastp	Homology to Phytophthora pseudosyringae predicted protein KAG7376137.1
Pcub-MSU1_015_000316.1	eggnog	Protein kinase C conserved region 2 (CalB)
Pcub-MSU1_015_000053.1	eggnog	domain-containing protein
Pcub-MSU1_015_000054.1	eggnog	Belongs to the class I-like SAM-binding methyltransferase superfamily
Pcub-MSU1_015_000055.1	eggnog	Microtubule binding
Pcub-MSU1_015_000315.1	eggnog	domain-containing protein
Pcub-MSU1_015_000056.1	eggnog	domain-containing protein
Pcub-MSU1_015_000314.1	eggnog	ubiquitin protein ligase activity
Pcub-MSU1_015_000313.1	eggnog	C-terminal regulatory domain of Threonine dehydratase
Pcub-MSU1_015_000057.1	blastp	Homology to Phytophthora nicotianae predicted protein KUF84900.1
Pcub-MSU1_015_000312.1	eggnog	D123
Pcub-MSU1_015_000058.1	eggnog	Dynein light intermediate chain (DLIC)
Pcub-MSU1_015_000059.1	eggnog	Dynein light intermediate chain (DLIC)
Pcub-MSU1_015_000311.1	eggnog	The proteasome is a multicatalytic proteinase complex which is characterized by its ability to cleave peptides with Arg, Phe, Tyr, Leu, and Glu adjacent to the leaving group at neutral or slightly basic pH
Pcub-MSU1_015_000310.1	unannotated	Hypothetical protein of unknown function
Pcub-MSU1_015_000309.1	unannotated	Hypothetical protein of unknown function
Pcub-MSU1_015_000308.1	eggnog	transposition, RNA-mediated
Pcub-MSU1_015_000307.1	eggnog	Mono-functional DNA-alkylating methyl methanesulfonate N-term
Pcub-MSU1_015_000306.1	blastp	Homology to Peronospora destructor predicted protein CAI5739404.1
Pcub-MSU1_015_000060.1	eggnog	domain-containing protein
Pcub-MSU1_015_000305.1	eggnog	Staphylococcal nuclease homologues
Pcub-MSU1_015_000304.1	blastp	Homology to Phytophthora megakarya predicted protein OWZ23276.1
Pcub-MSU1_015_000061.1	eggnog	Lysine methyltransferase
Pcub-MSU1_015_000303.1	eggnog	domain-containing protein
Pcub-MSU1_015_000302.1	eggnog	domain-containing protein
Pcub-MSU1_015_000301.1	eggnog	domain-containing protein
Pcub-MSU1_015_000300.1	unannotated	Hypothetical protein of unknown function
Pcub-MSU1_015_000299.1	eggnog	Tubulin is the major constituent of microtubules
Pcub-MSU1_015_000062.1	eggnog	domain-containing protein
Pcub-MSU1_015_000063.1	eggnog	domain-containing protein
Pcub-MSU1_015_000298.1	eggnog	Polymer-forming cytoskeletal
Pcub-MSU1_015_000297.1	eggnog	Methyltransferase involved in Williams-Beuren syndrome
Pcub-MSU1_015_000296.1	eggnog	Glutamate-cysteine ligase
Pcub-MSU1_015_000295.1	eggnog	Protein of unknown function (DUF229)
Pcub-MSU1_015_000294.1	unannotated	Hypothetical protein of unknown function
Pcub-MSU1_015_000064.1	eggnog	Myosin. Large ATPases
Pcub-MSU1_015_000293.1	eggnog	Conserved mid region of cactin
Pcub-MSU1_015_000292.1	eggnog	Autophagy-related protein 11
Pcub-MSU1_015_000065.1	blastp	Homology to Phytophthora nicotianae predicted protein XP_008900830.1
Pcub-MSU1_015_000066.1	eggnog	Prokaryotic RING finger family 4
Pcub-MSU1_015_000291.1	eggnog	domain-containing protein
Pcub-MSU1_015_000290.1	eggnog	Prokaryotic RING finger family 4
Pcub-MSU1_015_000289.1	blastp	Homology to Phytophthora nicotianae predicted protein XP_008900830.1
Pcub-MSU1_015_000067.1	eggnog	domain-containing protein
Pcub-MSU1_015_000288.1	eggnog	Mediates the uptake of pyruvate into mitochondria
Pcub-MSU1_015_000068.1	eggnog	Ion channel
Pcub-MSU1_015_000069.1	eggnog	Protein of unknown function (DUF3228)
Pcub-MSU1_015_000287.1	eggnog	domain-containing protein
Pcub-MSU1_015_000070.1	eggnog	Protein tyrosine kinase
Pcub-MSU1_015_000071.1	eggnog	Protein tyrosine kinase
Pcub-MSU1_015_000072.1	interproscan	PTHR22091 domain-containing protein
Pcub-MSU1_015_000286.1	eggnog	domain-containing protein
Pcub-MSU1_015_000285.1	eggnog	chaperone cofactor-dependent protein refolding
Pcub-MSU1_015_000284.1	blastp	Homology to Phytophthora nicotianae predicted protein ETK93301.1
Pcub-MSU1_015_000283.1	eggnog	JmjC domain, hydroxylase
Pcub-MSU1_015_000282.1	eggnog	Tubulin is the major constituent of microtubules
Pcub-MSU1_015_000073.1	eggnog	Tubulin is the major constituent of microtubules
Pcub-MSU1_015_000074.1	eggnog	Snare region anchored in the vesicle membrane C-terminus
Pcub-MSU1_015_000281.1	eggnog	domain-containing protein
Pcub-MSU1_015_000280.1	interproscan	PTHR40515 domain-containing protein
Pcub-MSU1_015_000279.1	eggnog	Component of the Mediator complex, a coactivator involved in regulated transcription of nearly all RNA polymerase II-dependent genes
Pcub-MSU1_015_000278.1	eggnog	domain-containing protein
Pcub-MSU1_015_000075.1	eggnog	domain-containing protein
Pcub-MSU1_015_000076.1	eggnog	domain-containing protein
Pcub-MSU1_015_000077.1	eggnog	domain-containing protein
Pcub-MSU1_015_000078.1	blastp	Homology to Phytophthora fragariae predicted protein KAE8900515.1
Pcub-MSU1_015_000277.1	eggnog	Tubulin is the major constituent of microtubules
Pcub-MSU1_015_000079.1	eggnog	domain-containing protein
Pcub-MSU1_015_000080.1	blastp	Homology to Phytophthora fragariae predicted protein KAE8900515.1
Pcub-MSU1_015_000081.1	eggnog	domain-containing protein
Pcub-MSU1_015_000276.1	eggnog	domain-containing protein
Pcub-MSU1_015_000082.1	eggnog	Tubulin is the major constituent of microtubules
Pcub-MSU1_015_000275.1	blastp	Homology to Phytophthora fragariae predicted protein KAE8900515.1
Pcub-MSU1_015_000274.1	eggnog	domain-containing protein
Pcub-MSU1_015_000083.1	eggnog	Tubulin is the major constituent of microtubules
Pcub-MSU1_015_000273.1	blastp	Homology to Phytophthora fragariae predicted protein KAE8900515.1
Pcub-MSU1_015_000272.1	eggnog	domain-containing protein
Pcub-MSU1_015_000084.1	eggnog	Tubulin is the major constituent of microtubules
Pcub-MSU1_015_000271.1	blastp	Homology to Phytophthora fragariae predicted protein KAE8900515.1
Pcub-MSU1_015_000270.1	eggnog	domain-containing protein
Pcub-MSU1_015_000269.1	eggnog	domain-containing protein
Pcub-MSU1_015_000268.1	eggnog	domain-containing protein
Pcub-MSU1_015_000267.1	eggnog	domain-containing protein
Pcub-MSU1_015_000266.1	eggnog	domain-containing protein
Pcub-MSU1_015_000085.1	eggnog	Tubulin is the major constituent of microtubules
Pcub-MSU1_015_000265.1	blastp	Homology to Phytophthora fragariae predicted protein KAE8900515.1
Pcub-MSU1_015_000264.1	eggnog	domain-containing protein
Pcub-MSU1_015_000086.1	eggnog	Tubulin is the major constituent of microtubules
Pcub-MSU1_015_000263.1	blastp	Homology to Phytophthora fragariae predicted protein KAE8900515.1
Pcub-MSU1_015_000262.1	eggnog	domain-containing protein
Pcub-MSU1_015_000087.1	eggnog	Tubulin is the major constituent of microtubules
Pcub-MSU1_015_000261.1	blastp	Homology to Phytophthora fragariae predicted protein KAE8900515.1
Pcub-MSU1_015_000260.1	eggnog	domain-containing protein
Pcub-MSU1_015_000088.1	eggnog	Tubulin is the major constituent of microtubules
Pcub-MSU1_015_000259.1	blastp	Homology to Phytophthora fragariae predicted protein KAE8900515.1
Pcub-MSU1_015_000258.1	eggnog	domain-containing protein
Pcub-MSU1_015_000257.1	eggnog	Tubulin is the major constituent of microtubules
Pcub-MSU1_015_000089.1	eggnog	GMC oxidoreductase
Pcub-MSU1_015_000090.1	eggnog	Abscisic acid G-protein coupled receptor
Pcub-MSU1_015_000256.1	eggnog	snRNA-activating protein of 50kDa MW C terminal
Pcub-MSU1_015_000091.1	eggnog	domain-containing protein
Pcub-MSU1_015_000255.1	eggnog	Ankyrin repeats (3 copies)
Pcub-MSU1_015_000254.1	blastp	Homology to Phytophthora cactorum predicted protein KAG4032054.1
Pcub-MSU1_015_000253.1	blastp	Homology to Phytophthora ramorum predicted protein KAH7464710.1
Pcub-MSU1_015_000252.1	eggnog	Parkin co-regulated protein
Pcub-MSU1_015_000251.1	interproscan	PTHR12874 domain-containing protein
Pcub-MSU1_015_000250.1	eggnog	WD40 repeats
Pcub-MSU1_015_000249.1	eggnog	Alpha/beta hydrolase of unknown function (DUF900)
Pcub-MSU1_015_000248.1	eggnog	Alpha/beta hydrolase of unknown function (DUF900)
Pcub-MSU1_015_000092.1	eggnog	Fringe-like
Pcub-MSU1_015_000093.1	eggnog	Fringe-like
Pcub-MSU1_015_000247.1	blastp	Homology to Phytophthora cactorum predicted protein KAG4032054.1
Pcub-MSU1_015_000094.1	blastp	Homology to Phytophthora cactorum predicted protein KAG4032054.1
Pcub-MSU1_015_000095.1	eggnog	Exportin 1-like protein
Pcub-MSU1_015_000246.1	eggnog	PLAC8 family
Pcub-MSU1_015_000245.1	eggnog	PLAC8 family
Pcub-MSU1_015_000096.1	eggnog	Eukaryotic protein of unknown function (DUF842)
Pcub-MSU1_015_000244.1	eggnog	DHHC palmitoyltransferase
Pcub-MSU1_015_000243.1	eggnog	domain-containing protein
Pcub-MSU1_015_000242.1	eggnog	Protein tyrosine kinase
Pcub-MSU1_015_000097.1	blastp	Homology to Phytophthora megakarya predicted protein OWZ21762.1
Pcub-MSU1_015_000241.1	eggnog	Synaptobrevin
Pcub-MSU1_015_000098.1	eggnog	Polycystin cation channel
Pcub-MSU1_015_000099.1	eggnog	Protein tyrosine kinase
Pcub-MSU1_015_000100.1	eggnog	Pyrimidine 5'-nucleotidase (UMPH-1)
Pcub-MSU1_015_000101.1	eggnog	Chromodomain protein
Pcub-MSU1_015_000240.1	eggnog	CSN8/PSMD8/EIF3K family
Pcub-MSU1_015_000239.1	eggnog	Sulfatase
Pcub-MSU1_015_000102.1	interproscan	PTHR35512 domain-containing protein
Pcub-MSU1_015_000238.1	eggnog	CotH kinase protein
Pcub-MSU1_015_000237.1	blastp	Homology to Phytophthora pseudosyringae predicted protein KAG7386335.1
Pcub-MSU1_015_000103.1	eggnog	MazG-like family
Pcub-MSU1_015_000236.1	eggnog	Eukaryotic translation initiation factor 2 alpha subunit
Pcub-MSU1_015_000104.1	eggnog	Nuclear cap-binding protein subunit 3
Pcub-MSU1_015_000235.1	eggnog	domain-containing protein
Pcub-MSU1_015_000105.1	eggnog	domain-containing protein
Pcub-MSU1_015_000106.1	eggnog	26S proteasome subunit RPN7
Pcub-MSU1_015_000234.1	eggnog	Domains in hypothetical proteins in Drosophila, C
Pcub-MSU1_015_000107.1	unannotated	Hypothetical protein of unknown function
Pcub-MSU1_015_000108.1	eggnog	CotH kinase protein
Pcub-MSU1_015_000109.1	blastp	Homology to Phytophthora pseudosyringae predicted protein KAG7377900.1
Pcub-MSU1_015_000110.1	unannotated	Hypothetical protein of unknown function
Pcub-MSU1_015_000111.1	eggnog	Triose-phosphate Transporter family
Pcub-MSU1_015_000112.1	blastp	Homology to Phytophthora sojae predicted protein XP_009537263.1
Pcub-MSU1_015_000113.1	eggnog	WD domain, G-beta repeat
Pcub-MSU1_015_000233.1	eggnog	Triose-phosphate Transporter family
Pcub-MSU1_015_000114.1	eggnog	WD domain, G-beta repeat
Pcub-MSU1_015_000115.1	unannotated	Hypothetical protein of unknown function
Pcub-MSU1_015_000116.1	interproscan	PTHR28037 domain-containing protein
Pcub-MSU1_015_000117.1	eggnog	WD domain, G-beta repeat
Pcub-MSU1_015_000118.1	interproscan	PTHR28037 domain-containing protein
Pcub-MSU1_015_000119.1	interproscan	SSF81383 domain-containing protein
Pcub-MSU1_015_000232.1	interproscan	SSF81383 domain-containing protein
Pcub-MSU1_015_000231.1	eggnog	WD domain, G-beta repeat
Pcub-MSU1_015_000230.1	eggnog	WD domain, G-beta repeat
Pcub-MSU1_015_000120.1	blastp	Homology to Phytophthora megakarya predicted protein OWZ22914.1
Pcub-MSU1_015_000229.1	eggnog	Accessory subunit of the mitochondrial membrane respiratory chain NADH dehydrogenase (Complex I), that is believed not to be involved in catalysis
Pcub-MSU1_015_000228.1	eggnog	Belongs to the GST superfamily
Pcub-MSU1_015_000227.1	eggnog	domain-containing protein
Pcub-MSU1_015_000226.1	eggnog	Protein of unknown function (DUF1336)
Pcub-MSU1_015_000225.1	eggnog	Domain of unknown function (DUF4504)
Pcub-MSU1_015_000121.1	eggnog	CotH kinase protein
Pcub-MSU1_015_000224.1	eggnog	WD domain, G-beta repeat
Pcub-MSU1_015_000122.1	eggnog	Protein tyrosine kinase
Pcub-MSU1_015_000223.1	eggnog	domain-containing protein
Pcub-MSU1_015_000123.1	eggnog	Zinc finger, C3HC4 type (RING finger)
Pcub-MSU1_015_000222.1	eggnog	Zinc finger, C3HC4 type (RING finger)
Pcub-MSU1_015_000221.1	eggnog	Adds a myristoyl group to the N-terminal glycine residue of certain cellular proteins
Pcub-MSU1_015_000124.1	eggnog	Adds a myristoyl group to the N-terminal glycine residue of certain cellular proteins
Pcub-MSU1_015_000220.1	unannotated	Hypothetical protein of unknown function
Pcub-MSU1_015_000125.1	unannotated	Hypothetical protein of unknown function
Pcub-MSU1_015_000219.1	eggnog	domain-containing protein
Pcub-MSU1_015_000126.1	eggnog	domain-containing protein
Pcub-MSU1_015_000218.1	eggnog	translation initiation factor activity
Pcub-MSU1_015_000127.1	eggnog	Intraflagellar transport complex B protein 46 C terminal
Pcub-MSU1_015_000217.1	eggnog	Stretch-activated Ca2+-permeable channel component
Pcub-MSU1_015_000216.1	unannotated	Hypothetical protein of unknown function
Pcub-MSU1_015_000128.1	interproscan	PTHR34737 domain-containing protein
Pcub-MSU1_015_000215.1	interproscan	PTHR34737 domain-containing protein
Pcub-MSU1_015_000214.1	eggnog	STIMATE family
Pcub-MSU1_015_000213.1	eggnog	Protein tyrosine kinase
Pcub-MSU1_015_000129.1	eggnog	3' exoribonuclease family, domain 2
Pcub-MSU1_015_000130.1	blastp	Homology to Phytophthora idaei predicted protein KAG3234632.1
Pcub-MSU1_015_000131.1	unannotated	Hypothetical protein of unknown function
Pcub-MSU1_015_000212.1	interproscan	PTHR22925 domain-containing protein
Pcub-MSU1_015_000132.1	eggnog	Complex 1 protein (LYR family)
Pcub-MSU1_015_000133.1	interproscan	PTHR22925 domain-containing protein
Pcub-MSU1_015_000134.1	blastp	Homology to Phytophthora sojae;Phytophthora lilii predicted protein XP_009537389.1
Pcub-MSU1_015_000211.1	blastp	Homology to Phytophthora nicotianae predicted protein ETI53740.1
Pcub-MSU1_015_000135.1	unannotated	Hypothetical protein of unknown function
Pcub-MSU1_015_000136.1	eggnog	Control of topological states of DNA by transient breakage and subsequent rejoining of DNA strands
Pcub-MSU1_015_000210.1	eggnog	helicase activity
Pcub-MSU1_015_000209.1	interproscan	PTHR22796 domain-containing protein
Pcub-MSU1_015_000137.1	interproscan	PTHR22796 domain-containing protein
Pcub-MSU1_015_000208.1	eggnog	Domain with 2 conserved Trp (W) residues
Pcub-MSU1_015_000207.1	blastp	Homology to Peronospora effusa predicted protein CAI5716787.1
Pcub-MSU1_015_000206.1	unannotated	Hypothetical protein of unknown function
Pcub-MSU1_015_000138.1	eggnog	Domain with 2 conserved Trp (W) residues
Pcub-MSU1_015_000205.1	interproscan	PTHR31827 domain-containing protein
Pcub-MSU1_015_000139.1	blastp	Homology to Phytophthora nicotianae predicted protein KUF79874.1
Pcub-MSU1_015_000204.1	eggnog	Broad-Complex, Tramtrack and Bric a brac
Pcub-MSU1_015_000203.1	interproscan	PTHR31827 domain-containing protein
Pcub-MSU1_015_000140.1	interproscan	PTHR31827 domain-containing protein
Pcub-MSU1_015_000141.1	eggnog	Broad-Complex, Tramtrack and Bric a brac
Pcub-MSU1_015_000142.1	eggnog	Broad-Complex, Tramtrack and Bric a brac
Pcub-MSU1_015_000202.1	eggnog	domain-containing protein
Pcub-MSU1_015_000201.1	eggnog	domain-containing protein
Pcub-MSU1_015_000143.1	eggnog	TPR/MLP1/MLP2-like protein
Pcub-MSU1_015_000200.1	eggnog	FMN-dependent dehydrogenase
Pcub-MSU1_015_000144.1	interproscan	PTHR21213 domain-containing protein
Pcub-MSU1_015_000145.1	eggnog	domain-containing protein
Pcub-MSU1_015_000146.1	eggnog	Tctex-1 family
Pcub-MSU1_015_000199.1	interproscan	PTHR38899 domain-containing protein
Pcub-MSU1_015_000198.1	eggnog	FYVE zinc finger
Pcub-MSU1_015_000197.1	interproscan	PTHR18898 domain-containing protein
Pcub-MSU1_015_000147.1	eggnog	domain-containing protein
Pcub-MSU1_015_000196.1	eggnog	domain-containing protein
Pcub-MSU1_015_000148.1	eggnog	N-terminal region of Chorein or VPS13
Pcub-MSU1_015_000149.1	eggnog	DNA polymerase III, delta subunit
Pcub-MSU1_015_000150.1	eggnog	domain-containing protein
Pcub-MSU1_015_000195.1	eggnog	Carboxylesterase family
Pcub-MSU1_015_000194.1	eggnog	Glycosyltransferase (GlcNAc)
Pcub-MSU1_015_000151.1	eggnog	Glycosyltransferase (GlcNAc)
Pcub-MSU1_015_000152.1	eggnog	Carboxylesterase family
Pcub-MSU1_015_000193.1	eggnog	Glycosyltransferase (GlcNAc)
Pcub-MSU1_015_000153.1	eggnog	Chlorophyllase enzyme
Pcub-MSU1_015_000192.1	eggnog	Patched family
Pcub-MSU1_015_000154.1	eggnog	impB/mucB/samB family
Pcub-MSU1_015_000155.1	interproscan	PTHR31138 domain-containing protein
Pcub-MSU1_015_000191.1	eggnog	EF hand
Pcub-MSU1_015_000190.1	eggnog	domain-containing protein
Pcub-MSU1_015_000156.1	blastp	Homology to Phytophthora ramorum predicted protein KAH7459693.1
Pcub-MSU1_015_000189.1	eggnog	Lysine methyltransferase
Pcub-MSU1_015_000157.1	eggnog	Protein present in Fab1, YOTB, Vac1, and EEA1
Pcub-MSU1_015_000158.1	eggnog	Protein present in Fab1, YOTB, Vac1, and EEA1
Pcub-MSU1_015_000188.1	eggnog	Ankyrin repeat
Pcub-MSU1_015_000187.1	unannotated	Hypothetical protein of unknown function
Pcub-MSU1_015_000159.1	eggnog	Cation efflux family
Pcub-MSU1_015_000160.1	eggnog	function. Source PGD
Pcub-MSU1_015_000186.1	blastp	Homology to Pythium insidiosum predicted protein KAJ0389989.1
Pcub-MSU1_015_000161.1	eggnog	ATPase family associated with various cellular activities (AAA)
Pcub-MSU1_015_000185.1	eggnog	protein serine/threonine/tyrosine kinase activity
Pcub-MSU1_015_000184.1	eggnog	domain-containing protein
Pcub-MSU1_015_000183.1	eggnog	Carbon-nitrogen hydrolase
Pcub-MSU1_015_000182.1	eggnog	Proteasome complex subunit Rpn13 ubiquitin receptor
Pcub-MSU1_015_000181.1	eggnog	Proteasome complex subunit Rpn13 ubiquitin receptor
Pcub-MSU1_015_000162.1	eggnog	Carbon-nitrogen hydrolase
Pcub-MSU1_015_000180.1	unannotated	Hypothetical protein of unknown function
Pcub-MSU1_015_000179.1	unannotated	Hypothetical protein of unknown function
Pcub-MSU1_015_000163.1	eggnog	Proteasome complex subunit Rpn13 ubiquitin receptor
Pcub-MSU1_015_000164.1	eggnog	Proteasome complex subunit Rpn13 ubiquitin receptor
Pcub-MSU1_015_000178.1	blastp	Homology to Phytophthora ramorum predicted protein KAH7459710.1
Pcub-MSU1_015_000165.1	eggnog	ATPase activity, coupled to transmembrane movement of substances
Pcub-MSU1_015_000166.1	unannotated	Hypothetical protein of unknown function
Pcub-MSU1_015_000177.1	eggnog	RNA recognition motif
Pcub-MSU1_015_000167.1	eggnog	The ARF-like 2 binding protein BART
Pcub-MSU1_015_000176.1	eggnog	domain-containing protein
Pcub-MSU1_015_000175.1	eggnog	Rho (Ras homology) subfamily of Ras-like small GTPases
Pcub-MSU1_015_000174.1	eggnog	Biogenesis of lysosome-related organelles complex-1 subunit 2
Pcub-MSU1_015_000168.1	eggnog	PhoX homologous domain, present in p47phox and p40phox
Pcub-MSU1_015_000173.1	interproscan	SSF50729 domain-containing protein
Pcub-MSU1_015_000172.1	blastp	Homology to Peronospora destructor predicted protein CAI5721859.1
Pcub-MSU1_015_000169.1	interproscan	PTHR14944 domain-containing protein
Pcub-MSU1_015_000171.1	eggnog	Plays a complex role in regulating the basal catalytic activity of the alpha subunit
Pcub-MSU1_015_000170.1	eggnog	TIP41-like family
Pcub-MSU1_016_000486.1	blastp	Homology to Phytophthora pseudosyringae predicted protein KAG7389044.1
Pcub-MSU1_016_000485.1	eggnog	Late exocytosis, associated with Golgi transport
Pcub-MSU1_016_000484.1	eggnog	RNA-binding component of the eukaryotic translation initiation factor 3 (eIF-3) complex, which is involved in protein synthesis of a specialized repertoire of mRNAs and, together with other initiation factors, stimulates binding of mRNA and methionyl-tRNAi to the 40S ribosome
Pcub-MSU1_016_000483.1	eggnog	RPR
Pcub-MSU1_016_000482.1	blastp	Homology to Phytophthora aleatoria predicted protein KAG6955500.1
Pcub-MSU1_016_000001.1	interproscan	PTHR38909 domain-containing protein
Pcub-MSU1_016_000481.1	eggnog	Late exocytosis, associated with Golgi transport
Pcub-MSU1_016_000480.1	eggnog	Acyl CoA binding protein
Pcub-MSU1_016_000002.1	blastp	Homology to Phytophthora ramorum predicted protein KAH7463630.1
Pcub-MSU1_016_000003.1	eggnog	Amino acid permease
Pcub-MSU1_016_000004.1	eggnog	domain-containing protein
Pcub-MSU1_016_000005.1	eggnog	Uncharacterised protein family (UPF0121)
Pcub-MSU1_016_000479.1	interproscan	PTHR35213 domain-containing protein
Pcub-MSU1_016_000478.1	blastp	Homology to Peronospora effusa predicted protein UIZ24435.1
Pcub-MSU1_016_000006.1	eggnog	RNA recognition motif
Pcub-MSU1_016_000477.1	interproscan	PTHR38909 domain-containing protein
Pcub-MSU1_016_000007.1	eggnog	5-formyltetrahydrofolate cyclo-ligase family
Pcub-MSU1_016_000008.1	blastp	Homology to Phytophthora cinnamomi predicted protein KAG6574664.1
Pcub-MSU1_016_000476.1	interproscan	PTHR32123 domain-containing protein
Pcub-MSU1_016_000009.1	eggnog	domain-containing protein
Pcub-MSU1_016_000010.1	eggnog	Cytosolic domain of 10TM putative phosphate transporter
Pcub-MSU1_016_000011.1	blastp	Homology to Phytophthora ramorum predicted protein KAH7482161.1
Pcub-MSU1_016_000475.1	eggnog	Cytosolic domain of 10TM putative phosphate transporter
Pcub-MSU1_016_000474.1	blastp	Homology to Peronospora destructor predicted protein CAI5721098.1
Pcub-MSU1_016_000473.1	eggnog	domain-containing protein
Pcub-MSU1_016_000472.1	eggnog	The glycine cleavage system catalyzes the degradation of glycine
Pcub-MSU1_016_000012.1	blastp	Homology to predicted protein KAH7495624.1
Pcub-MSU1_016_000013.1	interproscan	PTHR19303 domain-containing protein
Pcub-MSU1_016_000014.1	blastp	Homology to Phytophthora cactorum predicted protein KAG2764468.1
Pcub-MSU1_016_000015.1	blastp	Homology to Phytophthora nicotianae predicted protein ETK83238.1
Pcub-MSU1_016_000016.1	blastp	Homology to Phytophthora pseudosyringae predicted protein KAG7390690.1
Pcub-MSU1_016_000017.1	eggnog	RxLR effector
Pcub-MSU1_016_000018.1	interproscan	PTHR31827 domain-containing protein
Pcub-MSU1_016_000019.1	eggnog	Uncharacterised protein family UPF0565
Pcub-MSU1_016_000471.1	unannotated	Hypothetical protein of unknown function
Pcub-MSU1_016_000470.1	unannotated	Hypothetical protein of unknown function
Pcub-MSU1_016_000020.1	eggnog	Uncharacterised protein family UPF0565
Pcub-MSU1_016_000021.1	eggnog	Uncharacterised protein family UPF0565
Pcub-MSU1_016_000022.1	unannotated	Hypothetical protein of unknown function
Pcub-MSU1_016_000023.1	interproscan	PTHR31827 domain-containing protein
Pcub-MSU1_016_000024.1	blastp	Homology to Phytophthora cactorum predicted protein KAG2978562.1
Pcub-MSU1_016_000025.1	eggnog	Uncharacterised protein family UPF0565
Pcub-MSU1_016_000026.1	eggnog	Cupin superfamily protein
Pcub-MSU1_016_000027.1	eggnog	Peptide methionine sulfoxide reductase
Pcub-MSU1_016_000469.1	eggnog	Uncharacterised protein family UPF0565
Pcub-MSU1_016_000468.1	eggnog	Uncharacterised protein family UPF0565
Pcub-MSU1_016_000467.1	unannotated	Hypothetical protein of unknown function
Pcub-MSU1_016_000466.1	eggnog	RxLR effector
Pcub-MSU1_016_000465.1	eggnog	Uncharacterised protein family UPF0565
Pcub-MSU1_016_000028.1	blastp	Homology to Phytophthora ramorum predicted protein KAH7487634.1
Pcub-MSU1_016_000464.1	eggnog	Peptide methionine sulfoxide reductase
Pcub-MSU1_016_000463.1	eggnog	Cupin superfamily protein
Pcub-MSU1_016_000029.1	blastp	Homology to Peronospora effusa predicted protein RMX64485.1
Pcub-MSU1_016_000462.1	eggnog	Leucine Rich repeat
Pcub-MSU1_016_000461.1	eggnog	domain-containing protein
Pcub-MSU1_016_000460.1	blastp	Homology to Peronospora belbahrii predicted protein CAH0474073.1
Pcub-MSU1_016_000459.1	eggnog	Sec1 family
Pcub-MSU1_016_000030.1	eggnog	DNA primase is the polymerase that synthesizes small RNA primers for the Okazaki fragments made during discontinuous DNA replication
Pcub-MSU1_016_000031.1	eggnog	outer dynein arm assembly
Pcub-MSU1_016_000458.1	eggnog	domain-containing protein
Pcub-MSU1_016_000032.1	eggnog	Complex 1 protein (LYR family)
Pcub-MSU1_016_000457.1	blastp	Homology to Phytophthora megakarya predicted protein OWZ15852.1
Pcub-MSU1_016_000033.1	eggnog	Belongs to the protein-tyrosine phosphatase family
Pcub-MSU1_016_000456.1	eggnog	domain-containing protein
Pcub-MSU1_016_000034.1	eggnog	Rhomboid family
Pcub-MSU1_016_000455.1	eggnog	Proteasome subunit A N-terminal signature Add an annotation
Pcub-MSU1_016_000035.1	eggnog	DHHC palmitoyltransferase
Pcub-MSU1_016_000454.1	eggnog	Belongs to the protein kinase superfamily
Pcub-MSU1_016_000036.1	interproscan	PTHR13510 domain-containing protein
Pcub-MSU1_016_000453.1	eggnog	Cytochrome P450
Pcub-MSU1_016_000037.1	eggnog	Cytochrome P450
Pcub-MSU1_016_000452.1	interproscan	PTHR13510 domain-containing protein
Pcub-MSU1_016_000038.1	eggnog	Leucine Rich repeat
Pcub-MSU1_016_000451.1	eggnog	ABC transporter transmembrane region
Pcub-MSU1_016_000450.1	eggnog	Ribosomal RNA adenine dimethylase
Pcub-MSU1_016_000449.1	eggnog	Binds to single and double-stranded DNA and exhibits DNA-dependent ATPase activity
Pcub-MSU1_016_000039.1	blastp	Homology to Phytophthora cinnamomi predicted protein KAJ8569087.1
Pcub-MSU1_016_000040.1	eggnog	Rab guanyl-nucleotide exchange factor activity
Pcub-MSU1_016_000448.1	eggnog	SNARE associated Golgi protein
Pcub-MSU1_016_000447.1	eggnog	MFS/sugar transport protein
Pcub-MSU1_016_000041.1	blastp	Homology to Phytophthora fragariae predicted protein KAE8901050.1
Pcub-MSU1_016_000042.1	eggnog	Protein tyrosine kinase
Pcub-MSU1_016_000446.1	blastp	Homology to Phytophthora palmivora predicted protein POM74551.1
Pcub-MSU1_016_000043.1	eggnog	SNARE associated Golgi protein
Pcub-MSU1_016_000044.1	eggnog	SNARE associated Golgi protein
Pcub-MSU1_016_000045.1	eggnog	Domain in Tre-2, BUB2p, and Cdc16p
Pcub-MSU1_016_000445.1	eggnog	Transmembrane protein 223
Pcub-MSU1_016_000444.1	eggnog	SNARE associated Golgi protein
Pcub-MSU1_016_000443.1	eggnog	SNARE associated Golgi protein
Pcub-MSU1_016_000046.1	eggnog	Transmembrane protein 223
Pcub-MSU1_016_000047.1	eggnog	Transmembrane protein 223
Pcub-MSU1_016_000442.1	eggnog	Domain in Tre-2, BUB2p, and Cdc16p
Pcub-MSU1_016_000441.1	eggnog	domain-containing protein
Pcub-MSU1_016_000440.1	eggnog	component of the eukaryotic translation initiation factor 3 (eIF-3) complex, which is involved in protein synthesis of a specialized repertoire of mRNAs and, together with other initiation factors, stimulates binding of mRNA and methionyl-tRNAi to the 40S ribosome
Pcub-MSU1_016_000048.1	eggnog	DDRGK
Pcub-MSU1_016_000439.1	eggnog	epithelial cilium movement involved in determination of left/right asymmetry
Pcub-MSU1_016_000049.1	eggnog	DSHCT
Pcub-MSU1_016_000438.1	eggnog	10-hydroxy-9-(phosphonooxy)octadecanoate phosphatase activity
Pcub-MSU1_016_000050.1	eggnog	function. Source PGD
Pcub-MSU1_016_000437.1	blastp	Homology to Phytophthora pseudosyringae predicted protein KAG7390627.1
Pcub-MSU1_016_000051.1	eggnog	domain-containing protein
Pcub-MSU1_016_000436.1	eggnog	domain-containing protein
Pcub-MSU1_016_000052.1	blastp	Homology to Phytophthora sojae predicted protein XP_009525291.1
Pcub-MSU1_016_000435.1	eggnog	function. Source PGD
Pcub-MSU1_016_000053.1	eggnog	Zinc finger, C3HC4 type (RING finger)
Pcub-MSU1_016_000054.1	eggnog	ubiquitin-protein transferase activity
Pcub-MSU1_016_000434.1	blastp	Homology to Phytophthora megakarya predicted protein OWZ15162.1
Pcub-MSU1_016_000055.1	blastp	Homology to Phytophthora megakarya predicted protein OWZ15162.1
Pcub-MSU1_016_000056.1	eggnog	Dynein heavy chain, N-terminal region 1
Pcub-MSU1_016_000057.1	blastp	Homology to Phytophthora fragariae predicted protein KAE8901137.1
Pcub-MSU1_016_000058.1	eggnog	Protein tyrosine kinase
Pcub-MSU1_016_000059.1	eggnog	acetylation-dependent protein binding
Pcub-MSU1_016_000060.1	eggnog	P-loop containing dynein motor region D4
Pcub-MSU1_016_000433.1	blastp	Homology to Peronospora destructor predicted protein CAI5721199.1
Pcub-MSU1_016_000432.1	eggnog	alkylated DNA binding
Pcub-MSU1_016_000431.1	eggnog	vacuolar proton-transporting V-type ATPase complex assembly
Pcub-MSU1_016_000061.1	eggnog	Sigma factor PP2C-like phosphatases
Pcub-MSU1_016_000430.1	blastp	Homology to Phytophthora pseudosyringae predicted protein KAG7388353.1
Pcub-MSU1_016_000062.1	eggnog	peptide alpha-N-acetyltransferase activity (CSRP2BP)
Pcub-MSU1_016_000429.1	eggnog	non-haem dioxygenase in morphine synthesis N-terminal
Pcub-MSU1_016_000063.1	eggnog	domain-containing protein
Pcub-MSU1_016_000428.1	blastp	Homology to Peronospora farinosa;Peronospora effusa predicted protein RMX69010.1
Pcub-MSU1_016_000427.1	interproscan	PTHR46753 domain-containing protein
Pcub-MSU1_016_000426.1	eggnog	biological adhesion
Pcub-MSU1_016_000425.1	eggnog	Common central domain of tyrosinase
Pcub-MSU1_016_000424.1	eggnog	ABC transporter
Pcub-MSU1_016_000423.1	eggnog	RWD
Pcub-MSU1_016_000422.1	eggnog	Uncharacterized conserved protein (DUF2181)
Pcub-MSU1_016_000064.1	eggnog	Elicitin
Pcub-MSU1_016_000065.1	eggnog	RWD
Pcub-MSU1_016_000066.1	eggnog	ABC transporter
Pcub-MSU1_016_000067.1	eggnog	domain-containing protein
Pcub-MSU1_016_000421.1	interproscan	G3DSA:3.80.10.10 domain-containing protein
Pcub-MSU1_016_000420.1	blastp	Homology to Peronospora farinosa predicted protein CAH0486797.1
Pcub-MSU1_016_000419.1	eggnog	DNA Polymerase alpha zinc finger
Pcub-MSU1_016_000068.1	eggnog	Belongs to the ubiquitin-conjugating enzyme family
Pcub-MSU1_016_000069.1	eggnog	Belongs to the ubiquitin-conjugating enzyme family
Pcub-MSU1_016_000070.1	eggnog	Mpv17 / PMP22 family
Pcub-MSU1_016_000071.1	eggnog	Nrap protein domain 6
Pcub-MSU1_016_000072.1	eggnog	lipid binding
Pcub-MSU1_016_000418.1	interproscan	G3DSA:1.25.40.10 domain-containing protein
Pcub-MSU1_016_000073.1	eggnog	Ubiquitin-conjugating enzyme E2, catalytic domain homologues
Pcub-MSU1_016_000417.1	eggnog	positive regulation of neurotrophin TRK receptor signaling pathway
Pcub-MSU1_016_000074.1	eggnog	TB2/DP1, HVA22 family
Pcub-MSU1_016_000416.1	eggnog	Ubiquitin-conjugating enzyme E2, catalytic domain homologues
Pcub-MSU1_016_000075.1	blastp	Homology to Phytophthora aleatoria predicted protein KAG6948055.1
Pcub-MSU1_016_000415.1	unannotated	Hypothetical protein of unknown function
Pcub-MSU1_016_000076.1	eggnog	GPI transamidase subunit PIG-U
Pcub-MSU1_016_000414.1	blastp	Homology to Peronospora belbahrii predicted protein CAH0474144.1
Pcub-MSU1_016_000077.1	blastp	Homology to Peronospora belbahrii predicted protein CAH0474144.1
Pcub-MSU1_016_000413.1	blastp	Homology to Phytophthora nicotianae predicted protein ETO64275.1
Pcub-MSU1_016_000078.1	eggnog	Mini-chromosome maintenance replisome factor
Pcub-MSU1_016_000412.1	eggnog	domain-containing protein
Pcub-MSU1_016_000411.1	blastp	Homology to Phytophthora nicotianae predicted protein ETO64275.1
Pcub-MSU1_016_000410.1	eggnog	Kazal type serine protease inhibitors
Pcub-MSU1_016_000409.1	blastp	Homology to Phytophthora cactorum predicted protein KAG4239684.1
Pcub-MSU1_016_000079.1	blastp	Homology to Peronospora effusa predicted protein RMX69179.1
Pcub-MSU1_016_000408.1	eggnog	Sigma factor PP2C-like phosphatases
Pcub-MSU1_016_000080.1	eggnog	RNA pol II accessory factor, Cdc73 family, C-terminal
Pcub-MSU1_016_000081.1	eggnog	domain-containing protein
Pcub-MSU1_016_000407.1	eggnog	Anticodon-binding domain of tRNA
Pcub-MSU1_016_000406.1	unannotated	Hypothetical protein of unknown function
Pcub-MSU1_016_000082.1	eggnog	Cyclophilin type peptidyl-prolyl cis-trans isomerase/CLD
Pcub-MSU1_016_000405.1	unannotated	Hypothetical protein of unknown function
Pcub-MSU1_016_000404.1	eggnog	polyketide biosynthetic process
Pcub-MSU1_016_000083.1	eggnog	Cyclophilin type peptidyl-prolyl cis-trans isomerase/CLD
Pcub-MSU1_016_000084.1	blastp	Homology to Peronospora effusa predicted protein RQM17914.1
Pcub-MSU1_016_000403.1	eggnog	domain-containing protein
Pcub-MSU1_016_000402.1	interproscan	PTHR31827 domain-containing protein
Pcub-MSU1_016_000401.1	interproscan	PTHR14633 domain-containing protein
Pcub-MSU1_016_000085.1	eggnog	DNA-dependent RNA polymerase catalyzes the transcription of DNA into RNA using the four ribonucleoside triphosphates as substrates
Pcub-MSU1_016_000086.1	blastp	Homology to Phytophthora idaei predicted protein KAG3053845.1
Pcub-MSU1_016_000400.1	blastp	Homology to Peronospora belbahrii predicted protein CAH0514894.1
Pcub-MSU1_016_000087.1	unannotated	Hypothetical protein of unknown function
Pcub-MSU1_016_000088.1	eggnog	Armadillo/beta-catenin-like repeats
Pcub-MSU1_016_000089.1	unannotated	Hypothetical protein of unknown function
Pcub-MSU1_016_000399.1	blastp	Homology to Phytophthora idaei predicted protein KAG3093777.1
Pcub-MSU1_016_000090.1	eggnog	Armadillo/beta-catenin-like repeats
Pcub-MSU1_016_000398.1	eggnog	zinc finger
Pcub-MSU1_016_000397.1	blastp	Homology to Phytophthora nicotianae predicted protein XP_008915650.1
Pcub-MSU1_016_000091.1	blastp	Homology to Peronospora belbahrii predicted protein CAH0474196.1
Pcub-MSU1_016_000396.1	unannotated	Hypothetical protein of unknown function
Pcub-MSU1_016_000395.1	eggnog	TFIIE alpha subunit
Pcub-MSU1_016_000394.1	unannotated	Hypothetical protein of unknown function
Pcub-MSU1_016_000092.1	interproscan	PTHR31585 domain-containing protein
Pcub-MSU1_016_000093.1	eggnog	domain-containing protein
Pcub-MSU1_016_000094.1	eggnog	Meiosis-expressed
Pcub-MSU1_016_000393.1	eggnog	FK506 binding
Pcub-MSU1_016_000392.1	eggnog	FACT complex subunit (SPT16/CDC68)
Pcub-MSU1_016_000095.1	eggnog	Domain present in PSD-95, Dlg, and ZO-1/2
Pcub-MSU1_016_000391.1	eggnog	Organic solute transporter Ostalpha
Pcub-MSU1_016_000096.1	eggnog	zinc finger
Pcub-MSU1_016_000390.1	eggnog	Armadillo/beta-catenin-like repeats
Pcub-MSU1_016_000097.1	blastp	Homology to Phytophthora idaei predicted protein KAG3093777.1
Pcub-MSU1_016_000389.1	unannotated	Hypothetical protein of unknown function
Pcub-MSU1_016_000388.1	unannotated	Hypothetical protein of unknown function
Pcub-MSU1_016_000387.1	eggnog	Armadillo/beta-catenin-like repeats
Pcub-MSU1_016_000386.1	eggnog	Armadillo/beta-catenin-like repeats
Pcub-MSU1_016_000098.1	blastp	Homology to Phytophthora idaei predicted protein KAG3093777.1
Pcub-MSU1_016_000385.1	unannotated	Hypothetical protein of unknown function
Pcub-MSU1_016_000099.1	eggnog	SAC3/GANP family
Pcub-MSU1_016_000384.1	eggnog	Domain of unknown function (DUF3546)
Pcub-MSU1_016_000383.1	eggnog	Gcd10p family
Pcub-MSU1_016_000382.1	blastp	Homology to Phytophthora lilii predicted protein GMF11936.1
Pcub-MSU1_016_000100.1	eggnog	Leucine Rich repeat
Pcub-MSU1_016_000381.1	eggnog	Peptidase M76 family
Pcub-MSU1_016_000380.1	eggnog	Peptidase M76 family
Pcub-MSU1_016_000101.1	eggnog	Peptidase M76 family
Pcub-MSU1_016_000102.1	eggnog	Peptidase family M13
Pcub-MSU1_016_000103.1	eggnog	Peptidase M76 family
Pcub-MSU1_016_000379.1	unannotated	Hypothetical protein of unknown function
Pcub-MSU1_016_000104.1	eggnog	Peptidase family M13
Pcub-MSU1_016_000105.1	eggnog	Belongs to the TRAFAC class myosin-kinesin ATPase superfamily
Pcub-MSU1_016_000378.1	eggnog	Belongs to the TRAFAC class myosin-kinesin ATPase superfamily
Pcub-MSU1_016_000106.1	eggnog	Fringe-like
Pcub-MSU1_016_000377.1	eggnog	Putative adhesin
Pcub-MSU1_016_000107.1	eggnog	domain-containing protein
Pcub-MSU1_016_000108.1	eggnog	domain-containing protein
Pcub-MSU1_016_000376.1	eggnog	tRNA (Uracil-5-)-methyltransferase
Pcub-MSU1_016_000109.1	eggnog	domain-containing protein
Pcub-MSU1_016_000110.1	eggnog	Ankyrin repeats (many copies)
Pcub-MSU1_016_000375.1	eggnog	Phosphate acyltransferases
Pcub-MSU1_016_000111.1	eggnog	ABC1 family
Pcub-MSU1_016_000112.1	eggnog	domain-containing protein
Pcub-MSU1_016_000374.1	eggnog	WD40 repeats
Pcub-MSU1_016_000373.1	eggnog	CHY zinc finger
Pcub-MSU1_016_000372.1	unannotated	Hypothetical protein of unknown function
Pcub-MSU1_016_000371.1	interproscan	G3DSA:1.25.40.10 domain-containing protein
Pcub-MSU1_016_000113.1	eggnog	Cys/Met metabolism PLP-dependent enzyme
Pcub-MSU1_016_000370.1	eggnog	Sel1-like repeats
Pcub-MSU1_016_000114.1	eggnog	Tetraspanin family
Pcub-MSU1_016_000115.1	interproscan	G3DSA:1.25.10.10 domain-containing protein
Pcub-MSU1_016_000116.1	blastp	Homology to Phytophthora fragariaefolia predicted protein GMF53205.1
Pcub-MSU1_016_000369.1	eggnog	spectrin binding
Pcub-MSU1_016_000117.1	eggnog	IQ calmodulin-binding motif
Pcub-MSU1_016_000368.1	eggnog	LNS2
Pcub-MSU1_016_000367.1	eggnog	Lecithin retinol acyltransferase
Pcub-MSU1_016_000118.1	eggnog	The coatomer is a cytosolic protein complex that binds to dilysine motifs and reversibly associates with Golgi non- clathrin-coated vesicles, which further mediate biosynthetic protein transport from the ER, via the Golgi up to the trans Golgi network
Pcub-MSU1_016_000366.1	eggnog	Functions as component of the Arp2 3 complex which is involved in regulation of actin polymerization and together with an activating nucleation-promoting factor (NPF) mediates the formation of branched actin networks
Pcub-MSU1_016_000119.1	eggnog	Zinc finger, C3HC4 type (RING finger)
Pcub-MSU1_016_000120.1	eggnog	Diacylglycerol acyltransferase
Pcub-MSU1_016_000365.1	eggnog	Zinc finger, C3HC4 type (RING finger)
Pcub-MSU1_016_000121.1	eggnog	Functions as component of the Arp2 3 complex which is involved in regulation of actin polymerization and together with an activating nucleation-promoting factor (NPF) mediates the formation of branched actin networks
Pcub-MSU1_016_000364.1	eggnog	The coatomer is a cytosolic protein complex that binds to dilysine motifs and reversibly associates with Golgi non- clathrin-coated vesicles, which further mediate biosynthetic protein transport from the ER, via the Golgi up to the trans Golgi network
Pcub-MSU1_016_000122.1	eggnog	Lecithin retinol acyltransferase
Pcub-MSU1_016_000123.1	eggnog	Lecithin retinol acyltransferase
Pcub-MSU1_016_000124.1	eggnog	LNS2
Pcub-MSU1_016_000125.1	interproscan	PTHR34403 domain-containing protein
Pcub-MSU1_016_000363.1	unannotated	Hypothetical protein of unknown function
Pcub-MSU1_016_000126.1	eggnog	Belongs to the TRAFAC class myosin-kinesin ATPase superfamily
Pcub-MSU1_016_000127.1	eggnog	Ankyrin repeat
Pcub-MSU1_016_000362.1	eggnog	domain-containing protein
Pcub-MSU1_016_000128.1	blastp	Homology to Peronospora effusa predicted protein UIZ24415.1
Pcub-MSU1_016_000361.1	blastp	Homology to Phytophthora palmivora predicted protein POM68260.1
Pcub-MSU1_016_000129.1	eggnog	Leo1-like protein
Pcub-MSU1_016_000360.1	eggnog	spectrin binding
Pcub-MSU1_016_000359.1	eggnog	EXOIII
Pcub-MSU1_016_000130.1	eggnog	Protein tyrosine kinase
Pcub-MSU1_016_000358.1	eggnog	domain-containing protein
Pcub-MSU1_016_000357.1	eggnog	Protein tyrosine kinase
Pcub-MSU1_016_000131.1	eggnog	Regulator of chromosome condensation (RCC1) repeat
Pcub-MSU1_016_000132.1	eggnog	Tetraspanin family
Pcub-MSU1_016_000133.1	blastp	Homology to Phytophthora infestans predicted protein XP_002903862.1
Pcub-MSU1_016_000356.1	blastp	Homology to Phytophthora infestans predicted protein XP_002903864.1
Pcub-MSU1_016_000355.1	unannotated	Hypothetical protein of unknown function
Pcub-MSU1_016_000354.1	unannotated	Hypothetical protein of unknown function
Pcub-MSU1_016_000353.1	eggnog	function. Source PGD
Pcub-MSU1_016_000352.1	eggnog	function. Source PGD
Pcub-MSU1_016_000351.1	eggnog	RNA pseudouridylate synthase
Pcub-MSU1_016_000350.1	eggnog	domain-containing protein
Pcub-MSU1_016_000349.1	eggnog	positive regulation of actin nucleation
Pcub-MSU1_016_000348.1	eggnog	heme binding (CYB5D1)
Pcub-MSU1_016_000347.1	unannotated	Hypothetical protein of unknown function
Pcub-MSU1_016_000134.1	eggnog	guanyl-nucleotide exchange factor activity
Pcub-MSU1_016_000346.1	blastp	Homology to Peronospora farinosa predicted protein CAI5734958.1
Pcub-MSU1_016_000345.1	eggnog	NUBPL iron-transfer P-loop NTPase
Pcub-MSU1_016_000135.1	interproscan	PTHR36033 domain-containing protein
Pcub-MSU1_016_000136.1	interproscan	PTHR13297 domain-containing protein
Pcub-MSU1_016_000344.1	eggnog	Ubiquitin family
Pcub-MSU1_016_000137.1	eggnog	EamA-like transporter family
Pcub-MSU1_016_000138.1	blastp	Homology to Phytophthora pseudosyringae predicted protein KAG7382841.1
Pcub-MSU1_016_000139.1	eggnog	interleukin-8 biosynthetic process
Pcub-MSU1_016_000140.1	unannotated	Hypothetical protein of unknown function
Pcub-MSU1_016_000343.1	unannotated	Hypothetical protein of unknown function
Pcub-MSU1_016_000342.1	eggnog	Putative death-receptor fusion protein (DUF2428)
Pcub-MSU1_016_000141.1	blastp	Homology to Peronospora farinosa predicted protein CAI5734988.1
Pcub-MSU1_016_000142.1	blastp	Homology to Phytophthora idaei predicted protein KAG3103564.1
Pcub-MSU1_016_000143.1	eggnog	Domain of unknown function (DUF4203)
Pcub-MSU1_016_000144.1	eggnog	Belongs to the complex I LYR family
Pcub-MSU1_016_000145.1	unannotated	Hypothetical protein of unknown function
Pcub-MSU1_016_000146.1	blastp	Homology to Phytophthora ramorum predicted protein KAH7462674.1
Pcub-MSU1_016_000341.1	blastp	Homology to Phytophthora palmivora predicted protein POM68063.1
Pcub-MSU1_016_000340.1	blastp	Homology to Peronospora destructor predicted protein CAI5742973.1
Pcub-MSU1_016_000339.1	unannotated	Hypothetical protein of unknown function
Pcub-MSU1_016_000338.1	blastp	Homology to Peronospora destructor predicted protein CAI5742973.1
Pcub-MSU1_016_000337.1	eggnog	Sodium:solute symporter family
Pcub-MSU1_016_000336.1	blastp	Homology to Peronospora belbahrii predicted protein CAH0473846.1
Pcub-MSU1_016_000335.1	eggnog	EF-hand, calcium binding motif
Pcub-MSU1_016_000147.1	blastp	Homology to Phytophthora rubi predicted protein KAE9037523.1
Pcub-MSU1_016_000334.1	blastp	Homology to Phytophthora rubi predicted protein KAE9037523.1
Pcub-MSU1_016_000148.1	eggnog	EF-hand, calcium binding motif
Pcub-MSU1_016_000149.1	blastp	Homology to Peronospora belbahrii predicted protein CAH0473846.1
Pcub-MSU1_016_000150.1	eggnog	Sodium:solute symporter family
Pcub-MSU1_016_000151.1	blastp	Homology to Peronospora destructor predicted protein CAI5742973.1
Pcub-MSU1_016_000152.1	blastp	Homology to Peronospora destructor predicted protein CAI5742973.1
Pcub-MSU1_016_000153.1	blastp	Homology to Peronospora destructor predicted protein CAI5742973.1
Pcub-MSU1_016_000154.1	unannotated	Hypothetical protein of unknown function
Pcub-MSU1_016_000155.1	blastp	Homology to Peronospora destructor predicted protein CAI5742973.1
Pcub-MSU1_016_000156.1	blastp	Homology to Peronospora effusa predicted protein CAI5700955.1
Pcub-MSU1_016_000157.1	blastp	Homology to Peronospora effusa predicted protein CAI5700955.1
Pcub-MSU1_016_000158.1	blastp	Homology to Phytophthora palmivora predicted protein POM68063.1
Pcub-MSU1_016_000333.1	blastp	Homology to Phytophthora fragariae predicted protein KAE8909211.1
Pcub-MSU1_016_000159.1	eggnog	domain-containing protein
Pcub-MSU1_016_000332.1	eggnog	Ribosomal protein L33
Pcub-MSU1_016_000160.1	eggnog	Protein tyrosine kinase
Pcub-MSU1_016_000331.1	blastp	Homology to Phytophthora pseudosyringae predicted protein KAG7375564.1
Pcub-MSU1_016_000161.1	eggnog	Domain present in PSD-95, Dlg, and ZO-1/2
Pcub-MSU1_016_000330.1	eggnog	Belongs to the protein kinase superfamily
Pcub-MSU1_016_000162.1	eggnog	domain-containing protein
Pcub-MSU1_016_000329.1	blastp	Homology to Phytophthora palmivora predicted protein POM77260.1
Pcub-MSU1_016_000163.1	eggnog	domain-containing protein
Pcub-MSU1_016_000328.1	blastp	Homology to Peronospora belbahrii predicted protein CAH0473838.1
Pcub-MSU1_016_000327.1	unannotated	Hypothetical protein of unknown function
Pcub-MSU1_016_000164.1	blastp	Homology to Peronospora effusa predicted protein CAI5700943.1
Pcub-MSU1_016_000326.1	eggnog	Protein of unknown function (DUF1681)
Pcub-MSU1_016_000165.1	eggnog	Serine carboxypeptidase S28
Pcub-MSU1_016_000325.1	eggnog	Triose-phosphate Transporter family
Pcub-MSU1_016_000166.1	eggnog	domain-containing protein
Pcub-MSU1_016_000167.1	eggnog	tRNA synthetases class I (M)
Pcub-MSU1_016_000324.1	eggnog	Mitochondrial carrier protein
Pcub-MSU1_016_000168.1	eggnog	domain-containing protein
Pcub-MSU1_016_000323.1	eggnog	acetylation-dependent protein binding
Pcub-MSU1_016_000322.1	unannotated	Hypothetical protein of unknown function
Pcub-MSU1_016_000169.1	blastp	Homology to Peronospora destructor predicted protein CAI5744752.1
Pcub-MSU1_016_000170.1	eggnog	Not1 N-terminal domain, CCR4-Not complex component
Pcub-MSU1_016_000321.1	eggnog	transposition, RNA-mediated
Pcub-MSU1_016_000320.1	eggnog	AAA domain (Cdc48 subfamily)
Pcub-MSU1_016_000171.1	eggnog	Protein kinase C conserved region 2 (CalB)
Pcub-MSU1_016_000172.1	eggnog	domain-containing protein
Pcub-MSU1_016_000173.1	eggnog	domain-containing protein
Pcub-MSU1_016_000174.1	eggnog	Polysaccharide deacetylase
Pcub-MSU1_016_000319.1	eggnog	domain-containing protein
Pcub-MSU1_016_000175.1	blastp	Homology to Phytophthora boehmeriae predicted protein KAG7376771.1
Pcub-MSU1_016_000176.1	unannotated	Hypothetical protein of unknown function
Pcub-MSU1_016_000177.1	unannotated	Hypothetical protein of unknown function
Pcub-MSU1_016_000178.1	unannotated	Hypothetical protein of unknown function
Pcub-MSU1_016_000179.1	unannotated	Hypothetical protein of unknown function
Pcub-MSU1_016_000180.1	unannotated	Hypothetical protein of unknown function
Pcub-MSU1_016_000181.1	unannotated	Hypothetical protein of unknown function
Pcub-MSU1_016_000182.1	unannotated	Hypothetical protein of unknown function
Pcub-MSU1_016_000183.1	unannotated	Hypothetical protein of unknown function
Pcub-MSU1_016_000184.1	unannotated	Hypothetical protein of unknown function
Pcub-MSU1_016_000185.1	eggnog	Histone-lysine N-methyltransferase
Pcub-MSU1_016_000186.1	eggnog	Histone-lysine N-methyltransferase
Pcub-MSU1_016_000318.1	eggnog	AAA domain (Cdc48 subfamily)
Pcub-MSU1_016_000187.1	eggnog	Belongs to the glycosyl hydrolase 5 (cellulase A) family
Pcub-MSU1_016_000188.1	eggnog	Belongs to the glycosyl hydrolase 5 (cellulase A) family
Pcub-MSU1_016_000189.1	eggnog	Belongs to the glycosyl hydrolase 5 (cellulase A) family
Pcub-MSU1_016_000190.1	eggnog	Endomembrane protein 70
Pcub-MSU1_016_000317.1	eggnog	Transmembrane amino acid transporter protein
Pcub-MSU1_016_000316.1	eggnog	Ras of Complex, Roc, domain of DAPkinase
Pcub-MSU1_016_000315.1	eggnog	DNA ligase (ATP) activity
Pcub-MSU1_016_000314.1	eggnog	Belongs to the RNase T2 family
Pcub-MSU1_016_000191.1	eggnog	Glucosamine-6-phosphate isomerases/6-phosphogluconolactonase
Pcub-MSU1_016_000192.1	eggnog	Peptidase family M3
Pcub-MSU1_016_000313.1	eggnog	Mlo family
Pcub-MSU1_016_000312.1	eggnog	Mlo family
Pcub-MSU1_016_000193.1	eggnog	Mlo family
Pcub-MSU1_016_000194.1	eggnog	Mlo family
Pcub-MSU1_016_000195.1	unannotated	Hypothetical protein of unknown function
Pcub-MSU1_016_000196.1	eggnog	Mlo family
Pcub-MSU1_016_000197.1	eggnog	Mlo family
Pcub-MSU1_016_000198.1	eggnog	Mlo family
Pcub-MSU1_016_000199.1	eggnog	Mlo family
Pcub-MSU1_016_000200.1	eggnog	Mlo family
Pcub-MSU1_016_000201.1	unannotated	Hypothetical protein of unknown function
Pcub-MSU1_016_000202.1	interproscan	LBF_2804 family protein (NF047767)
Pcub-MSU1_016_000203.1	eggnog	domain-containing protein
Pcub-MSU1_016_000311.1	interproscan	PTHR14000 domain-containing protein
Pcub-MSU1_016_000204.1	eggnog	Isochorismatase family
Pcub-MSU1_016_000205.1	eggnog	domain-containing protein
Pcub-MSU1_016_000206.1	eggnog	Domain of unknown function (DUF4203)
Pcub-MSU1_016_000310.1	eggnog	Iron-containing alcohol dehydrogenase
Pcub-MSU1_016_000309.1	eggnog	Zinc-dependent metalloprotease
Pcub-MSU1_016_000308.1	unannotated	Hypothetical protein of unknown function
Pcub-MSU1_016_000207.1	eggnog	Regulator of chromosome condensation (RCC1) repeat
Pcub-MSU1_016_000307.1	eggnog	Regulator of chromosome condensation (RCC1) repeat
Pcub-MSU1_016_000306.1	eggnog	WD domain, G-beta repeat
Pcub-MSU1_016_000208.1	eggnog	Protein of unknown function (DUF3689)
Pcub-MSU1_016_000209.1	blastp	Homology to Phytophthora idaei predicted protein KAG3090749.1
Pcub-MSU1_016_000305.1	eggnog	Zinc knuckle
Pcub-MSU1_016_000210.1	eggnog	domain-containing protein
Pcub-MSU1_016_000304.1	blastp	Homology to Phytophthora lilii predicted protein GMF65316.1
Pcub-MSU1_016_000211.1	unannotated	Hypothetical protein of unknown function
Pcub-MSU1_016_000303.1	interproscan	G3DSA:2.60.120.260 domain-containing protein
Pcub-MSU1_016_000212.1	eggnog	Family with sequence similarity 184, A and B
Pcub-MSU1_016_000213.1	eggnog	motif in proteasome subunits, Int-6, Nip-1 and TRIP-15
Pcub-MSU1_016_000214.1	eggnog	Broad-Complex, Tramtrack and Bric a brac
Pcub-MSU1_016_000215.1	interproscan	PTHR13510 domain-containing protein
Pcub-MSU1_016_000216.1	eggnog	Zinc-dependent metalloprotease
Pcub-MSU1_016_000302.1	blastp	Homology to Phytophthora nicotianae predicted protein XP_008915153.1
Pcub-MSU1_016_000301.1	eggnog	Prolyl-tRNA synthetase, C-terminal
Pcub-MSU1_016_000217.1	eggnog	Kazal type serine protease inhibitors
Pcub-MSU1_016_000300.1	eggnog	WD domain, G-beta repeat
Pcub-MSU1_016_000218.1	interproscan	PTHR23348 domain-containing protein
Pcub-MSU1_016_000219.1	unannotated	Hypothetical protein of unknown function
Pcub-MSU1_016_000220.1	eggnog	Cellulose biosynthesis protein BcsQ
Pcub-MSU1_016_000299.1	eggnog	Domain of unknown function (DUF4110)
Pcub-MSU1_016_000298.1	blastp	Homology to Phytophthora citrophthora predicted protein KAK1932291.1
Pcub-MSU1_016_000221.1	blastp	Homology to Phytophthora citrophthora predicted protein KAK1932291.1
Pcub-MSU1_016_000222.1	eggnog	Iron/zinc purple acid phosphatase-like protein C
Pcub-MSU1_016_000297.1	eggnog	Belongs to the glycosyl hydrolase 5 (cellulase A) family
Pcub-MSU1_016_000296.1	eggnog	Peptidase family M13
Pcub-MSU1_016_000223.1	eggnog	Mitochondrial ribosomal subunit protein
Pcub-MSU1_016_000295.1	eggnog	Adaptor complexes medium subunit family
Pcub-MSU1_016_000224.1	blastp	Homology to Peronospora farinosa predicted protein CAH0493661.1
Pcub-MSU1_016_000225.1	eggnog	MAPEG family
Pcub-MSU1_016_000226.1	eggnog	MAPEG family
Pcub-MSU1_016_000294.1	eggnog	Alternative oxidase
Pcub-MSU1_016_000293.1	eggnog	MAPEG family
Pcub-MSU1_016_000292.1	eggnog	MAPEG family
Pcub-MSU1_016_000291.1	blastp	Homology to Peronospora destructor predicted protein CAI5743606.1
Pcub-MSU1_016_000227.1	interproscan	SSF53335 domain-containing protein
Pcub-MSU1_016_000228.1	eggnog	Alternative oxidase
Pcub-MSU1_016_000229.1	eggnog	Alternative oxidase
Pcub-MSU1_016_000230.1	eggnog	Alternative oxidase
Pcub-MSU1_016_000231.1	eggnog	Alternative oxidase
Pcub-MSU1_016_000290.1	blastp	Homology to Phytophthora pseudosyringae predicted protein KAG7377537.1
Pcub-MSU1_016_000289.1	unannotated	Hypothetical protein of unknown function
Pcub-MSU1_016_000232.1	eggnog	Protein present in Fab1, YOTB, Vac1, and EEA1
Pcub-MSU1_016_000288.1	eggnog	Inner centromere protein, ARK binding region
Pcub-MSU1_016_000287.1	eggnog	GTPase activity
Pcub-MSU1_016_000233.1	eggnog	domain-containing protein
Pcub-MSU1_016_000286.1	eggnog	Glycosyl hydrolase family 53
Pcub-MSU1_016_000285.1	blastp	Homology to Peronospora destructor predicted protein CAI5744929.1
Pcub-MSU1_016_000284.1	blastp	Homology to Peronospora belbahrii predicted protein CAH0479450.1
Pcub-MSU1_016_000234.1	eggnog	lysine N-methyltransferase activity
Pcub-MSU1_016_000283.1	eggnog	Glycogen recognition site of AMP-activated protein kinase
Pcub-MSU1_016_000282.1	eggnog	domain-containing protein
Pcub-MSU1_016_000235.1	eggnog	domain-containing protein
Pcub-MSU1_016_000236.1	eggnog	domain-containing protein
Pcub-MSU1_016_000281.1	blastp	Homology to Phytophthora idaei predicted protein KAG3111086.1
Pcub-MSU1_016_000237.1	eggnog	eIF4-gamma/eIF5/eIF2-epsilon
Pcub-MSU1_016_000238.1	blastp	Homology to Phytophthora rubi predicted protein KAE9024954.1
Pcub-MSU1_016_000280.1	eggnog	Glycosyl transferase family 2
Pcub-MSU1_016_000239.1	eggnog	Tubulin-tyrosine ligase family
Pcub-MSU1_016_000279.1	blastp	Homology to Phytophthora nicotianae predicted protein KUF91306.1
Pcub-MSU1_016_000240.1	eggnog	Bacterial transferase hexapeptide (six repeats)
Pcub-MSU1_016_000278.1	eggnog	CDP-alcohol phosphatidyltransferase
Pcub-MSU1_016_000241.1	eggnog	MYND finger
Pcub-MSU1_016_000277.1	eggnog	PhoX homologous domain, present in p47phox and p40phox
Pcub-MSU1_016_000242.1	eggnog	Type III restriction enzyme, res subunit
Pcub-MSU1_016_000276.1	eggnog	Type II/IV secretion system protein
Pcub-MSU1_016_000275.1	eggnog	YrhK-like protein
Pcub-MSU1_016_000243.1	blastp	Homology to Phytophthora ramorum predicted protein KAH7478915.1
Pcub-MSU1_016_000244.1	eggnog	YrhK-like protein
Pcub-MSU1_016_000274.1	eggnog	Belongs to the helicase family. Dicer subfamily
Pcub-MSU1_016_000273.1	eggnog	Fibronectin-binding protein A N-terminus (FbpA)
Pcub-MSU1_016_000272.1	eggnog	cilium movement involved in cell motility
Pcub-MSU1_016_000245.1	eggnog	domain-containing protein
Pcub-MSU1_016_000271.1	eggnog	Domain of unknown function (DUF3336)
Pcub-MSU1_016_000270.1	eggnog	WD domain, G-beta repeat
Pcub-MSU1_016_000269.1	blastp	Homology to Phytophthora pseudosyringae predicted protein KAG7383711.1
Pcub-MSU1_016_000246.1	unannotated	Hypothetical protein of unknown function
Pcub-MSU1_016_000268.1	blastp	Homology to Phytophthora pseudosyringae predicted protein KAG7383711.1
Pcub-MSU1_016_000247.1	unannotated	Hypothetical protein of unknown function
Pcub-MSU1_016_000267.1	blastp	Homology to Phytophthora pseudosyringae predicted protein KAG7383711.1
Pcub-MSU1_016_000248.1	unannotated	Hypothetical protein of unknown function
Pcub-MSU1_016_000266.1	eggnog	DUF4205
Pcub-MSU1_016_000249.1	eggnog	domain-containing protein
Pcub-MSU1_016_000250.1	eggnog	Glycosyl transferase family group 2
Pcub-MSU1_016_000251.1	eggnog	Glycosyl transferase family group 2
Pcub-MSU1_016_000252.1	eggnog	GTPase-activator protein for Ras-like GTPases
Pcub-MSU1_016_000265.1	blastp	Homology to Phytophthora pseudosyringae predicted protein KAG7388464.1
Pcub-MSU1_016_000253.1	interproscan	PTHR15073 domain-containing protein
Pcub-MSU1_016_000264.1	unannotated	Hypothetical protein of unknown function
Pcub-MSU1_016_000254.1	eggnog	domain-containing protein
Pcub-MSU1_016_000255.1	eggnog	PRP1 splicing factor, N-terminal
Pcub-MSU1_016_000256.1	eggnog	Origin recognition complex (ORC) subunit 4 C-terminus
Pcub-MSU1_016_000257.1	eggnog	Origin recognition complex (ORC) subunit 4 C-terminus
Pcub-MSU1_016_000258.1	unannotated	Hypothetical protein of unknown function
Pcub-MSU1_016_000263.1	unannotated	Hypothetical protein of unknown function
Pcub-MSU1_016_000262.1	unannotated	Hypothetical protein of unknown function
Pcub-MSU1_016_000261.1	unannotated	Hypothetical protein of unknown function
Pcub-MSU1_016_000260.1	unannotated	Hypothetical protein of unknown function
Pcub-MSU1_016_000259.1	unannotated	Hypothetical protein of unknown function
Pcub-MSU1_017_000507.1	blastp	Homology to Phytophthora pseudosyringae predicted protein KAG7388928.1
Pcub-MSU1_017_000001.1	blastp	Homology to Phytophthora pseudosyringae predicted protein KAG7388928.1
Pcub-MSU1_017_000506.1	blastp	Homology to Phytophthora pseudosyringae predicted protein KAG7388928.1
Pcub-MSU1_017_000002.1	eggnog	domain-containing protein
Pcub-MSU1_017_000505.1	eggnog	3'-tRNA processing endoribonuclease activity
Pcub-MSU1_017_000003.1	eggnog	sister chromatid cohesion
Pcub-MSU1_017_000504.1	eggnog	domain-containing protein
Pcub-MSU1_017_000503.1	unannotated	Hypothetical protein of unknown function
Pcub-MSU1_017_000004.1	eggnog	DNA polymerase family B
Pcub-MSU1_017_000502.1	eggnog	N-terminal domain of 16S rRNA methyltransferase RsmF
Pcub-MSU1_017_000005.1	blastp	Homology to Phytophthora pseudosyringae predicted protein KAG7388920.1
Pcub-MSU1_017_000501.1	eggnog	ATP-NAD kinase
Pcub-MSU1_017_000006.1	eggnog	Plays a complex role in regulating the basal catalytic activity of the alpha subunit
Pcub-MSU1_017_000007.1	eggnog	Mak10 subunit, NatC N(alpha)-terminal acetyltransferase
Pcub-MSU1_017_000500.1	blastp	Homology to Phytophthora infestans predicted protein KAF4129609.1
Pcub-MSU1_017_000008.1	eggnog	Glutaredoxin
Pcub-MSU1_017_000499.1	eggnog	domain-containing protein
Pcub-MSU1_017_000009.1	blastp	Homology to Peronospora belbahrii predicted protein CAH0475596.1
Pcub-MSU1_017_000010.1	eggnog	glutamate reuptake
Pcub-MSU1_017_000011.1	eggnog	domain-containing protein
Pcub-MSU1_017_000498.1	eggnog	bZIP transcription factor
Pcub-MSU1_017_000012.1	eggnog	domain-containing protein
Pcub-MSU1_017_000013.1	eggnog	domain-containing protein
Pcub-MSU1_017_000014.1	interproscan	PTHR13405 domain-containing protein
Pcub-MSU1_017_000497.1	eggnog	domain-containing protein
Pcub-MSU1_017_000496.1	eggnog	domain-containing protein
Pcub-MSU1_017_000015.1	eggnog	Cullin
Pcub-MSU1_017_000495.1	eggnog	domain-containing protein
Pcub-MSU1_017_000016.1	eggnog	Cullin
Pcub-MSU1_017_000494.1	eggnog	domain-containing protein
Pcub-MSU1_017_000017.1	eggnog	Cullin
Pcub-MSU1_017_000493.1	eggnog	domain-containing protein
Pcub-MSU1_017_000018.1	eggnog	Cullin
Pcub-MSU1_017_000492.1	eggnog	domain-containing protein
Pcub-MSU1_017_000019.1	eggnog	Cullin
Pcub-MSU1_017_000491.1	eggnog	domain-containing protein
Pcub-MSU1_017_000490.1	interproscan	SSF53098 domain-containing protein
Pcub-MSU1_017_000489.1	unannotated	Hypothetical protein of unknown function
Pcub-MSU1_017_000020.1	eggnog	Peptidase family M3
Pcub-MSU1_017_000021.1	eggnog	domain-containing protein
Pcub-MSU1_017_000488.1	eggnog	domain-containing protein
Pcub-MSU1_017_000022.1	eggnog	fibronectin type III
Pcub-MSU1_017_000487.1	blastp	Homology to Peronospora farinosa predicted protein CAH0484781.1
Pcub-MSU1_017_000023.1	eggnog	Histone acetyltransferases subunit 3
Pcub-MSU1_017_000486.1	eggnog	domain-containing protein
Pcub-MSU1_017_000024.1	blastp	Homology to Phytophthora nicotianae predicted protein ETP03921.1
Pcub-MSU1_017_000485.1	eggnog	Tubulin-tyrosine ligase family
Pcub-MSU1_017_000484.1	eggnog	unfolded protein binding
Pcub-MSU1_017_000025.1	eggnog	Trypsin-like serine protease
Pcub-MSU1_017_000026.1	eggnog	Trypsin-like serine protease
Pcub-MSU1_017_000027.1	eggnog	Trypsin-like serine protease
Pcub-MSU1_017_000028.1	eggnog	Trypsin-like serine protease
Pcub-MSU1_017_000029.1	eggnog	ABC transporter transmembrane region
Pcub-MSU1_017_000483.1	eggnog	N-terminal region of Chorein or VPS13
Pcub-MSU1_017_000030.1	eggnog	Striatin family
Pcub-MSU1_017_000482.1	eggnog	domain-containing protein
Pcub-MSU1_017_000031.1	eggnog	Calcineurin-like phosphoesterase
Pcub-MSU1_017_000481.1	interproscan	PTHR38052 domain-containing protein
Pcub-MSU1_017_000032.1	interproscan	PTHR38052 domain-containing protein
Pcub-MSU1_017_000480.1	interproscan	PTHR38052 domain-containing protein
Pcub-MSU1_017_000033.1	interproscan	PTHR38052 domain-containing protein
Pcub-MSU1_017_000479.1	interproscan	PTHR38052 domain-containing protein
Pcub-MSU1_017_000034.1	interproscan	PTHR38052 domain-containing protein
Pcub-MSU1_017_000478.1	interproscan	PTHR38052 domain-containing protein
Pcub-MSU1_017_000035.1	interproscan	PTHR38052 domain-containing protein
Pcub-MSU1_017_000477.1	interproscan	PTHR38052 domain-containing protein
Pcub-MSU1_017_000036.1	interproscan	PTHR38052 domain-containing protein
Pcub-MSU1_017_000476.1	interproscan	PTHR38052 domain-containing protein
Pcub-MSU1_017_000037.1	interproscan	PTHR38052 domain-containing protein
Pcub-MSU1_017_000475.1	unannotated	Hypothetical protein of unknown function
Pcub-MSU1_017_000474.1	interproscan	PTHR38052 domain-containing protein
Pcub-MSU1_017_000038.1	eggnog	Peptidyl-tRNA hydrolase PTH2
Pcub-MSU1_017_000473.1	eggnog	Calcineurin-like phosphoesterase
Pcub-MSU1_017_000039.1	blastp	Homology to Phytophthora pseudosyringae predicted protein KAG7385396.1
Pcub-MSU1_017_000040.1	eggnog	Lipase (class 3)
Pcub-MSU1_017_000041.1	eggnog	Ankyrin repeats (many copies)
Pcub-MSU1_017_000472.1	eggnog	Ankyrin repeats (many copies)
Pcub-MSU1_017_000471.1	eggnog	Lipase (class 3)
Pcub-MSU1_017_000470.1	blastp	Homology to Phytophthora pseudosyringae predicted protein KAG7385396.1
Pcub-MSU1_017_000469.1	eggnog	Peptidyl-tRNA hydrolase PTH2
Pcub-MSU1_017_000468.1	interproscan	PTHR38052 domain-containing protein
Pcub-MSU1_017_000467.1	eggnog	Antibiotic biosynthesis monooxygenase
Pcub-MSU1_017_000042.1	eggnog	Cytochrome c oxidase subunit VIa
Pcub-MSU1_017_000043.1	eggnog	HIT zinc finger
Pcub-MSU1_017_000466.1	eggnog	Protein of unknown function (DUF974)
Pcub-MSU1_017_000044.1	eggnog	Proteasome subunit
Pcub-MSU1_017_000465.1	eggnog	domain-containing protein
Pcub-MSU1_017_000464.1	unannotated	Hypothetical protein of unknown function
Pcub-MSU1_017_000463.1	unannotated	Hypothetical protein of unknown function
Pcub-MSU1_017_000462.1	unannotated	Hypothetical protein of unknown function
Pcub-MSU1_017_000461.1	eggnog	Extension to Ser/Thr-type protein kinases
Pcub-MSU1_017_000045.1	unannotated	Hypothetical protein of unknown function
Pcub-MSU1_017_000046.1	unannotated	Hypothetical protein of unknown function
Pcub-MSU1_017_000047.1	unannotated	Hypothetical protein of unknown function
Pcub-MSU1_017_000048.1	eggnog	Extension to Ser/Thr-type protein kinases
Pcub-MSU1_017_000460.1	eggnog	rRNA-processing protein Efg1
Pcub-MSU1_017_000049.1	eggnog	Inward rectifier potassium channel
Pcub-MSU1_017_000459.1	eggnog	domain-containing protein
Pcub-MSU1_017_000458.1	eggnog	domain-containing protein
Pcub-MSU1_017_000457.1	eggnog	domain-containing protein
Pcub-MSU1_017_000456.1	eggnog	Serine hydrolase (FSH1)
Pcub-MSU1_017_000455.1	eggnog	SPFH domain / Band 7 family
Pcub-MSU1_017_000050.1	eggnog	prohibitin homologues
Pcub-MSU1_017_000454.1	eggnog	thiol-dependent ubiquitin-specific protease activity
Pcub-MSU1_017_000051.1	eggnog	Sugar (and other) transporter
Pcub-MSU1_017_000052.1	eggnog	domain-containing protein
Pcub-MSU1_017_000053.1	blastp	Homology to Phytophthora pseudosyringae predicted protein KAG7385427.1
Pcub-MSU1_017_000054.1	eggnog	Zinc-ribbon
Pcub-MSU1_017_000453.1	eggnog	Trehalose-phosphatase
Pcub-MSU1_017_000055.1	blastp	Homology to Peronospora destructor predicted protein CAI5730471.1
Pcub-MSU1_017_000452.1	eggnog	PAP2 superfamily C-terminal
Pcub-MSU1_017_000056.1	eggnog	Ankyrin repeat
Pcub-MSU1_017_000057.1	eggnog	Mitochondrial branched-chain alpha-ketoacid dehydrogenase kinase
Pcub-MSU1_017_000058.1	blastp	Homology to Phytophthora rubi predicted protein KAE9019876.1
Pcub-MSU1_017_000451.1	eggnog	positive regulation of catalytic activity in other organism involved in symbiotic interaction
Pcub-MSU1_017_000450.1	blastp	Homology to Phytophthora cactorum predicted protein KAG2786703.1
Pcub-MSU1_017_000059.1	eggnog	ubiquitin modification-dependent histone binding
Pcub-MSU1_017_000449.1	eggnog	Peroxisomal protein PEX19 family protein
Pcub-MSU1_017_000060.1	eggnog	domain-containing protein
Pcub-MSU1_017_000061.1	eggnog	domain-containing protein
Pcub-MSU1_017_000448.1	eggnog	domain-containing protein
Pcub-MSU1_017_000062.1	blastp	Homology to Phytophthora pseudosyringae predicted protein KAG7390519.1
Pcub-MSU1_017_000063.1	eggnog	RNA recognition motif
Pcub-MSU1_017_000447.1	eggnog	domain-containing protein
Pcub-MSU1_017_000064.1	eggnog	Pex19 protein family
Pcub-MSU1_017_000065.1	eggnog	Peroxisomal protein PEX19 family protein
Pcub-MSU1_017_000446.1	eggnog	ubiquitin modification-dependent histone binding
Pcub-MSU1_017_000066.1	eggnog	RNA recognition motif
Pcub-MSU1_017_000445.1	eggnog	Protein of unknown function (DUF1604)
Pcub-MSU1_017_000067.1	eggnog	domain-containing protein
Pcub-MSU1_017_000068.1	blastp	Homology to Peronospora effusa predicted protein RMX64014.1
Pcub-MSU1_017_000069.1	eggnog	domain-containing protein
Pcub-MSU1_017_000444.1	eggnog	domain-containing protein
Pcub-MSU1_017_000443.1	eggnog	Xylanase inhibitor N-terminal
Pcub-MSU1_017_000442.1	eggnog	Xylanase inhibitor N-terminal
Pcub-MSU1_017_000441.1	eggnog	B-Box-type zinc finger
Pcub-MSU1_017_000070.1	eggnog	Catalyzes the ATP-dependent amination of UTP to CTP with either L-glutamine or ammonia as the source of nitrogen
Pcub-MSU1_017_000071.1	eggnog	Ankyrin repeat
Pcub-MSU1_017_000440.1	blastp	Homology to Phytophthora fragariae predicted protein KAE9009069.1
Pcub-MSU1_017_000072.1	eggnog	Meckel syndrome type 1
Pcub-MSU1_017_000439.1	eggnog	domain-containing protein
Pcub-MSU1_017_000073.1	eggnog	NmrA-like family
Pcub-MSU1_017_000438.1	blastp	Homology to Phytophthora fragariae predicted protein KAE8906446.1
Pcub-MSU1_017_000074.1	eggnog	phosphatidylinositol-3,5-bisphosphate binding
Pcub-MSU1_017_000437.1	eggnog	Ubiquitin-conjugating enzyme E2, catalytic domain homologues
Pcub-MSU1_017_000436.1	eggnog	domain-containing protein
Pcub-MSU1_017_000075.1	blastp	Homology to Phytophthora pseudosyringae predicted protein KAG7390489.1
Pcub-MSU1_017_000435.1	blastp	Homology to Phytophthora citrophthora predicted protein KAK1947286.1
Pcub-MSU1_017_000076.1	eggnog	MYND finger
Pcub-MSU1_017_000434.1	eggnog	DNA photolyase
Pcub-MSU1_017_000433.1	eggnog	The RING-variant domain is a C4HC3 zinc-finger like motif found in a number of cellular and viral proteins
Pcub-MSU1_017_000432.1	eggnog	Domain of unknown function (DUF1977)
Pcub-MSU1_017_000431.1	eggnog	SOS response associated peptidase (SRAP)
Pcub-MSU1_017_000077.1	blastp	Homology to Peronospora farinosa predicted protein CAH0492618.1
Pcub-MSU1_017_000078.1	unannotated	Hypothetical protein of unknown function
Pcub-MSU1_017_000430.1	eggnog	domain-containing protein
Pcub-MSU1_017_000429.1	eggnog	U3 small nucleolar ribonucleoprotein
Pcub-MSU1_017_000079.1	eggnog	Belongs to the small GTPase superfamily
Pcub-MSU1_017_000428.1	eggnog	domain-containing protein
Pcub-MSU1_017_000427.1	eggnog	domain-containing protein
Pcub-MSU1_017_000426.1	eggnog	Late exocytosis, associated with Golgi transport
Pcub-MSU1_017_000425.1	eggnog	Short calmodulin-binding motif containing conserved Ile and Gln residues
Pcub-MSU1_017_000424.1	eggnog	Phosphatidylinositol-4-phosphate 5-Kinase
Pcub-MSU1_017_000080.1	eggnog	ATP10 protein
Pcub-MSU1_017_000423.1	eggnog	Anaphase-promoting complex subunit 11 RING-H2 finger
Pcub-MSU1_017_000422.1	blastp	Homology to Phytophthora pseudosyringae predicted protein KAG7390481.1
Pcub-MSU1_017_000081.1	eggnog	short chain dehydrogenase
Pcub-MSU1_017_000421.1	eggnog	Concanavalin A-like lectin/glucanases superfamily
Pcub-MSU1_017_000420.1	eggnog	WD domain, G-beta repeat
Pcub-MSU1_017_000419.1	eggnog	Protein kinase C conserved region 2 (CalB)
Pcub-MSU1_017_000418.1	blastp	Homology to Phytophthora pseudosyringae predicted protein KAG7386755.1
Pcub-MSU1_017_000417.1	eggnog	Eukaryotic initiation factor 4E
Pcub-MSU1_017_000416.1	eggnog	Enoyl-CoA hydratase/isomerase
Pcub-MSU1_017_000082.1	eggnog	Ribosomal_L15e
Pcub-MSU1_017_000415.1	blastp	Homology to Phytophthora nicotianae predicted protein XP_008897084.1
Pcub-MSU1_017_000083.1	eggnog	protein serine/threonine phosphatase activity
Pcub-MSU1_017_000084.1	eggnog	Phosphatidylinositol-4-phosphate 5-Kinase
Pcub-MSU1_017_000085.1	eggnog	Short calmodulin-binding motif containing conserved Ile and Gln residues
Pcub-MSU1_017_000086.1	eggnog	Late exocytosis, associated with Golgi transport
Pcub-MSU1_017_000414.1	eggnog	protein modification by small protein conjugation or removal
Pcub-MSU1_017_000413.1	eggnog	ADP-ribosylation factor family
Pcub-MSU1_017_000087.1	eggnog	occurring C-terminal to leucine-rich repeats
Pcub-MSU1_017_000412.1	eggnog	assists the folding of proteins upon ATP hydrolysis
Pcub-MSU1_017_000088.1	eggnog	Condensin II non structural maintenance of chromosomes subunit
Pcub-MSU1_017_000411.1	eggnog	Kinase-like
Pcub-MSU1_017_000410.1	blastp	Homology to Phytophthora pseudosyringae predicted protein KAG7386771.1
Pcub-MSU1_017_000409.1	eggnog	domain-containing protein
Pcub-MSU1_017_000089.1	eggnog	Protein of unknown function TPD sequence-motif
Pcub-MSU1_017_000408.1	eggnog	Dihydrouridine synthase (Dus)
Pcub-MSU1_017_000407.1	eggnog	16S rRNA methyltransferase RsmB/F
Pcub-MSU1_017_000090.1	eggnog	Ubiquitin carboxyl-terminal hydrolase
Pcub-MSU1_017_000406.1	eggnog	Leucine-rich repeats, outliers
Pcub-MSU1_017_000405.1	eggnog	domain-containing protein
Pcub-MSU1_017_000091.1	interproscan	G3DSA:2.60.120.330 domain-containing protein
Pcub-MSU1_017_000404.1	blastp	Homology to Phytophthora pseudosyringae predicted protein KAG7381583.1
Pcub-MSU1_017_000092.1	eggnog	domain-containing protein
Pcub-MSU1_017_000403.1	unannotated	Hypothetical protein of unknown function
Pcub-MSU1_017_000402.1	interproscan	G3DSA:3.40.50.300 domain-containing protein
Pcub-MSU1_017_000093.1	eggnog	Protein of unknown function (DUF3591)
Pcub-MSU1_017_000094.1	eggnog	Ubiquitin Carboxyl-terminal Hydrolase-like zinc finger
Pcub-MSU1_017_000401.1	eggnog	IQ calmodulin-binding motif
Pcub-MSU1_017_000400.1	eggnog	microtubule motor activity
Pcub-MSU1_017_000399.1	eggnog	microtubule motor activity
Pcub-MSU1_017_000398.1	blastp	Homology to Peronospora destructor predicted protein CAI5713573.1
Pcub-MSU1_017_000095.1	eggnog	domain-containing protein
Pcub-MSU1_017_000096.1	eggnog	regulation of histone deacetylation
Pcub-MSU1_017_000097.1	eggnog	Sodium/calcium exchanger protein
Pcub-MSU1_017_000098.1	eggnog	Vesicle transport v-SNARE protein N-terminus
Pcub-MSU1_017_000099.1	eggnog	Leucine-rich repeats, outliers
Pcub-MSU1_017_000397.1	eggnog	WD40 repeats
Pcub-MSU1_017_000100.1	blastp	Homology to Peronospora effusa predicted protein RMX66704.1
Pcub-MSU1_017_000396.1	eggnog	domain-containing protein
Pcub-MSU1_017_000101.1	blastp	Homology to Peronospora destructor predicted protein CAI5737264.1
Pcub-MSU1_017_000395.1	eggnog	BTB And C-terminal Kelch
Pcub-MSU1_017_000102.1	blastp	Homology to Peronospora effusa predicted protein CAI5701085.1
Pcub-MSU1_017_000394.1	eggnog	Dynein heavy chain and region D6 of dynein motor
Pcub-MSU1_017_000393.1	eggnog	C-terminus of histone H2A
Pcub-MSU1_017_000103.1	eggnog	Broad-Complex, Tramtrack and Bric a brac
Pcub-MSU1_017_000392.1	eggnog	domain-containing protein
Pcub-MSU1_017_000104.1	eggnog	LETM1-like protein
Pcub-MSU1_017_000391.1	blastp	Homology to Peronospora farinosa predicted protein CAH0489683.1
Pcub-MSU1_017_000105.1	eggnog	domain-containing protein
Pcub-MSU1_017_000390.1	eggnog	Aldo/keto reductase family
Pcub-MSU1_017_000106.1	blastp	Homology to Peronospora farinosa predicted protein CAH0489683.1
Pcub-MSU1_017_000107.1	interproscan	PTHR35518 domain-containing protein
Pcub-MSU1_017_000389.1	blastp	Homology to Peronospora farinosa predicted protein CAH0489683.1
Pcub-MSU1_017_000388.1	eggnog	Snare region anchored in the vesicle membrane C-terminus
Pcub-MSU1_017_000108.1	eggnog	Kinase phosphorylation protein
Pcub-MSU1_017_000109.1	eggnog	transposition, RNA-mediated
Pcub-MSU1_017_000387.1	eggnog	Phosphoadenosine phosphosulfate reductase family
Pcub-MSU1_017_000386.1	eggnog	assists the folding of proteins upon ATP hydrolysis
Pcub-MSU1_017_000385.1	eggnog	domain-containing protein
Pcub-MSU1_017_000384.1	eggnog	Putative serine esterase (DUF676)
Pcub-MSU1_017_000383.1	eggnog	Scaffold protein for the de novo synthesis of iron- sulfur (Fe-S) clusters within mitochondria, which is required for maturation of both mitochondrial and cytoplasmic 2Fe-2S and 4Fe-4S proteins
Pcub-MSU1_017_000110.1	eggnog	Domain Homologous to E6-AP Carboxyl Terminus with
Pcub-MSU1_017_000111.1	blastp	Homology to Phytophthora idaei predicted protein KAG3114746.1
Pcub-MSU1_017_000112.1	eggnog	cobalamin binding
Pcub-MSU1_017_000113.1	blastp	Homology to Peronospora farinosa predicted protein CAH0489666.1
Pcub-MSU1_017_000382.1	eggnog	ketohexokinase activity
Pcub-MSU1_017_000381.1	eggnog	ketohexokinase activity
Pcub-MSU1_017_000380.1	eggnog	domain-containing protein
Pcub-MSU1_017_000379.1	unannotated	Hypothetical protein of unknown function
Pcub-MSU1_017_000114.1	eggnog	domain-containing protein
Pcub-MSU1_017_000378.1	eggnog	Translation initiation factor SUI1
Pcub-MSU1_017_000115.1	eggnog	WD domain, G-beta repeat
Pcub-MSU1_017_000377.1	eggnog	Protein of unknown function (DUF1279)
Pcub-MSU1_017_000116.1	interproscan	PTHR28650 domain-containing protein
Pcub-MSU1_017_000376.1	blastp	Homology to Phytophthora pseudosyringae predicted protein KAG7381205.1
Pcub-MSU1_017_000117.1	blastp	Homology to Phytophthora pseudosyringae predicted protein KAG7381205.1
Pcub-MSU1_017_000375.1	interproscan	PTHR28650 domain-containing protein
Pcub-MSU1_017_000118.1	eggnog	GTPase-activator protein for Ras-like GTPase
Pcub-MSU1_017_000119.1	unannotated	Hypothetical protein of unknown function
Pcub-MSU1_017_000120.1	blastp	Homology to Peronospora farinosa predicted protein CAH0487853.1
Pcub-MSU1_017_000374.1	interproscan	PTHR36971 domain-containing protein
Pcub-MSU1_017_000121.1	eggnog	domain-containing protein
Pcub-MSU1_017_000373.1	eggnog	Helicase associated domain (HA2) Add an annotation
Pcub-MSU1_017_000122.1	eggnog	Zinc finger, C2H2 type
Pcub-MSU1_017_000372.1	eggnog	assists the folding of proteins upon ATP hydrolysis
Pcub-MSU1_017_000123.1	eggnog	DUF4217
Pcub-MSU1_017_000371.1	blastp	Homology to Phytophthora nicotianae predicted protein ETK74739.1
Pcub-MSU1_017_000124.1	eggnog	Survival motor neuron (SMN) interacting protein 1 (SIP1)
Pcub-MSU1_017_000125.1	unannotated	Hypothetical protein of unknown function
Pcub-MSU1_017_000126.1	eggnog	Domain of unknown function (DUF4505)
Pcub-MSU1_017_000127.1	eggnog	domain-containing protein
Pcub-MSU1_017_000370.1	eggnog	2OG-Fe(II) oxygenase superfamily
Pcub-MSU1_017_000369.1	eggnog	HECT-domain (ubiquitin-transferase)
Pcub-MSU1_017_000368.1	eggnog	domain-containing protein
Pcub-MSU1_017_000128.1	blastp	Homology to Peronospora farinosa predicted protein CAH0487857.1
Pcub-MSU1_017_000129.1	eggnog	Tetratricopeptide repeat
Pcub-MSU1_017_000367.1	blastp	Homology to Phytophthora fragariae predicted protein KAE8906268.1
Pcub-MSU1_017_000130.1	blastp	Homology to Phytophthora capsici predicted protein KAG1711849.1
Pcub-MSU1_017_000366.1	eggnog	Actin
Pcub-MSU1_017_000131.1	eggnog	DNA primase activity
Pcub-MSU1_017_000365.1	eggnog	TatD related DNase
Pcub-MSU1_017_000132.1	eggnog	domain-containing protein
Pcub-MSU1_017_000133.1	eggnog	Actin
Pcub-MSU1_017_000364.1	blastp	Homology to Phytophthora capsici predicted protein KAG1711849.1
Pcub-MSU1_017_000363.1	eggnog	Crinkler (CRN) family protein
Pcub-MSU1_017_000134.1	eggnog	Protein tyrosine kinase
Pcub-MSU1_017_000362.1	eggnog	endosomal vesicle fusion
Pcub-MSU1_017_000135.1	eggnog	Mlo family
Pcub-MSU1_017_000361.1	eggnog	Mlo family
Pcub-MSU1_017_000136.1	eggnog	Mlo family
Pcub-MSU1_017_000137.1	eggnog	Mlo family
Pcub-MSU1_017_000138.1	unannotated	Hypothetical protein of unknown function
Pcub-MSU1_017_000139.1	unannotated	Hypothetical protein of unknown function
Pcub-MSU1_017_000140.1	eggnog	Mlo family
Pcub-MSU1_017_000360.1	eggnog	zinc finger
Pcub-MSU1_017_000141.1	eggnog	Low molecular weight phosphatase family
Pcub-MSU1_017_000359.1	blastp	Homology to Phytophthora fragariae predicted protein KAE8949967.1
Pcub-MSU1_017_000358.1	eggnog	Required for 40S ribosome biogenesis
Pcub-MSU1_017_000142.1	blastp	Homology to Phytophthora sojae predicted protein XP_009517770.1
Pcub-MSU1_017_000143.1	eggnog	Trm112p-like protein
Pcub-MSU1_017_000357.1	eggnog	Complex I intermediate-associated protein 30 (CIA30)
Pcub-MSU1_017_000144.1	eggnog	domain-containing protein
Pcub-MSU1_017_000356.1	eggnog	Centriolar protein SAS N-terminal
Pcub-MSU1_017_000145.1	interproscan	PTHR38019 domain-containing protein
Pcub-MSU1_017_000146.1	eggnog	domain-containing protein
Pcub-MSU1_017_000355.1	eggnog	Calpain family cysteine protease
Pcub-MSU1_017_000354.1	interproscan	PTHR35396 domain-containing protein
Pcub-MSU1_017_000147.1	interproscan	PTHR31827 domain-containing protein
Pcub-MSU1_017_000353.1	eggnog	WD40 repeats
Pcub-MSU1_017_000148.1	interproscan	PTHR35396 domain-containing protein
Pcub-MSU1_017_000149.1	eggnog	ALG3 protein
Pcub-MSU1_017_000150.1	eggnog	Required for the first step in the synthesis of diphthamide, a post-translational modification of histidine which occurs in translation elongation factor 2
Pcub-MSU1_017_000151.1	eggnog	Mitotic-spindle organizing gamma-tubulin ring associated
Pcub-MSU1_017_000352.1	eggnog	glycogenin glucosyltransferase activity
Pcub-MSU1_017_000152.1	eggnog	Extension to Ser/Thr-type protein kinases
Pcub-MSU1_017_000351.1	eggnog	Enoyl-(Acyl carrier protein) reductase
Pcub-MSU1_017_000153.1	eggnog	WD domain, G-beta repeat
Pcub-MSU1_017_000350.1	eggnog	Rubisco LSMT substrate-binding
Pcub-MSU1_017_000154.1	eggnog	positive regulation of mitochondrial fission
Pcub-MSU1_017_000349.1	eggnog	Aldo/keto reductase family
Pcub-MSU1_017_000155.1	eggnog	Papain family cysteine protease
Pcub-MSU1_017_000348.1	eggnog	Kinesin motor, catalytic domain. ATPase
Pcub-MSU1_017_000347.1	eggnog	DNA-dependent RNA polymerase catalyzes the transcription of DNA into RNA using the four ribonucleoside triphosphates as substrates
Pcub-MSU1_017_000156.1	eggnog	phosphatidylinositol-3,4,5-trisphosphate 3-phosphatase activity
Pcub-MSU1_017_000157.1	eggnog	BT1 family
Pcub-MSU1_017_000158.1	eggnog	Fused Ig-PH domain of plant-specific actin-binding protein
Pcub-MSU1_017_000159.1	eggnog	outer dynein arm assembly
Pcub-MSU1_017_000346.1	eggnog	Pellino
Pcub-MSU1_017_000345.1	eggnog	voltage-gated potassium channel activity
Pcub-MSU1_017_000160.1	eggnog	voltage-gated potassium channel activity
Pcub-MSU1_017_000161.1	eggnog	Pellino
Pcub-MSU1_017_000162.1	eggnog	Transcription initiation factor IIF, alpha subunit (TFIIF-alpha)
Pcub-MSU1_017_000163.1	eggnog	3'-5'-exoribonuclease activity
Pcub-MSU1_017_000164.1	eggnog	Regulator of volume decrease after cellular swelling
Pcub-MSU1_017_000344.1	eggnog	motif in proteasome subunits, Int-6, Nip-1 and TRIP-15
Pcub-MSU1_017_000343.1	blastp	Homology to Phytophthora pseudosyringae predicted protein KAG7384083.1
Pcub-MSU1_017_000165.1	eggnog	Protein tyrosine kinase
Pcub-MSU1_017_000342.1	blastp	Homology to Phytophthora ramorum predicted protein KAH7488273.1
Pcub-MSU1_017_000341.1	blastp	Homology to Phytophthora idaei predicted protein KAG3111668.1
Pcub-MSU1_017_000340.1	eggnog	Belongs to the TRAFAC class myosin-kinesin ATPase superfamily
Pcub-MSU1_017_000166.1	eggnog	Hydantoinase B/oxoprolinase
Pcub-MSU1_017_000339.1	eggnog	zinc finger
Pcub-MSU1_017_000167.1	eggnog	CAF1 family ribonuclease
Pcub-MSU1_017_000338.1	eggnog	Signal recognition particle receptor beta subunit
Pcub-MSU1_017_000168.1	eggnog	domain-containing protein
Pcub-MSU1_017_000337.1	eggnog	Protein of unknown function DUF111
Pcub-MSU1_017_000336.1	eggnog	Elicitin
Pcub-MSU1_017_000169.1	eggnog	Rhamnogalacturonan lyase B, N-terminal
Pcub-MSU1_017_000335.1	eggnog	Rhamnogalacturonan lyase B, N-terminal
Pcub-MSU1_017_000170.1	eggnog	P-type ATPase (P-ATPase) superfamily
Pcub-MSU1_017_000334.1	unannotated	Hypothetical protein of unknown function
Pcub-MSU1_017_000171.1	eggnog	Rhamnogalacturonan lyase B, N-terminal
Pcub-MSU1_017_000172.1	eggnog	mTERF
Pcub-MSU1_017_000173.1	interproscan	PTHR31973 domain-containing protein
Pcub-MSU1_017_000333.1	blastp	Homology to Phytophthora nicotianae predicted protein ETK74873.1
Pcub-MSU1_017_000332.1	blastp	Homology to Phytophthora nicotianae predicted protein ETP04417.1
Pcub-MSU1_017_000174.1	eggnog	intracellular sterol transport (GRAMD1C)
Pcub-MSU1_017_000331.1	blastp	Homology to Phytophthora nicotianae predicted protein XP_008896863.1
Pcub-MSU1_017_000330.1	unannotated	Hypothetical protein of unknown function
Pcub-MSU1_017_000329.1	eggnog	Rhamnogalacturonan lyase B, N-terminal
Pcub-MSU1_017_000328.1	eggnog	P-type ATPase (P-ATPase) superfamily
Pcub-MSU1_017_000327.1	eggnog	Polysaccharide lyase family 4, domain II
Pcub-MSU1_017_000326.1	eggnog	Rhamnogalacturonan lyase B, N-terminal
Pcub-MSU1_017_000325.1	eggnog	Specifically deglycosylates the denatured form of N- linked glycoproteins in the cytoplasm and assists their proteasome-mediated degradation
Pcub-MSU1_017_000175.1	interproscan	PTHR21549 domain-containing protein
Pcub-MSU1_017_000324.1	interproscan	PTHR31827 domain-containing protein
Pcub-MSU1_017_000176.1	eggnog	Lactonase, 7-bladed beta-propeller
Pcub-MSU1_017_000323.1	eggnog	Polyketide cyclase / dehydrase and lipid transport
Pcub-MSU1_017_000322.1	eggnog	Polyketide cyclase / dehydrase and lipid transport
Pcub-MSU1_017_000177.1	eggnog	Polyketide cyclase / dehydrase and lipid transport
Pcub-MSU1_017_000321.1	eggnog	Lactonase, 7-bladed beta-propeller
Pcub-MSU1_017_000320.1	eggnog	Lactonase, 7-bladed beta-propeller
Pcub-MSU1_017_000319.1	eggnog	Lactonase, 7-bladed beta-propeller
Pcub-MSU1_017_000318.1	eggnog	Lactonase, 7-bladed beta-propeller
Pcub-MSU1_017_000178.1	eggnog	Lactonase, 7-bladed beta-propeller
Pcub-MSU1_017_000179.1	blastp	Homology to Peronospora belbahrii predicted protein CAH0480938.1
Pcub-MSU1_017_000180.1	eggnog	Trehalose-phosphatase
Pcub-MSU1_017_000317.1	eggnog	Guanine nucleotide exchange factor synembryn
Pcub-MSU1_017_000181.1	eggnog	FKBP-type peptidyl-prolyl cis-trans isomerase
Pcub-MSU1_017_000182.1	eggnog	Tetratricopeptide repeat
Pcub-MSU1_017_000183.1	eggnog	domain-containing protein
Pcub-MSU1_017_000316.1	blastp	Homology to Phytophthora palmivora predicted protein POM60147.1
Pcub-MSU1_017_000184.1	eggnog	Mannosyltransferase putative
Pcub-MSU1_017_000315.1	eggnog	domain-containing protein
Pcub-MSU1_017_000314.1	eggnog	Mannosyltransferase putative
Pcub-MSU1_017_000313.1	blastp	Homology to Phytophthora idaei predicted protein KAG3168261.1
Pcub-MSU1_017_000312.1	eggnog	Sigma factor PP2C-like phosphatases
Pcub-MSU1_017_000311.1	eggnog	Mannosyltransferase putative
Pcub-MSU1_017_000310.1	eggnog	Protein kinase C conserved region 2 (CalB)
Pcub-MSU1_017_000185.1	eggnog	Acetyl-coenzyme A transporter 1
Pcub-MSU1_017_000309.1	eggnog	modification-dependent protein catabolic process
Pcub-MSU1_017_000186.1	eggnog	Cysteine-rich secretory protein family
Pcub-MSU1_017_000308.1	eggnog	Cysteine-rich secretory protein family
Pcub-MSU1_017_000307.1	eggnog	Cysteine-rich secretory protein family
Pcub-MSU1_017_000306.1	eggnog	SLIDE
Pcub-MSU1_017_000187.1	blastp	Homology to Peronospora farinosa;Peronospora effusa predicted protein RMX65754.1
Pcub-MSU1_017_000305.1	eggnog	domain-containing protein
Pcub-MSU1_017_000188.1	eggnog	Protein kinase C conserved region 2 (CalB)
Pcub-MSU1_017_000189.1	blastp	Homology to Phytophthora cinnamomi predicted protein KAG6609042.1
Pcub-MSU1_017_000304.1	eggnog	Catalyzes the dehydration of the S-form of NAD(P)HX at the expense of ATP, which is converted to ADP
Pcub-MSU1_017_000190.1	eggnog	Domain of unknown function (DUF1974)
Pcub-MSU1_017_000191.1	eggnog	Mycolic acid cyclopropane synthetase
Pcub-MSU1_017_000303.1	interproscan	SSF47473 domain-containing protein
Pcub-MSU1_017_000192.1	blastp	Homology to Plasmopara halstedii predicted protein XP_024572513.1
Pcub-MSU1_017_000302.1	blastp	Homology to Phytophthora sojae predicted protein XP_009517549.1
Pcub-MSU1_017_000193.1	unannotated	Hypothetical protein of unknown function
Pcub-MSU1_017_000301.1	eggnog	Enoyl-(Acyl carrier protein) reductase
Pcub-MSU1_017_000300.1	eggnog	N-acetyldiaminopimelate deacetylase activity
Pcub-MSU1_017_000194.1	eggnog	The coatomer is a cytosolic protein complex that binds to dilysine motifs and reversibly associates with Golgi non- clathrin-coated vesicles, which further mediate biosynthetic protein transport from the ER, via the Golgi up to the trans Golgi network
Pcub-MSU1_017_000299.1	eggnog	Glycosyl hydrolase family 47
Pcub-MSU1_017_000195.1	eggnog	Endoplasmic reticulum-based factor for assembly of V-ATPase
Pcub-MSU1_017_000196.1	eggnog	NEMP family
Pcub-MSU1_017_000298.1	interproscan	PTHR31827 domain-containing protein
Pcub-MSU1_017_000297.1	eggnog	Protein kinase C conserved region 2 (CalB)
Pcub-MSU1_017_000197.1	eggnog	Protein kinase C conserved region 2 (CalB)
Pcub-MSU1_017_000296.1	eggnog	Hsp70 protein
Pcub-MSU1_017_000198.1	eggnog	HNH endonuclease
Pcub-MSU1_017_000295.1	eggnog	Aminotransferase class I and II
Pcub-MSU1_017_000199.1	eggnog	Domain in histone families 1 and 5
Pcub-MSU1_017_000294.1	eggnog	Centrosomal protein
Pcub-MSU1_017_000200.1	eggnog	domain-containing protein
Pcub-MSU1_017_000201.1	eggnog	Bromodomain extra-terminal - transcription regulation
Pcub-MSU1_017_000293.1	interproscan	PTHR32083 domain-containing protein
Pcub-MSU1_017_000292.1	eggnog	domain-containing protein
Pcub-MSU1_017_000202.1	eggnog	C2H2 type zinc-finger (2 copies)
Pcub-MSU1_017_000203.1	eggnog	Mo25-like
Pcub-MSU1_017_000204.1	eggnog	domain-containing protein
Pcub-MSU1_017_000205.1	eggnog	Las1-like
Pcub-MSU1_017_000291.1	eggnog	C-terminal, D2-small domain, of ClpB protein
Pcub-MSU1_017_000206.1	eggnog	Ring finger
Pcub-MSU1_017_000290.1	eggnog	Ubiquitin-2 like Rad60 SUMO-like
Pcub-MSU1_017_000207.1	blastp	Homology to Phytophthora pseudosyringae predicted protein KAG7387405.1
Pcub-MSU1_017_000289.1	eggnog	Integral membrane protein S linking to the trans Golgi network
Pcub-MSU1_017_000208.1	eggnog	Fungal trichothecene efflux pump (TRI12)
Pcub-MSU1_017_000288.1	interproscan	PTHR47357 domain-containing protein
Pcub-MSU1_017_000209.1	blastp	Homology to Phytophthora pseudosyringae predicted protein KAG7387410.1
Pcub-MSU1_017_000287.1	eggnog	Bestrophin, RFP-TM, chloride channel
Pcub-MSU1_017_000210.1	eggnog	Autophagy protein Apg6
Pcub-MSU1_017_000286.1	interproscan	PTHR35213 domain-containing protein
Pcub-MSU1_017_000285.1	eggnog	autophagosome maturation
Pcub-MSU1_017_000284.1	eggnog	TRAF-type zinc finger
Pcub-MSU1_017_000211.1	eggnog	protein tyrosine/serine/threonine phosphatase activity
Pcub-MSU1_017_000283.1	eggnog	Thymidylate kinase
Pcub-MSU1_017_000282.1	eggnog	tRNA 5'-leader removal
Pcub-MSU1_017_000212.1	eggnog	tRNA 5'-leader removal
Pcub-MSU1_017_000281.1	eggnog	Biopterin-dependent aromatic amino acid hydroxylase
Pcub-MSU1_017_000213.1	eggnog	domain-containing protein
Pcub-MSU1_017_000214.1	eggnog	domain-containing protein
Pcub-MSU1_017_000215.1	eggnog	Serine carboxypeptidase
Pcub-MSU1_017_000280.1	eggnog	tRNA 5'-leader removal
Pcub-MSU1_017_000216.1	eggnog	tRNA 5'-leader removal
Pcub-MSU1_017_000217.1	interproscan	PTHR12459 domain-containing protein
Pcub-MSU1_017_000218.1	eggnog	FYVE zinc finger
Pcub-MSU1_017_000219.1	eggnog	domain-containing protein
Pcub-MSU1_017_000279.1	eggnog	GHMP kinases C terminal
Pcub-MSU1_017_000220.1	eggnog	DNA Topoisomerase I (eukaryota)
Pcub-MSU1_017_000278.1	eggnog	ankyrin repeats
Pcub-MSU1_017_000221.1	blastp	Homology to Phytophthora fragariae predicted protein KAE8899490.1
Pcub-MSU1_017_000222.1	interproscan	PTHR13510 domain-containing protein
Pcub-MSU1_017_000223.1	eggnog	DAHP synthetase I family
Pcub-MSU1_017_000277.1	eggnog	Iguana/Dzip1-like DAZ-interacting protein N-terminal
Pcub-MSU1_017_000224.1	eggnog	Transcription factor subunit Med10 of Mediator complex
Pcub-MSU1_017_000276.1	eggnog	voltage-gated potassium channel activity
Pcub-MSU1_017_000275.1	eggnog	domain-containing protein
Pcub-MSU1_017_000274.1	eggnog	Ion transport protein
Pcub-MSU1_017_000225.1	eggnog	domain-containing protein
Pcub-MSU1_017_000273.1	blastp	Homology to Peronospora belbahrii predicted protein CAH0480800.1
Pcub-MSU1_017_000226.1	interproscan	PTHR12459 domain-containing protein
Pcub-MSU1_017_000227.1	eggnog	Ankyrin repeats (3 copies)
Pcub-MSU1_017_000272.1	eggnog	Sulfite exporter TauE/SafE
Pcub-MSU1_017_000228.1	blastp	Homology to Phytophthora cactorum predicted protein KAG3188861.1
Pcub-MSU1_017_000271.1	eggnog	internal peptidyl-lysine acetylation
Pcub-MSU1_017_000270.1	eggnog	domain-containing protein
Pcub-MSU1_017_000229.1	eggnog	Type III restriction enzyme, res subunit
Pcub-MSU1_017_000230.1	eggnog	domain-containing protein
Pcub-MSU1_017_000269.1	eggnog	domain-containing protein
Pcub-MSU1_017_000231.1	eggnog	2OG-Fe(II) oxygenase superfamily
Pcub-MSU1_017_000232.1	interproscan	PTHR46759 domain-containing protein
Pcub-MSU1_017_000233.1	blastp	Homology to Phytophthora cinnamomi predicted protein KAG6584950.1
Pcub-MSU1_017_000234.1	eggnog	Endonuclease/Exonuclease/phosphatase family
Pcub-MSU1_017_000235.1	eggnog	Leucine-rich repeat - CC (cysteine-containing) subfamily
Pcub-MSU1_017_000236.1	eggnog	Endoplasmic Reticulum-Golgi Intermediate Compartment (ERGIC)
Pcub-MSU1_017_000268.1	interproscan	PTHR40861 domain-containing protein
Pcub-MSU1_017_000237.1	eggnog	Arginine methyltransferase involved in the assembly or stability of mitochondrial NADH ubiquinone oxidoreductase complex (complex I)
Pcub-MSU1_017_000267.1	eggnog	Ribosomal protein L10
Pcub-MSU1_017_000266.1	blastp	Homology to Phytophthora cinnamomi predicted protein KAG6584950.1
Pcub-MSU1_017_000265.1	interproscan	G3DSA:3.80.10.10 domain-containing protein
Pcub-MSU1_017_000238.1	unannotated	Hypothetical protein of unknown function
Pcub-MSU1_017_000264.1	interproscan	BZIP transcription factor 1 C-terminal domain (PF27643)
Pcub-MSU1_017_000239.1	eggnog	peripheral T cell tolerance induction
Pcub-MSU1_017_000240.1	eggnog	peripheral T cell tolerance induction
Pcub-MSU1_017_000241.1	eggnog	peripheral T cell tolerance induction
Pcub-MSU1_017_000242.1	eggnog	domain-containing protein
Pcub-MSU1_017_000243.1	eggnog	Microtubule-binding stalk of dynein motor
Pcub-MSU1_017_000244.1	blastp	Homology to Phytophthora megakarya predicted protein OWZ22415.1
Pcub-MSU1_017_000245.1	eggnog	Ribosomal protein L36
Pcub-MSU1_017_000246.1	eggnog	Tubulin-tyrosine ligase family
Pcub-MSU1_017_000247.1	interproscan	PTHR35982 domain-containing protein
Pcub-MSU1_017_000248.1	eggnog	Putative GTP-ase activating proteins for the small GTPase, ARF
Pcub-MSU1_017_000263.1	eggnog	The pyruvate dehydrogenase complex catalyzes the overall conversion of pyruvate to acetyl-CoA and CO(2)
Pcub-MSU1_017_000262.1	blastp	Homology to Phytophthora rubi predicted protein KAE9040407.1
Pcub-MSU1_017_000249.1	eggnog	L-arabinose catabolic process
Pcub-MSU1_017_000250.1	eggnog	Nbl1 / Borealin N terminal
Pcub-MSU1_017_000261.1	eggnog	domain-containing protein
Pcub-MSU1_017_000251.1	eggnog	C-terminal domain of 1-Cys peroxiredoxin
Pcub-MSU1_017_000260.1	eggnog	regulation of glycolytic process by negative regulation of transcription from RNA polymerase II promoter
Pcub-MSU1_017_000252.1	blastp	Homology to Peronospora effusa predicted protein RQM13392.1
Pcub-MSU1_017_000259.1	eggnog	DUF4217
Pcub-MSU1_017_000253.1	eggnog	Tim44
Pcub-MSU1_017_000254.1	eggnog	Rad51
Pcub-MSU1_017_000258.1	unannotated	Hypothetical protein of unknown function
Pcub-MSU1_017_000257.1	unannotated	Hypothetical protein of unknown function
Pcub-MSU1_017_000255.1	eggnog	domain-containing protein
Pcub-MSU1_017_000256.1	unannotated	Hypothetical protein of unknown function
Pcub-MSU1_018_000001.1	eggnog	Sugar (and other) transporter
Pcub-MSU1_018_000606.1	eggnog	domain-containing protein
Pcub-MSU1_018_000002.1	eggnog	Lysine methyltransferase
Pcub-MSU1_018_000003.1	eggnog	Yippee zinc-binding/DNA-binding /Mis18, centromere assembly
Pcub-MSU1_018_000605.1	eggnog	snRNP Sm proteins
Pcub-MSU1_018_000004.1	eggnog	Pex2 / Pex12 amino terminal region
Pcub-MSU1_018_000604.1	eggnog	Sas10/Utp3/C1D family
Pcub-MSU1_018_000603.1	unannotated	Hypothetical protein of unknown function
Pcub-MSU1_018_000005.1	blastp	Homology to Peronospora destructor predicted protein CAI5744636.1
Pcub-MSU1_018_000602.1	eggnog	Flavin containing amine oxidoreductase
Pcub-MSU1_018_000006.1	eggnog	regulation of protein catabolic process
Pcub-MSU1_018_000601.1	eggnog	Transmembrane amino acid transporter protein
Pcub-MSU1_018_000600.1	eggnog	Protein tyrosine kinase
Pcub-MSU1_018_000599.1	eggnog	Rtf2 RING-finger
Pcub-MSU1_018_000007.1	eggnog	Armadillo/beta-catenin-like repeats
Pcub-MSU1_018_000598.1	eggnog	Glycosyltransferase (GlcNAc)
Pcub-MSU1_018_000597.1	eggnog	Sec1 family
Pcub-MSU1_018_000008.1	eggnog	Sec1 family
Pcub-MSU1_018_000009.1	eggnog	Glycosyltransferase (GlcNAc)
Pcub-MSU1_018_000596.1	eggnog	Armadillo/beta-catenin-like repeats
Pcub-MSU1_018_000010.1	eggnog	Rtf2 RING-finger
Pcub-MSU1_018_000011.1	eggnog	Protein tyrosine kinase
Pcub-MSU1_018_000012.1	blastp	Homology to Phytophthora idaei predicted protein KAG3240119.1
Pcub-MSU1_018_000595.1	eggnog	domain-containing protein
Pcub-MSU1_018_000013.1	unannotated	Hypothetical protein of unknown function
Pcub-MSU1_018_000594.1	eggnog	Major Facilitator Superfamily
Pcub-MSU1_018_000593.1	eggnog	domain-containing protein
Pcub-MSU1_018_000592.1	eggnog	domain-containing protein
Pcub-MSU1_018_000591.1	eggnog	domain-containing protein
Pcub-MSU1_018_000014.1	eggnog	GTP-binding protein involved in nucleocytoplasmic transport
Pcub-MSU1_018_000015.1	blastp	Homology to Phytophthora cactorum predicted protein KAG2761116.1
Pcub-MSU1_018_000016.1	eggnog	ATP citrate lyase citrate-binding
Pcub-MSU1_018_000017.1	eggnog	Major Facilitator Superfamily
Pcub-MSU1_018_000590.1	unannotated	Hypothetical protein of unknown function
Pcub-MSU1_018_000589.1	unannotated	Hypothetical protein of unknown function
Pcub-MSU1_018_000588.1	eggnog	WD domain, G-beta repeat
Pcub-MSU1_018_000587.1	eggnog	SAM domain (Sterile alpha motif)
Pcub-MSU1_018_000586.1	eggnog	DNA replication factor CDT1 like
Pcub-MSU1_018_000018.1	eggnog	Major Facilitator Superfamily
Pcub-MSU1_018_000019.1	unannotated	Hypothetical protein of unknown function
Pcub-MSU1_018_000020.1	unannotated	Hypothetical protein of unknown function
Pcub-MSU1_018_000021.1	eggnog	Major Facilitator Superfamily
Pcub-MSU1_018_000022.1	eggnog	WD domain, G-beta repeat
Pcub-MSU1_018_000585.1	eggnog	Rab subfamily of small GTPases
Pcub-MSU1_018_000023.1	eggnog	protein serine/threonine kinase activity
Pcub-MSU1_018_000024.1	eggnog	protein serine/threonine kinase activity
Pcub-MSU1_018_000025.1	eggnog	EF hand
Pcub-MSU1_018_000584.1	eggnog	Drought induced 19 protein (Di19), zinc-binding
Pcub-MSU1_018_000026.1	eggnog	domain-containing protein
Pcub-MSU1_018_000583.1	eggnog	Tetratricopeptide repeat
Pcub-MSU1_018_000582.1	eggnog	Domain of unknown function (DUF4201)
Pcub-MSU1_018_000027.1	eggnog	Phosphate acyltransferases
Pcub-MSU1_018_000581.1	eggnog	Acetyl-CoA carboxylase, central region (ACACB)
Pcub-MSU1_018_000580.1	eggnog	domain-containing protein
Pcub-MSU1_018_000028.1	eggnog	Nucleotide-sugar transporter
Pcub-MSU1_018_000029.1	blastp	Homology to Peronospora destructor predicted protein CAI5744624.1
Pcub-MSU1_018_000030.1	interproscan	PTHR14865 domain-containing protein
Pcub-MSU1_018_000031.1	blastp	Homology to Peronospora effusa predicted protein RMX67554.1
Pcub-MSU1_018_000579.1	eggnog	domain-containing protein
Pcub-MSU1_018_000578.1	eggnog	Protein kinase C conserved region 2 (CalB)
Pcub-MSU1_018_000577.1	eggnog	CoA pyrophosphatase activity
Pcub-MSU1_018_000032.1	blastp	Homology to Peronosclerospora sorghi predicted protein KAI9916747.1
Pcub-MSU1_018_000576.1	eggnog	domain-containing protein
Pcub-MSU1_018_000033.1	eggnog	regulation of superoxide dismutase activity
Pcub-MSU1_018_000034.1	eggnog	Major Facilitator Superfamily
Pcub-MSU1_018_000575.1	eggnog	Major Facilitator Superfamily
Pcub-MSU1_018_000574.1	unannotated	Hypothetical protein of unknown function
Pcub-MSU1_018_000573.1	eggnog	RING-like zinc finger
Pcub-MSU1_018_000035.1	eggnog	Methyltransferase required for the conversion of 2- polyprenyl-6-methoxy-1,4-benzoquinol (DDMQH2) to 2-polyprenyl-3- methyl-6-methoxy-1,4-benzoquinol (DMQH2)
Pcub-MSU1_018_000572.1	eggnog	Tetratricopeptide repeat
Pcub-MSU1_018_000571.1	eggnog	histone kinase activity (H2A-T120 specific)
Pcub-MSU1_018_000570.1	eggnog	EF-hand domain pair
Pcub-MSU1_018_000036.1	eggnog	AFG1-like ATPase
Pcub-MSU1_018_000037.1	unannotated	Hypothetical protein of unknown function
Pcub-MSU1_018_000038.1	unannotated	Hypothetical protein of unknown function
Pcub-MSU1_018_000039.1	unannotated	Hypothetical protein of unknown function
Pcub-MSU1_018_000040.1	unannotated	Hypothetical protein of unknown function
Pcub-MSU1_018_000041.1	unannotated	Hypothetical protein of unknown function
Pcub-MSU1_018_000042.1	unannotated	Hypothetical protein of unknown function
Pcub-MSU1_018_000043.1	unannotated	Hypothetical protein of unknown function
Pcub-MSU1_018_000044.1	unannotated	Hypothetical protein of unknown function
Pcub-MSU1_018_000045.1	unannotated	Hypothetical protein of unknown function
Pcub-MSU1_018_000046.1	unannotated	Hypothetical protein of unknown function
Pcub-MSU1_018_000047.1	unannotated	Hypothetical protein of unknown function
Pcub-MSU1_018_000048.1	unannotated	Hypothetical protein of unknown function
Pcub-MSU1_018_000049.1	unannotated	Hypothetical protein of unknown function
Pcub-MSU1_018_000050.1	unannotated	Hypothetical protein of unknown function
Pcub-MSU1_018_000051.1	unannotated	Hypothetical protein of unknown function
Pcub-MSU1_018_000052.1	unannotated	Hypothetical protein of unknown function
Pcub-MSU1_018_000053.1	unannotated	Hypothetical protein of unknown function
Pcub-MSU1_018_000054.1	unannotated	Hypothetical protein of unknown function
Pcub-MSU1_018_000055.1	unannotated	Hypothetical protein of unknown function
Pcub-MSU1_018_000056.1	unannotated	Hypothetical protein of unknown function
Pcub-MSU1_018_000057.1	unannotated	Hypothetical protein of unknown function
Pcub-MSU1_018_000058.1	unannotated	Hypothetical protein of unknown function
Pcub-MSU1_018_000059.1	unannotated	Hypothetical protein of unknown function
Pcub-MSU1_018_000060.1	unannotated	Hypothetical protein of unknown function
Pcub-MSU1_018_000061.1	unannotated	Hypothetical protein of unknown function
Pcub-MSU1_018_000062.1	unannotated	Hypothetical protein of unknown function
Pcub-MSU1_018_000063.1	unannotated	Hypothetical protein of unknown function
Pcub-MSU1_018_000064.1	unannotated	Hypothetical protein of unknown function
Pcub-MSU1_018_000065.1	unannotated	Hypothetical protein of unknown function
Pcub-MSU1_018_000066.1	unannotated	Hypothetical protein of unknown function
Pcub-MSU1_018_000067.1	unannotated	Hypothetical protein of unknown function
Pcub-MSU1_018_000068.1	unannotated	Hypothetical protein of unknown function
Pcub-MSU1_018_000069.1	unannotated	Hypothetical protein of unknown function
Pcub-MSU1_018_000070.1	unannotated	Hypothetical protein of unknown function
Pcub-MSU1_018_000071.1	unannotated	Hypothetical protein of unknown function
Pcub-MSU1_018_000072.1	unannotated	Hypothetical protein of unknown function
Pcub-MSU1_018_000073.1	unannotated	Hypothetical protein of unknown function
Pcub-MSU1_018_000074.1	unannotated	Hypothetical protein of unknown function
Pcub-MSU1_018_000075.1	unannotated	Hypothetical protein of unknown function
Pcub-MSU1_018_000076.1	unannotated	Hypothetical protein of unknown function
Pcub-MSU1_018_000077.1	unannotated	Hypothetical protein of unknown function
Pcub-MSU1_018_000078.1	unannotated	Hypothetical protein of unknown function
Pcub-MSU1_018_000079.1	unannotated	Hypothetical protein of unknown function
Pcub-MSU1_018_000080.1	unannotated	Hypothetical protein of unknown function
Pcub-MSU1_018_000081.1	unannotated	Hypothetical protein of unknown function
Pcub-MSU1_018_000082.1	unannotated	Hypothetical protein of unknown function
Pcub-MSU1_018_000083.1	unannotated	Hypothetical protein of unknown function
Pcub-MSU1_018_000084.1	unannotated	Hypothetical protein of unknown function
Pcub-MSU1_018_000085.1	unannotated	Hypothetical protein of unknown function
Pcub-MSU1_018_000086.1	unannotated	Hypothetical protein of unknown function
Pcub-MSU1_018_000087.1	unannotated	Hypothetical protein of unknown function
Pcub-MSU1_018_000088.1	unannotated	Hypothetical protein of unknown function
Pcub-MSU1_018_000089.1	unannotated	Hypothetical protein of unknown function
Pcub-MSU1_018_000090.1	unannotated	Hypothetical protein of unknown function
Pcub-MSU1_018_000091.1	unannotated	Hypothetical protein of unknown function
Pcub-MSU1_018_000092.1	unannotated	Hypothetical protein of unknown function
Pcub-MSU1_018_000093.1	unannotated	Hypothetical protein of unknown function
Pcub-MSU1_018_000094.1	unannotated	Hypothetical protein of unknown function
Pcub-MSU1_018_000095.1	unannotated	Hypothetical protein of unknown function
Pcub-MSU1_018_000096.1	unannotated	Hypothetical protein of unknown function
Pcub-MSU1_018_000097.1	unannotated	Hypothetical protein of unknown function
Pcub-MSU1_018_000098.1	unannotated	Hypothetical protein of unknown function
Pcub-MSU1_018_000099.1	unannotated	Hypothetical protein of unknown function
Pcub-MSU1_018_000100.1	unannotated	Hypothetical protein of unknown function
Pcub-MSU1_018_000101.1	unannotated	Hypothetical protein of unknown function
Pcub-MSU1_018_000102.1	unannotated	Hypothetical protein of unknown function
Pcub-MSU1_018_000103.1	unannotated	Hypothetical protein of unknown function
Pcub-MSU1_018_000104.1	unannotated	Hypothetical protein of unknown function
Pcub-MSU1_018_000105.1	unannotated	Hypothetical protein of unknown function
Pcub-MSU1_018_000106.1	unannotated	Hypothetical protein of unknown function
Pcub-MSU1_018_000107.1	unannotated	Hypothetical protein of unknown function
Pcub-MSU1_018_000108.1	unannotated	Hypothetical protein of unknown function
Pcub-MSU1_018_000109.1	unannotated	Hypothetical protein of unknown function
Pcub-MSU1_018_000110.1	unannotated	Hypothetical protein of unknown function
Pcub-MSU1_018_000111.1	unannotated	Hypothetical protein of unknown function
Pcub-MSU1_018_000112.1	unannotated	Hypothetical protein of unknown function
Pcub-MSU1_018_000113.1	unannotated	Hypothetical protein of unknown function
Pcub-MSU1_018_000114.1	unannotated	Hypothetical protein of unknown function
Pcub-MSU1_018_000115.1	unannotated	Hypothetical protein of unknown function
Pcub-MSU1_018_000116.1	unannotated	Hypothetical protein of unknown function
Pcub-MSU1_018_000117.1	unannotated	Hypothetical protein of unknown function
Pcub-MSU1_018_000118.1	unannotated	Hypothetical protein of unknown function
Pcub-MSU1_018_000119.1	unannotated	Hypothetical protein of unknown function
Pcub-MSU1_018_000120.1	unannotated	Hypothetical protein of unknown function
Pcub-MSU1_018_000121.1	unannotated	Hypothetical protein of unknown function
Pcub-MSU1_018_000122.1	unannotated	Hypothetical protein of unknown function
Pcub-MSU1_018_000123.1	unannotated	Hypothetical protein of unknown function
Pcub-MSU1_018_000124.1	unannotated	Hypothetical protein of unknown function
Pcub-MSU1_018_000125.1	unannotated	Hypothetical protein of unknown function
Pcub-MSU1_018_000126.1	unannotated	Hypothetical protein of unknown function
Pcub-MSU1_018_000127.1	unannotated	Hypothetical protein of unknown function
Pcub-MSU1_018_000128.1	unannotated	Hypothetical protein of unknown function
Pcub-MSU1_018_000129.1	unannotated	Hypothetical protein of unknown function
Pcub-MSU1_018_000130.1	unannotated	Hypothetical protein of unknown function
Pcub-MSU1_018_000131.1	unannotated	Hypothetical protein of unknown function
Pcub-MSU1_018_000132.1	unannotated	Hypothetical protein of unknown function
Pcub-MSU1_018_000133.1	unannotated	Hypothetical protein of unknown function
Pcub-MSU1_018_000134.1	unannotated	Hypothetical protein of unknown function
Pcub-MSU1_018_000135.1	unannotated	Hypothetical protein of unknown function
Pcub-MSU1_018_000136.1	unannotated	Hypothetical protein of unknown function
Pcub-MSU1_018_000137.1	unannotated	Hypothetical protein of unknown function
Pcub-MSU1_018_000138.1	unannotated	Hypothetical protein of unknown function
Pcub-MSU1_018_000139.1	unannotated	Hypothetical protein of unknown function
Pcub-MSU1_018_000140.1	unannotated	Hypothetical protein of unknown function
Pcub-MSU1_018_000141.1	unannotated	Hypothetical protein of unknown function
Pcub-MSU1_018_000142.1	unannotated	Hypothetical protein of unknown function
Pcub-MSU1_018_000143.1	unannotated	Hypothetical protein of unknown function
Pcub-MSU1_018_000144.1	unannotated	Hypothetical protein of unknown function
Pcub-MSU1_018_000145.1	unannotated	Hypothetical protein of unknown function
Pcub-MSU1_018_000146.1	unannotated	Hypothetical protein of unknown function
Pcub-MSU1_018_000147.1	unannotated	Hypothetical protein of unknown function
Pcub-MSU1_018_000148.1	unannotated	Hypothetical protein of unknown function
Pcub-MSU1_018_000149.1	unannotated	Hypothetical protein of unknown function
Pcub-MSU1_018_000150.1	unannotated	Hypothetical protein of unknown function
Pcub-MSU1_018_000151.1	unannotated	Hypothetical protein of unknown function
Pcub-MSU1_018_000152.1	unannotated	Hypothetical protein of unknown function
Pcub-MSU1_018_000153.1	unannotated	Hypothetical protein of unknown function
Pcub-MSU1_018_000154.1	unannotated	Hypothetical protein of unknown function
Pcub-MSU1_018_000155.1	unannotated	Hypothetical protein of unknown function
Pcub-MSU1_018_000156.1	unannotated	Hypothetical protein of unknown function
Pcub-MSU1_018_000157.1	unannotated	Hypothetical protein of unknown function
Pcub-MSU1_018_000158.1	unannotated	Hypothetical protein of unknown function
Pcub-MSU1_018_000159.1	unannotated	Hypothetical protein of unknown function
Pcub-MSU1_018_000160.1	unannotated	Hypothetical protein of unknown function
Pcub-MSU1_018_000161.1	unannotated	Hypothetical protein of unknown function
Pcub-MSU1_018_000162.1	unannotated	Hypothetical protein of unknown function
Pcub-MSU1_018_000163.1	unannotated	Hypothetical protein of unknown function
Pcub-MSU1_018_000164.1	unannotated	Hypothetical protein of unknown function
Pcub-MSU1_018_000165.1	unannotated	Hypothetical protein of unknown function
Pcub-MSU1_018_000166.1	unannotated	Hypothetical protein of unknown function
Pcub-MSU1_018_000167.1	unannotated	Hypothetical protein of unknown function
Pcub-MSU1_018_000168.1	unannotated	Hypothetical protein of unknown function
Pcub-MSU1_018_000169.1	unannotated	Hypothetical protein of unknown function
Pcub-MSU1_018_000170.1	unannotated	Hypothetical protein of unknown function
Pcub-MSU1_018_000171.1	unannotated	Hypothetical protein of unknown function
Pcub-MSU1_018_000172.1	unannotated	Hypothetical protein of unknown function
Pcub-MSU1_018_000173.1	unannotated	Hypothetical protein of unknown function
Pcub-MSU1_018_000174.1	unannotated	Hypothetical protein of unknown function
Pcub-MSU1_018_000175.1	unannotated	Hypothetical protein of unknown function
Pcub-MSU1_018_000176.1	unannotated	Hypothetical protein of unknown function
Pcub-MSU1_018_000177.1	unannotated	Hypothetical protein of unknown function
Pcub-MSU1_018_000178.1	unannotated	Hypothetical protein of unknown function
Pcub-MSU1_018_000179.1	unannotated	Hypothetical protein of unknown function
Pcub-MSU1_018_000180.1	unannotated	Hypothetical protein of unknown function
Pcub-MSU1_018_000181.1	unannotated	Hypothetical protein of unknown function
Pcub-MSU1_018_000182.1	unannotated	Hypothetical protein of unknown function
Pcub-MSU1_018_000183.1	unannotated	Hypothetical protein of unknown function
Pcub-MSU1_018_000184.1	unannotated	Hypothetical protein of unknown function
Pcub-MSU1_018_000185.1	unannotated	Hypothetical protein of unknown function
Pcub-MSU1_018_000186.1	unannotated	Hypothetical protein of unknown function
Pcub-MSU1_018_000187.1	unannotated	Hypothetical protein of unknown function
Pcub-MSU1_018_000188.1	unannotated	Hypothetical protein of unknown function
Pcub-MSU1_018_000189.1	unannotated	Hypothetical protein of unknown function
Pcub-MSU1_018_000190.1	unannotated	Hypothetical protein of unknown function
Pcub-MSU1_018_000191.1	unannotated	Hypothetical protein of unknown function
Pcub-MSU1_018_000192.1	unannotated	Hypothetical protein of unknown function
Pcub-MSU1_018_000193.1	unannotated	Hypothetical protein of unknown function
Pcub-MSU1_018_000194.1	unannotated	Hypothetical protein of unknown function
Pcub-MSU1_018_000195.1	unannotated	Hypothetical protein of unknown function
Pcub-MSU1_018_000196.1	unannotated	Hypothetical protein of unknown function
Pcub-MSU1_018_000197.1	unannotated	Hypothetical protein of unknown function
Pcub-MSU1_018_000198.1	unannotated	Hypothetical protein of unknown function
Pcub-MSU1_018_000199.1	unannotated	Hypothetical protein of unknown function
Pcub-MSU1_018_000200.1	unannotated	Hypothetical protein of unknown function
Pcub-MSU1_018_000201.1	unannotated	Hypothetical protein of unknown function
Pcub-MSU1_018_000202.1	unannotated	Hypothetical protein of unknown function
Pcub-MSU1_018_000203.1	unannotated	Hypothetical protein of unknown function
Pcub-MSU1_018_000204.1	unannotated	Hypothetical protein of unknown function
Pcub-MSU1_018_000205.1	unannotated	Hypothetical protein of unknown function
Pcub-MSU1_018_000206.1	unannotated	Hypothetical protein of unknown function
Pcub-MSU1_018_000207.1	unannotated	Hypothetical protein of unknown function
Pcub-MSU1_018_000208.1	unannotated	Hypothetical protein of unknown function
Pcub-MSU1_018_000209.1	unannotated	Hypothetical protein of unknown function
Pcub-MSU1_018_000210.1	unannotated	Hypothetical protein of unknown function
Pcub-MSU1_018_000211.1	unannotated	Hypothetical protein of unknown function
Pcub-MSU1_018_000212.1	unannotated	Hypothetical protein of unknown function
Pcub-MSU1_018_000213.1	unannotated	Hypothetical protein of unknown function
Pcub-MSU1_018_000214.1	unannotated	Hypothetical protein of unknown function
Pcub-MSU1_018_000215.1	unannotated	Hypothetical protein of unknown function
Pcub-MSU1_018_000216.1	unannotated	Hypothetical protein of unknown function
Pcub-MSU1_018_000217.1	unannotated	Hypothetical protein of unknown function
Pcub-MSU1_018_000218.1	unannotated	Hypothetical protein of unknown function
Pcub-MSU1_018_000219.1	unannotated	Hypothetical protein of unknown function
Pcub-MSU1_018_000220.1	unannotated	Hypothetical protein of unknown function
Pcub-MSU1_018_000221.1	unannotated	Hypothetical protein of unknown function
Pcub-MSU1_018_000222.1	unannotated	Hypothetical protein of unknown function
Pcub-MSU1_018_000223.1	unannotated	Hypothetical protein of unknown function
Pcub-MSU1_018_000224.1	unannotated	Hypothetical protein of unknown function
Pcub-MSU1_018_000225.1	unannotated	Hypothetical protein of unknown function
Pcub-MSU1_018_000226.1	unannotated	Hypothetical protein of unknown function
Pcub-MSU1_018_000227.1	unannotated	Hypothetical protein of unknown function
Pcub-MSU1_018_000228.1	unannotated	Hypothetical protein of unknown function
Pcub-MSU1_018_000229.1	blastp	Homology to Peronospora belbahrii predicted protein CAH0482378.1
Pcub-MSU1_018_000230.1	unannotated	Hypothetical protein of unknown function
Pcub-MSU1_018_000231.1	blastp	Homology to Peronospora belbahrii predicted protein CAH0482378.1
Pcub-MSU1_018_000232.1	unannotated	Hypothetical protein of unknown function
Pcub-MSU1_018_000233.1	unannotated	Hypothetical protein of unknown function
Pcub-MSU1_018_000234.1	unannotated	Hypothetical protein of unknown function
Pcub-MSU1_018_000235.1	unannotated	Hypothetical protein of unknown function
Pcub-MSU1_018_000236.1	unannotated	Hypothetical protein of unknown function
Pcub-MSU1_018_000237.1	blastp	Homology to Peronospora belbahrii predicted protein CAH0482378.1
Pcub-MSU1_018_000238.1	blastp	Homology to Peronospora belbahrii predicted protein CAH0482378.1
Pcub-MSU1_018_000239.1	blastp	Homology to Peronospora belbahrii predicted protein CAH0482378.1
Pcub-MSU1_018_000240.1	unannotated	Hypothetical protein of unknown function
Pcub-MSU1_018_000241.1	unannotated	Hypothetical protein of unknown function
Pcub-MSU1_018_000242.1	unannotated	Hypothetical protein of unknown function
Pcub-MSU1_018_000243.1	unannotated	Hypothetical protein of unknown function
Pcub-MSU1_018_000244.1	unannotated	Hypothetical protein of unknown function
Pcub-MSU1_018_000245.1	unannotated	Hypothetical protein of unknown function
Pcub-MSU1_018_000246.1	blastp	Homology to Peronospora belbahrii predicted protein CAH0482378.1
Pcub-MSU1_018_000247.1	unannotated	Hypothetical protein of unknown function
Pcub-MSU1_018_000248.1	unannotated	Hypothetical protein of unknown function
Pcub-MSU1_018_000249.1	unannotated	Hypothetical protein of unknown function
Pcub-MSU1_018_000250.1	unannotated	Hypothetical protein of unknown function
Pcub-MSU1_018_000251.1	unannotated	Hypothetical protein of unknown function
Pcub-MSU1_018_000252.1	unannotated	Hypothetical protein of unknown function
Pcub-MSU1_018_000253.1	unannotated	Hypothetical protein of unknown function
Pcub-MSU1_018_000254.1	unannotated	Hypothetical protein of unknown function
Pcub-MSU1_018_000255.1	unannotated	Hypothetical protein of unknown function
Pcub-MSU1_018_000569.1	blastp	Homology to Phytophthora palmivora predicted protein POM61495.1
Pcub-MSU1_018_000256.1	blastp	Homology to Peronospora destructor predicted protein CAI5728509.1
Pcub-MSU1_018_000257.1	unannotated	Hypothetical protein of unknown function
Pcub-MSU1_018_000258.1	eggnog	domain-containing protein
Pcub-MSU1_018_000259.1	eggnog	MAP kinase kinase kinase activity
Pcub-MSU1_018_000260.1	eggnog	RING-like zinc finger
Pcub-MSU1_018_000261.1	eggnog	Belongs to the ABC transporter superfamily
Pcub-MSU1_018_000262.1	eggnog	Calcineurin-like phosphoesterase
Pcub-MSU1_018_000568.1	eggnog	Belongs to the major facilitator superfamily
Pcub-MSU1_018_000263.1	eggnog	Protein of unknown function (DUF962)
Pcub-MSU1_018_000567.1	eggnog	EF-hand, calcium binding motif
Pcub-MSU1_018_000566.1	eggnog	RNA recognition motif
Pcub-MSU1_018_000565.1	eggnog	Belongs to the major facilitator superfamily
Pcub-MSU1_018_000264.1	blastp	Homology to Peronospora effusa predicted protein CAI5708742.1
Pcub-MSU1_018_000564.1	eggnog	DSHCT
Pcub-MSU1_018_000265.1	eggnog	CDK-activating kinase assembly factor MAT1
Pcub-MSU1_018_000266.1	unannotated	Hypothetical protein of unknown function
Pcub-MSU1_018_000563.1	eggnog	domain-containing protein
Pcub-MSU1_018_000267.1	eggnog	EF-hand, calcium binding motif
Pcub-MSU1_018_000562.1	interproscan	PTHR40855 domain-containing protein
Pcub-MSU1_018_000561.1	eggnog	Splicing factor 3B subunit
Pcub-MSU1_018_000560.1	eggnog	Trypsin-like serine protease
Pcub-MSU1_018_000268.1	eggnog	Trypsin-like serine protease
Pcub-MSU1_018_000269.1	eggnog	Protein of unknown function (DUF1336)
Pcub-MSU1_018_000270.1	blastp	Homology to Peronospora belbahrii predicted protein CAH0515372.1
Pcub-MSU1_018_000559.1	unannotated	Hypothetical protein of unknown function
Pcub-MSU1_018_000271.1	blastp	Homology to Phytophthora fragariaefolia predicted protein GMF21159.1
Pcub-MSU1_018_000272.1	blastp	Homology to Peronospora farinosa predicted protein CAH0490455.1
Pcub-MSU1_018_000273.1	unannotated	Hypothetical protein of unknown function
Pcub-MSU1_018_000558.1	blastp	Homology to Peronospora belbahrii predicted protein CAH0515372.1
Pcub-MSU1_018_000557.1	eggnog	Protein of unknown function (DUF1336)
Pcub-MSU1_018_000556.1	eggnog	Protein of unknown function (DUF1336)
Pcub-MSU1_018_000274.1	eggnog	Cullin
Pcub-MSU1_018_000555.1	eggnog	Transcription factor TFIID (or TATA-binding protein, TBP)
Pcub-MSU1_018_000275.1	blastp	Homology to Phytophthora pseudosyringae predicted protein KAG7388149.1
Pcub-MSU1_018_000554.1	eggnog	TAFII55 protein conserved region
Pcub-MSU1_018_000276.1	eggnog	ABC transporter transmembrane region
Pcub-MSU1_018_000277.1	blastp	Homology to Phytophthora nicotianae predicted protein XP_008909284.1
Pcub-MSU1_018_000278.1	interproscan	PTHR13351 domain-containing protein
Pcub-MSU1_018_000553.1	blastp	Homology to Phytophthora pseudosyringae predicted protein KAG7388149.1
Pcub-MSU1_018_000552.1	blastp	Homology to Phytophthora pseudosyringae predicted protein KAG7388139.1
Pcub-MSU1_018_000279.1	unannotated	Hypothetical protein of unknown function
Pcub-MSU1_018_000280.1	eggnog	ABC transporter transmembrane region
Pcub-MSU1_018_000281.1	interproscan	SSF56815 domain-containing protein
Pcub-MSU1_018_000282.1	eggnog	tRNA synthetases class II core domain (F)
Pcub-MSU1_018_000283.1	eggnog	Sec1 family
Pcub-MSU1_018_000551.1	eggnog	Cytochrome P450
Pcub-MSU1_018_000550.1	eggnog	Radial spokehead-like protein
Pcub-MSU1_018_000549.1	blastp	Homology to Peronospora effusa predicted protein CAI5709713.1
Pcub-MSU1_018_000284.1	eggnog	EF hand
Pcub-MSU1_018_000285.1	eggnog	Pyridoxal-phosphate dependent enzyme
Pcub-MSU1_018_000286.1	eggnog	Short calmodulin-binding motif containing conserved Ile and Gln residues
Pcub-MSU1_018_000548.1	blastp	Homology to Phytophthora idaei;Phytophthora aleatoria predicted protein KAG3112997.1
Pcub-MSU1_018_000547.1	eggnog	domain-containing protein
Pcub-MSU1_018_000287.1	eggnog	domain-containing protein
Pcub-MSU1_018_000546.1	eggnog	Dak2
Pcub-MSU1_018_000288.1	interproscan	PTHR22093 domain-containing protein
Pcub-MSU1_018_000545.1	eggnog	domain-containing protein
Pcub-MSU1_018_000544.1	eggnog	domain-containing protein
Pcub-MSU1_018_000543.1	eggnog	Myosin. Large ATPases
Pcub-MSU1_018_000289.1	eggnog	Membrane fusion protein Use1
Pcub-MSU1_018_000542.1	interproscan	PTHR31513 domain-containing protein
Pcub-MSU1_018_000290.1	eggnog	Nuclear pore complex scaffold, nucleoporins 186/192/205
Pcub-MSU1_018_000291.1	eggnog	Fungal protein of unknown function (DUF1752)
Pcub-MSU1_018_000541.1	eggnog	Origin recognition complex (ORC) subunit 5 C-terminus
Pcub-MSU1_018_000292.1	eggnog	Alkyl sulfatase C-terminal
Pcub-MSU1_018_000540.1	blastp	Homology to Phytophthora palmivora predicted protein POM59570.1
Pcub-MSU1_018_000293.1	eggnog	ubiquitin protein ligase binding
Pcub-MSU1_018_000539.1	eggnog	zinc finger
Pcub-MSU1_018_000294.1	eggnog	Putative GTP-ase activating proteins for the small GTPase, ARF
Pcub-MSU1_018_000295.1	interproscan	PTHR13510 domain-containing protein
Pcub-MSU1_018_000296.1	interproscan	PTHR13510 domain-containing protein
Pcub-MSU1_018_000297.1	interproscan	PTHR13510 domain-containing protein
Pcub-MSU1_018_000298.1	interproscan	PTHR13510 domain-containing protein
Pcub-MSU1_018_000299.1	eggnog	Ubiquitin carboxyl-terminal hydrolase
Pcub-MSU1_018_000538.1	eggnog	Nitrogen Permease regulator of amino acid transport activity 3
Pcub-MSU1_018_000300.1	blastp	Homology to Phytophthora pseudosyringae predicted protein KAG7384392.1
Pcub-MSU1_018_000301.1	eggnog	Abhydrolase domain containing 18
Pcub-MSU1_018_000537.1	eggnog	Nitrogen Permease regulator of amino acid transport activity 3
Pcub-MSU1_018_000302.1	eggnog	LMBR1-like membrane protein
Pcub-MSU1_018_000303.1	eggnog	L-arabinose catabolic process
Pcub-MSU1_018_000536.1	blastp	Homology to Phytophthora pseudosyringae predicted protein KAG7384392.1
Pcub-MSU1_018_000535.1	eggnog	Eukaryotic domain of unknown function (DUF1716)
Pcub-MSU1_018_000304.1	unannotated	Hypothetical protein of unknown function
Pcub-MSU1_018_000305.1	eggnog	Ubiquitin carboxyl-terminal hydrolase
Pcub-MSU1_018_000534.1	eggnog	galactosyltransferase activity
Pcub-MSU1_018_000306.1	interproscan	PTHR38899 domain-containing protein
Pcub-MSU1_018_000307.1	blastp	Homology to Phytophthora cactorum predicted protein KAG2784088.1
Pcub-MSU1_018_000308.1	eggnog	nuclear-transcribed mRNA catabolic process, nonsense-mediated decay
Pcub-MSU1_018_000533.1	eggnog	domain-containing protein
Pcub-MSU1_018_000309.1	eggnog	domain-containing protein
Pcub-MSU1_018_000310.1	eggnog	protein modification by small protein conjugation or removal (DCAF4)
Pcub-MSU1_018_000532.1	unannotated	Hypothetical protein of unknown function
Pcub-MSU1_018_000311.1	eggnog	Component of the eukaryotic translation initiation factor 3 (eIF-3) complex, which is involved in protein synthesis and, together with other initiation factors, stimulates binding of mRNA and methionyl-tRNAi to the 40S ribosome
Pcub-MSU1_018_000531.1	eggnog	Protein tyrosine kinase
Pcub-MSU1_018_000312.1	eggnog	Myo-inositol oxygenase
Pcub-MSU1_018_000530.1	eggnog	zinc ion binding
Pcub-MSU1_018_000313.1	eggnog	Mob1/phocein family
Pcub-MSU1_018_000529.1	blastp	Homology to Peronospora farinosa predicted protein CAH0491817.1
Pcub-MSU1_018_000314.1	blastp	Homology to Peronospora effusa predicted protein RMX67371.1
Pcub-MSU1_018_000528.1	eggnog	Mob1/phocein family
Pcub-MSU1_018_000315.1	eggnog	Alpha/beta hydrolase of unknown function (DUF1057)
Pcub-MSU1_018_000316.1	eggnog	Alpha/beta hydrolase of unknown function (DUF1057)
Pcub-MSU1_018_000317.1	eggnog	Functions in the early steps of protein synthesis of a small number of specific mRNAs
Pcub-MSU1_018_000527.1	blastp	Homology to Phytophthora pseudosyringae predicted protein KAG7381878.1
Pcub-MSU1_018_000318.1	blastp	Homology to Peronospora farinosa predicted protein CAH0487001.1
Pcub-MSU1_018_000526.1	eggnog	Enoyl-CoA hydratase/isomerase
Pcub-MSU1_018_000525.1	eggnog	Catalyzes a 2-step reaction, involving the ATP-dependent carboxylation of the covalently attached biotin in the first step and the transfer of the carboxyl group to pyruvate in the second
Pcub-MSU1_018_000319.1	eggnog	Bifunctional dethiobiotin synthetase adenosylmethionine-8-amino-7-oxononanoate aminotransferase
Pcub-MSU1_018_000524.1	eggnog	domain-containing protein
Pcub-MSU1_018_000320.1	eggnog	Unconventional myosin tail, actin- and lipid-binding
Pcub-MSU1_018_000523.1	eggnog	domain-containing protein
Pcub-MSU1_018_000522.1	eggnog	Ctf8
Pcub-MSU1_018_000321.1	eggnog	AMP-binding enzyme
Pcub-MSU1_018_000521.1	eggnog	domain-containing protein
Pcub-MSU1_018_000520.1	eggnog	1,3-beta-glucan synthase subunit FKS1
Pcub-MSU1_018_000519.1	eggnog	Interconversion of serine and glycine
Pcub-MSU1_018_000518.1	eggnog	Lysine methyltransferase
Pcub-MSU1_018_000322.1	eggnog	domain-containing protein
Pcub-MSU1_018_000517.1	eggnog	protein localization (CCDC53)
Pcub-MSU1_018_000516.1	eggnog	MCM2/3/5 family
Pcub-MSU1_018_000323.1	eggnog	domain-containing protein
Pcub-MSU1_018_000324.1	interproscan	PTHR13278 domain-containing protein
Pcub-MSU1_018_000515.1	blastp	Homology to Phytophthora sojae predicted protein XP_009534754.1
Pcub-MSU1_018_000514.1	blastp	Homology to Peronospora belbahrii predicted protein CAH0520491.1
Pcub-MSU1_018_000325.1	blastp	Homology to Peronospora belbahrii predicted protein CAH0520491.1
Pcub-MSU1_018_000326.1	eggnog	ATP11 protein
Pcub-MSU1_018_000513.1	eggnog	domain-containing protein
Pcub-MSU1_018_000512.1	eggnog	Heat shock protein
Pcub-MSU1_018_000511.1	eggnog	Domain Homologous to E6-AP Carboxyl Terminus with
Pcub-MSU1_018_000510.1	blastp	Homology to Phytophthora lilii predicted protein GMF65791.1
Pcub-MSU1_018_000327.1	eggnog	Uncharacterized conserved protein (DUF2054)
Pcub-MSU1_018_000328.1	eggnog	domain-containing protein
Pcub-MSU1_018_000329.1	eggnog	domain-containing protein
Pcub-MSU1_018_000509.1	eggnog	domain-containing protein
Pcub-MSU1_018_000508.1	interproscan	PTHR31827 domain-containing protein
Pcub-MSU1_018_000330.1	eggnog	Lysine methyltransferase
Pcub-MSU1_018_000331.1	eggnog	LMBR1-like membrane protein
Pcub-MSU1_018_000507.1	eggnog	Acetyltransferase (GNAT) family
Pcub-MSU1_018_000506.1	eggnog	Acetyltransferase (GNAT) family
Pcub-MSU1_018_000505.1	blastp	Homology to Phytophthora palmivora predicted protein POM72270.1
Pcub-MSU1_018_000504.1	eggnog	Crinkler (CRN) family protein
Pcub-MSU1_018_000332.1	blastp	Homology to Peronospora farinosa predicted protein CAI5739666.1
Pcub-MSU1_018_000503.1	eggnog	domain-containing protein
Pcub-MSU1_018_000333.1	eggnog	MoaC family
Pcub-MSU1_018_000502.1	interproscan	G3DSA:2.30.30.140 domain-containing protein
Pcub-MSU1_018_000501.1	interproscan	G3DSA:1.20.1020.10 domain-containing protein
Pcub-MSU1_018_000334.1	eggnog	Poly(ADP-ribose) polymerase and DNA-Ligase Zn-finger region
Pcub-MSU1_018_000335.1	eggnog	Poly(ADP-ribose) polymerase and DNA-Ligase Zn-finger region
Pcub-MSU1_018_000500.1	eggnog	Poly(ADP-ribose) polymerase and DNA-Ligase Zn-finger region
Pcub-MSU1_018_000336.1	eggnog	Tim17/Tim22/Tim23/Pmp24 family
Pcub-MSU1_018_000499.1	eggnog	domain-containing protein
Pcub-MSU1_018_000337.1	interproscan	PTHR23055 domain-containing protein
Pcub-MSU1_018_000338.1	eggnog	Transmembrane protein 65
Pcub-MSU1_018_000339.1	eggnog	NADH-ubiquinone reductase complex 1 MLRQ subunit
Pcub-MSU1_018_000498.1	eggnog	domain-containing protein
Pcub-MSU1_018_000340.1	eggnog	Protein tyrosine kinase
Pcub-MSU1_018_000497.1	eggnog	IQ calmodulin-binding motif
Pcub-MSU1_018_000496.1	blastp	Homology to Phytophthora pseudosyringae predicted protein KAG7384678.1
Pcub-MSU1_018_000341.1	eggnog	PQ loop repeat
Pcub-MSU1_018_000342.1	interproscan	PTHR39063 domain-containing protein
Pcub-MSU1_018_000343.1	blastp	Homology to Phytophthora pseudosyringae predicted protein KAG7378267.1
Pcub-MSU1_018_000344.1	eggnog	domain-containing protein
Pcub-MSU1_018_000345.1	eggnog	Protein kinase C conserved region 2 (CalB)
Pcub-MSU1_018_000346.1	eggnog	Protein kinase C conserved region 2 (CalB)
Pcub-MSU1_018_000495.1	eggnog	Sir2 family
Pcub-MSU1_018_000347.1	eggnog	Sir2 family
Pcub-MSU1_018_000494.1	unannotated	Hypothetical protein of unknown function
Pcub-MSU1_018_000493.1	eggnog	Protein kinase C conserved region 2 (CalB)
Pcub-MSU1_018_000492.1	blastp	Homology to Peronospora effusa predicted protein CAI5708042.1
Pcub-MSU1_018_000491.1	blastp	Homology to Peronospora belbahrii predicted protein CAH0520492.1
Pcub-MSU1_018_000490.1	eggnog	1,3-beta-glucan synthase subunit FKS1
Pcub-MSU1_018_000348.1	blastp	Homology to Phytophthora cactorum predicted protein KAG2778077.1
Pcub-MSU1_018_000489.1	eggnog	TAZ zinc finger
Pcub-MSU1_018_000349.1	eggnog	domain-containing protein
Pcub-MSU1_018_000488.1	eggnog	domain-containing protein
Pcub-MSU1_018_000350.1	eggnog	RNA recognition motif
Pcub-MSU1_018_000487.1	eggnog	WD40 repeats
Pcub-MSU1_018_000351.1	eggnog	WD40 repeats
Pcub-MSU1_018_000352.1	eggnog	Coiled coil protein 84
Pcub-MSU1_018_000486.1	eggnog	hAT family C-terminal dimerisation region
Pcub-MSU1_018_000353.1	eggnog	Protein kinase C conserved region 2 (CalB)
Pcub-MSU1_018_000354.1	eggnog	Short calmodulin-binding motif containing conserved Ile and Gln residues
Pcub-MSU1_018_000485.1	eggnog	FR47-like protein
Pcub-MSU1_018_000355.1	eggnog	Cofactor of BRCA1 (COBRA1)
Pcub-MSU1_018_000484.1	eggnog	Belongs to the protein-tyrosine phosphatase family
Pcub-MSU1_018_000483.1	eggnog	endoplasmic reticulum-plasma membrane tethering
Pcub-MSU1_018_000482.1	eggnog	MFS/sugar transport protein
Pcub-MSU1_018_000356.1	eggnog	EGF domain, unclasssified subfamily
Pcub-MSU1_018_000357.1	eggnog	endoplasmic reticulum-plasma membrane tethering
Pcub-MSU1_018_000358.1	eggnog	Belongs to the protein-tyrosine phosphatase family
Pcub-MSU1_018_000359.1	eggnog	STIMATE family
Pcub-MSU1_018_000481.1	eggnog	Belongs to the TRAFAC class myosin-kinesin ATPase superfamily
Pcub-MSU1_018_000480.1	eggnog	Endomembrane protein 70
Pcub-MSU1_018_000479.1	eggnog	domain-containing protein
Pcub-MSU1_018_000478.1	eggnog	domain-containing protein
Pcub-MSU1_018_000360.1	blastp	Homology to Peronospora destructor predicted protein CAI5733780.1
Pcub-MSU1_018_000477.1	eggnog	Helix-hairpin-helix class 2 (Pol1 family) motifs
Pcub-MSU1_018_000476.1	eggnog	Helix-hairpin-helix class 2 (Pol1 family) motifs
Pcub-MSU1_018_000475.1	interproscan	PTHR15502 domain-containing protein
Pcub-MSU1_018_000361.1	interproscan	G3DSA:1.10.1520.10 domain-containing protein
Pcub-MSU1_018_000474.1	blastp	Homology to Phytophthora pseudosyringae predicted protein KAG7380694.1
Pcub-MSU1_018_000473.1	unannotated	Hypothetical protein of unknown function
Pcub-MSU1_018_000472.1	unannotated	Hypothetical protein of unknown function
Pcub-MSU1_018_000471.1	unannotated	Hypothetical protein of unknown function
Pcub-MSU1_018_000362.1	interproscan	PTHR40515 domain-containing protein
Pcub-MSU1_018_000470.1	eggnog	ABC transporter transmembrane region
Pcub-MSU1_018_000363.1	eggnog	assists the folding of proteins upon ATP hydrolysis
Pcub-MSU1_018_000364.1	blastp	Homology to Phytophthora nicotianae predicted protein ETI42408.1
Pcub-MSU1_018_000469.1	blastp	Homology to Peronospora farinosa predicted protein CAI5739481.1
Pcub-MSU1_018_000365.1	eggnog	Calcium-binding protein
Pcub-MSU1_018_000366.1	eggnog	cAMP-regulated phosphoprotein/endosulfine conserved region
Pcub-MSU1_018_000367.1	interproscan	G3DSA:1.25.40.10 domain-containing protein
Pcub-MSU1_018_000468.1	eggnog	regulation of response to stimulus
Pcub-MSU1_018_000368.1	eggnog	Putative RNA methyltransferase
Pcub-MSU1_018_000467.1	eggnog	Endonuclease/Exonuclease/phosphatase family
Pcub-MSU1_018_000369.1	eggnog	cytochrome P450
Pcub-MSU1_018_000466.1	eggnog	cytochrome P450
Pcub-MSU1_018_000370.1	eggnog	cytochrome P450
Pcub-MSU1_018_000465.1	eggnog	Class-II DAHP synthetase family
Pcub-MSU1_018_000464.1	blastp	Homology to Phytophthora pseudosyringae predicted protein KAG7382648.1
Pcub-MSU1_018_000371.1	blastp	Homology to Phytophthora pseudosyringae predicted protein KAG7382648.1
Pcub-MSU1_018_000463.1	unannotated	Hypothetical protein of unknown function
Pcub-MSU1_018_000462.1	eggnog	AMP-binding enzyme
Pcub-MSU1_018_000372.1	interproscan	PTHR30509 domain-containing protein
Pcub-MSU1_018_000373.1	interproscan	PTHR30509 domain-containing protein
Pcub-MSU1_018_000374.1	interproscan	PTHR30509 domain-containing protein
Pcub-MSU1_018_000375.1	interproscan	PTHR30509 domain-containing protein
Pcub-MSU1_018_000376.1	interproscan	PTHR30509 domain-containing protein
Pcub-MSU1_018_000377.1	interproscan	PTHR30509 domain-containing protein
Pcub-MSU1_018_000378.1	interproscan	PTHR30509 domain-containing protein
Pcub-MSU1_018_000379.1	interproscan	PTHR30509 domain-containing protein
Pcub-MSU1_018_000461.1	eggnog	LEM3 (ligand-effect modulator 3) family / CDC50 family
Pcub-MSU1_018_000460.1	eggnog	Hypoxia induced protein conserved region
Pcub-MSU1_018_000459.1	interproscan	c(""""""""Pol polyprotein"""""""", """""""" beta-barrel domain"""""""") (PF22936)
Pcub-MSU1_018_000380.1	interproscan	PTHR30509 domain-containing protein
Pcub-MSU1_018_000381.1	eggnog	domain-containing protein
Pcub-MSU1_018_000382.1	eggnog	Protein phosphatase 2A regulatory B subunit (B56 family)
Pcub-MSU1_018_000383.1	eggnog	Produces ATP from ADP in the presence of a proton gradient across the membrane
Pcub-MSU1_018_000458.1	eggnog	Ribosomal protein S18
Pcub-MSU1_018_000457.1	eggnog	Protein phosphatase 2A regulatory B subunit (B56 family)
Pcub-MSU1_018_000384.1	blastp	Homology to Phytophthora nicotianae predicted protein ETO71306.1
Pcub-MSU1_018_000385.1	interproscan	G3DSA:3.40.140.10 domain-containing protein
Pcub-MSU1_018_000456.1	eggnog	WD40 repeats
Pcub-MSU1_018_000386.1	blastp	Homology to Phytophthora cactorum predicted protein KAG2765757.1
Pcub-MSU1_018_000455.1	blastp	Homology to Peronospora destructor predicted protein CAI5736948.1
Pcub-MSU1_018_000387.1	blastp	Homology to Phytophthora pseudosyringae predicted protein KAG7391398.1
Pcub-MSU1_018_000454.1	eggnog	Fumarase C C-terminus
Pcub-MSU1_018_000453.1	eggnog	Leucine Rich repeat
Pcub-MSU1_018_000388.1	eggnog	protein N-acetylglucosaminyltransferase activity
Pcub-MSU1_018_000452.1	eggnog	KHA, dimerisation domain of potassium ion channel
Pcub-MSU1_018_000389.1	eggnog	Ubiquitin-conjugating enzyme E2, catalytic domain homologues
Pcub-MSU1_018_000390.1	eggnog	methyltransferase BMT2 homolog
Pcub-MSU1_018_000451.1	eggnog	domain-containing protein
Pcub-MSU1_018_000391.1	blastp	Homology to Peronospora effusa predicted protein CAI5707901.1
Pcub-MSU1_018_000450.1	eggnog	Transmembrane amino acid transporter protein
Pcub-MSU1_018_000392.1	eggnog	domain-containing protein
Pcub-MSU1_018_000449.1	eggnog	regulation of Rab protein signal transduction
Pcub-MSU1_018_000393.1	eggnog	ATP synthase subunit D
Pcub-MSU1_018_000394.1	eggnog	Zinc-finger double-stranded RNA-binding
Pcub-MSU1_018_000448.1	eggnog	Phosducin
Pcub-MSU1_018_000447.1	eggnog	Source PGD
Pcub-MSU1_018_000446.1	eggnog	modulation by host of viral RNA genome replication
Pcub-MSU1_018_000395.1	blastp	Homology to Phytophthora pseudosyringae predicted protein KAG7377616.1
Pcub-MSU1_018_000445.1	interproscan	PTHR20875 domain-containing protein
Pcub-MSU1_018_000396.1	eggnog	Plasma-membrane choline transporter
Pcub-MSU1_018_000397.1	interproscan	PTHR38553 domain-containing protein
Pcub-MSU1_018_000398.1	blastp	Homology to Phytophthora nicotianae predicted protein ETP34605.1
Pcub-MSU1_018_000444.1	eggnog	transposition, RNA-mediated
Pcub-MSU1_018_000443.1	unannotated	Hypothetical protein of unknown function
Pcub-MSU1_018_000399.1	eggnog	Signal-recognition-particle assembly has a crucial role in targeting secretory proteins to the rough endoplasmic reticulum membrane
Pcub-MSU1_018_000442.1	eggnog	Ribosomal protein L19
Pcub-MSU1_018_000400.1	eggnog	Acyltransferase C-terminus
Pcub-MSU1_018_000401.1	eggnog	mRNA splicing, via spliceosome
Pcub-MSU1_018_000402.1	eggnog	domain-containing protein
Pcub-MSU1_018_000441.1	eggnog	Flagellar C1a complex subunit C1a-32
Pcub-MSU1_018_000440.1	eggnog	Adenylate cyclase associated (CAP) N terminal
Pcub-MSU1_018_000403.1	eggnog	Haemolysin-III related
Pcub-MSU1_018_000404.1	blastp	Homology to Phytophthora lilii predicted protein GMF33993.1
Pcub-MSU1_018_000439.1	eggnog	intracellular chloride channel activity
Pcub-MSU1_018_000405.1	eggnog	Mo-molybdopterin cofactor metabolic process (cnxG)
Pcub-MSU1_018_000438.1	interproscan	PTHR19332 domain-containing protein
Pcub-MSU1_018_000437.1	eggnog	Las17-binding protein actin regulator
Pcub-MSU1_018_000406.1	eggnog	Domain found in a variety of signalling proteins, always encircled by uDENN and dDENN
Pcub-MSU1_018_000436.1	eggnog	Type III restriction enzyme, res subunit
Pcub-MSU1_018_000407.1	eggnog	Thioredoxin
Pcub-MSU1_018_000435.1	eggnog	Domain present in Saccharomyces cerevisiae Shp1, Drosophila melanogaster eyes closed gene (eyc), and vertebrate p47
Pcub-MSU1_018_000434.1	eggnog	Peroxisome biogenesis factor 1, N-terminal
Pcub-MSU1_018_000433.1	interproscan	PTHR31836 domain-containing protein
Pcub-MSU1_018_000408.1	eggnog	Endonuclease/Exonuclease/phosphatase family
Pcub-MSU1_018_000409.1	blastp	Homology to Phytophthora cactorum predicted protein KAG3197283.1
Pcub-MSU1_018_000410.1	eggnog	Belongs to the TRAFAC class myosin-kinesin ATPase superfamily
Pcub-MSU1_018_000432.1	eggnog	WD40 repeats
Pcub-MSU1_018_000411.1	eggnog	This magnesium-dependent enzyme catalyzes the hydrolysis of ATP coupled with the transport of calcium
Pcub-MSU1_018_000412.1	eggnog	cellular response to phosphate starvation
Pcub-MSU1_018_000431.1	eggnog	Belongs to the thiolase family (ERG10)
Pcub-MSU1_018_000413.1	eggnog	EF hand
Pcub-MSU1_018_000430.1	eggnog	protein serine/threonine phosphatase activity
Pcub-MSU1_018_000414.1	eggnog	domain-containing protein
Pcub-MSU1_018_000429.1	eggnog	TIP41-like family
Pcub-MSU1_018_000415.1	unannotated	Hypothetical protein of unknown function
Pcub-MSU1_018_000416.1	unannotated	Hypothetical protein of unknown function
Pcub-MSU1_018_000417.1	unannotated	Hypothetical protein of unknown function
Pcub-MSU1_018_000418.1	unannotated	Hypothetical protein of unknown function
Pcub-MSU1_018_000419.1	unannotated	Hypothetical protein of unknown function
Pcub-MSU1_018_000420.1	unannotated	Hypothetical protein of unknown function
Pcub-MSU1_018_000421.1	unannotated	Hypothetical protein of unknown function
Pcub-MSU1_018_000422.1	unannotated	Hypothetical protein of unknown function
Pcub-MSU1_018_000423.1	unannotated	Hypothetical protein of unknown function
Pcub-MSU1_018_000424.1	unannotated	Hypothetical protein of unknown function
Pcub-MSU1_018_000425.1	unannotated	Hypothetical protein of unknown function
Pcub-MSU1_018_000426.1	unannotated	Hypothetical protein of unknown function
Pcub-MSU1_018_000427.1	unannotated	Hypothetical protein of unknown function
Pcub-MSU1_018_000428.1	unannotated	Hypothetical protein of unknown function
Pcub-MSU1_019_000001.1	eggnog	Telomerase activating protein Est1
Pcub-MSU1_019_000002.1	eggnog	Uncharacterised protein family (UPF0240)
Pcub-MSU1_019_000003.1	eggnog	RNA polymerase I specific transcription initiation factor RRN3
Pcub-MSU1_019_000364.1	eggnog	domain-containing protein
Pcub-MSU1_019_000363.1	blastp	Homology to Phytophthora capsici predicted protein KAG1695864.1
Pcub-MSU1_019_000004.1	eggnog	Calpain-like thiol protease family
Pcub-MSU1_019_000362.1	eggnog	Mitochondrial carrier protein
Pcub-MSU1_019_000005.1	eggnog	cell-cell adhesion
Pcub-MSU1_019_000361.1	eggnog	Eukaryotic cytochrome b561
Pcub-MSU1_019_000006.1	eggnog	RNA recognition motif
Pcub-MSU1_019_000007.1	eggnog	Kelch motif
Pcub-MSU1_019_000008.1	blastp	Homology to Peronospora belbahrii predicted protein CAH0521969.1
Pcub-MSU1_019_000009.1	interproscan	PTHR45912 domain-containing protein
Pcub-MSU1_019_000010.1	interproscan	BZIP transcription factor 1 C-terminal domain (PF27643)
Pcub-MSU1_019_000360.1	eggnog	Serine threonine protein kinase
Pcub-MSU1_019_000011.1	blastp	Homology to Phytophthora nicotianae predicted protein XP_008899258.1
Pcub-MSU1_019_000012.1	eggnog	Protein tyrosine kinase
Pcub-MSU1_019_000359.1	eggnog	Protein tyrosine kinase
Pcub-MSU1_019_000013.1	eggnog	domain-containing protein
Pcub-MSU1_019_000358.1	eggnog	Belongs to the DOCK family
Pcub-MSU1_019_000014.1	eggnog	3' exoribonuclease family, domain 2
Pcub-MSU1_019_000015.1	eggnog	domain-containing protein
Pcub-MSU1_019_000016.1	eggnog	Protein tyrosine kinase
Pcub-MSU1_019_000357.1	eggnog	domain-containing protein
Pcub-MSU1_019_000356.1	eggnog	Protein tyrosine kinase
Pcub-MSU1_019_000017.1	eggnog	domain-containing protein
Pcub-MSU1_019_000355.1	blastp	Homology to Phytophthora cactorum;Phytophthora aleatoria predicted protein KAF1778357.1
Pcub-MSU1_019_000018.1	blastp	Homology to Phytophthora idaei predicted protein KAG3114308.1
Pcub-MSU1_019_000019.1	unannotated	Hypothetical protein of unknown function
Pcub-MSU1_019_000020.1	eggnog	Protein tyrosine kinase
Pcub-MSU1_019_000354.1	eggnog	transposition, RNA-mediated
Pcub-MSU1_019_000353.1	eggnog	transposition, RNA-mediated
Pcub-MSU1_019_000352.1	eggnog	transposition, RNA-mediated
Pcub-MSU1_019_000351.1	eggnog	domain-containing protein
Pcub-MSU1_019_000350.1	eggnog	Protein tyrosine kinase
Pcub-MSU1_019_000349.1	unannotated	Hypothetical protein of unknown function
Pcub-MSU1_019_000348.1	blastp	Homology to Phytophthora aleatoria predicted protein KAG6974191.1
Pcub-MSU1_019_000021.1	unannotated	Hypothetical protein of unknown function
Pcub-MSU1_019_000022.1	unannotated	Hypothetical protein of unknown function
Pcub-MSU1_019_000023.1	eggnog	Crinkler (CRN) family protein
Pcub-MSU1_019_000024.1	eggnog	RINT-1 / TIP-1 family
Pcub-MSU1_019_000347.1	interproscan	BZIP transcription factor 1 C-terminal domain (PF27643)
Pcub-MSU1_019_000025.1	eggnog	Middle domain of eukaryotic initiation factor 4G (eIF4G)
Pcub-MSU1_019_000346.1	eggnog	Dynein heavy chain, N-terminal region 1
Pcub-MSU1_019_000026.1	eggnog	Copper/zinc superoxide dismutase (SODC)
Pcub-MSU1_019_000345.1	blastp	Homology to Peronospora destructor predicted protein CAI5737212.1
Pcub-MSU1_019_000027.1	blastp	Homology to Phytophthora palmivora predicted protein POM64590.1
Pcub-MSU1_019_000344.1	blastp	Homology to Phytophthora pseudosyringae predicted protein KAG7392400.1
Pcub-MSU1_019_000343.1	eggnog	6,7-dimethyl-8-ribityllumazine synthase
Pcub-MSU1_019_000342.1	eggnog	ESCRT-II complex subunit
Pcub-MSU1_019_000028.1	eggnog	ESCRT-II complex subunit
Pcub-MSU1_019_000029.1	eggnog	6,7-dimethyl-8-ribityllumazine synthase
Pcub-MSU1_019_000030.1	eggnog	Lsm interaction motif
Pcub-MSU1_019_000341.1	eggnog	domain-containing protein
Pcub-MSU1_019_000031.1	eggnog	Tub family
Pcub-MSU1_019_000340.1	blastp	Homology to Phytophthora idaei predicted protein KAG3092621.1
Pcub-MSU1_019_000032.1	blastp	Homology to Phytophthora idaei predicted protein KAG3092621.1
Pcub-MSU1_019_000339.1	eggnog	Tub family
Pcub-MSU1_019_000033.1	interproscan	PTHR15666 domain-containing protein
Pcub-MSU1_019_000338.1	blastp	Homology to Phytophthora nicotianae predicted protein ETO84289.1
Pcub-MSU1_019_000337.1	interproscan	PTHR33504 domain-containing protein
Pcub-MSU1_019_000034.1	blastp	Homology to Phytophthora sojae predicted protein XP_009527221.1
Pcub-MSU1_019_000035.1	blastp	Homology to Phytophthora pseudosyringae predicted protein KAG7392388.1
Pcub-MSU1_019_000336.1	eggnog	domain-containing protein
Pcub-MSU1_019_000335.1	eggnog	Mitochondrial carrier protein
Pcub-MSU1_019_000334.1	eggnog	2-oxoacid dehydrogenases acyltransferase (catalytic domain)
Pcub-MSU1_019_000036.1	eggnog	In Between Ring fingers
Pcub-MSU1_019_000333.1	eggnog	Sterile alpha motif
Pcub-MSU1_019_000037.1	eggnog	Sterile alpha motif
Pcub-MSU1_019_000038.1	eggnog	Mitochondrial ribosomal death-associated protein 3
Pcub-MSU1_019_000039.1	eggnog	Snf2-ATP coupling, chromatin remodelling complex
Pcub-MSU1_019_000332.1	eggnog	domain-containing protein
Pcub-MSU1_019_000040.1	eggnog	Protein tyrosine kinase
Pcub-MSU1_019_000331.1	eggnog	Golgi complex component 7 (COG7)
Pcub-MSU1_019_000041.1	eggnog	Protein of unknown function (DUF1295)
Pcub-MSU1_019_000042.1	unannotated	Hypothetical protein of unknown function
Pcub-MSU1_019_000043.1	unannotated	Hypothetical protein of unknown function
Pcub-MSU1_019_000044.1	unannotated	Hypothetical protein of unknown function
Pcub-MSU1_019_000045.1	interproscan	PTHR28037 domain-containing protein
Pcub-MSU1_019_000330.1	blastp	Homology to Phytophthora ramorum predicted protein KAH7485021.1
Pcub-MSU1_019_000046.1	eggnog	MAP kinase activity
Pcub-MSU1_019_000329.1	eggnog	domain-containing protein
Pcub-MSU1_019_000047.1	eggnog	oxidoreductase activity, acting on the CH-CH group of donors
Pcub-MSU1_019_000328.1	eggnog	domain-containing protein
Pcub-MSU1_019_000327.1	eggnog	Methylenetetrahydrofolate reductase
Pcub-MSU1_019_000326.1	eggnog	Sulfate permease family
Pcub-MSU1_019_000325.1	eggnog	Common central domain of tyrosinase
Pcub-MSU1_019_000048.1	eggnog	Large-conductance mechanosensitive channel, MscL
Pcub-MSU1_019_000324.1	eggnog	Common central domain of tyrosinase
Pcub-MSU1_019_000049.1	eggnog	Large-conductance mechanosensitive channel, MscL
Pcub-MSU1_019_000323.1	eggnog	domain-containing protein
Pcub-MSU1_019_000050.1	eggnog	PHD-finger
Pcub-MSU1_019_000322.1	blastp	Homology to Phytophthora pseudosyringae predicted protein KAG7392340.1
Pcub-MSU1_019_000321.1	eggnog	phosphatidylinositol dephosphorylation
Pcub-MSU1_019_000320.1	eggnog	FerI
Pcub-MSU1_019_000319.1	eggnog	domain-containing protein
Pcub-MSU1_019_000051.1	blastp	Homology to Phytophthora cactorum predicted protein KAG2788560.1
Pcub-MSU1_019_000052.1	blastp	Homology to Phytophthora capsici predicted protein KAG1690866.1
Pcub-MSU1_019_000318.1	interproscan	PTHR39867 domain-containing protein
Pcub-MSU1_019_000053.1	interproscan	G3DSA:3.40.50.720 domain-containing protein
Pcub-MSU1_019_000317.1	unannotated	Hypothetical protein of unknown function
Pcub-MSU1_019_000054.1	eggnog	Rap/ran-GAP
Pcub-MSU1_019_000316.1	eggnog	function. Source PGD
Pcub-MSU1_019_000055.1	blastp	Homology to Phytophthora cactorum predicted protein KAG2770656.1
Pcub-MSU1_019_000056.1	eggnog	Extension to Ser/Thr-type protein kinases
Pcub-MSU1_019_000315.1	eggnog	WD domain, G-beta repeat
Pcub-MSU1_019_000314.1	eggnog	domain-containing protein
Pcub-MSU1_019_000313.1	eggnog	Tub family
Pcub-MSU1_019_000312.1	eggnog	Sucrase/ferredoxin-like
Pcub-MSU1_019_000311.1	eggnog	Belongs to the sodium solute symporter (SSF) (TC 2.A.21) family
Pcub-MSU1_019_000057.1	eggnog	Protein tyrosine kinase
Pcub-MSU1_019_000058.1	eggnog	Armadillo/beta-catenin-like repeats
Pcub-MSU1_019_000310.1	blastp	Homology to Peronospora destructor predicted protein CAI5726018.1
Pcub-MSU1_019_000059.1	blastp	Homology to Peronospora destructor predicted protein CAI5726018.1
Pcub-MSU1_019_000309.1	unannotated	Hypothetical protein of unknown function
Pcub-MSU1_019_000060.1	blastp	Homology to Peronospora destructor predicted protein CAI5726018.1
Pcub-MSU1_019_000061.1	unannotated	Hypothetical protein of unknown function
Pcub-MSU1_019_000062.1	unannotated	Hypothetical protein of unknown function
Pcub-MSU1_019_000063.1	unannotated	Hypothetical protein of unknown function
Pcub-MSU1_019_000064.1	blastp	Homology to Peronospora destructor predicted protein CAI5726018.1
Pcub-MSU1_019_000065.1	blastp	Homology to Peronospora destructor predicted protein CAI5726018.1
Pcub-MSU1_019_000308.1	blastp	Homology to Peronospora destructor predicted protein CAI5726018.1
Pcub-MSU1_019_000307.1	interproscan	G3DSA:3.40.50.2020 domain-containing protein
Pcub-MSU1_019_000066.1	interproscan	G3DSA:3.40.50.2020 domain-containing protein
Pcub-MSU1_019_000306.1	interproscan	PTHR46586 domain-containing protein
Pcub-MSU1_019_000305.1	blastp	Homology to Phytophthora cactorum predicted protein KAG2770748.1
Pcub-MSU1_019_000067.1	eggnog	Gaa1-like, GPI transamidase component
Pcub-MSU1_019_000304.1	eggnog	exocyst localization
Pcub-MSU1_019_000303.1	eggnog	Gaa1-like, GPI transamidase component
Pcub-MSU1_019_000068.1	blastp	Homology to Phytophthora cactorum predicted protein KAG2770748.1
Pcub-MSU1_019_000302.1	unannotated	Hypothetical protein of unknown function
Pcub-MSU1_019_000301.1	blastp	Homology to Peronospora farinosa predicted protein CAH0490391.1
Pcub-MSU1_019_000069.1	unannotated	Hypothetical protein of unknown function
Pcub-MSU1_019_000300.1	eggnog	Occurs in almost all aerobically respiring organisms and serves to protect cells from the toxic effects of hydrogen peroxide
Pcub-MSU1_019_000299.1	eggnog	NADP oxidoreductase coenzyme F420-dependent
Pcub-MSU1_019_000070.1	blastp	Homology to Peronospora destructor predicted protein CAI5718774.1
Pcub-MSU1_019_000298.1	eggnog	Occurs in almost all aerobically respiring organisms and serves to protect cells from the toxic effects of hydrogen peroxide
Pcub-MSU1_019_000071.1	eggnog	phosphate acetyltransferase activity
Pcub-MSU1_019_000297.1	blastp	Homology to Peronospora effusa predicted protein UIZ23675.1
Pcub-MSU1_019_000296.1	eggnog	domain-containing protein
Pcub-MSU1_019_000072.1	blastp	Homology to Phytophthora ramorum predicted protein KAH7485111.1
Pcub-MSU1_019_000295.1	blastp	Homology to Phytophthora aleatoria predicted protein KAG6951705.1
Pcub-MSU1_019_000073.1	blastp	Homology to Phytophthora cactorum predicted protein KAF1772920.1
Pcub-MSU1_019_000294.1	eggnog	Double-stranded RNA binding motif
Pcub-MSU1_019_000074.1	blastp	Homology to Phytophthora cactorum predicted protein KAG2785077.1
Pcub-MSU1_019_000293.1	blastp	Homology to Phytophthora infestans predicted protein KAF4046160.1
Pcub-MSU1_019_000292.1	interproscan	PTHR13510 domain-containing protein
Pcub-MSU1_019_000075.1	eggnog	Phospholipid-translocating ATPase N-terminal
Pcub-MSU1_019_000076.1	unannotated	Hypothetical protein of unknown function
Pcub-MSU1_019_000077.1	interproscan	PTHR13510 domain-containing protein
Pcub-MSU1_019_000078.1	eggnog	T-complex protein 11
Pcub-MSU1_019_000291.1	eggnog	Cell differentiation family, Rcd1-like
Pcub-MSU1_019_000290.1	eggnog	Protein tyrosine kinase
Pcub-MSU1_019_000289.1	blastp	Homology to Phytophthora lilii predicted protein GMF31994.1
Pcub-MSU1_019_000079.1	eggnog	Protein tyrosine kinase
Pcub-MSU1_019_000288.1	eggnog	Actin
Pcub-MSU1_019_000287.1	eggnog	domain-containing protein
Pcub-MSU1_019_000080.1	eggnog	Histidinol dehydrogenase
Pcub-MSU1_019_000286.1	blastp	Homology to predicted protein KAH7507462.1
Pcub-MSU1_019_000285.1	unannotated	Hypothetical protein of unknown function
Pcub-MSU1_019_000081.1	eggnog	Catalase
Pcub-MSU1_019_000082.1	eggnog	Leucine rich repeat
Pcub-MSU1_019_000284.1	eggnog	ATPase family associated with various cellular activities (AAA)
Pcub-MSU1_019_000083.1	eggnog	Zinc carboxypeptidase
Pcub-MSU1_019_000283.1	eggnog	GTP binding
Pcub-MSU1_019_000282.1	blastp	Homology to Peronospora farinosa predicted protein CAH0486736.1
Pcub-MSU1_019_000084.1	unannotated	Hypothetical protein of unknown function
Pcub-MSU1_019_000085.1	eggnog	domain-containing protein
Pcub-MSU1_019_000086.1	eggnog	domain-containing protein
Pcub-MSU1_019_000087.1	eggnog	The glycine cleavage system catalyzes the degradation of glycine
Pcub-MSU1_019_000281.1	blastp	Homology to Peronospora destructor predicted protein CAI5725173.1
Pcub-MSU1_019_000280.1	eggnog	Domain in the RNA-binding Lupus La protein; unknown function
Pcub-MSU1_019_000279.1	eggnog	ABC transporter
Pcub-MSU1_019_000088.1	eggnog	translation initiation factor activity
Pcub-MSU1_019_000278.1	interproscan	PTHR28653 domain-containing protein
Pcub-MSU1_019_000277.1	eggnog	F-actin capping protein, beta subunit
Pcub-MSU1_019_000089.1	eggnog	A49-like RNA polymerase I associated factor
Pcub-MSU1_019_000276.1	blastp	Homology to Phytophthora pseudosyringae predicted protein KAG7379474.1
Pcub-MSU1_019_000275.1	eggnog	palmitoyl-(protein) hydrolase activity
Pcub-MSU1_019_000274.1	eggnog	domain-containing protein
Pcub-MSU1_019_000273.1	eggnog	retrograde transport, endosome to Golgi
Pcub-MSU1_019_000090.1	eggnog	Zeta toxin
Pcub-MSU1_019_000272.1	eggnog	domain-containing protein
Pcub-MSU1_019_000091.1	interproscan	MBT_PHF20L1-like (cd20104)
Pcub-MSU1_019_000092.1	eggnog	Crinkler (CRN) family protein
Pcub-MSU1_019_000093.1	eggnog	Crinkler (CRN) family protein
Pcub-MSU1_019_000094.1	eggnog	Crinkler (CRN) family protein
Pcub-MSU1_019_000271.1	eggnog	Crinkler (CRN) family protein
Pcub-MSU1_019_000095.1	eggnog	Crinkler (CRN) family protein
Pcub-MSU1_019_000096.1	eggnog	Crinkler (CRN) family protein
Pcub-MSU1_019_000097.1	eggnog	Crinkler (CRN) family protein
Pcub-MSU1_019_000098.1	eggnog	Putative DNA-binding domain in centromere protein B, mouse jerky and transposases
Pcub-MSU1_019_000270.1	interproscan	PTHR39290 domain-containing protein
Pcub-MSU1_019_000269.1	eggnog	domain-containing protein
Pcub-MSU1_019_000099.1	interproscan	PTHR13510 domain-containing protein
Pcub-MSU1_019_000100.1	interproscan	PTHR13510 domain-containing protein
Pcub-MSU1_019_000268.1	interproscan	PTHR13510 domain-containing protein
Pcub-MSU1_019_000267.1	interproscan	PTHR13510 domain-containing protein
Pcub-MSU1_019_000101.1	interproscan	PTHR39290 domain-containing protein
Pcub-MSU1_019_000266.1	eggnog	Putative DNA-binding domain in centromere protein B, mouse jerky and transposases
Pcub-MSU1_019_000265.1	eggnog	Domain with 2 conserved Trp (W) residues
Pcub-MSU1_019_000102.1	interproscan	PTHR13510 domain-containing protein
Pcub-MSU1_019_000103.1	unannotated	Hypothetical protein of unknown function
Pcub-MSU1_019_000104.1	blastp	Homology to Phytophthora pseudosyringae predicted protein KAG7381532.1
Pcub-MSU1_019_000264.1	interproscan	PTHR37935 domain-containing protein
Pcub-MSU1_019_000263.1	eggnog	Tup N-terminal
Pcub-MSU1_019_000262.1	eggnog	Rho guanyl-nucleotide exchange factor activity
Pcub-MSU1_019_000105.1	blastp	Homology to Phytophthora ramorum predicted protein KAH7485190.1
Pcub-MSU1_019_000106.1	eggnog	Ubiquitin family
Pcub-MSU1_019_000261.1	eggnog	Ubiquitin carboxyl-terminal hydrolase
Pcub-MSU1_019_000107.1	eggnog	Ribonuclease T2 family
Pcub-MSU1_019_000260.1	interproscan	PTHR35213 domain-containing protein
Pcub-MSU1_019_000259.1	blastp	Homology to Peronospora belbahrii predicted protein CAH0474374.1
Pcub-MSU1_019_000108.1	eggnog	dynein light chain binding
Pcub-MSU1_019_000109.1	eggnog	dynein light chain binding
Pcub-MSU1_019_000110.1	interproscan	PTHR31827 domain-containing protein
Pcub-MSU1_019_000258.1	interproscan	PTHR37558 domain-containing protein
Pcub-MSU1_019_000111.1	eggnog	Enoyl-(Acyl carrier protein) reductase
Pcub-MSU1_019_000257.1	eggnog	WD domain, G-beta repeat
Pcub-MSU1_019_000256.1	blastp	Homology to Phytophthora nicotianae predicted protein XP_008905950.1
Pcub-MSU1_019_000255.1	eggnog	domain-containing protein
Pcub-MSU1_019_000112.1	eggnog	Glutaredoxin
Pcub-MSU1_019_000254.1	eggnog	ADP-specific Phosphofructokinase/Glucokinase conserved region
Pcub-MSU1_019_000253.1	unannotated	Hypothetical protein of unknown function
Pcub-MSU1_019_000113.1	blastp	Homology to Phytophthora sojae predicted protein XP_009527767.1
Pcub-MSU1_019_000252.1	eggnog	Domain Homologous to E6-AP Carboxyl Terminus with
Pcub-MSU1_019_000251.1	blastp	Homology to Phytophthora pseudosyringae predicted protein KAG7375786.1
Pcub-MSU1_019_000250.1	eggnog	Tat binding protein 1(TBP-1)-interacting protein (TBPIP)
Pcub-MSU1_019_000249.1	eggnog	domain-containing protein
Pcub-MSU1_019_000114.1	eggnog	Aminotransferase class-V
Pcub-MSU1_019_000248.1	unannotated	Hypothetical protein of unknown function
Pcub-MSU1_019_000115.1	eggnog	domain-containing protein
Pcub-MSU1_019_000247.1	blastp	Homology to Phytophthora lilii predicted protein GMF20697.1
Pcub-MSU1_019_000116.1	eggnog	Removes the formyl group from the N-terminal Met of newly synthesized proteins
Pcub-MSU1_019_000246.1	interproscan	PTHR43404 domain-containing protein
Pcub-MSU1_019_000245.1	eggnog	Tub family
Pcub-MSU1_019_000244.1	eggnog	Aminotransferase class-V
Pcub-MSU1_019_000117.1	eggnog	domain-containing protein
Pcub-MSU1_019_000118.1	blastp	Homology to Phytophthora pseudosyringae predicted protein KAG7375786.1
Pcub-MSU1_019_000119.1	eggnog	C-terminus of AA_permease
Pcub-MSU1_019_000243.1	eggnog	Ankyrin repeats (3 copies)
Pcub-MSU1_019_000242.1	interproscan	PTHR13510 domain-containing protein
Pcub-MSU1_019_000120.1	eggnog	Belongs to the mitochondrial carrier (TC 2.A.29) family
Pcub-MSU1_019_000241.1	eggnog	WD40 repeats
Pcub-MSU1_019_000240.1	blastp	Homology to Phytophthora cactorum predicted protein KAF1772407.1
Pcub-MSU1_019_000121.1	blastp	Homology to Phytophthora pseudosyringae predicted protein KAG7379254.1
Pcub-MSU1_019_000239.1	eggnog	Tetratricopeptide repeat
Pcub-MSU1_019_000122.1	eggnog	Tetratricopeptide repeat
Pcub-MSU1_019_000238.1	blastp	Homology to Phytophthora pseudosyringae predicted protein KAG7379254.1
Pcub-MSU1_019_000123.1	eggnog	Domain Homologous to E6-AP Carboxyl Terminus with
Pcub-MSU1_019_000124.1	eggnog	Isochorismatase family
Pcub-MSU1_019_000237.1	interproscan	PTHR31827 domain-containing protein
Pcub-MSU1_019_000125.1	blastp	Homology to Phytophthora megakarya predicted protein OWY96431.1
Pcub-MSU1_019_000126.1	eggnog	Phosphopantetheine attachment site
Pcub-MSU1_019_000127.1	eggnog	MatE
Pcub-MSU1_019_000236.1	eggnog	MatE
Pcub-MSU1_019_000128.1	eggnog	MatE
Pcub-MSU1_019_000129.1	eggnog	MatE
Pcub-MSU1_019_000130.1	eggnog	MatE
Pcub-MSU1_019_000131.1	eggnog	domain-containing protein
Pcub-MSU1_019_000132.1	blastp	Homology to Phytophthora lilii predicted protein GMF65383.1
Pcub-MSU1_019_000133.1	blastp	Homology to Phytophthora megakarya predicted protein OWZ09516.1
Pcub-MSU1_019_000235.1	interproscan	PTHR13510 domain-containing protein
Pcub-MSU1_019_000134.1	interproscan	PTHR13510 domain-containing protein
Pcub-MSU1_019_000234.1	interproscan	PTHR13510 domain-containing protein
Pcub-MSU1_019_000233.1	interproscan	PTHR13510 domain-containing protein
Pcub-MSU1_019_000232.1	interproscan	PTHR13510 domain-containing protein
Pcub-MSU1_019_000231.1	interproscan	PTHR13510 domain-containing protein
Pcub-MSU1_019_000135.1	interproscan	PTHR13510 domain-containing protein
Pcub-MSU1_019_000136.1	interproscan	PTHR13510 domain-containing protein
Pcub-MSU1_019_000230.1	interproscan	PTHR13510 domain-containing protein
Pcub-MSU1_019_000229.1	interproscan	PTHR13510 domain-containing protein
Pcub-MSU1_019_000228.1	interproscan	PTHR13510 domain-containing protein
Pcub-MSU1_019_000137.1	blastp	Homology to Peronospora belbahrii predicted protein CAH0478491.1
Pcub-MSU1_019_000227.1	interproscan	PTHR31145 domain-containing protein
Pcub-MSU1_019_000138.1	eggnog	ribosomal L5P family C-terminus
Pcub-MSU1_019_000226.1	eggnog	domain-containing protein
Pcub-MSU1_019_000139.1	eggnog	polynucleotide adenylyltransferase activity
Pcub-MSU1_019_000225.1	eggnog	Amidohydrolase family
Pcub-MSU1_019_000140.1	eggnog	2-oxoacid dehydrogenases acyltransferase (catalytic domain)
Pcub-MSU1_019_000141.1	eggnog	domain-containing protein
Pcub-MSU1_019_000224.1	eggnog	Coiled-coil domain-containing protein 55 (DUF2040)
Pcub-MSU1_019_000223.1	eggnog	Ribosomal large subunit proteins 60S L5, and 50S L18
Pcub-MSU1_019_000142.1	eggnog	Ribosomal protein L14
Pcub-MSU1_019_000222.1	eggnog	Extension to Ser/Thr-type protein kinases
Pcub-MSU1_019_000143.1	blastp	Homology to Phytophthora cactorum predicted protein KAF1776154.1
Pcub-MSU1_019_000221.1	interproscan	PTHR37558 domain-containing protein
Pcub-MSU1_019_000144.1	eggnog	16S rRNA methyltransferase RsmB/F
Pcub-MSU1_019_000220.1	eggnog	domain-containing protein
Pcub-MSU1_019_000145.1	eggnog	domain-containing protein
Pcub-MSU1_019_000146.1	eggnog	domain-containing protein
Pcub-MSU1_019_000147.1	eggnog	domain-containing protein
Pcub-MSU1_019_000219.1	eggnog	Mannosyltransferase putative
Pcub-MSU1_019_000148.1	eggnog	Tetratricopeptide repeats
Pcub-MSU1_019_000218.1	eggnog	domain-containing protein
Pcub-MSU1_019_000149.1	eggnog	Clathrin-adaptor complex-3 beta-1 subunit C-terminal
Pcub-MSU1_019_000150.1	eggnog	B-cell receptor-associated protein 31-like
Pcub-MSU1_019_000151.1	eggnog	B-cell receptor-associated protein 31-like
Pcub-MSU1_019_000217.1	blastp	Homology to Peronospora farinosa predicted protein CAI5719342.1
Pcub-MSU1_019_000216.1	eggnog	Mannosyltransferase putative
Pcub-MSU1_019_000152.1	eggnog	WD domain, G-beta repeat
Pcub-MSU1_019_000215.1	eggnog	domain-containing protein
Pcub-MSU1_019_000153.1	eggnog	Performs the first committed step in the biosynthesis of isoprenes
Pcub-MSU1_019_000214.1	blastp	Homology to Phytophthora cactorum predicted protein KAG2777678.1
Pcub-MSU1_019_000154.1	unannotated	Hypothetical protein of unknown function
Pcub-MSU1_019_000155.1	unannotated	Hypothetical protein of unknown function
Pcub-MSU1_019_000156.1	eggnog	Uncharacterised protein family (UPF0160)
Pcub-MSU1_019_000213.1	eggnog	Uncharacterised protein family (UPF0160)
Pcub-MSU1_019_000212.1	eggnog	16S rRNA methyltransferase RsmB/F
Pcub-MSU1_019_000211.1	eggnog	16S rRNA methyltransferase RsmB/F
Pcub-MSU1_019_000157.1	eggnog	Uncharacterised protein family (UPF0160)
Pcub-MSU1_019_000158.1	eggnog	16S rRNA methyltransferase RsmB/F
Pcub-MSU1_019_000210.1	eggnog	16S rRNA methyltransferase RsmB/F
Pcub-MSU1_019_000209.1	eggnog	Uncharacterised protein family (UPF0160)
Pcub-MSU1_019_000208.1	eggnog	16S rRNA methyltransferase RsmB/F
Pcub-MSU1_019_000207.1	eggnog	16S rRNA methyltransferase RsmB/F
Pcub-MSU1_019_000206.1	eggnog	Uncharacterised protein family (UPF0160)
Pcub-MSU1_019_000159.1	eggnog	16S rRNA methyltransferase RsmB/F
Pcub-MSU1_019_000160.1	eggnog	domain-containing protein
Pcub-MSU1_019_000205.1	eggnog	RNA binding activity-knot of a chromodomain
Pcub-MSU1_019_000204.1	eggnog	CorA-like Mg2+ transporter protein
Pcub-MSU1_019_000203.1	unannotated	Hypothetical protein of unknown function
Pcub-MSU1_019_000161.1	unannotated	Hypothetical protein of unknown function
Pcub-MSU1_019_000162.1	blastp	Homology to Peronospora effusa predicted protein UIZ23747.1
Pcub-MSU1_019_000202.1	eggnog	Hsp70 protein
Pcub-MSU1_019_000201.1	blastp	Homology to Phytophthora fragariae predicted protein KAE8938453.1
Pcub-MSU1_019_000200.1	eggnog	C3HC zinc finger-like
Pcub-MSU1_019_000163.1	eggnog	RNA recognition motif
Pcub-MSU1_019_000199.1	eggnog	DNA methyltransferase 1-associated protein 1 (DMAP1)
Pcub-MSU1_019_000198.1	eggnog	DNA methyltransferase 1-associated protein 1 (DMAP1)
Pcub-MSU1_019_000197.1	eggnog	MreB/Mbl protein
Pcub-MSU1_019_000196.1	unannotated	Hypothetical protein of unknown function
Pcub-MSU1_019_000195.1	eggnog	Belongs to the glycosyl hydrolase 1 family
Pcub-MSU1_019_000194.1	blastp	Homology to Phytophthora idaei predicted protein KAG3092247.1
Pcub-MSU1_019_000164.1	unannotated	Hypothetical protein of unknown function
Pcub-MSU1_019_000193.1	eggnog	Belongs to the glycosyl hydrolase 1 family
Pcub-MSU1_019_000192.1	blastp	Homology to Phytophthora sojae predicted protein XP_009528025.1
Pcub-MSU1_019_000165.1	unannotated	Hypothetical protein of unknown function
Pcub-MSU1_019_000191.1	eggnog	Belongs to the glycosyl hydrolase 1 family
Pcub-MSU1_019_000190.1	blastp	Homology to Phytophthora fragariae predicted protein KAE8886510.1
Pcub-MSU1_019_000166.1	eggnog	BT1 family
Pcub-MSU1_019_000167.1	eggnog	TIM21
Pcub-MSU1_019_000189.1	eggnog	Interferon-related developmental regulator (IFRD)
Pcub-MSU1_019_000168.1	eggnog	domain-containing protein
Pcub-MSU1_019_000188.1	eggnog	Domain of unknown function (DUF4586)
Pcub-MSU1_019_000169.1	eggnog	ER protein Pkr1
Pcub-MSU1_019_000187.1	eggnog	May be involved in fusion of retrograde transport vesicles derived from an endocytic compartment with the Golgi complex
Pcub-MSU1_019_000170.1	eggnog	Nucleoporin Nup120/160
Pcub-MSU1_019_000186.1	eggnog	CBF/Mak21 family
Pcub-MSU1_019_000185.1	eggnog	Acetokinase family
Pcub-MSU1_019_000184.1	blastp	Homology to Phytophthora ramorum predicted protein KAH7485389.1
Pcub-MSU1_019_000171.1	eggnog	Pectinacetylesterase
Pcub-MSU1_019_000172.1	eggnog	domain-containing protein
Pcub-MSU1_019_000173.1	eggnog	domain-containing protein
Pcub-MSU1_019_000183.1	eggnog	domain-containing protein
Pcub-MSU1_019_000182.1	eggnog	Pectinacetylesterase
Pcub-MSU1_019_000174.1	blastp	Homology to Phytophthora cactorum predicted protein KAG2777757.1
Pcub-MSU1_019_000181.1	eggnog	Coiled-coil domain-containing protein 87
Pcub-MSU1_019_000180.1	eggnog	Mannosyltransferase putative
Pcub-MSU1_019_000175.1	eggnog	Mannosyltransferase putative
Pcub-MSU1_019_000176.1	eggnog	Subtilase family
Pcub-MSU1_019_000177.1	eggnog	Pc21g00130 protein. Source PGD
Pcub-MSU1_019_000178.1	unannotated	Hypothetical protein of unknown function
Pcub-MSU1_019_000179.1	unannotated	Hypothetical protein of unknown function
Pcub-MSU1_020_000185.1	blastp	Homology to Phytophthora kernoviae predicted protein RLN14502.1
Pcub-MSU1_020_000001.1	eggnog	transposition, RNA-mediated
Pcub-MSU1_020_000184.1	blastp	Homology to Phytophthora kernoviae predicted protein KAG2502700.1
Pcub-MSU1_020_000002.1	eggnog	transposition, RNA-mediated
Pcub-MSU1_020_000003.1	eggnog	transposition, RNA-mediated
Pcub-MSU1_020_000183.1	blastp	Homology to Phytophthora kernoviae predicted protein KAG2502860.1
Pcub-MSU1_020_000004.1	eggnog	transposition, RNA-mediated
Pcub-MSU1_020_000005.1	eggnog	transposition, RNA-mediated
Pcub-MSU1_020_000182.1	blastp	Homology to Phytophthora kernoviae predicted protein KAG2502700.1
Pcub-MSU1_020_000181.1	unannotated	Hypothetical protein of unknown function
Pcub-MSU1_020_000180.1	blastp	Homology to Phytophthora kernoviae predicted protein KAG2502860.1
Pcub-MSU1_020_000179.1	unannotated	Hypothetical protein of unknown function
Pcub-MSU1_020_000178.1	blastp	Homology to Phytophthora palmivora predicted protein POM73523.1
Pcub-MSU1_020_000177.1	unannotated	Hypothetical protein of unknown function
Pcub-MSU1_020_000006.1	unannotated	Hypothetical protein of unknown function
Pcub-MSU1_020_000176.1	unannotated	Hypothetical protein of unknown function
Pcub-MSU1_020_000175.1	unannotated	Hypothetical protein of unknown function
Pcub-MSU1_020_000174.1	blastp	Homology to Phytophthora palmivora predicted protein POM73523.1
Pcub-MSU1_020_000173.1	unannotated	Hypothetical protein of unknown function
Pcub-MSU1_020_000007.1	unannotated	Hypothetical protein of unknown function
Pcub-MSU1_020_000172.1	unannotated	Hypothetical protein of unknown function
Pcub-MSU1_020_000008.1	unannotated	Hypothetical protein of unknown function
Pcub-MSU1_020_000009.1	unannotated	Hypothetical protein of unknown function
Pcub-MSU1_020_000010.1	eggnog	transposition, RNA-mediated
Pcub-MSU1_020_000011.1	unannotated	Hypothetical protein of unknown function
Pcub-MSU1_020_000012.1	unannotated	Hypothetical protein of unknown function
Pcub-MSU1_020_000013.1	unannotated	Hypothetical protein of unknown function
Pcub-MSU1_020_000171.1	blastp	Homology to Phytophthora nicotianae predicted protein ETM33565.1
Pcub-MSU1_020_000170.1	unannotated	Hypothetical protein of unknown function
Pcub-MSU1_020_000014.1	unannotated	Hypothetical protein of unknown function
Pcub-MSU1_020_000169.1	unannotated	Hypothetical protein of unknown function
Pcub-MSU1_020_000168.1	blastp	Homology to Phytophthora nicotianae predicted protein ETP03154.1
Pcub-MSU1_020_000015.1	blastp	Homology to Phytophthora lilii predicted protein GMF27799.1
Pcub-MSU1_020_000016.1	blastp	Homology to Globisporangium splendens predicted protein KAF1319036.1
Pcub-MSU1_020_000167.1	eggnog	Poxvirus A32 protein
Pcub-MSU1_020_000017.1	eggnog	Chaperone of endosialidase
Pcub-MSU1_020_000166.1	unannotated	Hypothetical protein of unknown function
Pcub-MSU1_020_000165.1	blastp	Homology to Phytophthora nicotianae predicted protein KUF79077.1
Pcub-MSU1_020_000018.1	blastp	Homology to Phytophthora pseudosyringae predicted protein KAG7375494.1
Pcub-MSU1_020_000019.1	interproscan	G3DSA:3.40.50.300 domain-containing protein
Pcub-MSU1_020_000164.1	interproscan	G3DSA:3.40.50.300 domain-containing protein
Pcub-MSU1_020_000163.1	blastp	Homology to Phytophthora pseudosyringae predicted protein KAG7375494.1
Pcub-MSU1_020_000020.1	blastp	Homology to Phytophthora nicotianae predicted protein KUF79077.1
Pcub-MSU1_020_000162.1	eggnog	Chaperone of endosialidase
Pcub-MSU1_020_000021.1	unannotated	Hypothetical protein of unknown function
Pcub-MSU1_020_000022.1	interproscan	PTHR13510 domain-containing protein
Pcub-MSU1_020_000023.1	interproscan	PTHR13510 domain-containing protein
Pcub-MSU1_020_000161.1	interproscan	PTHR13510 domain-containing protein
Pcub-MSU1_020_000024.1	interproscan	PTHR13510 domain-containing protein
Pcub-MSU1_020_000160.1	interproscan	PTHR13510 domain-containing protein
Pcub-MSU1_020_000159.1	interproscan	PTHR13510 domain-containing protein
Pcub-MSU1_020_000025.1	eggnog	Acyl CoA binding protein
Pcub-MSU1_020_000158.1	eggnog	Calcineurin-like phosphoesterase
Pcub-MSU1_020_000026.1	eggnog	Zinc knuckle
Pcub-MSU1_020_000157.1	blastp	Homology to Phytophthora cactorum predicted protein KAG3017338.1
Pcub-MSU1_020_000027.1	eggnog	Lipopolysaccharide kinase (Kdo/WaaP) family
Pcub-MSU1_020_000028.1	eggnog	Ssu72-like protein
Pcub-MSU1_020_000156.1	eggnog	domain-containing protein
Pcub-MSU1_020_000155.1	eggnog	mRNA biogenesis factor
Pcub-MSU1_020_000154.1	blastp	Homology to Phytophthora aleatoria predicted protein KAG6959333.1
Pcub-MSU1_020_000153.1	unannotated	Hypothetical protein of unknown function
Pcub-MSU1_020_000152.1	blastp	Homology to Peronospora destructor predicted protein CAI5742483.1
Pcub-MSU1_020_000029.1	interproscan	PTHR31827 domain-containing protein
Pcub-MSU1_020_000030.1	unannotated	Hypothetical protein of unknown function
Pcub-MSU1_020_000031.1	blastp	Homology to Peronospora effusa predicted protein RMX63616.1
Pcub-MSU1_020_000032.1	unannotated	Hypothetical protein of unknown function
Pcub-MSU1_020_000033.1	unannotated	Hypothetical protein of unknown function
Pcub-MSU1_020_000151.1	interproscan	PTHR34586 domain-containing protein
Pcub-MSU1_020_000034.1	eggnog	Nuclear fragile X mental retardation-interacting protein 1 (NUFIP1)
Pcub-MSU1_020_000150.1	eggnog	Clathrin adaptor complex small chain
Pcub-MSU1_020_000035.1	eggnog	Coatomer WD associated region
Pcub-MSU1_020_000149.1	interproscan	PTHR41752 domain-containing protein
Pcub-MSU1_020_000036.1	interproscan	PTHR13510 domain-containing protein
Pcub-MSU1_020_000148.1	interproscan	PTHR13510 domain-containing protein
Pcub-MSU1_020_000147.1	blastp	Homology to Phytophthora infestans predicted protein KAF4032320.1
Pcub-MSU1_020_000146.1	eggnog	Protein tyrosine kinase
Pcub-MSU1_020_000145.1	interproscan	PTHR31142 domain-containing protein
Pcub-MSU1_020_000144.1	eggnog	Eukaryotic aspartyl protease
Pcub-MSU1_020_000143.1	eggnog	amino acid transporter
Pcub-MSU1_020_000037.1	unannotated	Hypothetical protein of unknown function
Pcub-MSU1_020_000142.1	unannotated	Hypothetical protein of unknown function
Pcub-MSU1_020_000141.1	unannotated	Hypothetical protein of unknown function
Pcub-MSU1_020_000038.1	blastp	Homology to Phytophthora idaei predicted protein KAG3097116.1
Pcub-MSU1_020_000039.1	unannotated	Hypothetical protein of unknown function
Pcub-MSU1_020_000140.1	blastp	Homology to Phytophthora nicotianae predicted protein ETK79671.1
Pcub-MSU1_020_000139.1	unannotated	Hypothetical protein of unknown function
Pcub-MSU1_020_000138.1	blastp	Homology to Phytophthora nicotianae predicted protein KUF77071.1
Pcub-MSU1_020_000137.1	unannotated	Hypothetical protein of unknown function
Pcub-MSU1_020_000136.1	eggnog	Prefoldin subunit
Pcub-MSU1_020_000135.1	unannotated	Hypothetical protein of unknown function
Pcub-MSU1_020_000040.1	unannotated	Hypothetical protein of unknown function
Pcub-MSU1_020_000134.1	eggnog	Sugar efflux transporter for intercellular exchange
Pcub-MSU1_020_000133.1	eggnog	Sugar efflux transporter for intercellular exchange
Pcub-MSU1_020_000132.1	eggnog	domain-containing protein
Pcub-MSU1_020_000041.1	eggnog	histone-lysine N-methyltransferase activity
Pcub-MSU1_020_000131.1	eggnog	domain-containing protein
Pcub-MSU1_020_000042.1	eggnog	domain-containing protein
Pcub-MSU1_020_000043.1	eggnog	Sugar efflux transporter for intercellular exchange
Pcub-MSU1_020_000044.1	eggnog	Sugar efflux transporter for intercellular exchange
Pcub-MSU1_020_000045.1	eggnog	Sugar efflux transporter for intercellular exchange
Pcub-MSU1_020_000130.1	blastp	Homology to Phytophthora cactorum predicted protein KAF1774073.1
Pcub-MSU1_020_000046.1	unannotated	Hypothetical protein of unknown function
Pcub-MSU1_020_000047.1	eggnog	Zinc-binding domain, present in Dystrophin, CREB-binding protein
Pcub-MSU1_020_000129.1	unannotated	Hypothetical protein of unknown function
Pcub-MSU1_020_000128.1	eggnog	transposition, RNA-mediated
Pcub-MSU1_020_000127.1	unannotated	Hypothetical protein of unknown function
Pcub-MSU1_020_000126.1	eggnog	transposition, RNA-mediated
Pcub-MSU1_020_000125.1	unannotated	Hypothetical protein of unknown function
Pcub-MSU1_020_000124.1	unannotated	Hypothetical protein of unknown function
Pcub-MSU1_020_000123.1	unannotated	Hypothetical protein of unknown function
Pcub-MSU1_020_000122.1	unannotated	Hypothetical protein of unknown function
Pcub-MSU1_020_000048.1	eggnog	RNA recognition motif
Pcub-MSU1_020_000049.1	eggnog	domain-containing protein
Pcub-MSU1_020_000050.1	blastp	Homology to Phytophthora fragariae predicted protein KAE8888272.1
Pcub-MSU1_020_000051.1	eggnog	Ribosomal protein L34
Pcub-MSU1_020_000121.1	eggnog	Protein of unknown function (DUF98)
Pcub-MSU1_020_000052.1	unannotated	Hypothetical protein of unknown function
Pcub-MSU1_020_000053.1	unannotated	Hypothetical protein of unknown function
Pcub-MSU1_020_000054.1	eggnog	Cellulase (glycosyl hydrolase family 5)
Pcub-MSU1_020_000120.1	eggnog	protein heterotrimerization
Pcub-MSU1_020_000055.1	blastp	Homology to Peronospora effusa predicted protein RQM14627.1
Pcub-MSU1_020_000119.1	eggnog	C2H2-type zinc finger
Pcub-MSU1_020_000118.1	eggnog	domain-containing protein
Pcub-MSU1_020_000056.1	blastp	Homology to Phytophthora lilii predicted protein GMF26621.1
Pcub-MSU1_020_000117.1	blastp	Homology to Phytophthora idaei predicted protein KAG3088899.1
Pcub-MSU1_020_000116.1	eggnog	domain-containing protein
Pcub-MSU1_020_000057.1	eggnog	Domain in Tre-2, BUB2p, and Cdc16p
Pcub-MSU1_020_000115.1	interproscan	PTHR31827 domain-containing protein
Pcub-MSU1_020_000058.1	eggnog	domain-containing protein
Pcub-MSU1_020_000114.1	eggnog	Lung seven transmembrane receptor
Pcub-MSU1_020_000113.1	blastp	Homology to Peronosclerospora sorghi predicted protein KAI9910011.1
Pcub-MSU1_020_000059.1	eggnog	Belongs to the SWEET sugar transporter family
Pcub-MSU1_020_000112.1	unannotated	Hypothetical protein of unknown function
Pcub-MSU1_020_000111.1	eggnog	transposition, RNA-mediated
Pcub-MSU1_020_000110.1	eggnog	Sugar efflux transporter for intercellular exchange
Pcub-MSU1_020_000109.1	eggnog	Crinkler (CRN) family protein
Pcub-MSU1_020_000108.1	eggnog	Belongs to the SWEET sugar transporter family
Pcub-MSU1_020_000060.1	eggnog	Sugar efflux transporter for intercellular exchange
Pcub-MSU1_020_000107.1	eggnog	Sugar efflux transporter for intercellular exchange
Pcub-MSU1_020_000061.1	eggnog	Histidine phosphatase superfamily (branch 1)
Pcub-MSU1_020_000106.1	eggnog	domain-containing protein
Pcub-MSU1_020_000105.1	blastp	Homology to Peronospora farinosa predicted protein CAH0486643.1
Pcub-MSU1_020_000104.1	eggnog	14-3-3 protein
Pcub-MSU1_020_000062.1	interproscan	G3DSA:2.40.160.200 domain-containing protein
Pcub-MSU1_020_000103.1	interproscan	PTHR13510 domain-containing protein
Pcub-MSU1_020_000102.1	interproscan	PTHR31827 domain-containing protein
Pcub-MSU1_020_000101.1	interproscan	PTHR31827 domain-containing protein
Pcub-MSU1_020_000100.1	unannotated	Hypothetical protein of unknown function
Pcub-MSU1_020_000063.1	interproscan	PTHR48029 domain-containing protein
Pcub-MSU1_020_000099.1	eggnog	positive regulation of translation initiation in response to endoplasmic reticulum stress
Pcub-MSU1_020_000064.1	eggnog	Ribosomal prokaryotic L21 protein
Pcub-MSU1_020_000065.1	eggnog	domain-containing protein
Pcub-MSU1_020_000066.1	eggnog	Domain of unknown function (DUF3523)
Pcub-MSU1_020_000098.1	eggnog	Prolyl 4-hydroxylase alpha subunit homologues
Pcub-MSU1_020_000067.1	eggnog	Prolyl 4-hydroxylase alpha subunit homologues
Pcub-MSU1_020_000097.1	eggnog	Domain of unknown function (DUF3523)
Pcub-MSU1_020_000068.1	eggnog	Prolyl 4-hydroxylase alpha subunit homologues
Pcub-MSU1_020_000069.1	eggnog	Prolyl 4-hydroxylase alpha subunit homologues
Pcub-MSU1_020_000070.1	eggnog	Prolyl 4-hydroxylase alpha subunit homologues
Pcub-MSU1_020_000071.1	eggnog	Prolyl 4-hydroxylase alpha subunit homologues
Pcub-MSU1_020_000072.1	eggnog	domain-containing protein
Pcub-MSU1_020_000096.1	eggnog	domain-containing protein
Pcub-MSU1_020_000095.1	interproscan	PTHR31827 domain-containing protein
Pcub-MSU1_020_000094.1	unannotated	Hypothetical protein of unknown function
Pcub-MSU1_020_000093.1	eggnog	Subtilase family
Pcub-MSU1_020_000073.1	eggnog	Probable RNA and SrmB- binding site of polymerase A
Pcub-MSU1_020_000074.1	eggnog	Mitochondrial calcium uniporter
Pcub-MSU1_020_000075.1	eggnog	Catalytic subunit of the peripheral V1 complex of vacuolar ATPase (V-ATPase)
Pcub-MSU1_020_000092.1	blastp	Homology to Peronospora belbahrii predicted protein CAH0475415.1
Pcub-MSU1_020_000076.1	blastp	Homology to Phytophthora cactorum predicted protein KAG2769835.1
Pcub-MSU1_020_000091.1	eggnog	Mitochondrial degradasome RNA helicase subunit C terminal
Pcub-MSU1_020_000077.1	interproscan	G3DSA:2.60.120.920 domain-containing protein
Pcub-MSU1_020_000090.1	eggnog	Utp25, U3 small nucleolar RNA-associated SSU processome protein 25
Pcub-MSU1_020_000078.1	interproscan	PTHR37473 domain-containing protein
Pcub-MSU1_020_000079.1	eggnog	Vacuolar protein sorting-associated protein 26
Pcub-MSU1_020_000089.1	eggnog	RNA recognition motif
Pcub-MSU1_020_000080.1	blastp	Homology to Peronospora destructor predicted protein CAI5722495.1
Pcub-MSU1_020_000088.1	eggnog	Uracil phosphoribosyltransferase
Pcub-MSU1_020_000087.1	unannotated	Hypothetical protein of unknown function
Pcub-MSU1_020_000086.1	eggnog	domain-containing protein
Pcub-MSU1_020_000085.1	eggnog	domain-containing protein
Pcub-MSU1_020_000084.1	eggnog	domain-containing protein
Pcub-MSU1_020_000083.1	eggnog	domain-containing protein
Pcub-MSU1_020_000082.1	eggnog	KIF-1 binding protein C terminal
Pcub-MSU1_020_000081.1	eggnog	glutathione peroxidase activity
Pcub-MSU1_021_000001.1	unannotated	Hypothetical protein of unknown function
Pcub-MSU1_021_000002.1	unannotated	Hypothetical protein of unknown function
Pcub-MSU1_021_000003.1	unannotated	Hypothetical protein of unknown function
Pcub-MSU1_021_000004.1	unannotated	Hypothetical protein of unknown function
Pcub-MSU1_021_000005.1	unannotated	Hypothetical protein of unknown function
Pcub-MSU1_021_000012.1	unannotated	Hypothetical protein of unknown function
Pcub-MSU1_021_000011.1	unannotated	Hypothetical protein of unknown function
Pcub-MSU1_021_000010.1	unannotated	Hypothetical protein of unknown function
Pcub-MSU1_021_000009.1	unannotated	Hypothetical protein of unknown function
Pcub-MSU1_021_000008.1	unannotated	Hypothetical protein of unknown function
Pcub-MSU1_021_000007.1	unannotated	Hypothetical protein of unknown function
Pcub-MSU1_021_000006.1	eggnog	Crinkler (CRN) family protein
Pcub-MSU1_022_000001.1	eggnog	Ankyrin repeat
Pcub-MSU1_022_000147.1	blastp	Homology to Phytophthora aleatoria predicted protein KAG6947533.1
Pcub-MSU1_022_000146.1	blastp	Homology to Phytophthora fragariaefolia predicted protein GMF53523.1
Pcub-MSU1_022_000002.1	eggnog	DHHC palmitoyltransferase
Pcub-MSU1_022_000145.1	eggnog	Calreticulin family
Pcub-MSU1_022_000144.1	eggnog	domain-containing protein
Pcub-MSU1_022_000003.1	eggnog	Glucose inhibited division protein A
Pcub-MSU1_022_000143.1	eggnog	Ribosomal protein L1p/L10e family
Pcub-MSU1_022_000142.1	unannotated	Hypothetical protein of unknown function
Pcub-MSU1_022_000141.1	eggnog	domain-containing protein
Pcub-MSU1_022_000140.1	eggnog	Glycosyltransferase (GlcNAc)
Pcub-MSU1_022_000139.1	unannotated	Hypothetical protein of unknown function
Pcub-MSU1_022_000138.1	unannotated	Hypothetical protein of unknown function
Pcub-MSU1_022_000004.1	unannotated	Hypothetical protein of unknown function
Pcub-MSU1_022_000137.1	interproscan	PTHR31954 domain-containing protein
Pcub-MSU1_022_000136.1	eggnog	Glycosyltransferase (GlcNAc)
Pcub-MSU1_022_000005.1	eggnog	Phenolic acid decarboxylase (PAD)
Pcub-MSU1_022_000135.1	eggnog	Ankyrin repeats (3 copies)
Pcub-MSU1_022_000006.1	eggnog	Thioredoxin
Pcub-MSU1_022_000007.1	eggnog	Alpha-kinase family
Pcub-MSU1_022_000008.1	eggnog	Leukotriene A4 hydrolase, C-terminal
Pcub-MSU1_022_000134.1	interproscan	PTHR31827 domain-containing protein
Pcub-MSU1_022_000009.1	eggnog	vesicle-mediated transport
Pcub-MSU1_022_000133.1	eggnog	domain-containing protein
Pcub-MSU1_022_000132.1	unannotated	Hypothetical protein of unknown function
Pcub-MSU1_022_000010.1	unannotated	Hypothetical protein of unknown function
Pcub-MSU1_022_000011.1	interproscan	PTHR43102 domain-containing protein
Pcub-MSU1_022_000012.1	interproscan	PTHR43102 domain-containing protein
Pcub-MSU1_022_000013.1	eggnog	Ribosomal protein L34e
Pcub-MSU1_022_000014.1	eggnog	domain-containing protein
Pcub-MSU1_022_000131.1	eggnog	FYVE zinc finger
Pcub-MSU1_022_000015.1	eggnog	FYVE zinc finger
Pcub-MSU1_022_000016.1	eggnog	Axonemal dynein light chain
Pcub-MSU1_022_000130.1	eggnog	domain-containing protein
Pcub-MSU1_022_000017.1	interproscan	PTHR47725 domain-containing protein
Pcub-MSU1_022_000129.1	eggnog	Asparagine synthase
Pcub-MSU1_022_000018.1	eggnog	Phenazine biosynthesis-like protein
Pcub-MSU1_022_000019.1	interproscan	PTHR13510 domain-containing protein
Pcub-MSU1_022_000020.1	interproscan	PTHR13510 domain-containing protein
Pcub-MSU1_022_000021.1	eggnog	Asparagine synthase
Pcub-MSU1_022_000128.1	interproscan	PTHR13510 domain-containing protein
Pcub-MSU1_022_000127.1	interproscan	PTHR13510 domain-containing protein
Pcub-MSU1_022_000126.1	eggnog	Phenazine biosynthesis-like protein
Pcub-MSU1_022_000022.1	interproscan	PTHR13510 domain-containing protein
Pcub-MSU1_022_000023.1	eggnog	protein-cysteine S-palmitoyltransferase activity (PFA4)
Pcub-MSU1_022_000125.1	eggnog	Mediator of CRAC channel activity
Pcub-MSU1_022_000124.1	unannotated	Hypothetical protein of unknown function
Pcub-MSU1_022_000123.1	interproscan	PTHR13510 domain-containing protein
Pcub-MSU1_022_000122.1	eggnog	Regulator of chromosome condensation (RCC1) repeat
Pcub-MSU1_022_000121.1	blastp	Homology to Phytophthora fragariae predicted protein KAE8909825.1
Pcub-MSU1_022_000024.1	unannotated	Hypothetical protein of unknown function
Pcub-MSU1_022_000120.1	blastp	Homology to Phytophthora pseudosyringae predicted protein KAG7387946.1
Pcub-MSU1_022_000025.1	interproscan	SSF52540 domain-containing protein
Pcub-MSU1_022_000026.1	interproscan	PTHR36960 domain-containing protein
Pcub-MSU1_022_000119.1	blastp	Homology to Phytophthora nicotianae predicted protein XP_008905029.1
Pcub-MSU1_022_000027.1	eggnog	Amino-transferase class IV
Pcub-MSU1_022_000118.1	blastp	Homology to Peronospora belbahrii predicted protein CAH0514605.1
Pcub-MSU1_022_000028.1	unannotated	Hypothetical protein of unknown function
Pcub-MSU1_022_000029.1	unannotated	Hypothetical protein of unknown function
Pcub-MSU1_022_000030.1	eggnog	Intermediate filament protein
Pcub-MSU1_022_000117.1	eggnog	Domain present in phytochromes and cGMP-specific phosphodiesterases
Pcub-MSU1_022_000116.1	eggnog	Domain present in phytochromes and cGMP-specific phosphodiesterases
Pcub-MSU1_022_000115.1	eggnog	Serine aminopeptidase, S33
Pcub-MSU1_022_000114.1	unannotated	Hypothetical protein of unknown function
Pcub-MSU1_022_000031.1	eggnog	Domain present in phytochromes and cGMP-specific phosphodiesterases
Pcub-MSU1_022_000032.1	eggnog	Domain present in phytochromes and cGMP-specific phosphodiesterases
Pcub-MSU1_022_000033.1	interproscan	PTHR43102 domain-containing protein
Pcub-MSU1_022_000113.1	blastp	Homology to Peronospora belbahrii predicted protein CAH0479629.1
Pcub-MSU1_022_000112.1	interproscan	PTHR43102 domain-containing protein
Pcub-MSU1_022_000111.1	eggnog	ankyrin repeats
Pcub-MSU1_022_000110.1	blastp	Homology to Phytophthora ramorum predicted protein KAH7485709.1
Pcub-MSU1_022_000034.1	interproscan	PTHR43102 domain-containing protein
Pcub-MSU1_022_000035.1	unannotated	Hypothetical protein of unknown function
Pcub-MSU1_022_000036.1	blastp	Homology to Phytophthora cactorum predicted protein KAG2770497.1
Pcub-MSU1_022_000109.1	interproscan	PTHR43102 domain-containing protein
Pcub-MSU1_022_000108.1	interproscan	PTHR43102 domain-containing protein
Pcub-MSU1_022_000037.1	interproscan	PTHR43102 domain-containing protein
Pcub-MSU1_022_000038.1	interproscan	PTHR43102 domain-containing protein
Pcub-MSU1_022_000107.1	blastp	Homology to Phytophthora cactorum predicted protein KAG2770497.1
Pcub-MSU1_022_000039.1	eggnog	Kelch
Pcub-MSU1_022_000106.1	eggnog	Component of the core-TFIIH basal transcription factor involved in nucleotide excision repair (NER) of DNA
Pcub-MSU1_022_000040.1	eggnog	domain-containing protein
Pcub-MSU1_022_000105.1	eggnog	C-terminal domain of 1-Cys peroxiredoxin
Pcub-MSU1_022_000041.1	eggnog	domain-containing protein
Pcub-MSU1_022_000104.1	blastp	Homology to Peronospora belbahrii predicted protein CAH0479636.1
Pcub-MSU1_022_000042.1	unannotated	Hypothetical protein of unknown function
Pcub-MSU1_022_000043.1	blastp	Homology to Peronospora farinosa predicted protein CAI5734334.1
Pcub-MSU1_022_000103.1	eggnog	domain-containing protein
Pcub-MSU1_022_000102.1	eggnog	Asparaginase
Pcub-MSU1_022_000044.1	eggnog	domain-containing protein
Pcub-MSU1_022_000101.1	blastp	Homology to Peronospora effusa predicted protein CAI5707049.1
Pcub-MSU1_022_000100.1	unannotated	Hypothetical protein of unknown function
Pcub-MSU1_022_000045.1	eggnog	C-terminal domain of 1-Cys peroxiredoxin
Pcub-MSU1_022_000046.1	eggnog	RNase_H superfamily
Pcub-MSU1_022_000099.1	eggnog	HSA
Pcub-MSU1_022_000098.1	eggnog	RNase_H superfamily
Pcub-MSU1_022_000097.1	eggnog	C-terminal domain of 1-Cys peroxiredoxin
Pcub-MSU1_022_000047.1	eggnog	domain-containing protein
Pcub-MSU1_022_000048.1	blastp	Homology to Phytophthora megakarya predicted protein OWY94345.1
Pcub-MSU1_022_000096.1	eggnog	positive regulation of cell cycle G2/M phase transition
Pcub-MSU1_022_000095.1	eggnog	C-terminal domain of 1-Cys peroxiredoxin
Pcub-MSU1_022_000049.1	interproscan	PTHR31737 domain-containing protein
Pcub-MSU1_022_000050.1	interproscan	WLGC domain (PF26605)
Pcub-MSU1_022_000094.1	eggnog	sulfur oxidation
Pcub-MSU1_022_000051.1	eggnog	sulfur oxidation
Pcub-MSU1_022_000093.1	interproscan	WLGC domain (PF26605)
Pcub-MSU1_022_000092.1	interproscan	PTHR31737 domain-containing protein
Pcub-MSU1_022_000052.1	eggnog	Zinc finger, C2H2 type
Pcub-MSU1_022_000053.1	eggnog	heat shock factor
Pcub-MSU1_022_000091.1	eggnog	heat shock factor
Pcub-MSU1_022_000090.1	interproscan	PTHR35606 domain-containing protein
Pcub-MSU1_022_000089.1	eggnog	Protein present in Fab1, YOTB, Vac1, and EEA1
Pcub-MSU1_022_000054.1	eggnog	FYVE zinc finger
Pcub-MSU1_022_000055.1	eggnog	Isoprenylcysteine carboxyl methyltransferase (ICMT) family
Pcub-MSU1_022_000088.1	blastp	Homology to Phytophthora rubi predicted protein KAE8984047.1
Pcub-MSU1_022_000056.1	blastp	Homology to Phytophthora pseudosyringae predicted protein KAG7377969.1
Pcub-MSU1_022_000057.1	interproscan	PTHR46586 domain-containing protein
Pcub-MSU1_022_000087.1	blastp	Homology to Peronospora belbahrii predicted protein CAH0477591.1
Pcub-MSU1_022_000058.1	eggnog	domain-containing protein
Pcub-MSU1_022_000086.1	blastp	Homology to Phytophthora megakarya predicted protein OWZ07700.1
Pcub-MSU1_022_000059.1	blastp	Homology to Phytophthora pseudosyringae predicted protein KAG7378054.1
Pcub-MSU1_022_000060.1	eggnog	NmrA-like family
Pcub-MSU1_022_000085.1	eggnog	Protein of unknown function (DUF563)
Pcub-MSU1_022_000084.1	blastp	Homology to Phytophthora cactorum predicted protein KAF1793471.1
Pcub-MSU1_022_000061.1	eggnog	Glycosyl hydrolases family 43
Pcub-MSU1_022_000062.1	eggnog	Magnesium transporter NIPA
Pcub-MSU1_022_000083.1	eggnog	WD domain, G-beta repeat
Pcub-MSU1_022_000063.1	eggnog	Clathrin adaptor complex small chain
Pcub-MSU1_022_000082.1	eggnog	Glycosyl hydrolases family 43
Pcub-MSU1_022_000081.1	blastp	Homology to Phytophthora infestans predicted protein KAF4028989.1
Pcub-MSU1_022_000080.1	eggnog	Dimerisation domain of Zinc Transporter
Pcub-MSU1_022_000064.1	eggnog	domain-containing protein
Pcub-MSU1_022_000079.1	eggnog	domain-containing protein
Pcub-MSU1_022_000078.1	eggnog	domain-containing protein
Pcub-MSU1_022_000077.1	eggnog	Protein tyrosine kinase
Pcub-MSU1_022_000065.1	eggnog	Adaptor complexes medium subunit family
Pcub-MSU1_022_000076.1	eggnog	Actin
Pcub-MSU1_022_000066.1	eggnog	domain-containing protein
Pcub-MSU1_022_000067.1	eggnog	domain-containing protein
Pcub-MSU1_022_000068.1	interproscan	PTHR16320 domain-containing protein
Pcub-MSU1_022_000069.1	eggnog	domain-containing protein
Pcub-MSU1_022_000070.1	blastp	Homology to Phytophthora lilii predicted protein GMF65243.1
Pcub-MSU1_022_000075.1	eggnog	CAP_GLY
Pcub-MSU1_022_000074.1	eggnog	domain-containing protein
Pcub-MSU1_022_000071.1	interproscan	PTHR39200 domain-containing protein
Pcub-MSU1_022_000072.1	blastp	Homology to Phytophthora cinnamomi predicted protein KAG6622842.1
Pcub-MSU1_022_000073.1	unannotated	Hypothetical protein of unknown function
Pcub-MSU1_023_000001.1	unannotated	Hypothetical protein of unknown function
Pcub-MSU1_023_000028.1	eggnog	Sugar-transfer associated ATP-grasp
Pcub-MSU1_023_000027.1	blastp	Homology to Phytophthora ramorum predicted protein KAH7461872.1
Pcub-MSU1_023_000026.1	unannotated	Hypothetical protein of unknown function
Pcub-MSU1_023_000002.1	blastp	Homology to Peronospora destructor predicted protein CAI5715031.1
Pcub-MSU1_023_000003.1	eggnog	Origin recognition complex (ORC) subunit 4 C-terminus
Pcub-MSU1_023_000004.1	unannotated	Hypothetical protein of unknown function
Pcub-MSU1_023_000005.1	unannotated	Hypothetical protein of unknown function
Pcub-MSU1_023_000025.1	eggnog	Reverse transcriptase-like
Pcub-MSU1_023_000006.1	blastp	Homology to Peronospora destructor predicted protein CAI5715031.1
Pcub-MSU1_023_000007.1	blastp	Homology to Peronospora destructor predicted protein CAI5715063.1
Pcub-MSU1_023_000024.1	interproscan	G3DSA:3.40.50.300 domain-containing protein
Pcub-MSU1_023_000023.1	blastp	Homology to Phytophthora fragariae predicted protein KAE8933467.1
Pcub-MSU1_023_000008.1	blastp	Homology to Phytophthora nicotianae predicted protein KUF79077.1
Pcub-MSU1_023_000009.1	unannotated	Hypothetical protein of unknown function
Pcub-MSU1_023_000022.1	blastp	Homology to Phytophthora cinnamomi predicted protein KAJ8558662.1
Pcub-MSU1_023_000010.1	eggnog	Poxvirus A32 protein
Pcub-MSU1_023_000021.1	blastp	Homology to Globisporangium splendens predicted protein KAF1319036.1
Pcub-MSU1_023_000011.1	blastp	Homology to Globisporangium splendens predicted protein KAF1319051.1
Pcub-MSU1_023_000012.1	blastp	Homology to Phytophthora nicotianae predicted protein ETP03154.1
Pcub-MSU1_023_000013.1	unannotated	Hypothetical protein of unknown function
Pcub-MSU1_023_000020.1	unannotated	Hypothetical protein of unknown function
Pcub-MSU1_023_000019.1	blastp	Homology to Globisporangium splendens predicted protein KAF1314281.1
Pcub-MSU1_023_000014.1	unannotated	Hypothetical protein of unknown function
Pcub-MSU1_023_000018.1	unannotated	Hypothetical protein of unknown function
Pcub-MSU1_023_000017.1	blastp	Homology to Peronosclerospora sorghi predicted protein KAI9910962.1
Pcub-MSU1_023_000016.1	unannotated	Hypothetical protein of unknown function
Pcub-MSU1_023_000015.1	eggnog	transposition, RNA-mediated
Pcub-MSU1_024_000001.1	unannotated	Hypothetical protein of unknown function
Pcub-MSU1_024_000002.1	unannotated	Hypothetical protein of unknown function
Pcub-MSU1_024_000161.1	eggnog	Sugar-transfer associated ATP-grasp
Pcub-MSU1_024_000003.1	eggnog	Leucine-rich repeats, outliers
Pcub-MSU1_024_000160.1	unannotated	Hypothetical protein of unknown function
Pcub-MSU1_024_000004.1	blastp	Homology to Peronospora destructor predicted protein CAI5715031.1
Pcub-MSU1_024_000005.1	eggnog	Origin recognition complex (ORC) subunit 4 C-terminus
Pcub-MSU1_024_000006.1	unannotated	Hypothetical protein of unknown function
Pcub-MSU1_024_000007.1	unannotated	Hypothetical protein of unknown function
Pcub-MSU1_024_000008.1	blastp	Homology to Peronospora destructor predicted protein CAI5715031.1
Pcub-MSU1_024_000009.1	blastp	Homology to Peronospora destructor predicted protein CAI5715063.1
Pcub-MSU1_024_000010.1	eggnog	WD40 repeats
Pcub-MSU1_024_000159.1	eggnog	tRNA pseudouridine synthase
Pcub-MSU1_024_000011.1	eggnog	Sterile alpha motif
Pcub-MSU1_024_000158.1	eggnog	Chitinase class I
Pcub-MSU1_024_000157.1	eggnog	Chitinase class I
Pcub-MSU1_024_000156.1	eggnog	Chitinase class I
Pcub-MSU1_024_000155.1	eggnog	Chitinase class I
Pcub-MSU1_024_000154.1	eggnog	Chitinase class I
Pcub-MSU1_024_000153.1	eggnog	Chitinase class I
Pcub-MSU1_024_000152.1	eggnog	Chitinase class I
Pcub-MSU1_024_000151.1	eggnog	Chitinase class I
Pcub-MSU1_024_000150.1	eggnog	Chitinase class I
Pcub-MSU1_024_000149.1	eggnog	Chitinase class I
Pcub-MSU1_024_000148.1	eggnog	Chitinase class I
Pcub-MSU1_024_000147.1	eggnog	Chitinase class I
Pcub-MSU1_024_000146.1	eggnog	Chitinase class I
Pcub-MSU1_024_000012.1	eggnog	Major Facilitator Superfamily
Pcub-MSU1_024_000145.1	eggnog	domain-containing protein
Pcub-MSU1_024_000013.1	unannotated	Hypothetical protein of unknown function
Pcub-MSU1_024_000144.1	blastp	Homology to Phytophthora ramorum predicted protein KAH7479927.1
Pcub-MSU1_024_000143.1	eggnog	DEAD_2
Pcub-MSU1_024_000014.1	eggnog	Sodium:dicarboxylate symporter family
Pcub-MSU1_024_000142.1	eggnog	Sodium:dicarboxylate symporter family
Pcub-MSU1_024_000141.1	eggnog	Belongs to the CD36 family
Pcub-MSU1_024_000140.1	eggnog	Belongs to the CD36 family
Pcub-MSU1_024_000015.1	eggnog	domain-containing protein
Pcub-MSU1_024_000139.1	eggnog	E2_bind
Pcub-MSU1_024_000016.1	eggnog	Chitinase class I
Pcub-MSU1_024_000138.1	unannotated	Hypothetical protein of unknown function
Pcub-MSU1_024_000137.1	eggnog	Chitinase class I
Pcub-MSU1_024_000136.1	eggnog	Chitinase class I
Pcub-MSU1_024_000135.1	eggnog	Chitinase class I
Pcub-MSU1_024_000134.1	blastp	Homology to predicted protein KAH7500943.1
Pcub-MSU1_024_000017.1	eggnog	Glycosyl transferase family 41
Pcub-MSU1_024_000133.1	eggnog	Peptidase S24-like
Pcub-MSU1_024_000018.1	eggnog	domain-containing protein
Pcub-MSU1_024_000132.1	blastp	Homology to Peronospora farinosa predicted protein CAH0485933.1
Pcub-MSU1_024_000131.1	eggnog	Putative DNA-binding domain in centromere protein B, mouse jerky and transposases
Pcub-MSU1_024_000019.1	eggnog	Putative DNA-binding domain in centromere protein B, mouse jerky and transposases
Pcub-MSU1_024_000020.1	blastp	Homology to Peronospora farinosa predicted protein CAH0485933.1
Pcub-MSU1_024_000130.1	eggnog	domain-containing protein
Pcub-MSU1_024_000021.1	eggnog	Peptidase S24-like
Pcub-MSU1_024_000129.1	eggnog	Glycosyl transferase family 41
Pcub-MSU1_024_000022.1	eggnog	Aph-1 protein
Pcub-MSU1_024_000128.1	eggnog	The AROM polypeptide catalyzes 5 consecutive enzymatic reactions in prechorismate polyaromatic amino acid biosynthesis
Pcub-MSU1_024_000127.1	eggnog	The AROM polypeptide catalyzes 5 consecutive enzymatic reactions in prechorismate polyaromatic amino acid biosynthesis
Pcub-MSU1_024_000023.1	eggnog	regulation of membrane repolarization during atrial cardiac muscle cell action potential
Pcub-MSU1_024_000126.1	eggnog	regulation of membrane repolarization during atrial cardiac muscle cell action potential
Pcub-MSU1_024_000024.1	eggnog	regulation of membrane repolarization during atrial cardiac muscle cell action potential
Pcub-MSU1_024_000125.1	unannotated	Hypothetical protein of unknown function
Pcub-MSU1_024_000025.1	blastp	Homology to Phytophthora fragariae predicted protein KAE9357220.1
Pcub-MSU1_024_000124.1	unannotated	Hypothetical protein of unknown function
Pcub-MSU1_024_000123.1	unannotated	Hypothetical protein of unknown function
Pcub-MSU1_024_000122.1	eggnog	domain-containing protein
Pcub-MSU1_024_000026.1	eggnog	ATP-binding Cassette (ABC) Superfamily. Source PGD
Pcub-MSU1_024_000121.1	blastp	Homology to Phytophthora nicotianae predicted protein ETL80485.1
Pcub-MSU1_024_000027.1	eggnog	proton export across plasma membrane
Pcub-MSU1_024_000028.1	eggnog	proton export across plasma membrane
Pcub-MSU1_024_000029.1	eggnog	methyltransferase activity (ECE2)
Pcub-MSU1_024_000030.1	eggnog	Choline/Carnitine o-acyltransferase
Pcub-MSU1_024_000031.1	eggnog	Metal dependent phosphohydrolases with conserved 'HD' motif
Pcub-MSU1_024_000032.1	blastp	Homology to Phytophthora rubi predicted protein KAE9037498.1
Pcub-MSU1_024_000033.1	eggnog	NAD-dependent glycerol-3-phosphate dehydrogenase N-terminus
Pcub-MSU1_024_000034.1	interproscan	PTHR31742 domain-containing protein
Pcub-MSU1_024_000120.1	interproscan	TMEM128 protein (PF20479)
Pcub-MSU1_024_000119.1	eggnog	Vacuolar membrane-associated protein Iml1
Pcub-MSU1_024_000035.1	eggnog	Extension to Ser/Thr-type protein kinases
Pcub-MSU1_024_000118.1	unannotated	Hypothetical protein of unknown function
Pcub-MSU1_024_000036.1	eggnog	isochorismatase domain-containing protein (MAR1)
Pcub-MSU1_024_000117.1	blastp	Homology to Pythium oligandrum predicted protein TMW67439.1
Pcub-MSU1_024_000116.1	eggnog	domain-containing protein
Pcub-MSU1_024_000115.1	blastp	Homology to Peronospora effusa predicted protein RMX68624.1
Pcub-MSU1_024_000037.1	eggnog	Family of unknown function (DUF572)
Pcub-MSU1_024_000114.1	blastp	Homology to Phytophthora nicotianae predicted protein XP_008911344.1
Pcub-MSU1_024_000038.1	eggnog	Diacylglycerol acyltransferase
Pcub-MSU1_024_000113.1	eggnog	domain-containing protein
Pcub-MSU1_024_000112.1	blastp	Homology to Hyaloperonospora arabidopsidis predicted protein BAP69138.1
Pcub-MSU1_024_000111.1	eggnog	RNA recognition motif 2
Pcub-MSU1_024_000039.1	eggnog	domain-containing protein
Pcub-MSU1_024_000040.1	eggnog	domain-containing protein
Pcub-MSU1_024_000110.1	eggnog	RNA recognition motif 2
Pcub-MSU1_024_000041.1	eggnog	Involved in the catabolism of quinolinic acid (QA)
Pcub-MSU1_024_000109.1	blastp	Homology to predicted protein KAH7500901.1
Pcub-MSU1_024_000042.1	eggnog	EF-hand domain pair
Pcub-MSU1_024_000108.1	interproscan	PTHR13639 domain-containing protein
Pcub-MSU1_024_000043.1	blastp	Homology to Phytophthora ramorum predicted protein KAH7479960.1
Pcub-MSU1_024_000107.1	eggnog	Glucose inhibited division protein A
Pcub-MSU1_024_000044.1	eggnog	Domain of unknown function (DUF2431)
Pcub-MSU1_024_000106.1	eggnog	domain-containing protein
Pcub-MSU1_024_000045.1	eggnog	M-phase phosphoprotein 6
Pcub-MSU1_024_000105.1	eggnog	Zinc knuckle
Pcub-MSU1_024_000046.1	eggnog	domain-containing protein
Pcub-MSU1_024_000104.1	eggnog	Domain Homologous to E6-AP Carboxyl Terminus with
Pcub-MSU1_024_000047.1	eggnog	domain-containing protein
Pcub-MSU1_024_000103.1	eggnog	response to water deprivation
Pcub-MSU1_024_000102.1	eggnog	Crinkler (CRN) family protein
Pcub-MSU1_024_000101.1	blastp	Homology to Peronospora belbahrii predicted protein CAH0522600.1
Pcub-MSU1_024_000048.1	blastp	Homology to Peronospora belbahrii predicted protein CAH0522600.1
Pcub-MSU1_024_000049.1	eggnog	domain-containing protein
Pcub-MSU1_024_000100.1	blastp	Homology to Phytophthora idaei predicted protein KAG3115116.1
Pcub-MSU1_024_000050.1	blastp	Homology to Peronospora effusa predicted protein CAI5724964.1
Pcub-MSU1_024_000051.1	interproscan	PTHR24099 domain-containing protein
Pcub-MSU1_024_000099.1	eggnog	domain-containing protein
Pcub-MSU1_024_000052.1	eggnog	domain-containing protein
Pcub-MSU1_024_000098.1	eggnog	Rad17 cell cycle checkpoint protein
Pcub-MSU1_024_000053.1	blastp	Homology to Phytophthora nicotianae predicted protein ETL84766.1
Pcub-MSU1_024_000054.1	eggnog	large conductance calcium-activated potassium channel activity
Pcub-MSU1_024_000097.1	eggnog	WD40 repeats
Pcub-MSU1_024_000096.1	blastp	Homology to Peronospora destructor predicted protein CAI5746631.1
Pcub-MSU1_024_000055.1	unannotated	Hypothetical protein of unknown function
Pcub-MSU1_024_000056.1	unannotated	Hypothetical protein of unknown function
Pcub-MSU1_024_000057.1	unannotated	Hypothetical protein of unknown function
Pcub-MSU1_024_000058.1	unannotated	Hypothetical protein of unknown function
Pcub-MSU1_024_000059.1	eggnog	Nuf2 family
Pcub-MSU1_024_000095.1	interproscan	SSF52047 domain-containing protein
Pcub-MSU1_024_000094.1	eggnog	Indole-3-glycerol phosphate synthase
Pcub-MSU1_024_000093.1	eggnog	domain-containing protein
Pcub-MSU1_024_000092.1	eggnog	Adds multiple copies of isopentenyl pyrophosphate (IPP) to farnesyl pyrophosphate (FPP) to produce dehydrodolichyl diphosphate (Dedol-PP), a precursor of dolichol which is utilized as a sugar carrier in protein glycosylation in the endoplasmic reticulum (ER)
Pcub-MSU1_024_000060.1	eggnog	Putative methyltransferase
Pcub-MSU1_024_000091.1	eggnog	Adds multiple copies of isopentenyl pyrophosphate (IPP) to farnesyl pyrophosphate (FPP) to produce dehydrodolichyl diphosphate (Dedol-PP), a precursor of dolichol which is utilized as a sugar carrier in protein glycosylation in the endoplasmic reticulum (ER)
Pcub-MSU1_024_000061.1	eggnog	UreF
Pcub-MSU1_024_000062.1	eggnog	WD40 repeats
Pcub-MSU1_024_000063.1	blastp	Homology to Phytophthora nicotianae predicted protein XP_008911415.1
Pcub-MSU1_024_000064.1	eggnog	Helical region found in SNAREs
Pcub-MSU1_024_000090.1	blastp	Homology to Phytophthora cactorum;Phytophthora aleatoria predicted protein KAF1777074.1
Pcub-MSU1_024_000065.1	eggnog	Cid1 family poly A polymerase
Pcub-MSU1_024_000089.1	eggnog	Cid1 family poly A polymerase
Pcub-MSU1_024_000088.1	eggnog	Cid1 family poly A polymerase
Pcub-MSU1_024_000066.1	eggnog	Ankyrin repeats (many copies)
Pcub-MSU1_024_000067.1	eggnog	A distinct subfamily of CDD/CDA-like deaminases
Pcub-MSU1_024_000068.1	eggnog	Anaphase-promoting complex subunit 11 RING-H2 finger
Pcub-MSU1_024_000087.1	eggnog	Sugar (and other) transporter
Pcub-MSU1_024_000086.1	eggnog	Ion transport protein
Pcub-MSU1_024_000085.1	unannotated	Hypothetical protein of unknown function
Pcub-MSU1_024_000069.1	eggnog	Protein tyrosine kinase
Pcub-MSU1_024_000070.1	eggnog	Transglutaminase elicitor
Pcub-MSU1_024_000071.1	eggnog	Pyridoxal-phosphate dependent enzyme
Pcub-MSU1_024_000072.1	unannotated	Hypothetical protein of unknown function
Pcub-MSU1_024_000073.1	unannotated	Hypothetical protein of unknown function
Pcub-MSU1_024_000084.1	interproscan	PTHR20544 domain-containing protein
Pcub-MSU1_024_000074.1	eggnog	axoneme assembly
Pcub-MSU1_024_000075.1	unannotated	Hypothetical protein of unknown function
Pcub-MSU1_024_000076.1	unannotated	Hypothetical protein of unknown function
Pcub-MSU1_024_000077.1	eggnog	structural constituent of cell wall (attf-6)
Pcub-MSU1_024_000078.1	eggnog	Transmembrane amino acid transporter protein
Pcub-MSU1_024_000079.1	eggnog	Amino acid auxin permease-like protein
Pcub-MSU1_024_000080.1	eggnog	WD40 repeats
Pcub-MSU1_024_000083.1	eggnog	domain-containing protein
Pcub-MSU1_024_000081.1	eggnog	domain-containing protein
Pcub-MSU1_024_000082.1	eggnog	domain-containing protein
Pcub-MSU1_025_000313.1	blastp	Homology to Phytophthora nicotianae predicted protein XP_008903170.1
Pcub-MSU1_025_000312.1	eggnog	Peptidase C65 Otubain
Pcub-MSU1_025_000311.1	blastp	Homology to Peronospora farinosa predicted protein CAH0489568.1
Pcub-MSU1_025_000001.1	blastp	Homology to Peronospora belbahrii predicted protein CAH0473745.1
Pcub-MSU1_025_000002.1	eggnog	MYND finger
Pcub-MSU1_025_000310.1	eggnog	Belongs to the DHHC palmitoyltransferase family
Pcub-MSU1_025_000309.1	eggnog	NADH:flavin oxidoreductase / NADH oxidase family
Pcub-MSU1_025_000003.1	eggnog	UDP-3-O- 3-hydroxymyristoyl glucosamine N-acyltransferase
Pcub-MSU1_025_000004.1	eggnog	RxLR effector
Pcub-MSU1_025_000308.1	eggnog	domain-containing protein
Pcub-MSU1_025_000005.1	eggnog	domain-containing protein
Pcub-MSU1_025_000307.1	blastp	Homology to Phytophthora pseudosyringae predicted protein KAG7380516.1
Pcub-MSU1_025_000306.1	interproscan	PTHR13510 domain-containing protein
Pcub-MSU1_025_000305.1	eggnog	Holliday junction DNA helicase ruvB N-terminus
Pcub-MSU1_025_000006.1	eggnog	Tubulin binding cofactor C
Pcub-MSU1_025_000007.1	eggnog	PCO_ADO
Pcub-MSU1_025_000304.1	eggnog	PCO_ADO
Pcub-MSU1_025_000303.1	eggnog	Tubulin binding cofactor C
Pcub-MSU1_025_000008.1	eggnog	Holliday junction DNA helicase ruvB N-terminus
Pcub-MSU1_025_000009.1	eggnog	Tubulin binding cofactor C
Pcub-MSU1_025_000010.1	eggnog	domain-containing protein
Pcub-MSU1_025_000011.1	eggnog	Uncharacterized protein family UPF0016
Pcub-MSU1_025_000302.1	eggnog	inositol 1,4,5-trisphosphate-sensitive calcium-release channel activity
Pcub-MSU1_025_000301.1	blastp	Homology to Phytophthora lilii predicted protein GMF10640.1
Pcub-MSU1_025_000300.1	blastp	Homology to Peronospora effusa predicted protein RMX63548.1
Pcub-MSU1_025_000299.1	interproscan	PTHR34894 domain-containing protein
Pcub-MSU1_025_000298.1	eggnog	Proteasome activator pa28 beta subunit
Pcub-MSU1_025_000297.1	eggnog	primary palate development
Pcub-MSU1_025_000296.1	eggnog	domain-containing protein
Pcub-MSU1_025_000012.1	eggnog	domain-containing protein
Pcub-MSU1_025_000013.1	eggnog	Proteasome activator pa28 beta subunit
Pcub-MSU1_025_000014.1	interproscan	PTHR34894 domain-containing protein
Pcub-MSU1_025_000295.1	eggnog	Adenosylmethionine decarboxylase
Pcub-MSU1_025_000294.1	eggnog	Glucosidase II beta subunit-like protein
Pcub-MSU1_025_000015.1	blastp	Homology to Phytophthora cactorum predicted protein KAG3005524.1
Pcub-MSU1_025_000293.1	eggnog	domain-containing protein
Pcub-MSU1_025_000016.1	eggnog	cell cycle
Pcub-MSU1_025_000292.1	blastp	Homology to Peronospora destructor predicted protein CAI5718717.1
Pcub-MSU1_025_000017.1	eggnog	Coenzyme A synthase
Pcub-MSU1_025_000291.1	blastp	Homology to Phytophthora rubi predicted protein KAE9039410.1
Pcub-MSU1_025_000018.1	interproscan	PTHR13510 domain-containing protein
Pcub-MSU1_025_000290.1	eggnog	Metallo-beta-lactamase superfamily
Pcub-MSU1_025_000019.1	eggnog	tRNA pseudouridine synthase D (TruD)
Pcub-MSU1_025_000289.1	eggnog	G-quadruplex DNA binding
Pcub-MSU1_025_000020.1	eggnog	domain-containing protein
Pcub-MSU1_025_000288.1	eggnog	Ribosomal L22e protein family
Pcub-MSU1_025_000021.1	eggnog	60s Acidic ribosomal protein
Pcub-MSU1_025_000287.1	eggnog	ADP-ribosylation factor family
Pcub-MSU1_025_000022.1	eggnog	methyl-CpNpN binding
Pcub-MSU1_025_000286.1	unannotated	Hypothetical protein of unknown function
Pcub-MSU1_025_000023.1	eggnog	Cutinase
Pcub-MSU1_025_000024.1	interproscan	PTHR46586 domain-containing protein
Pcub-MSU1_025_000025.1	unannotated	Hypothetical protein of unknown function
Pcub-MSU1_025_000026.1	eggnog	methyl-CpNpN binding
Pcub-MSU1_025_000285.1	eggnog	Secreted RxLR effector peptide protein
Pcub-MSU1_025_000284.1	eggnog	Cutinase
Pcub-MSU1_025_000027.1	unannotated	Hypothetical protein of unknown function
Pcub-MSU1_025_000283.1	eggnog	methyl-CpNpN binding
Pcub-MSU1_025_000282.1	interproscan	PTHR46586 domain-containing protein
Pcub-MSU1_025_000281.1	eggnog	tRNA pseudouridine synthase D (TruD)
Pcub-MSU1_025_000028.1	eggnog	tRNA synthetases class II core domain (F)
Pcub-MSU1_025_000280.1	eggnog	Mitochondrial carrier protein
Pcub-MSU1_025_000029.1	blastp	Homology to predicted protein 5GNC_A
Pcub-MSU1_025_000279.1	eggnog	Cation efflux family
Pcub-MSU1_025_000030.1	eggnog	Tetratricopeptide repeat
Pcub-MSU1_025_000278.1	eggnog	Brix
Pcub-MSU1_025_000031.1	eggnog	Utp14 protein
Pcub-MSU1_025_000032.1	unannotated	Hypothetical protein of unknown function
Pcub-MSU1_025_000277.1	eggnog	Utp14 protein
Pcub-MSU1_025_000276.1	blastp	Homology to Phytophthora nicotianae predicted protein ETP36104.1
Pcub-MSU1_025_000033.1	eggnog	Utp14 protein
Pcub-MSU1_025_000275.1	eggnog	Protein tyrosine kinase
Pcub-MSU1_025_000034.1	eggnog	Serine hydrolase (FSH1)
Pcub-MSU1_025_000035.1	eggnog	Glycosyl transferase family 41
Pcub-MSU1_025_000274.1	eggnog	domain-containing protein
Pcub-MSU1_025_000036.1	eggnog	C-terminal domain of 1-Cys peroxiredoxin
Pcub-MSU1_025_000273.1	blastp	Homology to Peronospora belbahrii predicted protein CAH0473675.1
Pcub-MSU1_025_000272.1	eggnog	domain-containing protein
Pcub-MSU1_025_000037.1	eggnog	domain-containing protein
Pcub-MSU1_025_000038.1	blastp	Homology to Phytophthora idaei predicted protein KAG3108324.1
Pcub-MSU1_025_000271.1	eggnog	Protein of unknown function (DUF3128)
Pcub-MSU1_025_000270.1	eggnog	Ubiquinol-cytochrome C reductase complex 14kD subunit
Pcub-MSU1_025_000269.1	blastp	Homology to Phytophthora cactorum predicted protein KAG2849324.1
Pcub-MSU1_025_000268.1	unannotated	Hypothetical protein of unknown function
Pcub-MSU1_025_000039.1	unannotated	Hypothetical protein of unknown function
Pcub-MSU1_025_000267.1	eggnog	Domain of unknown function (DUF1736)
Pcub-MSU1_025_000266.1	blastp	Homology to Phytophthora idaei predicted protein KAG3114038.1
Pcub-MSU1_025_000040.1	eggnog	MIF4G like
Pcub-MSU1_025_000265.1	eggnog	SHNi-TPR
Pcub-MSU1_025_000264.1	eggnog	domain-containing protein
Pcub-MSU1_025_000263.1	eggnog	Aldo/keto reductase family
Pcub-MSU1_025_000041.1	eggnog	domain-containing protein
Pcub-MSU1_025_000262.1	eggnog	non-SMC mitotic condensation complex subunit 1
Pcub-MSU1_025_000042.1	eggnog	domain-containing protein
Pcub-MSU1_025_000261.1	blastp	Homology to Phytophthora pseudosyringae predicted protein KAG7387629.1
Pcub-MSU1_025_000043.1	eggnog	basic region leucin zipper
Pcub-MSU1_025_000260.1	eggnog	Zinc-ribbon like family
Pcub-MSU1_025_000044.1	blastp	Homology to Phytophthora infestans predicted protein KAF4045053.1
Pcub-MSU1_025_000045.1	eggnog	TCP-1/cpn60 chaperonin family
Pcub-MSU1_025_000259.1	interproscan	PTHR34126 domain-containing protein
Pcub-MSU1_025_000046.1	eggnog	Transport protein particle (TRAPP) component
Pcub-MSU1_025_000258.1	eggnog	Aspartyl/Asparaginyl beta-hydroxylase
Pcub-MSU1_025_000257.1	eggnog	domain-containing protein
Pcub-MSU1_025_000047.1	interproscan	PTHR11380 domain-containing protein
Pcub-MSU1_025_000048.1	eggnog	transposition, RNA-mediated
Pcub-MSU1_025_000049.1	unannotated	Hypothetical protein of unknown function
Pcub-MSU1_025_000050.1	unannotated	Hypothetical protein of unknown function
Pcub-MSU1_025_000256.1	interproscan	PTHR11380 domain-containing protein
Pcub-MSU1_025_000255.1	unannotated	Hypothetical protein of unknown function
Pcub-MSU1_025_000051.1	unannotated	Hypothetical protein of unknown function
Pcub-MSU1_025_000254.1	unannotated	Hypothetical protein of unknown function
Pcub-MSU1_025_000052.1	interproscan	PTHR11380 domain-containing protein
Pcub-MSU1_025_000253.1	unannotated	Hypothetical protein of unknown function
Pcub-MSU1_025_000053.1	eggnog	transposition, RNA-mediated
Pcub-MSU1_025_000252.1	interproscan	PTHR11380 domain-containing protein
Pcub-MSU1_025_000054.1	unannotated	Hypothetical protein of unknown function
Pcub-MSU1_025_000251.1	interproscan	PTHR11380 domain-containing protein
Pcub-MSU1_025_000250.1	unannotated	Hypothetical protein of unknown function
Pcub-MSU1_025_000055.1	unannotated	Hypothetical protein of unknown function
Pcub-MSU1_025_000056.1	unannotated	Hypothetical protein of unknown function
Pcub-MSU1_025_000057.1	eggnog	Pyridoxal 5'-phosphate (PLP)-binding protein, which may be involved in intracellular homeostatic regulation of pyridoxal 5'-phosphate (PLP), the active form of vitamin B6
Pcub-MSU1_025_000249.1	eggnog	pre-RNA processing PIH1/Nop17
Pcub-MSU1_025_000248.1	eggnog	Ribosomal protein L21e
Pcub-MSU1_025_000058.1	eggnog	Fip1 motif
Pcub-MSU1_025_000247.1	eggnog	Diphthamide synthase
Pcub-MSU1_025_000059.1	eggnog	Guanine nucleotide exchange factor in Golgi transport N-terminal
Pcub-MSU1_025_000246.1	blastp	Homology to Phytophthora cactorum predicted protein KAG3036653.1
Pcub-MSU1_025_000060.1	blastp	Homology to Peronospora farinosa predicted protein CAH0487608.1
Pcub-MSU1_025_000061.1	unannotated	Hypothetical protein of unknown function
Pcub-MSU1_025_000062.1	eggnog	MFS/sugar transport protein
Pcub-MSU1_025_000245.1	blastp	Homology to predicted protein KAH7497584.1
Pcub-MSU1_025_000244.1	eggnog	Heat shock chaperonin-binding motif
Pcub-MSU1_025_000063.1	eggnog	Heat shock chaperonin-binding motif
Pcub-MSU1_025_000243.1	eggnog	Lysine methyltransferase
Pcub-MSU1_025_000064.1	blastp	Homology to Phytophthora fragariae;Phytophthora rubi predicted protein KAE8912244.1
Pcub-MSU1_025_000242.1	blastp	Homology to Phytophthora fragariae predicted protein KAE9150121.1
Pcub-MSU1_025_000241.1	eggnog	GDSL-like Lipase/Acylhydrolase
Pcub-MSU1_025_000065.1	unannotated	Hypothetical protein of unknown function
Pcub-MSU1_025_000066.1	eggnog	GDSL-like Lipase/Acylhydrolase
Pcub-MSU1_025_000067.1	unannotated	Hypothetical protein of unknown function
Pcub-MSU1_025_000068.1	eggnog	Phospholipase D Active site motif
Pcub-MSU1_025_000069.1	eggnog	Ankyrin repeat
Pcub-MSU1_025_000070.1	blastp	Homology to Phytophthora cactorum predicted protein KAG3010466.1
Pcub-MSU1_025_000240.1	eggnog	Dienelactone hydrolase family
Pcub-MSU1_025_000071.1	eggnog	Nuclear transcription factor Y subunit. Source PGD
Pcub-MSU1_025_000072.1	eggnog	NAD-binding of NADP-dependent 3-hydroxyisobutyrate dehydrogenase
Pcub-MSU1_025_000239.1	eggnog	Leucine Rich repeats (2 copies)
Pcub-MSU1_025_000238.1	interproscan	PTHR31576 domain-containing protein
Pcub-MSU1_025_000237.1	eggnog	domain-containing protein
Pcub-MSU1_025_000073.1	eggnog	Lysine methyltransferase
Pcub-MSU1_025_000074.1	eggnog	Binds specifically to cytosolic chaperonin (c-CPN) and transfers target proteins to it
Pcub-MSU1_025_000075.1	eggnog	Leucine rich repeat
Pcub-MSU1_025_000076.1	eggnog	Phosphatidylinositol-4-phosphate 5-Kinase
Pcub-MSU1_025_000236.1	interproscan	PTHR31737 domain-containing protein
Pcub-MSU1_025_000077.1	interproscan	PTHR31737 domain-containing protein
Pcub-MSU1_025_000078.1	eggnog	Septum formation topological specificity factor MinE
Pcub-MSU1_025_000235.1	eggnog	single-stranded DNA-dependent ATPase activity
Pcub-MSU1_025_000234.1	eggnog	single-stranded DNA-dependent ATPase activity
Pcub-MSU1_025_000079.1	interproscan	PTHR16306 domain-containing protein
Pcub-MSU1_025_000233.1	eggnog	domain-containing protein
Pcub-MSU1_025_000232.1	eggnog	ABC-2 family transporter protein
Pcub-MSU1_025_000080.1	eggnog	Putative TOS1-like glycosyl hydrolase (DUF2401)
Pcub-MSU1_025_000081.1	unannotated	Hypothetical protein of unknown function
Pcub-MSU1_025_000082.1	eggnog	ABC-2 family transporter protein
Pcub-MSU1_025_000083.1	eggnog	domain-containing protein
Pcub-MSU1_025_000084.1	eggnog	single-stranded DNA-dependent ATPase activity
Pcub-MSU1_025_000231.1	eggnog	Septum formation topological specificity factor MinE
Pcub-MSU1_025_000230.1	interproscan	PTHR31737 domain-containing protein
Pcub-MSU1_025_000229.1	unannotated	Hypothetical protein of unknown function
Pcub-MSU1_025_000228.1	eggnog	Belongs to the iron ascorbate-dependent oxidoreductase family
Pcub-MSU1_025_000227.1	eggnog	Putative TOS1-like glycosyl hydrolase (DUF2401)
Pcub-MSU1_025_000226.1	eggnog	calmodulin-dependent cyclic-nucleotide phosphodiesterase activity
Pcub-MSU1_025_000225.1	eggnog	negative regulation of response to water deprivation
Pcub-MSU1_025_000085.1	eggnog	C-terminal domain of 1-Cys peroxiredoxin
Pcub-MSU1_025_000224.1	eggnog	RNA splicing
Pcub-MSU1_025_000223.1	eggnog	U1-like zinc finger
Pcub-MSU1_025_000222.1	eggnog	Protein present in Fab1, YOTB, Vac1, and EEA1
Pcub-MSU1_025_000086.1	blastp	Homology to Peronospora farinosa predicted protein CAI5734074.1
Pcub-MSU1_025_000221.1	eggnog	Protein tyrosine kinase
Pcub-MSU1_025_000087.1	eggnog	Thioredoxin-like
Pcub-MSU1_025_000220.1	eggnog	Thioredoxin-like
Pcub-MSU1_025_000088.1	eggnog	Protein tyrosine kinase
Pcub-MSU1_025_000219.1	eggnog	Belongs to the TRAFAC class myosin-kinesin ATPase superfamily
Pcub-MSU1_025_000089.1	blastp	Homology to Phytophthora nicotianae predicted protein KUF87926.1
Pcub-MSU1_025_000218.1	eggnog	DEAD/DEAH box helicase
Pcub-MSU1_025_000217.1	interproscan	PTHR15633 domain-containing protein
Pcub-MSU1_025_000216.1	eggnog	Domain in the RNA-binding Lupus La protein; unknown function
Pcub-MSU1_025_000215.1	eggnog	Domain of unknown function (DUF4200)
Pcub-MSU1_025_000214.1	blastp	Homology to Phytophthora citrophthora predicted protein KAK1931204.1
Pcub-MSU1_025_000090.1	blastp	Homology to Phytophthora citrophthora predicted protein KAK1931204.1
Pcub-MSU1_025_000213.1	eggnog	FATC
Pcub-MSU1_025_000212.1	eggnog	GPCR-chaperone
Pcub-MSU1_025_000211.1	eggnog	GPCR-chaperone
Pcub-MSU1_025_000210.1	eggnog	prohibitin homologues
Pcub-MSU1_025_000209.1	blastp	Homology to Phytophthora pseudosyringae predicted protein KAG7387844.1
Pcub-MSU1_025_000208.1	blastp	Homology to Phytophthora pseudosyringae predicted protein KAG7387843.1
Pcub-MSU1_025_000207.1	interproscan	G3DSA:2.100.10.30 domain-containing protein
Pcub-MSU1_025_000091.1	eggnog	component of the eukaryotic translation initiation factor 3 (eIF-3) complex, which is involved in protein synthesis of a specialized repertoire of mRNAs and, together with other initiation factors, stimulates binding of mRNA and methionyl-tRNAi to the 40S ribosome
Pcub-MSU1_025_000206.1	eggnog	Leucine carboxyl methyltransferase
Pcub-MSU1_025_000092.1	eggnog	FYVE zinc finger
Pcub-MSU1_025_000205.1	eggnog	Protein present in Fab1, YOTB, Vac1, and EEA1
Pcub-MSU1_025_000204.1	eggnog	Iron-binding zinc finger CDGSH type
Pcub-MSU1_025_000203.1	eggnog	Integral membrane protein DUF106
Pcub-MSU1_025_000093.1	eggnog	Iron/zinc purple acid phosphatase-like protein C
Pcub-MSU1_025_000094.1	blastp	Homology to Phytophthora ramorum predicted protein KAH7462555.1
Pcub-MSU1_025_000095.1	unannotated	Hypothetical protein of unknown function
Pcub-MSU1_025_000202.1	eggnog	Protein tyrosine kinase
Pcub-MSU1_025_000096.1	eggnog	gluconolactonase activity
Pcub-MSU1_025_000201.1	eggnog	GTPase of unknown function C-terminal
Pcub-MSU1_025_000097.1	eggnog	Haloacid dehalogenase-like hydrolase
Pcub-MSU1_025_000200.1	eggnog	domain-containing protein
Pcub-MSU1_025_000199.1	eggnog	Cytidylyltransferase-like
Pcub-MSU1_025_000098.1	eggnog	Ribosomal protein P0 is the functional equivalent of E.coli protein L10
Pcub-MSU1_025_000099.1	eggnog	cellular calcium ion homeostasis
Pcub-MSU1_025_000100.1	eggnog	LisH
Pcub-MSU1_025_000101.1	unannotated	Hypothetical protein of unknown function
Pcub-MSU1_025_000102.1	eggnog	transposition, RNA-mediated
Pcub-MSU1_025_000198.1	eggnog	rRNA processing
Pcub-MSU1_025_000103.1	eggnog	SLIDE
Pcub-MSU1_025_000104.1	eggnog	Tetratricopeptide repeat
Pcub-MSU1_025_000197.1	eggnog	Magnesium transporter NIPA
Pcub-MSU1_025_000196.1	eggnog	Protein of unknown function (DUF3730)
Pcub-MSU1_025_000195.1	eggnog	domain-containing protein
Pcub-MSU1_025_000105.1	eggnog	domain-containing protein
Pcub-MSU1_025_000106.1	eggnog	Enoyl-(Acyl carrier protein) reductase
Pcub-MSU1_025_000194.1	eggnog	domain-containing protein
Pcub-MSU1_025_000107.1	eggnog	Dihydrofolate reductase
Pcub-MSU1_025_000108.1	eggnog	Enoyl-(Acyl carrier protein) reductase
Pcub-MSU1_025_000193.1	eggnog	domain-containing protein
Pcub-MSU1_025_000192.1	eggnog	PHD zinc finger
Pcub-MSU1_025_000109.1	eggnog	domain-containing protein
Pcub-MSU1_025_000191.1	eggnog	dUTPase
Pcub-MSU1_025_000110.1	eggnog	Belongs to the class I-like SAM-binding methyltransferase superfamily
Pcub-MSU1_025_000190.1	blastp	Homology to Phytophthora nicotianae predicted protein XP_008904861.1
Pcub-MSU1_025_000111.1	eggnog	protein tyrosine/serine/threonine phosphatase activity
Pcub-MSU1_025_000112.1	unannotated	Hypothetical protein of unknown function
Pcub-MSU1_025_000113.1	eggnog	Multicopper oxidase
Pcub-MSU1_025_000189.1	eggnog	EF hand
Pcub-MSU1_025_000188.1	unannotated	Hypothetical protein of unknown function
Pcub-MSU1_025_000187.1	eggnog	IQ calmodulin-binding motif
Pcub-MSU1_025_000186.1	eggnog	ThiF family
Pcub-MSU1_025_000114.1	eggnog	Belongs to the multicopper oxidase family
Pcub-MSU1_025_000115.1	eggnog	ThiF family
Pcub-MSU1_025_000116.1	eggnog	IQ calmodulin-binding motif
Pcub-MSU1_025_000185.1	eggnog	May be involved in fusion of retrograde transport vesicles derived from an endocytic compartment with the Golgi complex
Pcub-MSU1_025_000117.1	eggnog	EF hand
Pcub-MSU1_025_000184.1	eggnog	Multicopper oxidase
Pcub-MSU1_025_000183.1	eggnog	IQ calmodulin-binding motif
Pcub-MSU1_025_000182.1	eggnog	Belongs to the multicopper oxidase family
Pcub-MSU1_025_000118.1	eggnog	ThiF family
Pcub-MSU1_025_000119.1	eggnog	IQ calmodulin-binding motif
Pcub-MSU1_025_000181.1	eggnog	Papain family cysteine protease
Pcub-MSU1_025_000180.1	eggnog	Serine aminopeptidase, S33
Pcub-MSU1_025_000179.1	eggnog	domain-containing protein
Pcub-MSU1_025_000178.1	eggnog	May be involved in fusion of retrograde transport vesicles derived from an endocytic compartment with the Golgi complex
Pcub-MSU1_025_000120.1	eggnog	motif in proteasome subunits, Int-6, Nip-1 and TRIP-15
Pcub-MSU1_025_000177.1	eggnog	Phosphomethylpyrimidine kinase
Pcub-MSU1_025_000176.1	blastp	Homology to Phytophthora lilii predicted protein GMF39245.1
Pcub-MSU1_025_000121.1	blastp	Homology to Phytophthora lilii predicted protein GMF09628.1
Pcub-MSU1_025_000175.1	eggnog	Protein tyrosine kinase
Pcub-MSU1_025_000122.1	eggnog	Mob1/phocein family
Pcub-MSU1_025_000174.1	eggnog	Snf7
Pcub-MSU1_025_000123.1	eggnog	NOT2 / NOT3 / NOT5 family
Pcub-MSU1_025_000173.1	blastp	Homology to Phytophthora pseudosyringae predicted protein KAG7389084.1
Pcub-MSU1_025_000172.1	eggnog	subunit of the gamma-secretase complex, an endoprotease complex that catalyzes the intramembrane cleavage of integral membrane proteins such as Notch receptors
Pcub-MSU1_025_000124.1	eggnog	Growth-arrest specific micro-tubule binding
Pcub-MSU1_025_000171.1	eggnog	WD40 repeats
Pcub-MSU1_025_000170.1	eggnog	Anaphase-promoting complex subunit 11 RING-H2 finger
Pcub-MSU1_025_000125.1	blastp	Homology to Phytophthora infestans predicted protein KAF4044565.1
Pcub-MSU1_025_000126.1	eggnog	Serine aminopeptidase, S33
Pcub-MSU1_025_000127.1	interproscan	PTHR23112 domain-containing protein
Pcub-MSU1_025_000169.1	eggnog	domain-containing protein
Pcub-MSU1_025_000168.1	eggnog	domain-containing protein
Pcub-MSU1_025_000167.1	eggnog	Crinkler (CRN) family protein
Pcub-MSU1_025_000128.1	eggnog	Crinkler (CRN) family protein
Pcub-MSU1_025_000166.1	eggnog	GTPase activator activity
Pcub-MSU1_025_000165.1	eggnog	monoamine oxidase activity
Pcub-MSU1_025_000129.1	blastp	Homology to Phytophthora cactorum predicted protein KAF1777616.1
Pcub-MSU1_025_000130.1	eggnog	Myosin. Large ATPases
Pcub-MSU1_025_000131.1	eggnog	domain-containing protein
Pcub-MSU1_025_000164.1	eggnog	domain-containing protein
Pcub-MSU1_025_000163.1	unannotated	Hypothetical protein of unknown function
Pcub-MSU1_025_000132.1	eggnog	Mitochondrial calcium uniporter
Pcub-MSU1_025_000162.1	eggnog	WD40-like Beta Propeller Repeat
Pcub-MSU1_025_000133.1	eggnog	Protein tyrosine kinase
Pcub-MSU1_025_000134.1	interproscan	PTHR16631 domain-containing protein
Pcub-MSU1_025_000161.1	eggnog	domain-containing protein
Pcub-MSU1_025_000160.1	eggnog	Protein present in Fab1, YOTB, Vac1, and EEA1
Pcub-MSU1_025_000159.1	eggnog	axoneme assembly
Pcub-MSU1_025_000135.1	blastp	Homology to Phytophthora pseudosyringae predicted protein KAG7389063.1
Pcub-MSU1_025_000158.1	unannotated	Hypothetical protein of unknown function
Pcub-MSU1_025_000157.1	eggnog	Involved in nucleolar processing of pre-18S ribosomal RNA
Pcub-MSU1_025_000136.1	eggnog	Protein present in Fab1, YOTB, Vac1, and EEA1
Pcub-MSU1_025_000137.1	unannotated	Hypothetical protein of unknown function
Pcub-MSU1_025_000138.1	eggnog	FYVE zinc finger
Pcub-MSU1_025_000156.1	eggnog	FYVE zinc finger
Pcub-MSU1_025_000139.1	eggnog	FYVE zinc finger
Pcub-MSU1_025_000155.1	eggnog	FYVE zinc finger
Pcub-MSU1_025_000154.1	unannotated	Hypothetical protein of unknown function
Pcub-MSU1_025_000153.1	eggnog	Protein present in Fab1, YOTB, Vac1, and EEA1
Pcub-MSU1_025_000140.1	eggnog	Protein present in Fab1, YOTB, Vac1, and EEA1
Pcub-MSU1_025_000141.1	blastp	Homology to Phytophthora cactorum predicted protein KAG2778466.1
Pcub-MSU1_025_000152.1	eggnog	tRNA pseudouridine synthase
Pcub-MSU1_025_000142.1	eggnog	domain-containing protein
Pcub-MSU1_025_000151.1	interproscan	G3DSA:2.30.29.30 domain-containing protein
Pcub-MSU1_025_000150.1	eggnog	C-terminal duplication domain of Friend of PRMT1
Pcub-MSU1_025_000149.1	eggnog	heat shock factor
Pcub-MSU1_025_000148.1	eggnog	Translation-initiation factor 2
Pcub-MSU1_025_000143.1	blastp	Homology to Peronospora destructor predicted protein CAI5743724.1
Pcub-MSU1_025_000147.1	eggnog	CSL zinc finger
Pcub-MSU1_025_000146.1	eggnog	Serpentine type 7TM GPCR chemoreceptor Srsx
Pcub-MSU1_025_000144.1	eggnog	domain-containing protein
Pcub-MSU1_025_000145.1	eggnog	Pc21g00130 protein. Source PGD
Pcub-MSU1_026_000001.1	blastp	Homology to Peronospora effusa predicted protein RMX69391.1
Pcub-MSU1_026_000102.1	eggnog	Ubiquitin homologues
Pcub-MSU1_026_000101.1	unannotated	Hypothetical protein of unknown function
Pcub-MSU1_026_000002.1	eggnog	Peptidase family M41
Pcub-MSU1_026_000003.1	eggnog	P-loop containing dynein motor region D4
Pcub-MSU1_026_000004.1	eggnog	P-loop containing dynein motor region D4
Pcub-MSU1_026_000005.1	eggnog	P-loop containing dynein motor region D4
Pcub-MSU1_026_000006.1	eggnog	P-loop containing dynein motor region D4
Pcub-MSU1_026_000007.1	eggnog	P-loop containing dynein motor region D4
Pcub-MSU1_026_000008.1	eggnog	P-loop containing dynein motor region D4
Pcub-MSU1_026_000009.1	eggnog	P-loop containing dynein motor region D4
Pcub-MSU1_026_000010.1	eggnog	P-loop containing dynein motor region D4
Pcub-MSU1_026_000011.1	eggnog	P-loop containing dynein motor region D4
Pcub-MSU1_026_000012.1	eggnog	P-loop containing dynein motor region D4
Pcub-MSU1_026_000013.1	eggnog	P-loop containing dynein motor region D4
Pcub-MSU1_026_000014.1	eggnog	P-loop containing dynein motor region D4
Pcub-MSU1_026_000100.1	eggnog	motif in proteasome subunits, Int-6, Nip-1 and TRIP-15
Pcub-MSU1_026_000099.1	unannotated	Hypothetical protein of unknown function
Pcub-MSU1_026_000015.1	eggnog	calcium export from the mitochondrion
Pcub-MSU1_026_000016.1	unannotated	Hypothetical protein of unknown function
Pcub-MSU1_026_000017.1	unannotated	Hypothetical protein of unknown function
Pcub-MSU1_026_000018.1	interproscan	PTHR31723 domain-containing protein
Pcub-MSU1_026_000019.1	interproscan	PTHR31935 domain-containing protein
Pcub-MSU1_026_000098.1	blastp	Homology to Phytophthora pseudosyringae predicted protein KAG7386644.1
Pcub-MSU1_026_000020.1	eggnog	Zinc-binding
Pcub-MSU1_026_000021.1	eggnog	Zinc-binding
Pcub-MSU1_026_000097.1	eggnog	GTPase that plays an essential role in the late steps of ribosome biogenesis
Pcub-MSU1_026_000022.1	blastp	Homology to Peronospora belbahrii predicted protein CAH0473757.1
Pcub-MSU1_026_000023.1	eggnog	Nucleotide-sugar transporter
Pcub-MSU1_026_000024.1	eggnog	FYVE zinc finger
Pcub-MSU1_026_000096.1	eggnog	Phosphopantetheine attachment site
Pcub-MSU1_026_000025.1	blastp	Homology to Phytophthora pseudosyringae predicted protein KAG7386654.1
Pcub-MSU1_026_000026.1	interproscan	PTHR34612 domain-containing protein
Pcub-MSU1_026_000095.1	interproscan	PTHR34612 domain-containing protein
Pcub-MSU1_026_000027.1	interproscan	PTHR34612 domain-containing protein
Pcub-MSU1_026_000028.1	unannotated	Hypothetical protein of unknown function
Pcub-MSU1_026_000029.1	blastp	Homology to Phytophthora rubi predicted protein KAE9047082.1
Pcub-MSU1_026_000030.1	interproscan	PTHR34612 domain-containing protein
Pcub-MSU1_026_000094.1	interproscan	PTHR34612 domain-containing protein
Pcub-MSU1_026_000093.1	eggnog	beta-galactosidase activity
Pcub-MSU1_026_000031.1	unannotated	Hypothetical protein of unknown function
Pcub-MSU1_026_000092.1	eggnog	domain-containing protein
Pcub-MSU1_026_000032.1	eggnog	DNA-binding transcription factor activity
Pcub-MSU1_026_000091.1	blastp	Homology to Phytophthora capsici predicted protein KAG1695705.1
Pcub-MSU1_026_000090.1	interproscan	PTHR34612 domain-containing protein
Pcub-MSU1_026_000089.1	unannotated	Hypothetical protein of unknown function
Pcub-MSU1_026_000088.1	eggnog	Belongs to the glycosyl hydrolase 1 family
Pcub-MSU1_026_000087.1	eggnog	Belongs to the glycosyl hydrolase 1 family
Pcub-MSU1_026_000086.1	interproscan	PTHR34612 domain-containing protein
Pcub-MSU1_026_000033.1	eggnog	Syntaxin-like protein
Pcub-MSU1_026_000034.1	eggnog	domain-containing protein
Pcub-MSU1_026_000085.1	interproscan	PTHR34612 domain-containing protein
Pcub-MSU1_026_000084.1	eggnog	Protein tyrosine kinase
Pcub-MSU1_026_000035.1	unannotated	Hypothetical protein of unknown function
Pcub-MSU1_026_000036.1	eggnog	Protein tyrosine kinase
Pcub-MSU1_026_000037.1	eggnog	Protein tyrosine kinase
Pcub-MSU1_026_000083.1	eggnog	Protein tyrosine kinase
Pcub-MSU1_026_000082.1	eggnog	ADP-ribosylglycohydrolase
Pcub-MSU1_026_000081.1	eggnog	FG-GAP repeat
Pcub-MSU1_026_000038.1	eggnog	Eukaryotic integral membrane protein (DUF1751)
Pcub-MSU1_026_000080.1	eggnog	Tetratricopeptide repeats
Pcub-MSU1_026_000039.1	eggnog	Broad-Complex, Tramtrack and Bric a brac
Pcub-MSU1_026_000079.1	blastp	Homology to Peronospora farinosa predicted protein CAH0490766.1
Pcub-MSU1_026_000040.1	interproscan	PTHR36975 domain-containing protein
Pcub-MSU1_026_000041.1	eggnog	domain-containing protein
Pcub-MSU1_026_000078.1	eggnog	Crinkler (CRN) family protein
Pcub-MSU1_026_000077.1	eggnog	N-terminal domain of ribose phosphate pyrophosphokinase
Pcub-MSU1_026_000042.1	eggnog	Peptidase C26
Pcub-MSU1_026_000076.1	eggnog	basic region leucin zipper
Pcub-MSU1_026_000043.1	eggnog	XPG domain containing
Pcub-MSU1_026_000044.1	eggnog	XPG domain containing
Pcub-MSU1_026_000075.1	eggnog	isochorismatase domain-containing protein (MAR1)
Pcub-MSU1_026_000045.1	eggnog	isochorismatase domain-containing protein (MAR1)
Pcub-MSU1_026_000074.1	interproscan	PTHR31737 domain-containing protein
Pcub-MSU1_026_000073.1	blastp	Homology to Phytophthora lilii predicted protein GMF23704.1
Pcub-MSU1_026_000046.1	eggnog	Crinkler (CRN) family protein
Pcub-MSU1_026_000047.1	eggnog	Positively regulates the activity of the minus-end directed microtubule motor protein dynein
Pcub-MSU1_026_000072.1	eggnog	Ribosomal protein S28e
Pcub-MSU1_026_000071.1	eggnog	Severs microtubules in vitro in an ATP-dependent manner (KATNAL2)
Pcub-MSU1_026_000048.1	eggnog	Calpain family cysteine protease
Pcub-MSU1_026_000070.1	eggnog	The ARF-like 2 binding protein BART
Pcub-MSU1_026_000049.1	eggnog	Plasma-membrane choline transporter
Pcub-MSU1_026_000050.1	blastp	Homology to Peronospora destructor predicted protein CAI5732015.1
Pcub-MSU1_026_000069.1	eggnog	Dynein light chain type 1
Pcub-MSU1_026_000068.1	blastp	Homology to Phytophthora nicotianae predicted protein XP_008903064.1
Pcub-MSU1_026_000067.1	eggnog	Dimerisation domain of Zinc Transporter
Pcub-MSU1_026_000051.1	eggnog	transcription initiation from RNA polymerase III promoter
Pcub-MSU1_026_000052.1	eggnog	transcription initiation from RNA polymerase III promoter
Pcub-MSU1_026_000066.1	unannotated	Hypothetical protein of unknown function
Pcub-MSU1_026_000065.1	unannotated	Hypothetical protein of unknown function
Pcub-MSU1_026_000064.1	unannotated	Hypothetical protein of unknown function
Pcub-MSU1_026_000063.1	unannotated	Hypothetical protein of unknown function
Pcub-MSU1_026_000062.1	unannotated	Hypothetical protein of unknown function
Pcub-MSU1_026_000061.1	interproscan	PTHR23243 domain-containing protein
Pcub-MSU1_026_000060.1	unannotated	Hypothetical protein of unknown function
Pcub-MSU1_026_000059.1	interproscan	PTHR23243 domain-containing protein
Pcub-MSU1_026_000058.1	unannotated	Hypothetical protein of unknown function
Pcub-MSU1_026_000057.1	unannotated	Hypothetical protein of unknown function
Pcub-MSU1_026_000056.1	unannotated	Hypothetical protein of unknown function
Pcub-MSU1_026_000055.1	unannotated	Hypothetical protein of unknown function
Pcub-MSU1_026_000054.1	unannotated	Hypothetical protein of unknown function
Pcub-MSU1_026_000053.1	unannotated	Hypothetical protein of unknown function
Pcub-MSU1_027_000022.1	blastp	Homology to Peronospora destructor predicted protein CAI5716585.1
Pcub-MSU1_027_000001.1	eggnog	3' exoribonuclease family, domain 1
Pcub-MSU1_027_000002.1	eggnog	Belongs to the TRAFAC class myosin-kinesin ATPase superfamily
Pcub-MSU1_027_000021.1	eggnog	Belongs to the TRAFAC class myosin-kinesin ATPase superfamily
Pcub-MSU1_027_000020.1	blastp	Homology to Peronospora destructor predicted protein CAI5731695.1
Pcub-MSU1_027_000003.1	eggnog	ATP synthase delta (OSCP) subunit
Pcub-MSU1_027_000019.1	eggnog	Rab subfamily of small GTPases
Pcub-MSU1_027_000018.1	blastp	Homology to Phytophthora cactorum predicted protein KAG2761934.1
Pcub-MSU1_027_000017.1	eggnog	Ring finger
Pcub-MSU1_027_000016.1	eggnog	Glycosyl hydrolase family 7
Pcub-MSU1_027_000004.1	eggnog	Glycosyl hydrolase family 7
Pcub-MSU1_027_000005.1	eggnog	Ring finger
Pcub-MSU1_027_000006.1	blastp	Homology to Phytophthora cactorum predicted protein KAG2761934.1
Pcub-MSU1_027_000007.1	blastp	Homology to Peronospora belbahrii predicted protein CAH0473266.1
Pcub-MSU1_027_000008.1	blastp	Homology to Peronospora effusa predicted protein CAI5701214.1
Pcub-MSU1_027_000009.1	eggnog	Ring finger
Pcub-MSU1_027_000015.1	eggnog	domain-containing protein
Pcub-MSU1_027_000014.1	blastp	Homology to Phytophthora cactorum predicted protein KAG2761949.1
Pcub-MSU1_027_000013.1	eggnog	Ring finger
Pcub-MSU1_027_000012.1	eggnog	Ring finger
Pcub-MSU1_027_000011.1	eggnog	Phosphatidylinositol-4-phosphate 5-Kinase
Pcub-MSU1_027_000010.1	eggnog	Inorganic pyrophosphatase
Pcub-MSU1_028_000001.1	unannotated	Hypothetical protein of unknown function
Pcub-MSU1_028_000002.1	unannotated	Hypothetical protein of unknown function
Pcub-MSU1_028_000003.1	unannotated	Hypothetical protein of unknown function
Pcub-MSU1_028_000004.1	unannotated	Hypothetical protein of unknown function
Pcub-MSU1_028_000005.1	unannotated	Hypothetical protein of unknown function
Pcub-MSU1_028_000006.1	unannotated	Hypothetical protein of unknown function
Pcub-MSU1_028_000007.1	unannotated	Hypothetical protein of unknown function
Pcub-MSU1_028_000008.1	unannotated	Hypothetical protein of unknown function
Pcub-MSU1_028_000009.1	unannotated	Hypothetical protein of unknown function
Pcub-MSU1_028_000010.1	unannotated	Hypothetical protein of unknown function
Pcub-MSU1_028_000011.1	unannotated	Hypothetical protein of unknown function
Pcub-MSU1_028_000012.1	unannotated	Hypothetical protein of unknown function
Pcub-MSU1_028_000013.1	unannotated	Hypothetical protein of unknown function
Pcub-MSU1_028_000014.1	unannotated	Hypothetical protein of unknown function
Pcub-MSU1_028_000015.1	unannotated	Hypothetical protein of unknown function
Pcub-MSU1_028_000016.1	unannotated	Hypothetical protein of unknown function
Pcub-MSU1_028_000017.1	unannotated	Hypothetical protein of unknown function
Pcub-MSU1_028_000018.1	unannotated	Hypothetical protein of unknown function
Pcub-MSU1_028_000019.1	unannotated	Hypothetical protein of unknown function
Pcub-MSU1_028_000020.1	unannotated	Hypothetical protein of unknown function
Pcub-MSU1_028_000021.1	unannotated	Hypothetical protein of unknown function
Pcub-MSU1_028_000022.1	unannotated	Hypothetical protein of unknown function
Pcub-MSU1_028_000023.1	unannotated	Hypothetical protein of unknown function
Pcub-MSU1_028_000024.1	unannotated	Hypothetical protein of unknown function
Pcub-MSU1_028_000025.1	unannotated	Hypothetical protein of unknown function
Pcub-MSU1_028_000026.1	unannotated	Hypothetical protein of unknown function
Pcub-MSU1_028_000027.1	unannotated	Hypothetical protein of unknown function
Pcub-MSU1_028_000028.1	unannotated	Hypothetical protein of unknown function
Pcub-MSU1_028_000029.1	unannotated	Hypothetical protein of unknown function
Pcub-MSU1_028_000030.1	unannotated	Hypothetical protein of unknown function
Pcub-MSU1_028_000031.1	unannotated	Hypothetical protein of unknown function
Pcub-MSU1_028_000032.1	unannotated	Hypothetical protein of unknown function
Pcub-MSU1_028_000033.1	unannotated	Hypothetical protein of unknown function
Pcub-MSU1_028_000034.1	unannotated	Hypothetical protein of unknown function
Pcub-MSU1_028_000035.1	unannotated	Hypothetical protein of unknown function
Pcub-MSU1_028_000036.1	unannotated	Hypothetical protein of unknown function
Pcub-MSU1_028_000037.1	unannotated	Hypothetical protein of unknown function
Pcub-MSU1_028_000038.1	unannotated	Hypothetical protein of unknown function
Pcub-MSU1_028_000039.1	unannotated	Hypothetical protein of unknown function
Pcub-MSU1_028_000040.1	unannotated	Hypothetical protein of unknown function
Pcub-MSU1_028_000041.1	unannotated	Hypothetical protein of unknown function
Pcub-MSU1_028_000042.1	unannotated	Hypothetical protein of unknown function
Pcub-MSU1_028_000043.1	unannotated	Hypothetical protein of unknown function
Pcub-MSU1_028_000044.1	unannotated	Hypothetical protein of unknown function
Pcub-MSU1_028_000045.1	unannotated	Hypothetical protein of unknown function
Pcub-MSU1_028_000046.1	unannotated	Hypothetical protein of unknown function
Pcub-MSU1_028_000047.1	unannotated	Hypothetical protein of unknown function
Pcub-MSU1_028_000048.1	unannotated	Hypothetical protein of unknown function
Pcub-MSU1_028_000049.1	unannotated	Hypothetical protein of unknown function
Pcub-MSU1_028_000050.1	unannotated	Hypothetical protein of unknown function
Pcub-MSU1_028_000051.1	unannotated	Hypothetical protein of unknown function
Pcub-MSU1_028_000052.1	unannotated	Hypothetical protein of unknown function
Pcub-MSU1_028_000053.1	unannotated	Hypothetical protein of unknown function
Pcub-MSU1_028_000054.1	unannotated	Hypothetical protein of unknown function
Pcub-MSU1_028_000055.1	unannotated	Hypothetical protein of unknown function
Pcub-MSU1_028_000056.1	unannotated	Hypothetical protein of unknown function
Pcub-MSU1_028_000057.1	unannotated	Hypothetical protein of unknown function
Pcub-MSU1_028_000058.1	unannotated	Hypothetical protein of unknown function
Pcub-MSU1_028_000059.1	unannotated	Hypothetical protein of unknown function
Pcub-MSU1_028_000060.1	unannotated	Hypothetical protein of unknown function
Pcub-MSU1_028_000061.1	unannotated	Hypothetical protein of unknown function
Pcub-MSU1_028_000062.1	unannotated	Hypothetical protein of unknown function
Pcub-MSU1_028_000063.1	unannotated	Hypothetical protein of unknown function
Pcub-MSU1_028_000064.1	unannotated	Hypothetical protein of unknown function
Pcub-MSU1_028_000065.1	unannotated	Hypothetical protein of unknown function
Pcub-MSU1_028_000066.1	unannotated	Hypothetical protein of unknown function
Pcub-MSU1_028_000067.1	unannotated	Hypothetical protein of unknown function
Pcub-MSU1_028_000068.1	unannotated	Hypothetical protein of unknown function
Pcub-MSU1_028_000069.1	unannotated	Hypothetical protein of unknown function
Pcub-MSU1_028_000070.1	unannotated	Hypothetical protein of unknown function
Pcub-MSU1_028_000071.1	unannotated	Hypothetical protein of unknown function
Pcub-MSU1_028_000072.1	unannotated	Hypothetical protein of unknown function
Pcub-MSU1_028_000073.1	unannotated	Hypothetical protein of unknown function
Pcub-MSU1_028_000074.1	unannotated	Hypothetical protein of unknown function
Pcub-MSU1_028_000075.1	unannotated	Hypothetical protein of unknown function
Pcub-MSU1_028_000076.1	unannotated	Hypothetical protein of unknown function
Pcub-MSU1_028_000077.1	unannotated	Hypothetical protein of unknown function
Pcub-MSU1_028_000078.1	unannotated	Hypothetical protein of unknown function
Pcub-MSU1_028_000079.1	unannotated	Hypothetical protein of unknown function
Pcub-MSU1_028_000080.1	unannotated	Hypothetical protein of unknown function
Pcub-MSU1_028_000081.1	unannotated	Hypothetical protein of unknown function
Pcub-MSU1_028_000082.1	unannotated	Hypothetical protein of unknown function
Pcub-MSU1_028_000083.1	unannotated	Hypothetical protein of unknown function
Pcub-MSU1_028_000084.1	unannotated	Hypothetical protein of unknown function
Pcub-MSU1_028_000085.1	unannotated	Hypothetical protein of unknown function
Pcub-MSU1_028_000086.1	unannotated	Hypothetical protein of unknown function
Pcub-MSU1_028_000087.1	unannotated	Hypothetical protein of unknown function
Pcub-MSU1_028_000088.1	unannotated	Hypothetical protein of unknown function
Pcub-MSU1_028_000089.1	unannotated	Hypothetical protein of unknown function
Pcub-MSU1_028_000090.1	unannotated	Hypothetical protein of unknown function
Pcub-MSU1_028_000091.1	unannotated	Hypothetical protein of unknown function
Pcub-MSU1_028_000092.1	unannotated	Hypothetical protein of unknown function
Pcub-MSU1_028_000093.1	unannotated	Hypothetical protein of unknown function
Pcub-MSU1_028_000094.1	unannotated	Hypothetical protein of unknown function
Pcub-MSU1_028_000095.1	unannotated	Hypothetical protein of unknown function
Pcub-MSU1_028_000096.1	unannotated	Hypothetical protein of unknown function
Pcub-MSU1_028_000097.1	unannotated	Hypothetical protein of unknown function
Pcub-MSU1_028_000098.1	unannotated	Hypothetical protein of unknown function
Pcub-MSU1_028_000099.1	unannotated	Hypothetical protein of unknown function
Pcub-MSU1_028_000100.1	unannotated	Hypothetical protein of unknown function
Pcub-MSU1_028_000101.1	unannotated	Hypothetical protein of unknown function
Pcub-MSU1_028_000102.1	unannotated	Hypothetical protein of unknown function
Pcub-MSU1_028_000103.1	unannotated	Hypothetical protein of unknown function
Pcub-MSU1_028_000104.1	unannotated	Hypothetical protein of unknown function
Pcub-MSU1_028_000105.1	unannotated	Hypothetical protein of unknown function
Pcub-MSU1_034_000002.1	unannotated	Hypothetical protein of unknown function
Pcub-MSU1_034_000001.1	eggnog	Crinkler (CRN) family protein
Pcub-MSU1_035_000001.1	unannotated	Hypothetical protein of unknown function
Pcub-MSU1_035_000002.1	unannotated	Hypothetical protein of unknown function
Pcub-MSU1_035_000003.1	unannotated	Hypothetical protein of unknown function
Pcub-MSU1_035_000004.1	unannotated	Hypothetical protein of unknown function
Pcub-MSU1_035_000005.1	unannotated	Hypothetical protein of unknown function
Pcub-MSU1_035_000006.1	unannotated	Hypothetical protein of unknown function
Pcub-MSU1_035_000007.1	unannotated	Hypothetical protein of unknown function
Pcub-MSU1_035_000008.1	unannotated	Hypothetical protein of unknown function
Pcub-MSU1_035_000009.1	unannotated	Hypothetical protein of unknown function
Pcub-MSU1_035_000010.1	unannotated	Hypothetical protein of unknown function
Pcub-MSU1_035_000011.1	unannotated	Hypothetical protein of unknown function
Pcub-MSU1_035_000012.1	unannotated	Hypothetical protein of unknown function
Pcub-MSU1_035_000013.1	unannotated	Hypothetical protein of unknown function
Pcub-MSU1_035_000014.1	unannotated	Hypothetical protein of unknown function
Pcub-MSU1_035_000015.1	unannotated	Hypothetical protein of unknown function
Pcub-MSU1_035_000016.1	unannotated	Hypothetical protein of unknown function
Pcub-MSU1_035_000017.1	unannotated	Hypothetical protein of unknown function
Pcub-MSU1_035_000018.1	unannotated	Hypothetical protein of unknown function
Pcub-MSU1_035_000019.1	unannotated	Hypothetical protein of unknown function
Pcub-MSU1_035_000020.1	unannotated	Hypothetical protein of unknown function
Pcub-MSU1_035_000021.1	unannotated	Hypothetical protein of unknown function
Pcub-MSU1_035_000022.1	unannotated	Hypothetical protein of unknown function
Pcub-MSU1_035_000023.1	unannotated	Hypothetical protein of unknown function
Pcub-MSU1_035_000024.1	unannotated	Hypothetical protein of unknown function
Pcub-MSU1_035_000025.1	unannotated	Hypothetical protein of unknown function
Pcub-MSU1_035_000026.1	unannotated	Hypothetical protein of unknown function
Pcub-MSU1_035_000027.1	unannotated	Hypothetical protein of unknown function
Pcub-MSU1_035_000028.1	unannotated	Hypothetical protein of unknown function
Pcub-MSU1_035_000029.1	unannotated	Hypothetical protein of unknown function
Pcub-MSU1_035_000030.1	unannotated	Hypothetical protein of unknown function
Pcub-MSU1_035_000031.1	unannotated	Hypothetical protein of unknown function
Pcub-MSU1_035_000032.1	unannotated	Hypothetical protein of unknown function
Pcub-MSU1_035_000033.1	unannotated	Hypothetical protein of unknown function
Pcub-MSU1_035_000034.1	unannotated	Hypothetical protein of unknown function
Pcub-MSU1_035_000035.1	unannotated	Hypothetical protein of unknown function
Pcub-MSU1_035_000036.1	unannotated	Hypothetical protein of unknown function
Pcub-MSU1_035_000037.1	unannotated	Hypothetical protein of unknown function
Pcub-MSU1_035_000038.1	unannotated	Hypothetical protein of unknown function
Pcub-MSU1_035_000039.1	unannotated	Hypothetical protein of unknown function
Pcub-MSU1_035_000040.1	unannotated	Hypothetical protein of unknown function
Pcub-MSU1_035_000041.1	unannotated	Hypothetical protein of unknown function
Pcub-MSU1_035_000042.1	unannotated	Hypothetical protein of unknown function
Pcub-MSU1_035_000043.1	unannotated	Hypothetical protein of unknown function
Pcub-MSU1_035_000044.1	unannotated	Hypothetical protein of unknown function
Pcub-MSU1_035_000045.1	unannotated	Hypothetical protein of unknown function
Pcub-MSU1_035_000046.1	unannotated	Hypothetical protein of unknown function
Pcub-MSU1_035_000047.1	unannotated	Hypothetical protein of unknown function
Pcub-MSU1_035_000048.1	unannotated	Hypothetical protein of unknown function
Pcub-MSU1_035_000049.1	unannotated	Hypothetical protein of unknown function
Pcub-MSU1_035_000050.1	unannotated	Hypothetical protein of unknown function
Pcub-MSU1_035_000051.1	unannotated	Hypothetical protein of unknown function
Pcub-MSU1_035_000069.1	eggnog	function. Source PGD
Pcub-MSU1_035_000052.1	eggnog	Proteasome regulatory subunit C-terminal
Pcub-MSU1_035_000068.1	eggnog	GRIM-19 protein
Pcub-MSU1_035_000067.1	unannotated	Hypothetical protein of unknown function
Pcub-MSU1_035_000053.1	eggnog	domain-containing protein
Pcub-MSU1_035_000066.1	unannotated	Hypothetical protein of unknown function
Pcub-MSU1_035_000065.1	unannotated	Hypothetical protein of unknown function
Pcub-MSU1_035_000054.1	eggnog	EF-hand domain pair
Pcub-MSU1_035_000064.1	unannotated	Hypothetical protein of unknown function
Pcub-MSU1_035_000063.1	unannotated	Hypothetical protein of unknown function
Pcub-MSU1_035_000062.1	unannotated	Hypothetical protein of unknown function
Pcub-MSU1_035_000055.1	eggnog	Pam16
Pcub-MSU1_035_000056.1	eggnog	domain-containing protein
Pcub-MSU1_035_000061.1	unannotated	Hypothetical protein of unknown function
Pcub-MSU1_035_000060.1	unannotated	Hypothetical protein of unknown function
Pcub-MSU1_035_000059.1	unannotated	Hypothetical protein of unknown function
Pcub-MSU1_035_000058.1	unannotated	Hypothetical protein of unknown function
Pcub-MSU1_035_000057.1	unannotated	Hypothetical protein of unknown function
Pcub-MSU1_047_000001.1	unannotated	Hypothetical protein of unknown function
Pcub-MSU1_074_000001.1	eggnog	axonemal central apparatus assembly
Pcub-MSU1_074_000006.1	interproscan	G3DSA:2.40.50.140 domain-containing protein
Pcub-MSU1_074_000005.1	unannotated	Hypothetical protein of unknown function
Pcub-MSU1_074_000004.1	unannotated	Hypothetical protein of unknown function
Pcub-MSU1_074_000003.1	unannotated	Hypothetical protein of unknown function
Pcub-MSU1_074_000002.1	unannotated	Hypothetical protein of unknown function
Pcub-MSU1_085_000003.1	eggnog	Serpentine type 7TM GPCR chemoreceptor Srsx
Pcub-MSU1_085_000001.1	eggnog	domain-containing protein
Pcub-MSU1_085_000002.1	eggnog	Pc21g00130 protein. Source PGD
Pcub-MSU1_127_000001.1	unannotated	Hypothetical protein of unknown function
Pcub-MSU1_129_000003.1	unannotated	Hypothetical protein of unknown function
Pcub-MSU1_129_000001.1	eggnog	Pam16
Pcub-MSU1_129_000002.1	eggnog	domain-containing protein
