id	source	Description
Phum-OR502AA_001_000001.1	eggnog	Pc21g00130 protein. Source PGD
Phum-OR502AA_001_000002.1	unannotated	Hypothetical protein of unknown function
Phum-OR502AA_001_000902.1	eggnog	Sugar-transfer associated ATP-grasp
Phum-OR502AA_001_000003.1	eggnog	Leucine-rich repeats, outliers
Phum-OR502AA_001_000004.1	blastp	Homology to Peronospora destructor predicted protein CAI5715031.1
Phum-OR502AA_001_000005.1	eggnog	Origin recognition complex (ORC) subunit 4 C-terminus
Phum-OR502AA_001_000006.1	blastp	Homology to Peronospora destructor predicted protein CAI5715031.1
Phum-OR502AA_001_000007.1	blastp	Homology to Peronospora destructor predicted protein CAI5715063.1
Phum-OR502AA_001_000008.1	eggnog	WD40 repeats
Phum-OR502AA_001_000901.1	eggnog	tRNA pseudouridine synthase
Phum-OR502AA_001_000009.1	eggnog	Sterile alpha motif
Phum-OR502AA_001_000900.1	eggnog	Chitinase class I
Phum-OR502AA_001_000899.1	eggnog	Chitinase class I
Phum-OR502AA_001_000898.1	eggnog	Chitinase class I
Phum-OR502AA_001_000897.1	eggnog	Chitinase class I
Phum-OR502AA_001_000896.1	eggnog	Chitinase class I
Phum-OR502AA_001_000895.1	eggnog	Chitinase class I
Phum-OR502AA_001_000894.1	eggnog	Chitinase class I
Phum-OR502AA_001_000893.1	eggnog	Chitinase class I
Phum-OR502AA_001_000892.1	eggnog	Chitinase class I
Phum-OR502AA_001_000891.1	eggnog	Chitinase class I
Phum-OR502AA_001_000890.1	eggnog	Chitinase class I
Phum-OR502AA_001_000889.1	eggnog	Chitinase class I
Phum-OR502AA_001_000888.1	eggnog	Chitinase class I
Phum-OR502AA_001_000887.1	eggnog	Chitinase class I
Phum-OR502AA_001_000886.1	eggnog	Chitinase class I
Phum-OR502AA_001_000885.1	eggnog	Chitinase class I
Phum-OR502AA_001_000884.1	eggnog	Chitinase class I
Phum-OR502AA_001_000883.1	eggnog	Chitinase class I
Phum-OR502AA_001_000882.1	eggnog	Chitinase class I
Phum-OR502AA_001_000881.1	eggnog	Chitinase class I
Phum-OR502AA_001_000010.1	eggnog	Major Facilitator Superfamily
Phum-OR502AA_001_000880.1	eggnog	domain-containing protein
Phum-OR502AA_001_000011.1	unannotated	Hypothetical protein of unknown function
Phum-OR502AA_001_000879.1	blastp	Homology to Phytophthora ramorum predicted protein KAH7479927.1
Phum-OR502AA_001_000878.1	eggnog	DEAD_2
Phum-OR502AA_001_000012.1	eggnog	Sodium:dicarboxylate symporter family
Phum-OR502AA_001_000877.1	eggnog	Belongs to the CD36 family
Phum-OR502AA_001_000876.1	eggnog	Belongs to the CD36 family
Phum-OR502AA_001_000013.1	eggnog	domain-containing protein
Phum-OR502AA_001_000875.1	eggnog	E2_bind
Phum-OR502AA_001_000014.1	eggnog	Chitinase class I
Phum-OR502AA_001_000874.1	unannotated	Hypothetical protein of unknown function
Phum-OR502AA_001_000873.1	eggnog	Chitinase class I
Phum-OR502AA_001_000872.1	eggnog	Chitinase class I
Phum-OR502AA_001_000871.1	eggnog	Chitinase class I
Phum-OR502AA_001_000870.1	blastp	Homology to Phytophthora rubi predicted protein KAE9307886.1
Phum-OR502AA_001_000015.1	eggnog	Glycosyl transferase family 41
Phum-OR502AA_001_000869.1	eggnog	Peptidase S24-like
Phum-OR502AA_001_000016.1	eggnog	domain-containing protein
Phum-OR502AA_001_000868.1	blastp	Homology to Peronospora effusa predicted protein RMX68963.1
Phum-OR502AA_001_000867.1	eggnog	Putative DNA-binding domain in centromere protein B, mouse jerky and transposases
Phum-OR502AA_001_000017.1	eggnog	Putative DNA-binding domain in centromere protein B, mouse jerky and transposases
Phum-OR502AA_001_000018.1	blastp	Homology to Peronospora farinosa predicted protein CAH0485933.1
Phum-OR502AA_001_000866.1	eggnog	domain-containing protein
Phum-OR502AA_001_000019.1	eggnog	Peptidase S24-like
Phum-OR502AA_001_000020.1	unannotated	Hypothetical protein of unknown function
Phum-OR502AA_001_000865.1	eggnog	Glycosyl transferase family 41
Phum-OR502AA_001_000021.1	eggnog	Aph-1 protein
Phum-OR502AA_001_000864.1	eggnog	The AROM polypeptide catalyzes 5 consecutive enzymatic reactions in prechorismate polyaromatic amino acid biosynthesis
Phum-OR502AA_001_000863.1	eggnog	The AROM polypeptide catalyzes 5 consecutive enzymatic reactions in prechorismate polyaromatic amino acid biosynthesis
Phum-OR502AA_001_000022.1	eggnog	regulation of membrane repolarization during atrial cardiac muscle cell action potential
Phum-OR502AA_001_000862.1	eggnog	regulation of membrane repolarization during atrial cardiac muscle cell action potential
Phum-OR502AA_001_000861.1	eggnog	GMC oxidoreductase
Phum-OR502AA_001_000023.1	eggnog	GMC oxidoreductase
Phum-OR502AA_001_000024.1	eggnog	regulation of membrane repolarization during atrial cardiac muscle cell action potential
Phum-OR502AA_001_000860.1	eggnog	regulation of membrane repolarization during atrial cardiac muscle cell action potential
Phum-OR502AA_001_000859.1	eggnog	GMC oxidoreductase
Phum-OR502AA_001_000025.1	eggnog	GMC oxidoreductase
Phum-OR502AA_001_000026.1	eggnog	regulation of membrane repolarization during atrial cardiac muscle cell action potential
Phum-OR502AA_001_000858.1	eggnog	regulation of membrane repolarization during atrial cardiac muscle cell action potential
Phum-OR502AA_001_000857.1	eggnog	GMC oxidoreductase
Phum-OR502AA_001_000027.1	eggnog	GMC oxidoreductase
Phum-OR502AA_001_000028.1	eggnog	regulation of membrane repolarization during atrial cardiac muscle cell action potential
Phum-OR502AA_001_000856.1	unannotated	Hypothetical protein of unknown function
Phum-OR502AA_001_000029.1	blastp	Homology to Phytophthora fragariae predicted protein KAE9357220.1
Phum-OR502AA_001_000030.1	blastp	Homology to Phytophthora nicotianae predicted protein KUG01977.1
Phum-OR502AA_001_000855.1	eggnog	domain-containing protein
Phum-OR502AA_001_000031.1	eggnog	ATP-binding Cassette (ABC) Superfamily. Source PGD
Phum-OR502AA_001_000854.1	blastp	Homology to Phytophthora nicotianae predicted protein ETL80485.1
Phum-OR502AA_001_000032.1	eggnog	proton export across plasma membrane
Phum-OR502AA_001_000033.1	eggnog	proton export across plasma membrane
Phum-OR502AA_001_000034.1	eggnog	domain-containing protein
Phum-OR502AA_001_000035.1	eggnog	domain-containing protein
Phum-OR502AA_001_000036.1	eggnog	Choline/Carnitine o-acyltransferase
Phum-OR502AA_001_000037.1	eggnog	Metal dependent phosphohydrolases with conserved 'HD' motif
Phum-OR502AA_001_000038.1	blastp	Homology to Phytophthora rubi predicted protein KAE9037498.1
Phum-OR502AA_001_000039.1	eggnog	NAD-dependent glycerol-3-phosphate dehydrogenase N-terminus
Phum-OR502AA_001_000040.1	interproscan	PTHR31742 domain-containing protein
Phum-OR502AA_001_000853.1	interproscan	PTHR31134 domain-containing protein
Phum-OR502AA_001_000041.1	unannotated	Hypothetical protein of unknown function
Phum-OR502AA_001_000852.1	eggnog	Vacuolar membrane-associated protein Iml1
Phum-OR502AA_001_000042.1	eggnog	Extension to Ser/Thr-type protein kinases
Phum-OR502AA_001_000851.1	unannotated	Hypothetical protein of unknown function
Phum-OR502AA_001_000043.1	eggnog	isochorismatase domain-containing protein (MAR1)
Phum-OR502AA_001_000850.1	eggnog	isochorismatase domain-containing protein (MAR1)
Phum-OR502AA_001_000044.1	eggnog	RNA recognition motif 2
Phum-OR502AA_001_000849.1	eggnog	domain-containing protein
Phum-OR502AA_001_000848.1	blastp	Homology to Peronospora effusa predicted protein RMX68624.1
Phum-OR502AA_001_000045.1	eggnog	Family of unknown function (DUF572)
Phum-OR502AA_001_000847.1	blastp	Homology to Phytophthora nicotianae predicted protein XP_008911344.1
Phum-OR502AA_001_000046.1	eggnog	Diacylglycerol acyltransferase
Phum-OR502AA_001_000846.1	eggnog	domain-containing protein
Phum-OR502AA_001_000845.1	interproscan	c(""""""""Pol polyprotein"""""""", """""""" beta-barrel domain"""""""") (PF22936)
Phum-OR502AA_001_000844.1	eggnog	RNA recognition motif 2
Phum-OR502AA_001_000047.1	eggnog	domain-containing protein
Phum-OR502AA_001_000048.1	eggnog	domain-containing protein
Phum-OR502AA_001_000843.1	eggnog	RNA recognition motif 2
Phum-OR502AA_001_000049.1	eggnog	Involved in the catabolism of quinolinic acid (QA)
Phum-OR502AA_001_000842.1	blastp	Homology to predicted protein KAH7500901.1
Phum-OR502AA_001_000050.1	eggnog	EF-hand domain pair
Phum-OR502AA_001_000841.1	interproscan	PTHR13639 domain-containing protein
Phum-OR502AA_001_000051.1	blastp	Homology to Phytophthora ramorum predicted protein KAH7479960.1
Phum-OR502AA_001_000840.1	eggnog	Glucose inhibited division protein A
Phum-OR502AA_001_000052.1	eggnog	Domain of unknown function (DUF2431)
Phum-OR502AA_001_000839.1	eggnog	domain-containing protein
Phum-OR502AA_001_000053.1	eggnog	M-phase phosphoprotein 6
Phum-OR502AA_001_000838.1	eggnog	Zinc knuckle
Phum-OR502AA_001_000054.1	eggnog	domain-containing protein
Phum-OR502AA_001_000837.1	eggnog	Domain Homologous to E6-AP Carboxyl Terminus with
Phum-OR502AA_001_000055.1	eggnog	domain-containing protein
Phum-OR502AA_001_000836.1	eggnog	response to water deprivation
Phum-OR502AA_001_000056.1	blastp	Homology to Peronospora effusa predicted protein RQM14897.1
Phum-OR502AA_001_000057.1	eggnog	Crinkler (CRN) family protein
Phum-OR502AA_001_000058.1	eggnog	Crinkler (CRN) family protein
Phum-OR502AA_001_000059.1	eggnog	Crinkler (CRN) family protein
Phum-OR502AA_001_000835.1	eggnog	Crinkler (CRN) family protein
Phum-OR502AA_001_000834.1	blastp	Homology to Peronospora destructor predicted protein CAI5746642.1
Phum-OR502AA_001_000060.1	blastp	Homology to Peronospora belbahrii predicted protein CAH0522600.1
Phum-OR502AA_001_000061.1	eggnog	domain-containing protein
Phum-OR502AA_001_000833.1	blastp	Homology to Phytophthora nicotianae predicted protein KUF76326.1
Phum-OR502AA_001_000062.1	blastp	Homology to Peronospora effusa predicted protein CAI5724964.1
Phum-OR502AA_001_000063.1	interproscan	PTHR24099 domain-containing protein
Phum-OR502AA_001_000832.1	eggnog	domain-containing protein
Phum-OR502AA_001_000064.1	eggnog	domain-containing protein
Phum-OR502AA_001_000831.1	eggnog	Rad17 cell cycle checkpoint protein
Phum-OR502AA_001_000065.1	blastp	Homology to Phytophthora nicotianae predicted protein ETL84766.1
Phum-OR502AA_001_000066.1	eggnog	large conductance calcium-activated potassium channel activity
Phum-OR502AA_001_000830.1	eggnog	WD40 repeats
Phum-OR502AA_001_000829.1	blastp	Homology to Peronospora destructor predicted protein CAI5746631.1
Phum-OR502AA_001_000067.1	unannotated	Hypothetical protein of unknown function
Phum-OR502AA_001_000068.1	unannotated	Hypothetical protein of unknown function
Phum-OR502AA_001_000069.1	unannotated	Hypothetical protein of unknown function
Phum-OR502AA_001_000070.1	unannotated	Hypothetical protein of unknown function
Phum-OR502AA_001_000071.1	unannotated	Hypothetical protein of unknown function
Phum-OR502AA_001_000072.1	unannotated	Hypothetical protein of unknown function
Phum-OR502AA_001_000073.1	unannotated	Hypothetical protein of unknown function
Phum-OR502AA_001_000074.1	unannotated	Hypothetical protein of unknown function
Phum-OR502AA_001_000075.1	unannotated	Hypothetical protein of unknown function
Phum-OR502AA_001_000828.1	unannotated	Hypothetical protein of unknown function
Phum-OR502AA_001_000076.1	eggnog	Nuf2 family
Phum-OR502AA_001_000827.1	interproscan	PTHR24111 domain-containing protein
Phum-OR502AA_001_000826.1	blastp	Homology to Peronospora belbahrii predicted protein CAH0522613.1
Phum-OR502AA_001_000825.1	eggnog	Indole-3-glycerol phosphate synthase
Phum-OR502AA_001_000824.1	eggnog	domain-containing protein
Phum-OR502AA_001_000823.1	blastp	Homology to Plasmopara halstedii predicted protein XP_024576345.1
Phum-OR502AA_001_000822.1	eggnog	Adds multiple copies of isopentenyl pyrophosphate (IPP) to farnesyl pyrophosphate (FPP) to produce dehydrodolichyl diphosphate (Dedol-PP), a precursor of dolichol which is utilized as a sugar carrier in protein glycosylation in the endoplasmic reticulum (ER)
Phum-OR502AA_001_000077.1	eggnog	Putative methyltransferase
Phum-OR502AA_001_000821.1	eggnog	Adds multiple copies of isopentenyl pyrophosphate (IPP) to farnesyl pyrophosphate (FPP) to produce dehydrodolichyl diphosphate (Dedol-PP), a precursor of dolichol which is utilized as a sugar carrier in protein glycosylation in the endoplasmic reticulum (ER)
Phum-OR502AA_001_000078.1	eggnog	UreF
Phum-OR502AA_001_000079.1	eggnog	WD40 repeats
Phum-OR502AA_001_000080.1	eggnog	Helical region found in SNAREs
Phum-OR502AA_001_000820.1	blastp	Homology to Phytophthora cactorum;Phytophthora aleatoria predicted protein KAF1777074.1
Phum-OR502AA_001_000081.1	eggnog	Cid1 family poly A polymerase
Phum-OR502AA_001_000819.1	eggnog	Cid1 family poly A polymerase
Phum-OR502AA_001_000818.1	eggnog	Cid1 family poly A polymerase
Phum-OR502AA_001_000082.1	unannotated	Hypothetical protein of unknown function
Phum-OR502AA_001_000083.1	eggnog	Ankyrin repeats (many copies)
Phum-OR502AA_001_000084.1	eggnog	A distinct subfamily of CDD/CDA-like deaminases
Phum-OR502AA_001_000085.1	eggnog	Anaphase-promoting complex subunit 11 RING-H2 finger
Phum-OR502AA_001_000817.1	eggnog	Sugar (and other) transporter
Phum-OR502AA_001_000816.1	eggnog	Ion transport protein
Phum-OR502AA_001_000815.1	unannotated	Hypothetical protein of unknown function
Phum-OR502AA_001_000086.1	interproscan	SSF50978 domain-containing protein
Phum-OR502AA_001_000087.1	unannotated	Hypothetical protein of unknown function
Phum-OR502AA_001_000814.1	unannotated	Hypothetical protein of unknown function
Phum-OR502AA_001_000813.1	interproscan	SSF50978 domain-containing protein
Phum-OR502AA_001_000812.1	interproscan	SSF50978 domain-containing protein
Phum-OR502AA_001_000088.1	eggnog	Protein tyrosine kinase
Phum-OR502AA_001_000089.1	eggnog	Transglutaminase elicitor
Phum-OR502AA_001_000090.1	eggnog	Pyridoxal-phosphate dependent enzyme
Phum-OR502AA_001_000091.1	unannotated	Hypothetical protein of unknown function
Phum-OR502AA_001_000811.1	interproscan	PTHR20544 domain-containing protein
Phum-OR502AA_001_000092.1	eggnog	axoneme assembly
Phum-OR502AA_001_000093.1	eggnog	axoneme assembly
Phum-OR502AA_001_000094.1	eggnog	Ankyrin repeats (many copies)
Phum-OR502AA_001_000095.1	eggnog	Ankyrin repeats (many copies)
Phum-OR502AA_001_000810.1	eggnog	protein tyrosine phosphatase activity
Phum-OR502AA_001_000809.1	eggnog	transposition, RNA-mediated
Phum-OR502AA_001_000096.1	eggnog	WD40 repeats
Phum-OR502AA_001_000808.1	eggnog	domain-containing protein
Phum-OR502AA_001_000097.1	eggnog	domain-containing protein
Phum-OR502AA_001_000807.1	eggnog	WD40 repeats
Phum-OR502AA_001_000806.1	eggnog	Amino acid auxin permease-like protein
Phum-OR502AA_001_000805.1	eggnog	Transmembrane amino acid transporter protein
Phum-OR502AA_001_000804.1	eggnog	structural constituent of cell wall (attf-6)
Phum-OR502AA_001_000803.1	unannotated	Hypothetical protein of unknown function
Phum-OR502AA_001_000802.1	unannotated	Hypothetical protein of unknown function
Phum-OR502AA_001_000801.1	unannotated	Hypothetical protein of unknown function
Phum-OR502AA_001_000098.1	blastp	Homology to Hyaloperonospora brassicae predicted protein CAI5710828.1
Phum-OR502AA_001_000099.1	eggnog	tRNA methyltransferase complex GCD14 subunit
Phum-OR502AA_001_000800.1	eggnog	positive regulation of mitochondrial translation
Phum-OR502AA_001_000799.1	blastp	Homology to Peronospora belbahrii predicted protein CAH0481125.1
Phum-OR502AA_001_000798.1	eggnog	gag-polypeptide of LTR copia-type
Phum-OR502AA_001_000100.1	eggnog	domain-containing protein
Phum-OR502AA_001_000101.1	eggnog	Helicase associated domain (HA2) Add an annotation
Phum-OR502AA_001_000797.1	eggnog	Chaperonin 10 Kd subunit
Phum-OR502AA_001_000102.1	unannotated	Hypothetical protein of unknown function
Phum-OR502AA_001_000796.1	eggnog	chromatin organization
Phum-OR502AA_001_000103.1	eggnog	Bacterial transferase hexapeptide (six repeats)
Phum-OR502AA_001_000795.1	interproscan	PTHR47242 domain-containing protein
Phum-OR502AA_001_000104.1	unannotated	Hypothetical protein of unknown function
Phum-OR502AA_001_000105.1	eggnog	CHORD
Phum-OR502AA_001_000106.1	eggnog	Domain present in phytochromes and cGMP-specific phosphodiesterases
Phum-OR502AA_001_000794.1	eggnog	Exportin 1-like protein
Phum-OR502AA_001_000793.1	eggnog	Protein tyrosine kinase
Phum-OR502AA_001_000107.1	eggnog	Protein tyrosine kinase
Phum-OR502AA_001_000792.1	eggnog	Leucine-rich repeat
Phum-OR502AA_001_000791.1	blastp	Homology to Phytophthora cactorum predicted protein KAG3019741.1
Phum-OR502AA_001_000790.1	eggnog	DHHA2
Phum-OR502AA_001_000108.1	interproscan	PTHR31142 domain-containing protein
Phum-OR502AA_001_000109.1	eggnog	Belongs to the class-III pyridoxal-phosphate-dependent aminotransferase family
Phum-OR502AA_001_000110.1	eggnog	Belongs to the TRAFAC class myosin-kinesin ATPase superfamily
Phum-OR502AA_001_000111.1	eggnog	Inositol polyphosphate phosphatase, catalytic domain homologues
Phum-OR502AA_001_000789.1	eggnog	Belongs to the mitochondrial carrier (TC 2.A.29) family
Phum-OR502AA_001_000788.1	eggnog	domain-containing protein
Phum-OR502AA_001_000112.1	eggnog	Domain present in phytochromes and cGMP-specific phosphodiesterases
Phum-OR502AA_001_000787.1	unannotated	Hypothetical protein of unknown function
Phum-OR502AA_001_000786.1	eggnog	cAMP-dependent protein kinase regulator activity
Phum-OR502AA_001_000785.1	eggnog	cAMP-dependent protein kinase regulator activity
Phum-OR502AA_001_000784.1	eggnog	KRI1-like family
Phum-OR502AA_001_000113.1	eggnog	Cyclin
Phum-OR502AA_001_000783.1	eggnog	domain-containing protein
Phum-OR502AA_001_000114.1	eggnog	Protein tyrosine kinase
Phum-OR502AA_001_000782.1	blastp	Homology to predicted protein KAH7500783.1
Phum-OR502AA_001_000781.1	eggnog	Zinc-finger double-stranded RNA-binding
Phum-OR502AA_001_000780.1	eggnog	ELMO/CED-12 family
Phum-OR502AA_001_000115.1	eggnog	CLASP N terminal
Phum-OR502AA_001_000116.1	eggnog	PRELI-like family
Phum-OR502AA_001_000779.1	eggnog	regulatory subunit
Phum-OR502AA_001_000117.1	blastp	Homology to Phytophthora fragariae predicted protein KAE9328801.1
Phum-OR502AA_001_000778.1	eggnog	domain-containing protein
Phum-OR502AA_001_000118.1	blastp	Homology to Hyaloperonospora brassicae predicted protein CAI5730921.1
Phum-OR502AA_001_000119.1	eggnog	Phosphoglycerate mutase family
Phum-OR502AA_001_000777.1	eggnog	assists the folding of proteins upon ATP hydrolysis
Phum-OR502AA_001_000120.1	blastp	Homology to Phytophthora nicotianae predicted protein ETL79320.1
Phum-OR502AA_001_000776.1	eggnog	WD domain, G-beta repeat
Phum-OR502AA_001_000121.1	blastp	Homology to Phytophthora cinnamomi predicted protein KAG6614077.1
Phum-OR502AA_001_000122.1	eggnog	domain-containing protein
Phum-OR502AA_001_000123.1	eggnog	WD domain, G-beta repeat
Phum-OR502AA_001_000775.1	blastp	Homology to Phytophthora cactorum predicted protein KAG3025035.1
Phum-OR502AA_001_000774.1	eggnog	CRM1 C terminal
Phum-OR502AA_001_000124.1	eggnog	Prokaryotic RING finger family 4
Phum-OR502AA_001_000125.1	eggnog	PPIases accelerate the folding of proteins
Phum-OR502AA_001_000773.1	eggnog	Stage II sporulation protein E (SpoIIE)
Phum-OR502AA_001_000772.1	eggnog	Necrosis inducing protein (NPP1)
Phum-OR502AA_001_000771.1	eggnog	Necrosis inducing protein (NPP1)
Phum-OR502AA_001_000126.1	eggnog	Necrosis inducing protein (NPP1)
Phum-OR502AA_001_000127.1	eggnog	TAZ zinc finger
Phum-OR502AA_001_000128.1	eggnog	TAZ zinc finger
Phum-OR502AA_001_000770.1	eggnog	domain-containing protein
Phum-OR502AA_001_000769.1	eggnog	Major Facilitator Superfamily
Phum-OR502AA_001_000768.1	eggnog	Conserved oligomeric Golgi complex subunit 4
Phum-OR502AA_001_000129.1	eggnog	V-ATPase subunit H
Phum-OR502AA_001_000767.1	eggnog	Peroxisomal biogenesis factor 11 (PEX11)
Phum-OR502AA_001_000130.1	eggnog	domain-containing protein
Phum-OR502AA_001_000766.1	eggnog	Protein tyrosine kinase
Phum-OR502AA_001_000765.1	eggnog	Prefoldin subunit
Phum-OR502AA_001_000764.1	eggnog	Belongs to the ubiquitin-conjugating enzyme family
Phum-OR502AA_001_000763.1	eggnog	Zn_pept
Phum-OR502AA_001_000762.1	eggnog	Gamma-glutamyltranspeptidase
Phum-OR502AA_001_000761.1	blastp	Homology to Phytophthora cinnamomi predicted protein KAJ8576080.1
Phum-OR502AA_001_000131.1	eggnog	ZIP Zinc transporter
Phum-OR502AA_001_000760.1	eggnog	Necrosis inducing protein (NPP1)
Phum-OR502AA_001_000132.1	unannotated	Hypothetical protein of unknown function
Phum-OR502AA_001_000133.1	eggnog	Necrosis inducing protein (NPP1)
Phum-OR502AA_001_000759.1	eggnog	domain-containing protein
Phum-OR502AA_001_000134.1	eggnog	HMGL-like
Phum-OR502AA_001_000135.1	eggnog	HMGL-like
Phum-OR502AA_001_000136.1	unannotated	Hypothetical protein of unknown function
Phum-OR502AA_001_000758.1	eggnog	Necrosis inducing protein (NPP1)
Phum-OR502AA_001_000757.1	eggnog	Necrosis inducing protein (NPP1)
Phum-OR502AA_001_000756.1	eggnog	aspartic endopeptidase activity, intramembrane cleaving
Phum-OR502AA_001_000137.1	eggnog	1-phosphatidylinositol 4-kinase activity
Phum-OR502AA_001_000755.1	eggnog	BT1 family
Phum-OR502AA_001_000138.1	unannotated	Hypothetical protein of unknown function
Phum-OR502AA_001_000139.1	unannotated	Hypothetical protein of unknown function
Phum-OR502AA_001_000140.1	eggnog	phosphoglycerate mutase. Source PGD
Phum-OR502AA_001_000141.1	interproscan	PTHR31245 domain-containing protein
Phum-OR502AA_001_000754.1	eggnog	N-glycan processing to lysosome
Phum-OR502AA_001_000753.1	blastp	Homology to Phytophthora cactorum predicted protein KAG4060938.1
Phum-OR502AA_001_000752.1	unannotated	Hypothetical protein of unknown function
Phum-OR502AA_001_000142.1	unannotated	Hypothetical protein of unknown function
Phum-OR502AA_001_000751.1	eggnog	Sperm-tail PG-rich repeat
Phum-OR502AA_001_000143.1	eggnog	Calcineurin-like phosphoesterase
Phum-OR502AA_001_000750.1	blastp	Homology to Phytophthora capsici predicted protein KAG1685390.1
Phum-OR502AA_001_000144.1	eggnog	Pyridine nucleotide-disulphide oxidoreductase
Phum-OR502AA_001_000749.1	eggnog	Putative zinc finger in N-recognin (UBR box)
Phum-OR502AA_001_000145.1	eggnog	LYAR-type C2HC zinc finger
Phum-OR502AA_001_000146.1	unannotated	Hypothetical protein of unknown function
Phum-OR502AA_001_000748.1	eggnog	Thioredoxin
Phum-OR502AA_001_000147.1	eggnog	PhoX homologous domain, present in p47phox and p40phox
Phum-OR502AA_001_000747.1	eggnog	GDSL-like Lipase/Acylhydrolase
Phum-OR502AA_001_000148.1	blastp	Homology to Phytophthora cactorum predicted protein KAG4047696.1
Phum-OR502AA_001_000746.1	eggnog	Ankyrin repeats (many copies)
Phum-OR502AA_001_000149.1	eggnog	Belongs to the TRAFAC class myosin-kinesin ATPase superfamily
Phum-OR502AA_001_000745.1	eggnog	Sir2 family
Phum-OR502AA_001_000150.1	unannotated	Hypothetical protein of unknown function
Phum-OR502AA_001_000151.1	eggnog	Cytochrome oxidase assembly protein
Phum-OR502AA_001_000152.1	eggnog	X-Pro dipeptidyl-peptidase (S15 family)
Phum-OR502AA_001_000744.1	eggnog	Mitochondrial carrier protein
Phum-OR502AA_001_000153.1	eggnog	domain-containing protein
Phum-OR502AA_001_000154.1	unannotated	Hypothetical protein of unknown function
Phum-OR502AA_001_000743.1	unannotated	Hypothetical protein of unknown function
Phum-OR502AA_001_000155.1	eggnog	Acetyl-coenzyme A synthetase N-terminus
Phum-OR502AA_001_000156.1	unannotated	Hypothetical protein of unknown function
Phum-OR502AA_001_000742.1	unannotated	Hypothetical protein of unknown function
Phum-OR502AA_001_000157.1	unannotated	Hypothetical protein of unknown function
Phum-OR502AA_001_000741.1	unannotated	Hypothetical protein of unknown function
Phum-OR502AA_001_000740.1	eggnog	Acetyl-coenzyme A synthetase N-terminus
Phum-OR502AA_001_000158.1	eggnog	Mitochondrial carrier protein
Phum-OR502AA_001_000739.1	eggnog	Cation transporter/ATPase, N-terminus
Phum-OR502AA_001_000159.1	eggnog	domain-containing protein
Phum-OR502AA_001_000738.1	blastp	Homology to Phytophthora ramorum predicted protein KAH7474325.1
Phum-OR502AA_001_000737.1	eggnog	domain-containing protein
Phum-OR502AA_001_000160.1	blastp	Homology to Phytophthora cinnamomi predicted protein KAG6576473.1
Phum-OR502AA_001_000736.1	blastp	Homology to Peronospora effusa predicted protein RQM15819.1
Phum-OR502AA_001_000735.1	blastp	Homology to Peronospora effusa predicted protein RQM15819.1
Phum-OR502AA_001_000161.1	interproscan	PTHR31973 domain-containing protein
Phum-OR502AA_001_000734.1	unannotated	Hypothetical protein of unknown function
Phum-OR502AA_001_000733.1	eggnog	Transcription initiation factor TFIID subunit A
Phum-OR502AA_001_000162.1	eggnog	Reversible hydration of carbon dioxide
Phum-OR502AA_001_000732.1	eggnog	Rab subfamily of small GTPases
Phum-OR502AA_001_000163.1	blastp	Homology to Peronospora effusa predicted protein CAI5703436.1
Phum-OR502AA_001_000164.1	eggnog	Regulator of chromosome condensation (RCC1) repeat
Phum-OR502AA_001_000165.1	eggnog	Carbonic anhydrase
Phum-OR502AA_001_000166.1	eggnog	domain-containing protein
Phum-OR502AA_001_000731.1	blastp	Homology to Peronospora farinosa predicted protein CAH0490253.1
Phum-OR502AA_001_000167.1	eggnog	Vps51/Vps67
Phum-OR502AA_001_000730.1	blastp	Homology to Phytophthora ramorum predicted protein KAH7474355.1
Phum-OR502AA_001_000168.1	blastp	Homology to Peronospora farinosa predicted protein CAH0490253.1
Phum-OR502AA_001_000169.1	eggnog	domain-containing protein
Phum-OR502AA_001_000729.1	interproscan	PTHR34211 domain-containing protein
Phum-OR502AA_001_000170.1	eggnog	vesicle fusion with Golgi apparatus
Phum-OR502AA_001_000728.1	eggnog	vesicle fusion with Golgi apparatus
Phum-OR502AA_001_000171.1	interproscan	PTHR34211 domain-containing protein
Phum-OR502AA_001_000727.1	blastp	Homology to Phytophthora nicotianae predicted protein ETP22721.1
Phum-OR502AA_001_000172.1	unannotated	Hypothetical protein of unknown function
Phum-OR502AA_001_000173.1	eggnog	Deoxyhypusine synthase
Phum-OR502AA_001_000726.1	interproscan	PTHR46127 domain-containing protein
Phum-OR502AA_001_000174.1	eggnog	domain-containing protein
Phum-OR502AA_001_000175.1	interproscan	PTHR28069 domain-containing protein
Phum-OR502AA_001_000725.1	blastp	Homology to Phytophthora cactorum predicted protein KAG2790943.1
Phum-OR502AA_001_000724.1	eggnog	emp24/gp25L/p24 family/GOLD
Phum-OR502AA_001_000723.1	eggnog	domain-containing protein
Phum-OR502AA_001_000722.1	eggnog	Aspartyl protease
Phum-OR502AA_001_000721.1	eggnog	Aspartyl protease
Phum-OR502AA_001_000720.1	eggnog	Aspartyl protease
Phum-OR502AA_001_000719.1	eggnog	Aspartyl protease
Phum-OR502AA_001_000176.1	eggnog	CorA-like Mg2+ transporter protein
Phum-OR502AA_001_000718.1	eggnog	Centromere/kinetochore Zw10
Phum-OR502AA_001_000177.1	eggnog	Lissencephaly type-1-like homology motif
Phum-OR502AA_001_000717.1	eggnog	Nucleoporin Nup120/160
Phum-OR502AA_001_000716.1	eggnog	domain-containing protein
Phum-OR502AA_001_000178.1	eggnog	Protein of unknown function (DUF2009)
Phum-OR502AA_001_000715.1	eggnog	Protein tyrosine kinase
Phum-OR502AA_001_000714.1	eggnog	Protein tyrosine kinase
Phum-OR502AA_001_000179.1	eggnog	domain-containing protein
Phum-OR502AA_001_000713.1	eggnog	Protein tyrosine kinase
Phum-OR502AA_001_000180.1	eggnog	belongs to the metallo- dependent hydrolases superfamily
Phum-OR502AA_001_000712.1	eggnog	domain-containing protein
Phum-OR502AA_001_000181.1	eggnog	Proteasome subunit
Phum-OR502AA_001_000711.1	eggnog	Oligosaccharyl transferase STT3 subunit
Phum-OR502AA_001_000182.1	interproscan	PTHR22050 domain-containing protein
Phum-OR502AA_001_000183.1	eggnog	hemolysis in other organism
Phum-OR502AA_001_000710.1	blastp	Homology to Phytophthora nicotianae predicted protein XP_008901322.1
Phum-OR502AA_001_000184.1	eggnog	Domain of unknown function (DUF4464)
Phum-OR502AA_001_000709.1	eggnog	domain-containing protein
Phum-OR502AA_001_000708.1	eggnog	Antibiotic biosynthesis monooxygenase
Phum-OR502AA_001_000185.1	blastp	Homology to Phytophthora pseudosyringae predicted protein KAG7382415.1
Phum-OR502AA_001_000707.1	eggnog	Aminotransferase class-III
Phum-OR502AA_001_000706.1	blastp	Homology to Peronospora farinosa;Peronospora effusa predicted protein RMX63232.1
Phum-OR502AA_001_000186.1	eggnog	Pep3/Vps18/deep orange family
Phum-OR502AA_001_000187.1	blastp	Homology to Phytophthora idaei predicted protein KAG3117561.1
Phum-OR502AA_001_000705.1	eggnog	Belongs to the TRAFAC class myosin-kinesin ATPase superfamily
Phum-OR502AA_001_000188.1	blastp	Homology to Phytophthora ramorum predicted protein KAH7474410.1
Phum-OR502AA_001_000189.1	eggnog	domain-containing protein
Phum-OR502AA_001_000704.1	eggnog	Belongs to the AAA ATPase family
Phum-OR502AA_001_000190.1	eggnog	SHQ1 protein
Phum-OR502AA_001_000191.1	eggnog	Short calmodulin-binding motif containing conserved Ile and Gln residues
Phum-OR502AA_001_000703.1	eggnog	Cathepsin propeptide inhibitor domain (I29)
Phum-OR502AA_001_000702.1	blastp	Homology to Phytophthora idaei predicted protein KAG3111274.1
Phum-OR502AA_001_000701.1	eggnog	domain-containing protein
Phum-OR502AA_001_000192.1	eggnog	Antibiotic biosynthesis monooxygenase
Phum-OR502AA_001_000700.1	eggnog	domain-containing protein
Phum-OR502AA_001_000193.1	eggnog	BRE1 E3 ubiquitin ligase
Phum-OR502AA_001_000699.1	blastp	Homology to Phytophthora megakarya predicted protein OWZ20939.1
Phum-OR502AA_001_000698.1	eggnog	Dip2/Utp12 Family
Phum-OR502AA_001_000194.1	eggnog	Redoxin
Phum-OR502AA_001_000697.1	eggnog	Protein tyrosine kinase
Phum-OR502AA_001_000696.1	eggnog	domain-containing protein
Phum-OR502AA_001_000195.1	unannotated	Hypothetical protein of unknown function
Phum-OR502AA_001_000196.1	eggnog	Dor1-like family
Phum-OR502AA_001_000695.1	unannotated	Hypothetical protein of unknown function
Phum-OR502AA_001_000694.1	eggnog	Amidohydrolase family
Phum-OR502AA_001_000197.1	eggnog	domain-containing protein
Phum-OR502AA_001_000693.1	eggnog	Dor1-like family
Phum-OR502AA_001_000692.1	unannotated	Hypothetical protein of unknown function
Phum-OR502AA_001_000691.1	interproscan	G3DSA:3.90.1410.10 domain-containing protein
Phum-OR502AA_001_000198.1	eggnog	N-terminal domain of CBF1 interacting co-repressor CIR
Phum-OR502AA_001_000690.1	eggnog	Ubiquitin-conjugating enzyme E2, catalytic domain homologues
Phum-OR502AA_001_000689.1	eggnog	RNA polymerase II transcription elongation factor
Phum-OR502AA_001_000199.1	blastp	Homology to Peronospora effusa predicted protein UIZ23236.1
Phum-OR502AA_001_000688.1	unannotated	Hypothetical protein of unknown function
Phum-OR502AA_001_000200.1	eggnog	Component of the Mediator complex, a coactivator involved in the regulated transcription of nearly all RNA polymerase II-dependent genes
Phum-OR502AA_001_000687.1	eggnog	Formate--tetrahydrofolate ligase
Phum-OR502AA_001_000201.1	blastp	Homology to Peronospora destructor predicted protein CAI5719107.1
Phum-OR502AA_001_000202.1	eggnog	domain-containing protein
Phum-OR502AA_001_000686.1	eggnog	Belongs to the TRAFAC class myosin-kinesin ATPase superfamily
Phum-OR502AA_001_000203.1	eggnog	MYND finger
Phum-OR502AA_001_000685.1	eggnog	domain-containing protein
Phum-OR502AA_001_000204.1	eggnog	Memo-like protein
Phum-OR502AA_001_000684.1	eggnog	Dehydrogenase E1
Phum-OR502AA_001_000683.1	eggnog	Vps16, C-terminal region
Phum-OR502AA_001_000205.1	eggnog	Cytochrome P450
Phum-OR502AA_001_000206.1	blastp	Homology to Phytophthora cinnamomi predicted protein KAG6576572.1
Phum-OR502AA_001_000207.1	eggnog	Eukaryotic and archaeal DNA primase, large subunit
Phum-OR502AA_001_000208.1	eggnog	tRNA pseudouridine synthase
Phum-OR502AA_001_000682.1	eggnog	domain-containing protein
Phum-OR502AA_001_000681.1	eggnog	Tricarboxylate carrier
Phum-OR502AA_001_000209.1	eggnog	1-phosphatidylinositol-4-phosphate 5-kinase activity
Phum-OR502AA_001_000680.1	eggnog	COQ9
Phum-OR502AA_001_000210.1	eggnog	Tricarboxylate carrier
Phum-OR502AA_001_000211.1	eggnog	Uroporphyrinogen decarboxylase (URO-D)
Phum-OR502AA_001_000679.1	blastp	Homology to Phytophthora pseudosyringae predicted protein KAG7382082.1
Phum-OR502AA_001_000678.1	eggnog	CRT-like, chloroquine-resistance transporter-like
Phum-OR502AA_001_000212.1	eggnog	domain-containing protein
Phum-OR502AA_001_000213.1	eggnog	Phosphatidyl serine synthase
Phum-OR502AA_001_000677.1	eggnog	AICARFT/IMPCHase bienzyme
Phum-OR502AA_001_000676.1	eggnog	Tyrosine phosphatase family
Phum-OR502AA_001_000214.1	interproscan	G3DSA:3.40.50.150 domain-containing protein
Phum-OR502AA_001_000675.1	eggnog	Bifunctional DNA N-glycosylase with associated apurinic apyrimidinic (AP) lyase function that catalyzes the first step in base excision repair (BER), the primary repair pathway for the repair of oxidative DNA damage
Phum-OR502AA_001_000674.1	blastp	Homology to Peronospora destructor predicted protein CAI5718951.1
Phum-OR502AA_001_000215.1	eggnog	Belongs to the heat shock protein 70 family
Phum-OR502AA_001_000216.1	eggnog	FYVE zinc finger
Phum-OR502AA_001_000217.1	eggnog	Zinc finger, ZZ type
Phum-OR502AA_001_000218.1	interproscan	PTHR12802 domain-containing protein
Phum-OR502AA_001_000673.1	interproscan	PTHR31569 domain-containing protein
Phum-OR502AA_001_000219.1	eggnog	domain-containing protein
Phum-OR502AA_001_000672.1	eggnog	FerI
Phum-OR502AA_001_000220.1	interproscan	G3DSA:1.25.10.10 domain-containing protein
Phum-OR502AA_001_000671.1	unannotated	Hypothetical protein of unknown function
Phum-OR502AA_001_000670.1	blastp	Homology to Phytophthora cactorum predicted protein KAG6974553.1
Phum-OR502AA_001_000221.1	blastp	Homology to Phytophthora pseudosyringae predicted protein KAG7393853.1
Phum-OR502AA_001_000669.1	eggnog	Syntaxin-like protein
Phum-OR502AA_001_000222.1	eggnog	Ubiquitin-conjugating enzyme
Phum-OR502AA_001_000223.1	blastp	Homology to Peronospora belbahrii predicted protein CAH0518441.1
Phum-OR502AA_001_000668.1	eggnog	Dynein light intermediate chain (DLIC)
Phum-OR502AA_001_000667.1	eggnog	Ribosomal protein L22p/L17e
Phum-OR502AA_001_000224.1	eggnog	Domain found in a variety of signalling proteins, always encircled by uDENN and dDENN
Phum-OR502AA_001_000666.1	eggnog	Uncharacterised protein family UPF0052
Phum-OR502AA_001_000665.1	eggnog	DUF4217
Phum-OR502AA_001_000225.1	eggnog	Metal dependent phosphohydrolases with conserved 'HD' motif
Phum-OR502AA_001_000664.1	eggnog	endocytic recycling
Phum-OR502AA_001_000226.1	eggnog	CRT-like, chloroquine-resistance transporter-like
Phum-OR502AA_001_000663.1	blastp	Homology to Phytophthora cactorum predicted protein KAG3036307.1
Phum-OR502AA_001_000662.1	eggnog	Peroxidase
Phum-OR502AA_001_000227.1	eggnog	Metal dependent phosphohydrolases with conserved 'HD' motif
Phum-OR502AA_001_000661.1	eggnog	Sigma factor PP2C-like phosphatases
Phum-OR502AA_001_000660.1	eggnog	Acyl CoA binding protein
Phum-OR502AA_001_000228.1	eggnog	Flavin containing amine oxidoreductase
Phum-OR502AA_001_000659.1	eggnog	Pumilio-family RNA binding repeat
Phum-OR502AA_001_000658.1	eggnog	Protein kinase C conserved region 2 (CalB)
Phum-OR502AA_001_000229.1	eggnog	Belongs to the cation transport ATPase (P-type) (TC 3.A.3) family
Phum-OR502AA_001_000230.1	interproscan	PTHR31250 domain-containing protein
Phum-OR502AA_001_000231.1	blastp	Homology to Phytophthora idaei predicted protein KAG3121469.1
Phum-OR502AA_001_000657.1	eggnog	Ribosomal proteins L26 eukaryotic, L24P archaeal
Phum-OR502AA_001_000656.1	eggnog	Protein tyrosine kinase
Phum-OR502AA_001_000232.1	unannotated	Hypothetical protein of unknown function
Phum-OR502AA_001_000233.1	eggnog	domain in TBC and LysM domain containing proteins
Phum-OR502AA_001_000655.1	blastp	Homology to Peronospora effusa predicted protein RMX67683.1
Phum-OR502AA_001_000234.1	blastp	Homology to Phytophthora sojae predicted protein XP_009529548.1
Phum-OR502AA_001_000654.1	eggnog	domain-containing protein
Phum-OR502AA_001_000653.1	eggnog	Tetratricopeptide repeat
Phum-OR502AA_001_000235.1	eggnog	SYF2 splicing factor
Phum-OR502AA_001_000236.1	eggnog	SOR/SNZ family
Phum-OR502AA_001_000652.1	interproscan	PTHR14255 domain-containing protein
Phum-OR502AA_001_000651.1	eggnog	Papain family cysteine protease
Phum-OR502AA_001_000650.1	interproscan	PTHR14255 domain-containing protein
Phum-OR502AA_001_000649.1	eggnog	Histidine phosphatase superfamily (branch 2)
Phum-OR502AA_001_000237.1	eggnog	uterine gland development
Phum-OR502AA_001_000238.1	blastp	Homology to Phytophthora nicotianae predicted protein XP_008901520.1
Phum-OR502AA_001_000239.1	eggnog	Protein of unknown function (DUF1765)
Phum-OR502AA_001_000648.1	blastp	Homology to Phytophthora nicotianae predicted protein XP_008901523.1
Phum-OR502AA_001_000240.1	interproscan	PTHR14255 domain-containing protein
Phum-OR502AA_001_000241.1	eggnog	Kinase-like
Phum-OR502AA_001_000647.1	eggnog	Mitochondrial carrier protein
Phum-OR502AA_001_000242.1	eggnog	Mitochondrial carrier protein
Phum-OR502AA_001_000243.1	eggnog	Phosphatidylinositol-4-phosphate 5-Kinase
Phum-OR502AA_001_000244.1	eggnog	Phosphatidylinositol-4-phosphate 5-Kinase
Phum-OR502AA_001_000245.1	eggnog	domain-containing protein
Phum-OR502AA_001_000246.1	eggnog	Biotin-requiring enzyme
Phum-OR502AA_001_000646.1	eggnog	EF-hand, calcium binding motif
Phum-OR502AA_001_000645.1	eggnog	Stage II sporulation protein E (SpoIIE)
Phum-OR502AA_001_000247.1	blastp	Homology to Peronospora effusa predicted protein CAI5703238.1
Phum-OR502AA_001_000248.1	blastp	Homology to Peronospora effusa predicted protein CAI5703239.1
Phum-OR502AA_001_000249.1	eggnog	Rab guanyl-nucleotide exchange factor activity
Phum-OR502AA_001_000644.1	eggnog	domain-containing protein
Phum-OR502AA_001_000643.1	eggnog	domain-containing protein
Phum-OR502AA_001_000250.1	eggnog	domain-containing protein
Phum-OR502AA_001_000642.1	eggnog	Regulator of chromosome condensation (RCC1) repeat
Phum-OR502AA_001_000251.1	blastp	Homology to Phytophthora pseudosyringae predicted protein KAG7393905.1
Phum-OR502AA_001_000641.1	eggnog	Stage II sporulation protein E (SpoIIE)
Phum-OR502AA_001_000252.1	interproscan	G3DSA:1.50.10.10 domain-containing protein
Phum-OR502AA_001_000253.1	eggnog	16S rRNA methyltransferase RsmB/F
Phum-OR502AA_001_000254.1	eggnog	zinc finger
Phum-OR502AA_001_000255.1	interproscan	PTHR46557 domain-containing protein
Phum-OR502AA_001_000640.1	eggnog	Ribosomal protein S6e
Phum-OR502AA_001_000256.1	eggnog	Links covalently the heme group to the apoprotein of cytochrome c
Phum-OR502AA_001_000257.1	eggnog	domain-containing protein
Phum-OR502AA_001_000639.1	blastp	Homology to Phytophthora cactorum predicted protein KAG2791061.1
Phum-OR502AA_001_000258.1	blastp	Homology to Peronospora effusa predicted protein RMX67675.1
Phum-OR502AA_001_000259.1	eggnog	Olfactory receptor 4-like
Phum-OR502AA_001_000638.1	blastp	Homology to Phytophthora lilii predicted protein GMF09666.1
Phum-OR502AA_001_000637.1	eggnog	Domain with 2 conserved Trp (W) residues
Phum-OR502AA_001_000260.1	eggnog	Calcineurin-like phosphoesterase
Phum-OR502AA_001_000636.1	eggnog	AIR carboxylase
Phum-OR502AA_001_000635.1	eggnog	AIR carboxylase
Phum-OR502AA_001_000261.1	eggnog	ThiF family
Phum-OR502AA_001_000634.1	eggnog	PHD-finger
Phum-OR502AA_001_000262.1	eggnog	domain-containing protein
Phum-OR502AA_001_000633.1	eggnog	Ankyrin repeat
Phum-OR502AA_001_000263.1	eggnog	WD domain, G-beta repeat
Phum-OR502AA_001_000632.1	eggnog	A Receptor for Ubiquitination Targets
Phum-OR502AA_001_000264.1	eggnog	Histone methylation protein DOT1
Phum-OR502AA_001_000631.1	eggnog	Ribosome-assembly protein 3
Phum-OR502AA_001_000265.1	eggnog	Patatin-like phospholipase
Phum-OR502AA_001_000266.1	eggnog	Alba
Phum-OR502AA_001_000630.1	eggnog	component of the eukaryotic translation initiation factor 3 (eIF-3) complex, which is involved in protein synthesis of a specialized repertoire of mRNAs and, together with other initiation factors, stimulates binding of mRNA and methionyl-tRNAi to the 40S ribosome
Phum-OR502AA_001_000629.1	eggnog	domain-containing protein
Phum-OR502AA_001_000628.1	blastp	Homology to Phytophthora citrophthora predicted protein KAK1939365.1
Phum-OR502AA_001_000267.1	eggnog	Shwachman-Bodian-Diamond syndrome (SBDS) protein
Phum-OR502AA_001_000627.1	eggnog	Calmodulin-binding
Phum-OR502AA_001_000268.1	blastp	Homology to Phytophthora citrophthora predicted protein KAK1945030.1
Phum-OR502AA_001_000626.1	blastp	Homology to Phytophthora pseudosyringae predicted protein KAG7393955.1
Phum-OR502AA_001_000269.1	blastp	Homology to Phytophthora ramorum predicted protein KAH7474596.1
Phum-OR502AA_001_000270.1	eggnog	domain-containing protein
Phum-OR502AA_001_000271.1	interproscan	PTHR47026 domain-containing protein
Phum-OR502AA_001_000272.1	eggnog	intermembrane phospholipid transfer
Phum-OR502AA_001_000625.1	eggnog	RHO protein GDP dissociation inhibitor
Phum-OR502AA_001_000273.1	eggnog	Bystin
Phum-OR502AA_001_000624.1	blastp	Homology to Peronospora destructor predicted protein CAI5745014.1
Phum-OR502AA_001_000274.1	blastp	Homology to Peronospora destructor predicted protein CAI5745014.1
Phum-OR502AA_001_000275.1	eggnog	POT family
Phum-OR502AA_001_000276.1	eggnog	F-box LRR-repeat protein
Phum-OR502AA_001_000623.1	unannotated	Hypothetical protein of unknown function
Phum-OR502AA_001_000622.1	eggnog	F-box LRR-repeat protein
Phum-OR502AA_001_000277.1	eggnog	F-box LRR-repeat protein
Phum-OR502AA_001_000621.1	unannotated	Hypothetical protein of unknown function
Phum-OR502AA_001_000620.1	eggnog	F-box LRR-repeat protein
Phum-OR502AA_001_000278.1	eggnog	F-box LRR-repeat protein
Phum-OR502AA_001_000619.1	unannotated	Hypothetical protein of unknown function
Phum-OR502AA_001_000618.1	eggnog	F-box LRR-repeat protein
Phum-OR502AA_001_000279.1	eggnog	F-box LRR-repeat protein
Phum-OR502AA_001_000617.1	eggnog	F-box LRR-repeat protein
Phum-OR502AA_001_000280.1	eggnog	F-box LRR-repeat protein
Phum-OR502AA_001_000616.1	eggnog	F-box LRR-repeat protein
Phum-OR502AA_001_000281.1	eggnog	F-box LRR-repeat protein
Phum-OR502AA_001_000615.1	eggnog	F-box LRR-repeat protein
Phum-OR502AA_001_000282.1	eggnog	F-box LRR-repeat protein
Phum-OR502AA_001_000614.1	eggnog	Domain with 2 conserved Trp (W) residues
Phum-OR502AA_001_000283.1	eggnog	Ig-like domain from next to BRCA1 gene
Phum-OR502AA_001_000613.1	interproscan	G3DSA:3.30.310.10 domain-containing protein
Phum-OR502AA_001_000612.1	unannotated	Hypothetical protein of unknown function
Phum-OR502AA_001_000284.1	eggnog	DNA topoisomerase binding
Phum-OR502AA_001_000611.1	blastp	Homology to Peronospora effusa predicted protein CAI5703196.1
Phum-OR502AA_001_000285.1	eggnog	domain-containing protein
Phum-OR502AA_001_000610.1	unannotated	Hypothetical protein of unknown function
Phum-OR502AA_001_000609.1	eggnog	Domain in Tre-2, BUB2p, and Cdc16p
Phum-OR502AA_001_000608.1	eggnog	sequence-specific DNA binding
Phum-OR502AA_001_000607.1	eggnog	Phosphoglycerate mutase family
Phum-OR502AA_001_000606.1	eggnog	domain-containing protein
Phum-OR502AA_001_000605.1	eggnog	Rhomboid family
Phum-OR502AA_001_000286.1	interproscan	G3DSA:2.100.10.30 domain-containing protein
Phum-OR502AA_001_000604.1	interproscan	PTHR15430 domain-containing protein
Phum-OR502AA_001_000603.1	eggnog	domain-containing protein
Phum-OR502AA_001_000602.1	blastp	Homology to Phytophthora fragariaefolia predicted protein GMF58834.1
Phum-OR502AA_001_000287.1	blastp	Homology to Phytophthora aleatoria predicted protein KAG6962235.1
Phum-OR502AA_001_000601.1	eggnog	Protein similar to CwfJ C-terminus 1
Phum-OR502AA_001_000600.1	blastp	Homology to Phytophthora fragariae predicted protein KAE9101315.1
Phum-OR502AA_001_000288.1	blastp	Homology to Phytophthora cinnamomi predicted protein KAG6597768.1
Phum-OR502AA_001_000289.1	eggnog	Tetratricopeptide repeat
Phum-OR502AA_001_000599.1	blastp	Homology to Phytophthora cinnamomi predicted protein KAG6597768.1
Phum-OR502AA_001_000290.1	blastp	Homology to Phytophthora fragariae predicted protein KAE9101315.1
Phum-OR502AA_001_000291.1	eggnog	Protein similar to CwfJ C-terminus 1
Phum-OR502AA_001_000598.1	blastp	Homology to Phytophthora nicotianae predicted protein XP_008904519.1
Phum-OR502AA_001_000292.1	eggnog	Mitochondrial branched-chain alpha-ketoacid dehydrogenase kinase
Phum-OR502AA_001_000597.1	blastp	Homology to Phytophthora lilii predicted protein GMF29888.1
Phum-OR502AA_001_000596.1	eggnog	26S proteasome subunit RPN7
Phum-OR502AA_001_000293.1	eggnog	Tetratricopeptide repeat
Phum-OR502AA_001_000595.1	eggnog	Belongs to the TRAFAC class myosin-kinesin ATPase superfamily
Phum-OR502AA_001_000594.1	eggnog	domain-containing protein
Phum-OR502AA_001_000294.1	eggnog	domain-containing protein
Phum-OR502AA_001_000593.1	eggnog	domain-containing protein
Phum-OR502AA_001_000295.1	eggnog	Mechanosensitive ion channel
Phum-OR502AA_001_000296.1	eggnog	Mechanosensitive ion channel
Phum-OR502AA_001_000592.1	eggnog	Mechanosensitive ion channel
Phum-OR502AA_001_000297.1	eggnog	7 transmembrane receptor (Secretin family)
Phum-OR502AA_001_000591.1	blastp	Homology to Phytophthora nicotianae predicted protein XP_008904558.1
Phum-OR502AA_001_000590.1	eggnog	Autophagy-related protein 11
Phum-OR502AA_001_000589.1	eggnog	Broad-Complex, Tramtrack and Bric a brac
Phum-OR502AA_001_000298.1	eggnog	Belongs to the monovalent cation proton antiporter 1 (CPA1) transporter (TC 2.A.36) family
Phum-OR502AA_001_000299.1	eggnog	Phosphatidylinositol-4-phosphate 5-Kinase
Phum-OR502AA_001_000300.1	interproscan	PTHR31827 domain-containing protein
Phum-OR502AA_001_000588.1	blastp	Homology to Phytophthora cactorum predicted protein KAG3035867.1
Phum-OR502AA_001_000301.1	unannotated	Hypothetical protein of unknown function
Phum-OR502AA_001_000587.1	interproscan	PTHR13510 domain-containing protein
Phum-OR502AA_001_000586.1	unannotated	Hypothetical protein of unknown function
Phum-OR502AA_001_000585.1	interproscan	PTHR12670 domain-containing protein
Phum-OR502AA_001_000584.1	eggnog	Neutral/alkaline non-lysosomal ceramidase, C-terminal
Phum-OR502AA_001_000302.1	eggnog	Domain found in Dishevelled, Egl-10, and Pleckstrin
Phum-OR502AA_001_000583.1	eggnog	phosphatidylinositol dephosphorylation
Phum-OR502AA_001_000582.1	eggnog	Domain in cystathionine beta-synthase and other proteins
Phum-OR502AA_001_000303.1	blastp	Homology to Phytophthora nicotianae predicted protein XP_008904593.1
Phum-OR502AA_001_000581.1	eggnog	HCNGP-like protein
Phum-OR502AA_001_000580.1	unannotated	Hypothetical protein of unknown function
Phum-OR502AA_001_000304.1	eggnog	Tryptophan/tyrosine permease family
Phum-OR502AA_001_000579.1	eggnog	Sel1-like repeats
Phum-OR502AA_001_000305.1	eggnog	domain-containing protein
Phum-OR502AA_001_000306.1	eggnog	cellular component assembly
Phum-OR502AA_001_000307.1	blastp	Homology to Phytophthora aleatoria predicted protein KAG6977277.1
Phum-OR502AA_001_000578.1	blastp	Homology to Phytophthora aleatoria predicted protein KAG6977277.1
Phum-OR502AA_001_000577.1	eggnog	Tetratricopeptide repeat
Phum-OR502AA_001_000308.1	blastp	Homology to predicted protein KAH7500332.1
Phum-OR502AA_001_000576.1	blastp	Homology to Phytophthora fragariae predicted protein KAE8911419.1
Phum-OR502AA_001_000575.1	eggnog	domain-containing protein
Phum-OR502AA_001_000309.1	interproscan	PTHR35970 domain-containing protein
Phum-OR502AA_001_000574.1	eggnog	Beta-ketoacyl-acyl-carrier-protein synthase II
Phum-OR502AA_001_000573.1	unannotated	Hypothetical protein of unknown function
Phum-OR502AA_001_000310.1	eggnog	Scavenger mRNA decapping enzyme (DcpS) N-terminal
Phum-OR502AA_001_000572.1	unannotated	Hypothetical protein of unknown function
Phum-OR502AA_001_000571.1	eggnog	Scavenger mRNA decapping enzyme (DcpS) N-terminal
Phum-OR502AA_001_000311.1	unannotated	Hypothetical protein of unknown function
Phum-OR502AA_001_000312.1	eggnog	domain-containing protein
Phum-OR502AA_001_000313.1	eggnog	Glycosyltransferase Family 4
Phum-OR502AA_001_000570.1	eggnog	elongation factor-2 kinase activity
Phum-OR502AA_001_000569.1	eggnog	Eukaryotic translation initiation factor eIF2A
Phum-OR502AA_001_000314.1	eggnog	Catalyzes the hydrolysis of N-formyl-L-kynurenine to L- kynurenine, the second step in the kynurenine pathway of tryptophan degradation
Phum-OR502AA_001_000568.1	eggnog	Functions as component of the Arp2 3 complex which is involved in regulation of actin polymerization and together with an activating nucleation-promoting factor (NPF) mediates the formation of branched actin networks
Phum-OR502AA_001_000315.1	interproscan	PTHR13510 domain-containing protein
Phum-OR502AA_001_000567.1	eggnog	Phospholipase D Active site motif
Phum-OR502AA_001_000316.1	eggnog	Phospholipase D Active site motif
Phum-OR502AA_001_000566.1	interproscan	MSS51 C-terminal domain (PF20179)
Phum-OR502AA_001_000317.1	eggnog	Zinc-binding domain, present in Dystrophin, CREB-binding protein
Phum-OR502AA_001_000565.1	blastp	Homology to Peronospora farinosa predicted protein CAH0485538.1
Phum-OR502AA_001_000564.1	eggnog	Ubiquitin carboxyl-terminal hydrolase
Phum-OR502AA_001_000563.1	eggnog	HCNGP-like protein
Phum-OR502AA_001_000562.1	eggnog	Iron/zinc purple acid phosphatase-like protein C
Phum-OR502AA_001_000318.1	eggnog	domain-containing protein
Phum-OR502AA_001_000561.1	eggnog	Peptidase family M28
Phum-OR502AA_001_000560.1	unannotated	Hypothetical protein of unknown function
Phum-OR502AA_001_000319.1	unannotated	Hypothetical protein of unknown function
Phum-OR502AA_001_000559.1	eggnog	Phosphatidylinositol 3- and 4-kinase
Phum-OR502AA_001_000320.1	eggnog	Phosphatidylinositol 3- and 4-kinase
Phum-OR502AA_001_000558.1	unannotated	Hypothetical protein of unknown function
Phum-OR502AA_001_000321.1	unannotated	Hypothetical protein of unknown function
Phum-OR502AA_001_000557.1	eggnog	Phosphatidylinositol 3- and 4-kinase
Phum-OR502AA_001_000322.1	eggnog	Phosphatidylinositol 3- and 4-kinase
Phum-OR502AA_001_000323.1	eggnog	domain-containing protein
Phum-OR502AA_001_000556.1	eggnog	domain-containing protein
Phum-OR502AA_001_000555.1	blastp	Homology to predicted protein KAH7500298.1
Phum-OR502AA_001_000324.1	eggnog	spectrin binding
Phum-OR502AA_001_000554.1	eggnog	domain-containing protein
Phum-OR502AA_001_000325.1	eggnog	Mitochondrial carrier protein
Phum-OR502AA_001_000326.1	eggnog	Enoyl-CoA hydratase/isomerase
Phum-OR502AA_001_000553.1	interproscan	PTHR12092 domain-containing protein
Phum-OR502AA_001_000327.1	eggnog	Nup93/Nic96
Phum-OR502AA_001_000552.1	blastp	Homology to Peronospora effusa predicted protein RQM14038.1
Phum-OR502AA_001_000328.1	eggnog	domain-containing protein
Phum-OR502AA_001_000329.1	blastp	Homology to Peronospora belbahrii predicted protein CAH0520038.1
Phum-OR502AA_001_000551.1	blastp	Homology to Phytophthora aleatoria predicted protein KAG6977244.1
Phum-OR502AA_001_000330.1	eggnog	ATP-NAD kinase
Phum-OR502AA_001_000550.1	eggnog	domain-containing protein
Phum-OR502AA_001_000331.1	blastp	Homology to Phytophthora pseudosyringae predicted protein KAG7389645.1
Phum-OR502AA_001_000332.1	eggnog	domain-containing protein
Phum-OR502AA_001_000333.1	eggnog	non-motile cilium assembly
Phum-OR502AA_001_000334.1	blastp	Homology to Peronospora destructor predicted protein CAI5733924.1
Phum-OR502AA_001_000549.1	eggnog	domain-containing protein
Phum-OR502AA_001_000335.1	eggnog	domain-containing protein
Phum-OR502AA_001_000548.1	blastp	Homology to Peronospora destructor predicted protein CAI5733924.1
Phum-OR502AA_001_000547.1	eggnog	non-motile cilium assembly
Phum-OR502AA_001_000546.1	eggnog	domain-containing protein
Phum-OR502AA_001_000336.1	eggnog	Leucine carboxyl methyltransferase
Phum-OR502AA_001_000337.1	eggnog	domain-containing protein
Phum-OR502AA_001_000545.1	eggnog	Serine aminopeptidase, S33
Phum-OR502AA_001_000544.1	eggnog	domain-containing protein
Phum-OR502AA_001_000543.1	eggnog	Protein-L-isoaspartate(D-aspartate) O-methyltransferase (PCMT)
Phum-OR502AA_001_000542.1	eggnog	cwf18 pre-mRNA splicing factor
Phum-OR502AA_001_000541.1	interproscan	PTHR31827 domain-containing protein
Phum-OR502AA_001_000338.1	interproscan	PTHR31827 domain-containing protein
Phum-OR502AA_001_000339.1	eggnog	cwf18 pre-mRNA splicing factor
Phum-OR502AA_001_000540.1	eggnog	domain-containing protein
Phum-OR502AA_001_000340.1	eggnog	Belongs to the major facilitator superfamily
Phum-OR502AA_001_000539.1	eggnog	Sjogren's syndrome/scleroderma autoantigen 1 (Autoantigen p27)
Phum-OR502AA_001_000341.1	eggnog	histone dephosphorylation
Phum-OR502AA_001_000342.1	eggnog	histone dephosphorylation
Phum-OR502AA_001_000538.1	eggnog	peptidyl-prolyl cis-trans isomerase activity
Phum-OR502AA_001_000537.1	eggnog	AAA domain (Cdc48 subfamily)
Phum-OR502AA_001_000343.1	eggnog	Amino acid permease
Phum-OR502AA_001_000344.1	eggnog	Amino acid permease
Phum-OR502AA_001_000536.1	eggnog	Type III restriction enzyme, res subunit
Phum-OR502AA_001_000345.1	eggnog	Microtubule binding
Phum-OR502AA_001_000346.1	eggnog	Microtubule binding
Phum-OR502AA_001_000535.1	eggnog	domain-containing protein
Phum-OR502AA_001_000347.1	eggnog	domain-containing protein
Phum-OR502AA_001_000534.1	eggnog	muscle structure development
Phum-OR502AA_001_000533.1	eggnog	Tryptophan synthase alpha chain
Phum-OR502AA_001_000532.1	eggnog	Transcription factor Tfb4
Phum-OR502AA_001_000348.1	blastp	Homology to Peronospora farinosa predicted protein CAH0485486.1
Phum-OR502AA_001_000349.1	interproscan	PTHR13359 domain-containing protein
Phum-OR502AA_001_000531.1	eggnog	CG-1
Phum-OR502AA_001_000350.1	interproscan	PTHR37558 domain-containing protein
Phum-OR502AA_001_000351.1	blastp	Homology to Phytophthora cactorum predicted protein KAG2769525.1
Phum-OR502AA_001_000530.1	eggnog	domain-containing protein
Phum-OR502AA_001_000352.1	eggnog	NRDE-2, necessary for RNA interference, domain containing
Phum-OR502AA_001_000353.1	eggnog	Major Facilitator Superfamily
Phum-OR502AA_001_000354.1	eggnog	domain-containing protein
Phum-OR502AA_001_000529.1	eggnog	Prolyl 4-hydroxylase alpha subunit homologues
Phum-OR502AA_001_000355.1	blastp	Homology to Phytophthora capsici predicted protein KAG1711177.1
Phum-OR502AA_001_000528.1	eggnog	Belongs to the TRAFAC class myosin-kinesin ATPase superfamily
Phum-OR502AA_001_000527.1	eggnog	Insulinase (Peptidase family M16)
Phum-OR502AA_001_000356.1	eggnog	domain-containing protein
Phum-OR502AA_001_000357.1	eggnog	domain-containing protein
Phum-OR502AA_001_000358.1	eggnog	Phosphotransferase enzyme family
Phum-OR502AA_001_000359.1	eggnog	PPR repeat
Phum-OR502AA_001_000360.1	blastp	Homology to Peronospora farinosa predicted protein CAH0490316.1
Phum-OR502AA_001_000526.1	eggnog	domain-containing protein
Phum-OR502AA_001_000525.1	eggnog	Belongs to the histidine acid phosphatase family
Phum-OR502AA_001_000524.1	eggnog	domain-containing protein
Phum-OR502AA_001_000523.1	eggnog	Belongs to the histidine acid phosphatase family
Phum-OR502AA_001_000361.1	eggnog	Belongs to the TRAFAC class myosin-kinesin ATPase superfamily
Phum-OR502AA_001_000522.1	eggnog	Protein tyrosine kinase
Phum-OR502AA_001_000521.1	eggnog	Histone acetyl transferase HAT1 N-terminus
Phum-OR502AA_001_000362.1	eggnog	Calcium-activated BK potassium channel alpha subunit
Phum-OR502AA_001_000520.1	eggnog	Domain of unknown function (DUF2431)
Phum-OR502AA_001_000363.1	eggnog	Belongs to the TRAFAC class dynamin-like GTPase superfamily
Phum-OR502AA_001_000519.1	interproscan	PTHR12297 domain-containing protein
Phum-OR502AA_001_000364.1	blastp	Homology to Phytophthora citrophthora predicted protein KAK1945249.1
Phum-OR502AA_001_000365.1	eggnog	mRNA splicing, via spliceosome (WDR25)
Phum-OR502AA_001_000518.1	eggnog	Tetratricopeptide repeat
Phum-OR502AA_001_000366.1	eggnog	Ribosomal protein L7Ae/L30e/S12e/Gadd45 family
Phum-OR502AA_001_000517.1	eggnog	Choline/ethanolamine kinase
Phum-OR502AA_001_000516.1	eggnog	Allantoicase repeat
Phum-OR502AA_001_000367.1	eggnog	Presenilin
Phum-OR502AA_001_000515.1	eggnog	DNA topoisomerase type II (ATP-hydrolyzing) activity
Phum-OR502AA_001_000514.1	eggnog	Proteasome subunit A N-terminal signature Add an annotation
Phum-OR502AA_001_000513.1	eggnog	domain-containing protein
Phum-OR502AA_001_000512.1	eggnog	domain-containing protein
Phum-OR502AA_001_000368.1	eggnog	Metal dependent phosphohydrolases with conserved 'HD' motif
Phum-OR502AA_001_000369.1	eggnog	Pyrimidine 5'-nucleotidase (UMPH-1)
Phum-OR502AA_001_000511.1	eggnog	domain-containing protein
Phum-OR502AA_001_000370.1	eggnog	RNA recognition motif
Phum-OR502AA_001_000510.1	eggnog	C-terminal regulatory domain of Threonine dehydratase
Phum-OR502AA_001_000371.1	unannotated	Hypothetical protein of unknown function
Phum-OR502AA_001_000509.1	eggnog	domain-containing protein
Phum-OR502AA_001_000508.1	blastp	Homology to Phytophthora aleatoria predicted protein KAG6977420.1
Phum-OR502AA_001_000507.1	eggnog	structural constituent of cytoskeleton
Phum-OR502AA_001_000372.1	eggnog	Mitochondrial biogenesis AIM24
Phum-OR502AA_001_000373.1	eggnog	microtubule motor activity
Phum-OR502AA_001_000506.1	eggnog	AMMECR1
Phum-OR502AA_001_000505.1	interproscan	PTHR31827 domain-containing protein
Phum-OR502AA_001_000374.1	interproscan	PTHR31827 domain-containing protein
Phum-OR502AA_001_000375.1	eggnog	ALIX V-shaped domain binding to HIV
Phum-OR502AA_001_000376.1	interproscan	PTHR31827 domain-containing protein
Phum-OR502AA_001_000377.1	eggnog	Catalyzes the rate-limiting step of the oxidative pentose-phosphate pathway, which represents a route for the dissimilation of carbohydrates besides glycolysis
Phum-OR502AA_001_000378.1	eggnog	Putative methyltransferase
Phum-OR502AA_001_000504.1	eggnog	Peroxin-3
Phum-OR502AA_001_000379.1	eggnog	N-terminal conserved domain of Nudc
Phum-OR502AA_001_000503.1	eggnog	EMG1/NEP1 methyltransferase
Phum-OR502AA_001_000380.1	eggnog	zinc ion binding
Phum-OR502AA_001_000502.1	eggnog	domain-containing protein
Phum-OR502AA_001_000501.1	blastp	Homology to Phytophthora cactorum predicted protein KAG2764811.1
Phum-OR502AA_001_000381.1	eggnog	domain-containing protein
Phum-OR502AA_001_000500.1	interproscan	PTHR32387 domain-containing protein
Phum-OR502AA_001_000499.1	eggnog	domain-containing protein
Phum-OR502AA_001_000382.1	eggnog	endonuclease activity
Phum-OR502AA_001_000498.1	eggnog	Chromosome segregation protein Spc25
Phum-OR502AA_001_000497.1	eggnog	protein transport to vacuole involved in ubiquitin-dependent protein catabolic process via the multivesicular body sorting pathway
Phum-OR502AA_001_000383.1	unannotated	Hypothetical protein of unknown function
Phum-OR502AA_001_000496.1	unannotated	Hypothetical protein of unknown function
Phum-OR502AA_001_000495.1	unannotated	Hypothetical protein of unknown function
Phum-OR502AA_001_000494.1	unannotated	Hypothetical protein of unknown function
Phum-OR502AA_001_000493.1	unannotated	Hypothetical protein of unknown function
Phum-OR502AA_001_000384.1	eggnog	protein transport to vacuole involved in ubiquitin-dependent protein catabolic process via the multivesicular body sorting pathway
Phum-OR502AA_001_000385.1	eggnog	HECT-domain (ubiquitin-transferase)
Phum-OR502AA_001_000386.1	blastp	Homology to Phytophthora fragariae;Phytophthora rubi predicted protein KAE8935973.1
Phum-OR502AA_001_000492.1	eggnog	HECT-domain (ubiquitin-transferase)
Phum-OR502AA_001_000491.1	eggnog	HECT-domain (ubiquitin-transferase)
Phum-OR502AA_001_000490.1	blastp	Homology to Phytophthora infestans predicted protein XP_002902461.1
Phum-OR502AA_001_000387.1	eggnog	Links covalently the heme group to the apoprotein of cytochrome c
Phum-OR502AA_001_000388.1	eggnog	Belongs to the TRAFAC class myosin-kinesin ATPase superfamily
Phum-OR502AA_001_000489.1	eggnog	Domain of unknown function (DUF1772)
Phum-OR502AA_001_000389.1	interproscan	DD_C11orf49 (cd22959)
Phum-OR502AA_001_000390.1	eggnog	Protein tyrosine kinase
Phum-OR502AA_001_000391.1	eggnog	Putative DNA-binding (bihelical) motif predicted to be involved in chromosomal organisation
Phum-OR502AA_001_000392.1	eggnog	domain-containing protein
Phum-OR502AA_001_000393.1	eggnog	DJ-1/PfpI family
Phum-OR502AA_001_000488.1	blastp	Homology to Phytophthora pseudosyringae predicted protein KAG7391918.1
Phum-OR502AA_001_000487.1	blastp	Homology to Phytophthora nicotianae predicted protein XP_008910331.1
Phum-OR502AA_001_000394.1	eggnog	domain-containing protein
Phum-OR502AA_001_000486.1	eggnog	domain-containing protein
Phum-OR502AA_001_000485.1	eggnog	domain-containing protein
Phum-OR502AA_001_000395.1	blastp	Homology to Phytophthora megakarya predicted protein OWZ23362.1
Phum-OR502AA_001_000396.1	eggnog	Copine
Phum-OR502AA_001_000484.1	interproscan	PTHR31827 domain-containing protein
Phum-OR502AA_001_000483.1	eggnog	Protein tyrosine kinase
Phum-OR502AA_001_000482.1	interproscan	PTHR34252 domain-containing protein
Phum-OR502AA_001_000397.1	eggnog	Cytidylyltransferase-like
Phum-OR502AA_001_000481.1	eggnog	domain-containing protein
Phum-OR502AA_001_000480.1	eggnog	Phosphoglycerate kinase
Phum-OR502AA_001_000479.1	eggnog	cellular response to glucose starvation
Phum-OR502AA_001_000398.1	eggnog	axoneme assembly
Phum-OR502AA_001_000399.1	blastp	Homology to Phytophthora capsici predicted protein KAG1699478.1
Phum-OR502AA_001_000400.1	eggnog	Cytidylyltransferase-like
Phum-OR502AA_001_000478.1	unannotated	Hypothetical protein of unknown function
Phum-OR502AA_001_000401.1	unannotated	Hypothetical protein of unknown function
Phum-OR502AA_001_000402.1	blastp	Homology to Peronospora effusa predicted protein RMX70429.1
Phum-OR502AA_001_000403.1	eggnog	Copine
Phum-OR502AA_001_000477.1	blastp	Homology to Peronospora effusa predicted protein RMX70429.1
Phum-OR502AA_001_000404.1	unannotated	Hypothetical protein of unknown function
Phum-OR502AA_001_000476.1	eggnog	Copine
Phum-OR502AA_001_000475.1	eggnog	Coiled-coil domain containing 148 (CCDC148)
Phum-OR502AA_001_000474.1	eggnog	Clathrin adaptor complex small chain
Phum-OR502AA_001_000405.1	blastp	Homology to Lagenidium giganteum predicted protein AOW41675.1
Phum-OR502AA_001_000406.1	eggnog	BolA-like protein
Phum-OR502AA_001_000407.1	eggnog	Sugar (and other) transporter
Phum-OR502AA_001_000408.1	eggnog	DNA / pantothenate metabolism flavoprotein
Phum-OR502AA_001_000473.1	eggnog	BolA-like protein
Phum-OR502AA_001_000409.1	unannotated	Hypothetical protein of unknown function
Phum-OR502AA_001_000410.1	eggnog	Clathrin adaptor complex small chain
Phum-OR502AA_001_000411.1	eggnog	Coiled-coil domain containing 148. Source PGD
Phum-OR502AA_001_000412.1	blastp	Homology to Phytophthora sojae predicted protein XP_009530023.1
Phum-OR502AA_001_000413.1	eggnog	RING-like zinc finger
Phum-OR502AA_001_000414.1	eggnog	RING-like zinc finger
Phum-OR502AA_001_000472.1	eggnog	UTP--glucose-1-phosphate uridylyltransferase
Phum-OR502AA_001_000415.1	eggnog	Serine carboxypeptidase S28
Phum-OR502AA_001_000416.1	eggnog	Oligosaccharyltransferase subunit Ribophorin II
Phum-OR502AA_001_000417.1	eggnog	Rho guanyl-nucleotide exchange factor activity (FARP1)
Phum-OR502AA_001_000418.1	blastp	Homology to Phytophthora citrophthora predicted protein KAK1945352.1
Phum-OR502AA_001_000419.1	eggnog	Pre-rRNA-processing protein TSR2
Phum-OR502AA_001_000471.1	eggnog	Ku C terminal domain like
Phum-OR502AA_001_000420.1	eggnog	domain-containing protein
Phum-OR502AA_001_000470.1	eggnog	Endonuclease/Exonuclease/phosphatase family
Phum-OR502AA_001_000421.1	eggnog	domain-containing protein
Phum-OR502AA_001_000469.1	eggnog	Uncharacterized conserved domain (SAYSvFN)
Phum-OR502AA_001_000422.1	blastp	Homology to Phytophthora lilii predicted protein GMF11382.1
Phum-OR502AA_001_000423.1	eggnog	Endonuclease/Exonuclease/phosphatase family
Phum-OR502AA_001_000424.1	blastp	Homology to Phytophthora fragariaefolia predicted protein GMF47114.1
Phum-OR502AA_001_000425.1	eggnog	Short calmodulin-binding motif containing conserved Ile and Gln residues
Phum-OR502AA_001_000468.1	unannotated	Hypothetical protein of unknown function
Phum-OR502AA_001_000467.1	unannotated	Hypothetical protein of unknown function
Phum-OR502AA_001_000426.1	blastp	Homology to Peronospora destructor predicted protein CAI5737804.1
Phum-OR502AA_001_000427.1	interproscan	PTHR33802 domain-containing protein
Phum-OR502AA_001_000466.1	eggnog	WD domain, G-beta repeat
Phum-OR502AA_001_000428.1	eggnog	N-terminal domain of CBF1 interacting co-repressor CIR
Phum-OR502AA_001_000465.1	interproscan	PTHR33802 domain-containing protein
Phum-OR502AA_001_000464.1	interproscan	PTHR33802 domain-containing protein
Phum-OR502AA_001_000463.1	interproscan	PTHR33802 domain-containing protein
Phum-OR502AA_001_000462.1	blastp	Homology to Peronospora destructor predicted protein CAI5737804.1
Phum-OR502AA_001_000429.1	unannotated	Hypothetical protein of unknown function
Phum-OR502AA_001_000461.1	blastp	Homology to Peronospora destructor predicted protein CAI5737804.1
Phum-OR502AA_001_000430.1	blastp	Homology to Peronospora destructor predicted protein CAI5737804.1
Phum-OR502AA_001_000431.1	blastp	Homology to Peronospora farinosa predicted protein CAH0490052.1
Phum-OR502AA_001_000460.1	eggnog	PhoP regulatory network protein YrbL
Phum-OR502AA_001_000432.1	eggnog	Cytidylyltransferase family
Phum-OR502AA_001_000459.1	eggnog	DJ-1/PfpI family
Phum-OR502AA_001_000433.1	eggnog	DJ-1/PfpI family
Phum-OR502AA_001_000434.1	unannotated	Hypothetical protein of unknown function
Phum-OR502AA_001_000435.1	eggnog	cellular calcium ion homeostasis
Phum-OR502AA_001_000436.1	eggnog	CW-type Zinc Finger
Phum-OR502AA_001_000458.1	eggnog	domain-containing protein
Phum-OR502AA_001_000437.1	blastp	Homology to Phytophthora capsici predicted protein KAG1699415.1
Phum-OR502AA_001_000438.1	eggnog	Uncharacterized conserved domain (SAYSvFN)
Phum-OR502AA_001_000457.1	eggnog	cellular calcium ion homeostasis
Phum-OR502AA_001_000439.1	unannotated	Hypothetical protein of unknown function
Phum-OR502AA_001_000440.1	eggnog	NDK
Phum-OR502AA_001_000456.1	eggnog	CW-type Zinc Finger
Phum-OR502AA_001_000455.1	interproscan	PTHR28618 domain-containing protein
Phum-OR502AA_001_000454.1	eggnog	Vacuolar protein sorting-associated protein
Phum-OR502AA_001_000441.1	eggnog	CW-type Zinc Finger
Phum-OR502AA_001_000442.1	eggnog	Gamma-glutamyl cyclotransferase, AIG2-like
Phum-OR502AA_001_000453.1	eggnog	tRNA synthetases class I (W and Y)
Phum-OR502AA_001_000452.1	eggnog	NDK
Phum-OR502AA_001_000443.1	blastp	Homology to Phytophthora cactorum;Phytophthora aleatoria predicted protein KAG2762062.1
Phum-OR502AA_001_000444.1	eggnog	domain-containing protein
Phum-OR502AA_001_000451.1	eggnog	Sperm-tail PG-rich repeat
Phum-OR502AA_001_000445.1	eggnog	CCT motif
Phum-OR502AA_001_000446.1	eggnog	Nse1 non-SMC component of SMC5-6 complex
Phum-OR502AA_001_000450.1	eggnog	Protein of unknown function (DUF498/DUF598)
Phum-OR502AA_001_000447.1	unannotated	Hypothetical protein of unknown function
Phum-OR502AA_001_000448.1	eggnog	MafB19-like deaminase
Phum-OR502AA_001_000449.1	eggnog	Methylates the 2'-O-ribose of nucleotides at positions 32 and 34 of the tRNA anticodon loop of substrate tRNAs
Phum-OR502AA_002_000001.1	eggnog	Polyprotein. Source PGD
Phum-OR502AA_002_000002.1	blastp	Homology to Peronospora effusa predicted protein CAI5721725.1
Phum-OR502AA_002_000877.1	eggnog	transferase activity, transferring hexosyl groups
Phum-OR502AA_002_000003.1	interproscan	PTHR21694 domain-containing protein
Phum-OR502AA_002_000876.1	eggnog	Adenosine/AMP deaminase
Phum-OR502AA_002_000875.1	eggnog	calcium ion export across plasma membrane
Phum-OR502AA_002_000004.1	eggnog	Transmembrane amino acid transporter protein
Phum-OR502AA_002_000874.1	eggnog	basic region leucin zipper
Phum-OR502AA_002_000873.1	eggnog	calcium ion export across plasma membrane
Phum-OR502AA_002_000005.1	eggnog	domain-containing protein
Phum-OR502AA_002_000872.1	eggnog	spectrin binding
Phum-OR502AA_002_000006.1	eggnog	Mitochondrial carrier protein
Phum-OR502AA_002_000871.1	blastp	Homology to Phytophthora rubi predicted protein KAE9043968.1
Phum-OR502AA_002_000007.1	eggnog	spectrin binding
Phum-OR502AA_002_000870.1	eggnog	domain-containing protein
Phum-OR502AA_002_000869.1	eggnog	Splits internally a 1,3-beta-glucan molecule and transfers the newly generated reducing end (the donor) to the non- reducing end of another 1,3-beta-glucan molecule (the acceptor) forming a 1,3-beta linkage, resulting in the elongation of 1,3- beta-glucan chains in the cell wall
Phum-OR502AA_002_000008.1	eggnog	Splits internally a 1,3-beta-glucan molecule and transfers the newly generated reducing end (the donor) to the non- reducing end of another 1,3-beta-glucan molecule (the acceptor) forming a 1,3-beta linkage, resulting in the elongation of 1,3- beta-glucan chains in the cell wall
Phum-OR502AA_002_000868.1	eggnog	domain-containing protein
Phum-OR502AA_002_000009.1	blastp	Homology to Peronospora farinosa predicted protein CAI5712037.1
Phum-OR502AA_002_000010.1	unannotated	Hypothetical protein of unknown function
Phum-OR502AA_002_000011.1	eggnog	copper transporter
Phum-OR502AA_002_000867.1	eggnog	copper transporter
Phum-OR502AA_002_000866.1	blastp	Homology to Hyaloperonospora brassicae predicted protein CAI5736800.1
Phum-OR502AA_002_000012.1	eggnog	Shugoshin C terminus
Phum-OR502AA_002_000865.1	eggnog	Lipopolysaccharide kinase (Kdo/WaaP) family
Phum-OR502AA_002_000013.1	eggnog	Lipopolysaccharide kinase (Kdo/WaaP) family
Phum-OR502AA_002_000014.1	blastp	Homology to Phytophthora pseudosyringae predicted protein KAG7386189.1
Phum-OR502AA_002_000015.1	eggnog	DUF1767
Phum-OR502AA_002_000864.1	eggnog	domain-containing protein
Phum-OR502AA_002_000016.1	eggnog	Catalyzes the formation of S-adenosylmethionine from methionine and ATP
Phum-OR502AA_002_000863.1	blastp	Homology to Phytophthora pseudosyringae predicted protein KAG7386194.1
Phum-OR502AA_002_000017.1	eggnog	domain-containing protein
Phum-OR502AA_002_000018.1	eggnog	domain-containing protein
Phum-OR502AA_002_000019.1	blastp	Homology to Peronospora farinosa predicted protein CAI5731265.1
Phum-OR502AA_002_000862.1	eggnog	Lysin motif
Phum-OR502AA_002_000020.1	eggnog	chitinase activity
Phum-OR502AA_002_000861.1	eggnog	Trehalose-phosphatase
Phum-OR502AA_002_000860.1	eggnog	Phosphorylase superfamily
Phum-OR502AA_002_000859.1	interproscan	G3DSA:3.30.530.20 domain-containing protein
Phum-OR502AA_002_000021.1	eggnog	Phosphorylase superfamily
Phum-OR502AA_002_000022.1	eggnog	Trehalose-phosphatase
Phum-OR502AA_002_000858.1	eggnog	chitinase activity
Phum-OR502AA_002_000023.1	interproscan	G3DSA:3.30.530.20 domain-containing protein
Phum-OR502AA_002_000024.1	eggnog	Binding domain of DNA repair protein Ercc1 (rad10/Swi10)
Phum-OR502AA_002_000857.1	unannotated	Hypothetical protein of unknown function
Phum-OR502AA_002_000856.1	eggnog	Ctr copper transporter family
Phum-OR502AA_002_000025.1	eggnog	Ctr copper transporter family
Phum-OR502AA_002_000855.1	eggnog	Trehalose-phosphatase
Phum-OR502AA_002_000026.1	eggnog	Necrosis inducing protein (NPP1)
Phum-OR502AA_002_000027.1	eggnog	chitinase activity
Phum-OR502AA_002_000854.1	interproscan	PTHR37984 domain-containing protein
Phum-OR502AA_002_000028.1	interproscan	PTHR43102 domain-containing protein
Phum-OR502AA_002_000853.1	eggnog	Sodium/calcium exchanger protein
Phum-OR502AA_002_000029.1	eggnog	Sodium/calcium exchanger protein
Phum-OR502AA_002_000852.1	interproscan	PTHR43102 domain-containing protein
Phum-OR502AA_002_000030.1	eggnog	chitinase activity
Phum-OR502AA_002_000851.1	eggnog	Trehalose-phosphatase
Phum-OR502AA_002_000031.1	eggnog	Necrosis inducing protein (NPP1)
Phum-OR502AA_002_000032.1	eggnog	Necrosis inducing protein (NPP1)
Phum-OR502AA_002_000033.1	eggnog	domain-containing protein
Phum-OR502AA_002_000034.1	eggnog	PCRF
Phum-OR502AA_002_000850.1	eggnog	Diacylglycerol kinase accessory domain (presumed)
Phum-OR502AA_002_000035.1	eggnog	ubiquitin-like protein transferase activity
Phum-OR502AA_002_000036.1	eggnog	Diacylglycerol kinase accessory domain (presumed)
Phum-OR502AA_002_000037.1	eggnog	Complex1_LYR-like
Phum-OR502AA_002_000849.1	blastp	Homology to Phytophthora sojae predicted protein XP_009526892.1
Phum-OR502AA_002_000848.1	eggnog	Vacuolar protein sorting protein 11 C terminal
Phum-OR502AA_002_000038.1	eggnog	Vacuolar protein sorting protein 11 C terminal
Phum-OR502AA_002_000039.1	blastp	Homology to Phytophthora sojae predicted protein XP_009526892.1
Phum-OR502AA_002_000847.1	eggnog	Complex1_LYR-like
Phum-OR502AA_002_000040.1	eggnog	Domain of unknown function (DUF4200)
Phum-OR502AA_002_000041.1	eggnog	Ubiquitin-conjugating enzyme E2, catalytic domain homologues
Phum-OR502AA_002_000042.1	eggnog	Phosphoglycerate mutase family
Phum-OR502AA_002_000846.1	interproscan	G3DSA:1.25.40.10 domain-containing protein
Phum-OR502AA_002_000043.1	blastp	Homology to Phytophthora nicotianae predicted protein XP_008902402.1
Phum-OR502AA_002_000845.1	eggnog	Zinc-dependent metalloprotease
Phum-OR502AA_002_000844.1	eggnog	Removes the phosphate from trehalose 6-phosphate to produce free trehalose
Phum-OR502AA_002_000044.1	interproscan	PTHR36377 domain-containing protein
Phum-OR502AA_002_000843.1	eggnog	5' nucleotidase, deoxy (Pyrimidine), cytosolic type C protein (NT5C)
Phum-OR502AA_002_000045.1	eggnog	PhoX homologous domain, present in p47phox and p40phox
Phum-OR502AA_002_000842.1	eggnog	xenon atom binding
Phum-OR502AA_002_000046.1	eggnog	Choline/Carnitine o-acyltransferase
Phum-OR502AA_002_000047.1	eggnog	5' nucleotidase, deoxy (Pyrimidine), cytosolic type C protein (NT5C)
Phum-OR502AA_002_000841.1	interproscan	PTHR36377 domain-containing protein
Phum-OR502AA_002_000048.1	eggnog	Removes the phosphate from trehalose 6-phosphate to produce free trehalose
Phum-OR502AA_002_000840.1	eggnog	YjgF/chorismate_mutase-like, putative endoribonuclease
Phum-OR502AA_002_000049.1	eggnog	NAD(P)H quinone oxidoreductase, type IV
Phum-OR502AA_002_000839.1	eggnog	domain-containing protein
Phum-OR502AA_002_000838.1	eggnog	WD40 repeats
Phum-OR502AA_002_000050.1	blastp	Homology to Phytophthora pseudosyringae predicted protein KAG7386681.1
Phum-OR502AA_002_000837.1	eggnog	Ankyrin repeats (many copies)
Phum-OR502AA_002_000051.1	eggnog	Homocysteine S-methyltransferase
Phum-OR502AA_002_000836.1	eggnog	ankyrin repeats
Phum-OR502AA_002_000835.1	blastp	Homology to Phytophthora nicotianae predicted protein ETM51249.1
Phum-OR502AA_002_000834.1	eggnog	regulation of canonical Wnt signaling pathway involved in osteoblast differentiation
Phum-OR502AA_002_000052.1	eggnog	Vacuolar sorting protein 39 domain 1
Phum-OR502AA_002_000833.1	eggnog	domain-containing protein
Phum-OR502AA_002_000832.1	eggnog	domain-containing protein
Phum-OR502AA_002_000831.1	eggnog	RNA recognition motif
Phum-OR502AA_002_000053.1	eggnog	LEM3 (ligand-effect modulator 3) family / CDC50 family
Phum-OR502AA_002_000054.1	eggnog	cyclin-dependent protein serine/threonine kinase activity
Phum-OR502AA_002_000830.1	eggnog	domain-containing protein
Phum-OR502AA_002_000829.1	eggnog	Domain of unknown function (DUF4539)
Phum-OR502AA_002_000055.1	eggnog	Vacuolar protein sorting protein 11 C terminal
Phum-OR502AA_002_000828.1	interproscan	PTHR22538 domain-containing protein
Phum-OR502AA_002_000056.1	eggnog	domain-containing protein
Phum-OR502AA_002_000827.1	eggnog	domain-containing protein
Phum-OR502AA_002_000826.1	interproscan	G3DSA:1.20.1270.60 domain-containing protein
Phum-OR502AA_002_000057.1	blastp	Homology to Phytophthora pseudosyringae predicted protein KAG7386706.1
Phum-OR502AA_002_000825.1	eggnog	PhoX homologous domain, present in p47phox and p40phox
Phum-OR502AA_002_000824.1	eggnog	Endonuclease that specifically degrades the RNA of RNA- DNA hybrids
Phum-OR502AA_002_000058.1	eggnog	domain-containing protein
Phum-OR502AA_002_000059.1	eggnog	Ribosomal protein L11 methyltransferase (PrmA)
Phum-OR502AA_002_000060.1	eggnog	domain-containing protein
Phum-OR502AA_002_000061.1	eggnog	domain-containing protein
Phum-OR502AA_002_000062.1	eggnog	ADP-ribosylation factor family
Phum-OR502AA_002_000823.1	eggnog	Tctex-1 family
Phum-OR502AA_002_000822.1	eggnog	Rab guanyl-nucleotide exchange factor activity
Phum-OR502AA_002_000063.1	eggnog	Domain Homologous to E6-AP Carboxyl Terminus with
Phum-OR502AA_002_000821.1	eggnog	Ring finger
Phum-OR502AA_002_000064.1	eggnog	Tctex-1 family
Phum-OR502AA_002_000820.1	eggnog	domain-containing protein
Phum-OR502AA_002_000065.1	interproscan	G3DSA:1.25.40.20 domain-containing protein
Phum-OR502AA_002_000819.1	eggnog	Histone H3
Phum-OR502AA_002_000818.1	eggnog	domain-containing protein
Phum-OR502AA_002_000817.1	eggnog	Belongs to the TRAFAC class TrmE-Era-EngA-EngB-Septin- like GTPase superfamily
Phum-OR502AA_002_000816.1	blastp	Homology to Phytophthora palmivora predicted protein POM69716.1
Phum-OR502AA_002_000066.1	unannotated	Hypothetical protein of unknown function
Phum-OR502AA_002_000815.1	eggnog	Proteasome assembly chaperone 3
Phum-OR502AA_002_000067.1	eggnog	Rab subfamily of small GTPases
Phum-OR502AA_002_000068.1	eggnog	Motif C-terminal to PAS motifs (likely to contribute to PAS structural domain)
Phum-OR502AA_002_000814.1	eggnog	E-Z type HEAT repeats
Phum-OR502AA_002_000813.1	eggnog	E-Z type HEAT repeats
Phum-OR502AA_002_000812.1	eggnog	PRELI-like family
Phum-OR502AA_002_000069.1	eggnog	Delta-aminolevulinic acid dehydratase
Phum-OR502AA_002_000070.1	eggnog	WHEP-TRS
Phum-OR502AA_002_000811.1	eggnog	polynucleotide adenylyltransferase activity
Phum-OR502AA_002_000810.1	eggnog	domain-containing protein
Phum-OR502AA_002_000809.1	blastp	Homology to Phytophthora megakarya predicted protein OWZ09115.1
Phum-OR502AA_002_000808.1	eggnog	Domain present in PSD-95, Dlg, and ZO-1/2
Phum-OR502AA_002_000071.1	eggnog	WD40 repeats
Phum-OR502AA_002_000072.1	eggnog	histone-lysine N-methyltransferase activity
Phum-OR502AA_002_000073.1	blastp	Homology to Phytophthora megakarya predicted protein OWZ23091.1
Phum-OR502AA_002_000074.1	eggnog	Acid phosphatase homologues
Phum-OR502AA_002_000807.1	eggnog	motor activity
Phum-OR502AA_002_000806.1	blastp	Homology to Phytophthora idaei predicted protein KAG3109702.1
Phum-OR502AA_002_000075.1	eggnog	nucleotide-sugar transmembrane transporter activity
Phum-OR502AA_002_000805.1	blastp	Homology to Phytophthora pseudosyringae predicted protein KAG7377716.1
Phum-OR502AA_002_000804.1	eggnog	Essential component of the cytosolic iron-sulfur (Fe S) protein assembly machinery
Phum-OR502AA_002_000076.1	eggnog	Homeodomain
Phum-OR502AA_002_000803.1	blastp	Homology to Phytophthora cactorum predicted protein KAG6966588.1
Phum-OR502AA_002_000077.1	blastp	Homology to Phytophthora cactorum predicted protein KAG2771378.1
Phum-OR502AA_002_000802.1	eggnog	Phosphate acyltransferases
Phum-OR502AA_002_000078.1	eggnog	domain-containing protein
Phum-OR502AA_002_000801.1	blastp	Homology to Phytophthora nicotianae predicted protein XP_008893713.1
Phum-OR502AA_002_000079.1	interproscan	PTHR35518 domain-containing protein
Phum-OR502AA_002_000800.1	blastp	Homology to Phytophthora pseudosyringae predicted protein KAG7381834.1
Phum-OR502AA_002_000799.1	interproscan	PTHR23164 domain-containing protein
Phum-OR502AA_002_000798.1	interproscan	PTHR23164 domain-containing protein
Phum-OR502AA_002_000080.1	eggnog	Ankyrin repeat
Phum-OR502AA_002_000081.1	interproscan	PTHR16306 domain-containing protein
Phum-OR502AA_002_000082.1	blastp	Homology to Phytophthora agathidicida predicted protein QMU24849.1
Phum-OR502AA_002_000797.1	interproscan	PTHR16306 domain-containing protein
Phum-OR502AA_002_000796.1	eggnog	Ankyrin repeat
Phum-OR502AA_002_000083.1	interproscan	PTHR23164 domain-containing protein
Phum-OR502AA_002_000084.1	unannotated	Hypothetical protein of unknown function
Phum-OR502AA_002_000085.1	interproscan	PTHR23164 domain-containing protein
Phum-OR502AA_002_000086.1	unannotated	Hypothetical protein of unknown function
Phum-OR502AA_002_000087.1	eggnog	domain-containing protein
Phum-OR502AA_002_000088.1	eggnog	Ankyrin repeat
Phum-OR502AA_002_000795.1	eggnog	The ARF-like 2 binding protein BART
Phum-OR502AA_002_000089.1	eggnog	Protein of unknown function (DUF726)
Phum-OR502AA_002_000794.1	eggnog	Frag1/DRAM/Sfk1 family
Phum-OR502AA_002_000090.1	blastp	Homology to Phytophthora pseudosyringae predicted protein KAG7376851.1
Phum-OR502AA_002_000793.1	blastp	Homology to Phytophthora pseudosyringae predicted protein KAG7376852.1
Phum-OR502AA_002_000792.1	eggnog	Leucine-rich repeat
Phum-OR502AA_002_000091.1	eggnog	domain-containing protein
Phum-OR502AA_002_000092.1	eggnog	PH domain associated with Beige/BEACH
Phum-OR502AA_002_000093.1	eggnog	116 kDa U5 small nuclear ribonucleoprotein component N-terminus
Phum-OR502AA_002_000791.1	eggnog	positive regulation of sensory perception of pain
Phum-OR502AA_002_000790.1	blastp	Homology to Phytophthora pseudosyringae predicted protein KAG7378663.1
Phum-OR502AA_002_000094.1	eggnog	domain-containing protein
Phum-OR502AA_002_000789.1	eggnog	Uncharacterized ACR, COG1678
Phum-OR502AA_002_000095.1	blastp	Homology to Phytophthora citrophthora predicted protein KAK1946030.1
Phum-OR502AA_002_000096.1	blastp	Homology to Phytophthora palmivora predicted protein POM79168.1
Phum-OR502AA_002_000788.1	eggnog	domain-containing protein
Phum-OR502AA_002_000787.1	eggnog	domain-containing protein
Phum-OR502AA_002_000786.1	blastp	Homology to Phytophthora nicotianae predicted protein ETP43680.1
Phum-OR502AA_002_000785.1	interproscan	SSF50978 domain-containing protein
Phum-OR502AA_002_000784.1	eggnog	domain-containing protein
Phum-OR502AA_002_000097.1	eggnog	TB2/DP1, HVA22 family
Phum-OR502AA_002_000098.1	eggnog	NMDA receptor-regulated protein 1
Phum-OR502AA_002_000099.1	eggnog	domain-containing protein
Phum-OR502AA_002_000783.1	eggnog	Homoserine dehydrogenase
Phum-OR502AA_002_000100.1	eggnog	EF hand
Phum-OR502AA_002_000782.1	blastp	Homology to Peronospora effusa predicted protein CAI5716561.1
Phum-OR502AA_002_000781.1	eggnog	calcium ion binding
Phum-OR502AA_002_000780.1	eggnog	Type III restriction enzyme, res subunit
Phum-OR502AA_002_000101.1	eggnog	domain-containing protein
Phum-OR502AA_002_000102.1	eggnog	dynein light chain binding
Phum-OR502AA_002_000103.1	blastp	Homology to Peronospora belbahrii predicted protein CAH0481754.1
Phum-OR502AA_002_000104.1	eggnog	Deoxyribonuclease II
Phum-OR502AA_002_000779.1	eggnog	domain-containing protein
Phum-OR502AA_002_000778.1	eggnog	SIT4 phosphatase-associated protein
Phum-OR502AA_002_000105.1	eggnog	domain-containing protein
Phum-OR502AA_002_000106.1	eggnog	domain-containing protein
Phum-OR502AA_002_000777.1	eggnog	May play a role in vesicular transport from endoplasmic reticulum to Golgi
Phum-OR502AA_002_000107.1	eggnog	Protein of unknown function (DUF3522)
Phum-OR502AA_002_000108.1	eggnog	fibronectin type III
Phum-OR502AA_002_000109.1	eggnog	fibronectin type III
Phum-OR502AA_002_000110.1	eggnog	fibronectin type III
Phum-OR502AA_002_000111.1	eggnog	fibronectin type III
Phum-OR502AA_002_000112.1	interproscan	PTHR31827 domain-containing protein
Phum-OR502AA_002_000776.1	eggnog	domain-containing protein
Phum-OR502AA_002_000113.1	eggnog	Leucine-rich repeat
Phum-OR502AA_002_000775.1	blastp	Homology to Phytophthora capsici predicted protein KAG1697055.1
Phum-OR502AA_002_000774.1	eggnog	Protein tyrosine kinase
Phum-OR502AA_002_000114.1	blastp	Homology to Peronospora effusa predicted protein CAI5716457.1
Phum-OR502AA_002_000115.1	eggnog	nicotinate phosphoribosyltransferase activity
Phum-OR502AA_002_000116.1	interproscan	PTHR22538 domain-containing protein
Phum-OR502AA_002_000773.1	eggnog	domain-containing protein
Phum-OR502AA_002_000117.1	eggnog	domain-containing protein
Phum-OR502AA_002_000772.1	eggnog	Nuclear segregation protein
Phum-OR502AA_002_000118.1	eggnog	Helicase associated domain (HA2) Add an annotation
Phum-OR502AA_002_000119.1	eggnog	cytochrome P450
Phum-OR502AA_002_000120.1	eggnog	ATPase activity, coupled to transmembrane movement of substances
Phum-OR502AA_002_000771.1	eggnog	cytochrome P450
Phum-OR502AA_002_000770.1	eggnog	microtubule nucleation by interphase microtubule organizing center
Phum-OR502AA_002_000769.1	eggnog	Translation initiation factor eIF3 subunit 135
Phum-OR502AA_002_000121.1	interproscan	PTHR40280 domain-containing protein
Phum-OR502AA_002_000122.1	eggnog	domain-containing protein
Phum-OR502AA_002_000768.1	blastp	Homology to Phytophthora cactorum predicted protein KAG3028386.1
Phum-OR502AA_002_000767.1	blastp	Homology to Peronospora belbahrii predicted protein CAH0481725.1
Phum-OR502AA_002_000766.1	unannotated	Hypothetical protein of unknown function
Phum-OR502AA_002_000765.1	eggnog	Peptidyl-tRNA hydrolase
Phum-OR502AA_002_000123.1	eggnog	Possible plasma membrane-binding motif in junctophilins, PIP-5-kinases and protein kinases
Phum-OR502AA_002_000764.1	eggnog	Cwf15/Cwc15 cell cycle control protein
Phum-OR502AA_002_000124.1	eggnog	domain-containing protein
Phum-OR502AA_002_000125.1	eggnog	intraciliary transport
Phum-OR502AA_002_000126.1	interproscan	PTHR12242 domain-containing protein
Phum-OR502AA_002_000763.1	eggnog	Ubiquitin-2 like Rad60 SUMO-like
Phum-OR502AA_002_000127.1	eggnog	Pfam:RRM_6
Phum-OR502AA_002_000762.1	eggnog	domain-containing protein
Phum-OR502AA_002_000128.1	eggnog	TatD related DNase
Phum-OR502AA_002_000761.1	eggnog	domain-containing protein
Phum-OR502AA_002_000129.1	eggnog	polyadenylation-dependent snoRNA 3'-end processing
Phum-OR502AA_002_000760.1	blastp	Homology to Phytophthora pseudosyringae predicted protein KAG7380290.1
Phum-OR502AA_002_000759.1	interproscan	PTHR15549 domain-containing protein
Phum-OR502AA_002_000130.1	eggnog	Major Facilitator Superfamily
Phum-OR502AA_002_000758.1	blastp	Homology to Peronospora belbahrii predicted protein CAH0481707.1
Phum-OR502AA_002_000131.1	eggnog	motor activity
Phum-OR502AA_002_000132.1	eggnog	Rab3 GTPase-activating protein regulatory subunit N-terminus
Phum-OR502AA_002_000757.1	eggnog	Belongs to the class I-like SAM-binding methyltransferase superfamily
Phum-OR502AA_002_000133.1	eggnog	Rab subfamily of small GTPases
Phum-OR502AA_002_000756.1	unannotated	Hypothetical protein of unknown function
Phum-OR502AA_002_000134.1	blastp	Homology to Peronospora effusa predicted protein CAI5716561.1
Phum-OR502AA_002_000755.1	unannotated	Hypothetical protein of unknown function
Phum-OR502AA_002_000135.1	blastp	Homology to Peronospora effusa predicted protein CAI5716561.1
Phum-OR502AA_002_000136.1	unannotated	Hypothetical protein of unknown function
Phum-OR502AA_002_000754.1	unannotated	Hypothetical protein of unknown function
Phum-OR502AA_002_000137.1	unannotated	Hypothetical protein of unknown function
Phum-OR502AA_002_000753.1	unannotated	Hypothetical protein of unknown function
Phum-OR502AA_002_000138.1	blastp	Homology to Peronospora effusa predicted protein UIZ29600.1
Phum-OR502AA_002_000139.1	unannotated	Hypothetical protein of unknown function
Phum-OR502AA_002_000752.1	unannotated	Hypothetical protein of unknown function
Phum-OR502AA_002_000140.1	blastp	Homology to Peronospora effusa predicted protein CAI5716561.1
Phum-OR502AA_002_000751.1	unannotated	Hypothetical protein of unknown function
Phum-OR502AA_002_000141.1	blastp	Homology to Peronospora effusa predicted protein CAI5716561.1
Phum-OR502AA_002_000750.1	unannotated	Hypothetical protein of unknown function
Phum-OR502AA_002_000142.1	blastp	Homology to Peronospora effusa predicted protein CAI5716561.1
Phum-OR502AA_002_000749.1	unannotated	Hypothetical protein of unknown function
Phum-OR502AA_002_000143.1	blastp	Homology to Peronospora effusa predicted protein UIZ29600.1
Phum-OR502AA_002_000748.1	unannotated	Hypothetical protein of unknown function
Phum-OR502AA_002_000144.1	blastp	Homology to Peronospora effusa predicted protein UIZ29600.1
Phum-OR502AA_002_000747.1	unannotated	Hypothetical protein of unknown function
Phum-OR502AA_002_000145.1	blastp	Homology to Peronospora effusa predicted protein UIZ29600.1
Phum-OR502AA_002_000746.1	unannotated	Hypothetical protein of unknown function
Phum-OR502AA_002_000146.1	blastp	Homology to Peronospora effusa predicted protein UIZ29600.1
Phum-OR502AA_002_000745.1	unannotated	Hypothetical protein of unknown function
Phum-OR502AA_002_000147.1	blastp	Homology to Peronospora effusa predicted protein UIZ29600.1
Phum-OR502AA_002_000744.1	unannotated	Hypothetical protein of unknown function
Phum-OR502AA_002_000148.1	blastp	Homology to Peronospora effusa predicted protein UIZ29600.1
Phum-OR502AA_002_000743.1	unannotated	Hypothetical protein of unknown function
Phum-OR502AA_002_000149.1	blastp	Homology to Peronospora effusa predicted protein UIZ29600.1
Phum-OR502AA_002_000742.1	unannotated	Hypothetical protein of unknown function
Phum-OR502AA_002_000150.1	blastp	Homology to Peronospora effusa predicted protein UIZ29600.1
Phum-OR502AA_002_000741.1	unannotated	Hypothetical protein of unknown function
Phum-OR502AA_002_000151.1	blastp	Homology to Peronospora effusa predicted protein UIZ29600.1
Phum-OR502AA_002_000740.1	unannotated	Hypothetical protein of unknown function
Phum-OR502AA_002_000152.1	blastp	Homology to Peronospora effusa predicted protein CAI5716561.1
Phum-OR502AA_002_000739.1	unannotated	Hypothetical protein of unknown function
Phum-OR502AA_002_000153.1	blastp	Homology to Peronospora effusa predicted protein CAI5716561.1
Phum-OR502AA_002_000738.1	unannotated	Hypothetical protein of unknown function
Phum-OR502AA_002_000154.1	blastp	Homology to Peronospora effusa predicted protein UIZ29600.1
Phum-OR502AA_002_000737.1	unannotated	Hypothetical protein of unknown function
Phum-OR502AA_002_000155.1	blastp	Homology to Peronospora effusa predicted protein UIZ29600.1
Phum-OR502AA_002_000736.1	unannotated	Hypothetical protein of unknown function
Phum-OR502AA_002_000156.1	blastp	Homology to Peronospora effusa predicted protein UIZ29600.1
Phum-OR502AA_002_000735.1	unannotated	Hypothetical protein of unknown function
Phum-OR502AA_002_000157.1	blastp	Homology to Peronospora effusa predicted protein UIZ29600.1
Phum-OR502AA_002_000734.1	unannotated	Hypothetical protein of unknown function
Phum-OR502AA_002_000158.1	blastp	Homology to Peronospora effusa predicted protein UIZ29600.1
Phum-OR502AA_002_000733.1	unannotated	Hypothetical protein of unknown function
Phum-OR502AA_002_000159.1	blastp	Homology to Peronospora effusa predicted protein UIZ29600.1
Phum-OR502AA_002_000732.1	unannotated	Hypothetical protein of unknown function
Phum-OR502AA_002_000160.1	blastp	Homology to Peronospora effusa predicted protein CAI5716561.1
Phum-OR502AA_002_000731.1	unannotated	Hypothetical protein of unknown function
Phum-OR502AA_002_000161.1	blastp	Homology to Peronospora effusa predicted protein CAI5716561.1
Phum-OR502AA_002_000730.1	unannotated	Hypothetical protein of unknown function
Phum-OR502AA_002_000162.1	blastp	Homology to Peronospora effusa predicted protein UIZ29600.1
Phum-OR502AA_002_000729.1	unannotated	Hypothetical protein of unknown function
Phum-OR502AA_002_000163.1	blastp	Homology to Peronospora effusa predicted protein UIZ29600.1
Phum-OR502AA_002_000728.1	unannotated	Hypothetical protein of unknown function
Phum-OR502AA_002_000164.1	blastp	Homology to Peronospora effusa predicted protein UIZ29600.1
Phum-OR502AA_002_000727.1	unannotated	Hypothetical protein of unknown function
Phum-OR502AA_002_000165.1	blastp	Homology to Peronospora effusa predicted protein UIZ29600.1
Phum-OR502AA_002_000726.1	unannotated	Hypothetical protein of unknown function
Phum-OR502AA_002_000166.1	blastp	Homology to Peronospora effusa predicted protein UIZ29600.1
Phum-OR502AA_002_000725.1	unannotated	Hypothetical protein of unknown function
Phum-OR502AA_002_000167.1	blastp	Homology to Peronospora effusa predicted protein UIZ29600.1
Phum-OR502AA_002_000724.1	unannotated	Hypothetical protein of unknown function
Phum-OR502AA_002_000168.1	blastp	Homology to Peronospora effusa predicted protein CAI5716561.1
Phum-OR502AA_002_000723.1	unannotated	Hypothetical protein of unknown function
Phum-OR502AA_002_000169.1	blastp	Homology to Peronospora effusa predicted protein UIZ29600.1
Phum-OR502AA_002_000722.1	unannotated	Hypothetical protein of unknown function
Phum-OR502AA_002_000170.1	blastp	Homology to Peronospora effusa predicted protein CAI5716561.1
Phum-OR502AA_002_000721.1	unannotated	Hypothetical protein of unknown function
Phum-OR502AA_002_000171.1	blastp	Homology to Peronospora effusa predicted protein CAI5716561.1
Phum-OR502AA_002_000720.1	unannotated	Hypothetical protein of unknown function
Phum-OR502AA_002_000172.1	blastp	Homology to Peronospora effusa predicted protein CAI5716561.1
Phum-OR502AA_002_000719.1	unannotated	Hypothetical protein of unknown function
Phum-OR502AA_002_000173.1	blastp	Homology to Peronospora effusa predicted protein UIZ29600.1
Phum-OR502AA_002_000718.1	unannotated	Hypothetical protein of unknown function
Phum-OR502AA_002_000174.1	blastp	Homology to Peronospora effusa predicted protein CAI5716561.1
Phum-OR502AA_002_000717.1	unannotated	Hypothetical protein of unknown function
Phum-OR502AA_002_000175.1	blastp	Homology to Peronospora effusa predicted protein CAI5716561.1
Phum-OR502AA_002_000716.1	unannotated	Hypothetical protein of unknown function
Phum-OR502AA_002_000176.1	blastp	Homology to Peronospora effusa predicted protein CAI5716561.1
Phum-OR502AA_002_000715.1	unannotated	Hypothetical protein of unknown function
Phum-OR502AA_002_000177.1	blastp	Homology to Peronospora effusa predicted protein CAI5716561.1
Phum-OR502AA_002_000714.1	unannotated	Hypothetical protein of unknown function
Phum-OR502AA_002_000178.1	blastp	Homology to Peronospora effusa predicted protein CAI5716561.1
Phum-OR502AA_002_000713.1	unannotated	Hypothetical protein of unknown function
Phum-OR502AA_002_000179.1	blastp	Homology to Peronospora effusa predicted protein CAI5716561.1
Phum-OR502AA_002_000712.1	unannotated	Hypothetical protein of unknown function
Phum-OR502AA_002_000180.1	blastp	Homology to Peronospora effusa predicted protein CAI5716561.1
Phum-OR502AA_002_000711.1	unannotated	Hypothetical protein of unknown function
Phum-OR502AA_002_000181.1	blastp	Homology to Peronospora effusa predicted protein CAI5716561.1
Phum-OR502AA_002_000710.1	unannotated	Hypothetical protein of unknown function
Phum-OR502AA_002_000182.1	blastp	Homology to Peronospora effusa predicted protein CAI5716561.1
Phum-OR502AA_002_000709.1	unannotated	Hypothetical protein of unknown function
Phum-OR502AA_002_000183.1	blastp	Homology to Peronospora effusa predicted protein CAI5716561.1
Phum-OR502AA_002_000708.1	unannotated	Hypothetical protein of unknown function
Phum-OR502AA_002_000184.1	blastp	Homology to Peronospora effusa predicted protein CAI5716561.1
Phum-OR502AA_002_000707.1	unannotated	Hypothetical protein of unknown function
Phum-OR502AA_002_000185.1	blastp	Homology to Peronospora effusa predicted protein CAI5716561.1
Phum-OR502AA_002_000706.1	unannotated	Hypothetical protein of unknown function
Phum-OR502AA_002_000186.1	blastp	Homology to Peronospora effusa predicted protein CAI5716561.1
Phum-OR502AA_002_000705.1	unannotated	Hypothetical protein of unknown function
Phum-OR502AA_002_000187.1	blastp	Homology to Peronospora effusa predicted protein CAI5716561.1
Phum-OR502AA_002_000704.1	unannotated	Hypothetical protein of unknown function
Phum-OR502AA_002_000188.1	blastp	Homology to Peronospora effusa predicted protein CAI5716561.1
Phum-OR502AA_002_000703.1	unannotated	Hypothetical protein of unknown function
Phum-OR502AA_002_000189.1	blastp	Homology to Peronospora effusa predicted protein CAI5716561.1
Phum-OR502AA_002_000702.1	unannotated	Hypothetical protein of unknown function
Phum-OR502AA_002_000190.1	blastp	Homology to Peronospora effusa predicted protein CAI5716561.1
Phum-OR502AA_002_000701.1	unannotated	Hypothetical protein of unknown function
Phum-OR502AA_002_000191.1	blastp	Homology to Peronospora effusa predicted protein CAI5716561.1
Phum-OR502AA_002_000700.1	unannotated	Hypothetical protein of unknown function
Phum-OR502AA_002_000192.1	blastp	Homology to Peronospora effusa predicted protein CAI5716561.1
Phum-OR502AA_002_000699.1	unannotated	Hypothetical protein of unknown function
Phum-OR502AA_002_000193.1	blastp	Homology to Peronospora effusa predicted protein CAI5716561.1
Phum-OR502AA_002_000698.1	unannotated	Hypothetical protein of unknown function
Phum-OR502AA_002_000194.1	blastp	Homology to Peronospora effusa predicted protein CAI5716561.1
Phum-OR502AA_002_000697.1	unannotated	Hypothetical protein of unknown function
Phum-OR502AA_002_000195.1	unannotated	Hypothetical protein of unknown function
Phum-OR502AA_002_000196.1	blastp	Homology to Peronospora effusa predicted protein CAI5716561.1
Phum-OR502AA_002_000696.1	unannotated	Hypothetical protein of unknown function
Phum-OR502AA_002_000197.1	unannotated	Hypothetical protein of unknown function
Phum-OR502AA_002_000198.1	blastp	Homology to Peronospora effusa predicted protein CAI5716561.1
Phum-OR502AA_002_000695.1	unannotated	Hypothetical protein of unknown function
Phum-OR502AA_002_000199.1	blastp	Homology to Peronospora effusa predicted protein CAI5716561.1
Phum-OR502AA_002_000694.1	unannotated	Hypothetical protein of unknown function
Phum-OR502AA_002_000200.1	blastp	Homology to Peronospora effusa predicted protein CAI5716561.1
Phum-OR502AA_002_000693.1	unannotated	Hypothetical protein of unknown function
Phum-OR502AA_002_000692.1	unannotated	Hypothetical protein of unknown function
Phum-OR502AA_002_000201.1	eggnog	Catalyzes the formation of 6,7-dimethyl-8- ribityllumazine by condensation of 5-amino-6-(D- ribitylamino)uracil with 3,4-dihydroxy-2-butanone 4-phosphate
Phum-OR502AA_002_000691.1	eggnog	inner dynein arm assembly
Phum-OR502AA_002_000202.1	eggnog	domain-containing protein
Phum-OR502AA_002_000690.1	eggnog	domain-containing protein
Phum-OR502AA_002_000203.1	eggnog	3'-5' exonuclease
Phum-OR502AA_002_000204.1	eggnog	domain-containing protein
Phum-OR502AA_002_000689.1	eggnog	Mannosyltransferase (PIG-M)
Phum-OR502AA_002_000688.1	eggnog	cilium movement involved in cell motility
Phum-OR502AA_002_000687.1	eggnog	assists the folding of proteins upon ATP hydrolysis
Phum-OR502AA_002_000205.1	eggnog	Squalene epoxidase
Phum-OR502AA_002_000206.1	eggnog	COPI associated protein
Phum-OR502AA_002_000686.1	eggnog	COPI associated protein
Phum-OR502AA_002_000685.1	interproscan	PTHR21694 domain-containing protein
Phum-OR502AA_002_000207.1	eggnog	domain-containing protein
Phum-OR502AA_002_000684.1	eggnog	CCAAT-Binding transcription Factor
Phum-OR502AA_002_000208.1	eggnog	Leucine Rich repeats (2 copies)
Phum-OR502AA_002_000683.1	eggnog	3' exoribonuclease family, domain 1
Phum-OR502AA_002_000209.1	interproscan	G3DSA:1.25.40.10 domain-containing protein
Phum-OR502AA_002_000682.1	eggnog	Mitochondrial carrier protein
Phum-OR502AA_002_000210.1	eggnog	Ribosomal protein L24e
Phum-OR502AA_002_000211.1	eggnog	Belongs to the class I-like SAM-binding methyltransferase superfamily
Phum-OR502AA_002_000681.1	eggnog	ASF1 like histone chaperone
Phum-OR502AA_002_000680.1	blastp	Homology to Phytophthora cinnamomi predicted protein KAG6623787.1
Phum-OR502AA_002_000679.1	eggnog	Transcription initiation factor IID, 18kD subunit
Phum-OR502AA_002_000212.1	eggnog	EF-hand domain pair
Phum-OR502AA_002_000678.1	eggnog	domain-containing protein
Phum-OR502AA_002_000213.1	eggnog	voltage-gated potassium channel activity
Phum-OR502AA_002_000677.1	unannotated	Hypothetical protein of unknown function
Phum-OR502AA_002_000676.1	eggnog	gag-polypeptide of LTR copia-type
Phum-OR502AA_002_000675.1	interproscan	G3DSA:1.20.120.1750 domain-containing protein
Phum-OR502AA_002_000674.1	eggnog	WD40 repeats
Phum-OR502AA_002_000673.1	eggnog	YrhK-like protein
Phum-OR502AA_002_000214.1	eggnog	Photosystem II 12 kDa extrinsic protein (PsbU)
Phum-OR502AA_002_000215.1	eggnog	Sodium/calcium exchanger protein
Phum-OR502AA_002_000672.1	blastp	Homology to Phytophthora pseudosyringae predicted protein KAG7393204.1
Phum-OR502AA_002_000671.1	eggnog	protein ubiquitination
Phum-OR502AA_002_000216.1	interproscan	PTHR16057 domain-containing protein
Phum-OR502AA_002_000670.1	eggnog	CT11-RanBPM
Phum-OR502AA_002_000217.1	eggnog	Vps5 C terminal like
Phum-OR502AA_002_000669.1	blastp	Homology to Peronospora effusa predicted protein CAI5702757.1
Phum-OR502AA_002_000218.1	eggnog	O-methyltransferase that catalyzes the 2 O-methylation steps in the ubiquinone biosynthetic pathway
Phum-OR502AA_002_000668.1	eggnog	Domain present in PSD-95, Dlg, and ZO-1/2
Phum-OR502AA_002_000667.1	eggnog	pre-mRNA processing factor 4 (PRP4) like
Phum-OR502AA_002_000219.1	eggnog	domain-containing protein
Phum-OR502AA_002_000666.1	eggnog	CCAAT-binding transcription factor (CBF-B/NF-YA) subunit B
Phum-OR502AA_002_000220.1	eggnog	The coatomer is a cytosolic protein complex that binds to dilysine motifs and reversibly associates with Golgi non- clathrin-coated vesicles, which further mediate biosynthetic protein transport from the ER, via the Golgi up to the trans Golgi network
Phum-OR502AA_002_000221.1	eggnog	COPI associated protein
Phum-OR502AA_002_000665.1	eggnog	COPI associated protein
Phum-OR502AA_002_000222.1	eggnog	regulation of centriole replication
Phum-OR502AA_002_000664.1	eggnog	ER-Golgi trafficking TRAPP I complex 85 kDa subunit
Phum-OR502AA_002_000223.1	eggnog	ORMDL family
Phum-OR502AA_002_000663.1	eggnog	ADP-ribosylation factor family
Phum-OR502AA_002_000662.1	eggnog	Mago nashi protein
Phum-OR502AA_002_000224.1	eggnog	Transcription factor DP
Phum-OR502AA_002_000225.1	eggnog	domain-containing protein
Phum-OR502AA_002_000226.1	eggnog	Vps52 / Sac2 family
Phum-OR502AA_002_000661.1	eggnog	Citrate transporter
Phum-OR502AA_002_000227.1	eggnog	Leucine Rich repeat
Phum-OR502AA_002_000228.1	eggnog	Integrator complex subunit 3
Phum-OR502AA_002_000229.1	eggnog	ADP-ribosylation factor family. Source PGD
Phum-OR502AA_002_000230.1	unannotated	Hypothetical protein of unknown function
Phum-OR502AA_002_000231.1	eggnog	GTP binding
Phum-OR502AA_002_000232.1	eggnog	JmjC domain, hydroxylase
Phum-OR502AA_002_000233.1	eggnog	JmjC domain, hydroxylase
Phum-OR502AA_002_000660.1	eggnog	domain-containing protein
Phum-OR502AA_002_000659.1	eggnog	Phosphatidylinositol N-acetylglucosaminyltransferase
Phum-OR502AA_002_000658.1	eggnog	Triose-phosphate Transporter family
Phum-OR502AA_002_000657.1	eggnog	WD40 repeats
Phum-OR502AA_002_000234.1	eggnog	Ferrous iron transport protein B
Phum-OR502AA_002_000656.1	eggnog	Phosphatidylinositol 3- and 4-kinase
Phum-OR502AA_002_000235.1	eggnog	Ribosomal protein L11 methyltransferase (PrmA)
Phum-OR502AA_002_000236.1	eggnog	SNARE complex assembly
Phum-OR502AA_002_000655.1	eggnog	Polysaccharide deacetylase
Phum-OR502AA_002_000237.1	eggnog	Proteasome subunit A N-terminal signature
Phum-OR502AA_002_000238.1	blastp	Homology to Phytophthora megakarya predicted protein OWZ24809.1
Phum-OR502AA_002_000654.1	eggnog	Microtubule binding
Phum-OR502AA_002_000653.1	eggnog	Protein present in Fab1, YOTB, Vac1, and EEA1
Phum-OR502AA_002_000652.1	eggnog	FYVE, RhoGEF and PH
Phum-OR502AA_002_000651.1	eggnog	FYVE, RhoGEF and PH
Phum-OR502AA_002_000650.1	eggnog	Rho guanyl-nucleotide exchange factor activity
Phum-OR502AA_002_000649.1	eggnog	PSP1 C-terminal conserved region
Phum-OR502AA_002_000239.1	eggnog	3'5'-cyclic nucleotide phosphodiesterase
Phum-OR502AA_002_000648.1	eggnog	regulation of cilium movement involved in cell motility
Phum-OR502AA_002_000647.1	interproscan	PTHR31569 domain-containing protein
Phum-OR502AA_002_000240.1	eggnog	serine transport (SERINC3)
Phum-OR502AA_002_000646.1	eggnog	domain-containing protein
Phum-OR502AA_002_000241.1	eggnog	Eukaryotic elongation factor 5A hypusine, DNA-binding OB fold
Phum-OR502AA_002_000645.1	eggnog	Type I phosphodiesterase / nucleotide pyrophosphatase
Phum-OR502AA_002_000644.1	eggnog	Taurine catabolism dioxygenase TauD, TfdA family
Phum-OR502AA_002_000643.1	eggnog	Removes the phosphate from trehalose 6-phosphate to produce free trehalose
Phum-OR502AA_002_000642.1	eggnog	Ribosomal L32p protein family
Phum-OR502AA_002_000242.1	eggnog	Removes the phosphate from trehalose 6-phosphate to produce free trehalose
Phum-OR502AA_002_000243.1	eggnog	Taurine catabolism dioxygenase TauD, TfdA family
Phum-OR502AA_002_000244.1	eggnog	Ribonuclease-III-like
Phum-OR502AA_002_000641.1	eggnog	domain-containing protein
Phum-OR502AA_002_000245.1	eggnog	domain-containing protein
Phum-OR502AA_002_000246.1	interproscan	PTHR13056 domain-containing protein
Phum-OR502AA_002_000247.1	eggnog	negative regulation of proteasomal protein catabolic process (PSMF1)
Phum-OR502AA_002_000640.1	blastp	Homology to Phytophthora pseudosyringae predicted protein KAG7393267.1
Phum-OR502AA_002_000639.1	blastp	Homology to Peronospora belbahrii predicted protein CAH0520902.1
Phum-OR502AA_002_000638.1	eggnog	domain-containing protein
Phum-OR502AA_002_000637.1	eggnog	Cellulase (glycosyl hydrolase family 5)
Phum-OR502AA_002_000248.1	unannotated	Hypothetical protein of unknown function
Phum-OR502AA_002_000636.1	blastp	Homology to Phytophthora pseudosyringae predicted protein KAG7393283.1
Phum-OR502AA_002_000249.1	eggnog	domain-containing protein
Phum-OR502AA_002_000635.1	eggnog	domain-containing protein
Phum-OR502AA_002_000634.1	eggnog	Ankyrin repeats (many copies)
Phum-OR502AA_002_000250.1	eggnog	DHHC palmitoyltransferase
Phum-OR502AA_002_000633.1	eggnog	domain-containing protein
Phum-OR502AA_002_000251.1	blastp	Homology to Phytophthora pseudosyringae predicted protein KAG7393283.1
Phum-OR502AA_002_000252.1	eggnog	Binds to the signal sequence of presecretory protein when they emerge from the ribosomes and transfers them to TRAM (translocating chain-associating membrane protein)
Phum-OR502AA_002_000253.1	eggnog	Ion channel
Phum-OR502AA_002_000632.1	eggnog	Anaphase-promoting complex, cyclosome, subunit 4
Phum-OR502AA_002_000631.1	eggnog	domain-containing protein
Phum-OR502AA_002_000254.1	eggnog	RNA-binding component of the eukaryotic translation initiation factor 3 (eIF-3) complex, which is involved in protein synthesis of a specialized repertoire of mRNAs and, together with other initiation factors, stimulates binding of mRNA and methionyl-tRNAi to the 40S ribosome
Phum-OR502AA_002_000255.1	eggnog	domain-containing protein
Phum-OR502AA_002_000630.1	eggnog	Protein of unknown function (DUF445)
Phum-OR502AA_002_000256.1	eggnog	dolichyl monophosphate biosynthetic process
Phum-OR502AA_002_000629.1	eggnog	domain-containing protein
Phum-OR502AA_002_000257.1	eggnog	Domain of unknown function (DUF543)
Phum-OR502AA_002_000628.1	eggnog	Prephenate dehydrogenase
Phum-OR502AA_002_000258.1	eggnog	domain-containing protein
Phum-OR502AA_002_000627.1	interproscan	PTHR31585 domain-containing protein
Phum-OR502AA_002_000259.1	eggnog	A-type (transient outward) potassium channel activity
Phum-OR502AA_002_000626.1	eggnog	domain-containing protein
Phum-OR502AA_002_000260.1	eggnog	Stage V sporulation protein AD (SpoVAD)
Phum-OR502AA_002_000625.1	eggnog	Ribosomal protein S8e
Phum-OR502AA_002_000261.1	eggnog	domain-containing protein
Phum-OR502AA_002_000624.1	blastp	Homology to Peronospora destructor predicted protein CAI5726725.1
Phum-OR502AA_002_000262.1	eggnog	DNA mismatch repair protein Mlh1 C-terminus
Phum-OR502AA_002_000263.1	eggnog	domain-containing protein
Phum-OR502AA_002_000623.1	unannotated	Hypothetical protein of unknown function
Phum-OR502AA_002_000622.1	eggnog	BT1 family
Phum-OR502AA_002_000264.1	eggnog	BT1 family
Phum-OR502AA_002_000265.1	eggnog	domain-containing protein
Phum-OR502AA_002_000621.1	eggnog	domain-containing protein
Phum-OR502AA_002_000266.1	eggnog	domain-containing protein
Phum-OR502AA_002_000267.1	eggnog	Armadillo/beta-catenin-like repeat
Phum-OR502AA_002_000620.1	eggnog	UAA transporter family
Phum-OR502AA_002_000619.1	eggnog	Protein of unknown function (DUF3712)
Phum-OR502AA_002_000268.1	unannotated	Hypothetical protein of unknown function
Phum-OR502AA_002_000269.1	eggnog	domain-containing protein
Phum-OR502AA_002_000270.1	unannotated	Hypothetical protein of unknown function
Phum-OR502AA_002_000618.1	eggnog	domain-containing protein
Phum-OR502AA_002_000271.1	interproscan	YEATS_TFIID14_like (cd16910)
Phum-OR502AA_002_000272.1	eggnog	domain-containing protein
Phum-OR502AA_002_000617.1	eggnog	Dephospho-CoA kinase
Phum-OR502AA_002_000273.1	blastp	Homology to Phytophthora palmivora predicted protein POM81267.1
Phum-OR502AA_002_000616.1	eggnog	Uncharacterised protein family UPF0047
Phum-OR502AA_002_000274.1	blastp	Homology to Phytophthora pseudosyringae predicted protein KAG7391004.1
Phum-OR502AA_002_000615.1	eggnog	Ankyrin repeat
Phum-OR502AA_002_000614.1	blastp	Homology to Phytophthora sojae predicted protein XP_009526260.1
Phum-OR502AA_002_000275.1	eggnog	Condensin complex subunit 2
Phum-OR502AA_002_000613.1	eggnog	Organic solute transporter Ostalpha
Phum-OR502AA_002_000276.1	blastp	Homology to Phytophthora pseudosyringae predicted protein KAG7391000.1
Phum-OR502AA_002_000612.1	eggnog	Prephenate dehydratase
Phum-OR502AA_002_000277.1	eggnog	domain-containing protein
Phum-OR502AA_002_000611.1	eggnog	Binds the poly(A) tail of mRNA
Phum-OR502AA_002_000278.1	eggnog	ubiquitin-protein transferase activity
Phum-OR502AA_002_000610.1	blastp	Homology to Peronospora belbahrii predicted protein CAH0482652.1
Phum-OR502AA_002_000609.1	eggnog	RecQ-mediated genome instability protein 2
Phum-OR502AA_002_000279.1	eggnog	MuDR family transposase
Phum-OR502AA_002_000608.1	blastp	Homology to Phytophthora palmivora predicted protein POM65590.1
Phum-OR502AA_002_000607.1	eggnog	Aldehyde dehydrogenase family
Phum-OR502AA_002_000606.1	eggnog	Aldehyde dehydrogenase family
Phum-OR502AA_002_000280.1	eggnog	Aldehyde dehydrogenase family
Phum-OR502AA_002_000281.1	eggnog	Domain found in IF2B/IF5
Phum-OR502AA_002_000282.1	eggnog	Nup85 Nucleoporin
Phum-OR502AA_002_000605.1	eggnog	Phosphotransferase enzyme family
Phum-OR502AA_002_000283.1	eggnog	Calcium-activated chloride channel
Phum-OR502AA_002_000284.1	eggnog	Found in Skp1 protein family
Phum-OR502AA_002_000604.1	eggnog	RNA transport
Phum-OR502AA_002_000603.1	unannotated	Hypothetical protein of unknown function
Phum-OR502AA_002_000285.1	eggnog	DegT/DnrJ/EryC1/StrS aminotransferase family
Phum-OR502AA_002_000602.1	eggnog	Splits internally a 1,3-beta-glucan molecule and transfers the newly generated reducing end (the donor) to the non- reducing end of another 1,3-beta-glucan molecule (the acceptor) forming a 1,3-beta linkage, resulting in the elongation of 1,3- beta-glucan chains in the cell wall
Phum-OR502AA_002_000601.1	eggnog	Splits internally a 1,3-beta-glucan molecule and transfers the newly generated reducing end (the donor) to the non- reducing end of another 1,3-beta-glucan molecule (the acceptor) forming a 1,3-beta linkage, resulting in the elongation of 1,3- beta-glucan chains in the cell wall
Phum-OR502AA_002_000286.1	eggnog	Ras of Complex, Roc, domain of DAPkinase
Phum-OR502AA_002_000600.1	unannotated	Hypothetical protein of unknown function
Phum-OR502AA_002_000287.1	unannotated	Hypothetical protein of unknown function
Phum-OR502AA_002_000599.1	eggnog	Lipopolysaccharide kinase (Kdo/WaaP) family
Phum-OR502AA_002_000288.1	eggnog	Partial alpha/beta-hydrolase lipase region
Phum-OR502AA_002_000598.1	eggnog	Partial alpha/beta-hydrolase lipase region
Phum-OR502AA_002_000289.1	eggnog	Tetratricopeptide repeat
Phum-OR502AA_002_000290.1	blastp	Homology to Phytophthora cactorum predicted protein KAG2788037.1
Phum-OR502AA_002_000597.1	eggnog	Tetratricopeptide repeat
Phum-OR502AA_002_000291.1	eggnog	Partial alpha/beta-hydrolase lipase region
Phum-OR502AA_002_000596.1	eggnog	Partial alpha/beta-hydrolase lipase region
Phum-OR502AA_002_000595.1	interproscan	PTHR40849 domain-containing protein
Phum-OR502AA_002_000292.1	eggnog	domain-containing protein
Phum-OR502AA_002_000594.1	eggnog	Possible plasma membrane-binding motif in junctophilins, PIP-5-kinases and protein kinases
Phum-OR502AA_002_000593.1	eggnog	Tetratricopeptide repeat
Phum-OR502AA_002_000592.1	eggnog	positive regulation of microtubule nucleation
Phum-OR502AA_002_000293.1	blastp	Homology to Phytophthora pseudosyringae predicted protein KAG7390958.1
Phum-OR502AA_002_000294.1	eggnog	COPI associated protein
Phum-OR502AA_002_000591.1	blastp	Homology to Phytophthora pseudosyringae predicted protein KAG7390956.1
Phum-OR502AA_002_000295.1	eggnog	domain-containing protein
Phum-OR502AA_002_000590.1	eggnog	SNF5 / SMARCB1 / INI1
Phum-OR502AA_002_000296.1	eggnog	PPIases accelerate the folding of proteins
Phum-OR502AA_002_000589.1	eggnog	ATPase family associated with various cellular activities (AAA)
Phum-OR502AA_002_000297.1	eggnog	D-Tyr-tRNA(Tyr) deacylase
Phum-OR502AA_002_000298.1	eggnog	Mis12 protein
Phum-OR502AA_002_000299.1	interproscan	PTHR36987 domain-containing protein
Phum-OR502AA_002_000588.1	eggnog	Mis12 protein
Phum-OR502AA_002_000587.1	eggnog	D-Tyr-tRNA(Tyr) deacylase
Phum-OR502AA_002_000586.1	eggnog	domain-containing protein
Phum-OR502AA_002_000300.1	eggnog	domain-containing protein
Phum-OR502AA_002_000585.1	eggnog	Dynein heavy chain and region D6 of dynein motor
Phum-OR502AA_002_000584.1	interproscan	PTHR46731 domain-containing protein
Phum-OR502AA_002_000301.1	eggnog	secreted RxLR effector peptide protein
Phum-OR502AA_002_000583.1	eggnog	Serine carboxypeptidase
Phum-OR502AA_002_000582.1	eggnog	Serine carboxypeptidase
Phum-OR502AA_002_000302.1	eggnog	Maf-like protein
Phum-OR502AA_002_000581.1	eggnog	MBOAT, membrane-bound O-acyltransferase family
Phum-OR502AA_002_000303.1	eggnog	MBOAT, membrane-bound O-acyltransferase family
Phum-OR502AA_002_000580.1	unannotated	Hypothetical protein of unknown function
Phum-OR502AA_002_000579.1	eggnog	domain-containing protein
Phum-OR502AA_002_000304.1	eggnog	phosphoprotein phosphatase activity
Phum-OR502AA_002_000578.1	eggnog	Protein present in Fab1, YOTB, Vac1, and EEA1
Phum-OR502AA_002_000305.1	eggnog	Myosin head (motor domain)
Phum-OR502AA_002_000306.1	eggnog	Myosin head (motor domain)
Phum-OR502AA_002_000577.1	eggnog	domain-containing protein
Phum-OR502AA_002_000307.1	eggnog	ABC1 family
Phum-OR502AA_002_000308.1	eggnog	domain-containing protein
Phum-OR502AA_002_000576.1	blastp	Homology to Phytophthora megakarya predicted protein OWZ23099.1
Phum-OR502AA_002_000575.1	blastp	Homology to Phytophthora cinnamomi predicted protein KAG6611818.1
Phum-OR502AA_002_000309.1	blastp	Homology to Phytophthora cinnamomi predicted protein KAG6611818.1
Phum-OR502AA_002_000310.1	blastp	Homology to Phytophthora megakarya predicted protein OWZ23099.1
Phum-OR502AA_002_000574.1	eggnog	domain-containing protein
Phum-OR502AA_002_000311.1	eggnog	Belongs to the peptidase C19 family
Phum-OR502AA_002_000573.1	eggnog	Peroxisomal membrane protein (Pex16)
Phum-OR502AA_002_000312.1	eggnog	domain-containing protein
Phum-OR502AA_002_000572.1	eggnog	Leucine Rich repeat
Phum-OR502AA_002_000313.1	eggnog	domain-containing protein
Phum-OR502AA_002_000314.1	blastp	Homology to Peronospora farinosa predicted protein CAH0489763.1
Phum-OR502AA_002_000315.1	unannotated	Hypothetical protein of unknown function
Phum-OR502AA_002_000571.1	eggnog	C2H2-type zinc finger
Phum-OR502AA_002_000316.1	eggnog	Leucine Rich repeat
Phum-OR502AA_002_000570.1	eggnog	DNA binding
Phum-OR502AA_002_000317.1	eggnog	Control of topological states of DNA by transient breakage and subsequent rejoining of DNA strands
Phum-OR502AA_002_000318.1	eggnog	Control of topological states of DNA by transient breakage and subsequent rejoining of DNA strands
Phum-OR502AA_002_000569.1	blastp	Homology to Peronospora destructor predicted protein CAI5741821.1
Phum-OR502AA_002_000319.1	eggnog	domain-containing protein
Phum-OR502AA_002_000568.1	eggnog	Cytidylyltransferase-like
Phum-OR502AA_002_000320.1	eggnog	LsmAD
Phum-OR502AA_002_000321.1	blastp	Homology to Phytophthora palmivora predicted protein POM80708.1
Phum-OR502AA_002_000567.1	blastp	Homology to Peronospora destructor predicted protein CAI5713828.1
Phum-OR502AA_002_000322.1	eggnog	domain-containing protein
Phum-OR502AA_002_000323.1	eggnog	domain-containing protein
Phum-OR502AA_002_000324.1	interproscan	G3DSA:3.90.190.10 domain-containing protein
Phum-OR502AA_002_000566.1	blastp	Homology to Phytophthora pseudosyringae predicted protein KAG7389112.1
Phum-OR502AA_002_000565.1	eggnog	domain-containing protein
Phum-OR502AA_002_000564.1	eggnog	dihydroceramide kinase activity
Phum-OR502AA_002_000563.1	eggnog	BT1 family
Phum-OR502AA_002_000325.1	eggnog	DHHC palmitoyltransferase
Phum-OR502AA_002_000562.1	blastp	Homology to Phytophthora palmivora predicted protein POM77908.1
Phum-OR502AA_002_000326.1	eggnog	spectrin binding
Phum-OR502AA_002_000327.1	eggnog	spectrin binding
Phum-OR502AA_002_000561.1	eggnog	ABC transporter
Phum-OR502AA_002_000328.1	eggnog	EF-hand domain pair
Phum-OR502AA_002_000560.1	unannotated	Hypothetical protein of unknown function
Phum-OR502AA_002_000329.1	blastp	Homology to Phytophthora infestans predicted protein XP_002997035.1
Phum-OR502AA_002_000559.1	eggnog	Acetokinase family
Phum-OR502AA_002_000558.1	eggnog	Acetokinase family
Phum-OR502AA_002_000557.1	eggnog	Broad-Complex, Tramtrack and Bric a brac
Phum-OR502AA_002_000330.1	eggnog	domain-containing protein
Phum-OR502AA_002_000556.1	blastp	Homology to Phytophthora aleatoria predicted protein KAG6975642.1
Phum-OR502AA_002_000331.1	eggnog	axoneme assembly
Phum-OR502AA_002_000555.1	blastp	Homology to Peronospora effusa predicted protein CAI5701796.1
Phum-OR502AA_002_000554.1	eggnog	domain-containing protein
Phum-OR502AA_002_000332.1	blastp	Homology to Peronospora belbahrii predicted protein CAH0482730.1
Phum-OR502AA_002_000553.1	blastp	Homology to Phytophthora pseudosyringae predicted protein KAG7376859.1
Phum-OR502AA_002_000333.1	interproscan	PTHR21694 domain-containing protein
Phum-OR502AA_002_000552.1	eggnog	domain-containing protein
Phum-OR502AA_002_000551.1	eggnog	domain-containing protein
Phum-OR502AA_002_000334.1	eggnog	Succinate dehydrogenase/Fumarate reductase transmembrane subunit
Phum-OR502AA_002_000335.1	eggnog	C2H2-type zinc finger
Phum-OR502AA_002_000336.1	eggnog	DUF1771
Phum-OR502AA_002_000550.1	eggnog	The proteasome is a multicatalytic proteinase complex which is characterized by its ability to cleave peptides with Arg, Phe, Tyr, Leu, and Glu adjacent to the leaving group at neutral or slightly basic pH
Phum-OR502AA_002_000337.1	eggnog	Glycosyl hydrolase family 1
Phum-OR502AA_002_000549.1	eggnog	Glycosyl hydrolase family 1
Phum-OR502AA_002_000548.1	eggnog	domain-containing protein
Phum-OR502AA_002_000338.1	eggnog	domain-containing protein
Phum-OR502AA_002_000339.1	eggnog	Glycosyl hydrolase family 1
Phum-OR502AA_002_000547.1	eggnog	alpha/beta hydrolase fold
Phum-OR502AA_002_000340.1	blastp	Homology to Peronospora farinosa predicted protein CAH0493827.1
Phum-OR502AA_002_000546.1	eggnog	domain-containing protein
Phum-OR502AA_002_000341.1	blastp	Homology to Peronospora destructor predicted protein CAI5712688.1
Phum-OR502AA_002_000545.1	eggnog	actin filament binding
Phum-OR502AA_002_000342.1	eggnog	PPR repeat
Phum-OR502AA_002_000544.1	eggnog	domain-containing protein
Phum-OR502AA_002_000343.1	eggnog	Tetratricopeptide repeat
Phum-OR502AA_002_000543.1	eggnog	domain-containing protein
Phum-OR502AA_002_000344.1	blastp	Homology to Phytophthora sojae predicted protein XP_009526014.1
Phum-OR502AA_002_000345.1	interproscan	PTHR15146 domain-containing protein
Phum-OR502AA_002_000542.1	eggnog	motile cilium assembly
Phum-OR502AA_002_000346.1	eggnog	GNS1/SUR4 family
Phum-OR502AA_002_000347.1	eggnog	Tricarboxylate carrier
Phum-OR502AA_002_000541.1	eggnog	domain-containing protein
Phum-OR502AA_002_000348.1	eggnog	Uncharacterized conserved protein (DUF2039)
Phum-OR502AA_002_000540.1	eggnog	Hermansky-Pudlak syndrome 3
Phum-OR502AA_002_000539.1	eggnog	domain-containing protein
Phum-OR502AA_002_000538.1	blastp	Homology to Phytophthora ramorum predicted protein KAH7484236.1
Phum-OR502AA_002_000349.1	blastp	Homology to Phytophthora rubi predicted protein KAE9026242.1
Phum-OR502AA_002_000350.1	blastp	Homology to Phytophthora nicotianae predicted protein KUF85100.1
Phum-OR502AA_002_000351.1	eggnog	Protein present in Fab1, YOTB, Vac1, and EEA1
Phum-OR502AA_002_000352.1	eggnog	Protein present in Fab1, YOTB, Vac1, and EEA1
Phum-OR502AA_002_000537.1	eggnog	ER lumen protein retaining receptor
Phum-OR502AA_002_000353.1	unannotated	Hypothetical protein of unknown function
Phum-OR502AA_002_000536.1	unannotated	Hypothetical protein of unknown function
Phum-OR502AA_002_000354.1	eggnog	Las17-binding protein actin regulator
Phum-OR502AA_002_000535.1	eggnog	Component of the Mediator complex, a coactivator involved in the regulated transcription of nearly all RNA polymerase II-dependent genes
Phum-OR502AA_002_000355.1	eggnog	Belongs to the peroxisomal membrane protein PXMP2 4 family
Phum-OR502AA_002_000534.1	blastp	Homology to Phytophthora pseudosyringae predicted protein KAG7389540.1
Phum-OR502AA_002_000356.1	blastp	Homology to Phytophthora pseudosyringae predicted protein KAG7389539.1
Phum-OR502AA_002_000533.1	eggnog	Transcriptional regulator of RNA polII, SAGA, subunit
Phum-OR502AA_002_000357.1	eggnog	domain-containing protein
Phum-OR502AA_002_000532.1	blastp	Homology to Phytophthora aleatoria predicted protein KAG6963025.1
Phum-OR502AA_002_000358.1	blastp	Homology to Phytophthora cactorum predicted protein KAG2954232.1
Phum-OR502AA_002_000531.1	eggnog	Domain with 2 conserved Trp (W) residues
Phum-OR502AA_002_000530.1	eggnog	Serine carboxypeptidase
Phum-OR502AA_002_000359.1	eggnog	Serine carboxypeptidase
Phum-OR502AA_002_000360.1	eggnog	domain-containing protein
Phum-OR502AA_002_000361.1	eggnog	EF hand
Phum-OR502AA_002_000362.1	eggnog	Mib_herc2
Phum-OR502AA_002_000363.1	eggnog	Type I phosphodiesterase / nucleotide pyrophosphatase
Phum-OR502AA_002_000529.1	eggnog	Leucine-rich repeat
Phum-OR502AA_002_000364.1	eggnog	ubiquitinyl hydrolase activity
Phum-OR502AA_002_000528.1	eggnog	domain-containing protein
Phum-OR502AA_002_000527.1	eggnog	Crinkler (CRN) family protein
Phum-OR502AA_002_000526.1	eggnog	MOZ/SAS family
Phum-OR502AA_002_000365.1	eggnog	Protein of unknown function (DUF3712)
Phum-OR502AA_002_000366.1	eggnog	Aldo/keto reductase family
Phum-OR502AA_002_000367.1	eggnog	Mitochondrial branched-chain alpha-ketoacid dehydrogenase kinase
Phum-OR502AA_002_000525.1	eggnog	Required for nuclear transport of RNA pol II C-terminus 1
Phum-OR502AA_002_000368.1	eggnog	PhoX homologous domain, present in p47phox and p40phox
Phum-OR502AA_002_000524.1	eggnog	Belongs to the TRAFAC class myosin-kinesin ATPase superfamily
Phum-OR502AA_002_000523.1	eggnog	Putative DNA-binding (bihelical) motif predicted to be involved in chromosomal organisation
Phum-OR502AA_002_000522.1	unannotated	Hypothetical protein of unknown function
Phum-OR502AA_002_000369.1	blastp	Homology to Phytophthora rubi predicted protein KAE9349211.1
Phum-OR502AA_002_000370.1	eggnog	GPCR-chaperone
Phum-OR502AA_002_000371.1	eggnog	Belongs to the glycosyl hydrolase 1 family
Phum-OR502AA_002_000521.1	eggnog	WD domain, G-beta repeat
Phum-OR502AA_002_000520.1	eggnog	Kinase-like
Phum-OR502AA_002_000519.1	eggnog	Belongs to the glycosyl hydrolase 1 family
Phum-OR502AA_002_000518.1	eggnog	GPCR-chaperone
Phum-OR502AA_002_000372.1	interproscan	PTHR13029 domain-containing protein
Phum-OR502AA_002_000517.1	unannotated	Hypothetical protein of unknown function
Phum-OR502AA_002_000373.1	blastp	Homology to Phytophthora ramorum predicted protein KAH7484150.1
Phum-OR502AA_002_000516.1	eggnog	domain-containing protein
Phum-OR502AA_002_000515.1	eggnog	Subunit of the integral membrane V0 complex of vacuolar ATPase
Phum-OR502AA_002_000374.1	eggnog	Leucyl-tRNA synthetase, Domain 2
Phum-OR502AA_002_000514.1	blastp	Homology to Phytophthora ramorum predicted protein KAH7484150.1
Phum-OR502AA_002_000375.1	blastp	Homology to Phytophthora infestans predicted protein KAF4150672.1
Phum-OR502AA_002_000376.1	unannotated	Hypothetical protein of unknown function
Phum-OR502AA_002_000377.1	blastp	Homology to Peronospora belbahrii predicted protein CAH0479263.1
Phum-OR502AA_002_000378.1	eggnog	peptidyl-prolyl cis-trans isomerase activity
Phum-OR502AA_002_000513.1	eggnog	Cation efflux family
Phum-OR502AA_002_000512.1	eggnog	basic region leucin zipper
Phum-OR502AA_002_000379.1	unannotated	Hypothetical protein of unknown function
Phum-OR502AA_002_000380.1	blastp	Homology to Phytophthora cactorum predicted protein KAG2788288.1
Phum-OR502AA_002_000511.1	unannotated	Hypothetical protein of unknown function
Phum-OR502AA_002_000381.1	eggnog	DHHC palmitoyltransferase
Phum-OR502AA_002_000510.1	eggnog	domain-containing protein
Phum-OR502AA_002_000382.1	unannotated	Hypothetical protein of unknown function
Phum-OR502AA_002_000509.1	eggnog	function. Source PGD
Phum-OR502AA_002_000383.1	blastp	Homology to Peronospora effusa predicted protein UIZ29556.1
Phum-OR502AA_002_000508.1	unannotated	Hypothetical protein of unknown function
Phum-OR502AA_002_000384.1	eggnog	SSXT protein (N-terminal region)
Phum-OR502AA_002_000507.1	eggnog	domain-containing protein
Phum-OR502AA_002_000506.1	blastp	Homology to Phytophthora sojae predicted protein XP_009525870.1
Phum-OR502AA_002_000385.1	eggnog	domain-containing protein
Phum-OR502AA_002_000505.1	eggnog	Ring finger
Phum-OR502AA_002_000504.1	eggnog	Protein tyrosine kinase
Phum-OR502AA_002_000503.1	eggnog	Protein tyrosine kinase
Phum-OR502AA_002_000386.1	eggnog	domain-containing protein
Phum-OR502AA_002_000502.1	eggnog	Homeodomain
Phum-OR502AA_002_000501.1	unannotated	Hypothetical protein of unknown function
Phum-OR502AA_002_000387.1	eggnog	motor activity
Phum-OR502AA_002_000388.1	eggnog	motor activity
Phum-OR502AA_002_000389.1	eggnog	Major Facilitator Superfamily
Phum-OR502AA_002_000390.1	eggnog	domain-containing protein
Phum-OR502AA_002_000500.1	eggnog	Major Facilitator Superfamily
Phum-OR502AA_002_000391.1	eggnog	Anticodon binding domain of tRNAs
Phum-OR502AA_002_000499.1	blastp	Homology to Phytophthora nicotianae predicted protein KUF87682.1
Phum-OR502AA_002_000392.1	eggnog	MreB/Mbl protein
Phum-OR502AA_002_000393.1	eggnog	snRNP Sm proteins
Phum-OR502AA_002_000498.1	eggnog	MAP kinase activity
Phum-OR502AA_002_000497.1	interproscan	PTHR18937 domain-containing protein
Phum-OR502AA_002_000496.1	eggnog	transposition, RNA-mediated
Phum-OR502AA_002_000394.1	eggnog	domain-containing protein
Phum-OR502AA_002_000395.1	blastp	Homology to Phytophthora rubi predicted protein KAE8991507.1
Phum-OR502AA_002_000495.1	eggnog	domain-containing protein
Phum-OR502AA_002_000494.1	eggnog	domain-containing protein
Phum-OR502AA_002_000493.1	unannotated	Hypothetical protein of unknown function
Phum-OR502AA_002_000396.1	eggnog	Mitochondrial carrier protein
Phum-OR502AA_002_000492.1	eggnog	transposition, RNA-mediated
Phum-OR502AA_002_000397.1	unannotated	Hypothetical protein of unknown function
Phum-OR502AA_002_000398.1	eggnog	domain-containing protein
Phum-OR502AA_002_000399.1	eggnog	domain-containing protein
Phum-OR502AA_002_000491.1	blastp	Homology to Phytophthora rubi predicted protein KAE8991507.1
Phum-OR502AA_002_000490.1	eggnog	Zinc finger, C2H2 type
Phum-OR502AA_002_000400.1	eggnog	ZIP Zinc transporter
Phum-OR502AA_002_000489.1	eggnog	DNA-dependent RNA polymerase catalyzes the transcription of DNA into RNA using the four ribonucleoside triphosphates as substrates
Phum-OR502AA_002_000488.1	eggnog	ATPase family associated with various cellular activities (AAA)
Phum-OR502AA_002_000487.1	blastp	Homology to Phytophthora cactorum predicted protein KAG2768268.1
Phum-OR502AA_002_000486.1	eggnog	MT-A70
Phum-OR502AA_002_000485.1	eggnog	RNA recognition motif
Phum-OR502AA_002_000401.1	blastp	Homology to Phytophthora idaei predicted protein KAG3162752.1
Phum-OR502AA_002_000484.1	blastp	Homology to Phytophthora ramorum predicted protein KAH7460431.1
Phum-OR502AA_002_000402.1	eggnog	Sperm tail
Phum-OR502AA_002_000483.1	eggnog	RNA recognition motif
Phum-OR502AA_002_000403.1	eggnog	domain-containing protein
Phum-OR502AA_002_000404.1	eggnog	domain-containing protein
Phum-OR502AA_002_000482.1	eggnog	Mitochondrial carrier protein
Phum-OR502AA_002_000405.1	eggnog	Aminotransferase class-V
Phum-OR502AA_002_000481.1	eggnog	Frag1/DRAM/Sfk1 family
Phum-OR502AA_002_000406.1	interproscan	Family of unknown function (DUF6739) (PF20524)
Phum-OR502AA_002_000480.1	blastp	Homology to Phytophthora pseudosyringae predicted protein KAG7388848.1
Phum-OR502AA_002_000479.1	unannotated	Hypothetical protein of unknown function
Phum-OR502AA_002_000407.1	eggnog	domain-containing protein
Phum-OR502AA_002_000408.1	eggnog	domain-containing protein
Phum-OR502AA_002_000409.1	eggnog	domain-containing protein
Phum-OR502AA_002_000478.1	eggnog	Domain of unknown function
Phum-OR502AA_002_000410.1	eggnog	Belongs to the cation transport ATPase (P-type) (TC 3.A.3) family
Phum-OR502AA_002_000411.1	eggnog	SnoaL-like polyketide cyclase
Phum-OR502AA_002_000477.1	eggnog	domain-containing protein
Phum-OR502AA_002_000412.1	eggnog	Eukaryotic porin
Phum-OR502AA_002_000476.1	eggnog	Whirly transcription factor
Phum-OR502AA_002_000413.1	eggnog	WD domain, G-beta repeat
Phum-OR502AA_002_000475.1	unannotated	Hypothetical protein of unknown function
Phum-OR502AA_002_000474.1	unannotated	Hypothetical protein of unknown function
Phum-OR502AA_002_000473.1	eggnog	Belongs to the mitochondrial carrier (TC 2.A.29) family
Phum-OR502AA_002_000414.1	eggnog	nuclear localization sequence binding
Phum-OR502AA_002_000472.1	eggnog	domain-containing protein
Phum-OR502AA_002_000415.1	eggnog	Belongs to the mitochondrial carrier (TC 2.A.29) family
Phum-OR502AA_002_000416.1	blastp	Homology to Phytophthora aleatoria predicted protein KAG6977029.1
Phum-OR502AA_002_000417.1	eggnog	Cell differentiation family, Rcd1-like
Phum-OR502AA_002_000418.1	eggnog	Integral peroxisomal membrane peroxin
Phum-OR502AA_002_000419.1	eggnog	Belongs to the heat shock protein 70 family
Phum-OR502AA_002_000420.1	eggnog	Pyridoxal-phosphate dependent enzyme
Phum-OR502AA_002_000421.1	eggnog	Sec1 family
Phum-OR502AA_002_000422.1	eggnog	pfkB family carbohydrate kinase
Phum-OR502AA_002_000423.1	blastp	Homology to Phytophthora lilii predicted protein GMF13752.1
Phum-OR502AA_002_000471.1	eggnog	WD domain, G-beta repeat
Phum-OR502AA_002_000424.1	eggnog	domain-containing protein
Phum-OR502AA_002_000470.1	eggnog	The ARF-like 2 binding protein BART
Phum-OR502AA_002_000425.1	eggnog	DHHC palmitoyltransferase
Phum-OR502AA_002_000469.1	blastp	Homology to Phytophthora ramorum predicted protein KAH7482423.1
Phum-OR502AA_002_000426.1	blastp	Homology to Peronospora farinosa predicted protein CAH0492170.1
Phum-OR502AA_002_000427.1	blastp	Homology to Peronospora destructor predicted protein CAI5731367.1
Phum-OR502AA_002_000468.1	eggnog	Integral peroxisomal membrane peroxin
Phum-OR502AA_002_000467.1	blastp	Homology to Phytophthora pseudosyringae predicted protein KAG7388888.1
Phum-OR502AA_002_000466.1	eggnog	domain-containing protein
Phum-OR502AA_002_000428.1	unannotated	Hypothetical protein of unknown function
Phum-OR502AA_002_000429.1	blastp	Homology to Phytophthora pseudosyringae predicted protein KAG7388888.1
Phum-OR502AA_002_000465.1	eggnog	Frag1/DRAM/Sfk1 family
Phum-OR502AA_002_000430.1	eggnog	protein geranylgeranylation
Phum-OR502AA_002_000464.1	eggnog	Zinc finger, C3HC4 type (RING finger)
Phum-OR502AA_002_000463.1	blastp	Homology to Phytophthora lilii predicted protein GMF30634.1
Phum-OR502AA_002_000462.1	unannotated	Hypothetical protein of unknown function
Phum-OR502AA_002_000461.1	eggnog	domain-containing protein
Phum-OR502AA_002_000431.1	eggnog	SNARE associated Golgi protein
Phum-OR502AA_002_000432.1	eggnog	ABC transporter
Phum-OR502AA_002_000460.1	eggnog	Kazal type serine protease inhibitors
Phum-OR502AA_002_000459.1	eggnog	ABC transporter
Phum-OR502AA_002_000458.1	eggnog	SNARE associated Golgi protein
Phum-OR502AA_002_000433.1	eggnog	Endoplasmic Reticulum-Golgi Intermediate Compartment (ERGIC)
Phum-OR502AA_002_000457.1	eggnog	ALG6, ALG8 glycosyltransferase family
Phum-OR502AA_002_000434.1	eggnog	Domain with 2 conserved Trp (W) residues
Phum-OR502AA_002_000456.1	interproscan	PTHR15959 domain-containing protein
Phum-OR502AA_002_000455.1	eggnog	PPP5 TPR repeat region
Phum-OR502AA_002_000454.1	eggnog	domain-containing protein
Phum-OR502AA_002_000435.1	eggnog	PIN domain of ribonuclease
Phum-OR502AA_002_000436.1	interproscan	PTHR38019 domain-containing protein
Phum-OR502AA_002_000453.1	eggnog	SprT homologues
Phum-OR502AA_002_000452.1	eggnog	domain-containing protein
Phum-OR502AA_002_000437.1	eggnog	FK506 binding
Phum-OR502AA_002_000438.1	eggnog	Helicase associated domain (HA2) Add an annotation
Phum-OR502AA_002_000451.1	eggnog	PhoX homologous domain, present in p47phox and p40phox
Phum-OR502AA_002_000439.1	eggnog	Kinase-like
Phum-OR502AA_002_000450.1	blastp	Homology to Phytophthora sojae predicted protein XP_009525670.1
Phum-OR502AA_002_000440.1	eggnog	PhoX homologous domain, present in p47phox and p40phox
Phum-OR502AA_002_000441.1	eggnog	Myosin. Large ATPases
Phum-OR502AA_002_000442.1	eggnog	guanyl-nucleotide exchange factor activity (MIB1)
Phum-OR502AA_002_000443.1	eggnog	guanyl-nucleotide exchange factor activity (MIB1)
Phum-OR502AA_002_000449.1	eggnog	Glycosyl hydrolase family 81
Phum-OR502AA_002_000444.1	blastp	Homology to Phytophthora lilii predicted protein GMF13940.1
Phum-OR502AA_002_000448.1	eggnog	domain-containing protein
Phum-OR502AA_002_000445.1	eggnog	RNA recognition motif
Phum-OR502AA_002_000447.1	eggnog	Yippee zinc-binding/DNA-binding /Mis18, centromere assembly
Phum-OR502AA_002_000446.1	eggnog	microtubule binding
Phum-OR502AA_003_000001.1	blastp	Homology to Globisporangium splendens predicted protein KAF1333992.1
Phum-OR502AA_003_000002.1	eggnog	NDK
Phum-OR502AA_003_000848.1	eggnog	methyltransferase activity
Phum-OR502AA_003_000847.1	eggnog	methyltransferase activity
Phum-OR502AA_003_000846.1	eggnog	Carboxylesterase family
Phum-OR502AA_003_000845.1	eggnog	Belongs to the nonaspanin (TM9SF) (TC 9.A.2) family
Phum-OR502AA_003_000003.1	eggnog	domain-containing protein
Phum-OR502AA_003_000844.1	eggnog	Proteasome maturation factor UMP1
Phum-OR502AA_003_000843.1	eggnog	Rad17 cell cycle checkpoint protein
Phum-OR502AA_003_000842.1	eggnog	Leukotriene A4 hydrolase, C-terminal
Phum-OR502AA_003_000004.1	eggnog	Acyl CoA binding protein
Phum-OR502AA_003_000005.1	eggnog	Carboxylesterase family
Phum-OR502AA_003_000841.1	eggnog	Lysine methyltransferase
Phum-OR502AA_003_000006.1	eggnog	ankyrin repeats
Phum-OR502AA_003_000840.1	eggnog	2-acylglycerol O-acyltransferase activity
Phum-OR502AA_003_000839.1	eggnog	Mitochondrial GTPase involved in mitochondrial trafficking
Phum-OR502AA_003_000007.1	eggnog	Domain in Tre-2, BUB2p, and Cdc16p
Phum-OR502AA_003_000838.1	eggnog	Metal dependent phosphohydrolases with conserved 'HD' motif
Phum-OR502AA_003_000837.1	eggnog	Domain of unknown function (DUF2431)
Phum-OR502AA_003_000836.1	eggnog	Peroxisomal membrane protein
Phum-OR502AA_003_000835.1	eggnog	domain-containing protein
Phum-OR502AA_003_000008.1	interproscan	PTHR14255 domain-containing protein
Phum-OR502AA_003_000834.1	unannotated	Hypothetical protein of unknown function
Phum-OR502AA_003_000009.1	blastp	Homology to Phytophthora pseudosyringae predicted protein KAG7382312.1
Phum-OR502AA_003_000833.1	eggnog	uridine kinase activity
Phum-OR502AA_003_000010.1	eggnog	domain-containing protein
Phum-OR502AA_003_000832.1	interproscan	PTHR14557 domain-containing protein
Phum-OR502AA_003_000831.1	blastp	Homology to Peronospora effusa predicted protein RMX70313.1
Phum-OR502AA_003_000830.1	interproscan	PTHR14255 domain-containing protein
Phum-OR502AA_003_000011.1	eggnog	Prokaryotic RING finger family 4
Phum-OR502AA_003_000012.1	eggnog	Peroxisomal membrane protein
Phum-OR502AA_003_000013.1	blastp	Homology to Peronospora belbahrii predicted protein CAH0517791.1
Phum-OR502AA_003_000829.1	eggnog	Ankyrin repeats (many copies)
Phum-OR502AA_003_000014.1	eggnog	domain-containing protein
Phum-OR502AA_003_000828.1	eggnog	Belongs to the major facilitator superfamily
Phum-OR502AA_003_000827.1	eggnog	Belongs to the major facilitator superfamily
Phum-OR502AA_003_000015.1	blastp	Homology to Phytophthora cactorum predicted protein KAG3036170.1
Phum-OR502AA_003_000826.1	eggnog	FAD dependent oxidoreductase
Phum-OR502AA_003_000825.1	eggnog	FAD dependent oxidoreductase
Phum-OR502AA_003_000016.1	eggnog	FAD dependent oxidoreductase
Phum-OR502AA_003_000017.1	eggnog	FAD dependent oxidoreductase
Phum-OR502AA_003_000824.1	blastp	Homology to Peronospora effusa predicted protein CAI5704922.1
Phum-OR502AA_003_000823.1	eggnog	domain-containing protein
Phum-OR502AA_003_000822.1	interproscan	PTHR38899 domain-containing protein
Phum-OR502AA_003_000018.1	unannotated	Hypothetical protein of unknown function
Phum-OR502AA_003_000019.1	eggnog	Unconventional myosin tail, actin- and lipid-binding
Phum-OR502AA_003_000821.1	eggnog	Leucine-rich repeat - CC (cysteine-containing) subfamily
Phum-OR502AA_003_000020.1	eggnog	Binds to the 60S ribosomal subunit and prevents its association with the 40S ribosomal subunit to form the 80S initiation complex in the cytoplasm (EIF6)
Phum-OR502AA_003_000820.1	interproscan	PTHR34031 domain-containing protein
Phum-OR502AA_003_000021.1	eggnog	Eukaryotic initiation factor 4E
Phum-OR502AA_003_000022.1	unannotated	Hypothetical protein of unknown function
Phum-OR502AA_003_000023.1	blastp	Homology to Peronospora belbahrii predicted protein CAH0517791.1
Phum-OR502AA_003_000819.1	eggnog	ATP12 chaperone protein
Phum-OR502AA_003_000024.1	eggnog	RNA polymerase Rpb4
Phum-OR502AA_003_000025.1	eggnog	domain-containing protein
Phum-OR502AA_003_000818.1	eggnog	2,3-bisphosphoglycerate-independent phosphoglycerate mutase
Phum-OR502AA_003_000026.1	unannotated	Hypothetical protein of unknown function
Phum-OR502AA_003_000817.1	eggnog	Snare region anchored in the vesicle membrane C-terminus
Phum-OR502AA_003_000027.1	eggnog	retrograde transport, endosome to Golgi
Phum-OR502AA_003_000816.1	blastp	Homology to Peronospora farinosa predicted protein CAH0493096.1
Phum-OR502AA_003_000815.1	blastp	Homology to Peronospora destructor predicted protein CAI5729400.1
Phum-OR502AA_003_000814.1	eggnog	Tim10/DDP family zinc finger
Phum-OR502AA_003_000028.1	interproscan	SNARE_Qc (cd15841)
Phum-OR502AA_003_000813.1	blastp	Homology to Peronospora farinosa predicted protein CAI5721425.1
Phum-OR502AA_003_000812.1	eggnog	Methyltransferase TYW3
Phum-OR502AA_003_000029.1	eggnog	Anaphase-promoting complex subunit 1
Phum-OR502AA_003_000811.1	eggnog	domain-containing protein
Phum-OR502AA_003_000030.1	interproscan	PTHR16684 domain-containing protein
Phum-OR502AA_003_000031.1	eggnog	domain-containing protein
Phum-OR502AA_003_000032.1	eggnog	Protein tyrosine kinase
Phum-OR502AA_003_000810.1	interproscan	PTHR31827 domain-containing protein
Phum-OR502AA_003_000809.1	interproscan	G3DSA:3.30.40.10 domain-containing protein
Phum-OR502AA_003_000808.1	eggnog	protein serine/threonine kinase activity
Phum-OR502AA_003_000033.1	eggnog	Belongs to the small GTPase superfamily
Phum-OR502AA_003_000807.1	eggnog	Zinc-finger double-stranded RNA-binding
Phum-OR502AA_003_000034.1	blastp	Homology to Phytophthora sojae predicted protein XP_009515922.1
Phum-OR502AA_003_000806.1	eggnog	Ribosomal protein L4/L1 family
Phum-OR502AA_003_000035.1	eggnog	Rapamycin-insensitive companion of mTOR, domain 5
Phum-OR502AA_003_000805.1	eggnog	domain-containing protein
Phum-OR502AA_003_000036.1	eggnog	RNA recognition motif
Phum-OR502AA_003_000804.1	eggnog	Ribosomal L38e protein family
Phum-OR502AA_003_000037.1	eggnog	RING-type zinc-finger
Phum-OR502AA_003_000803.1	blastp	Homology to Phytophthora ramorum predicted protein KAH7479483.1
Phum-OR502AA_003_000038.1	blastp	Homology to Peronospora farinosa predicted protein CAH0493122.1
Phum-OR502AA_003_000802.1	eggnog	Holliday junction DNA helicase ruvB N-terminus
Phum-OR502AA_003_000801.1	eggnog	Microtubule binding
Phum-OR502AA_003_000039.1	eggnog	Aminotransferase class I and II
Phum-OR502AA_003_000040.1	eggnog	Sister chromatid cohesion C-terminus
Phum-OR502AA_003_000800.1	interproscan	PTHR13530 domain-containing protein
Phum-OR502AA_003_000041.1	eggnog	ubiquitinyl hydrolase activity
Phum-OR502AA_003_000799.1	eggnog	domain-containing protein
Phum-OR502AA_003_000798.1	eggnog	Aminotransferase class I and II
Phum-OR502AA_003_000042.1	eggnog	Microtubule binding
Phum-OR502AA_003_000043.1	eggnog	Glycosyl hydrolase family 81
Phum-OR502AA_003_000797.1	interproscan	PTHR37743 domain-containing protein
Phum-OR502AA_003_000044.1	eggnog	CCT motif
Phum-OR502AA_003_000796.1	eggnog	Transient receptor potential (TRP) ion channel
Phum-OR502AA_003_000795.1	interproscan	G3DSA:3.30.1520.10 domain-containing protein
Phum-OR502AA_003_000794.1	eggnog	Transcription factor Pcc1
Phum-OR502AA_003_000045.1	eggnog	Bromodomain extra-terminal - transcription regulation
Phum-OR502AA_003_000793.1	blastp	Homology to Phytophthora sojae predicted protein XP_009515895.1
Phum-OR502AA_003_000792.1	blastp	Homology to Peronospora effusa predicted protein CAI5704922.1
Phum-OR502AA_003_000791.1	blastp	Homology to Peronospora belbahrii predicted protein CAH0477111.1
Phum-OR502AA_003_000046.1	interproscan	PTHR13018 domain-containing protein
Phum-OR502AA_003_000790.1	eggnog	Phospholipid-translocating ATPase N-terminal
Phum-OR502AA_003_000047.1	eggnog	Sterile alpha motif
Phum-OR502AA_003_000789.1	eggnog	domain-containing protein
Phum-OR502AA_003_000048.1	eggnog	domain-containing protein
Phum-OR502AA_003_000049.1	eggnog	Williams-Beuren syndrome DDT (WSD), D-TOX E motif
Phum-OR502AA_003_000788.1	blastp	Homology to Peronospora effusa predicted protein RMX70306.1
Phum-OR502AA_003_000050.1	blastp	Homology to Peronospora belbahrii predicted protein CAH0476926.1
Phum-OR502AA_003_000787.1	blastp	Homology to Peronospora effusa predicted protein RQM08898.1
Phum-OR502AA_003_000051.1	eggnog	negative regulation of TOR signaling
Phum-OR502AA_003_000786.1	eggnog	negative regulation of TOR signaling
Phum-OR502AA_003_000785.1	eggnog	domain-containing protein
Phum-OR502AA_003_000784.1	unannotated	Hypothetical protein of unknown function
Phum-OR502AA_003_000052.1	eggnog	Aldo/keto reductase family
Phum-OR502AA_003_000783.1	eggnog	impB/mucB/samB family
Phum-OR502AA_003_000782.1	eggnog	Tyrosine phosphatase family
Phum-OR502AA_003_000053.1	eggnog	RING-like zinc finger
Phum-OR502AA_003_000054.1	eggnog	Regulator of chromosome condensation (RCC1) repeat
Phum-OR502AA_003_000781.1	blastp	Homology to Phytophthora pseudosyringae predicted protein KAG7393740.1
Phum-OR502AA_003_000780.1	eggnog	domain-containing protein
Phum-OR502AA_003_000779.1	eggnog	Hereditary spastic paraplegia protein strumpellin
Phum-OR502AA_003_000778.1	eggnog	Hereditary spastic paraplegia protein strumpellin
Phum-OR502AA_003_000055.1	eggnog	Glutaredoxin
Phum-OR502AA_003_000777.1	interproscan	PTHR31144 domain-containing protein
Phum-OR502AA_003_000056.1	unannotated	Hypothetical protein of unknown function
Phum-OR502AA_003_000057.1	eggnog	domain-containing protein
Phum-OR502AA_003_000058.1	eggnog	domain-containing protein
Phum-OR502AA_003_000776.1	blastp	Homology to Phytophthora idaei;Phytophthora aleatoria predicted protein KAG3107673.1
Phum-OR502AA_003_000059.1	eggnog	PP-loop family
Phum-OR502AA_003_000060.1	eggnog	FKBP-type peptidyl-prolyl cis-trans isomerase
Phum-OR502AA_003_000775.1	blastp	Homology to Peronospora effusa predicted protein RMX63305.1
Phum-OR502AA_003_000774.1	eggnog	cell redox homeostasis
Phum-OR502AA_003_000061.1	eggnog	membrane depolarization during action potential
Phum-OR502AA_003_000062.1	eggnog	small conductance calcium-activated potassium channel activity
Phum-OR502AA_003_000773.1	eggnog	protein import into nucleus
Phum-OR502AA_003_000772.1	eggnog	protein import into nucleus
Phum-OR502AA_003_000771.1	eggnog	protein import into nucleus
Phum-OR502AA_003_000063.1	eggnog	Beta-eliminating lyase
Phum-OR502AA_003_000770.1	interproscan	PTHR13072 domain-containing protein
Phum-OR502AA_003_000064.1	eggnog	domain-containing protein
Phum-OR502AA_003_000769.1	eggnog	domain-containing protein
Phum-OR502AA_003_000768.1	eggnog	Aminotransferase class I and II
Phum-OR502AA_003_000065.1	eggnog	DUF4217
Phum-OR502AA_003_000767.1	interproscan	G3DSA:2.60.40.10 domain-containing protein
Phum-OR502AA_003_000066.1	eggnog	Ankyrin repeats (many copies)
Phum-OR502AA_003_000766.1	eggnog	Rio2, N-terminal
Phum-OR502AA_003_000067.1	eggnog	negative regulation of ER-associated ubiquitin-dependent protein catabolic process
Phum-OR502AA_003_000765.1	eggnog	domain-containing protein
Phum-OR502AA_003_000068.1	blastp	Homology to Phytophthora infestans predicted protein KAF4035184.1
Phum-OR502AA_003_000764.1	eggnog	Iron/zinc purple acid phosphatase-like protein C
Phum-OR502AA_003_000069.1	eggnog	domain-containing protein
Phum-OR502AA_003_000070.1	eggnog	Ribosomal protein L6e
Phum-OR502AA_003_000763.1	blastp	Homology to Phytophthora nicotianae predicted protein ETP41610.1
Phum-OR502AA_003_000071.1	eggnog	6-phosphofructo-2-kinase
Phum-OR502AA_003_000072.1	blastp	Homology to Peronospora effusa predicted protein UIZ26389.1
Phum-OR502AA_003_000073.1	interproscan	PTHR15319 domain-containing protein
Phum-OR502AA_003_000074.1	unannotated	Hypothetical protein of unknown function
Phum-OR502AA_003_000075.1	eggnog	Putative N-acetylmannosamine-6-phosphate epimerase
Phum-OR502AA_003_000076.1	eggnog	zinc-ribbon
Phum-OR502AA_003_000762.1	interproscan	PTHR15319 domain-containing protein
Phum-OR502AA_003_000077.1	unannotated	Hypothetical protein of unknown function
Phum-OR502AA_003_000078.1	interproscan	G3DSA:1.20.58.900 domain-containing protein
Phum-OR502AA_003_000761.1	blastp	Homology to Peronospora effusa predicted protein CAI5704793.1
Phum-OR502AA_003_000760.1	eggnog	HEAT repeats
Phum-OR502AA_003_000079.1	eggnog	Belongs to the TRAFAC class myosin-kinesin ATPase superfamily
Phum-OR502AA_003_000759.1	eggnog	domain-containing protein
Phum-OR502AA_003_000758.1	eggnog	Phospholipase D Active site motif
Phum-OR502AA_003_000080.1	eggnog	Putative lipopolysaccharide-modifying enzyme
Phum-OR502AA_003_000757.1	eggnog	Vacuolar protein sorting protein 36 Vps36
Phum-OR502AA_003_000081.1	eggnog	Elicitin
Phum-OR502AA_003_000756.1	eggnog	Rab subfamily of small GTPases
Phum-OR502AA_003_000082.1	eggnog	domain-containing protein
Phum-OR502AA_003_000755.1	unannotated	Hypothetical protein of unknown function
Phum-OR502AA_003_000083.1	eggnog	domain-containing protein
Phum-OR502AA_003_000084.1	eggnog	Wyosine base formation
Phum-OR502AA_003_000754.1	eggnog	domain-containing protein
Phum-OR502AA_003_000085.1	eggnog	positive regulation of motile cilium assembly
Phum-OR502AA_003_000086.1	eggnog	Mitochondrial ATP synthase epsilon chain
Phum-OR502AA_003_000753.1	eggnog	In Between Ring fingers
Phum-OR502AA_003_000752.1	eggnog	In Between Ring fingers
Phum-OR502AA_003_000751.1	eggnog	Belongs to the histidine acid phosphatase family
Phum-OR502AA_003_000750.1	interproscan	G3DSA:1.20.58.2220 domain-containing protein
Phum-OR502AA_003_000749.1	unannotated	Hypothetical protein of unknown function
Phum-OR502AA_003_000087.1	interproscan	PTHR15319 domain-containing protein
Phum-OR502AA_003_000088.1	eggnog	Structure-specific nuclease with 5'-flap endonuclease and 5'-3' exonuclease activities involved in DNA replication and repair (FEN1)
Phum-OR502AA_003_000748.1	unannotated	Hypothetical protein of unknown function
Phum-OR502AA_003_000747.1	interproscan	PTHR15319 domain-containing protein
Phum-OR502AA_003_000089.1	unannotated	Hypothetical protein of unknown function
Phum-OR502AA_003_000090.1	interproscan	G3DSA:1.20.58.2220 domain-containing protein
Phum-OR502AA_003_000746.1	eggnog	Domain in Tre-2, BUB2p, and Cdc16p
Phum-OR502AA_003_000091.1	unannotated	Hypothetical protein of unknown function
Phum-OR502AA_003_000745.1	blastp	Homology to Peronospora belbahrii predicted protein CAH0517895.1
Phum-OR502AA_003_000092.1	eggnog	Protein of unknown function (DUF1084)
Phum-OR502AA_003_000744.1	eggnog	Aminotransferase class I and II
Phum-OR502AA_003_000093.1	blastp	Homology to Phytophthora pseudosyringae predicted protein KAG7384578.1
Phum-OR502AA_003_000094.1	interproscan	PTHR35381 domain-containing protein
Phum-OR502AA_003_000743.1	eggnog	Adenosine/AMP deaminase
Phum-OR502AA_003_000095.1	eggnog	Signal recognition particle, alpha subunit, N-terminal
Phum-OR502AA_003_000096.1	eggnog	G protein alpha subunit
Phum-OR502AA_003_000097.1	eggnog	Histone H2B
Phum-OR502AA_003_000098.1	eggnog	domain-containing protein
Phum-OR502AA_003_000742.1	eggnog	endocytic recycling
Phum-OR502AA_003_000099.1	eggnog	PPP5 TPR repeat region
Phum-OR502AA_003_000741.1	eggnog	regulation of TOR signaling
Phum-OR502AA_003_000100.1	eggnog	Elicitin
Phum-OR502AA_003_000740.1	eggnog	protein kinase activity
Phum-OR502AA_003_000101.1	eggnog	COG4 transport protein
Phum-OR502AA_003_000102.1	eggnog	domain-containing protein
Phum-OR502AA_003_000103.1	eggnog	domain-containing protein
Phum-OR502AA_003_000739.1	eggnog	domain-containing protein
Phum-OR502AA_003_000104.1	eggnog	FK506 binding
Phum-OR502AA_003_000738.1	eggnog	Pyrophosphatase that hydrolyzes non-canonical purine nucleotides such as inosine triphosphate (ITP), deoxyinosine triphosphate (dITP) or xanthosine 5'-triphosphate (XTP) to their respective monophosphate derivatives
Phum-OR502AA_003_000105.1	eggnog	Ciliary BBSome complex subunit 2, C-terminal
Phum-OR502AA_003_000737.1	blastp	Homology to Peronospora farinosa predicted protein CAH0491212.1
Phum-OR502AA_003_000736.1	eggnog	Aminotransferase class I and II
Phum-OR502AA_003_000735.1	eggnog	Phosphofructokinase
Phum-OR502AA_003_000106.1	eggnog	domain-containing protein
Phum-OR502AA_003_000734.1	interproscan	G3DSA:3.40.50.1240 domain-containing protein
Phum-OR502AA_003_000107.1	eggnog	Sec23-binding domain of Sec16
Phum-OR502AA_003_000733.1	eggnog	regulatory subunit
Phum-OR502AA_003_000108.1	eggnog	Histidine phosphatase superfamily (branch 2)
Phum-OR502AA_003_000732.1	eggnog	Transmembrane proteins 14C
Phum-OR502AA_003_000731.1	eggnog	Transmembrane proteins 14C
Phum-OR502AA_003_000730.1	eggnog	domain-containing protein
Phum-OR502AA_003_000109.1	eggnog	Sedlin, N-terminal conserved region
Phum-OR502AA_003_000729.1	eggnog	Protein tyrosine kinase
Phum-OR502AA_003_000110.1	unannotated	Hypothetical protein of unknown function
Phum-OR502AA_003_000111.1	eggnog	domain-containing protein
Phum-OR502AA_003_000112.1	eggnog	Vta1 like
Phum-OR502AA_003_000728.1	eggnog	tRNA (Guanine-1)-methyltransferase
Phum-OR502AA_003_000727.1	interproscan	MBT_PHF20L1-like (cd20104)
Phum-OR502AA_003_000113.1	eggnog	Calcium-activated chloride channel
Phum-OR502AA_003_000114.1	eggnog	domain-containing protein
Phum-OR502AA_003_000115.1	blastp	Homology to Peronospora farinosa predicted protein CAH0491195.1
Phum-OR502AA_003_000726.1	eggnog	internal peptidyl-lysine acetylation
Phum-OR502AA_003_000725.1	eggnog	Glycosyltransferase (GlcNAc)
Phum-OR502AA_003_000724.1	blastp	Homology to Phytophthora fragariae;Phytophthora rubi predicted protein KAE8910301.1
Phum-OR502AA_003_000116.1	eggnog	Microfibril-associated/Pre-mRNA processing
Phum-OR502AA_003_000723.1	eggnog	domain-containing protein
Phum-OR502AA_003_000117.1	eggnog	domain-containing protein
Phum-OR502AA_003_000722.1	eggnog	Phosphodiesterase responsible for the U6 snRNA 3' end processing
Phum-OR502AA_003_000721.1	eggnog	Melanoma-associated antigen
Phum-OR502AA_003_000118.1	eggnog	domain-containing protein
Phum-OR502AA_003_000720.1	eggnog	domain-containing protein
Phum-OR502AA_003_000119.1	interproscan	PTHR39211 domain-containing protein
Phum-OR502AA_003_000719.1	eggnog	meiotic DNA integrity checkpoint
Phum-OR502AA_003_000718.1	eggnog	CCT motif
Phum-OR502AA_003_000120.1	interproscan	PTHR46370 domain-containing protein
Phum-OR502AA_003_000717.1	eggnog	Etoposide-induced protein 2.4 (EI24)
Phum-OR502AA_003_000716.1	eggnog	Etoposide-induced protein 2.4 (EI24)
Phum-OR502AA_003_000121.1	blastp	Homology to Phytophthora ramorum predicted protein KAH7479289.1
Phum-OR502AA_003_000122.1	eggnog	domain-containing protein
Phum-OR502AA_003_000123.1	eggnog	Glycosyl hydrolase family 81
Phum-OR502AA_003_000124.1	eggnog	domain-containing protein
Phum-OR502AA_003_000715.1	eggnog	protein heterodimerization activity
Phum-OR502AA_003_000125.1	eggnog	protein heterodimerization activity
Phum-OR502AA_003_000714.1	eggnog	Histone H2B
Phum-OR502AA_003_000126.1	eggnog	The coatomer is a cytosolic protein complex that binds to dilysine motifs and reversibly associates with Golgi non- clathrin-coated vesicles, which further mediate biosynthetic protein transport from the ER, via the Golgi up to the trans Golgi network
Phum-OR502AA_003_000713.1	eggnog	Cupin superfamily protein
Phum-OR502AA_003_000127.1	eggnog	domain-containing protein
Phum-OR502AA_003_000128.1	eggnog	MreB/Mbl protein
Phum-OR502AA_003_000129.1	eggnog	domain-containing protein
Phum-OR502AA_003_000712.1	eggnog	Major Facilitator Superfamily
Phum-OR502AA_003_000130.1	blastp	Homology to Phytophthora infestans predicted protein KAI9995847.1
Phum-OR502AA_003_000131.1	blastp	Homology to Phytophthora cactorum predicted protein KAG3007846.1
Phum-OR502AA_003_000711.1	eggnog	domain-containing protein
Phum-OR502AA_003_000132.1	eggnog	DYW family of nucleic acid deaminases
Phum-OR502AA_003_000133.1	unannotated	Hypothetical protein of unknown function
Phum-OR502AA_003_000134.1	eggnog	Glycosyl hydrolase family 81
Phum-OR502AA_003_000135.1	eggnog	protein kinase C activity
Phum-OR502AA_003_000710.1	eggnog	RNA ligase
Phum-OR502AA_003_000709.1	eggnog	RNA ligase
Phum-OR502AA_003_000136.1	blastp	Homology to Phytophthora capsici predicted protein KAG1693108.1
Phum-OR502AA_003_000137.1	eggnog	Fingers domain of DNA polymerase lambda
Phum-OR502AA_003_000138.1	blastp	Homology to Peronospora farinosa predicted protein CAH0491232.1
Phum-OR502AA_003_000708.1	blastp	Homology to Phytophthora nicotianae predicted protein XP_008903684.1
Phum-OR502AA_003_000139.1	blastp	Homology to Peronospora effusa predicted protein CAI5704634.1
Phum-OR502AA_003_000707.1	eggnog	Peptidase C13 family
Phum-OR502AA_003_000140.1	eggnog	domain-containing protein
Phum-OR502AA_003_000141.1	eggnog	Ribosomal protein L11 methyltransferase (PrmA)
Phum-OR502AA_003_000706.1	eggnog	1-acylglycerol-3-phosphate O-acyltransferase activity
Phum-OR502AA_003_000142.1	interproscan	PTHR21574 domain-containing protein
Phum-OR502AA_003_000705.1	eggnog	domain-containing protein
Phum-OR502AA_003_000704.1	interproscan	SSF53098 domain-containing protein
Phum-OR502AA_003_000143.1	eggnog	Flavoprotein
Phum-OR502AA_003_000703.1	eggnog	Biotin/lipoate A/B protein ligase family
Phum-OR502AA_003_000144.1	eggnog	Peptidase family C50
Phum-OR502AA_003_000145.1	eggnog	Lysine methyltransferase
Phum-OR502AA_003_000702.1	interproscan	PTHR46682 domain-containing protein
Phum-OR502AA_003_000146.1	blastp	Homology to Phytophthora pseudosyringae predicted protein KAG7389741.1
Phum-OR502AA_003_000147.1	eggnog	Glutamine amidotransferases class-II
Phum-OR502AA_003_000701.1	eggnog	CAS/CSE protein, C-terminus
Phum-OR502AA_003_000148.1	eggnog	Protein present in Fab1, YOTB, Vac1, and EEA1
Phum-OR502AA_003_000700.1	eggnog	Cyclin_C
Phum-OR502AA_003_000699.1	interproscan	PTHR23112 domain-containing protein
Phum-OR502AA_003_000698.1	eggnog	domain-containing protein
Phum-OR502AA_003_000697.1	eggnog	Dynein heavy chain and region D6 of dynein motor
Phum-OR502AA_003_000149.1	eggnog	multicellular organismal reproductive process
Phum-OR502AA_003_000696.1	eggnog	60s Acidic ribosomal protein
Phum-OR502AA_003_000695.1	eggnog	Ankyrin repeats (many copies)
Phum-OR502AA_003_000150.1	eggnog	Necessary for the splicing of pre-mRNA
Phum-OR502AA_003_000694.1	eggnog	Sel1-like repeats
Phum-OR502AA_003_000693.1	blastp	Homology to Peronospora farinosa predicted protein CAH0489989.1
Phum-OR502AA_003_000151.1	interproscan	PTHR21641 domain-containing protein
Phum-OR502AA_003_000692.1	eggnog	domain-containing protein
Phum-OR502AA_003_000691.1	unannotated	Hypothetical protein of unknown function
Phum-OR502AA_003_000690.1	eggnog	Ribosomal protein L7Ae/L30e/S12e/Gadd45 family
Phum-OR502AA_003_000689.1	eggnog	Protein of unknown function (DUF2817)
Phum-OR502AA_003_000152.1	eggnog	domain-containing protein
Phum-OR502AA_003_000688.1	eggnog	Domain in Tre-2, BUB2p, and Cdc16p
Phum-OR502AA_003_000153.1	eggnog	1,3-beta-glucan synthase component
Phum-OR502AA_003_000154.1	eggnog	1,3-beta-glucan synthase subunit FKS1
Phum-OR502AA_003_000687.1	eggnog	Ankyrin repeat
Phum-OR502AA_003_000155.1	eggnog	Endoplasmic Reticulum Oxidoreductin 1 (ERO1)
Phum-OR502AA_003_000686.1	eggnog	Glutamine amidotransferase class-I
Phum-OR502AA_003_000156.1	eggnog	Belongs to the aldehyde dehydrogenase family
Phum-OR502AA_003_000685.1	eggnog	Enoyl-(Acyl carrier protein) reductase
Phum-OR502AA_003_000157.1	eggnog	Glutamine amidotransferase class-I
Phum-OR502AA_003_000684.1	eggnog	domain-containing protein
Phum-OR502AA_003_000683.1	eggnog	Maintenance of mitochondrial structure and function
Phum-OR502AA_003_000158.1	unannotated	Hypothetical protein of unknown function
Phum-OR502AA_003_000159.1	interproscan	PTHR16230 domain-containing protein
Phum-OR502AA_003_000160.1	eggnog	Protein tyrosine kinase
Phum-OR502AA_003_000161.1	eggnog	Belongs to the malate synthase family
Phum-OR502AA_003_000682.1	eggnog	LNS2
Phum-OR502AA_003_000681.1	eggnog	ATP-binding dynein motor region D5
Phum-OR502AA_003_000162.1	eggnog	Ran-interacting Mog1 protein
Phum-OR502AA_003_000163.1	eggnog	BT1 family
Phum-OR502AA_003_000164.1	interproscan	PTHR35899 domain-containing protein
Phum-OR502AA_003_000165.1	eggnog	Low molecular weight phosphatase family
Phum-OR502AA_003_000680.1	interproscan	PTHR35899 domain-containing protein
Phum-OR502AA_003_000679.1	eggnog	Ran-interacting Mog1 protein
Phum-OR502AA_003_000166.1	eggnog	TIP49 C-terminus
Phum-OR502AA_003_000167.1	blastp	Homology to Phytophthora lilii predicted protein GMF10454.1
Phum-OR502AA_003_000678.1	eggnog	Required for maturation of ribosomal RNAs and formation of the large ribosomal subunit
Phum-OR502AA_003_000168.1	eggnog	1-phosphatidylinositol 4-kinase activity
Phum-OR502AA_003_000677.1	eggnog	Peptidase M50B-like
Phum-OR502AA_003_000676.1	eggnog	Domain of unknown function UPF0086
Phum-OR502AA_003_000169.1	eggnog	domain-containing protein
Phum-OR502AA_003_000675.1	eggnog	ELMO/CED-12 family
Phum-OR502AA_003_000170.1	blastp	Homology to Peronospora belbahrii predicted protein CAH0477268.1
Phum-OR502AA_003_000674.1	eggnog	Ankyrin repeat
Phum-OR502AA_003_000171.1	unannotated	Hypothetical protein of unknown function
Phum-OR502AA_003_000172.1	eggnog	tRNA (Guanine-1)-methyltransferase
Phum-OR502AA_003_000673.1	eggnog	guanyl-nucleotide exchange factor activity
Phum-OR502AA_003_000173.1	blastp	Homology to Phytophthora citrophthora predicted protein KAK1948186.1
Phum-OR502AA_003_000672.1	blastp	Homology to Phytophthora aleatoria predicted protein KAG6969599.1
Phum-OR502AA_003_000174.1	interproscan	PTHR31827 domain-containing protein
Phum-OR502AA_003_000175.1	eggnog	tRNAPhe (7-(3-amino-3-carboxypropyl)wyosine37-C2)-hydroxylase activity
Phum-OR502AA_003_000671.1	eggnog	function. Source PGD
Phum-OR502AA_003_000670.1	eggnog	tRNAPhe (7-(3-amino-3-carboxypropyl)wyosine37-C2)-hydroxylase activity
Phum-OR502AA_003_000176.1	eggnog	GTP binding
Phum-OR502AA_003_000177.1	eggnog	domain-containing protein
Phum-OR502AA_003_000669.1	eggnog	Protein of unknown function (DUF1168)
Phum-OR502AA_003_000178.1	eggnog	Ribosomal protein L13
Phum-OR502AA_003_000668.1	eggnog	CH-like domain in sperm protein
Phum-OR502AA_003_000179.1	blastp	Homology to Phytophthora cactorum predicted protein KAF1789480.1
Phum-OR502AA_003_000667.1	eggnog	Mitochondrial carrier protein
Phum-OR502AA_003_000180.1	eggnog	Papain family cysteine protease
Phum-OR502AA_003_000181.1	eggnog	Papain family cysteine protease
Phum-OR502AA_003_000182.1	eggnog	Papain family cysteine protease
Phum-OR502AA_003_000183.1	unannotated	Hypothetical protein of unknown function
Phum-OR502AA_003_000666.1	eggnog	Assembly, mitochondrial proton-transport ATP synth complex
Phum-OR502AA_003_000184.1	interproscan	PTHR31827 domain-containing protein
Phum-OR502AA_003_000185.1	blastp	Homology to Phytophthora infestans predicted protein KAF4044007.1
Phum-OR502AA_003_000186.1	blastp	Homology to Peronospora effusa predicted protein RQM18322.1
Phum-OR502AA_003_000665.1	blastp	Homology to Peronospora destructor predicted protein CAI5733421.1
Phum-OR502AA_003_000664.1	eggnog	domain-containing protein
Phum-OR502AA_003_000187.1	eggnog	Small subunit of acetolactate synthase
Phum-OR502AA_003_000188.1	eggnog	Serine carboxypeptidase
Phum-OR502AA_003_000663.1	eggnog	peroxisome organization
Phum-OR502AA_003_000189.1	eggnog	Assembly, mitochondrial proton-transport ATP synth complex
Phum-OR502AA_003_000662.1	blastp	Homology to Phytophthora cactorum predicted protein KAG2769670.1
Phum-OR502AA_003_000661.1	interproscan	G3DSA:1.10.10.60 domain-containing protein
Phum-OR502AA_003_000190.1	eggnog	Mitochondrial PGP phosphatase
Phum-OR502AA_003_000660.1	eggnog	FAM177 family
Phum-OR502AA_003_000659.1	blastp	Homology to Phytophthora ramorum predicted protein KAH7479138.1
Phum-OR502AA_003_000658.1	eggnog	domain-containing protein
Phum-OR502AA_003_000657.1	blastp	Homology to Peronospora effusa predicted protein RQM18254.1
Phum-OR502AA_003_000656.1	eggnog	Histidyl-tRNA synthetase
Phum-OR502AA_003_000191.1	blastp	Homology to Phytophthora palmivora predicted protein POM71044.1
Phum-OR502AA_003_000192.1	eggnog	ankyrin repeats
Phum-OR502AA_003_000655.1	blastp	Homology to Phytophthora palmivora predicted protein POM71044.1
Phum-OR502AA_003_000654.1	unannotated	Hypothetical protein of unknown function
Phum-OR502AA_003_000193.1	eggnog	WD domain, G-beta repeat
Phum-OR502AA_003_000653.1	eggnog	Ubiquitin-like autophagy protein Apg12
Phum-OR502AA_003_000194.1	eggnog	Signal recognition particle receptor beta subunit
Phum-OR502AA_003_000652.1	interproscan	BRCT_Rev1 (cd17719)
Phum-OR502AA_003_000195.1	eggnog	WD40 repeats
Phum-OR502AA_003_000651.1	eggnog	domain-containing protein
Phum-OR502AA_003_000196.1	eggnog	domain-containing protein
Phum-OR502AA_003_000197.1	eggnog	Uncharacterised conserved protein (DUF2373)
Phum-OR502AA_003_000650.1	eggnog	Histidine phosphatase superfamily (branch 2)
Phum-OR502AA_003_000198.1	blastp	Homology to Phytophthora pseudosyringae predicted protein KAG7393552.1
Phum-OR502AA_003_000649.1	eggnog	Glutamine cyclotransferase
Phum-OR502AA_003_000199.1	eggnog	domain-containing protein
Phum-OR502AA_003_000648.1	eggnog	domain-containing protein
Phum-OR502AA_003_000200.1	eggnog	6,7-dihydropteridine reductase activity
Phum-OR502AA_003_000647.1	eggnog	nuclear localization sequence binding
Phum-OR502AA_003_000201.1	eggnog	Endomembrane protein 70
Phum-OR502AA_003_000646.1	eggnog	CW-type Zinc Finger
Phum-OR502AA_003_000202.1	eggnog	CHY zinc finger
Phum-OR502AA_003_000645.1	unannotated	Hypothetical protein of unknown function
Phum-OR502AA_003_000644.1	eggnog	Phosphate acyltransferases
Phum-OR502AA_003_000203.1	eggnog	domain-containing protein
Phum-OR502AA_003_000643.1	eggnog	domain-containing protein
Phum-OR502AA_003_000204.1	eggnog	Phosphate acyltransferases
Phum-OR502AA_003_000205.1	blastp	Homology to Phytophthora pseudosyringae predicted protein KAG7393567.1
Phum-OR502AA_003_000206.1	eggnog	ROK family
Phum-OR502AA_003_000642.1	eggnog	Paf1
Phum-OR502AA_003_000207.1	eggnog	spectrin binding
Phum-OR502AA_003_000641.1	eggnog	Domain Homologous to E6-AP Carboxyl Terminus with
Phum-OR502AA_003_000640.1	blastp	Homology to Phytophthora cinnamomi predicted protein KAG6609251.1
Phum-OR502AA_003_000639.1	eggnog	Adaptin AP4 complex epsilon appendage platform
Phum-OR502AA_003_000208.1	eggnog	WD domain, G-beta repeat
Phum-OR502AA_003_000209.1	eggnog	O-Glycosyl hydrolase family 30
Phum-OR502AA_003_000638.1	unannotated	Hypothetical protein of unknown function
Phum-OR502AA_003_000210.1	eggnog	Protein of unknown function (DUF1679)
Phum-OR502AA_003_000211.1	eggnog	domain-containing protein
Phum-OR502AA_003_000212.1	interproscan	PTHR15410 domain-containing protein
Phum-OR502AA_003_000213.1	eggnog	Ribosomal protein L22p/L17e
Phum-OR502AA_003_000214.1	unannotated	Hypothetical protein of unknown function
Phum-OR502AA_003_000215.1	eggnog	Component of the post-replicative DNA mismatch repair system (MMR)
Phum-OR502AA_003_000216.1	eggnog	Leucine Rich repeat
Phum-OR502AA_003_000637.1	blastp	Homology to Peronospora effusa predicted protein CAI5725861.1
Phum-OR502AA_003_000217.1	eggnog	Tetratricopeptide repeat
Phum-OR502AA_003_000218.1	eggnog	Ribonucleotide reductase, small chain
Phum-OR502AA_003_000636.1	eggnog	domain-containing protein
Phum-OR502AA_003_000635.1	eggnog	RNA recognition motif
Phum-OR502AA_003_000219.1	eggnog	ATP synthase subunit C
Phum-OR502AA_003_000634.1	interproscan	SET_SETD9 (cd10537)
Phum-OR502AA_003_000220.1	eggnog	Surface antigen
Phum-OR502AA_003_000633.1	eggnog	Catalyzes the cleavage of glutathione into 5-oxo-L- proline and a Cys-Gly dipeptide
Phum-OR502AA_003_000221.1	blastp	Homology to Phytophthora cactorum predicted protein KAG2763212.1
Phum-OR502AA_003_000632.1	eggnog	inner dynein arm assembly
Phum-OR502AA_003_000631.1	eggnog	Elongation factor G C-terminus
Phum-OR502AA_003_000222.1	eggnog	1,3-beta-glucan synthase subunit FKS1
Phum-OR502AA_003_000630.1	eggnog	GTPase-activator protein for Ras-like GTPase
Phum-OR502AA_003_000223.1	eggnog	GTPase-activator protein for Ras-like GTPase
Phum-OR502AA_003_000224.1	eggnog	Hyaluronan / mRNA binding family
Phum-OR502AA_003_000629.1	eggnog	Possible plasma membrane-binding motif in junctophilins, PIP-5-kinases and protein kinases
Phum-OR502AA_003_000225.1	blastp	Homology to Phytophthora nicotianae predicted protein XP_008911554.1
Phum-OR502AA_003_000628.1	eggnog	C-terminal duplication domain of Friend of PRMT1
Phum-OR502AA_003_000226.1	eggnog	Tetratricopeptide repeat
Phum-OR502AA_003_000227.1	eggnog	Prolyl 4-hydroxylase alpha subunit homologues
Phum-OR502AA_003_000627.1	eggnog	fatty-acyl-CoA binding
Phum-OR502AA_003_000228.1	eggnog	HELICc2
Phum-OR502AA_003_000626.1	eggnog	domain-containing protein
Phum-OR502AA_003_000625.1	eggnog	domain-containing protein
Phum-OR502AA_003_000229.1	eggnog	domain-containing protein
Phum-OR502AA_003_000624.1	eggnog	Domain of unknown function (DUF4602)
Phum-OR502AA_003_000623.1	blastp	Homology to Phytophthora pseudosyringae predicted protein KAG7393618.1
Phum-OR502AA_003_000622.1	eggnog	Tetratricopeptide repeat
Phum-OR502AA_003_000230.1	eggnog	domain-containing protein
Phum-OR502AA_003_000621.1	eggnog	Ankyrin repeats (many copies)
Phum-OR502AA_003_000620.1	eggnog	Ankyrin repeats (many copies)
Phum-OR502AA_003_000231.1	eggnog	HSF-type DNA-binding
Phum-OR502AA_003_000619.1	eggnog	HSF-type DNA-binding
Phum-OR502AA_003_000232.1	eggnog	Peptidase family C69
Phum-OR502AA_003_000618.1	eggnog	Type III restriction enzyme, res subunit
Phum-OR502AA_003_000233.1	eggnog	emp24/gp25L/p24 family/GOLD
Phum-OR502AA_003_000617.1	eggnog	Type III restriction enzyme, res subunit
Phum-OR502AA_003_000234.1	eggnog	domain-containing protein
Phum-OR502AA_003_000616.1	eggnog	2OG-Fe(II) oxygenase superfamily
Phum-OR502AA_003_000615.1	blastp	Homology to Phytophthora fragariae predicted protein KAE8910545.1
Phum-OR502AA_003_000235.1	eggnog	cytidylate kinase activity
Phum-OR502AA_003_000614.1	eggnog	E1-E2 ATPase
Phum-OR502AA_003_000236.1	eggnog	Ribosomal protein L6e
Phum-OR502AA_003_000237.1	eggnog	Ribosomal protein L6e
Phum-OR502AA_003_000613.1	eggnog	domain-containing protein
Phum-OR502AA_003_000612.1	eggnog	GTP1/OBG
Phum-OR502AA_003_000611.1	eggnog	Belongs to the cation transport ATPase (P-type) (TC 3.A.3) family
Phum-OR502AA_003_000238.1	blastp	Homology to Peronospora destructor predicted protein CAI5747378.1
Phum-OR502AA_003_000239.1	eggnog	Elongation factor G C-terminus
Phum-OR502AA_003_000610.1	eggnog	Leucine Rich repeat
Phum-OR502AA_003_000609.1	eggnog	domain-containing protein
Phum-OR502AA_003_000608.1	blastp	Homology to Peronospora farinosa predicted protein CAH0489295.1
Phum-OR502AA_003_000607.1	eggnog	Regulator of chromosome condensation (RCC1) repeat
Phum-OR502AA_003_000240.1	eggnog	domain-containing protein
Phum-OR502AA_003_000606.1	blastp	Homology to Peronospora farinosa predicted protein CAI5730011.1
Phum-OR502AA_003_000241.1	blastp	Homology to Phytophthora sojae predicted protein XP_009515389.1
Phum-OR502AA_003_000605.1	eggnog	cytoskeletal protein binding
Phum-OR502AA_003_000242.1	eggnog	FYVE zinc finger
Phum-OR502AA_003_000604.1	eggnog	The pyruvate dehydrogenase complex catalyzes the overall conversion of pyruvate to acetyl-CoA and CO(2)
Phum-OR502AA_003_000243.1	eggnog	Ubiquitin Carboxyl-terminal Hydrolase-like zinc finger
Phum-OR502AA_003_000603.1	eggnog	domain-containing protein
Phum-OR502AA_003_000244.1	eggnog	domain-containing protein
Phum-OR502AA_003_000245.1	blastp	Homology to Phytophthora cactorum predicted protein KAG3201963.1
Phum-OR502AA_003_000246.1	blastp	Homology to Peronospora farinosa predicted protein CAH0489295.1
Phum-OR502AA_003_000602.1	eggnog	phosphomevalonate kinase activity
Phum-OR502AA_003_000247.1	eggnog	regulation of cilium movement involved in cell motility
Phum-OR502AA_003_000601.1	blastp	Homology to Phytophthora pseudosyringae predicted protein KAG7382747.1
Phum-OR502AA_003_000248.1	eggnog	regulation of cilium movement involved in cell motility
Phum-OR502AA_003_000600.1	eggnog	ubiquitin-dependent protein catabolic process via the N-end rule pathway
Phum-OR502AA_003_000249.1	blastp	Homology to Phytophthora idaei predicted protein KAG3117986.1
Phum-OR502AA_003_000599.1	blastp	Homology to Peronospora effusa predicted protein RMX66417.1
Phum-OR502AA_003_000598.1	eggnog	Sodium/hydrogen exchanger family
Phum-OR502AA_003_000597.1	eggnog	Sodium/hydrogen exchanger family
Phum-OR502AA_003_000596.1	eggnog	Sodium/hydrogen exchanger family
Phum-OR502AA_003_000250.1	eggnog	Mycolic acid cyclopropane synthetase
Phum-OR502AA_003_000251.1	blastp	Homology to Peronospora destructor predicted protein CAI5729771.1
Phum-OR502AA_003_000252.1	eggnog	Mycolic acid cyclopropane synthetase
Phum-OR502AA_003_000253.1	eggnog	Mycolic acid cyclopropane synthetase
Phum-OR502AA_003_000254.1	eggnog	Leucine Rich repeat
Phum-OR502AA_003_000255.1	eggnog	Tyrosine phosphatase family
Phum-OR502AA_003_000595.1	eggnog	Soluble NSF attachment protein, SNAP
Phum-OR502AA_003_000256.1	eggnog	PFU (PLAA family ubiquitin binding)
Phum-OR502AA_003_000594.1	eggnog	domain-containing protein
Phum-OR502AA_003_000593.1	eggnog	Rab guanyl-nucleotide exchange factor activity
Phum-OR502AA_003_000257.1	eggnog	Ribosomal L27e protein family
Phum-OR502AA_003_000258.1	eggnog	phosphomevalonate kinase activity
Phum-OR502AA_003_000259.1	eggnog	domain-containing protein
Phum-OR502AA_003_000592.1	eggnog	Ribosomal protein L35Ae
Phum-OR502AA_003_000591.1	eggnog	Oligonucleotide/oligosaccharide-binding (OB)-fold
Phum-OR502AA_003_000590.1	interproscan	SPL-RING_NSE2 (cd16651)
Phum-OR502AA_003_000260.1	eggnog	motif in proteasome subunits, Int-6, Nip-1 and TRIP-15
Phum-OR502AA_003_000589.1	eggnog	Sulfite exporter TauE/SafE
Phum-OR502AA_003_000261.1	interproscan	G3DSA:3.40.30.10 domain-containing protein
Phum-OR502AA_003_000588.1	eggnog	bZIP transcription factor
Phum-OR502AA_003_000262.1	blastp	Homology to Peronospora destructor predicted protein CAI5745041.1
Phum-OR502AA_003_000587.1	eggnog	Ribosomal protein S13/S18
Phum-OR502AA_003_000263.1	eggnog	The proteasome is a multicatalytic proteinase complex which is characterized by its ability to cleave peptides with Arg, Phe, Tyr, Leu, and Glu adjacent to the leaving group at neutral or slightly basic pH
Phum-OR502AA_003_000586.1	eggnog	Prenyltransferase and squalene oxidase repeat
Phum-OR502AA_003_000585.1	eggnog	RWD
Phum-OR502AA_003_000264.1	blastp	Homology to Phytophthora fragariae predicted protein KAE9332761.1
Phum-OR502AA_003_000265.1	eggnog	microtubule binding
Phum-OR502AA_003_000266.1	eggnog	ThiF family
Phum-OR502AA_003_000267.1	eggnog	Haloacid dehalogenase-like hydrolase
Phum-OR502AA_003_000584.1	blastp	Homology to Peronospora destructor predicted protein CAI5729791.1
Phum-OR502AA_003_000268.1	eggnog	Functions as component of the Arp2 3 complex which is involved in regulation of actin polymerization and together with an activating nucleation-promoting factor (NPF) mediates the formation of branched actin networks
Phum-OR502AA_003_000583.1	eggnog	domain-containing protein
Phum-OR502AA_003_000269.1	eggnog	DDE superfamily endonuclease
Phum-OR502AA_003_000582.1	interproscan	G3DSA:2.30.29.30 domain-containing protein
Phum-OR502AA_003_000270.1	eggnog	Ribonuclease P 40kDa (Rpp40) subunit
Phum-OR502AA_003_000581.1	eggnog	Tetratricopeptide repeats
Phum-OR502AA_003_000271.1	eggnog	domain-containing protein
Phum-OR502AA_003_000580.1	unannotated	Hypothetical protein of unknown function
Phum-OR502AA_003_000579.1	eggnog	Glycosyl transferases group 1
Phum-OR502AA_003_000272.1	blastp	Homology to Peronospora farinosa predicted protein CAH0487699.1
Phum-OR502AA_003_000578.1	eggnog	domain-containing protein
Phum-OR502AA_003_000273.1	eggnog	pseudouridine synthase activity
Phum-OR502AA_003_000274.1	eggnog	pseudouridine synthase activity
Phum-OR502AA_003_000577.1	unannotated	Hypothetical protein of unknown function
Phum-OR502AA_003_000576.1	eggnog	Ubiquitin-conjugating enzyme E2, catalytic domain homologues
Phum-OR502AA_003_000275.1	eggnog	occurring C-terminal to leucine-rich repeats
Phum-OR502AA_003_000276.1	blastp	Homology to Peronospora destructor predicted protein CAI5713485.1
Phum-OR502AA_003_000277.1	unannotated	Hypothetical protein of unknown function
Phum-OR502AA_003_000278.1	eggnog	Ion channel
Phum-OR502AA_003_000575.1	eggnog	Cytochrome P450
Phum-OR502AA_003_000574.1	eggnog	DIE2/ALG10 family
Phum-OR502AA_003_000279.1	blastp	Homology to Phytophthora nicotianae predicted protein ETI40176.1
Phum-OR502AA_003_000280.1	blastp	Homology to Phytophthora sojae predicted protein XP_009515256.1
Phum-OR502AA_003_000573.1	eggnog	Dynein heavy chain, N-terminal region 1
Phum-OR502AA_003_000572.1	blastp	Homology to Phytophthora fragariae predicted protein KAE9257525.1
Phum-OR502AA_003_000571.1	eggnog	Ion channel
Phum-OR502AA_003_000570.1	eggnog	Ion channel
Phum-OR502AA_003_000569.1	unannotated	Hypothetical protein of unknown function
Phum-OR502AA_003_000568.1	blastp	Homology to Peronospora destructor predicted protein CAI5713485.1
Phum-OR502AA_003_000567.1	blastp	Homology to Peronospora destructor predicted protein CAI5713485.1
Phum-OR502AA_003_000566.1	eggnog	occurring C-terminal to leucine-rich repeats
Phum-OR502AA_003_000281.1	eggnog	Ubiquitin-conjugating enzyme E2, catalytic domain homologues
Phum-OR502AA_003_000282.1	unannotated	Hypothetical protein of unknown function
Phum-OR502AA_003_000283.1	eggnog	Crinkler (CRN) family protein
Phum-OR502AA_003_000565.1	eggnog	Crinkler (CRN) family protein
Phum-OR502AA_003_000284.1	unannotated	Hypothetical protein of unknown function
Phum-OR502AA_003_000285.1	eggnog	GTPase activator activity
Phum-OR502AA_003_000564.1	eggnog	Ribosomal protein L6
Phum-OR502AA_003_000563.1	eggnog	zinc finger
Phum-OR502AA_003_000286.1	blastp	Homology to Phytophthora aleatoria predicted protein KAG6966776.1
Phum-OR502AA_003_000287.1	eggnog	Transcription factor IIIC subunit delta N-term
Phum-OR502AA_003_000562.1	eggnog	Cysteine-rich secretory protein family
Phum-OR502AA_003_000288.1	eggnog	Protein present in Fab1, YOTB, Vac1, and EEA1
Phum-OR502AA_003_000289.1	eggnog	Conserved hypothetical ATP binding protein
Phum-OR502AA_003_000290.1	eggnog	Cysteine-rich secretory protein family
Phum-OR502AA_003_000561.1	interproscan	G3DSA:1.10.238.10 domain-containing protein
Phum-OR502AA_003_000560.1	eggnog	domain-containing protein
Phum-OR502AA_003_000291.1	eggnog	Radial spoke protein 3
Phum-OR502AA_003_000292.1	eggnog	Ankyrin repeats (many copies)
Phum-OR502AA_003_000559.1	eggnog	FAM183A and FAM183B related
Phum-OR502AA_003_000558.1	interproscan	PTHR13297 domain-containing protein
Phum-OR502AA_003_000557.1	blastp	Homology to Phytophthora lilii predicted protein GMF11725.1
Phum-OR502AA_003_000556.1	eggnog	Ubiquitin homologues
Phum-OR502AA_003_000293.1	eggnog	Ribosomal protein L7Ae/L30e/S12e/Gadd45 family
Phum-OR502AA_003_000294.1	eggnog	Isopentenyl transferase
Phum-OR502AA_003_000555.1	eggnog	domain-containing protein
Phum-OR502AA_003_000295.1	eggnog	Protein of unknown function (DUF663)
Phum-OR502AA_003_000554.1	eggnog	Ubiquitin homologues
Phum-OR502AA_003_000553.1	blastp	Homology to Phytophthora cinnamomi predicted protein KAJ8571694.1
Phum-OR502AA_003_000296.1	eggnog	domain-containing protein
Phum-OR502AA_003_000297.1	eggnog	Iron/zinc purple acid phosphatase-like protein C
Phum-OR502AA_003_000298.1	eggnog	Proteasome subunit A N-terminal signature Add an annotation
Phum-OR502AA_003_000552.1	blastp	Homology to Phytophthora capsici predicted protein KAG1703261.1
Phum-OR502AA_003_000299.1	eggnog	Putative DNA-binding domain in centromere protein B, mouse jerky and transposases
Phum-OR502AA_003_000300.1	eggnog	Putative DNA-binding domain in centromere protein B, mouse jerky and transposases
Phum-OR502AA_003_000551.1	blastp	Homology to Phytophthora pseudosyringae predicted protein KAG7391176.1
Phum-OR502AA_003_000550.1	eggnog	domain-containing protein
Phum-OR502AA_003_000301.1	eggnog	ATPase family associated with various cellular activities (AAA)
Phum-OR502AA_003_000549.1	interproscan	PTHR13269 domain-containing protein
Phum-OR502AA_003_000548.1	eggnog	domain-containing protein
Phum-OR502AA_003_000547.1	eggnog	Activator of Hsp90 ATPase, N-terminal
Phum-OR502AA_003_000302.1	blastp	Homology to Phytophthora palmivora predicted protein POM73910.1
Phum-OR502AA_003_000546.1	eggnog	domain-containing protein
Phum-OR502AA_003_000303.1	blastp	Homology to Phytophthora idaei predicted protein KAG3235265.1
Phum-OR502AA_003_000545.1	unannotated	Hypothetical protein of unknown function
Phum-OR502AA_003_000304.1	blastp	Homology to Peronospora effusa predicted protein CAI5726456.1
Phum-OR502AA_003_000305.1	blastp	Homology to Peronospora effusa predicted protein CAI5726456.1
Phum-OR502AA_003_000306.1	blastp	Homology to Peronospora effusa predicted protein CAI5726456.1
Phum-OR502AA_003_000307.1	unannotated	Hypothetical protein of unknown function
Phum-OR502AA_003_000308.1	blastp	Homology to Peronospora effusa predicted protein CAI5726456.1
Phum-OR502AA_003_000309.1	blastp	Homology to Peronospora effusa predicted protein CAI5726456.1
Phum-OR502AA_003_000310.1	unannotated	Hypothetical protein of unknown function
Phum-OR502AA_003_000311.1	blastp	Homology to Peronospora effusa predicted protein CAI5726456.1
Phum-OR502AA_003_000312.1	blastp	Homology to Peronospora effusa predicted protein CAI5726456.1
Phum-OR502AA_003_000313.1	blastp	Homology to Peronospora effusa predicted protein CAI5700401.1
Phum-OR502AA_003_000314.1	blastp	Homology to Peronospora effusa predicted protein CAI5700401.1
Phum-OR502AA_003_000315.1	blastp	Homology to Peronospora effusa predicted protein CAI5700401.1
Phum-OR502AA_003_000316.1	blastp	Homology to Peronospora effusa predicted protein CAI5700401.1
Phum-OR502AA_003_000317.1	unannotated	Hypothetical protein of unknown function
Phum-OR502AA_003_000318.1	blastp	Homology to Peronospora effusa predicted protein CAI5700401.1
Phum-OR502AA_003_000319.1	unannotated	Hypothetical protein of unknown function
Phum-OR502AA_003_000320.1	blastp	Homology to Peronospora effusa predicted protein CAI5700401.1
Phum-OR502AA_003_000321.1	unannotated	Hypothetical protein of unknown function
Phum-OR502AA_003_000322.1	blastp	Homology to Peronospora effusa predicted protein CAI5700401.1
Phum-OR502AA_003_000323.1	unannotated	Hypothetical protein of unknown function
Phum-OR502AA_003_000324.1	blastp	Homology to Peronospora effusa predicted protein CAI5700401.1
Phum-OR502AA_003_000544.1	eggnog	domain-containing protein
Phum-OR502AA_003_000543.1	eggnog	domain-containing protein
Phum-OR502AA_003_000542.1	interproscan	PTHR35796 domain-containing protein
Phum-OR502AA_003_000325.1	interproscan	PTHR35796 domain-containing protein
Phum-OR502AA_003_000326.1	eggnog	YIF1
Phum-OR502AA_003_000327.1	eggnog	pre-mRNA processing factor 3 (PRP3)
Phum-OR502AA_003_000328.1	eggnog	Zinc finger C-x8-C-x5-C-x3-H type (and similar)
Phum-OR502AA_003_000329.1	eggnog	domain-containing protein
Phum-OR502AA_003_000330.1	eggnog	Fis1 C-terminal tetratricopeptide repeat
Phum-OR502AA_003_000541.1	eggnog	ribosomal protein import into nucleus
Phum-OR502AA_003_000331.1	eggnog	Putative GTP-ase activating proteins for the small GTPase, ARF
Phum-OR502AA_003_000540.1	interproscan	SSF56112 domain-containing protein
Phum-OR502AA_003_000539.1	blastp	Homology to Peronospora belbahrii predicted protein CAH0478438.1
Phum-OR502AA_003_000538.1	eggnog	magnesium ion homeostasis
Phum-OR502AA_003_000537.1	eggnog	magnesium ion homeostasis
Phum-OR502AA_003_000536.1	eggnog	Plasma-membrane choline transporter
Phum-OR502AA_003_000332.1	eggnog	BRCA1-associated protein 2
Phum-OR502AA_003_000333.1	eggnog	ADP-ribosylation factor family
Phum-OR502AA_003_000535.1	eggnog	domain-containing protein
Phum-OR502AA_003_000334.1	eggnog	domain-containing protein
Phum-OR502AA_003_000534.1	blastp	Homology to Peronospora effusa predicted protein RMX68209.1
Phum-OR502AA_003_000533.1	unannotated	Hypothetical protein of unknown function
Phum-OR502AA_003_000335.1	eggnog	Transient receptor potential (TRP) ion channel
Phum-OR502AA_003_000336.1	eggnog	rRNA (uridine-N3-)-methyltransferase activity (FDXACB1)
Phum-OR502AA_003_000532.1	blastp	Homology to Phytophthora palmivora predicted protein POM73910.1
Phum-OR502AA_003_000531.1	unannotated	Hypothetical protein of unknown function
Phum-OR502AA_003_000337.1	eggnog	Proteasome/cyclosome repeat
Phum-OR502AA_003_000338.1	eggnog	occurring C-terminal to leucine-rich repeats
Phum-OR502AA_003_000530.1	blastp	Homology to Peronospora belbahrii predicted protein CAH0481412.1
Phum-OR502AA_003_000339.1	eggnog	DNA/RNA non-specific endonuclease
Phum-OR502AA_003_000340.1	eggnog	domain-containing protein
Phum-OR502AA_003_000341.1	blastp	Homology to Peronospora effusa predicted protein RQM18368.1
Phum-OR502AA_003_000342.1	eggnog	Tubulin-tyrosine ligase family
Phum-OR502AA_003_000343.1	eggnog	Cullin family
Phum-OR502AA_003_000344.1	eggnog	Belongs to the adenylate kinase family
Phum-OR502AA_003_000529.1	eggnog	Phosphatidylinositol-4-phosphate 5-Kinase
Phum-OR502AA_003_000345.1	eggnog	Belongs to the TRAFAC class myosin-kinesin ATPase superfamily
Phum-OR502AA_003_000346.1	eggnog	tRNA (uracil) methyltransferase activity
Phum-OR502AA_003_000347.1	interproscan	PTHR37384 domain-containing protein
Phum-OR502AA_003_000348.1	eggnog	DNA polymerase family A
Phum-OR502AA_003_000528.1	eggnog	domain-containing protein
Phum-OR502AA_003_000527.1	unannotated	Hypothetical protein of unknown function
Phum-OR502AA_003_000349.1	eggnog	Protein tyrosine kinase
Phum-OR502AA_003_000526.1	interproscan	PTHR33664 domain-containing protein
Phum-OR502AA_003_000350.1	interproscan	PTHR13439 domain-containing protein
Phum-OR502AA_003_000525.1	eggnog	EamA-like transporter family
Phum-OR502AA_003_000351.1	interproscan	PTHR33664 domain-containing protein
Phum-OR502AA_003_000352.1	blastp	Homology to Plasmopara viticola predicted protein QUJ09333.1
Phum-OR502AA_003_000353.1	unannotated	Hypothetical protein of unknown function
Phum-OR502AA_003_000354.1	eggnog	Belongs to the ubiquitin-conjugating enzyme family
Phum-OR502AA_003_000524.1	eggnog	Fatty acid hydroxylase superfamily
Phum-OR502AA_003_000355.1	eggnog	Involved in autophagy and cytoplasm to vacuole transport (Cvt) vesicle formation
Phum-OR502AA_003_000523.1	eggnog	Protection of Telomeres
Phum-OR502AA_003_000522.1	eggnog	Sugar (and other) transporter
Phum-OR502AA_003_000356.1	eggnog	Sugar (and other) transporter
Phum-OR502AA_003_000521.1	eggnog	RNA polymerase II proximal promoter sequence-specific DNA binding
Phum-OR502AA_003_000357.1	eggnog	domain-containing protein
Phum-OR502AA_003_000358.1	unannotated	Hypothetical protein of unknown function
Phum-OR502AA_003_000359.1	blastp	Homology to Peronospora destructor predicted protein CAI5746191.1
Phum-OR502AA_003_000360.1	eggnog	Complex 1 protein (LYR family)
Phum-OR502AA_003_000361.1	eggnog	domain-containing protein
Phum-OR502AA_003_000520.1	eggnog	WD domain, G-beta repeat
Phum-OR502AA_003_000362.1	blastp	Homology to Peronospora destructor predicted protein CAI5746195.1
Phum-OR502AA_003_000519.1	unannotated	Hypothetical protein of unknown function
Phum-OR502AA_003_000518.1	unannotated	Hypothetical protein of unknown function
Phum-OR502AA_003_000363.1	eggnog	RNA recognition motif
Phum-OR502AA_003_000517.1	eggnog	UDP-N-acetylhexosamine pyrophosphorylase
Phum-OR502AA_003_000516.1	eggnog	domain-containing protein
Phum-OR502AA_003_000364.1	eggnog	RING-type zinc-finger
Phum-OR502AA_003_000515.1	eggnog	P-loop containing dynein motor region D4
Phum-OR502AA_003_000514.1	eggnog	domain-containing protein
Phum-OR502AA_003_000513.1	eggnog	GINS complex protein
Phum-OR502AA_003_000365.1	eggnog	Aspartyl/Asparaginyl beta-hydroxylase
Phum-OR502AA_003_000512.1	eggnog	domain-containing protein
Phum-OR502AA_003_000366.1	eggnog	domain-containing protein
Phum-OR502AA_003_000367.1	blastp	Homology to Phytophthora idaei predicted protein KAG3116037.1
Phum-OR502AA_003_000368.1	eggnog	Protein phosphatase 2A regulatory B subunit (B56 family)
Phum-OR502AA_003_000369.1	eggnog	EGF domain, unclasssified subfamily
Phum-OR502AA_003_000511.1	eggnog	hTAFII28-like protein conserved region
Phum-OR502AA_003_000510.1	blastp	Homology to Peronospora farinosa predicted protein CAH0491065.1
Phum-OR502AA_003_000370.1	blastp	Homology to Phytophthora cactorum predicted protein KAG2779157.1
Phum-OR502AA_003_000371.1	eggnog	Domain of unknown function (DUF3336)
Phum-OR502AA_003_000372.1	eggnog	Leucine carboxyl methyltransferase
Phum-OR502AA_003_000373.1	eggnog	Calpain-like thiol protease family
Phum-OR502AA_003_000374.1	eggnog	LUC7 N_terminus
Phum-OR502AA_003_000509.1	blastp	Homology to Peronospora belbahrii predicted protein CAH0481378.1
Phum-OR502AA_003_000375.1	eggnog	domain-containing protein
Phum-OR502AA_003_000376.1	eggnog	Vacuolar sorting 38 and autophagy-related subunit 14
Phum-OR502AA_003_000508.1	eggnog	RNA polymerases D
Phum-OR502AA_003_000507.1	eggnog	protein dimerization activity
Phum-OR502AA_003_000506.1	eggnog	May be involved in the degradation of misfolded endoplasmic reticulum (ER) luminal proteins
Phum-OR502AA_003_000377.1	eggnog	domain-containing protein
Phum-OR502AA_003_000378.1	eggnog	Alg9-like mannosyltransferase family
Phum-OR502AA_003_000505.1	eggnog	RNA recognition motif
Phum-OR502AA_003_000379.1	eggnog	domain-containing protein
Phum-OR502AA_003_000504.1	eggnog	Rhodanase C-terminal
Phum-OR502AA_003_000503.1	eggnog	Rhodanase C-terminal
Phum-OR502AA_003_000380.1	eggnog	O-methyltransferase
Phum-OR502AA_003_000381.1	eggnog	Domain in the RNA-binding Lupus La protein; unknown function
Phum-OR502AA_003_000382.1	eggnog	Domain in the RNA-binding Lupus La protein; unknown function
Phum-OR502AA_003_000502.1	eggnog	Protein of unknown function (DUF 659)
Phum-OR502AA_003_000501.1	eggnog	O-methyltransferase
Phum-OR502AA_003_000500.1	blastp	Homology to Phytophthora megakarya predicted protein OWY99697.1
Phum-OR502AA_003_000383.1	blastp	Homology to Phytophthora megakarya predicted protein OWY99697.1
Phum-OR502AA_003_000499.1	blastp	Homology to Peronospora destructor predicted protein CAI5747242.1
Phum-OR502AA_003_000384.1	eggnog	regulation of early endosome to recycling endosome transport
Phum-OR502AA_003_000385.1	eggnog	regulation of early endosome to recycling endosome transport
Phum-OR502AA_003_000386.1	eggnog	regulation of early endosome to recycling endosome transport
Phum-OR502AA_003_000498.1	eggnog	domain-containing protein
Phum-OR502AA_003_000387.1	blastp	Homology to Phytophthora idaei predicted protein KAG3113977.1
Phum-OR502AA_003_000388.1	eggnog	Plug domain of Sec61p
Phum-OR502AA_003_000497.1	blastp	Homology to Phytophthora nicotianae predicted protein ETP41862.1
Phum-OR502AA_003_000389.1	interproscan	BZIP transcription factor 1 C-terminal domain (PF27643)
Phum-OR502AA_003_000496.1	eggnog	Alkaline phosphatase
Phum-OR502AA_003_000495.1	eggnog	Phosphoglycerate mutase family
Phum-OR502AA_003_000494.1	eggnog	Phosphoglycerate mutase family
Phum-OR502AA_003_000390.1	eggnog	Alkaline phosphatase
Phum-OR502AA_003_000391.1	eggnog	Mitochondrial 18 KDa protein (MTP18)
Phum-OR502AA_003_000392.1	blastp	Homology to Phytophthora nicotianae predicted protein KUF92839.1
Phum-OR502AA_003_000493.1	unannotated	Hypothetical protein of unknown function
Phum-OR502AA_003_000492.1	eggnog	Protein tyrosine kinase
Phum-OR502AA_003_000393.1	eggnog	CCT motif
Phum-OR502AA_003_000394.1	eggnog	Neddylation of cullins play an essential role in the regulation of SCF-type complexes activity
Phum-OR502AA_003_000395.1	eggnog	DDHD
Phum-OR502AA_003_000491.1	eggnog	domain-containing protein
Phum-OR502AA_003_000396.1	eggnog	Extension to Ser/Thr-type protein kinases
Phum-OR502AA_003_000490.1	eggnog	peptidyl-prolyl cis-trans isomerase activity
Phum-OR502AA_003_000489.1	eggnog	WD domain, G-beta repeat
Phum-OR502AA_003_000488.1	eggnog	Polynucleotide kinase 3 phosphatase
Phum-OR502AA_003_000487.1	eggnog	Polynucleotide kinase 3 phosphatase
Phum-OR502AA_003_000397.1	eggnog	Protein present in Fab1, YOTB, Vac1, and EEA1
Phum-OR502AA_003_000398.1	blastp	Homology to Peronospora belbahrii predicted protein CAH0481357.1
Phum-OR502AA_003_000486.1	eggnog	Glycine cleavage H-protein
Phum-OR502AA_003_000485.1	eggnog	Belongs to the peptidase M76 family
Phum-OR502AA_003_000484.1	eggnog	domain-containing protein
Phum-OR502AA_003_000399.1	eggnog	Essential subunit of the N-oligosaccharyl transferase (OST) complex which catalyzes the transfer of a high mannose oligosaccharide from a lipid-linked oligosaccharide donor to an asparagine residue within an Asn-X-Ser Thr consensus motif in nascent polypeptide chains
Phum-OR502AA_003_000483.1	eggnog	Ribosomal protein L3
Phum-OR502AA_003_000400.1	eggnog	domain-containing protein
Phum-OR502AA_003_000482.1	eggnog	domain-containing protein
Phum-OR502AA_003_000481.1	eggnog	domain-containing protein
Phum-OR502AA_003_000401.1	eggnog	Aconitase family (aconitate hydratase)
Phum-OR502AA_003_000402.1	eggnog	Transmembrane amino acid transporter protein
Phum-OR502AA_003_000403.1	eggnog	Lipopolysaccharide kinase (Kdo/WaaP) family
Phum-OR502AA_003_000480.1	blastp	Homology to Peronospora farinosa predicted protein CAI5738240.1
Phum-OR502AA_003_000479.1	blastp	Homology to Phytophthora cinnamomi predicted protein KAG6614679.1
Phum-OR502AA_003_000478.1	unannotated	Hypothetical protein of unknown function
Phum-OR502AA_003_000477.1	unannotated	Hypothetical protein of unknown function
Phum-OR502AA_003_000404.1	eggnog	Protein present in Fab1, YOTB, Vac1, and EEA1
Phum-OR502AA_003_000476.1	blastp	Homology to Phytophthora pseudosyringae predicted protein KAG7381020.1
Phum-OR502AA_003_000475.1	eggnog	Ribosomal protein S30
Phum-OR502AA_003_000405.1	eggnog	Biotin-requiring enzyme
Phum-OR502AA_003_000406.1	eggnog	Domain of unknown function DUF21
Phum-OR502AA_003_000407.1	eggnog	RNA cytidine acetyltransferase with specificity toward both 18S rRNA and tRNAs
Phum-OR502AA_003_000474.1	blastp	Homology to Phytophthora capsici predicted protein KAG1692927.1
Phum-OR502AA_003_000408.1	eggnog	ADP-ribosylglycohydrolase
Phum-OR502AA_003_000409.1	eggnog	Protein of unknown function (DUF667)
Phum-OR502AA_003_000473.1	eggnog	Phosphoglucomutase/phosphomannomutase, alpha/beta/alpha domain II
Phum-OR502AA_003_000410.1	eggnog	mRNA capping enzyme, beta chain
Phum-OR502AA_003_000472.1	eggnog	bZIP transcription factor
Phum-OR502AA_003_000411.1	eggnog	domain-containing protein
Phum-OR502AA_003_000471.1	eggnog	50S ribosome-binding GTPase
Phum-OR502AA_003_000412.1	blastp	Homology to Phytophthora pseudosyringae predicted protein KAG7385742.1
Phum-OR502AA_003_000470.1	eggnog	snRNA import into nucleus
Phum-OR502AA_003_000413.1	eggnog	Required for endonucleolytic cleavage during polyadenylation-dependent pre-mRNA 3'-end formation
Phum-OR502AA_003_000469.1	eggnog	PPR repeat
Phum-OR502AA_003_000414.1	eggnog	B-block binding subunit of TFIIIC
Phum-OR502AA_003_000468.1	eggnog	Catalyzes the oxidation of uric acid to 5- hydroxyisourate, which is further processed to form (S)-allantoin
Phum-OR502AA_003_000467.1	eggnog	May participate in a complex which severs microtubules in an ATP-dependent manner
Phum-OR502AA_003_000415.1	eggnog	Cornichon protein
Phum-OR502AA_003_000416.1	eggnog	negative regulation of TOR signaling
Phum-OR502AA_003_000417.1	blastp	Homology to Phytophthora fragariae predicted protein KAE8891172.1
Phum-OR502AA_003_000418.1	eggnog	Protein present in Fab1, YOTB, Vac1, and EEA1
Phum-OR502AA_003_000419.1	interproscan	c(""""""""TB2/DP1"""""""", """""""" HVA22 family"""""""") (PF03134)
Phum-OR502AA_003_000466.1	eggnog	AAA domain (Cdc48 subfamily)
Phum-OR502AA_003_000465.1	eggnog	Tetraspanin family
Phum-OR502AA_003_000420.1	blastp	Homology to Phytophthora cactorum predicted protein KAG3196597.1
Phum-OR502AA_003_000464.1	blastp	Homology to Phytophthora lilii predicted protein GMF25607.1
Phum-OR502AA_003_000463.1	eggnog	Pyridine nucleotide-disulphide oxidoreductase
Phum-OR502AA_003_000421.1	eggnog	Complex 1 protein (LYR family)
Phum-OR502AA_003_000462.1	eggnog	domain-containing protein
Phum-OR502AA_003_000422.1	eggnog	Short calmodulin-binding motif containing conserved Ile and Gln residues
Phum-OR502AA_003_000461.1	eggnog	domain-containing protein
Phum-OR502AA_003_000460.1	blastp	Homology to Phytophthora megakarya predicted protein OWZ21102.1
Phum-OR502AA_003_000459.1	eggnog	Domain in Tre-2, BUB2p, and Cdc16p
Phum-OR502AA_003_000423.1	eggnog	domain-containing protein
Phum-OR502AA_003_000458.1	eggnog	microtubule nucleation by interphase microtubule organizing center
Phum-OR502AA_003_000457.1	eggnog	Protein tyrosine kinase
Phum-OR502AA_003_000424.1	eggnog	Domain of unknown function (DUF3819)
Phum-OR502AA_003_000456.1	eggnog	TATA-binding related factor (TRF) of subunit 20 of Mediator complex
Phum-OR502AA_003_000425.1	interproscan	PTHR31827 domain-containing protein
Phum-OR502AA_003_000455.1	eggnog	Glycine cleavage H-protein
Phum-OR502AA_003_000426.1	eggnog	domain-containing protein
Phum-OR502AA_003_000454.1	eggnog	Glycerophosphoryl diester phosphodiesterase family
Phum-OR502AA_003_000453.1	unannotated	Hypothetical protein of unknown function
Phum-OR502AA_003_000452.1	blastp	Homology to Phytophthora lilii predicted protein GMF34697.1
Phum-OR502AA_003_000451.1	eggnog	2-oxoglutarate dehydrogenase C-terminal
Phum-OR502AA_003_000427.1	interproscan	PTHR44314 domain-containing protein
Phum-OR502AA_003_000450.1	eggnog	Inositol polyphosphate kinase
Phum-OR502AA_003_000428.1	eggnog	ER lumen protein retaining receptor
Phum-OR502AA_003_000449.1	eggnog	domain-containing protein
Phum-OR502AA_003_000429.1	eggnog	Metallo-beta-lactamase superfamily
Phum-OR502AA_003_000430.1	eggnog	Metallo-beta-lactamase superfamily
Phum-OR502AA_003_000431.1	unannotated	Hypothetical protein of unknown function
Phum-OR502AA_003_000448.1	eggnog	domain-containing protein
Phum-OR502AA_003_000447.1	eggnog	Tetratricopeptide repeat
Phum-OR502AA_003_000432.1	eggnog	Ribosomal protein L7Ae/L30e/S12e/Gadd45 family
Phum-OR502AA_003_000446.1	eggnog	domain-containing protein
Phum-OR502AA_003_000433.1	eggnog	3'-5' exonuclease
Phum-OR502AA_003_000445.1	interproscan	SSF48340 domain-containing protein
Phum-OR502AA_003_000444.1	blastp	Homology to Phytophthora nicotianae predicted protein ETK75515.1
Phum-OR502AA_003_000434.1	eggnog	Belongs to the class I-like SAM-binding methyltransferase superfamily
Phum-OR502AA_003_000435.1	eggnog	Prenyltransferase and squalene oxidase repeat
Phum-OR502AA_003_000443.1	eggnog	Removes the N-terminal methionine from nascent proteins
Phum-OR502AA_003_000442.1	eggnog	Protein of unknown function (DUF1279)
Phum-OR502AA_003_000436.1	eggnog	axonemal central apparatus assembly
Phum-OR502AA_003_000441.1	interproscan	G3DSA:2.40.50.140 domain-containing protein
Phum-OR502AA_003_000440.1	eggnog	transposition, RNA-mediated
Phum-OR502AA_003_000439.1	unannotated	Hypothetical protein of unknown function
Phum-OR502AA_003_000438.1	unannotated	Hypothetical protein of unknown function
Phum-OR502AA_003_000437.1	unannotated	Hypothetical protein of unknown function
Phum-OR502AA_004_000001.1	eggnog	Belongs to the Ca(2 ) cation antiporter (CaCA) (TC 2.A.19) family
Phum-OR502AA_004_000002.1	blastp	Homology to Phytophthora cinnamomi predicted protein KAG6615456.1
Phum-OR502AA_004_000494.1	blastp	Homology to Phytophthora citrophthora predicted protein KAK1930070.1
Phum-OR502AA_004_000493.1	blastp	Homology to Phytophthora pseudosyringae predicted protein KAG7383707.1
Phum-OR502AA_004_000492.1	blastp	Homology to Peronospora belbahrii predicted protein CAH0517696.1
Phum-OR502AA_004_000003.1	blastp	Homology to Phytophthora citrophthora predicted protein KAK1930070.1
Phum-OR502AA_004_000491.1	eggnog	Belongs to the Ca(2 ) cation antiporter (CaCA) (TC 2.A.19) family
Phum-OR502AA_004_000004.1	eggnog	domain-containing protein
Phum-OR502AA_004_000005.1	unannotated	Hypothetical protein of unknown function
Phum-OR502AA_004_000490.1	unannotated	Hypothetical protein of unknown function
Phum-OR502AA_004_000489.1	blastp	Homology to Peronospora destructor predicted protein CAI5710311.1
Phum-OR502AA_004_000488.1	eggnog	domain-containing protein
Phum-OR502AA_004_000006.1	eggnog	Microtubule-binding stalk of dynein motor
Phum-OR502AA_004_000007.1	eggnog	domain-containing protein
Phum-OR502AA_004_000487.1	eggnog	Enoyl-CoA hydratase/isomerase
Phum-OR502AA_004_000008.1	eggnog	Rtr1/RPAP2 family
Phum-OR502AA_004_000486.1	eggnog	GNL3L/Grn1 putative GTPase
Phum-OR502AA_004_000009.1	eggnog	Trm112p-like protein
Phum-OR502AA_004_000485.1	eggnog	TATA element modulatory factor 1 TATA binding
Phum-OR502AA_004_000010.1	eggnog	Uncharacterized conserved protein H4 (DUF2046)
Phum-OR502AA_004_000484.1	eggnog	domain-containing protein
Phum-OR502AA_004_000483.1	eggnog	Lipopolysaccharide kinase (Kdo/WaaP) family
Phum-OR502AA_004_000482.1	eggnog	WD domain, G-beta repeat
Phum-OR502AA_004_000011.1	eggnog	Domain in cystathionine beta-synthase and other proteins
Phum-OR502AA_004_000481.1	eggnog	domain-containing protein
Phum-OR502AA_004_000012.1	eggnog	spectrin binding
Phum-OR502AA_004_000013.1	eggnog	Belongs to the heat shock protein 70 family
Phum-OR502AA_004_000480.1	eggnog	protein folding in endoplasmic reticulum
Phum-OR502AA_004_000479.1	eggnog	Transmembrane amino acid transporter protein
Phum-OR502AA_004_000478.1	eggnog	function. Source PGD
Phum-OR502AA_004_000014.1	blastp	Homology to Phytophthora nicotianae predicted protein ETI52089.1
Phum-OR502AA_004_000477.1	blastp	Homology to Phytophthora fragariae predicted protein KAE9280479.1
Phum-OR502AA_004_000476.1	interproscan	PTHR22895 domain-containing protein
Phum-OR502AA_004_000015.1	unannotated	Hypothetical protein of unknown function
Phum-OR502AA_004_000016.1	interproscan	PTHR38130 domain-containing protein
Phum-OR502AA_004_000475.1	eggnog	Soluble NSF attachment protein, SNAP
Phum-OR502AA_004_000017.1	unannotated	Hypothetical protein of unknown function
Phum-OR502AA_004_000018.1	eggnog	Soluble NSF attachment protein, SNAP
Phum-OR502AA_004_000019.1	unannotated	Hypothetical protein of unknown function
Phum-OR502AA_004_000020.1	eggnog	Soluble NSF attachment protein, SNAP
Phum-OR502AA_004_000021.1	unannotated	Hypothetical protein of unknown function
Phum-OR502AA_004_000474.1	unannotated	Hypothetical protein of unknown function
Phum-OR502AA_004_000473.1	eggnog	Soluble NSF attachment protein, SNAP
Phum-OR502AA_004_000022.1	eggnog	Soluble NSF attachment protein, SNAP
Phum-OR502AA_004_000023.1	unannotated	Hypothetical protein of unknown function
Phum-OR502AA_004_000472.1	unannotated	Hypothetical protein of unknown function
Phum-OR502AA_004_000471.1	blastp	Homology to Phytophthora rubi predicted protein KAE9025462.1
Phum-OR502AA_004_000470.1	eggnog	WD40 repeats
Phum-OR502AA_004_000469.1	interproscan	PTHR36052 domain-containing protein
Phum-OR502AA_004_000024.1	eggnog	Ribosomal protein L7Ae/L30e/S12e/Gadd45 family
Phum-OR502AA_004_000468.1	eggnog	JmjC domain, hydroxylase
Phum-OR502AA_004_000025.1	interproscan	G3DSA:3.40.50.12710 domain-containing protein
Phum-OR502AA_004_000467.1	eggnog	WD domain, G-beta repeat
Phum-OR502AA_004_000466.1	eggnog	Transmembrane amino acid transporter protein
Phum-OR502AA_004_000026.1	unannotated	Hypothetical protein of unknown function
Phum-OR502AA_004_000027.1	unannotated	Hypothetical protein of unknown function
Phum-OR502AA_004_000465.1	unannotated	Hypothetical protein of unknown function
Phum-OR502AA_004_000464.1	unannotated	Hypothetical protein of unknown function
Phum-OR502AA_004_000028.1	eggnog	WD40 repeats
Phum-OR502AA_004_000029.1	blastp	Homology to Peronospora farinosa predicted protein CAI5707485.1
Phum-OR502AA_004_000030.1	eggnog	Protein of unknown function (DUF563)
Phum-OR502AA_004_000031.1	eggnog	domain-containing protein
Phum-OR502AA_004_000463.1	interproscan	EFHB C-terminal EF-hand domain (PF25325)
Phum-OR502AA_004_000032.1	interproscan	PTHR18950 domain-containing protein
Phum-OR502AA_004_000462.1	interproscan	G3DSA:1.25.40.10 domain-containing protein
Phum-OR502AA_004_000461.1	blastp	Homology to Phytophthora nicotianae predicted protein ETP49860.1
Phum-OR502AA_004_000460.1	eggnog	gag-polypeptide of LTR copia-type
Phum-OR502AA_004_000459.1	interproscan	PTHR31485 domain-containing protein
Phum-OR502AA_004_000033.1	interproscan	PTHR13510 domain-containing protein
Phum-OR502AA_004_000034.1	eggnog	Elicitin
Phum-OR502AA_004_000035.1	eggnog	Elicitin
Phum-OR502AA_004_000458.1	blastp	Homology to Peronospora destructor predicted protein CAI5720728.1
Phum-OR502AA_004_000457.1	blastp	Homology to Phytophthora lilii predicted protein GMF09558.1
Phum-OR502AA_004_000036.1	eggnog	phosphopantetheine binding
Phum-OR502AA_004_000037.1	unannotated	Hypothetical protein of unknown function
Phum-OR502AA_004_000038.1	eggnog	cyclic nucleotide-gated ion channel activity
Phum-OR502AA_004_000456.1	unannotated	Hypothetical protein of unknown function
Phum-OR502AA_004_000455.1	unannotated	Hypothetical protein of unknown function
Phum-OR502AA_004_000039.1	eggnog	Prephenate dehydratase
Phum-OR502AA_004_000040.1	eggnog	Prephenate dehydratase
Phum-OR502AA_004_000041.1	blastp	Homology to Peronospora belbahrii predicted protein CAH0476861.1
Phum-OR502AA_004_000042.1	interproscan	PTHR10210 domain-containing protein
Phum-OR502AA_004_000454.1	blastp	Homology to Phytophthora nicotianae predicted protein ETL98615.1
Phum-OR502AA_004_000043.1	blastp	Homology to Phytophthora nicotianae predicted protein ETK92053.1
Phum-OR502AA_004_000453.1	eggnog	domain-containing protein
Phum-OR502AA_004_000044.1	eggnog	domain-containing protein
Phum-OR502AA_004_000452.1	eggnog	Golgi apparatus membrane protein TVP23 homolog
Phum-OR502AA_004_000451.1	eggnog	N-terminal domain of ribose phosphate pyrophosphokinase
Phum-OR502AA_004_000045.1	eggnog	helicase activity
Phum-OR502AA_004_000046.1	eggnog	Optic atrophy 3 protein (OPA3)
Phum-OR502AA_004_000450.1	unannotated	Hypothetical protein of unknown function
Phum-OR502AA_004_000449.1	blastp	Homology to Peronospora effusa predicted protein RMX64082.1
Phum-OR502AA_004_000448.1	eggnog	domain-containing protein
Phum-OR502AA_004_000447.1	eggnog	domain-containing protein
Phum-OR502AA_004_000446.1	eggnog	Sad1 / UNC-like C-terminal
Phum-OR502AA_004_000047.1	unannotated	Hypothetical protein of unknown function
Phum-OR502AA_004_000445.1	eggnog	Sad1 / UNC-like C-terminal
Phum-OR502AA_004_000048.1	unannotated	Hypothetical protein of unknown function
Phum-OR502AA_004_000444.1	eggnog	Sad1 / UNC-like C-terminal
Phum-OR502AA_004_000049.1	unannotated	Hypothetical protein of unknown function
Phum-OR502AA_004_000443.1	eggnog	Sad1 / UNC-like C-terminal
Phum-OR502AA_004_000050.1	unannotated	Hypothetical protein of unknown function
Phum-OR502AA_004_000051.1	eggnog	domain-containing protein
Phum-OR502AA_004_000052.1	eggnog	domain-containing protein
Phum-OR502AA_004_000442.1	blastp	Homology to Peronospora effusa predicted protein RMX62124.1
Phum-OR502AA_004_000053.1	blastp	Homology to Phytophthora pseudosyringae predicted protein KAG7386839.1
Phum-OR502AA_004_000441.1	eggnog	domain-containing protein
Phum-OR502AA_004_000440.1	eggnog	Lipase (class 3)
Phum-OR502AA_004_000054.1	eggnog	Leucine Rich repeat
Phum-OR502AA_004_000439.1	eggnog	Lysine methyltransferase
Phum-OR502AA_004_000438.1	eggnog	transcription, DNA-templated
Phum-OR502AA_004_000055.1	eggnog	Endoplasmic Reticulum-Golgi Intermediate Compartment (ERGIC)
Phum-OR502AA_004_000056.1	eggnog	Centrosomal spindle body, CEP44
Phum-OR502AA_004_000437.1	blastp	Homology to Peronospora effusa predicted protein RMX65983.1
Phum-OR502AA_004_000057.1	eggnog	Rad4 beta-hairpin domain 2
Phum-OR502AA_004_000058.1	eggnog	Molybdenum Cofactor Synthesis C
Phum-OR502AA_004_000436.1	eggnog	RNA recognition motif
Phum-OR502AA_004_000435.1	eggnog	Pyrroline-5-carboxylate reductase dimerisation
Phum-OR502AA_004_000059.1	interproscan	PTHR16317 domain-containing protein
Phum-OR502AA_004_000434.1	eggnog	ELMO/CED-12 family
Phum-OR502AA_004_000060.1	eggnog	Type III restriction enzyme, res subunit
Phum-OR502AA_004_000433.1	eggnog	Aminotransferase class I and II
Phum-OR502AA_004_000432.1	eggnog	RNA pseudouridylate synthase
Phum-OR502AA_004_000431.1	eggnog	transposition, RNA-mediated
Phum-OR502AA_004_000061.1	blastp	Homology to Peronospora farinosa predicted protein CAH0486409.1
Phum-OR502AA_004_000430.1	blastp	Homology to Phytophthora infestans predicted protein KAF4030060.1
Phum-OR502AA_004_000429.1	blastp	Homology to Peronospora farinosa predicted protein CAH0486409.1
Phum-OR502AA_004_000428.1	blastp	Homology to Phytophthora infestans predicted protein KAF4030060.1
Phum-OR502AA_004_000062.1	blastp	Homology to Phytophthora infestans predicted protein KAF4030060.1
Phum-OR502AA_004_000063.1	blastp	Homology to Peronospora farinosa predicted protein CAH0486409.1
Phum-OR502AA_004_000064.1	interproscan	PTHR11188 domain-containing protein
Phum-OR502AA_004_000065.1	unannotated	Hypothetical protein of unknown function
Phum-OR502AA_004_000066.1	eggnog	domain-containing protein
Phum-OR502AA_004_000427.1	eggnog	Dynactin subunit p22
Phum-OR502AA_004_000426.1	interproscan	BZIP transcription factor 1 C-terminal domain (PF27643)
Phum-OR502AA_004_000067.1	interproscan	BZIP transcription factor 1 C-terminal domain (PF27643)
Phum-OR502AA_004_000068.1	blastp	Homology to Phytophthora nicotianae predicted protein XP_008916596.1
Phum-OR502AA_004_000069.1	eggnog	Poly (ADP-ribose) glycohydrolase (PARG)
Phum-OR502AA_004_000070.1	unannotated	Hypothetical protein of unknown function
Phum-OR502AA_004_000071.1	unannotated	Hypothetical protein of unknown function
Phum-OR502AA_004_000425.1	unannotated	Hypothetical protein of unknown function
Phum-OR502AA_004_000072.1	blastp	Homology to Peronospora destructor predicted protein CAI5718231.1
Phum-OR502AA_004_000073.1	blastp	Homology to Peronospora destructor predicted protein CAI5725600.1
Phum-OR502AA_004_000074.1	eggnog	Pantoate-beta-alanine ligase
Phum-OR502AA_004_000424.1	eggnog	RecQ zinc-binding
Phum-OR502AA_004_000075.1	eggnog	Eukaryotic aspartyl protease
Phum-OR502AA_004_000423.1	eggnog	Zinc finger, C2H2 type
Phum-OR502AA_004_000422.1	eggnog	transposition, RNA-mediated
Phum-OR502AA_004_000076.1	blastp	Homology to Peronospora belbahrii predicted protein CAH0474731.1
Phum-OR502AA_004_000421.1	interproscan	PTHR21229 domain-containing protein
Phum-OR502AA_004_000077.1	eggnog	Kinesin motor, catalytic domain. ATPase
Phum-OR502AA_004_000420.1	eggnog	tRNA synthetases class I (W and Y)
Phum-OR502AA_004_000078.1	blastp	Homology to Phytophthora nicotianae predicted protein ETI52322.1
Phum-OR502AA_004_000079.1	blastp	Homology to Phytophthora pseudosyringae predicted protein KAG7385441.1
Phum-OR502AA_004_000419.1	eggnog	FAD dependent oxidoreductase
Phum-OR502AA_004_000080.1	eggnog	domain-containing protein
Phum-OR502AA_004_000081.1	unannotated	Hypothetical protein of unknown function
Phum-OR502AA_004_000418.1	eggnog	Exocyst complex component Sec6
Phum-OR502AA_004_000082.1	interproscan	G3DSA:1.20.1270.60 domain-containing protein
Phum-OR502AA_004_000417.1	eggnog	Exocyst complex component Sec6
Phum-OR502AA_004_000083.1	interproscan	G3DSA:1.20.1270.60 domain-containing protein
Phum-OR502AA_004_000416.1	eggnog	Exocyst complex component Sec6
Phum-OR502AA_004_000084.1	interproscan	G3DSA:1.20.1270.60 domain-containing protein
Phum-OR502AA_004_000415.1	eggnog	Exocyst complex component Sec6
Phum-OR502AA_004_000085.1	interproscan	G3DSA:1.20.1270.60 domain-containing protein
Phum-OR502AA_004_000414.1	eggnog	Exocyst complex component Sec6
Phum-OR502AA_004_000086.1	interproscan	G3DSA:1.20.1270.60 domain-containing protein
Phum-OR502AA_004_000413.1	eggnog	Exocyst complex component Sec6
Phum-OR502AA_004_000087.1	interproscan	G3DSA:1.20.1270.60 domain-containing protein
Phum-OR502AA_004_000412.1	eggnog	Exocyst complex component Sec6
Phum-OR502AA_004_000088.1	interproscan	G3DSA:1.20.1270.60 domain-containing protein
Phum-OR502AA_004_000411.1	eggnog	Exocyst complex component Sec6
Phum-OR502AA_004_000089.1	interproscan	G3DSA:1.20.1270.60 domain-containing protein
Phum-OR502AA_004_000410.1	eggnog	Exocyst complex component Sec6
Phum-OR502AA_004_000090.1	interproscan	G3DSA:1.20.1270.60 domain-containing protein
Phum-OR502AA_004_000409.1	eggnog	Exocyst complex component Sec6
Phum-OR502AA_004_000091.1	interproscan	G3DSA:1.20.1270.60 domain-containing protein
Phum-OR502AA_004_000408.1	eggnog	Exocyst complex component Sec6
Phum-OR502AA_004_000092.1	interproscan	G3DSA:1.20.1270.60 domain-containing protein
Phum-OR502AA_004_000407.1	eggnog	Exocyst complex component Sec6
Phum-OR502AA_004_000093.1	interproscan	G3DSA:1.20.1270.60 domain-containing protein
Phum-OR502AA_004_000406.1	eggnog	Exocyst complex component Sec6
Phum-OR502AA_004_000094.1	interproscan	G3DSA:1.20.1270.60 domain-containing protein
Phum-OR502AA_004_000405.1	eggnog	Exocyst complex component Sec6
Phum-OR502AA_004_000095.1	eggnog	Domain in ubiquitin-specific proteases
Phum-OR502AA_004_000404.1	blastp	Homology to Phytophthora cactorum predicted protein KAG2767514.1
Phum-OR502AA_004_000096.1	eggnog	protein serine/threonine kinase activity
Phum-OR502AA_004_000403.1	eggnog	Zinc finger C-x8-C-x5-C-x3-H type (and similar)
Phum-OR502AA_004_000402.1	eggnog	GINS complex protein
Phum-OR502AA_004_000097.1	eggnog	Aida N-terminus
Phum-OR502AA_004_000401.1	eggnog	Exocyst complex component Sec6
Phum-OR502AA_004_000400.1	eggnog	Exocyst complex component Sec6
Phum-OR502AA_004_000098.1	interproscan	G3DSA:1.20.1270.60 domain-containing protein
Phum-OR502AA_004_000099.1	eggnog	PhoX homologous domain, present in p47phox and p40phox
Phum-OR502AA_004_000399.1	interproscan	G3DSA:1.20.1270.60 domain-containing protein
Phum-OR502AA_004_000100.1	eggnog	Exocyst complex component Sec6
Phum-OR502AA_004_000398.1	eggnog	Aida N-terminus
Phum-OR502AA_004_000101.1	eggnog	domain-containing protein
Phum-OR502AA_004_000397.1	eggnog	DCD
Phum-OR502AA_004_000102.1	eggnog	Initiation factor 2 subunit family
Phum-OR502AA_004_000396.1	blastp	Homology to Phytophthora cactorum predicted protein KAG2767579.1
Phum-OR502AA_004_000103.1	blastp	Homology to Phytophthora pseudosyringae predicted protein KAG7378860.1
Phum-OR502AA_004_000395.1	blastp	Homology to Phytophthora pseudosyringae predicted protein KAG7378860.1
Phum-OR502AA_004_000104.1	eggnog	domain-containing protein
Phum-OR502AA_004_000105.1	blastp	Homology to Peronospora destructor predicted protein CAI5747329.1
Phum-OR502AA_004_000106.1	eggnog	Prefoldin subunit
Phum-OR502AA_004_000394.1	interproscan	PTHR13168 domain-containing protein
Phum-OR502AA_004_000107.1	eggnog	Oxysterol-binding protein
Phum-OR502AA_004_000393.1	eggnog	Protein of unknown function (DUF1620)
Phum-OR502AA_004_000392.1	eggnog	Nfx1-type zinc finger-containing protein
Phum-OR502AA_004_000108.1	eggnog	Nfx1-type zinc finger-containing protein
Phum-OR502AA_004_000109.1	interproscan	G3DSA:2.60.120.260 domain-containing protein
Phum-OR502AA_004_000391.1	eggnog	RNA-directed 5'-3' RNA polymerase activity
Phum-OR502AA_004_000110.1	eggnog	cristae formation
Phum-OR502AA_004_000390.1	eggnog	domain-containing protein
Phum-OR502AA_004_000389.1	eggnog	domain-containing protein
Phum-OR502AA_004_000111.1	eggnog	Extension to Ser/Thr-type protein kinases
Phum-OR502AA_004_000112.1	eggnog	AAA domain, putative AbiEii toxin, Type IV TA system
Phum-OR502AA_004_000113.1	eggnog	Mannosyltransferase putative
Phum-OR502AA_004_000114.1	eggnog	MAP kinase
Phum-OR502AA_004_000115.1	eggnog	Sterile alpha motif
Phum-OR502AA_004_000388.1	eggnog	domain-containing protein
Phum-OR502AA_004_000116.1	eggnog	PP-loop family
Phum-OR502AA_004_000117.1	eggnog	domain-containing protein
Phum-OR502AA_004_000118.1	eggnog	domain-containing protein
Phum-OR502AA_004_000387.1	eggnog	Glycosyl hydrolase family 81
Phum-OR502AA_004_000119.1	eggnog	Glycosyl hydrolase family 81
Phum-OR502AA_004_000120.1	eggnog	Prefoldin subunit
Phum-OR502AA_004_000121.1	interproscan	G3DSA:1.10.418.10 domain-containing protein
Phum-OR502AA_004_000386.1	eggnog	domain-containing protein
Phum-OR502AA_004_000385.1	eggnog	Cysteine-rich secretory protein family
Phum-OR502AA_004_000384.1	eggnog	prostaglandin catabolic process
Phum-OR502AA_004_000122.1	interproscan	PTHR46518 domain-containing protein
Phum-OR502AA_004_000383.1	eggnog	protein targeting to lysosome
Phum-OR502AA_004_000123.1	eggnog	Ubiquitin-conjugating enzyme E2, catalytic domain homologues
Phum-OR502AA_004_000124.1	blastp	Homology to Phytophthora nicotianae predicted protein ETL45731.1
Phum-OR502AA_004_000382.1	eggnog	Ubiquitin-conjugating enzyme E2, catalytic domain homologues
Phum-OR502AA_004_000381.1	unannotated	Hypothetical protein of unknown function
Phum-OR502AA_004_000125.1	eggnog	Nsp1-like C-terminal region
Phum-OR502AA_004_000380.1	eggnog	Cysteine-rich secretory protein family
Phum-OR502AA_004_000126.1	unannotated	Hypothetical protein of unknown function
Phum-OR502AA_004_000127.1	eggnog	Cysteine-rich secretory protein family
Phum-OR502AA_004_000128.1	eggnog	Cysteine-rich secretory protein family
Phum-OR502AA_004_000129.1	eggnog	Cysteine-rich secretory protein family
Phum-OR502AA_004_000130.1	eggnog	Cysteine-rich secretory protein family
Phum-OR502AA_004_000131.1	eggnog	Cysteine-rich secretory protein family
Phum-OR502AA_004_000379.1	eggnog	Cysteine-rich secretory protein family
Phum-OR502AA_004_000378.1	eggnog	Cysteine-rich secretory protein family
Phum-OR502AA_004_000377.1	unannotated	Hypothetical protein of unknown function
Phum-OR502AA_004_000132.1	eggnog	Cysteine-rich secretory protein family
Phum-OR502AA_004_000376.1	eggnog	ABC1 family
Phum-OR502AA_004_000133.1	eggnog	DNA replication origin binding
Phum-OR502AA_004_000375.1	blastp	Homology to Phytophthora lilii predicted protein GMF13219.1
Phum-OR502AA_004_000134.1	eggnog	DNA replication origin binding
Phum-OR502AA_004_000135.1	eggnog	Zinc-finger of nitric oxide synthase-interacting protein
Phum-OR502AA_004_000374.1	blastp	Homology to Peronospora farinosa predicted protein CAH0488165.1
Phum-OR502AA_004_000136.1	unannotated	Hypothetical protein of unknown function
Phum-OR502AA_004_000137.1	blastp	Homology to Phytophthora nicotianae predicted protein XP_008890239.1
Phum-OR502AA_004_000138.1	blastp	Homology to Phytophthora megakarya predicted protein OWZ07041.1
Phum-OR502AA_004_000373.1	blastp	Homology to Phytophthora aleatoria predicted protein KAG6948161.1
Phum-OR502AA_004_000372.1	interproscan	G3DSA:2.60.120.680 domain-containing protein
Phum-OR502AA_004_000139.1	eggnog	Protein present in Fab1, YOTB, Vac1, and EEA1
Phum-OR502AA_004_000140.1	eggnog	Protein present in Fab1, YOTB, Vac1, and EEA1
Phum-OR502AA_004_000371.1	eggnog	Cysteine-rich secretory protein family
Phum-OR502AA_004_000370.1	interproscan	SSF101898 domain-containing protein
Phum-OR502AA_004_000369.1	eggnog	Domain present in VPS9
Phum-OR502AA_004_000141.1	eggnog	transcription, DNA-templated
Phum-OR502AA_004_000368.1	eggnog	Protein kinase C conserved region 2 (CalB)
Phum-OR502AA_004_000142.1	eggnog	Choline/Carnitine o-acyltransferase
Phum-OR502AA_004_000367.1	eggnog	domain-containing protein
Phum-OR502AA_004_000143.1	eggnog	RNA polymerase III transcription
Phum-OR502AA_004_000144.1	eggnog	protein K6-linked ubiquitination
Phum-OR502AA_004_000366.1	eggnog	Cysteine-rich secretory protein family
Phum-OR502AA_004_000365.1	eggnog	domain-containing protein
Phum-OR502AA_004_000145.1	eggnog	Belongs to the DHHC palmitoyltransferase family
Phum-OR502AA_004_000364.1	eggnog	Peptidase family M13
Phum-OR502AA_004_000146.1	eggnog	EXOIII
Phum-OR502AA_004_000147.1	eggnog	Calcium-activated chloride channel
Phum-OR502AA_004_000363.1	eggnog	UTP--glucose-1-phosphate uridylyltransferase
Phum-OR502AA_004_000362.1	eggnog	triglyceride catabolic process
Phum-OR502AA_004_000148.1	eggnog	domain-containing protein
Phum-OR502AA_004_000149.1	eggnog	domain-containing protein
Phum-OR502AA_004_000150.1	blastp	Homology to Phytophthora idaei predicted protein KAG3084260.1
Phum-OR502AA_004_000151.1	eggnog	Belongs to the DHHC palmitoyltransferase family
Phum-OR502AA_004_000152.1	eggnog	domain-containing protein
Phum-OR502AA_004_000361.1	eggnog	alpha/beta hydrolase fold
Phum-OR502AA_004_000153.1	interproscan	PTHR44227 domain-containing protein
Phum-OR502AA_004_000154.1	eggnog	domain-containing protein
Phum-OR502AA_004_000360.1	eggnog	Adenylate cyclase
Phum-OR502AA_004_000359.1	blastp	Homology to Phytophthora rubi predicted protein KAE9035391.1
Phum-OR502AA_004_000155.1	eggnog	DNA-dependent RNA polymerase catalyzes the transcription of DNA into RNA using the four ribonucleoside triphosphates as substrates
Phum-OR502AA_004_000358.1	eggnog	Belongs to the short-chain dehydrogenases reductases (SDR) family
Phum-OR502AA_004_000156.1	blastp	Homology to Phytophthora idaei predicted protein KAG3141130.1
Phum-OR502AA_004_000157.1	eggnog	Necrosis inducing protein (NPP1)
Phum-OR502AA_004_000158.1	eggnog	Snapin/Pallidin
Phum-OR502AA_004_000357.1	blastp	Homology to Phytophthora rubi predicted protein KAE9035393.1
Phum-OR502AA_004_000356.1	eggnog	RNA recognition motif
Phum-OR502AA_004_000159.1	eggnog	Necrosis inducing protein (NPP1)
Phum-OR502AA_004_000160.1	unannotated	Hypothetical protein of unknown function
Phum-OR502AA_004_000355.1	eggnog	Domain found in a variety of signalling proteins, always encircled by uDENN and dDENN
Phum-OR502AA_004_000354.1	eggnog	Eukaryotic family of unknown function (DUF1754)
Phum-OR502AA_004_000161.1	eggnog	Pyridine nucleotide-disulphide oxidoreductase
Phum-OR502AA_004_000162.1	eggnog	Eukaryotic family of unknown function (DUF1754)
Phum-OR502AA_004_000163.1	interproscan	PTHR43102 domain-containing protein
Phum-OR502AA_004_000353.1	eggnog	Asparaginase
Phum-OR502AA_004_000164.1	eggnog	domain-containing protein
Phum-OR502AA_004_000165.1	eggnog	Pirin
Phum-OR502AA_004_000166.1	eggnog	ubiquitin-protein transferase activity
Phum-OR502AA_004_000167.1	eggnog	Domain present in PSD-95, Dlg, and ZO-1/2
Phum-OR502AA_004_000352.1	eggnog	exopeptidase activity
Phum-OR502AA_004_000351.1	eggnog	Putative DNA-binding domain in centromere protein B, mouse jerky and transposases
Phum-OR502AA_004_000350.1	eggnog	ubiquitin-protein transferase activity
Phum-OR502AA_004_000168.1	eggnog	Alpha-kinase family
Phum-OR502AA_004_000349.1	blastp	Homology to Phytophthora cinnamomi predicted protein KAG6616673.1
Phum-OR502AA_004_000169.1	blastp	Homology to Phytophthora cactorum;Phytophthora idaei predicted protein KAG2781822.1
Phum-OR502AA_004_000348.1	interproscan	PTHR18947 domain-containing protein
Phum-OR502AA_004_000170.1	blastp	Homology to Phytophthora sojae predicted protein XP_009522252.1
Phum-OR502AA_004_000347.1	eggnog	microtubule plus end polymerase
Phum-OR502AA_004_000171.1	interproscan	PTHR18947 domain-containing protein
Phum-OR502AA_004_000346.1	blastp	Homology to Phytophthora sojae predicted protein XP_009522252.1
Phum-OR502AA_004_000345.1	blastp	Homology to Phytophthora aleatoria predicted protein KAG6961259.1
Phum-OR502AA_004_000344.1	interproscan	PTHR13510 domain-containing protein
Phum-OR502AA_004_000343.1	eggnog	Crinkler (CRN) family protein
Phum-OR502AA_004_000172.1	blastp	Homology to Phytophthora pseudosyringae predicted protein KAG7387115.1
Phum-OR502AA_004_000342.1	eggnog	Rubisco LSMT substrate-binding
Phum-OR502AA_004_000173.1	unannotated	Hypothetical protein of unknown function
Phum-OR502AA_004_000174.1	interproscan	PTHR13510 domain-containing protein
Phum-OR502AA_004_000175.1	eggnog	Rubisco LSMT substrate-binding
Phum-OR502AA_004_000341.1	blastp	Homology to Phytophthora pseudosyringae predicted protein KAG7387115.1
Phum-OR502AA_004_000340.1	eggnog	Acid Phosphatase
Phum-OR502AA_004_000176.1	eggnog	domain-containing protein
Phum-OR502AA_004_000177.1	unannotated	Hypothetical protein of unknown function
Phum-OR502AA_004_000178.1	eggnog	domain-containing protein
Phum-OR502AA_004_000339.1	eggnog	domain-containing protein
Phum-OR502AA_004_000338.1	eggnog	domain-containing protein
Phum-OR502AA_004_000337.1	eggnog	domain-containing protein
Phum-OR502AA_004_000179.1	eggnog	Dehydrogenase
Phum-OR502AA_004_000336.1	blastp	Homology to predicted protein KAH7506310.1
Phum-OR502AA_004_000180.1	blastp	Homology to Phytophthora cactorum predicted protein KAG3186361.1
Phum-OR502AA_004_000335.1	eggnog	Ras of Complex, Roc, domain of DAPkinase
Phum-OR502AA_004_000181.1	eggnog	F-actin-capping proteins bind in a Ca(2 )-independent manner to the fast growing ends of actin filaments (barbed end) thereby blocking the exchange of subunits at these ends
Phum-OR502AA_004_000334.1	eggnog	WD40 repeats
Phum-OR502AA_004_000333.1	eggnog	Aconitase family (aconitate hydratase)
Phum-OR502AA_004_000182.1	eggnog	domain-containing protein
Phum-OR502AA_004_000183.1	eggnog	Lysine methyltransferase
Phum-OR502AA_004_000184.1	eggnog	domain-containing protein
Phum-OR502AA_004_000185.1	blastp	Homology to Peronospora farinosa predicted protein CAH0488286.1
Phum-OR502AA_004_000332.1	eggnog	Essential component of the vacuolar proton pump (V- ATPase), a multimeric enzyme that catalyzes the translocation of protons across the membranes
Phum-OR502AA_004_000186.1	eggnog	Oxidoreductase family, NAD-binding Rossmann fold
Phum-OR502AA_004_000187.1	eggnog	Essential component of the vacuolar proton pump (V- ATPase), a multimeric enzyme that catalyzes the translocation of protons across the membranes
Phum-OR502AA_004_000331.1	blastp	Homology to Peronospora farinosa predicted protein CAH0488286.1
Phum-OR502AA_004_000330.1	eggnog	domain-containing protein
Phum-OR502AA_004_000329.1	unannotated	Hypothetical protein of unknown function
Phum-OR502AA_004_000328.1	eggnog	Lysine methyltransferase
Phum-OR502AA_004_000188.1	blastp	Homology to Phytophthora pseudosyringae predicted protein KAG7386820.1
Phum-OR502AA_004_000189.1	blastp	Homology to Phytophthora nicotianae predicted protein ETL79609.1
Phum-OR502AA_004_000190.1	eggnog	Belongs to the peptidase S16 family
Phum-OR502AA_004_000191.1	eggnog	Thioesterase-like superfamily
Phum-OR502AA_004_000327.1	eggnog	AN1-like Zinc finger
Phum-OR502AA_004_000192.1	eggnog	domain-containing protein
Phum-OR502AA_004_000193.1	eggnog	This protein is an auxiliary protein of DNA polymerase delta and is involved in the control of eukaryotic DNA replication by increasing the polymerase's processibility during elongation of the leading strand
Phum-OR502AA_004_000326.1	eggnog	Transmembrane amino acid transporter protein
Phum-OR502AA_004_000194.1	eggnog	WD domain, G-beta repeat
Phum-OR502AA_004_000325.1	eggnog	domain-containing protein
Phum-OR502AA_004_000195.1	blastp	Homology to Phytophthora aleatoria predicted protein KAG6963253.1
Phum-OR502AA_004_000196.1	eggnog	quercetin 2,3-dioxygenase activity
Phum-OR502AA_004_000324.1	eggnog	Ion transport protein
Phum-OR502AA_004_000197.1	unannotated	Hypothetical protein of unknown function
Phum-OR502AA_004_000198.1	eggnog	domain-containing protein
Phum-OR502AA_004_000199.1	blastp	Homology to Phytophthora idaei predicted protein KAG3113624.1
Phum-OR502AA_004_000200.1	eggnog	Extension to Ser/Thr-type protein kinases
Phum-OR502AA_004_000201.1	eggnog	Short calmodulin-binding motif containing conserved Ile and Gln residues
Phum-OR502AA_004_000323.1	interproscan	PTHR31827 domain-containing protein
Phum-OR502AA_004_000202.1	interproscan	PTHR31827 domain-containing protein
Phum-OR502AA_004_000322.1	eggnog	O-methyltransferase activity
Phum-OR502AA_004_000321.1	eggnog	RNB
Phum-OR502AA_004_000203.1	eggnog	Initiation factor 2 subunit family
Phum-OR502AA_004_000204.1	eggnog	Elongation factor G C-terminus
Phum-OR502AA_004_000320.1	eggnog	Domain of unknown function (DUF4457)
Phum-OR502AA_004_000319.1	eggnog	Alg9-like mannosyltransferase family
Phum-OR502AA_004_000318.1	unannotated	Hypothetical protein of unknown function
Phum-OR502AA_004_000205.1	eggnog	domain-containing protein
Phum-OR502AA_004_000206.1	interproscan	PTHR38019 domain-containing protein
Phum-OR502AA_004_000207.1	eggnog	ZIP Zinc transporter
Phum-OR502AA_004_000208.1	eggnog	domain-containing protein
Phum-OR502AA_004_000317.1	eggnog	hAT family C-terminal dimerisation region
Phum-OR502AA_004_000209.1	eggnog	Kinase-like
Phum-OR502AA_004_000316.1	eggnog	SpoU rRNA Methylase family
Phum-OR502AA_004_000210.1	eggnog	RecQ zinc-binding
Phum-OR502AA_004_000315.1	eggnog	DNA-dependent RNA polymerase catalyzes the transcription of DNA into RNA using the four ribonucleoside triphosphates as substrates
Phum-OR502AA_004_000211.1	eggnog	MreB/Mbl protein
Phum-OR502AA_004_000314.1	eggnog	regulation of mitotic cell cycle
Phum-OR502AA_004_000313.1	eggnog	regulation of mitotic cell cycle
Phum-OR502AA_004_000212.1	eggnog	Rft protein
Phum-OR502AA_004_000213.1	eggnog	domain-containing protein
Phum-OR502AA_004_000214.1	eggnog	Crinkler (CRN) family protein
Phum-OR502AA_004_000215.1	eggnog	Rft protein
Phum-OR502AA_004_000216.1	eggnog	Crinkler (CRN) family protein
Phum-OR502AA_004_000217.1	eggnog	Rft protein
Phum-OR502AA_004_000218.1	eggnog	domain-containing protein
Phum-OR502AA_004_000219.1	eggnog	Crinkler (CRN) family protein
Phum-OR502AA_004_000220.1	eggnog	Rft protein
Phum-OR502AA_004_000312.1	eggnog	domain-containing protein
Phum-OR502AA_004_000221.1	eggnog	ABC transporter
Phum-OR502AA_004_000222.1	eggnog	ABC transporter
Phum-OR502AA_004_000311.1	eggnog	Dynein light chain type 1
Phum-OR502AA_004_000223.1	interproscan	SSF52540 domain-containing protein
Phum-OR502AA_004_000310.1	eggnog	TatD related DNase
Phum-OR502AA_004_000224.1	blastp	Homology to Peronospora destructor predicted protein CAI5728098.1
Phum-OR502AA_004_000225.1	blastp	Homology to Phytophthora aleatoria predicted protein KAG6975855.1
Phum-OR502AA_004_000309.1	eggnog	Regulator of chromosome condensation (RCC1) repeat
Phum-OR502AA_004_000226.1	eggnog	TatD related DNase
Phum-OR502AA_004_000308.1	interproscan	SSF52540 domain-containing protein
Phum-OR502AA_004_000227.1	eggnog	Dynein light chain type 1
Phum-OR502AA_004_000307.1	eggnog	ABC transporter
Phum-OR502AA_004_000228.1	eggnog	domain-containing protein
Phum-OR502AA_004_000306.1	eggnog	Rft protein
Phum-OR502AA_004_000229.1	eggnog	Crinkler (CRN) family protein
Phum-OR502AA_004_000305.1	eggnog	Rft protein
Phum-OR502AA_004_000230.1	eggnog	regulation of mitotic cell cycle
Phum-OR502AA_004_000231.1	eggnog	domain-containing protein
Phum-OR502AA_004_000304.1	blastp	Homology to Phytophthora pseudosyringae predicted protein KAG7389861.1
Phum-OR502AA_004_000303.1	eggnog	RxLR effector
Phum-OR502AA_004_000232.1	eggnog	methyltransferase activity
Phum-OR502AA_004_000302.1	unannotated	Hypothetical protein of unknown function
Phum-OR502AA_004_000301.1	eggnog	very-long-chain-acyl-CoA dehydrogenase activity
Phum-OR502AA_004_000233.1	eggnog	Domain of unknown function (DUF3510)
Phum-OR502AA_004_000234.1	blastp	Homology to Phytophthora pseudosyringae predicted protein KAG7390355.1
Phum-OR502AA_004_000300.1	eggnog	domain-containing protein
Phum-OR502AA_004_000235.1	eggnog	Extension to Ser/Thr-type protein kinases
Phum-OR502AA_004_000236.1	blastp	Homology to Peronospora destructor predicted protein CAI5728081.1
Phum-OR502AA_004_000299.1	eggnog	Subtilase family
Phum-OR502AA_004_000298.1	blastp	Homology to Peronospora destructor predicted protein CAI5728081.1
Phum-OR502AA_004_000237.1	blastp	Homology to Phytophthora cactorum;Phytophthora aleatoria predicted protein KAF1793384.1
Phum-OR502AA_004_000238.1	eggnog	very-long-chain-acyl-CoA dehydrogenase activity
Phum-OR502AA_004_000239.1	unannotated	Hypothetical protein of unknown function
Phum-OR502AA_004_000297.1	eggnog	domain-containing protein
Phum-OR502AA_004_000240.1	eggnog	C-terminal to LisH motif
Phum-OR502AA_004_000241.1	interproscan	PTHR37028 domain-containing protein
Phum-OR502AA_004_000296.1	eggnog	Inositol-pentakisphosphate 2-kinase
Phum-OR502AA_004_000295.1	interproscan	PTHR37028 domain-containing protein
Phum-OR502AA_004_000294.1	eggnog	C-terminal to LisH motif
Phum-OR502AA_004_000242.1	eggnog	Inositol-pentakisphosphate 2-kinase
Phum-OR502AA_004_000243.1	blastp	Homology to Phytophthora fragariae predicted protein KAE9335092.1
Phum-OR502AA_004_000244.1	interproscan	PTHR46068 domain-containing protein
Phum-OR502AA_004_000293.1	blastp	Homology to Peronospora destructor predicted protein CAI5740100.1
Phum-OR502AA_004_000245.1	blastp	Homology to Phytophthora pseudosyringae predicted protein KAG7389861.1
Phum-OR502AA_004_000292.1	eggnog	domain-containing protein
Phum-OR502AA_004_000246.1	eggnog	Domain of unknown function (DUF3452)
Phum-OR502AA_004_000291.1	eggnog	domain-containing protein
Phum-OR502AA_004_000290.1	eggnog	domain-containing protein
Phum-OR502AA_004_000247.1	blastp	Homology to Phytophthora pseudosyringae predicted protein KAG7389849.1
Phum-OR502AA_004_000289.1	interproscan	PTHR23159 domain-containing protein
Phum-OR502AA_004_000288.1	eggnog	domain-containing protein
Phum-OR502AA_004_000287.1	eggnog	Protein tyrosine kinase
Phum-OR502AA_004_000248.1	blastp	Homology to Phytophthora cactorum predicted protein KAG2775273.1
Phum-OR502AA_004_000249.1	eggnog	Protein tyrosine kinase
Phum-OR502AA_004_000286.1	interproscan	PTHR32083 domain-containing protein
Phum-OR502AA_004_000250.1	blastp	Homology to Peronospora belbahrii predicted protein CAH0516568.1
Phum-OR502AA_004_000285.1	eggnog	domain-containing protein
Phum-OR502AA_004_000251.1	blastp	Homology to Peronospora belbahrii predicted protein CAH0477996.1
Phum-OR502AA_004_000284.1	eggnog	positive regulation of TOR signaling
Phum-OR502AA_004_000283.1	eggnog	Ankyrin repeat
Phum-OR502AA_004_000252.1	eggnog	Tetratricopeptide repeats
Phum-OR502AA_004_000282.1	eggnog	Autophagy-related protein 101
Phum-OR502AA_004_000281.1	eggnog	Ring finger
Phum-OR502AA_004_000253.1	eggnog	Nitrogen permease regulator 2
Phum-OR502AA_004_000280.1	eggnog	Domain Homologous to E6-AP Carboxyl Terminus with
Phum-OR502AA_004_000254.1	blastp	Homology to Phytophthora sojae predicted protein XP_009521891.1
Phum-OR502AA_004_000279.1	blastp	Homology to Phytophthora ramorum predicted protein KAH7460836.1
Phum-OR502AA_004_000278.1	eggnog	Ubiquitin carboxyl-terminal hydrolase
Phum-OR502AA_004_000255.1	eggnog	Extension to Ser/Thr-type protein kinases
Phum-OR502AA_004_000256.1	eggnog	RNA polymerase III transcription factor (TF)IIIC subunit
Phum-OR502AA_004_000257.1	eggnog	Domain in homologues of a S
Phum-OR502AA_004_000277.1	eggnog	Tubulin-tyrosine ligase family
Phum-OR502AA_004_000258.1	interproscan	PTHR47057 domain-containing protein
Phum-OR502AA_004_000259.1	blastp	Homology to Phytophthora cactorum predicted protein KAG6961200.1
Phum-OR502AA_004_000276.1	eggnog	domain-containing protein
Phum-OR502AA_004_000260.1	eggnog	Macrophage migration inhibitory factor (MIF)
Phum-OR502AA_004_000275.1	eggnog	protein kinase activity
Phum-OR502AA_004_000261.1	eggnog	Ankyrin repeats (many copies)
Phum-OR502AA_004_000262.1	eggnog	Rubisco LSMT substrate-binding
Phum-OR502AA_004_000274.1	eggnog	Ribosomal proteins 50S-L18Ae/60S-L20/60S-L18A
Phum-OR502AA_004_000273.1	eggnog	protein serine/threonine kinase activity
Phum-OR502AA_004_000272.1	interproscan	PTHR36812 domain-containing protein
Phum-OR502AA_004_000263.1	eggnog	transposition, RNA-mediated
Phum-OR502AA_004_000271.1	eggnog	Protein tyrosine kinase
Phum-OR502AA_004_000270.1	eggnog	Protein tyrosine kinase
Phum-OR502AA_004_000269.1	eggnog	phosphatidylglycerol acyl-chain remodeling
Phum-OR502AA_004_000268.1	interproscan	PTHR35213 domain-containing protein
Phum-OR502AA_004_000267.1	eggnog	domain-containing protein
Phum-OR502AA_004_000264.1	eggnog	domain-containing protein
Phum-OR502AA_004_000265.1	unannotated	Hypothetical protein of unknown function
Phum-OR502AA_004_000266.1	blastp	Homology to Phytophthora nicotianae predicted protein ETL80697.1
Phum-OR502AA_005_000001.1	eggnog	WD40 repeats
Phum-OR502AA_005_000551.1	eggnog	domain-containing protein
Phum-OR502AA_005_000550.1	eggnog	Dynein light intermediate chain (DLIC)
Phum-OR502AA_005_000549.1	eggnog	Anaphase-promoting complex, cyclosome, subunit 3
Phum-OR502AA_005_000002.1	blastp	Homology to Peronospora farinosa predicted protein CAH0493451.1
Phum-OR502AA_005_000003.1	eggnog	Lipase (class 3)
Phum-OR502AA_005_000004.1	eggnog	domain-containing protein
Phum-OR502AA_005_000548.1	blastp	Homology to predicted protein KAH7496921.1
Phum-OR502AA_005_000547.1	eggnog	spectrin binding
Phum-OR502AA_005_000005.1	eggnog	Domain of unknown function (DUF4200)
Phum-OR502AA_005_000546.1	eggnog	Helix-hairpin-helix class 2 (Pol1 family) motifs
Phum-OR502AA_005_000006.1	blastp	Homology to Phytophthora megakarya predicted protein OWZ14966.1
Phum-OR502AA_005_000545.1	eggnog	domain-containing protein
Phum-OR502AA_005_000544.1	eggnog	Enoyl-(Acyl carrier protein) reductase
Phum-OR502AA_005_000543.1	eggnog	function. Source PGD
Phum-OR502AA_005_000542.1	eggnog	function. Source PGD
Phum-OR502AA_005_000541.1	eggnog	function. Source PGD
Phum-OR502AA_005_000007.1	interproscan	Glycoside hydrolase family 5 C-terminal domain (PF18564)
Phum-OR502AA_005_000540.1	blastp	Homology to Phytophthora pseudosyringae predicted protein KAG7375345.1
Phum-OR502AA_005_000008.1	eggnog	Neddylation of cullins play an essential role in the regulation of SCF-type complexes activity
Phum-OR502AA_005_000009.1	blastp	Homology to Phytophthora pseudosyringae predicted protein KAG7381051.1
Phum-OR502AA_005_000539.1	interproscan	PTHR35213 domain-containing protein
Phum-OR502AA_005_000010.1	eggnog	domain-containing protein
Phum-OR502AA_005_000538.1	eggnog	Putative DNA-binding (bihelical) motif predicted to be involved in chromosomal organisation
Phum-OR502AA_005_000537.1	eggnog	Belongs to the cation transport ATPase (P-type) (TC 3.A.3) family
Phum-OR502AA_005_000011.1	eggnog	Protein of unknown function (DUF788)
Phum-OR502AA_005_000536.1	eggnog	domain-containing protein
Phum-OR502AA_005_000012.1	eggnog	domain-containing protein
Phum-OR502AA_005_000535.1	blastp	Homology to Phytophthora cactorum predicted protein KAF1784616.1
Phum-OR502AA_005_000534.1	eggnog	Cellulase (glycosyl hydrolase family 5)
Phum-OR502AA_005_000013.1	eggnog	Extension to Ser/Thr-type protein kinases
Phum-OR502AA_005_000533.1	interproscan	PTHR46734 domain-containing protein
Phum-OR502AA_005_000532.1	eggnog	Vesicle coat trafficking protein Sec16 mid-region
Phum-OR502AA_005_000014.1	eggnog	Ras of Complex, Roc, domain of DAPkinase
Phum-OR502AA_005_000015.1	eggnog	Bacterial transferase hexapeptide (six repeats)
Phum-OR502AA_005_000531.1	eggnog	U1 zinc finger
Phum-OR502AA_005_000016.1	eggnog	Ribosomal protein L14p/L23e
Phum-OR502AA_005_000530.1	eggnog	Ankyrin repeat
Phum-OR502AA_005_000529.1	eggnog	Leucine-rich repeats, outliers
Phum-OR502AA_005_000528.1	eggnog	Leucine-rich repeats, outliers
Phum-OR502AA_005_000527.1	eggnog	Protein present in Fab1, YOTB, Vac1, and EEA1
Phum-OR502AA_005_000526.1	eggnog	HEAT-like repeat
Phum-OR502AA_005_000017.1	eggnog	fibronectin type III
Phum-OR502AA_005_000018.1	eggnog	fibronectin type III
Phum-OR502AA_005_000019.1	eggnog	fibronectin type III
Phum-OR502AA_005_000020.1	eggnog	fibronectin type III
Phum-OR502AA_005_000021.1	unannotated	Hypothetical protein of unknown function
Phum-OR502AA_005_000022.1	eggnog	Dihydroorotate dehydrogenase
Phum-OR502AA_005_000023.1	eggnog	Mitochondrial carrier protein
Phum-OR502AA_005_000525.1	eggnog	Ubiquitin carboxyl-terminal hydrolase
Phum-OR502AA_005_000524.1	eggnog	Ubiquitin carboxyl-terminal hydrolase
Phum-OR502AA_005_000024.1	eggnog	Required for the assembly and or stability of the 40S ribosomal subunit
Phum-OR502AA_005_000025.1	eggnog	domain-containing protein
Phum-OR502AA_005_000026.1	eggnog	Cofilin/tropomyosin-type actin-binding protein
Phum-OR502AA_005_000523.1	eggnog	SRP19 protein
Phum-OR502AA_005_000027.1	eggnog	fibronectin type III
Phum-OR502AA_005_000522.1	eggnog	Endonuclease/Exonuclease/phosphatase family
Phum-OR502AA_005_000521.1	eggnog	Ankyrin repeats (many copies)
Phum-OR502AA_005_000028.1	eggnog	Bucentaur or craniofacial development
Phum-OR502AA_005_000520.1	eggnog	domain-containing protein
Phum-OR502AA_005_000029.1	eggnog	Protein of unknown function (DUF455)
Phum-OR502AA_005_000030.1	blastp	Homology to Peronospora effusa predicted protein RMX69029.1
Phum-OR502AA_005_000519.1	eggnog	MORN repeat-containing protein
Phum-OR502AA_005_000518.1	eggnog	Glycosyltransferase family 20
Phum-OR502AA_005_000031.1	eggnog	Leucine Rich repeat
Phum-OR502AA_005_000517.1	eggnog	Protein tyrosine kinase
Phum-OR502AA_005_000032.1	eggnog	Glycosyltransferase family 20
Phum-OR502AA_005_000516.1	eggnog	intraciliary transport
Phum-OR502AA_005_000033.1	eggnog	RNA recognition motif
Phum-OR502AA_005_000515.1	eggnog	F-box LRR-repeat protein
Phum-OR502AA_005_000514.1	eggnog	Phosphoglucose isomerase
Phum-OR502AA_005_000034.1	eggnog	domain-containing protein
Phum-OR502AA_005_000035.1	eggnog	Lipase (class 3)
Phum-OR502AA_005_000513.1	eggnog	SWIM zinc finger
Phum-OR502AA_005_000036.1	eggnog	May be involved in the degradation of misfolded endoplasmic reticulum (ER) luminal proteins
Phum-OR502AA_005_000512.1	blastp	Homology to Peronospora farinosa predicted protein CAH0487238.1
Phum-OR502AA_005_000037.1	unannotated	Hypothetical protein of unknown function
Phum-OR502AA_005_000511.1	blastp	Homology to Phytophthora megakarya predicted protein OWZ03376.1
Phum-OR502AA_005_000038.1	eggnog	P-loop containing dynein motor region D4
Phum-OR502AA_005_000510.1	unannotated	Hypothetical protein of unknown function
Phum-OR502AA_005_000039.1	unannotated	Hypothetical protein of unknown function
Phum-OR502AA_005_000509.1	eggnog	Glycosyl hydrolase family 47
Phum-OR502AA_005_000508.1	eggnog	SNAP receptor activity
Phum-OR502AA_005_000040.1	eggnog	P-loop containing dynein motor region D4
Phum-OR502AA_005_000507.1	unannotated	Hypothetical protein of unknown function
Phum-OR502AA_005_000041.1	unannotated	Hypothetical protein of unknown function
Phum-OR502AA_005_000506.1	eggnog	Glycosyl hydrolase family 47
Phum-OR502AA_005_000505.1	eggnog	SNAP receptor activity
Phum-OR502AA_005_000042.1	eggnog	P-loop containing dynein motor region D4
Phum-OR502AA_005_000504.1	eggnog	homogentisate 1,2-dioxygenase
Phum-OR502AA_005_000503.1	eggnog	PHD-finger
Phum-OR502AA_005_000043.1	eggnog	domain-containing protein
Phum-OR502AA_005_000502.1	eggnog	domain-containing protein
Phum-OR502AA_005_000044.1	eggnog	Functions as actin-binding component of the Arp2 3 complex which is involved in regulation of actin polymerization and together with an activating nucleation-promoting factor (NPF) mediates the formation of branched actin networks
Phum-OR502AA_005_000045.1	eggnog	Functions as actin-binding component of the Arp2 3 complex which is involved in regulation of actin polymerization and together with an activating nucleation-promoting factor (NPF) mediates the formation of branched actin networks
Phum-OR502AA_005_000501.1	blastp	Homology to Phytophthora cactorum;Phytophthora aleatoria predicted protein KAF1784197.1
Phum-OR502AA_005_000046.1	eggnog	domain-containing protein
Phum-OR502AA_005_000500.1	eggnog	Dehydratase family
Phum-OR502AA_005_000047.1	blastp	Homology to Phytophthora pseudosyringae predicted protein KAG7386730.1
Phum-OR502AA_005_000499.1	eggnog	Cyclophilin type peptidyl-prolyl cis-trans isomerase/CLD
Phum-OR502AA_005_000048.1	eggnog	Ribosomal protein L13
Phum-OR502AA_005_000498.1	eggnog	Protein tyrosine kinase
Phum-OR502AA_005_000049.1	eggnog	Domain in Tre-2, BUB2p, and Cdc16p
Phum-OR502AA_005_000050.1	eggnog	Domain of unknown function (DUF4460)
Phum-OR502AA_005_000051.1	eggnog	Protein tyrosine kinase
Phum-OR502AA_005_000497.1	eggnog	Domain of unknown function (DUF4460)
Phum-OR502AA_005_000052.1	eggnog	SNARE associated Golgi protein
Phum-OR502AA_005_000496.1	eggnog	Domain in Tre-2, BUB2p, and Cdc16p
Phum-OR502AA_005_000053.1	blastp	Homology to Phytophthora citrophthora predicted protein KAK1941856.1
Phum-OR502AA_005_000495.1	eggnog	Male germ-cell putative homeodomain transcription factor
Phum-OR502AA_005_000494.1	eggnog	LicD family
Phum-OR502AA_005_000054.1	eggnog	hippo signaling
Phum-OR502AA_005_000055.1	eggnog	domain-containing protein
Phum-OR502AA_005_000493.1	unannotated	Hypothetical protein of unknown function
Phum-OR502AA_005_000492.1	eggnog	Catalyzes the formation of N(7)-methylguanine at position 46 (m7G46) in tRNA
Phum-OR502AA_005_000491.1	interproscan	PTHR39741 domain-containing protein
Phum-OR502AA_005_000056.1	eggnog	domain-containing protein
Phum-OR502AA_005_000057.1	interproscan	PTHR43021 domain-containing protein
Phum-OR502AA_005_000058.1	interproscan	PTHR43021 domain-containing protein
Phum-OR502AA_005_000490.1	interproscan	PTHR43021 domain-containing protein
Phum-OR502AA_005_000059.1	eggnog	Sodium/hydrogen exchanger family
Phum-OR502AA_005_000489.1	eggnog	Sodium/hydrogen exchanger family
Phum-OR502AA_005_000488.1	interproscan	PTHR43021 domain-containing protein
Phum-OR502AA_005_000060.1	eggnog	CrcB-like protein, Camphor Resistance (CrcB)
Phum-OR502AA_005_000487.1	blastp	Homology to Peronospora effusa predicted protein CAI5727557.1
Phum-OR502AA_005_000061.1	eggnog	Torsin
Phum-OR502AA_005_000062.1	eggnog	AAA domain (dynein-related subfamily)
Phum-OR502AA_005_000063.1	eggnog	Ion channel
Phum-OR502AA_005_000064.1	unannotated	Hypothetical protein of unknown function
Phum-OR502AA_005_000486.1	eggnog	Ion channel
Phum-OR502AA_005_000485.1	eggnog	Ankyrin repeat
Phum-OR502AA_005_000484.1	eggnog	domain-containing protein
Phum-OR502AA_005_000065.1	unannotated	Hypothetical protein of unknown function
Phum-OR502AA_005_000066.1	interproscan	PTHR33889 domain-containing protein
Phum-OR502AA_005_000067.1	eggnog	domain-containing protein
Phum-OR502AA_005_000068.1	blastp	Homology to predicted protein KAH7496934.1
Phum-OR502AA_005_000483.1	unannotated	Hypothetical protein of unknown function
Phum-OR502AA_005_000482.1	unannotated	Hypothetical protein of unknown function
Phum-OR502AA_005_000069.1	eggnog	Thioredoxin
Phum-OR502AA_005_000481.1	interproscan	G3DSA:2.60.120.680 domain-containing protein
Phum-OR502AA_005_000070.1	eggnog	domain-containing protein
Phum-OR502AA_005_000071.1	eggnog	ThiF family
Phum-OR502AA_005_000480.1	eggnog	Tetratricopeptide repeat
Phum-OR502AA_005_000479.1	blastp	Homology to Peronospora effusa predicted protein RMX64989.1
Phum-OR502AA_005_000478.1	eggnog	Ribosome biogenesis protein Nop16
Phum-OR502AA_005_000477.1	eggnog	Pex2 / Pex12 amino terminal region
Phum-OR502AA_005_000072.1	eggnog	Belongs to the thiolase family
Phum-OR502AA_005_000476.1	interproscan	PTHR13663 domain-containing protein
Phum-OR502AA_005_000475.1	eggnog	RNA recognition motif
Phum-OR502AA_005_000073.1	eggnog	FAD dependent oxidoreductase
Phum-OR502AA_005_000074.1	eggnog	Presenilin
Phum-OR502AA_005_000075.1	blastp	Homology to Phytophthora pseudosyringae predicted protein KAG7382481.1
Phum-OR502AA_005_000474.1	eggnog	Protein phosphatase 2C
Phum-OR502AA_005_000076.1	interproscan	PTHR37067 domain-containing protein
Phum-OR502AA_005_000473.1	eggnog	Protein phosphatase 2C
Phum-OR502AA_005_000077.1	interproscan	PTHR37067 domain-containing protein
Phum-OR502AA_005_000472.1	eggnog	protein disulfide oxidoreductase activity
Phum-OR502AA_005_000471.1	eggnog	Glutaredoxin
Phum-OR502AA_005_000078.1	eggnog	SAC3/GANP family
Phum-OR502AA_005_000470.1	eggnog	Chorismate synthase
Phum-OR502AA_005_000079.1	eggnog	DAHP synthetase I family
Phum-OR502AA_005_000469.1	eggnog	domain-containing protein
Phum-OR502AA_005_000080.1	eggnog	Converts proline to delta-1-pyrroline-5-carboxylate
Phum-OR502AA_005_000081.1	eggnog	Predicted ATPase of the ABC class
Phum-OR502AA_005_000082.1	eggnog	plant mutator transposase zinc finger
Phum-OR502AA_005_000468.1	eggnog	TH1 protein
Phum-OR502AA_005_000083.1	eggnog	Activator of Hsp90 ATPase, N-terminal
Phum-OR502AA_005_000467.1	blastp	Homology to Phytophthora nicotianae predicted protein ETM55833.1
Phum-OR502AA_005_000466.1	eggnog	Catalyzes the transfer of a two-carbon ketol group from a ketose donor to an aldose acceptor, via a covalent intermediate with the cofactor thiamine pyrophosphate
Phum-OR502AA_005_000084.1	eggnog	Kinase binding protein CGI-121
Phum-OR502AA_005_000465.1	eggnog	Potential Monad-binding region of RPAP3
Phum-OR502AA_005_000085.1	interproscan	PTHR21664 domain-containing protein
Phum-OR502AA_005_000086.1	eggnog	60Kd inner membrane protein
Phum-OR502AA_005_000464.1	eggnog	Autophagy protein Apg17
Phum-OR502AA_005_000087.1	eggnog	Domain Homologous to E6-AP Carboxyl Terminus with
Phum-OR502AA_005_000463.1	unannotated	Hypothetical protein of unknown function
Phum-OR502AA_005_000462.1	eggnog	Putative DNA-binding domain in centromere protein B, mouse jerky and transposases
Phum-OR502AA_005_000461.1	eggnog	MYND finger
Phum-OR502AA_005_000088.1	eggnog	cornified envelope assembly
Phum-OR502AA_005_000089.1	interproscan	PTHR33324 domain-containing protein
Phum-OR502AA_005_000090.1	eggnog	Putative DNA-binding domain in centromere protein B, mouse jerky and transposases
Phum-OR502AA_005_000460.1	eggnog	cornified envelope assembly
Phum-OR502AA_005_000091.1	eggnog	Mono-functional DNA-alkylating methyl methanesulfonate N-term
Phum-OR502AA_005_000459.1	blastp	Homology to Phytophthora megakarya predicted protein OWZ02198.1
Phum-OR502AA_005_000092.1	blastp	Homology to Phytophthora pseudosyringae predicted protein KAG7393349.1
Phum-OR502AA_005_000458.1	interproscan	PTHR33324 domain-containing protein
Phum-OR502AA_005_000457.1	unannotated	Hypothetical protein of unknown function
Phum-OR502AA_005_000456.1	unannotated	Hypothetical protein of unknown function
Phum-OR502AA_005_000455.1	eggnog	Nucleoside transporter
Phum-OR502AA_005_000454.1	blastp	Homology to Phytophthora capsici predicted protein KAG1691400.1
Phum-OR502AA_005_000093.1	eggnog	EamA-like transporter family
Phum-OR502AA_005_000453.1	eggnog	XPA protein C-terminus
Phum-OR502AA_005_000094.1	blastp	Homology to Peronosclerospora sorghi predicted protein KAI9905620.1
Phum-OR502AA_005_000452.1	eggnog	domain-containing protein
Phum-OR502AA_005_000451.1	eggnog	domain-containing protein
Phum-OR502AA_005_000095.1	eggnog	FAD binding domain of DNA photolyase
Phum-OR502AA_005_000450.1	eggnog	Dynein heavy chain and region D6 of dynein motor
Phum-OR502AA_005_000096.1	blastp	Homology to Phytophthora pseudosyringae predicted protein KAG7393359.1
Phum-OR502AA_005_000097.1	eggnog	Docking domain of Afi1 for Arf3 in vesicle trafficking
Phum-OR502AA_005_000449.1	eggnog	pre-RNA processing PIH1/Nop17
Phum-OR502AA_005_000098.1	eggnog	chorismate binding enzyme
Phum-OR502AA_005_000099.1	blastp	Homology to Peronospora farinosa predicted protein CAH0488390.1
Phum-OR502AA_005_000448.1	blastp	Homology to Phytophthora pseudosyringae predicted protein KAG7393365.1
Phum-OR502AA_005_000447.1	unannotated	Hypothetical protein of unknown function
Phum-OR502AA_005_000100.1	eggnog	Putative GTP-ase activating proteins for the small GTPase, ARF
Phum-OR502AA_005_000101.1	eggnog	Degradation arginine-rich protein for mis-folding
Phum-OR502AA_005_000446.1	eggnog	Ribosome associated membrane protein RAMP4
Phum-OR502AA_005_000445.1	eggnog	Myo-inositol-1-phosphate synthase
Phum-OR502AA_005_000102.1	eggnog	ATP synthase subunit H
Phum-OR502AA_005_000444.1	eggnog	domain-containing protein
Phum-OR502AA_005_000443.1	eggnog	palmitoyl-(protein) hydrolase activity
Phum-OR502AA_005_000103.1	eggnog	palmitoyl-(protein) hydrolase activity
Phum-OR502AA_005_000104.1	eggnog	C2 domain of PTEN tumour-suppressor protein
Phum-OR502AA_005_000105.1	eggnog	Protein of unknown function (DUF667)
Phum-OR502AA_005_000442.1	eggnog	PPIases accelerate the folding of proteins
Phum-OR502AA_005_000441.1	unannotated	Hypothetical protein of unknown function
Phum-OR502AA_005_000440.1	unannotated	Hypothetical protein of unknown function
Phum-OR502AA_005_000439.1	unannotated	Hypothetical protein of unknown function
Phum-OR502AA_005_000106.1	eggnog	Possible plasma membrane-binding motif in junctophilins, PIP-5-kinases and protein kinases
Phum-OR502AA_005_000438.1	eggnog	Vacuolar sorting-associated protein 13, N-terminal
Phum-OR502AA_005_000437.1	eggnog	domain-containing protein
Phum-OR502AA_005_000107.1	eggnog	Mpv17 / PMP22 family
Phum-OR502AA_005_000108.1	eggnog	Mpv17 / PMP22 family
Phum-OR502AA_005_000436.1	eggnog	domain-containing protein
Phum-OR502AA_005_000109.1	blastp	Homology to Peronospora belbahrii predicted protein CAH0483095.1
Phum-OR502AA_005_000435.1	eggnog	Zinc finger C-x8-C-x5-C-x3-H type (and similar)
Phum-OR502AA_005_000110.1	unannotated	Hypothetical protein of unknown function
Phum-OR502AA_005_000111.1	eggnog	Transmembrane protein 43
Phum-OR502AA_005_000112.1	eggnog	domain-containing protein
Phum-OR502AA_005_000434.1	eggnog	regulation of protein complex stability
Phum-OR502AA_005_000433.1	eggnog	regulation of protein complex stability
Phum-OR502AA_005_000113.1	eggnog	Hydroxyacylglutathione hydrolase C-terminus
Phum-OR502AA_005_000432.1	eggnog	domain-containing protein
Phum-OR502AA_005_000431.1	eggnog	Myosin-like coiled-coil protein
Phum-OR502AA_005_000430.1	unannotated	Hypothetical protein of unknown function
Phum-OR502AA_005_000114.1	eggnog	domain-containing protein
Phum-OR502AA_005_000429.1	eggnog	Hydroxyacylglutathione hydrolase C-terminus
Phum-OR502AA_005_000428.1	interproscan	PTHR36493 domain-containing protein
Phum-OR502AA_005_000427.1	interproscan	Proline rich extensin signature (PR01217)
Phum-OR502AA_005_000426.1	eggnog	Fatty acid desaturase
Phum-OR502AA_005_000425.1	eggnog	GWT1
Phum-OR502AA_005_000115.1	eggnog	domain-containing protein
Phum-OR502AA_005_000116.1	eggnog	domain-containing protein
Phum-OR502AA_005_000424.1	eggnog	BTB And C-terminal Kelch
Phum-OR502AA_005_000117.1	eggnog	Clathrin adaptor complex small chain
Phum-OR502AA_005_000423.1	blastp	Homology to Phytophthora nicotianae predicted protein XP_008890595.1
Phum-OR502AA_005_000422.1	interproscan	G3DSA:3.30.40.10 domain-containing protein
Phum-OR502AA_005_000421.1	interproscan	SSF48371 domain-containing protein
Phum-OR502AA_005_000420.1	eggnog	Rhomboid family
Phum-OR502AA_005_000118.1	eggnog	activation of GTPase activity
Phum-OR502AA_005_000419.1	eggnog	Mechanosensitive ion channel
Phum-OR502AA_005_000418.1	eggnog	Mechanosensitive ion channel
Phum-OR502AA_005_000119.1	eggnog	Mechanosensitive ion channel
Phum-OR502AA_005_000120.1	eggnog	Mechanosensitive ion channel
Phum-OR502AA_005_000417.1	eggnog	activation of GTPase activity
Phum-OR502AA_005_000121.1	eggnog	Zinc-binding dehydrogenase
Phum-OR502AA_005_000416.1	eggnog	domain-containing protein
Phum-OR502AA_005_000122.1	eggnog	zf-MYND-like zinc finger, mRNA-binding
Phum-OR502AA_005_000123.1	eggnog	WAHD domain of WASH complex
Phum-OR502AA_005_000415.1	eggnog	IQ calmodulin-binding motif
Phum-OR502AA_005_000414.1	interproscan	Tudor_AtPTM-like (cd20401)
Phum-OR502AA_005_000413.1	eggnog	domain-containing protein
Phum-OR502AA_005_000412.1	eggnog	palmitoyl-(protein) hydrolase activity
Phum-OR502AA_005_000124.1	eggnog	Uncharacterised conserved protein
Phum-OR502AA_005_000411.1	eggnog	leucine rich repeat protein. Source PGD
Phum-OR502AA_005_000410.1	eggnog	domain-containing protein
Phum-OR502AA_005_000125.1	interproscan	G3DSA:2.60.120.200 domain-containing protein
Phum-OR502AA_005_000409.1	eggnog	Domain of unknown function (DUF1899)
Phum-OR502AA_005_000408.1	eggnog	Serine aminopeptidase, S33
Phum-OR502AA_005_000126.1	blastp	Homology to Phytophthora nicotianae predicted protein XP_008910663.1
Phum-OR502AA_005_000127.1	unannotated	Hypothetical protein of unknown function
Phum-OR502AA_005_000128.1	eggnog	domain-containing protein
Phum-OR502AA_005_000129.1	blastp	Homology to Phytophthora idaei predicted protein KAG3158177.1
Phum-OR502AA_005_000130.1	eggnog	Domain of unknown function (DUF3458_C) ARM repeats
Phum-OR502AA_005_000131.1	eggnog	Translin-associated protein X
Phum-OR502AA_005_000407.1	blastp	Homology to Phytophthora rubi predicted protein KAE9335295.1
Phum-OR502AA_005_000132.1	eggnog	Beta-eliminating lyase
Phum-OR502AA_005_000406.1	eggnog	Domain of unknown function (DUF3453)
Phum-OR502AA_005_000133.1	eggnog	Actin
Phum-OR502AA_005_000405.1	eggnog	Organic Anion Transporter Polypeptide (OATP) family
Phum-OR502AA_005_000134.1	eggnog	Repair protein Rad1/Rec1/Rad17
Phum-OR502AA_005_000404.1	eggnog	secreted RxLR effector peptide protein
Phum-OR502AA_005_000403.1	eggnog	domain-containing protein
Phum-OR502AA_005_000135.1	eggnog	Short calmodulin-binding motif containing conserved Ile and Gln residues
Phum-OR502AA_005_000402.1	eggnog	Myosin. Large ATPases
Phum-OR502AA_005_000136.1	eggnog	Golgi transport complex subunit 5
Phum-OR502AA_005_000401.1	eggnog	domain-containing protein
Phum-OR502AA_005_000400.1	eggnog	Domain of unknown function (DUF3458_C) ARM repeats
Phum-OR502AA_005_000399.1	eggnog	secreted RxLR effector peptide protein
Phum-OR502AA_005_000137.1	unannotated	Hypothetical protein of unknown function
Phum-OR502AA_005_000138.1	eggnog	Domain of unknown function (DUF3458_C) ARM repeats
Phum-OR502AA_005_000398.1	eggnog	secreted RxLR effector peptide protein
Phum-OR502AA_005_000397.1	eggnog	domain-containing protein
Phum-OR502AA_005_000139.1	unannotated	Hypothetical protein of unknown function
Phum-OR502AA_005_000396.1	unannotated	Hypothetical protein of unknown function
Phum-OR502AA_005_000395.1	blastp	Homology to Phytophthora idaei predicted protein KAG3113359.1
Phum-OR502AA_005_000394.1	eggnog	domain-containing protein
Phum-OR502AA_005_000140.1	eggnog	Microsomal signal peptidase 25 kDa subunit (SPC25)
Phum-OR502AA_005_000393.1	eggnog	domain-containing protein
Phum-OR502AA_005_000141.1	eggnog	ATPase domain of DNA mismatch repair MUTS family
Phum-OR502AA_005_000392.1	blastp	Homology to Peronospora destructor predicted protein CAI5731869.1
Phum-OR502AA_005_000391.1	blastp	Homology to Phytophthora palmivora predicted protein POM72004.1
Phum-OR502AA_005_000142.1	eggnog	domain-containing protein
Phum-OR502AA_005_000390.1	eggnog	GMP-PDE, delta subunit
Phum-OR502AA_005_000143.1	eggnog	RING-like zinc finger
Phum-OR502AA_005_000144.1	eggnog	RING-like zinc finger
Phum-OR502AA_005_000145.1	interproscan	G3DSA:1.10.472.170 domain-containing protein
Phum-OR502AA_005_000389.1	eggnog	DNL zinc finger
Phum-OR502AA_005_000146.1	eggnog	regulation of canonical Wnt signaling pathway involved in osteoblast differentiation
Phum-OR502AA_005_000388.1	eggnog	Amino acid kinase family
Phum-OR502AA_005_000387.1	eggnog	Endoribonuclease XendoU
Phum-OR502AA_005_000147.1	eggnog	Endoribonuclease XendoU
Phum-OR502AA_005_000386.1	eggnog	Actin
Phum-OR502AA_005_000148.1	eggnog	Domain Homologous to E6-AP Carboxyl Terminus with
Phum-OR502AA_005_000149.1	eggnog	Domain Homologous to E6-AP Carboxyl Terminus with
Phum-OR502AA_005_000150.1	eggnog	secreted RxLR effector peptide protein
Phum-OR502AA_005_000151.1	eggnog	HECT-domain (ubiquitin-transferase)
Phum-OR502AA_005_000152.1	eggnog	Ankyrin repeat
Phum-OR502AA_005_000385.1	blastp	Homology to Peronospora destructor predicted protein CAI5742177.1
Phum-OR502AA_005_000384.1	eggnog	domain-containing protein
Phum-OR502AA_005_000153.1	eggnog	Aldehyde dehydrogenase family
Phum-OR502AA_005_000383.1	eggnog	Domain with 2 conserved Trp (W) residues
Phum-OR502AA_005_000382.1	interproscan	Domain of unknown function (DUF4485) (PF14846)
Phum-OR502AA_005_000154.1	eggnog	microtubule motor activity
Phum-OR502AA_005_000155.1	eggnog	Belongs to the TRAFAC class myosin-kinesin ATPase superfamily
Phum-OR502AA_005_000156.1	eggnog	Belongs to the TRAFAC class myosin-kinesin ATPase superfamily
Phum-OR502AA_005_000381.1	eggnog	NADPH-adrenodoxin reductase activity
Phum-OR502AA_005_000157.1	eggnog	Myosin. Large ATPases
Phum-OR502AA_005_000380.1	blastp	Homology to Phytophthora lilii predicted protein GMF10587.1
Phum-OR502AA_005_000158.1	eggnog	Mediator complex protein
Phum-OR502AA_005_000379.1	eggnog	protein C1orf228 homolog
Phum-OR502AA_005_000159.1	eggnog	domain-containing protein
Phum-OR502AA_005_000160.1	eggnog	Anaphase-promoting complex subunit 11 RING-H2 finger
Phum-OR502AA_005_000378.1	blastp	Homology to Peronospora effusa predicted protein CAI5721725.1
Phum-OR502AA_005_000377.1	eggnog	ZIP Zinc transporter
Phum-OR502AA_005_000161.1	eggnog	Ras family
Phum-OR502AA_005_000162.1	eggnog	Myosin-like coiled-coil protein
Phum-OR502AA_005_000163.1	eggnog	Axonemal dynein light chain
Phum-OR502AA_005_000376.1	eggnog	Solute carrier (proton/amino acid symporter), TRAMD3 or PAT1
Phum-OR502AA_005_000375.1	eggnog	Catalyzes the 6-electron oxidation of protoporphyrinogen-IX to form protoporphyrin-IX
Phum-OR502AA_005_000374.1	eggnog	Conserved gene of
Phum-OR502AA_005_000164.1	eggnog	MAP kinase kinase activity
Phum-OR502AA_005_000373.1	interproscan	PTHR21223 domain-containing protein
Phum-OR502AA_005_000165.1	eggnog	pre-mRNA splicing factor component
Phum-OR502AA_005_000372.1	blastp	Homology to Peronospora effusa predicted protein CAI5700866.1
Phum-OR502AA_005_000166.1	eggnog	WD40 repeats
Phum-OR502AA_005_000371.1	eggnog	Calcium-binding protein
Phum-OR502AA_005_000370.1	eggnog	domain-containing protein
Phum-OR502AA_005_000369.1	eggnog	Gtr1/RagA G protein conserved region
Phum-OR502AA_005_000167.1	interproscan	SSF48371 domain-containing protein
Phum-OR502AA_005_000368.1	eggnog	Protein of unknown function, DUF547 (nekl-2)
Phum-OR502AA_005_000367.1	eggnog	domain-containing protein
Phum-OR502AA_005_000366.1	interproscan	G3DSA:3.80.10.10 domain-containing protein
Phum-OR502AA_005_000168.1	eggnog	domain-containing protein
Phum-OR502AA_005_000365.1	eggnog	Domain of unknown function (DUF3342)
Phum-OR502AA_005_000364.1	eggnog	Domain of unknown function (DUF3342)
Phum-OR502AA_005_000169.1	eggnog	domain-containing protein
Phum-OR502AA_005_000170.1	eggnog	domain-containing protein
Phum-OR502AA_005_000171.1	eggnog	Threonine synthase N terminus
Phum-OR502AA_005_000363.1	eggnog	Rab subfamily of small GTPases
Phum-OR502AA_005_000172.1	eggnog	TATA-binding protein interacting (TIP20)
Phum-OR502AA_005_000362.1	interproscan	G3DSA:3.30.70.260 domain-containing protein
Phum-OR502AA_005_000173.1	eggnog	domain-containing protein
Phum-OR502AA_005_000361.1	eggnog	ABC transporter
Phum-OR502AA_005_000360.1	eggnog	Snf7
Phum-OR502AA_005_000359.1	blastp	Homology to Phytophthora cactorum predicted protein KAG6959953.1
Phum-OR502AA_005_000174.1	eggnog	ARF-like small GTPases; ARF, ADP-ribosylation factor
Phum-OR502AA_005_000175.1	blastp	Homology to Peronospora effusa predicted protein CAI5700881.1
Phum-OR502AA_005_000358.1	eggnog	Kinesin-associated protein (KAP)
Phum-OR502AA_005_000176.1	eggnog	domain-containing protein
Phum-OR502AA_005_000357.1	eggnog	domain-containing protein
Phum-OR502AA_005_000177.1	eggnog	mRNA-binding protein involved in proper cytoplasmic distribution of mitochondria
Phum-OR502AA_005_000356.1	eggnog	Converts O-phosphoseryl-tRNA(Sec) to selenocysteinyl- tRNA(Sec) required for selenoprotein biosynthesis
Phum-OR502AA_005_000355.1	interproscan	SSF143113 domain-containing protein
Phum-OR502AA_005_000354.1	eggnog	domain-containing protein
Phum-OR502AA_005_000178.1	eggnog	2 iron, 2 sulfur cluster binding
Phum-OR502AA_005_000353.1	interproscan	PTHR19860 domain-containing protein
Phum-OR502AA_005_000352.1	eggnog	domain-containing protein
Phum-OR502AA_005_000351.1	eggnog	cGMP-dependent protein kinase activity
Phum-OR502AA_005_000179.1	interproscan	G3DSA:3.30.420.10 domain-containing protein
Phum-OR502AA_005_000180.1	interproscan	PTHR38585 domain-containing protein
Phum-OR502AA_005_000181.1	eggnog	ubiquitin protein ligase activity
Phum-OR502AA_005_000182.1	eggnog	Hydroxymethylglutaryl-coenzyme A reductase
Phum-OR502AA_005_000350.1	eggnog	4'-phosphopantetheinyl transferase superfamily
Phum-OR502AA_005_000183.1	blastp	Homology to Phytophthora capsici predicted protein KAG1689408.1
Phum-OR502AA_005_000349.1	eggnog	16S rRNA methyltransferase RsmB/F
Phum-OR502AA_005_000184.1	eggnog	Required for replication-independent chromatin assembly and for the periodic repression of histone gene transcription during the cell cycle
Phum-OR502AA_005_000348.1	eggnog	domain-containing protein
Phum-OR502AA_005_000347.1	eggnog	Glycosyl hydrolases family 18
Phum-OR502AA_005_000185.1	eggnog	Domain of unknown function (DUF4470)
Phum-OR502AA_005_000346.1	eggnog	N-acetylglucosaminyl transferase component (Gpi1)
Phum-OR502AA_005_000186.1	eggnog	Serine threonine-protein phosphatase
Phum-OR502AA_005_000187.1	eggnog	Ribosomal protein S8
Phum-OR502AA_005_000188.1	eggnog	Calcium-activated SK potassium channel
Phum-OR502AA_005_000345.1	eggnog	metalloendopeptidase activity
Phum-OR502AA_005_000344.1	eggnog	metalloendopeptidase activity
Phum-OR502AA_005_000189.1	eggnog	GTPase that associates with pre-60S ribosomal subunits in the nucleolus and is required for their nuclear export and maturation
Phum-OR502AA_005_000190.1	eggnog	phosphatidylinositol-3,4-bisphosphate 4-phosphatase activity
Phum-OR502AA_005_000343.1	blastp	Homology to Phytophthora cactorum predicted protein KAG2760698.1
Phum-OR502AA_005_000191.1	eggnog	SF-assemblin/beta giardin
Phum-OR502AA_005_000192.1	eggnog	Magnesium transporter NIPA
Phum-OR502AA_005_000342.1	eggnog	Tubulin folding cofactor D C terminal
Phum-OR502AA_005_000341.1	blastp	Homology to Phytophthora lilii predicted protein GMF34697.1
Phum-OR502AA_005_000193.1	eggnog	Protein of unknown function
Phum-OR502AA_005_000194.1	eggnog	Histone methylation protein DOT1
Phum-OR502AA_005_000340.1	eggnog	RIO-like kinase
Phum-OR502AA_005_000339.1	eggnog	Component of the anaphase promoting complex cyclosome (APC C), a cell cycle-regulated E3 ubiquitin-protein ligase complex that controls progression through mitosis and the G1 phase of the cell cycle
Phum-OR502AA_005_000195.1	eggnog	domain-containing protein
Phum-OR502AA_005_000338.1	eggnog	ABC transporter transmembrane region
Phum-OR502AA_005_000337.1	eggnog	domain-containing protein
Phum-OR502AA_005_000196.1	eggnog	domain-containing protein
Phum-OR502AA_005_000197.1	eggnog	PFU (PLAA family ubiquitin binding)
Phum-OR502AA_005_000336.1	blastp	Homology to Phytophthora nicotianae predicted protein ETL44391.1
Phum-OR502AA_005_000198.1	blastp	Homology to Phytophthora nicotianae predicted protein ETI51095.1
Phum-OR502AA_005_000199.1	eggnog	regulation of response to stimulus
Phum-OR502AA_005_000335.1	eggnog	Ricin-type beta-trefoil
Phum-OR502AA_005_000334.1	eggnog	Ricin-type beta-trefoil
Phum-OR502AA_005_000333.1	eggnog	Ricin-type beta-trefoil
Phum-OR502AA_005_000332.1	eggnog	Ricin-type beta-trefoil
Phum-OR502AA_005_000331.1	eggnog	Ricin-type beta-trefoil
Phum-OR502AA_005_000200.1	eggnog	Peptidase family S41
Phum-OR502AA_005_000330.1	eggnog	Belongs to the class I-like SAM-binding methyltransferase superfamily
Phum-OR502AA_005_000329.1	eggnog	alpha/beta hydrolase fold
Phum-OR502AA_005_000328.1	eggnog	alpha/beta hydrolase fold
Phum-OR502AA_005_000201.1	blastp	Homology to Peronospora destructor predicted protein CAI5723198.1
Phum-OR502AA_005_000202.1	eggnog	GNS1/SUR4 family
Phum-OR502AA_005_000327.1	eggnog	WD40 repeats
Phum-OR502AA_005_000203.1	eggnog	Aldehyde dehydrogenase family
Phum-OR502AA_005_000326.1	eggnog	GLE1-like protein
Phum-OR502AA_005_000325.1	eggnog	HEAT-like repeat
Phum-OR502AA_005_000204.1	blastp	Homology to Peronospora effusa predicted protein CAI5711838.1
Phum-OR502AA_005_000205.1	eggnog	Regulator of chromosome condensation (RCC1) repeat
Phum-OR502AA_005_000324.1	eggnog	mRNA 3'-splice site recognition
Phum-OR502AA_005_000206.1	blastp	Homology to Peronospora destructor predicted protein CAI5743968.1
Phum-OR502AA_005_000207.1	eggnog	Cytochrome oxidase assembly protein
Phum-OR502AA_005_000208.1	eggnog	domain-containing protein
Phum-OR502AA_005_000323.1	eggnog	domain-containing protein
Phum-OR502AA_005_000209.1	eggnog	mRNA 3'-splice site recognition
Phum-OR502AA_005_000322.1	eggnog	Regulator of chromosome condensation (RCC1) repeat
Phum-OR502AA_005_000321.1	unannotated	Hypothetical protein of unknown function
Phum-OR502AA_005_000320.1	blastp	Homology to Peronospora effusa predicted protein CAI5711838.1
Phum-OR502AA_005_000319.1	eggnog	Slime mold cyclic AMP receptor
Phum-OR502AA_005_000318.1	eggnog	DegT/DnrJ/EryC1/StrS aminotransferase family
Phum-OR502AA_005_000210.1	interproscan	PTHR13510 domain-containing protein
Phum-OR502AA_005_000211.1	interproscan	PTHR13510 domain-containing protein
Phum-OR502AA_005_000317.1	eggnog	Phosphatidylinositol-4-phosphate 5-Kinase
Phum-OR502AA_005_000212.1	eggnog	microtubule binding
Phum-OR502AA_005_000316.1	blastp	Homology to Phytophthora nicotianae predicted protein ETI51112.1
Phum-OR502AA_005_000213.1	blastp	Homology to Phytophthora nicotianae predicted protein XP_008902922.1
Phum-OR502AA_005_000315.1	eggnog	Basic region leucine zipper
Phum-OR502AA_005_000314.1	interproscan	G3DSA:3.30.1520.10 domain-containing protein
Phum-OR502AA_005_000313.1	blastp	Homology to Phytophthora cactorum predicted protein KAG2774591.1
Phum-OR502AA_005_000312.1	interproscan	G3DSA:3.30.1520.10 domain-containing protein
Phum-OR502AA_005_000214.1	eggnog	Las17-binding protein actin regulator
Phum-OR502AA_005_000215.1	eggnog	transposition, RNA-mediated
Phum-OR502AA_005_000216.1	eggnog	transposition, RNA-mediated
Phum-OR502AA_005_000217.1	eggnog	Mitotic checkpoint regulator, MAD2B-interacting
Phum-OR502AA_005_000311.1	eggnog	Acts as an adapter for the XPO1 CRM1-mediated export of the 60S ribosomal subunit
Phum-OR502AA_005_000218.1	eggnog	PS-10 peptidase S37
Phum-OR502AA_005_000310.1	eggnog	domain-containing protein
Phum-OR502AA_005_000219.1	eggnog	domain-containing protein
Phum-OR502AA_005_000309.1	eggnog	PS-10 peptidase S37
Phum-OR502AA_005_000220.1	eggnog	Acts as an adapter for the XPO1 CRM1-mediated export of the 60S ribosomal subunit
Phum-OR502AA_005_000308.1	eggnog	Mitotic checkpoint regulator, MAD2B-interacting
Phum-OR502AA_005_000221.1	eggnog	domain-containing protein
Phum-OR502AA_005_000307.1	unannotated	Hypothetical protein of unknown function
Phum-OR502AA_005_000306.1	unannotated	Hypothetical protein of unknown function
Phum-OR502AA_005_000222.1	eggnog	domain-containing protein
Phum-OR502AA_005_000305.1	unannotated	Hypothetical protein of unknown function
Phum-OR502AA_005_000223.1	eggnog	domain-containing protein
Phum-OR502AA_005_000304.1	unannotated	Hypothetical protein of unknown function
Phum-OR502AA_005_000303.1	unannotated	Hypothetical protein of unknown function
Phum-OR502AA_005_000224.1	eggnog	2OG-Fe(II) oxygenase superfamily
Phum-OR502AA_005_000225.1	eggnog	Belongs to the cation transport ATPase (P-type) (TC 3.A.3) family
Phum-OR502AA_005_000226.1	eggnog	Belongs to the ClpA ClpB family
Phum-OR502AA_005_000227.1	blastp	Homology to Phytophthora cactorum predicted protein KAF1794131.1
Phum-OR502AA_005_000302.1	eggnog	domain-containing protein
Phum-OR502AA_005_000228.1	unannotated	Hypothetical protein of unknown function
Phum-OR502AA_005_000301.1	eggnog	domain-containing protein
Phum-OR502AA_005_000229.1	interproscan	PTHR18867 domain-containing protein
Phum-OR502AA_005_000300.1	eggnog	domain-containing protein
Phum-OR502AA_005_000299.1	eggnog	domain-containing protein
Phum-OR502AA_005_000298.1	eggnog	domain-containing protein
Phum-OR502AA_005_000230.1	eggnog	Acts as an adapter for the XPO1 CRM1-mediated export of the 60S ribosomal subunit
Phum-OR502AA_005_000297.1	eggnog	domain-containing protein
Phum-OR502AA_005_000296.1	eggnog	domain-containing protein
Phum-OR502AA_005_000231.1	eggnog	ALG11 mannosyltransferase N-terminus
Phum-OR502AA_005_000232.1	eggnog	PA14
Phum-OR502AA_005_000233.1	eggnog	Belongs to the cation transport ATPase (P-type) (TC 3.A.3) family
Phum-OR502AA_005_000234.1	eggnog	Belongs to the ClpA ClpB family
Phum-OR502AA_005_000235.1	eggnog	Zinc-binding dehydrogenase
Phum-OR502AA_005_000295.1	eggnog	Zinc-binding dehydrogenase
Phum-OR502AA_005_000294.1	eggnog	Belongs to the ClpA ClpB family
Phum-OR502AA_005_000236.1	eggnog	Prenyltransferase and squalene oxidase repeat
Phum-OR502AA_005_000293.1	blastp	Homology to Phytophthora fragariae predicted protein KAE9339968.1
Phum-OR502AA_005_000292.1	blastp	Homology to Phytophthora cactorum predicted protein KAG2774774.1
Phum-OR502AA_005_000237.1	eggnog	PPR repeat
Phum-OR502AA_005_000238.1	unannotated	Hypothetical protein of unknown function
Phum-OR502AA_005_000291.1	eggnog	NAD binding domain of 6-phosphogluconate dehydrogenase
Phum-OR502AA_005_000239.1	unannotated	Hypothetical protein of unknown function
Phum-OR502AA_005_000240.1	unannotated	Hypothetical protein of unknown function
Phum-OR502AA_005_000241.1	unannotated	Hypothetical protein of unknown function
Phum-OR502AA_005_000242.1	unannotated	Hypothetical protein of unknown function
Phum-OR502AA_005_000290.1	unannotated	Hypothetical protein of unknown function
Phum-OR502AA_005_000289.1	unannotated	Hypothetical protein of unknown function
Phum-OR502AA_005_000243.1	unannotated	Hypothetical protein of unknown function
Phum-OR502AA_005_000244.1	eggnog	Organic solute transport protein 1
Phum-OR502AA_005_000288.1	eggnog	1-phosphatidylinositol-3-phosphate 5-kinase activity
Phum-OR502AA_005_000287.1	interproscan	SSF53335 domain-containing protein
Phum-OR502AA_005_000245.1	eggnog	RING-like zinc finger
Phum-OR502AA_005_000286.1	eggnog	Membrane-associated apoptosis protein
Phum-OR502AA_005_000285.1	eggnog	Belongs to the monovalent cation proton antiporter 1 (CPA1) transporter (TC 2.A.36) family
Phum-OR502AA_005_000246.1	eggnog	NAD binding domain of 6-phosphogluconate dehydrogenase
Phum-OR502AA_005_000284.1	unannotated	Hypothetical protein of unknown function
Phum-OR502AA_005_000283.1	eggnog	Crinkler (CRN) family protein
Phum-OR502AA_005_000282.1	eggnog	Nucleoside H+ symporter
Phum-OR502AA_005_000247.1	eggnog	Homocysteine S-methyltransferase
Phum-OR502AA_005_000281.1	eggnog	Calcium-activated chloride channel
Phum-OR502AA_005_000248.1	eggnog	FAD binding domain of DNA photolyase
Phum-OR502AA_005_000280.1	eggnog	protein serine/threonine kinase activity
Phum-OR502AA_005_000249.1	eggnog	FAD binding domain of DNA photolyase
Phum-OR502AA_005_000279.1	eggnog	domain-containing protein
Phum-OR502AA_005_000278.1	eggnog	Sodium:dicarboxylate symporter family
Phum-OR502AA_005_000250.1	eggnog	domain-containing protein
Phum-OR502AA_005_000251.1	eggnog	Suppressor of forked protein (Suf)
Phum-OR502AA_005_000277.1	eggnog	Polycystin cation channel
Phum-OR502AA_005_000252.1	eggnog	domain-containing protein
Phum-OR502AA_005_000276.1	eggnog	Intra-flagellar transport protein 57
Phum-OR502AA_005_000253.1	blastp	Homology to Peronospora effusa predicted protein CAI5712148.1
Phum-OR502AA_005_000275.1	eggnog	domain-containing protein
Phum-OR502AA_005_000274.1	eggnog	domain-containing protein
Phum-OR502AA_005_000254.1	eggnog	RNA polymerase III RPC4
Phum-OR502AA_005_000273.1	eggnog	high mobility group
Phum-OR502AA_005_000255.1	eggnog	Mago binding
Phum-OR502AA_005_000272.1	blastp	Homology to Peronospora destructor predicted protein CAI5743847.1
Phum-OR502AA_005_000256.1	blastp	Homology to Phytophthora nicotianae predicted protein XP_008902827.1
Phum-OR502AA_005_000271.1	eggnog	FUN14 family
Phum-OR502AA_005_000257.1	eggnog	domain-containing protein
Phum-OR502AA_005_000258.1	eggnog	LacY proton/sugar symporter
Phum-OR502AA_005_000270.1	blastp	Homology to Phytophthora lilii predicted protein GMF10278.1
Phum-OR502AA_005_000259.1	blastp	Homology to Phytophthora lilii predicted protein GMF10278.1
Phum-OR502AA_005_000269.1	eggnog	LacY proton/sugar symporter
Phum-OR502AA_005_000260.1	eggnog	LacY proton/sugar symporter
Phum-OR502AA_005_000268.1	eggnog	LacY proton/sugar symporter
Phum-OR502AA_005_000267.1	eggnog	domain-containing protein
Phum-OR502AA_005_000266.1	blastp	Homology to Phytophthora pseudosyringae predicted protein KAG7377773.1
Phum-OR502AA_005_000261.1	eggnog	domain-containing protein
Phum-OR502AA_005_000262.1	eggnog	domain-containing protein
Phum-OR502AA_005_000263.1	eggnog	Cleft lip and palate transmembrane protein 1 (CLPTM1)
Phum-OR502AA_005_000264.1	unannotated	Hypothetical protein of unknown function
Phum-OR502AA_005_000265.1	eggnog	WD40 repeats
Phum-OR502AA_006_000552.1	eggnog	ubiquitin-dependent protein catabolic process via the N-end rule pathway
Phum-OR502AA_006_000551.1	eggnog	Beta-glucan synthesis-associated protein (SKN1)
Phum-OR502AA_006_000550.1	eggnog	Domain present in PSD-95, Dlg, and ZO-1/2
Phum-OR502AA_006_000549.1	eggnog	2',3'-cyclic-nucleotide 3'-phosphodiesterase activity
Phum-OR502AA_006_000548.1	blastp	Homology to Peronospora farinosa predicted protein CAH0493353.1
Phum-OR502AA_006_000001.1	interproscan	G3DSA:1.10.10.10 domain-containing protein
Phum-OR502AA_006_000547.1	eggnog	Transcription initiation factor TFIID subunit
Phum-OR502AA_006_000002.1	eggnog	domain-containing protein
Phum-OR502AA_006_000003.1	eggnog	Ubiquitin homologues
Phum-OR502AA_006_000546.1	eggnog	domain-containing protein
Phum-OR502AA_006_000004.1	eggnog	eIF4-gamma/eIF5/eIF2-epsilon
Phum-OR502AA_006_000545.1	eggnog	phosphatidylinositol-3,4-bisphosphate 4-phosphatase activity
Phum-OR502AA_006_000005.1	eggnog	Eukaryotic cytochrome b561
Phum-OR502AA_006_000544.1	eggnog	Eukaryotic cytochrome b561
Phum-OR502AA_006_000006.1	unannotated	Hypothetical protein of unknown function
Phum-OR502AA_006_000543.1	eggnog	Eukaryotic cytochrome b561
Phum-OR502AA_006_000007.1	eggnog	domain-containing protein
Phum-OR502AA_006_000542.1	eggnog	hydrolase activity, acting on carbon-nitrogen (but not peptide) bonds, in linear amides
Phum-OR502AA_006_000541.1	blastp	Homology to Phytophthora pseudosyringae predicted protein KAG7377573.1
Phum-OR502AA_006_000008.1	eggnog	hydrolase activity, acting on carbon-nitrogen (but not peptide) bonds, in linear amides
Phum-OR502AA_006_000540.1	eggnog	domain-containing protein
Phum-OR502AA_006_000539.1	eggnog	PPIases accelerate the folding of proteins
Phum-OR502AA_006_000009.1	eggnog	The ARF-like 2 binding protein BART
Phum-OR502AA_006_000538.1	eggnog	Aldehyde dehydrogenase family
Phum-OR502AA_006_000537.1	eggnog	Catalyzes the formation of phosphatidylethanolamine (PtdEtn) from phosphatidylserine (PtdSer)
Phum-OR502AA_006_000010.1	eggnog	component of the eukaryotic translation initiation factor 3 (eIF-3) complex, which is involved in protein synthesis of a specialized repertoire of mRNAs and, together with other initiation factors, stimulates binding of mRNA and methionyl-tRNAi to the 40S ribosome
Phum-OR502AA_006_000011.1	interproscan	PTHR35213 domain-containing protein
Phum-OR502AA_006_000536.1	eggnog	Essential subunit of the N-oligosaccharyl transferase (OST) complex which catalyzes the transfer of a high mannose oligosaccharide from a lipid-linked oligosaccharide donor to an asparagine residue within an Asn-X-Ser Thr consensus motif in nascent polypeptide chains
Phum-OR502AA_006_000012.1	eggnog	Belongs to the TRAFAC class myosin-kinesin ATPase superfamily
Phum-OR502AA_006_000013.1	blastp	Homology to Peronospora destructor predicted protein CAI5746141.1
Phum-OR502AA_006_000535.1	eggnog	Dpy-30 motif
Phum-OR502AA_006_000014.1	eggnog	Parkin co-regulated protein
Phum-OR502AA_006_000534.1	eggnog	Microtubule binding
Phum-OR502AA_006_000015.1	interproscan	PTHR39219 domain-containing protein
Phum-OR502AA_006_000533.1	eggnog	E1-E2 ATPase
Phum-OR502AA_006_000016.1	eggnog	Zinc-binding dehydrogenase
Phum-OR502AA_006_000017.1	unannotated	Hypothetical protein of unknown function
Phum-OR502AA_006_000532.1	unannotated	Hypothetical protein of unknown function
Phum-OR502AA_006_000531.1	eggnog	Belongs to the complex I LYR family
Phum-OR502AA_006_000018.1	eggnog	ZIP Zinc transporter
Phum-OR502AA_006_000530.1	eggnog	RNA recognition motif
Phum-OR502AA_006_000019.1	interproscan	PTHR46586 domain-containing protein
Phum-OR502AA_006_000529.1	blastp	Homology to Phytophthora cactorum predicted protein KAF1786898.1
Phum-OR502AA_006_000528.1	blastp	Homology to Phytophthora lilii predicted protein GMF09588.1
Phum-OR502AA_006_000527.1	blastp	Homology to Phytophthora lilii predicted protein GMF09589.1
Phum-OR502AA_006_000526.1	unannotated	Hypothetical protein of unknown function
Phum-OR502AA_006_000525.1	eggnog	Putative DNA-binding domain in centromere protein B, mouse jerky and transposases
Phum-OR502AA_006_000020.1	eggnog	Putative DNA-binding domain in centromere protein B, mouse jerky and transposases
Phum-OR502AA_006_000021.1	eggnog	Putative DNA-binding domain in centromere protein B, mouse jerky and transposases
Phum-OR502AA_006_000022.1	eggnog	Putative DNA-binding domain in centromere protein B, mouse jerky and transposases
Phum-OR502AA_006_000023.1	unannotated	Hypothetical protein of unknown function
Phum-OR502AA_006_000024.1	blastp	Homology to Phytophthora lilii predicted protein GMF09588.1
Phum-OR502AA_006_000524.1	eggnog	domain-containing protein
Phum-OR502AA_006_000025.1	eggnog	Putative DNA-binding domain in centromere protein B, mouse jerky and transposases
Phum-OR502AA_006_000026.1	unannotated	Hypothetical protein of unknown function
Phum-OR502AA_006_000027.1	unannotated	Hypothetical protein of unknown function
Phum-OR502AA_006_000028.1	blastp	Homology to Peronospora belbahrii predicted protein CAH0521672.1
Phum-OR502AA_006_000523.1	eggnog	domain-containing protein
Phum-OR502AA_006_000029.1	eggnog	Putative DNA-binding domain in centromere protein B, mouse jerky and transposases
Phum-OR502AA_006_000030.1	unannotated	Hypothetical protein of unknown function
Phum-OR502AA_006_000522.1	eggnog	Necrosis inducing protein (NPP1)
Phum-OR502AA_006_000521.1	blastp	Homology to Phytophthora pseudosyringae predicted protein KAG7375907.1
Phum-OR502AA_006_000031.1	eggnog	GCK
Phum-OR502AA_006_000032.1	eggnog	Domain with 2 conserved Trp (W) residues
Phum-OR502AA_006_000520.1	eggnog	Double zinc ribbon
Phum-OR502AA_006_000033.1	eggnog	Endoplasmic Reticulum-Golgi Intermediate Compartment (ERGIC)
Phum-OR502AA_006_000034.1	eggnog	Calcium-dependent channel, 7TM region, putative phosphate
Phum-OR502AA_006_000035.1	eggnog	Vps16, N-terminal region
Phum-OR502AA_006_000519.1	interproscan	PTHR31827 domain-containing protein
Phum-OR502AA_006_000036.1	interproscan	PTHR31827 domain-containing protein
Phum-OR502AA_006_000037.1	eggnog	Ctr copper transporter family
Phum-OR502AA_006_000518.1	eggnog	domain-containing protein
Phum-OR502AA_006_000517.1	blastp	Homology to Phytophthora fragariaefolia predicted protein GMF48558.1
Phum-OR502AA_006_000038.1	eggnog	domain-containing protein
Phum-OR502AA_006_000516.1	eggnog	Ctr copper transporter family
Phum-OR502AA_006_000039.1	eggnog	Ctr copper transporter family
Phum-OR502AA_006_000515.1	eggnog	Domain in DAP-5, eIF4G, MA-3 and other proteins
Phum-OR502AA_006_000514.1	blastp	Homology to Peronospora effusa predicted protein CAI5707718.1
Phum-OR502AA_006_000040.1	eggnog	Catalyzes the synthesis of dihydrouridine, a modified base found in the D-loop of most tRNAs
Phum-OR502AA_006_000513.1	eggnog	domain-containing protein
Phum-OR502AA_006_000512.1	eggnog	Splits internally a 1,3-beta-glucan molecule and transfers the newly generated reducing end (the donor) to the non- reducing end of another 1,3-beta-glucan molecule (the acceptor) forming a 1,3-beta linkage, resulting in the elongation of 1,3- beta-glucan chains in the cell wall
Phum-OR502AA_006_000511.1	eggnog	Splits internally a 1,3-beta-glucan molecule and transfers the newly generated reducing end (the donor) to the non- reducing end of another 1,3-beta-glucan molecule (the acceptor) forming a 1,3-beta linkage, resulting in the elongation of 1,3- beta-glucan chains in the cell wall
Phum-OR502AA_006_000510.1	eggnog	Splits internally a 1,3-beta-glucan molecule and transfers the newly generated reducing end (the donor) to the non- reducing end of another 1,3-beta-glucan molecule (the acceptor) forming a 1,3-beta linkage, resulting in the elongation of 1,3- beta-glucan chains in the cell wall
Phum-OR502AA_006_000509.1	unannotated	Hypothetical protein of unknown function
Phum-OR502AA_006_000508.1	blastp	Homology to Phytophthora ramorum predicted protein KAH7461304.1
Phum-OR502AA_006_000507.1	eggnog	domain-containing protein
Phum-OR502AA_006_000506.1	eggnog	Integrator complex subunit 5 C-terminus
Phum-OR502AA_006_000505.1	eggnog	Autophagy-related protein 13
Phum-OR502AA_006_000041.1	eggnog	domain-containing protein
Phum-OR502AA_006_000504.1	eggnog	Protein tyrosine kinase
Phum-OR502AA_006_000503.1	blastp	Homology to Phytophthora nicotianae predicted protein XP_008903903.1
Phum-OR502AA_006_000502.1	eggnog	Glycosyl hydrolase family 81
Phum-OR502AA_006_000042.1	eggnog	L-alpha-amino acid transmembrane transport
Phum-OR502AA_006_000043.1	unannotated	Hypothetical protein of unknown function
Phum-OR502AA_006_000501.1	unannotated	Hypothetical protein of unknown function
Phum-OR502AA_006_000500.1	eggnog	domain-containing protein
Phum-OR502AA_006_000044.1	eggnog	Protein kinase C conserved region 2 (CalB)
Phum-OR502AA_006_000045.1	eggnog	Endonuclease/Exonuclease/phosphatase family
Phum-OR502AA_006_000499.1	eggnog	domain-containing protein
Phum-OR502AA_006_000046.1	blastp	Homology to Phytophthora nicotianae predicted protein ETK88591.1
Phum-OR502AA_006_000047.1	eggnog	domain-containing protein
Phum-OR502AA_006_000048.1	eggnog	AMP-binding enzyme
Phum-OR502AA_006_000498.1	eggnog	domain-containing protein
Phum-OR502AA_006_000497.1	eggnog	Belongs to the TRAFAC class myosin-kinesin ATPase superfamily
Phum-OR502AA_006_000496.1	eggnog	Glycosyl hydrolases family 32
Phum-OR502AA_006_000495.1	eggnog	Steryl acetyl hydrolase
Phum-OR502AA_006_000494.1	blastp	Homology to Peronospora belbahrii predicted protein CAH0478467.1
Phum-OR502AA_006_000049.1	eggnog	Protein tyrosine kinase
Phum-OR502AA_006_000050.1	eggnog	Steryl acetyl hydrolase
Phum-OR502AA_006_000493.1	eggnog	Steryl acetyl hydrolase
Phum-OR502AA_006_000492.1	eggnog	Methylaspartate ammonia-lyase C-terminus
Phum-OR502AA_006_000051.1	eggnog	domain-containing protein
Phum-OR502AA_006_000052.1	eggnog	PRP38 family
Phum-OR502AA_006_000491.1	eggnog	Domain present in phytochromes and cGMP-specific phosphodiesterases
Phum-OR502AA_006_000053.1	eggnog	ADP-ribosylation factor family
Phum-OR502AA_006_000490.1	eggnog	Transmembrane amino acid transporter protein
Phum-OR502AA_006_000054.1	blastp	Homology to Peronospora destructor predicted protein CAI5736822.1
Phum-OR502AA_006_000489.1	eggnog	Rhodanase C-terminal
Phum-OR502AA_006_000488.1	eggnog	Putative DNA-binding domain in centromere protein B, mouse jerky and transposases
Phum-OR502AA_006_000055.1	eggnog	phosphodiesterase I activity
Phum-OR502AA_006_000056.1	eggnog	Catalyzes the interconversion of methylthioribose-1- phosphate (MTR-1-P) into methylthioribulose-1-phosphate (MTRu-1- P)
Phum-OR502AA_006_000057.1	eggnog	Leishmanolysin
Phum-OR502AA_006_000487.1	interproscan	PTHR37031 domain-containing protein
Phum-OR502AA_006_000486.1	eggnog	Intraflagellar transport complex B protein 46 C terminal
Phum-OR502AA_006_000485.1	eggnog	OTU-like cysteine protease
Phum-OR502AA_006_000058.1	eggnog	Fcf2 pre-rRNA processing
Phum-OR502AA_006_000059.1	interproscan	PTHR37031 domain-containing protein
Phum-OR502AA_006_000484.1	eggnog	Leishmanolysin
Phum-OR502AA_006_000060.1	eggnog	Catalyzes the interconversion of methylthioribose-1- phosphate (MTR-1-P) into methylthioribulose-1-phosphate (MTRu-1- P)
Phum-OR502AA_006_000061.1	eggnog	phosphodiesterase I activity
Phum-OR502AA_006_000062.1	unannotated	Hypothetical protein of unknown function
Phum-OR502AA_006_000063.1	unannotated	Hypothetical protein of unknown function
Phum-OR502AA_006_000064.1	eggnog	Nucleotidyl transferase
Phum-OR502AA_006_000483.1	eggnog	Cation transporting ATPase, C-terminus
Phum-OR502AA_006_000482.1	eggnog	Atypical Arm repeat
Phum-OR502AA_006_000065.1	eggnog	domain-containing protein
Phum-OR502AA_006_000066.1	eggnog	beta-fructofuranosidase activity
Phum-OR502AA_006_000067.1	eggnog	Adenosine/AMP deaminase
Phum-OR502AA_006_000068.1	eggnog	Adenosine/AMP deaminase
Phum-OR502AA_006_000481.1	unannotated	Hypothetical protein of unknown function
Phum-OR502AA_006_000480.1	unannotated	Hypothetical protein of unknown function
Phum-OR502AA_006_000069.1	unannotated	Hypothetical protein of unknown function
Phum-OR502AA_006_000070.1	unannotated	Hypothetical protein of unknown function
Phum-OR502AA_006_000479.1	interproscan	G3DSA:3.40.1440.10 domain-containing protein
Phum-OR502AA_006_000478.1	blastp	Homology to Phytophthora lilii predicted protein GMF33957.1
Phum-OR502AA_006_000071.1	blastp	Homology to Phytophthora nicotianae predicted protein ETI30340.1
Phum-OR502AA_006_000477.1	blastp	Homology to Phytophthora lilii predicted protein GMF35832.1
Phum-OR502AA_006_000072.1	blastp	Homology to Phytophthora fragariaefolia predicted protein GMF60621.1
Phum-OR502AA_006_000476.1	blastp	Homology to Phytophthora fragariaefolia predicted protein GMF60626.1
Phum-OR502AA_006_000073.1	blastp	Homology to Phytophthora lilii predicted protein GMF35046.1
Phum-OR502AA_006_000475.1	blastp	Homology to Phytophthora lilii predicted protein GMF35049.1
Phum-OR502AA_006_000074.1	unannotated	Hypothetical protein of unknown function
Phum-OR502AA_006_000474.1	unannotated	Hypothetical protein of unknown function
Phum-OR502AA_006_000075.1	unannotated	Hypothetical protein of unknown function
Phum-OR502AA_006_000076.1	unannotated	Hypothetical protein of unknown function
Phum-OR502AA_006_000473.1	eggnog	Adenosine/AMP deaminase
Phum-OR502AA_006_000472.1	eggnog	Adenosine/AMP deaminase
Phum-OR502AA_006_000471.1	unannotated	Hypothetical protein of unknown function
Phum-OR502AA_006_000470.1	blastp	Homology to Peronospora effusa predicted protein CAI5721725.1
Phum-OR502AA_006_000469.1	unannotated	Hypothetical protein of unknown function
Phum-OR502AA_006_000468.1	unannotated	Hypothetical protein of unknown function
Phum-OR502AA_006_000077.1	eggnog	Adenosine/AMP deaminase
Phum-OR502AA_006_000078.1	eggnog	Adenosine/AMP deaminase
Phum-OR502AA_006_000467.1	unannotated	Hypothetical protein of unknown function
Phum-OR502AA_006_000466.1	unannotated	Hypothetical protein of unknown function
Phum-OR502AA_006_000079.1	unannotated	Hypothetical protein of unknown function
Phum-OR502AA_006_000465.1	blastp	Homology to Phytophthora rubi predicted protein KAE8991507.1
Phum-OR502AA_006_000080.1	unannotated	Hypothetical protein of unknown function
Phum-OR502AA_006_000464.1	eggnog	Adenosine/AMP deaminase
Phum-OR502AA_006_000463.1	eggnog	Adenosine/AMP deaminase
Phum-OR502AA_006_000081.1	unannotated	Hypothetical protein of unknown function
Phum-OR502AA_006_000082.1	blastp	Homology to Phytophthora rubi predicted protein KAE9285754.1
Phum-OR502AA_006_000083.1	eggnog	Domain with 2 conserved Trp (W) residues
Phum-OR502AA_006_000084.1	eggnog	Eukaryotic rRNA processing protein EBP2
Phum-OR502AA_006_000462.1	eggnog	Hinge domain of cleavage stimulation factor subunit 2
Phum-OR502AA_006_000461.1	eggnog	Domain with 2 conserved Trp (W) residues
Phum-OR502AA_006_000460.1	unannotated	Hypothetical protein of unknown function
Phum-OR502AA_006_000085.1	eggnog	OTU-like cysteine protease
Phum-OR502AA_006_000086.1	interproscan	PTHR21694 domain-containing protein
Phum-OR502AA_006_000087.1	eggnog	Belongs to the TRAFAC class dynamin-like GTPase superfamily
Phum-OR502AA_006_000088.1	eggnog	Ring finger
Phum-OR502AA_006_000089.1	eggnog	Enoyl-(Acyl carrier protein) reductase
Phum-OR502AA_006_000459.1	eggnog	Component of the FACT complex, a general chromatin factor that acts to reorganize nucleosomes
Phum-OR502AA_006_000090.1	eggnog	Pectinacetylesterase
Phum-OR502AA_006_000458.1	eggnog	UNC-50 family
Phum-OR502AA_006_000091.1	eggnog	WD repeat protein 35. Source PGD
Phum-OR502AA_006_000457.1	blastp	Homology to Phytophthora nicotianae predicted protein XP_008916129.1
Phum-OR502AA_006_000456.1	unannotated	Hypothetical protein of unknown function
Phum-OR502AA_006_000455.1	eggnog	domain-containing protein
Phum-OR502AA_006_000092.1	blastp	Homology to Phytophthora rubi predicted protein KAE9045823.1
Phum-OR502AA_006_000454.1	eggnog	Middle domain of eukaryotic initiation factor 4G (eIF4G)
Phum-OR502AA_006_000453.1	interproscan	PTHR34737 domain-containing protein
Phum-OR502AA_006_000093.1	eggnog	BAR domain of APPL family
Phum-OR502AA_006_000094.1	blastp	Homology to Phytophthora infestans predicted protein XP_002899363.1
Phum-OR502AA_006_000452.1	eggnog	Transcription factor/nuclear export subunit protein 2
Phum-OR502AA_006_000451.1	eggnog	Transcription factor/nuclear export subunit protein 2
Phum-OR502AA_006_000095.1	eggnog	Serine aminopeptidase, S33
Phum-OR502AA_006_000450.1	eggnog	Nucleotide-sugar transporter
Phum-OR502AA_006_000096.1	eggnog	Belongs to the VPS29 family
Phum-OR502AA_006_000449.1	blastp	Homology to Phytophthora pseudosyringae predicted protein KAG7391075.1
Phum-OR502AA_006_000097.1	eggnog	SMP-30/Gluconolaconase/LRE-like region
Phum-OR502AA_006_000448.1	eggnog	Exo70 exocyst complex subunit
Phum-OR502AA_006_000098.1	eggnog	Nucleotide-sugar transporter
Phum-OR502AA_006_000099.1	blastp	Homology to Phytophthora pseudosyringae predicted protein KAG7391073.1
Phum-OR502AA_006_000447.1	eggnog	domain-containing protein
Phum-OR502AA_006_000100.1	eggnog	domain-containing protein
Phum-OR502AA_006_000446.1	eggnog	Inosine-uridine preferring nucleoside hydrolase
Phum-OR502AA_006_000101.1	blastp	Homology to Phytophthora pseudosyringae predicted protein KAG7391066.1
Phum-OR502AA_006_000102.1	eggnog	Tetratricopeptide repeats
Phum-OR502AA_006_000445.1	blastp	Homology to Phytophthora pseudosyringae predicted protein KAG7382215.1
Phum-OR502AA_006_000444.1	eggnog	Phosphatidylinositol-4-phosphate 5-Kinase
Phum-OR502AA_006_000103.1	unannotated	Hypothetical protein of unknown function
Phum-OR502AA_006_000104.1	eggnog	Endoplasmic Reticulum-Golgi Intermediate Compartment (ERGIC)
Phum-OR502AA_006_000105.1	eggnog	Endoplasmic Reticulum-Golgi Intermediate Compartment (ERGIC)
Phum-OR502AA_006_000443.1	eggnog	transferase activity, transferring hexosyl groups
Phum-OR502AA_006_000442.1	eggnog	transferase activity, transferring hexosyl groups
Phum-OR502AA_006_000441.1	blastp	Homology to Phytophthora aleatoria predicted protein KAG6970315.1
Phum-OR502AA_006_000106.1	eggnog	domain-containing protein
Phum-OR502AA_006_000440.1	eggnog	domain-containing protein
Phum-OR502AA_006_000107.1	eggnog	Choline/ethanolamine kinase
Phum-OR502AA_006_000439.1	interproscan	G3DSA:2.40.128.20 domain-containing protein
Phum-OR502AA_006_000438.1	eggnog	Voltage gated chloride channel
Phum-OR502AA_006_000108.1	eggnog	transferase activity, transferring hexosyl groups
Phum-OR502AA_006_000109.1	eggnog	transferase activity, transferring hexosyl groups
Phum-OR502AA_006_000110.1	eggnog	IQ calmodulin-binding motif
Phum-OR502AA_006_000111.1	eggnog	Nucleotide-sugar transporter
Phum-OR502AA_006_000437.1	eggnog	Domain of unknown function (DUF4201)
Phum-OR502AA_006_000112.1	eggnog	FtsJ-like methyltransferase
Phum-OR502AA_006_000436.1	eggnog	Myosin. Large ATPases
Phum-OR502AA_006_000113.1	eggnog	Phosphoglycerate kinase
Phum-OR502AA_006_000435.1	eggnog	high mobility group
Phum-OR502AA_006_000434.1	unannotated	Hypothetical protein of unknown function
Phum-OR502AA_006_000114.1	eggnog	PHF5-like protein
Phum-OR502AA_006_000433.1	eggnog	domain-containing protein
Phum-OR502AA_006_000115.1	eggnog	domain-containing protein
Phum-OR502AA_006_000432.1	eggnog	PHF5-like protein
Phum-OR502AA_006_000116.1	eggnog	domain-containing protein
Phum-OR502AA_006_000117.1	eggnog	Trehalose-phosphatase
Phum-OR502AA_006_000431.1	eggnog	Eukaryotic aspartyl protease
Phum-OR502AA_006_000430.1	eggnog	Eukaryotic aspartyl protease
Phum-OR502AA_006_000429.1	eggnog	Major intrinsic protein
Phum-OR502AA_006_000118.1	eggnog	Major intrinsic protein
Phum-OR502AA_006_000119.1	eggnog	Belongs to the MIP aquaporin (TC 1.A.8) family
Phum-OR502AA_006_000120.1	eggnog	Histone methylation protein DOT1
Phum-OR502AA_006_000121.1	eggnog	Glycosyl hydrolase family 47
Phum-OR502AA_006_000428.1	eggnog	Dimerisation domain of Ca+-activated chloride-channel, anoctamin
Phum-OR502AA_006_000427.1	eggnog	domain-containing protein
Phum-OR502AA_006_000426.1	eggnog	domain-containing protein
Phum-OR502AA_006_000425.1	blastp	Homology to Phytophthora pseudosyringae predicted protein KAG7384857.1
Phum-OR502AA_006_000424.1	eggnog	Crinkler (CRN) family protein
Phum-OR502AA_006_000122.1	eggnog	Crinkler (CRN) family protein
Phum-OR502AA_006_000123.1	eggnog	domain-containing protein
Phum-OR502AA_006_000124.1	eggnog	Dip2/Utp12 Family
Phum-OR502AA_006_000125.1	eggnog	Phytanoyl-CoA dioxygenase (PhyH)
Phum-OR502AA_006_000126.1	eggnog	domain-containing protein
Phum-OR502AA_006_000423.1	eggnog	Dimerisation and cyclophilin-binding domain of Mon2
Phum-OR502AA_006_000422.1	eggnog	Belongs to the MIP aquaporin (TC 1.A.8) family
Phum-OR502AA_006_000421.1	eggnog	Belongs to the MIP aquaporin (TC 1.A.8) family
Phum-OR502AA_006_000127.1	eggnog	Belongs to the MIP aquaporin (TC 1.A.8) family
Phum-OR502AA_006_000128.1	eggnog	GTPase activity
Phum-OR502AA_006_000420.1	eggnog	Glutaredoxin
Phum-OR502AA_006_000419.1	blastp	Homology to Phytophthora aleatoria predicted protein KAG6945865.1
Phum-OR502AA_006_000129.1	eggnog	Ribosomal protein S7p/S5e
Phum-OR502AA_006_000418.1	eggnog	Belongs to the TRAFAC class myosin-kinesin ATPase superfamily
Phum-OR502AA_006_000417.1	eggnog	Major Facilitator Superfamily
Phum-OR502AA_006_000130.1	eggnog	Major Facilitator Superfamily
Phum-OR502AA_006_000131.1	blastp	Homology to Phytophthora rubi predicted protein KAE9044993.1
Phum-OR502AA_006_000416.1	eggnog	Major Facilitator Superfamily
Phum-OR502AA_006_000132.1	eggnog	Peroxisomal biogenesis factor 11 (PEX11)
Phum-OR502AA_006_000133.1	blastp	Homology to Phytophthora pseudosyringae predicted protein KAG7382990.1
Phum-OR502AA_006_000415.1	eggnog	Mycolic acid cyclopropane synthetase
Phum-OR502AA_006_000134.1	blastp	Homology to Phytophthora palmivora predicted protein POM63733.1
Phum-OR502AA_006_000414.1	unannotated	Hypothetical protein of unknown function
Phum-OR502AA_006_000135.1	unannotated	Hypothetical protein of unknown function
Phum-OR502AA_006_000413.1	eggnog	domain-containing protein
Phum-OR502AA_006_000412.1	eggnog	domain-containing protein
Phum-OR502AA_006_000411.1	unannotated	Hypothetical protein of unknown function
Phum-OR502AA_006_000410.1	eggnog	Uncharacterised protein family (UPF0203)
Phum-OR502AA_006_000409.1	eggnog	transferase activity, transferring hexosyl groups
Phum-OR502AA_006_000136.1	eggnog	domain-containing protein
Phum-OR502AA_006_000408.1	eggnog	Phosphoenolpyruvate carboxykinase
Phum-OR502AA_006_000137.1	eggnog	KaiC
Phum-OR502AA_006_000407.1	eggnog	Protein of unknown function (DUF423)
Phum-OR502AA_006_000138.1	eggnog	6-phosphofructo-2-kinase
Phum-OR502AA_006_000406.1	eggnog	negative regulation of cell proliferation
Phum-OR502AA_006_000139.1	eggnog	Sodium:dicarboxylate symporter family
Phum-OR502AA_006_000405.1	eggnog	WD40 repeats
Phum-OR502AA_006_000404.1	eggnog	regulation of protein monoubiquitination
Phum-OR502AA_006_000140.1	eggnog	domain-containing protein
Phum-OR502AA_006_000403.1	eggnog	E3 UFM1-protein ligase 1
Phum-OR502AA_006_000141.1	eggnog	Rad9
Phum-OR502AA_006_000402.1	blastp	Homology to Phytophthora ramorum predicted protein KAH7465703.1
Phum-OR502AA_006_000401.1	eggnog	EF hand
Phum-OR502AA_006_000400.1	eggnog	component of the eukaryotic translation initiation factor 3 (eIF-3) complex, which is involved in protein synthesis of a specialized repertoire of mRNAs and, together with other initiation factors, stimulates binding of mRNA and methionyl-tRNAi to the 40S ribosome
Phum-OR502AA_006_000142.1	blastp	Homology to Phytophthora nicotianae predicted protein XP_008894562.1
Phum-OR502AA_006_000143.1	eggnog	domain-containing protein
Phum-OR502AA_006_000144.1	eggnog	CAF1 family ribonuclease
Phum-OR502AA_006_000399.1	unannotated	Hypothetical protein of unknown function
Phum-OR502AA_006_000398.1	eggnog	bZIP transcription factor
Phum-OR502AA_006_000145.1	eggnog	Domain in Tre-2, BUB2p, and Cdc16p
Phum-OR502AA_006_000397.1	eggnog	Cation transporter/ATPase, N-terminus
Phum-OR502AA_006_000146.1	blastp	Homology to Phytophthora pseudosyringae predicted protein KAG7388512.1
Phum-OR502AA_006_000147.1	eggnog	Actin
Phum-OR502AA_006_000396.1	eggnog	Adenosine/AMP deaminase
Phum-OR502AA_006_000148.1	eggnog	Aminotransferase class-III
Phum-OR502AA_006_000395.1	eggnog	domain-containing protein
Phum-OR502AA_006_000149.1	eggnog	domain-containing protein
Phum-OR502AA_006_000150.1	eggnog	domain-containing protein
Phum-OR502AA_006_000394.1	eggnog	Enkurin, TRPC channel interacting protein
Phum-OR502AA_006_000393.1	eggnog	Glycosyl hydrolases family 6
Phum-OR502AA_006_000392.1	blastp	Homology to Peronospora effusa predicted protein RQM09820.1
Phum-OR502AA_006_000151.1	eggnog	Zn_pept
Phum-OR502AA_006_000391.1	eggnog	Zn_pept
Phum-OR502AA_006_000152.1	blastp	Homology to Peronospora effusa predicted protein RQM09820.1
Phum-OR502AA_006_000153.1	eggnog	platelet formation
Phum-OR502AA_006_000154.1	eggnog	POT family
Phum-OR502AA_006_000390.1	blastp	Homology to Peronospora destructor predicted protein CAI5738072.1
Phum-OR502AA_006_000389.1	eggnog	Calcium-activated chloride channel
Phum-OR502AA_006_000155.1	blastp	Homology to Peronospora destructor predicted protein CAI5744773.1
Phum-OR502AA_006_000156.1	blastp	Homology to Peronospora destructor predicted protein CAI5744928.1
Phum-OR502AA_006_000388.1	unannotated	Hypothetical protein of unknown function
Phum-OR502AA_006_000157.1	unannotated	Hypothetical protein of unknown function
Phum-OR502AA_006_000158.1	unannotated	Hypothetical protein of unknown function
Phum-OR502AA_006_000159.1	interproscan	FAM228 (PF28229)
Phum-OR502AA_006_000160.1	unannotated	Hypothetical protein of unknown function
Phum-OR502AA_006_000161.1	eggnog	DALR_2
Phum-OR502AA_006_000387.1	interproscan	FAM228 (PF28229)
Phum-OR502AA_006_000386.1	eggnog	RNA 2'-O ribose methyltransferase substrate binding
Phum-OR502AA_006_000162.1	eggnog	zinc finger
Phum-OR502AA_006_000385.1	eggnog	Wiskott Aldrich syndrome homology region 2
Phum-OR502AA_006_000163.1	interproscan	FAM228 (PF28229)
Phum-OR502AA_006_000164.1	eggnog	RNA 2'-O ribose methyltransferase substrate binding
Phum-OR502AA_006_000384.1	unannotated	Hypothetical protein of unknown function
Phum-OR502AA_006_000383.1	unannotated	Hypothetical protein of unknown function
Phum-OR502AA_006_000382.1	unannotated	Hypothetical protein of unknown function
Phum-OR502AA_006_000381.1	unannotated	Hypothetical protein of unknown function
Phum-OR502AA_006_000380.1	eggnog	ATP binding
Phum-OR502AA_006_000379.1	eggnog	Ankyrin repeats (many copies)
Phum-OR502AA_006_000165.1	eggnog	Ribosomal RNA-processing protein 7 (RRP7)
Phum-OR502AA_006_000378.1	eggnog	Protein tyrosine kinase
Phum-OR502AA_006_000166.1	eggnog	microtubule binding
Phum-OR502AA_006_000167.1	eggnog	intraciliary transport (TTC30B)
Phum-OR502AA_006_000168.1	eggnog	domain-containing protein
Phum-OR502AA_006_000377.1	eggnog	protein ubiquitination
Phum-OR502AA_006_000169.1	blastp	Homology to Phytophthora idaei;Phytophthora aleatoria predicted protein KAG3086498.1
Phum-OR502AA_006_000376.1	blastp	Homology to Peronospora destructor predicted protein CAI5725431.1
Phum-OR502AA_006_000170.1	interproscan	PTHR31827 domain-containing protein
Phum-OR502AA_006_000171.1	blastp	Homology to Phytophthora cactorum predicted protein KAG2807094.1
Phum-OR502AA_006_000172.1	eggnog	CCT motif
Phum-OR502AA_006_000375.1	interproscan	PTHR44227 domain-containing protein
Phum-OR502AA_006_000374.1	blastp	Homology to Peronospora belbahrii predicted protein CAH0519028.1
Phum-OR502AA_006_000173.1	blastp	Homology to Phytophthora nicotianae predicted protein KUF82171.1
Phum-OR502AA_006_000174.1	blastp	Homology to Phytophthora nicotianae predicted protein KUF78782.1
Phum-OR502AA_006_000175.1	eggnog	domain-containing protein
Phum-OR502AA_006_000373.1	eggnog	domain-containing protein
Phum-OR502AA_006_000372.1	blastp	Homology to Phytophthora cactorum predicted protein KAG2789595.1
Phum-OR502AA_006_000176.1	eggnog	Mitosis protein DIM1
Phum-OR502AA_006_000371.1	eggnog	Nucleoside diphosphate kinase
Phum-OR502AA_006_000177.1	interproscan	PTHR31513 domain-containing protein
Phum-OR502AA_006_000178.1	eggnog	domain-containing protein
Phum-OR502AA_006_000370.1	eggnog	domain-containing protein
Phum-OR502AA_006_000179.1	eggnog	Possible plasma membrane-binding motif in junctophilins, PIP-5-kinases and protein kinases
Phum-OR502AA_006_000369.1	blastp	Homology to Peronospora destructor predicted protein CAI5709947.1
Phum-OR502AA_006_000368.1	interproscan	WLGC domain (PF26605)
Phum-OR502AA_006_000180.1	interproscan	PTHR35796 domain-containing protein
Phum-OR502AA_006_000367.1	blastp	Homology to Phytophthora palmivora predicted protein POM78497.1
Phum-OR502AA_006_000181.1	eggnog	domain-containing protein
Phum-OR502AA_006_000182.1	interproscan	PTHR13510 domain-containing protein
Phum-OR502AA_006_000183.1	interproscan	PTHR35796 domain-containing protein
Phum-OR502AA_006_000366.1	blastp	Homology to Phytophthora nicotianae predicted protein ETP39359.1
Phum-OR502AA_006_000365.1	eggnog	XRN 5'-3' exonuclease N-terminus
Phum-OR502AA_006_000364.1	eggnog	Belongs to the peptidase C1 family
Phum-OR502AA_006_000363.1	blastp	Homology to Phytophthora rubi predicted protein KAE8968210.1
Phum-OR502AA_006_000184.1	eggnog	M96 mating-specific protein
Phum-OR502AA_006_000185.1	eggnog	M96 mating-specific protein
Phum-OR502AA_006_000186.1	eggnog	Mannosyltransferase putative
Phum-OR502AA_006_000187.1	eggnog	Mannosyltransferase putative
Phum-OR502AA_006_000188.1	eggnog	Mannosyltransferase putative
Phum-OR502AA_006_000362.1	eggnog	Amino acid permease
Phum-OR502AA_006_000189.1	eggnog	domain-containing protein
Phum-OR502AA_006_000361.1	interproscan	PTHR35796 domain-containing protein
Phum-OR502AA_006_000360.1	eggnog	Mannosyltransferase putative
Phum-OR502AA_006_000359.1	eggnog	Mannosyltransferase putative
Phum-OR502AA_006_000358.1	eggnog	Mannosyltransferase putative
Phum-OR502AA_006_000357.1	eggnog	M96 mating-specific protein
Phum-OR502AA_006_000190.1	eggnog	Mannosyltransferase putative
Phum-OR502AA_006_000356.1	eggnog	PLAC8 family
Phum-OR502AA_006_000191.1	eggnog	GXGXG motif
Phum-OR502AA_006_000192.1	eggnog	Belongs to the peptidase C1 family
Phum-OR502AA_006_000355.1	interproscan	PLAC8 family (PF04749)
Phum-OR502AA_006_000354.1	blastp	Homology to Phytophthora palmivora predicted protein POM64001.1
Phum-OR502AA_006_000193.1	eggnog	Aminotransferase class-III
Phum-OR502AA_006_000353.1	eggnog	WD domain, G-beta repeat
Phum-OR502AA_006_000194.1	eggnog	heat shock factor
Phum-OR502AA_006_000352.1	eggnog	Cytochrome oxidase c subunit VIb
Phum-OR502AA_006_000195.1	eggnog	domain-containing protein
Phum-OR502AA_006_000196.1	eggnog	Rrp15p
Phum-OR502AA_006_000197.1	eggnog	domain-containing protein
Phum-OR502AA_006_000351.1	eggnog	domain-containing protein
Phum-OR502AA_006_000350.1	eggnog	MRG
Phum-OR502AA_006_000198.1	eggnog	Cellulase (glycosyl hydrolase family 5)
Phum-OR502AA_006_000349.1	eggnog	PRP38 family
Phum-OR502AA_006_000199.1	interproscan	PTHR37946 domain-containing protein
Phum-OR502AA_006_000200.1	eggnog	NADH-ubiquinone reductase complex 1 MLRQ subunit
Phum-OR502AA_006_000348.1	eggnog	UDP-3-O-acyl N-acetylglycosamine deacetylase
Phum-OR502AA_006_000201.1	eggnog	domain-containing protein
Phum-OR502AA_006_000347.1	eggnog	Domain of unknown function (DUF4091)
Phum-OR502AA_006_000202.1	eggnog	Eukaryotic protein of unknown function (DUF866)
Phum-OR502AA_006_000346.1	eggnog	Intraflagellar transport protein 43
Phum-OR502AA_006_000203.1	eggnog	Belongs to the ABC transporter superfamily
Phum-OR502AA_006_000204.1	eggnog	Amino acid permease
Phum-OR502AA_006_000345.1	eggnog	Belongs to the ABC transporter superfamily
Phum-OR502AA_006_000205.1	eggnog	Amino acid permease
Phum-OR502AA_006_000344.1	eggnog	Belongs to the ABC transporter superfamily
Phum-OR502AA_006_000206.1	eggnog	Amino acid permease
Phum-OR502AA_006_000207.1	eggnog	Belongs to the ABC transporter superfamily
Phum-OR502AA_006_000208.1	eggnog	Amino acid permease
Phum-OR502AA_006_000343.1	eggnog	ABC-2 type transporter
Phum-OR502AA_006_000342.1	interproscan	PTHR14332 domain-containing protein
Phum-OR502AA_006_000341.1	eggnog	Amino acid permease
Phum-OR502AA_006_000209.1	eggnog	TCP-1/cpn60 chaperonin family
Phum-OR502AA_006_000210.1	eggnog	Lecithin:cholesterol acyltransferase
Phum-OR502AA_006_000340.1	interproscan	PTHR13054 domain-containing protein
Phum-OR502AA_006_000339.1	interproscan	SSF52047 domain-containing protein
Phum-OR502AA_006_000338.1	blastp	Homology to Phytophthora fragariae predicted protein KAE9288505.1
Phum-OR502AA_006_000337.1	blastp	Homology to Phytophthora fragariae predicted protein KAE9288505.1
Phum-OR502AA_006_000336.1	blastp	Homology to Phytophthora fragariae predicted protein KAE9288505.1
Phum-OR502AA_006_000335.1	blastp	Homology to Phytophthora fragariae predicted protein KAE9288505.1
Phum-OR502AA_006_000334.1	blastp	Homology to Phytophthora fragariae predicted protein KAE9288505.1
Phum-OR502AA_006_000333.1	blastp	Homology to Phytophthora fragariae predicted protein KAE9288505.1
Phum-OR502AA_006_000332.1	blastp	Homology to Phytophthora fragariae predicted protein KAE9288505.1
Phum-OR502AA_006_000331.1	blastp	Homology to Phytophthora fragariae predicted protein KAE9288505.1
Phum-OR502AA_006_000330.1	blastp	Homology to Phytophthora fragariae predicted protein KAE9288505.1
Phum-OR502AA_006_000329.1	blastp	Homology to Phytophthora fragariae predicted protein KAE9288505.1
Phum-OR502AA_006_000328.1	blastp	Homology to Phytophthora fragariae predicted protein KAE9288505.1
Phum-OR502AA_006_000327.1	blastp	Homology to Phytophthora fragariae predicted protein KAE9288505.1
Phum-OR502AA_006_000326.1	blastp	Homology to Phytophthora fragariae predicted protein KAE9288505.1
Phum-OR502AA_006_000325.1	blastp	Homology to Phytophthora fragariae predicted protein KAE9288505.1
Phum-OR502AA_006_000324.1	blastp	Homology to Phytophthora fragariae predicted protein KAE9288505.1
Phum-OR502AA_006_000323.1	blastp	Homology to Phytophthora fragariae predicted protein KAE9288505.1
Phum-OR502AA_006_000322.1	blastp	Homology to Phytophthora fragariae predicted protein KAE9288505.1
Phum-OR502AA_006_000321.1	blastp	Homology to Phytophthora fragariae predicted protein KAE9288505.1
Phum-OR502AA_006_000320.1	blastp	Homology to Phytophthora fragariae predicted protein KAE9288505.1
Phum-OR502AA_006_000319.1	blastp	Homology to Phytophthora fragariae predicted protein KAE9288505.1
Phum-OR502AA_006_000318.1	blastp	Homology to Phytophthora fragariae predicted protein KAE9288505.1
Phum-OR502AA_006_000317.1	blastp	Homology to Phytophthora fragariae predicted protein KAE9288505.1
Phum-OR502AA_006_000316.1	unannotated	Hypothetical protein of unknown function
Phum-OR502AA_006_000211.1	blastp	Homology to Phytophthora palmivora predicted protein POM73296.1
Phum-OR502AA_006_000315.1	blastp	Homology to Phytophthora cinnamomi predicted protein KAG6618767.1
Phum-OR502AA_006_000212.1	blastp	Homology to Phytophthora nicotianae predicted protein XP_008894073.1
Phum-OR502AA_006_000314.1	blastp	Homology to Phytophthora idaei predicted protein KAG3232419.1
Phum-OR502AA_006_000313.1	unannotated	Hypothetical protein of unknown function
Phum-OR502AA_006_000312.1	unannotated	Hypothetical protein of unknown function
Phum-OR502AA_006_000311.1	blastp	Homology to Phytophthora idaei predicted protein KAG3097688.1
Phum-OR502AA_006_000310.1	eggnog	pyruvate dehydrogenase complex
Phum-OR502AA_006_000309.1	eggnog	Glutamate/Leucine/Phenylalanine/Valine dehydrogenase
Phum-OR502AA_006_000213.1	eggnog	Mitochondrial 39-S ribosomal protein L47 (MRP-L47)
Phum-OR502AA_006_000308.1	eggnog	Alpha/beta hydrolase family
Phum-OR502AA_006_000214.1	eggnog	Ubiquitin carboxyl-terminal hydrolase
Phum-OR502AA_006_000215.1	interproscan	PTHR34737 domain-containing protein
Phum-OR502AA_006_000307.1	eggnog	domain-containing protein
Phum-OR502AA_006_000216.1	eggnog	MreB/Mbl protein
Phum-OR502AA_006_000306.1	eggnog	ATPase family associated with various cellular activities (AAA)
Phum-OR502AA_006_000217.1	interproscan	PTHR45896 domain-containing protein
Phum-OR502AA_006_000218.1	eggnog	Tetrapyrrole (Corrin/Porphyrin) Methylases
Phum-OR502AA_006_000219.1	eggnog	Subtilase family
Phum-OR502AA_006_000220.1	unannotated	Hypothetical protein of unknown function
Phum-OR502AA_006_000221.1	eggnog	Tetrapyrrole (Corrin/Porphyrin) Methylases
Phum-OR502AA_006_000222.1	eggnog	Subtilase family
Phum-OR502AA_006_000305.1	eggnog	gag-polypeptide of LTR copia-type
Phum-OR502AA_006_000223.1	eggnog	Tetrapyrrole (Corrin/Porphyrin) Methylases
Phum-OR502AA_006_000224.1	eggnog	Subtilase family
Phum-OR502AA_006_000225.1	unannotated	Hypothetical protein of unknown function
Phum-OR502AA_006_000226.1	eggnog	Tetrapyrrole (Corrin/Porphyrin) Methylases
Phum-OR502AA_006_000227.1	eggnog	Subtilase family
Phum-OR502AA_006_000228.1	unannotated	Hypothetical protein of unknown function
Phum-OR502AA_006_000229.1	eggnog	Tetrapyrrole (Corrin/Porphyrin) Methylases
Phum-OR502AA_006_000230.1	unannotated	Hypothetical protein of unknown function
Phum-OR502AA_006_000231.1	eggnog	Subtilase family
Phum-OR502AA_006_000304.1	eggnog	Subtilase family
Phum-OR502AA_006_000303.1	eggnog	Tetrapyrrole (Corrin/Porphyrin) Methylases
Phum-OR502AA_006_000302.1	unannotated	Hypothetical protein of unknown function
Phum-OR502AA_006_000301.1	eggnog	Subtilase family
Phum-OR502AA_006_000300.1	eggnog	Tetrapyrrole (Corrin/Porphyrin) Methylases
Phum-OR502AA_006_000299.1	eggnog	domain-containing protein
Phum-OR502AA_006_000298.1	unannotated	Hypothetical protein of unknown function
Phum-OR502AA_006_000297.1	eggnog	transposition, RNA-mediated
Phum-OR502AA_006_000232.1	interproscan	PTHR39200 domain-containing protein
Phum-OR502AA_006_000296.1	blastp	Homology to Phytophthora aleatoria predicted protein KAG6960104.1
Phum-OR502AA_006_000295.1	eggnog	domain-containing protein
Phum-OR502AA_006_000233.1	unannotated	Hypothetical protein of unknown function
Phum-OR502AA_006_000234.1	blastp	Homology to Phytophthora pseudosyringae predicted protein KAG7382722.1
Phum-OR502AA_006_000235.1	interproscan	PTHR28037 domain-containing protein
Phum-OR502AA_006_000236.1	blastp	Homology to Phytophthora aleatoria predicted protein KAG6960104.1
Phum-OR502AA_006_000294.1	blastp	Homology to Phytophthora cactorum predicted protein KAG2774225.1
Phum-OR502AA_006_000293.1	unannotated	Hypothetical protein of unknown function
Phum-OR502AA_006_000237.1	eggnog	domain-containing protein
Phum-OR502AA_006_000238.1	eggnog	PDZ domain (Also known as DHR or GLGF)
Phum-OR502AA_006_000292.1	eggnog	Cid1 family poly A polymerase
Phum-OR502AA_006_000239.1	eggnog	A domain family that is part of the cupin metalloenzyme superfamily
Phum-OR502AA_006_000240.1	interproscan	PTHR35796 domain-containing protein
Phum-OR502AA_006_000291.1	unannotated	Hypothetical protein of unknown function
Phum-OR502AA_006_000290.1	interproscan	PTHR39200 domain-containing protein
Phum-OR502AA_006_000241.1	interproscan	PTHR39200 domain-containing protein
Phum-OR502AA_006_000242.1	unannotated	Hypothetical protein of unknown function
Phum-OR502AA_006_000243.1	interproscan	PTHR39200 domain-containing protein
Phum-OR502AA_006_000244.1	interproscan	PTHR39200 domain-containing protein
Phum-OR502AA_006_000289.1	interproscan	PTHR39200 domain-containing protein
Phum-OR502AA_006_000245.1	interproscan	PTHR39200 domain-containing protein
Phum-OR502AA_006_000246.1	interproscan	PTHR39200 domain-containing protein
Phum-OR502AA_006_000247.1	interproscan	PTHR39200 domain-containing protein
Phum-OR502AA_006_000288.1	interproscan	PTHR39200 domain-containing protein
Phum-OR502AA_006_000287.1	interproscan	PTHR39200 domain-containing protein
Phum-OR502AA_006_000286.1	interproscan	PTHR39200 domain-containing protein
Phum-OR502AA_006_000248.1	unannotated	Hypothetical protein of unknown function
Phum-OR502AA_006_000285.1	interproscan	PTHR39200 domain-containing protein
Phum-OR502AA_006_000284.1	interproscan	PTHR39200 domain-containing protein
Phum-OR502AA_006_000249.1	eggnog	Peptidase family C69
Phum-OR502AA_006_000283.1	eggnog	domain-containing protein
Phum-OR502AA_006_000282.1	interproscan	PTHR39200 domain-containing protein
Phum-OR502AA_006_000250.1	blastp	Homology to Phytophthora nicotianae predicted protein ETL88487.1
Phum-OR502AA_006_000251.1	eggnog	domain-containing protein
Phum-OR502AA_006_000281.1	eggnog	ThiF family
Phum-OR502AA_006_000280.1	eggnog	M96 mating-specific protein family. Source PGD
Phum-OR502AA_006_000279.1	interproscan	PTHR33946 domain-containing protein
Phum-OR502AA_006_000278.1	interproscan	G3DSA:1.10.510.10 domain-containing protein
Phum-OR502AA_006_000277.1	eggnog	CRN domain-containing protein-containing protein
Phum-OR502AA_006_000252.1	blastp	Homology to Phytophthora pseudosyringae predicted protein KAG7380588.1
Phum-OR502AA_006_000276.1	interproscan	PTHR33946 domain-containing protein
Phum-OR502AA_006_000253.1	eggnog	Protein kinase C conserved region 2 (CalB)
Phum-OR502AA_006_000275.1	eggnog	domain-containing protein
Phum-OR502AA_006_000274.1	eggnog	PLAC8 family
Phum-OR502AA_006_000254.1	eggnog	EF-hand, calcium binding motif
Phum-OR502AA_006_000255.1	blastp	Homology to Phytophthora pseudosyringae predicted protein KAG7382705.1
Phum-OR502AA_006_000273.1	blastp	Homology to Phytophthora lilii predicted protein GMF34697.1
Phum-OR502AA_006_000272.1	eggnog	EF-hand, calcium binding motif
Phum-OR502AA_006_000271.1	unannotated	Hypothetical protein of unknown function
Phum-OR502AA_006_000256.1	eggnog	PLAC8 family
Phum-OR502AA_006_000257.1	eggnog	domain-containing protein
Phum-OR502AA_006_000258.1	eggnog	domain-containing protein
Phum-OR502AA_006_000270.1	eggnog	Protein kinase C conserved region 2 (CalB)
Phum-OR502AA_006_000269.1	interproscan	PTHR22538 domain-containing protein
Phum-OR502AA_006_000268.1	eggnog	Peptidase family C69
Phum-OR502AA_006_000259.1	interproscan	PTHR33946 domain-containing protein
Phum-OR502AA_006_000267.1	blastp	Homology to Phytophthora infestans predicted protein XP_002901336.1
Phum-OR502AA_006_000260.1	blastp	Homology to Phytophthora infestans predicted protein KAF4030060.1
Phum-OR502AA_006_000261.1	eggnog	M96 mating-specific protein family. Source PGD
Phum-OR502AA_006_000266.1	blastp	Homology to Phytophthora nicotianae predicted protein KUF97661.1
Phum-OR502AA_006_000265.1	blastp	Homology to Phytophthora pseudosyringae predicted protein KAG7382714.1
Phum-OR502AA_006_000262.1	interproscan	PTHR35796 domain-containing protein
Phum-OR502AA_006_000264.1	eggnog	Nucleoside H+ symporter
Phum-OR502AA_006_000263.1	interproscan	PTHR35796 domain-containing protein
Phum-OR502AA_007_000564.1	eggnog	Involved in the retrieval of endoplasmic reticulum membrane proteins from the early Golgi compartment
Phum-OR502AA_007_000563.1	blastp	Homology to Peronospora effusa predicted protein RQM09068.1
Phum-OR502AA_007_000001.1	eggnog	RNA recognition motif
Phum-OR502AA_007_000562.1	eggnog	Glycosyl hydrolase family 81
Phum-OR502AA_007_000002.1	eggnog	Glycosyl hydrolase family 10
Phum-OR502AA_007_000003.1	eggnog	ABC transporter
Phum-OR502AA_007_000004.1	eggnog	Glycosyl transferase family 4
Phum-OR502AA_007_000005.1	eggnog	domain-containing protein
Phum-OR502AA_007_000006.1	unannotated	Hypothetical protein of unknown function
Phum-OR502AA_007_000007.1	blastp	Homology to Phytophthora infestans predicted protein XP_002897247.1
Phum-OR502AA_007_000008.1	eggnog	ABC transporter
Phum-OR502AA_007_000009.1	eggnog	Glycosyl transferase family 4
Phum-OR502AA_007_000561.1	eggnog	ABC transporter
Phum-OR502AA_007_000010.1	eggnog	domain-containing protein
Phum-OR502AA_007_000011.1	unannotated	Hypothetical protein of unknown function
Phum-OR502AA_007_000012.1	eggnog	Involved in the retrieval of endoplasmic reticulum membrane proteins from the early Golgi compartment
Phum-OR502AA_007_000560.1	unannotated	Hypothetical protein of unknown function
Phum-OR502AA_007_000559.1	eggnog	domain-containing protein
Phum-OR502AA_007_000558.1	eggnog	Annexin repeats
Phum-OR502AA_007_000013.1	eggnog	Dynamin family
Phum-OR502AA_007_000557.1	blastp	Homology to Peronospora effusa predicted protein RQM09518.1
Phum-OR502AA_007_000014.1	eggnog	Phosphotransferase enzyme family
Phum-OR502AA_007_000556.1	eggnog	DHHC palmitoyltransferase
Phum-OR502AA_007_000015.1	eggnog	Vitamin B6 photo-protection and homoeostasis
Phum-OR502AA_007_000016.1	eggnog	Ankyrin repeat
Phum-OR502AA_007_000555.1	eggnog	domain-containing protein
Phum-OR502AA_007_000017.1	interproscan	PTHR12943 domain-containing protein
Phum-OR502AA_007_000554.1	eggnog	Amino-terminal Zinc-binding domain of ubiquitin ligase E3A
Phum-OR502AA_007_000553.1	eggnog	domain-containing protein
Phum-OR502AA_007_000018.1	eggnog	Phosphoglycerate mutase family
Phum-OR502AA_007_000019.1	eggnog	Source PGD
Phum-OR502AA_007_000552.1	interproscan	G3DSA:1.25.10.10 domain-containing protein
Phum-OR502AA_007_000551.1	eggnog	MAP kinase kinase kinase activity (Stkld1)
Phum-OR502AA_007_000020.1	eggnog	Heat shock chaperonin-binding motif
Phum-OR502AA_007_000021.1	eggnog	Heat shock chaperonin-binding motif
Phum-OR502AA_007_000022.1	blastp	Homology to Phytophthora pseudosyringae predicted protein KAG7379857.1
Phum-OR502AA_007_000023.1	blastp	Homology to Phytophthora nicotianae predicted protein ETI33336.1
Phum-OR502AA_007_000024.1	eggnog	Tub family
Phum-OR502AA_007_000025.1	blastp	Homology to Peronospora farinosa predicted protein CAH0489165.1
Phum-OR502AA_007_000026.1	interproscan	PTHR47236 domain-containing protein
Phum-OR502AA_007_000550.1	eggnog	Cellulose synthase
Phum-OR502AA_007_000027.1	blastp	Homology to Phytophthora palmivora predicted protein POM60557.1
Phum-OR502AA_007_000549.1	eggnog	Ankyrin repeats (many copies)
Phum-OR502AA_007_000548.1	eggnog	Choline/ethanolamine kinase
Phum-OR502AA_007_000547.1	blastp	Homology to Phytophthora aleatoria predicted protein KAG6945288.1
Phum-OR502AA_007_000546.1	interproscan	PTHR31973 domain-containing protein
Phum-OR502AA_007_000545.1	blastp	Homology to Phytophthora aleatoria predicted protein KAG6945288.1
Phum-OR502AA_007_000544.1	eggnog	Elongation factor Tu domain 2
Phum-OR502AA_007_000543.1	eggnog	Elongation factor Tu domain 2
Phum-OR502AA_007_000542.1	eggnog	Belongs to the glycosyl hydrolase 12 (cellulase H) family
Phum-OR502AA_007_000541.1	eggnog	Belongs to the glycosyl hydrolase 12 (cellulase H) family
Phum-OR502AA_007_000540.1	eggnog	Belongs to the glycosyl hydrolase 12 (cellulase H) family
Phum-OR502AA_007_000539.1	eggnog	Belongs to the glycosyl hydrolase 12 (cellulase H) family
Phum-OR502AA_007_000538.1	eggnog	Belongs to the glycosyl hydrolase 12 (cellulase H) family
Phum-OR502AA_007_000537.1	eggnog	domain-containing protein
Phum-OR502AA_007_000028.1	eggnog	domain-containing protein
Phum-OR502AA_007_000029.1	blastp	Homology to Peronospora destructor predicted protein CAI5745570.1
Phum-OR502AA_007_000030.1	eggnog	Dynein light chain type 1
Phum-OR502AA_007_000536.1	eggnog	domain-containing protein
Phum-OR502AA_007_000031.1	blastp	Homology to Phytophthora fragariae;Phytophthora rubi predicted protein KAE9002586.1
Phum-OR502AA_007_000535.1	eggnog	domain-containing protein
Phum-OR502AA_007_000534.1	eggnog	domain-containing protein
Phum-OR502AA_007_000533.1	eggnog	Ubiquinone biosynthesis protein COQ7
Phum-OR502AA_007_000032.1	eggnog	intra-Golgi vesicle-mediated transport
Phum-OR502AA_007_000033.1	eggnog	Cellulase (glycosyl hydrolase family 5)
Phum-OR502AA_007_000034.1	eggnog	Conserved gene of
Phum-OR502AA_007_000035.1	eggnog	Cellulase (glycosyl hydrolase family 5)
Phum-OR502AA_007_000036.1	eggnog	2-oxoglutarate dehydrogenase N-terminus
Phum-OR502AA_007_000037.1	unannotated	Hypothetical protein of unknown function
Phum-OR502AA_007_000038.1	eggnog	Transglutaminase elicitor
Phum-OR502AA_007_000039.1	eggnog	Transglutaminase elicitor
Phum-OR502AA_007_000040.1	eggnog	Transglutaminase elicitor
Phum-OR502AA_007_000041.1	unannotated	Hypothetical protein of unknown function
Phum-OR502AA_007_000042.1	eggnog	Transglutaminase elicitor
Phum-OR502AA_007_000532.1	blastp	Homology to Phytophthora nicotianae predicted protein ETL84038.1
Phum-OR502AA_007_000043.1	unannotated	Hypothetical protein of unknown function
Phum-OR502AA_007_000044.1	eggnog	domain-containing protein
Phum-OR502AA_007_000045.1	eggnog	domain-containing protein
Phum-OR502AA_007_000046.1	eggnog	Crinkler (CRN) family protein
Phum-OR502AA_007_000047.1	eggnog	Crinkler (CRN) family protein
Phum-OR502AA_007_000531.1	eggnog	domain-containing protein
Phum-OR502AA_007_000530.1	eggnog	Cation efflux family
Phum-OR502AA_007_000529.1	eggnog	Myosin. Large ATPases
Phum-OR502AA_007_000048.1	eggnog	domain-containing protein
Phum-OR502AA_007_000049.1	blastp	Homology to Phytophthora ramorum predicted protein KAH7489026.1
Phum-OR502AA_007_000528.1	eggnog	Carbon-nitrogen hydrolase
Phum-OR502AA_007_000050.1	eggnog	domain-containing protein
Phum-OR502AA_007_000051.1	eggnog	domain-containing protein
Phum-OR502AA_007_000052.1	eggnog	domain-containing protein
Phum-OR502AA_007_000527.1	blastp	Homology to Phytophthora aleatoria predicted protein KAG6955863.1
Phum-OR502AA_007_000526.1	eggnog	GTPase activity (GPN1)
Phum-OR502AA_007_000525.1	eggnog	Protein tyrosine kinase
Phum-OR502AA_007_000524.1	eggnog	Protein tyrosine kinase
Phum-OR502AA_007_000523.1	blastp	Homology to Phytophthora fragariae predicted protein KAE8895690.1
Phum-OR502AA_007_000522.1	eggnog	Belongs to the histidine acid phosphatase family
Phum-OR502AA_007_000053.1	interproscan	G3DSA:1.25.40.10 domain-containing protein
Phum-OR502AA_007_000521.1	eggnog	Protein tyrosine kinase
Phum-OR502AA_007_000520.1	eggnog	Protein tyrosine kinase
Phum-OR502AA_007_000519.1	eggnog	domain-containing protein
Phum-OR502AA_007_000054.1	eggnog	OST3 / OST6 family, transporter family
Phum-OR502AA_007_000055.1	eggnog	domain-containing protein
Phum-OR502AA_007_000518.1	eggnog	Rubisco LSMT substrate-binding
Phum-OR502AA_007_000056.1	blastp	Homology to Phytophthora pseudosyringae predicted protein KAG7378093.1
Phum-OR502AA_007_000517.1	eggnog	Transcriptional regulator
Phum-OR502AA_007_000057.1	eggnog	Sperm-tail PG-rich repeat
Phum-OR502AA_007_000516.1	eggnog	domain-containing protein
Phum-OR502AA_007_000058.1	interproscan	SSF47954 domain-containing protein
Phum-OR502AA_007_000059.1	eggnog	domain-containing protein
Phum-OR502AA_007_000515.1	eggnog	Protein of unknown function (DUF1336)
Phum-OR502AA_007_000060.1	eggnog	Protein tyrosine kinase
Phum-OR502AA_007_000061.1	eggnog	protein kinase activity
Phum-OR502AA_007_000514.1	interproscan	G3DSA:1.25.40.10 domain-containing protein
Phum-OR502AA_007_000062.1	interproscan	PTHR13367 domain-containing protein
Phum-OR502AA_007_000513.1	interproscan	PTHR13367 domain-containing protein
Phum-OR502AA_007_000063.1	eggnog	peptidyl-aspartic acid autophosphorylation
Phum-OR502AA_007_000512.1	eggnog	IQ calmodulin-binding motif
Phum-OR502AA_007_000511.1	eggnog	peptidyl-aspartic acid autophosphorylation
Phum-OR502AA_007_000510.1	eggnog	peptidyl-aspartic acid autophosphorylation
Phum-OR502AA_007_000064.1	eggnog	peptidyl-aspartic acid autophosphorylation
Phum-OR502AA_007_000065.1	eggnog	Associates with the EF-Tu.GDP complex and induces the exchange of GDP to GTP
Phum-OR502AA_007_000509.1	eggnog	domain-containing protein
Phum-OR502AA_007_000066.1	eggnog	Functions as actin-binding component of the Arp2 3 complex which is involved in regulation of actin polymerization and together with an activating nucleation-promoting factor (NPF) mediates the formation of branched actin networks
Phum-OR502AA_007_000508.1	eggnog	domain-containing protein
Phum-OR502AA_007_000067.1	eggnog	diguanylate cyclase activity
Phum-OR502AA_007_000507.1	blastp	Homology to Phytophthora cinnamomi predicted protein KAG6620760.1
Phum-OR502AA_007_000506.1	eggnog	domain-containing protein
Phum-OR502AA_007_000068.1	eggnog	Ubiquitin carboxyl-terminal hydrolase, family 1
Phum-OR502AA_007_000069.1	interproscan	PTHR36453 domain-containing protein
Phum-OR502AA_007_000505.1	eggnog	Extension to Ser/Thr-type protein kinases
Phum-OR502AA_007_000504.1	blastp	Homology to Peronospora effusa predicted protein UIZ28985.1
Phum-OR502AA_007_000503.1	unannotated	Hypothetical protein of unknown function
Phum-OR502AA_007_000070.1	eggnog	Endonuclease/Exonuclease/phosphatase family
Phum-OR502AA_007_000502.1	eggnog	domain-containing protein
Phum-OR502AA_007_000501.1	blastp	Homology to Phytophthora capsici predicted protein KAG1690388.1
Phum-OR502AA_007_000071.1	eggnog	histone-lysine N-methyltransferase activity
Phum-OR502AA_007_000500.1	eggnog	Arginine methyltransferase involved in the assembly or stability of mitochondrial NADH ubiquinone oxidoreductase complex (complex I)
Phum-OR502AA_007_000072.1	eggnog	Sec1 family
Phum-OR502AA_007_000073.1	eggnog	ROK family
Phum-OR502AA_007_000074.1	eggnog	Thioredoxin-like
Phum-OR502AA_007_000499.1	eggnog	ATPase activity
Phum-OR502AA_007_000075.1	eggnog	calcium-dependent phospholipid binding
Phum-OR502AA_007_000076.1	eggnog	Trehalose-phosphatase
Phum-OR502AA_007_000498.1	eggnog	Regulatory subunit of the condensin complex, a complex required for conversion of interphase chromatin into mitotic-like condense chromosomes
Phum-OR502AA_007_000497.1	blastp	Homology to Phytophthora cinnamomi predicted protein KAJ8552285.1
Phum-OR502AA_007_000077.1	eggnog	ERCC3/RAD25/XPB C-terminal helicase
Phum-OR502AA_007_000078.1	blastp	Homology to Phytophthora aleatoria predicted protein KAG6951673.1
Phum-OR502AA_007_000496.1	blastp	Homology to Phytophthora cactorum predicted protein KAG2759941.1
Phum-OR502AA_007_000495.1	eggnog	Leucine Rich repeat
Phum-OR502AA_007_000079.1	eggnog	rRNA methyltransferase
Phum-OR502AA_007_000494.1	eggnog	Microtubule-binding protein MIP-T3
Phum-OR502AA_007_000080.1	blastp	Homology to Peronospora belbahrii predicted protein CAH0521410.1
Phum-OR502AA_007_000081.1	eggnog	Regulator of Vps4 activity in the MVB pathway
Phum-OR502AA_007_000082.1	interproscan	PTHR34396 domain-containing protein
Phum-OR502AA_007_000493.1	eggnog	Fumarylacetoacetase N-terminal
Phum-OR502AA_007_000083.1	unannotated	Hypothetical protein of unknown function
Phum-OR502AA_007_000084.1	blastp	Homology to Peronospora effusa predicted protein CAI5728178.1
Phum-OR502AA_007_000085.1	blastp	Homology to Peronospora effusa predicted protein RMX65366.1
Phum-OR502AA_007_000492.1	blastp	Homology to Phytophthora palmivora predicted protein POM61310.1
Phum-OR502AA_007_000491.1	eggnog	Prokaryotic RING finger family 4
Phum-OR502AA_007_000086.1	eggnog	Uncharacterized protein family UPF0004
Phum-OR502AA_007_000490.1	eggnog	Prefoldin subunit
Phum-OR502AA_007_000489.1	interproscan	G3DSA:1.10.260.100 domain-containing protein
Phum-OR502AA_007_000087.1	eggnog	Ketopantoate hydroxymethyltransferase (PANB)
Phum-OR502AA_007_000488.1	blastp	Homology to Phytophthora nicotianae predicted protein ETM00906.1
Phum-OR502AA_007_000487.1	eggnog	Protein C10
Phum-OR502AA_007_000486.1	blastp	Homology to Peronospora effusa predicted protein RMX65371.1
Phum-OR502AA_007_000088.1	eggnog	Mitochondrial ribosomal protein L37
Phum-OR502AA_007_000485.1	eggnog	snRNP Sm proteins
Phum-OR502AA_007_000089.1	eggnog	N2227
Phum-OR502AA_007_000090.1	eggnog	domain-containing protein
Phum-OR502AA_007_000484.1	eggnog	domain-containing protein
Phum-OR502AA_007_000091.1	eggnog	Short calmodulin-binding motif containing conserved Ile and Gln residues
Phum-OR502AA_007_000483.1	eggnog	domain-containing protein
Phum-OR502AA_007_000092.1	eggnog	Surfeit locus protein 2 (SURF2)
Phum-OR502AA_007_000093.1	eggnog	Activator of Hsp90 ATPase, N-terminal
Phum-OR502AA_007_000094.1	eggnog	domain-containing protein
Phum-OR502AA_007_000095.1	eggnog	RNA recognition motif
Phum-OR502AA_007_000482.1	eggnog	Fatty acid desaturase
Phum-OR502AA_007_000096.1	eggnog	Ribosomal protein L36e
Phum-OR502AA_007_000097.1	eggnog	3'5'-cyclic nucleotide phosphodiesterase
Phum-OR502AA_007_000098.1	eggnog	3'5'-cyclic nucleotide phosphodiesterase
Phum-OR502AA_007_000481.1	interproscan	PTHR36068 domain-containing protein
Phum-OR502AA_007_000480.1	interproscan	PH-GRAM_WBP2 (cd13214)
Phum-OR502AA_007_000099.1	eggnog	domain-containing protein
Phum-OR502AA_007_000479.1	eggnog	domain-containing protein
Phum-OR502AA_007_000478.1	eggnog	domain-containing protein
Phum-OR502AA_007_000100.1	eggnog	HOOK protein
Phum-OR502AA_007_000477.1	eggnog	Armadillo-like
Phum-OR502AA_007_000476.1	eggnog	Cgr1 family
Phum-OR502AA_007_000475.1	eggnog	domain-containing protein
Phum-OR502AA_007_000474.1	eggnog	GMP-PDE, delta subunit
Phum-OR502AA_007_000101.1	blastp	Homology to Phytophthora pseudosyringae predicted protein KAG7380906.1
Phum-OR502AA_007_000473.1	eggnog	Mitochondrial carrier protein
Phum-OR502AA_007_000472.1	eggnog	Mitochondrial GTPase that catalyzes the GTP-dependent ribosomal translocation step during translation elongation
Phum-OR502AA_007_000471.1	eggnog	domain-containing protein
Phum-OR502AA_007_000470.1	eggnog	Translocation protein SEC63
Phum-OR502AA_007_000102.1	eggnog	Ankyrin repeats (3 copies)
Phum-OR502AA_007_000103.1	blastp	Homology to Phytophthora idaei predicted protein KAG3240576.1
Phum-OR502AA_007_000104.1	eggnog	Phosphatidylethanolamine-binding protein
Phum-OR502AA_007_000469.1	blastp	Homology to Phytophthora pseudosyringae predicted protein KAG7380896.1
Phum-OR502AA_007_000105.1	blastp	Homology to Phytophthora cinnamomi predicted protein KAG6622138.1
Phum-OR502AA_007_000106.1	blastp	Homology to Phytophthora citrophthora predicted protein KAK1946482.1
Phum-OR502AA_007_000468.1	eggnog	Ankyrin repeat
Phum-OR502AA_007_000107.1	eggnog	RNA pseudouridylate synthase
Phum-OR502AA_007_000467.1	eggnog	Kinase-like
Phum-OR502AA_007_000108.1	blastp	Homology to Phytophthora cactorum predicted protein KAG2787582.1
Phum-OR502AA_007_000466.1	eggnog	Ion channel
Phum-OR502AA_007_000465.1	blastp	Homology to Phytophthora cactorum predicted protein KAG2787582.1
Phum-OR502AA_007_000109.1	blastp	Homology to Phytophthora ramorum predicted protein KAH7468496.1
Phum-OR502AA_007_000464.1	blastp	Homology to Phytophthora cinnamomi predicted protein KAG6622252.1
Phum-OR502AA_007_000463.1	blastp	Homology to Peronospora farinosa predicted protein CAH0489222.1
Phum-OR502AA_007_000110.1	eggnog	Voltage gated chloride channel
Phum-OR502AA_007_000111.1	blastp	Homology to Phytophthora citrophthora predicted protein KAK1946490.1
Phum-OR502AA_007_000112.1	eggnog	domain-containing protein
Phum-OR502AA_007_000113.1	eggnog	domain-containing protein
Phum-OR502AA_007_000462.1	eggnog	Tetratricopeptide repeat
Phum-OR502AA_007_000114.1	eggnog	myo-inositol hexakisphosphate metabolic process
Phum-OR502AA_007_000115.1	eggnog	AMP-binding enzyme
Phum-OR502AA_007_000116.1	blastp	Homology to Phytophthora nicotianae predicted protein ETL25113.1
Phum-OR502AA_007_000461.1	eggnog	domain-containing protein
Phum-OR502AA_007_000460.1	eggnog	Domain present in PSD-95, Dlg, and ZO-1/2
Phum-OR502AA_007_000117.1	blastp	Homology to Phytophthora aleatoria predicted protein KAG6965767.1
Phum-OR502AA_007_000459.1	eggnog	Protein phosphatase 2C
Phum-OR502AA_007_000458.1	eggnog	Protein of unknown function (DUF2034)
Phum-OR502AA_007_000118.1	eggnog	Tubulin-tyrosine ligase family
Phum-OR502AA_007_000457.1	eggnog	Protein of unknown function (DUF812)
Phum-OR502AA_007_000119.1	eggnog	domain-containing protein
Phum-OR502AA_007_000120.1	eggnog	Tubulin-tyrosine ligase family
Phum-OR502AA_007_000121.1	eggnog	Protein of unknown function (DUF812)
Phum-OR502AA_007_000456.1	eggnog	Voltage gated chloride channel
Phum-OR502AA_007_000455.1	interproscan	G3DSA:3.80.10.10 domain-containing protein
Phum-OR502AA_007_000454.1	eggnog	NDK
Phum-OR502AA_007_000122.1	eggnog	Huntingtin-interacting protein
Phum-OR502AA_007_000453.1	eggnog	domain-containing protein
Phum-OR502AA_007_000123.1	eggnog	Ion transport protein
Phum-OR502AA_007_000452.1	eggnog	RNA recognition motif
Phum-OR502AA_007_000451.1	eggnog	Aldolase/RraA
Phum-OR502AA_007_000124.1	eggnog	Leishmanolysin-like peptidase. Source PGD
Phum-OR502AA_007_000450.1	eggnog	L-threonine 3-dehydrogenase activity
Phum-OR502AA_007_000125.1	eggnog	Aldolase/RraA
Phum-OR502AA_007_000449.1	eggnog	domain-containing protein
Phum-OR502AA_007_000126.1	interproscan	G3DSA:3.80.10.10 domain-containing protein
Phum-OR502AA_007_000127.1	interproscan	G3DSA:2.30.29.30 domain-containing protein
Phum-OR502AA_007_000448.1	eggnog	Ankyrin repeats (many copies)
Phum-OR502AA_007_000128.1	eggnog	Sulfate permease family
Phum-OR502AA_007_000447.1	eggnog	The RING-variant domain is a C4HC3 zinc-finger like motif found in a number of cellular and viral proteins
Phum-OR502AA_007_000446.1	eggnog	Catalyzes the formation of 6,7-dimethyl-8- ribityllumazine by condensation of 5-amino-6-(D- ribitylamino)uracil with 3,4-dihydroxy-2-butanone 4-phosphate
Phum-OR502AA_007_000129.1	eggnog	diffuse panbronchiolitis critical region
Phum-OR502AA_007_000445.1	blastp	Homology to Peronospora belbahrii predicted protein CAH0482742.1
Phum-OR502AA_007_000130.1	eggnog	domain-containing protein
Phum-OR502AA_007_000444.1	eggnog	Ketopantoate reductase PanE/ApbA C terminal
Phum-OR502AA_007_000131.1	eggnog	Glutamate/Leucine/Phenylalanine/Valine dehydrogenase
Phum-OR502AA_007_000132.1	eggnog	Calpain family cysteine protease
Phum-OR502AA_007_000443.1	eggnog	domain-containing protein
Phum-OR502AA_007_000133.1	eggnog	domain-containing protein
Phum-OR502AA_007_000442.1	eggnog	Calpain family cysteine protease
Phum-OR502AA_007_000441.1	eggnog	Glutamate/Leucine/Phenylalanine/Valine dehydrogenase
Phum-OR502AA_007_000134.1	eggnog	Ketopantoate reductase PanE/ApbA C terminal
Phum-OR502AA_007_000440.1	eggnog	domain-containing protein
Phum-OR502AA_007_000135.1	blastp	Homology to Peronospora belbahrii predicted protein CAH0482742.1
Phum-OR502AA_007_000136.1	eggnog	ZIP Zinc transporter
Phum-OR502AA_007_000137.1	blastp	Homology to Phytophthora palmivora predicted protein POM59165.1
Phum-OR502AA_007_000138.1	unannotated	Hypothetical protein of unknown function
Phum-OR502AA_007_000439.1	eggnog	AFG1-like ATPase
Phum-OR502AA_007_000438.1	blastp	Homology to Phytophthora aleatoria predicted protein KAG6967967.1
Phum-OR502AA_007_000139.1	eggnog	tRNA methyl transferase
Phum-OR502AA_007_000140.1	unannotated	Hypothetical protein of unknown function
Phum-OR502AA_007_000141.1	eggnog	WD domain, G-beta repeat
Phum-OR502AA_007_000437.1	eggnog	Vacuolar 14 Fab1-binding region
Phum-OR502AA_007_000142.1	eggnog	ribonuclease III activity
Phum-OR502AA_007_000436.1	unannotated	Hypothetical protein of unknown function
Phum-OR502AA_007_000143.1	eggnog	Ribosomal protein L37
Phum-OR502AA_007_000435.1	blastp	Homology to Phytophthora fragariae predicted protein KAE8884843.1
Phum-OR502AA_007_000434.1	eggnog	Belongs to the TRAFAC class dynamin-like GTPase superfamily
Phum-OR502AA_007_000144.1	eggnog	FKBP-type peptidyl-prolyl cis-trans isomerase
Phum-OR502AA_007_000145.1	eggnog	domain-containing protein
Phum-OR502AA_007_000433.1	eggnog	domain-containing protein
Phum-OR502AA_007_000146.1	eggnog	domain-containing protein
Phum-OR502AA_007_000432.1	eggnog	domain-containing protein
Phum-OR502AA_007_000431.1	eggnog	FKBP-type peptidyl-prolyl cis-trans isomerase
Phum-OR502AA_007_000147.1	eggnog	domain-containing protein
Phum-OR502AA_007_000148.1	eggnog	Protein phosphatase inhibitor 2 (IPP-2)
Phum-OR502AA_007_000430.1	eggnog	Sperm-tail PG-rich repeat
Phum-OR502AA_007_000149.1	eggnog	VIT family
Phum-OR502AA_007_000150.1	eggnog	acid phosphatase activity
Phum-OR502AA_007_000151.1	eggnog	BT1 family
Phum-OR502AA_007_000152.1	eggnog	Beta-glucan synthesis-associated protein (SKN1)
Phum-OR502AA_007_000153.1	eggnog	BT1 family
Phum-OR502AA_007_000154.1	unannotated	Hypothetical protein of unknown function
Phum-OR502AA_007_000429.1	eggnog	Calcineurin-like phosphoesterase
Phum-OR502AA_007_000155.1	eggnog	acid phosphatase activity
Phum-OR502AA_007_000428.1	unannotated	Hypothetical protein of unknown function
Phum-OR502AA_007_000427.1	eggnog	BT1 family
Phum-OR502AA_007_000426.1	eggnog	acid phosphatase activity
Phum-OR502AA_007_000156.1	eggnog	Calcineurin-like phosphoesterase
Phum-OR502AA_007_000157.1	eggnog	BT1 family
Phum-OR502AA_007_000158.1	unannotated	Hypothetical protein of unknown function
Phum-OR502AA_007_000425.1	eggnog	Calcineurin-like phosphoesterase
Phum-OR502AA_007_000159.1	eggnog	Calcineurin-like phosphoesterase
Phum-OR502AA_007_000424.1	eggnog	BT1 family
Phum-OR502AA_007_000423.1	eggnog	Calcineurin-like phosphoesterase
Phum-OR502AA_007_000160.1	eggnog	Calcineurin-like phosphoesterase
Phum-OR502AA_007_000422.1	blastp	Homology to Phytophthora infestans predicted protein XP_002906649.1
Phum-OR502AA_007_000421.1	eggnog	BT1 family
Phum-OR502AA_007_000161.1	eggnog	Signal recognition particle receptor beta subunit
Phum-OR502AA_007_000420.1	eggnog	Succinyl-CoA synthetase functions in the citric acid cycle (TCA), coupling the hydrolysis of succinyl-CoA to the synthesis of ATP and thus represents the only step of substrate- level phosphorylation in the TCA
Phum-OR502AA_007_000162.1	interproscan	SSF56112 domain-containing protein
Phum-OR502AA_007_000419.1	eggnog	Josephin
Phum-OR502AA_007_000163.1	eggnog	Belongs to the CTL (choline transporter-like) family
Phum-OR502AA_007_000418.1	eggnog	Type III restriction enzyme, res subunit
Phum-OR502AA_007_000164.1	eggnog	Protein tyrosine kinase
Phum-OR502AA_007_000417.1	eggnog	Protein tyrosine kinase
Phum-OR502AA_007_000416.1	blastp	Homology to Phytophthora ramorum predicted protein KAH7468640.1
Phum-OR502AA_007_000165.1	blastp	Homology to Phytophthora nicotianae predicted protein XP_008898394.1
Phum-OR502AA_007_000166.1	blastp	Homology to Peronospora effusa predicted protein RMX66737.1
Phum-OR502AA_007_000415.1	blastp	Homology to Peronospora effusa predicted protein RMX66737.1
Phum-OR502AA_007_000414.1	blastp	Homology to Phytophthora nicotianae predicted protein XP_008898394.1
Phum-OR502AA_007_000413.1	blastp	Homology to Phytophthora ramorum predicted protein KAH7468640.1
Phum-OR502AA_007_000167.1	eggnog	Protein tyrosine kinase
Phum-OR502AA_007_000168.1	eggnog	Protein tyrosine kinase
Phum-OR502AA_007_000412.1	eggnog	Protein tyrosine kinase
Phum-OR502AA_007_000411.1	eggnog	RNA ligase
Phum-OR502AA_007_000410.1	blastp	Homology to Phytophthora cactorum predicted protein KAG2760362.1
Phum-OR502AA_007_000169.1	eggnog	microtubule motor activity
Phum-OR502AA_007_000170.1	eggnog	microtubule motor activity
Phum-OR502AA_007_000409.1	blastp	Homology to Peronospora destructor predicted protein CAI5709196.1
Phum-OR502AA_007_000171.1	eggnog	FYVE zinc finger
Phum-OR502AA_007_000172.1	blastp	Homology to Phytophthora nicotianae predicted protein ETK71956.1
Phum-OR502AA_007_000408.1	eggnog	AMP-binding enzyme
Phum-OR502AA_007_000407.1	blastp	Homology to Phytophthora nicotianae predicted protein ETK71956.1
Phum-OR502AA_007_000406.1	interproscan	PTHR13510 domain-containing protein
Phum-OR502AA_007_000405.1	eggnog	Metal dependent phosphohydrolases with conserved 'HD' motif
Phum-OR502AA_007_000173.1	eggnog	RNA recognition motif
Phum-OR502AA_007_000404.1	interproscan	PTHR13510 domain-containing protein
Phum-OR502AA_007_000403.1	blastp	Homology to Phytophthora megakarya predicted protein OWZ19000.1
Phum-OR502AA_007_000174.1	eggnog	Regulator of chromosome condensation (RCC1) repeat
Phum-OR502AA_007_000175.1	eggnog	domain-containing protein
Phum-OR502AA_007_000176.1	eggnog	N terminus of Rad21 / Rec8 like protein
Phum-OR502AA_007_000177.1	eggnog	EF-hand, calcium binding motif
Phum-OR502AA_007_000402.1	eggnog	GTP cyclohydrolase I
Phum-OR502AA_007_000178.1	eggnog	Deoxycytidyl transferase involved in DNA repair
Phum-OR502AA_007_000179.1	eggnog	domain-containing protein
Phum-OR502AA_007_000401.1	blastp	Homology to Phytophthora lilii predicted protein GMF34042.1
Phum-OR502AA_007_000180.1	blastp	Homology to Phytophthora cactorum predicted protein KAG2800835.1
Phum-OR502AA_007_000400.1	eggnog	domain-containing protein
Phum-OR502AA_007_000399.1	eggnog	Deoxycytidyl transferase involved in DNA repair
Phum-OR502AA_007_000181.1	eggnog	interleukin-8 biosynthetic process
Phum-OR502AA_007_000398.1	blastp	Homology to Plasmopara halstedii predicted protein XP_024576345.1
Phum-OR502AA_007_000182.1	blastp	Homology to Phytophthora infestans predicted protein KAI9991070.1
Phum-OR502AA_007_000183.1	unannotated	Hypothetical protein of unknown function
Phum-OR502AA_007_000397.1	eggnog	Protein tyrosine kinase
Phum-OR502AA_007_000396.1	eggnog	domain-containing protein
Phum-OR502AA_007_000395.1	eggnog	Mitochondrial carrier protein
Phum-OR502AA_007_000184.1	eggnog	Protein tyrosine kinase
Phum-OR502AA_007_000394.1	interproscan	PTHR13322 domain-containing protein
Phum-OR502AA_007_000185.1	eggnog	Protein present in Fab1, YOTB, Vac1, and EEA1
Phum-OR502AA_007_000186.1	eggnog	N-terminal region of Chorein or VPS13
Phum-OR502AA_007_000393.1	eggnog	COPI associated protein
Phum-OR502AA_007_000392.1	eggnog	Extension to Ser/Thr-type protein kinases
Phum-OR502AA_007_000187.1	eggnog	Middle or third domain of peptidase_M16
Phum-OR502AA_007_000188.1	eggnog	Protein of unknown function (DUF1336)
Phum-OR502AA_007_000189.1	blastp	Homology to Phytophthora cactorum predicted protein KAG2787608.1
Phum-OR502AA_007_000190.1	eggnog	Required for maturation of ribosomal RNAs and formation of the large ribosomal subunit
Phum-OR502AA_007_000391.1	eggnog	domain-containing protein
Phum-OR502AA_007_000191.1	eggnog	Cellulase (glycosyl hydrolase family 5)
Phum-OR502AA_007_000192.1	blastp	Homology to Phytophthora nicotianae predicted protein ETI56405.1
Phum-OR502AA_007_000390.1	blastp	Homology to Phytophthora sojae predicted protein XP_009533363.1
Phum-OR502AA_007_000389.1	blastp	Homology to Peronospora belbahrii predicted protein CAH0482808.1
Phum-OR502AA_007_000388.1	eggnog	domain-containing protein
Phum-OR502AA_007_000387.1	interproscan	PTHR43362 domain-containing protein
Phum-OR502AA_007_000193.1	eggnog	6,7-dimethyl-8-ribityllumazine synthase
Phum-OR502AA_007_000386.1	eggnog	Ribosomal protein L11/L12
Phum-OR502AA_007_000194.1	interproscan	SSF51556 domain-containing protein
Phum-OR502AA_007_000385.1	eggnog	ubiE/COQ5 methyltransferase family
Phum-OR502AA_007_000195.1	blastp	Homology to Peronospora farinosa predicted protein CAH0485693.1
Phum-OR502AA_007_000196.1	eggnog	domain-containing protein
Phum-OR502AA_007_000197.1	blastp	Homology to Peronospora effusa predicted protein RQM15203.1
Phum-OR502AA_007_000198.1	eggnog	The ARF-like 2 binding protein BART
Phum-OR502AA_007_000384.1	eggnog	Lipopolysaccharide kinase (Kdo/WaaP) family
Phum-OR502AA_007_000383.1	eggnog	NADH ubiquinone oxidoreductase, 20 Kd subunit
Phum-OR502AA_007_000199.1	eggnog	Zinc knuckle
Phum-OR502AA_007_000200.1	eggnog	NADH ubiquinone oxidoreductase, 20 Kd subunit
Phum-OR502AA_007_000382.1	eggnog	Belongs to the major facilitator superfamily
Phum-OR502AA_007_000201.1	eggnog	Belongs to the major facilitator superfamily
Phum-OR502AA_007_000381.1	eggnog	domain-containing protein
Phum-OR502AA_007_000380.1	interproscan	PTHR13510 domain-containing protein
Phum-OR502AA_007_000202.1	eggnog	DNA double-strand break processing involved in repair via single-strand annealing (RBBP8)
Phum-OR502AA_007_000203.1	eggnog	Domain of unknown function (DUF4558)
Phum-OR502AA_007_000379.1	eggnog	Phosphatidylinositol transfer protein
Phum-OR502AA_007_000204.1	eggnog	High-temperature-induced dauer-formation protein
Phum-OR502AA_007_000378.1	eggnog	Inositol polyphosphate phosphatase, catalytic domain homologues
Phum-OR502AA_007_000205.1	eggnog	Vps5 C terminal like
Phum-OR502AA_007_000377.1	eggnog	Papain family cysteine protease
Phum-OR502AA_007_000376.1	blastp	Homology to Peronospora effusa predicted protein RMX63571.1
Phum-OR502AA_007_000375.1	eggnog	domain-containing protein
Phum-OR502AA_007_000374.1	eggnog	domain-containing protein
Phum-OR502AA_007_000373.1	eggnog	Component of the post-replicative DNA mismatch repair system (MMR) (MSH3)
Phum-OR502AA_007_000372.1	eggnog	Component of the post-replicative DNA mismatch repair system (MMR)
Phum-OR502AA_007_000206.1	interproscan	PTHR34649 domain-containing protein
Phum-OR502AA_007_000207.1	eggnog	Na+/Pi-cotransporter
Phum-OR502AA_007_000371.1	eggnog	tRNA processing
Phum-OR502AA_007_000208.1	eggnog	WD40 repeats
Phum-OR502AA_007_000209.1	interproscan	PTHR31954 domain-containing protein
Phum-OR502AA_007_000370.1	eggnog	Ribosomal protein S12/S23
Phum-OR502AA_007_000210.1	eggnog	domain-containing protein
Phum-OR502AA_007_000211.1	unannotated	Hypothetical protein of unknown function
Phum-OR502AA_007_000369.1	eggnog	Middle or third domain of peptidase_M16
Phum-OR502AA_007_000368.1	eggnog	cell redox homeostasis
Phum-OR502AA_007_000367.1	eggnog	domain-containing protein
Phum-OR502AA_007_000212.1	unannotated	Hypothetical protein of unknown function
Phum-OR502AA_007_000366.1	eggnog	Middle or third domain of peptidase_M16
Phum-OR502AA_007_000365.1	unannotated	Hypothetical protein of unknown function
Phum-OR502AA_007_000213.1	eggnog	domain-containing protein
Phum-OR502AA_007_000214.1	eggnog	cell redox homeostasis
Phum-OR502AA_007_000215.1	eggnog	Middle or third domain of peptidase_M16
Phum-OR502AA_007_000364.1	unannotated	Hypothetical protein of unknown function
Phum-OR502AA_007_000216.1	eggnog	Middle or third domain of peptidase_M16
Phum-OR502AA_007_000363.1	unannotated	Hypothetical protein of unknown function
Phum-OR502AA_007_000362.1	interproscan	SSF53098 domain-containing protein
Phum-OR502AA_007_000361.1	unannotated	Hypothetical protein of unknown function
Phum-OR502AA_007_000360.1	eggnog	Transposase. Source PGD
Phum-OR502AA_007_000359.1	eggnog	Transposase. Source PGD
Phum-OR502AA_007_000217.1	eggnog	Middle or third domain of peptidase_M16
Phum-OR502AA_007_000358.1	unannotated	Hypothetical protein of unknown function
Phum-OR502AA_007_000218.1	unannotated	Hypothetical protein of unknown function
Phum-OR502AA_007_000357.1	eggnog	Middle or third domain of peptidase_M16
Phum-OR502AA_007_000219.1	blastp	Homology to Phytophthora cactorum predicted protein KAF1793273.1
Phum-OR502AA_007_000356.1	eggnog	MAP kinase kinase activity
Phum-OR502AA_007_000355.1	eggnog	MAP kinase kinase activity
Phum-OR502AA_007_000220.1	eggnog	domain-containing protein
Phum-OR502AA_007_000354.1	eggnog	domain-containing protein
Phum-OR502AA_007_000353.1	eggnog	Belongs to the GST superfamily
Phum-OR502AA_007_000221.1	interproscan	beta-trefoil_FSCN-like (cd00257)
Phum-OR502AA_007_000222.1	eggnog	domain-containing protein
Phum-OR502AA_007_000352.1	unannotated	Hypothetical protein of unknown function
Phum-OR502AA_007_000351.1	eggnog	Hydroxyacylglutathione hydrolase C-terminus
Phum-OR502AA_007_000223.1	eggnog	Hydroxyacylglutathione hydrolase C-terminus
Phum-OR502AA_007_000350.1	unannotated	Hypothetical protein of unknown function
Phum-OR502AA_007_000349.1	eggnog	RING-like zinc finger
Phum-OR502AA_007_000224.1	eggnog	domain-containing protein
Phum-OR502AA_007_000225.1	eggnog	domain-containing protein
Phum-OR502AA_007_000226.1	eggnog	sequence-specific DNA binding
Phum-OR502AA_007_000348.1	eggnog	domain-containing protein
Phum-OR502AA_007_000227.1	blastp	Homology to Phytophthora capsici predicted protein KAG1691122.1
Phum-OR502AA_007_000228.1	eggnog	domain-containing protein
Phum-OR502AA_007_000347.1	eggnog	FYVE zinc finger
Phum-OR502AA_007_000229.1	eggnog	Belongs to the TRAFAC class myosin-kinesin ATPase superfamily
Phum-OR502AA_007_000346.1	blastp	Homology to Phytophthora capsici predicted protein KAG1691122.1
Phum-OR502AA_007_000345.1	eggnog	Tetraspanin family
Phum-OR502AA_007_000230.1	eggnog	Sugar (and other) transporter
Phum-OR502AA_007_000231.1	interproscan	G3DSA:2.80.10.50 domain-containing protein
Phum-OR502AA_007_000344.1	blastp	Homology to Phytophthora pseudosyringae predicted protein KAG7379429.1
Phum-OR502AA_007_000343.1	blastp	Homology to Phytophthora fragariaefolia predicted protein GMF21714.1
Phum-OR502AA_007_000232.1	eggnog	Domain with 2 conserved Trp (W) residues
Phum-OR502AA_007_000342.1	eggnog	Sugar (and other) transporter
Phum-OR502AA_007_000233.1	eggnog	domain-containing protein
Phum-OR502AA_007_000234.1	eggnog	domain-containing protein
Phum-OR502AA_007_000341.1	eggnog	Domain with 2 conserved Trp (W) residues
Phum-OR502AA_007_000235.1	blastp	Homology to Phytophthora fragariaefolia predicted protein GMF21714.1
Phum-OR502AA_007_000236.1	eggnog	Sugar (and other) transporter
Phum-OR502AA_007_000237.1	eggnog	Sugar (and other) transporter
Phum-OR502AA_007_000340.1	eggnog	Belongs to the major facilitator superfamily
Phum-OR502AA_007_000238.1	eggnog	Belongs to the major facilitator superfamily
Phum-OR502AA_007_000239.1	eggnog	domain-containing protein
Phum-OR502AA_007_000240.1	eggnog	Ergosterol biosynthesis ERG4/ERG24 family
Phum-OR502AA_007_000241.1	eggnog	Transmembrane amino acid transporter protein
Phum-OR502AA_007_000339.1	blastp	Homology to Peronospora farinosa predicted protein CAH0490499.1
Phum-OR502AA_007_000242.1	blastp	Homology to Peronospora farinosa predicted protein CAH0490499.1
Phum-OR502AA_007_000338.1	eggnog	domain-containing protein
Phum-OR502AA_007_000337.1	eggnog	domain-containing protein
Phum-OR502AA_007_000243.1	eggnog	Metallopeptidase family M24
Phum-OR502AA_007_000336.1	eggnog	Required for maturation of ribosomal RNAs and formation of the large ribosomal subunit
Phum-OR502AA_007_000244.1	eggnog	Helicase associated domain (HA2) Add an annotation
Phum-OR502AA_007_000245.1	eggnog	Mannosyltransferase putative
Phum-OR502AA_007_000335.1	eggnog	Sugar (and other) transporter
Phum-OR502AA_007_000334.1	interproscan	PTHR31827 domain-containing protein
Phum-OR502AA_007_000333.1	interproscan	PTHR31827 domain-containing protein
Phum-OR502AA_007_000246.1	eggnog	domain-containing protein
Phum-OR502AA_007_000332.1	interproscan	HD_CCDC61_N (cd22284)
Phum-OR502AA_007_000247.1	blastp	Homology to Phytophthora capsici predicted protein KAG1698369.1
Phum-OR502AA_007_000331.1	eggnog	histone lysine demethylation
Phum-OR502AA_007_000330.1	unannotated	Hypothetical protein of unknown function
Phum-OR502AA_007_000248.1	eggnog	Mannosyltransferase putative
Phum-OR502AA_007_000249.1	eggnog	Mannosyltransferase putative
Phum-OR502AA_007_000329.1	eggnog	domain-containing protein
Phum-OR502AA_007_000250.1	eggnog	UvrB/uvrC motif
Phum-OR502AA_007_000328.1	blastp	Homology to Peronospora destructor predicted protein CAI5741339.1
Phum-OR502AA_007_000327.1	eggnog	WD domain, G-beta repeat
Phum-OR502AA_007_000326.1	blastp	Homology to Phytophthora palmivora predicted protein POM66542.1
Phum-OR502AA_007_000325.1	eggnog	Mitochondrial carrier protein
Phum-OR502AA_007_000251.1	eggnog	Sin3 binding region of histone deacetylase complex subunit SAP30
Phum-OR502AA_007_000324.1	eggnog	WD domain, G-beta repeat
Phum-OR502AA_007_000252.1	eggnog	RNA recognition motif
Phum-OR502AA_007_000323.1	eggnog	this activity may be independent of acetylation activity
Phum-OR502AA_007_000253.1	blastp	Homology to Phytophthora aleatoria predicted protein KAG6963197.1
Phum-OR502AA_007_000322.1	blastp	Homology to Peronospora belbahrii predicted protein CAH0482916.1
Phum-OR502AA_007_000254.1	eggnog	RING-like zinc finger
Phum-OR502AA_007_000321.1	eggnog	Belongs to the TRAFAC class myosin-kinesin ATPase superfamily
Phum-OR502AA_007_000255.1	eggnog	ubiquitin binding
Phum-OR502AA_007_000320.1	eggnog	Cation efflux family
Phum-OR502AA_007_000319.1	eggnog	Belongs to the peptidase C1 family
Phum-OR502AA_007_000256.1	eggnog	Cyclophilin type peptidyl-prolyl cis-trans isomerase/CLD
Phum-OR502AA_007_000257.1	eggnog	Calcineurin-like phosphoesterase
Phum-OR502AA_007_000318.1	blastp	Homology to Peronospora destructor predicted protein CAI5731540.1
Phum-OR502AA_007_000317.1	blastp	Homology to Peronospora farinosa predicted protein CAI5739974.1
Phum-OR502AA_007_000258.1	blastp	Homology to Peronospora belbahrii predicted protein CAH0482925.1
Phum-OR502AA_007_000259.1	eggnog	Polyprenyl synthetase
Phum-OR502AA_007_000316.1	blastp	Homology to Phytophthora cactorum predicted protein KAF1777349.1
Phum-OR502AA_007_000315.1	blastp	Homology to Peronospora farinosa predicted protein CAH0488967.1
Phum-OR502AA_007_000314.1	eggnog	Elicitin
Phum-OR502AA_007_000260.1	eggnog	Replication Fork Protection Component Swi3
Phum-OR502AA_007_000261.1	eggnog	Transferase family
Phum-OR502AA_007_000262.1	blastp	Homology to Phytophthora cactorum predicted protein KAF1777349.1
Phum-OR502AA_007_000263.1	eggnog	domain-containing protein
Phum-OR502AA_007_000264.1	eggnog	Elicitin
Phum-OR502AA_007_000265.1	eggnog	domain-containing protein
Phum-OR502AA_007_000313.1	eggnog	Belongs to the ABC transporter superfamily
Phum-OR502AA_007_000312.1	eggnog	Ergosterol biosynthesis ERG4/ERG24 family
Phum-OR502AA_007_000311.1	unannotated	Hypothetical protein of unknown function
Phum-OR502AA_007_000266.1	eggnog	Calcineurin-like phosphoesterase
Phum-OR502AA_007_000267.1	eggnog	Prolyl 4-hydroxylase alpha subunit homologues
Phum-OR502AA_007_000310.1	eggnog	RNA recognition motif
Phum-OR502AA_007_000268.1	eggnog	Cleft lip and palate transmembrane protein 1 (CLPTM1)
Phum-OR502AA_007_000269.1	unannotated	Hypothetical protein of unknown function
Phum-OR502AA_007_000270.1	eggnog	Short calmodulin-binding motif containing conserved Ile and Gln residues
Phum-OR502AA_007_000309.1	eggnog	Leucine Rich Repeat
Phum-OR502AA_007_000308.1	eggnog	Cleft lip and palate transmembrane protein 1 (CLPTM1)
Phum-OR502AA_007_000307.1	eggnog	Isopentenyl transferase
Phum-OR502AA_007_000306.1	eggnog	Crinkler (CRN) family
Phum-OR502AA_007_000271.1	blastp	Homology to Peronospora farinosa predicted protein CAH0490499.1
Phum-OR502AA_007_000305.1	eggnog	Transmembrane amino acid transporter protein
Phum-OR502AA_007_000304.1	eggnog	acid phosphatase activity
Phum-OR502AA_007_000272.1	eggnog	Noc2p family
Phum-OR502AA_007_000303.1	eggnog	domain-containing protein
Phum-OR502AA_007_000273.1	eggnog	domain-containing protein
Phum-OR502AA_007_000274.1	eggnog	RNA pseudouridylate synthase
Phum-OR502AA_007_000302.1	eggnog	protein K11-linked ubiquitination
Phum-OR502AA_007_000301.1	eggnog	domain-containing protein
Phum-OR502AA_007_000275.1	eggnog	Serine/threonine-protein kinase smg-1
Phum-OR502AA_007_000300.1	eggnog	domain-containing protein
Phum-OR502AA_007_000299.1	eggnog	Protein of unknown function (DUF1298)
Phum-OR502AA_007_000298.1	eggnog	Crinkler (CRN) family protein
Phum-OR502AA_007_000297.1	eggnog	Crinkler (CRN) family protein
Phum-OR502AA_007_000276.1	eggnog	domain-containing protein
Phum-OR502AA_007_000296.1	blastp	Homology to Phytophthora citrophthora predicted protein KAK1929188.1
Phum-OR502AA_007_000295.1	blastp	Homology to Phytophthora cactorum predicted protein KAG3181774.1
Phum-OR502AA_007_000294.1	unannotated	Hypothetical protein of unknown function
Phum-OR502AA_007_000293.1	blastp	Homology to Peronospora destructor predicted protein CAI5729971.1
Phum-OR502AA_007_000277.1	eggnog	domain-containing protein
Phum-OR502AA_007_000292.1	eggnog	peroxisome organization
Phum-OR502AA_007_000291.1	eggnog	TFIIE-class transcription factor complex binding
Phum-OR502AA_007_000278.1	eggnog	Protein of unknown function (DUF1298)
Phum-OR502AA_007_000290.1	eggnog	Protein of unknown function (DUF3645)
Phum-OR502AA_007_000279.1	eggnog	Ankyrin repeats (many copies)
Phum-OR502AA_007_000280.1	eggnog	Translation-initiation factor 2
Phum-OR502AA_007_000281.1	eggnog	ABC-2 family transporter protein
Phum-OR502AA_007_000289.1	eggnog	domain-containing protein
Phum-OR502AA_007_000282.1	eggnog	GNS1/SUR4 family
Phum-OR502AA_007_000288.1	eggnog	GNS1/SUR4 family
Phum-OR502AA_007_000287.1	blastp	Homology to Phytophthora pseudosyringae predicted protein KAG7392071.1
Phum-OR502AA_007_000286.1	blastp	Homology to predicted protein KAH7499184.1
Phum-OR502AA_007_000283.1	blastp	Homology to Phytophthora pseudosyringae predicted protein KAG7392071.1
Phum-OR502AA_007_000284.1	blastp	Homology to Peronospora effusa predicted protein RMX67272.1
Phum-OR502AA_007_000285.1	eggnog	1-phosphatidylinositol binding
Phum-OR502AA_008_000001.1	blastp	Homology to Peronospora effusa predicted protein RMX63636.1
Phum-OR502AA_008_000665.1	eggnog	Spt4/RpoE2 zinc finger
Phum-OR502AA_008_000002.1	eggnog	PHD-finger
Phum-OR502AA_008_000664.1	eggnog	domain-containing protein
Phum-OR502AA_008_000663.1	eggnog	domain-containing protein
Phum-OR502AA_008_000003.1	eggnog	Interferon-related developmental regulator (IFRD)
Phum-OR502AA_008_000662.1	eggnog	Zinc finger C-x8-C-x5-C-x3-H type (and similar)
Phum-OR502AA_008_000004.1	eggnog	domain-containing protein
Phum-OR502AA_008_000005.1	blastp	Homology to Phytophthora lilii predicted protein GMF09298.1
Phum-OR502AA_008_000661.1	eggnog	WD40 repeats
Phum-OR502AA_008_000006.1	eggnog	Early transcription elongation factor of RNA pol II, NGN section
Phum-OR502AA_008_000007.1	eggnog	Domain of unknown function (DUF389)
Phum-OR502AA_008_000008.1	eggnog	Tetratricopeptide repeat
Phum-OR502AA_008_000009.1	eggnog	domain-containing protein
Phum-OR502AA_008_000660.1	blastp	Homology to Phytophthora cactorum predicted protein KAG2776981.1
Phum-OR502AA_008_000010.1	blastp	Homology to Phytophthora nicotianae predicted protein ETP47137.1
Phum-OR502AA_008_000659.1	eggnog	protein heterodimerization activity
Phum-OR502AA_008_000011.1	eggnog	protein heterodimerization activity
Phum-OR502AA_008_000658.1	eggnog	Pex2 / Pex12 amino terminal region
Phum-OR502AA_008_000012.1	eggnog	adenyl-nucleotide exchange factor activity
Phum-OR502AA_008_000657.1	eggnog	Lipase (class 3)
Phum-OR502AA_008_000013.1	eggnog	Vps54-like protein
Phum-OR502AA_008_000656.1	eggnog	snRNP Sm proteins
Phum-OR502AA_008_000014.1	blastp	Homology to predicted protein KAH7509178.1
Phum-OR502AA_008_000015.1	interproscan	SSF52058 domain-containing protein
Phum-OR502AA_008_000655.1	interproscan	SSF52058 domain-containing protein
Phum-OR502AA_008_000654.1	unannotated	Hypothetical protein of unknown function
Phum-OR502AA_008_000016.1	eggnog	Domain of unknown function (DUF3510)
Phum-OR502AA_008_000653.1	eggnog	Domain of unknown function (DUF3510)
Phum-OR502AA_008_000017.1	eggnog	AMP-binding enzyme
Phum-OR502AA_008_000652.1	interproscan	SSF52058 domain-containing protein
Phum-OR502AA_008_000651.1	eggnog	Domain of unknown function (DUF3510)
Phum-OR502AA_008_000018.1	eggnog	1-phosphatidylinositol-3-phosphate 5-kinase activity
Phum-OR502AA_008_000019.1	eggnog	Choline/Carnitine o-acyltransferase
Phum-OR502AA_008_000650.1	eggnog	domain-containing protein
Phum-OR502AA_008_000020.1	eggnog	Neurochondrin
Phum-OR502AA_008_000649.1	eggnog	domain-containing protein
Phum-OR502AA_008_000648.1	eggnog	WD40 repeats
Phum-OR502AA_008_000021.1	eggnog	regulation of response to stimulus (AMIGO1)
Phum-OR502AA_008_000022.1	eggnog	GRF zinc finger family protein. Source PGD
Phum-OR502AA_008_000023.1	eggnog	Protein tyrosine kinase
Phum-OR502AA_008_000024.1	unannotated	Hypothetical protein of unknown function
Phum-OR502AA_008_000025.1	eggnog	domain-containing protein
Phum-OR502AA_008_000026.1	eggnog	Domain of unknown function (DUF5117)
Phum-OR502AA_008_000647.1	eggnog	Domain of unknown function (DUF3510)
Phum-OR502AA_008_000646.1	eggnog	1-phosphatidylinositol-3-phosphate 5-kinase activity
Phum-OR502AA_008_000645.1	eggnog	1-phosphatidylinositol-3-phosphate 5-kinase activity
Phum-OR502AA_008_000027.1	eggnog	Domain of unknown function (DUF3510)
Phum-OR502AA_008_000028.1	interproscan	G3DSA:3.80.10.10 domain-containing protein
Phum-OR502AA_008_000644.1	eggnog	AMP-binding enzyme
Phum-OR502AA_008_000029.1	blastp	Homology to Peronospora destructor predicted protein CAI5745539.1
Phum-OR502AA_008_000643.1	eggnog	domain-containing protein
Phum-OR502AA_008_000030.1	eggnog	Mitochondrial carrier protein
Phum-OR502AA_008_000031.1	eggnog	Transaldolase is important for the balance of metabolites in the pentose-phosphate pathway
Phum-OR502AA_008_000032.1	eggnog	PHD-finger
Phum-OR502AA_008_000642.1	eggnog	domain-containing protein
Phum-OR502AA_008_000033.1	eggnog	Vps51/Vps67
Phum-OR502AA_008_000641.1	eggnog	Tubulin-tyrosine ligase family
Phum-OR502AA_008_000034.1	eggnog	domain-containing protein
Phum-OR502AA_008_000640.1	eggnog	Brix
Phum-OR502AA_008_000639.1	eggnog	Cid1 family poly A polymerase
Phum-OR502AA_008_000638.1	blastp	Homology to Phytophthora cinnamomi predicted protein KAG6590678.1
Phum-OR502AA_008_000035.1	eggnog	WD repeat-containing protein
Phum-OR502AA_008_000637.1	eggnog	domain in TBC and LysM domain containing proteins
Phum-OR502AA_008_000036.1	eggnog	domain in TBC and LysM domain containing proteins
Phum-OR502AA_008_000636.1	eggnog	Magnesium transporter NIPA
Phum-OR502AA_008_000037.1	eggnog	EF-hand, calcium binding motif
Phum-OR502AA_008_000635.1	eggnog	7 transmembrane receptor (Secretin family)
Phum-OR502AA_008_000634.1	eggnog	Polysaccharide biosynthesis protein
Phum-OR502AA_008_000633.1	eggnog	Inorganic H+ pyrophosphatase
Phum-OR502AA_008_000632.1	eggnog	28 kDa A-kinase anchor
Phum-OR502AA_008_000631.1	blastp	Homology to Peronospora effusa predicted protein RMX70118.1
Phum-OR502AA_008_000038.1	eggnog	Glucosidase II beta subunit-like protein
Phum-OR502AA_008_000630.1	eggnog	Meckelin (Transmembrane protein 67)
Phum-OR502AA_008_000039.1	eggnog	domain-containing protein
Phum-OR502AA_008_000629.1	eggnog	PhoD-like phosphatase
Phum-OR502AA_008_000628.1	eggnog	domain-containing protein
Phum-OR502AA_008_000040.1	eggnog	Component of the cytosolic iron-sulfur (Fe-S) protein assembly (CIA) machinery
Phum-OR502AA_008_000627.1	eggnog	domain-containing protein
Phum-OR502AA_008_000041.1	eggnog	Required for the assembly of the V0 complex of the vacuolar ATPase (V-ATPase) in the endoplasmic reticulum
Phum-OR502AA_008_000626.1	eggnog	Catalytic LigB subunit of aromatic ring-opening dioxygenase
Phum-OR502AA_008_000625.1	blastp	Homology to Phytophthora cinnamomi predicted protein KAJ8575304.1
Phum-OR502AA_008_000624.1	interproscan	ASKHA_NBD_OSGEP_like_euk (cd24132)
Phum-OR502AA_008_000042.1	blastp	Homology to Phytophthora idaei predicted protein KAG3119330.1
Phum-OR502AA_008_000623.1	eggnog	vesicle fusion with Golgi apparatus
Phum-OR502AA_008_000043.1	blastp	Homology to Phytophthora cinnamomi predicted protein KAG6590678.1
Phum-OR502AA_008_000622.1	eggnog	Magnesium transporter NIPA
Phum-OR502AA_008_000621.1	blastp	Homology to predicted protein KAH7509109.1
Phum-OR502AA_008_000044.1	eggnog	domain-containing protein
Phum-OR502AA_008_000620.1	eggnog	double-stranded DNA 3'-5' exodeoxyribonuclease activity
Phum-OR502AA_008_000045.1	eggnog	May play an essential role at the early stage of chromosomal DNA replication by coupling the polymerase alpha primase complex to the cellular replication machinery
Phum-OR502AA_008_000046.1	blastp	Homology to Peronospora belbahrii predicted protein CAH0477824.1
Phum-OR502AA_008_000619.1	eggnog	domain-containing protein
Phum-OR502AA_008_000618.1	eggnog	domain-containing protein
Phum-OR502AA_008_000047.1	eggnog	domain-containing protein
Phum-OR502AA_008_000048.1	eggnog	domain-containing protein
Phum-OR502AA_008_000049.1	eggnog	Peroxidase
Phum-OR502AA_008_000617.1	eggnog	Peroxidase
Phum-OR502AA_008_000616.1	eggnog	Peroxidase
Phum-OR502AA_008_000615.1	eggnog	Peroxidase
Phum-OR502AA_008_000050.1	eggnog	Peroxidase
Phum-OR502AA_008_000614.1	eggnog	Tetratricopeptide repeat
Phum-OR502AA_008_000051.1	eggnog	HEC/Ndc80p family
Phum-OR502AA_008_000613.1	eggnog	negative regulation of peptidyl-serine phosphorylation of STAT protein
Phum-OR502AA_008_000612.1	eggnog	domain-containing protein
Phum-OR502AA_008_000052.1	eggnog	WD domain, G-beta repeat
Phum-OR502AA_008_000611.1	blastp	Homology to Phytophthora palmivora predicted protein POM78597.1
Phum-OR502AA_008_000053.1	blastp	Homology to Phytophthora idaei predicted protein KAG3116816.1
Phum-OR502AA_008_000054.1	eggnog	cellular response to interleukin-11
Phum-OR502AA_008_000610.1	interproscan	PTHR34409 domain-containing protein
Phum-OR502AA_008_000055.1	blastp	Homology to Phytophthora cactorum predicted protein KAG4058814.1
Phum-OR502AA_008_000056.1	eggnog	Ankyrin repeats (many copies)
Phum-OR502AA_008_000057.1	eggnog	Nucleotide-sugar transporter
Phum-OR502AA_008_000609.1	blastp	Homology to Phytophthora capsici predicted protein KAG1708308.1
Phum-OR502AA_008_000608.1	eggnog	Nucleotide-sugar transporter
Phum-OR502AA_008_000607.1	eggnog	Ankyrin repeats (many copies)
Phum-OR502AA_008_000606.1	blastp	Homology to Phytophthora nicotianae predicted protein KUF76742.1
Phum-OR502AA_008_000605.1	eggnog	domain-containing protein
Phum-OR502AA_008_000604.1	eggnog	domain-containing protein
Phum-OR502AA_008_000603.1	unannotated	Hypothetical protein of unknown function
Phum-OR502AA_008_000602.1	unannotated	Hypothetical protein of unknown function
Phum-OR502AA_008_000601.1	eggnog	domain-containing protein
Phum-OR502AA_008_000058.1	eggnog	Hsp90 protein
Phum-OR502AA_008_000059.1	eggnog	domain-containing protein
Phum-OR502AA_008_000600.1	eggnog	mitotic nuclear envelope reassembly
Phum-OR502AA_008_000599.1	blastp	Homology to Phytophthora pseudosyringae predicted protein KAG7391322.1
Phum-OR502AA_008_000598.1	eggnog	E1-E2 ATPase
Phum-OR502AA_008_000597.1	eggnog	domain-containing protein
Phum-OR502AA_008_000060.1	interproscan	PTHR13510 domain-containing protein
Phum-OR502AA_008_000596.1	eggnog	domain-containing protein
Phum-OR502AA_008_000061.1	eggnog	ALG6, ALG8 glycosyltransferase family
Phum-OR502AA_008_000595.1	blastp	Homology to Phytophthora pseudosyringae predicted protein KAG7391313.1
Phum-OR502AA_008_000062.1	eggnog	Carbon-nitrogen hydrolase
Phum-OR502AA_008_000594.1	blastp	Homology to Peronospora effusa predicted protein RMX70121.1
Phum-OR502AA_008_000063.1	eggnog	domain-containing protein
Phum-OR502AA_008_000064.1	eggnog	pseudouridine synthase activity
Phum-OR502AA_008_000593.1	eggnog	Domains in hypothetical proteins in Drosophila, C
Phum-OR502AA_008_000592.1	eggnog	domain-containing protein
Phum-OR502AA_008_000591.1	eggnog	Glycosyltransferase family 20
Phum-OR502AA_008_000065.1	eggnog	Common central domain of tyrosinase
Phum-OR502AA_008_000590.1	eggnog	domain-containing protein
Phum-OR502AA_008_000589.1	eggnog	Proteasome non-ATPase 26S subunit
Phum-OR502AA_008_000066.1	interproscan	PTHR31827 domain-containing protein
Phum-OR502AA_008_000067.1	eggnog	Ubiquitin carboxyl-terminal hydrolase
Phum-OR502AA_008_000588.1	eggnog	NAD synthase
Phum-OR502AA_008_000068.1	eggnog	Phosphatidylinositol-4-phosphate 5-Kinase
Phum-OR502AA_008_000069.1	eggnog	domain-containing protein
Phum-OR502AA_008_000070.1	interproscan	PTHR23161 domain-containing protein
Phum-OR502AA_008_000587.1	eggnog	RNA binding motif
Phum-OR502AA_008_000586.1	eggnog	Mitochondrial carrier protein
Phum-OR502AA_008_000071.1	interproscan	PTHR16029 domain-containing protein
Phum-OR502AA_008_000585.1	blastp	Homology to Phytophthora pseudosyringae predicted protein KAG7391282.1
Phum-OR502AA_008_000072.1	eggnog	VEFS-Box of polycomb protein
Phum-OR502AA_008_000073.1	eggnog	Thioredoxin
Phum-OR502AA_008_000074.1	eggnog	Amino acid permease
Phum-OR502AA_008_000584.1	eggnog	PhoX homologous domain, present in p47phox and p40phox
Phum-OR502AA_008_000583.1	eggnog	domain present in cyclins, TFIIB and Retinoblastoma
Phum-OR502AA_008_000075.1	eggnog	domain-containing protein
Phum-OR502AA_008_000582.1	eggnog	Translocation protein Sec62
Phum-OR502AA_008_000076.1	interproscan	G3DSA:3.40.50.1820 domain-containing protein
Phum-OR502AA_008_000077.1	interproscan	PTHR32083 domain-containing protein
Phum-OR502AA_008_000581.1	eggnog	Hsp90 protein
Phum-OR502AA_008_000078.1	eggnog	TLR4 regulator and MIR-interacting MSAP
Phum-OR502AA_008_000580.1	eggnog	Erv1 / Alr family
Phum-OR502AA_008_000079.1	interproscan	G3DSA:1.25.40.10 domain-containing protein
Phum-OR502AA_008_000579.1	eggnog	WD domain, G-beta repeat
Phum-OR502AA_008_000080.1	eggnog	Lipase (class 3)
Phum-OR502AA_008_000081.1	eggnog	apoptotic process
Phum-OR502AA_008_000082.1	interproscan	G3DSA:1.25.40.10 domain-containing protein
Phum-OR502AA_008_000083.1	eggnog	Lipase (class 3)
Phum-OR502AA_008_000084.1	unannotated	Hypothetical protein of unknown function
Phum-OR502AA_008_000578.1	eggnog	apoptotic process
Phum-OR502AA_008_000577.1	eggnog	Lipase (class 3)
Phum-OR502AA_008_000085.1	blastp	Homology to Peronospora effusa predicted protein RQM18066.1
Phum-OR502AA_008_000086.1	eggnog	Protein tyrosine kinase
Phum-OR502AA_008_000087.1	eggnog	domain-containing protein
Phum-OR502AA_008_000576.1	eggnog	Protein tyrosine kinase
Phum-OR502AA_008_000575.1	eggnog	Acyl-CoA oxidase
Phum-OR502AA_008_000574.1	eggnog	Domain present in PSD-95, Dlg, and ZO-1/2
Phum-OR502AA_008_000573.1	eggnog	domain-containing protein
Phum-OR502AA_008_000088.1	blastp	Homology to Peronospora effusa predicted protein RMX67885.1
Phum-OR502AA_008_000089.1	unannotated	Hypothetical protein of unknown function
Phum-OR502AA_008_000572.1	eggnog	Ras-induced vulval development antagonist
Phum-OR502AA_008_000571.1	blastp	Homology to Phytophthora rubi predicted protein KAE9008917.1
Phum-OR502AA_008_000090.1	interproscan	PTHR45125 domain-containing protein
Phum-OR502AA_008_000570.1	eggnog	D-arabinono-1,4-lactone oxidase
Phum-OR502AA_008_000569.1	eggnog	Dienelactone hydrolase family
Phum-OR502AA_008_000091.1	unannotated	Hypothetical protein of unknown function
Phum-OR502AA_008_000092.1	eggnog	Domain Homologous to E6-AP Carboxyl Terminus with
Phum-OR502AA_008_000568.1	eggnog	Aldehyde dehydrogenase family
Phum-OR502AA_008_000567.1	unannotated	Hypothetical protein of unknown function
Phum-OR502AA_008_000093.1	eggnog	Aldehyde dehydrogenase family
Phum-OR502AA_008_000566.1	eggnog	Domain Homologous to E6-AP Carboxyl Terminus with
Phum-OR502AA_008_000094.1	eggnog	Dienelactone hydrolase family
Phum-OR502AA_008_000095.1	interproscan	G3DSA:1.25.10.10 domain-containing protein
Phum-OR502AA_008_000565.1	eggnog	DHHC palmitoyltransferase
Phum-OR502AA_008_000096.1	eggnog	ATPase domain of DNA mismatch repair MUTS family
Phum-OR502AA_008_000564.1	eggnog	Regulator of chromosome condensation (RCC1) repeat
Phum-OR502AA_008_000563.1	eggnog	Dynactin p62 family
Phum-OR502AA_008_000097.1	eggnog	Mitotic checkpoint protein
Phum-OR502AA_008_000562.1	unannotated	Hypothetical protein of unknown function
Phum-OR502AA_008_000561.1	eggnog	pseudouridine synthase activity
Phum-OR502AA_008_000098.1	eggnog	pseudouridine synthase activity
Phum-OR502AA_008_000099.1	eggnog	mitochondria-associated ubiquitin-dependent protein catabolic process
Phum-OR502AA_008_000100.1	eggnog	domain-containing protein
Phum-OR502AA_008_000560.1	eggnog	domain-containing protein
Phum-OR502AA_008_000101.1	unannotated	Hypothetical protein of unknown function
Phum-OR502AA_008_000102.1	eggnog	Papain family cysteine protease
Phum-OR502AA_008_000103.1	unannotated	Hypothetical protein of unknown function
Phum-OR502AA_008_000104.1	eggnog	ribosomal protein import into nucleus
Phum-OR502AA_008_000559.1	eggnog	GC-rich sequence DNA-binding factor-like protein
Phum-OR502AA_008_000558.1	eggnog	domain-containing protein
Phum-OR502AA_008_000105.1	eggnog	Domain of unknown function (DUF4339)
Phum-OR502AA_008_000557.1	unannotated	Hypothetical protein of unknown function
Phum-OR502AA_008_000556.1	eggnog	gag-polypeptide of LTR copia-type
Phum-OR502AA_008_000555.1	unannotated	Hypothetical protein of unknown function
Phum-OR502AA_008_000106.1	eggnog	semaphorin-plexin signaling pathway
Phum-OR502AA_008_000554.1	eggnog	domain-containing protein
Phum-OR502AA_008_000553.1	unannotated	Hypothetical protein of unknown function
Phum-OR502AA_008_000107.1	eggnog	FATC
Phum-OR502AA_008_000108.1	unannotated	Hypothetical protein of unknown function
Phum-OR502AA_008_000109.1	eggnog	domain-containing protein
Phum-OR502AA_008_000552.1	eggnog	domain-containing protein
Phum-OR502AA_008_000551.1	unannotated	Hypothetical protein of unknown function
Phum-OR502AA_008_000550.1	eggnog	domain-containing protein
Phum-OR502AA_008_000549.1	eggnog	FATC
Phum-OR502AA_008_000110.1	eggnog	FATC
Phum-OR502AA_008_000111.1	eggnog	Major Facilitator Superfamily
Phum-OR502AA_008_000548.1	eggnog	RNA localization to chromatin
Phum-OR502AA_008_000112.1	eggnog	domain-containing protein
Phum-OR502AA_008_000547.1	eggnog	in StAR and phosphatidylcholine transfer protein
Phum-OR502AA_008_000113.1	blastp	Homology to Phytophthora aleatoria predicted protein KAG6974139.1
Phum-OR502AA_008_000546.1	eggnog	domain-containing protein
Phum-OR502AA_008_000545.1	eggnog	Nop53 (60S ribosomal biogenesis)
Phum-OR502AA_008_000114.1	blastp	Homology to Peronospora belbahrii predicted protein CAH0476380.1
Phum-OR502AA_008_000115.1	eggnog	regulation of RNA splicing
Phum-OR502AA_008_000544.1	eggnog	Belongs to the Ca(2 ) cation antiporter (CaCA) (TC 2.A.19) family
Phum-OR502AA_008_000116.1	eggnog	triglyceride catabolic process
Phum-OR502AA_008_000543.1	eggnog	domain-containing protein
Phum-OR502AA_008_000117.1	eggnog	domain-containing protein
Phum-OR502AA_008_000542.1	eggnog	triglyceride catabolic process
Phum-OR502AA_008_000118.1	eggnog	Belongs to the Ca(2 ) cation antiporter (CaCA) (TC 2.A.19) family
Phum-OR502AA_008_000541.1	eggnog	regulation of RNA splicing
Phum-OR502AA_008_000540.1	unannotated	Hypothetical protein of unknown function
Phum-OR502AA_008_000539.1	blastp	Homology to Peronospora belbahrii predicted protein CAH0476380.1
Phum-OR502AA_008_000538.1	unannotated	Hypothetical protein of unknown function
Phum-OR502AA_008_000119.1	eggnog	domain-containing protein
Phum-OR502AA_008_000537.1	eggnog	Arginyl tRNA synthetase N terminal dom
Phum-OR502AA_008_000120.1	eggnog	Nuclear pore protein 84 / 107
Phum-OR502AA_008_000121.1	eggnog	F-box LRR-repeat protein
Phum-OR502AA_008_000122.1	blastp	Homology to Phytophthora rubi predicted protein KAE9033873.1
Phum-OR502AA_008_000536.1	blastp	Homology to Phytophthora cinnamomi predicted protein KAG6613524.1
Phum-OR502AA_008_000123.1	eggnog	Phosphoglycerate mutase family
Phum-OR502AA_008_000535.1	eggnog	domain-containing protein
Phum-OR502AA_008_000534.1	eggnog	domain-containing protein
Phum-OR502AA_008_000533.1	eggnog	Domain in histone families 1 and 5
Phum-OR502AA_008_000532.1	eggnog	Participates in DNA repair and in chromosomal DNA replication
Phum-OR502AA_008_000124.1	eggnog	error-prone translesion synthesis
Phum-OR502AA_008_000125.1	eggnog	Sigma factor PP2C-like phosphatases
Phum-OR502AA_008_000126.1	eggnog	Transcription initiation factor IID, 31kD subunit
Phum-OR502AA_008_000531.1	eggnog	Belongs to the arginase family
Phum-OR502AA_008_000530.1	eggnog	sequence-specific DNA binding
Phum-OR502AA_008_000529.1	eggnog	Protein tyrosine kinase
Phum-OR502AA_008_000127.1	eggnog	Protein tyrosine kinase
Phum-OR502AA_008_000128.1	eggnog	sequence-specific DNA binding
Phum-OR502AA_008_000129.1	eggnog	Belongs to the arginase family
Phum-OR502AA_008_000130.1	unannotated	Hypothetical protein of unknown function
Phum-OR502AA_008_000528.1	eggnog	Transcription initiation factor IID, 31kD subunit
Phum-OR502AA_008_000131.1	eggnog	Iron-sulfur cluster assembly protein
Phum-OR502AA_008_000132.1	unannotated	Hypothetical protein of unknown function
Phum-OR502AA_008_000133.1	blastp	Homology to Phytophthora pseudosyringae predicted protein KAG7380395.1
Phum-OR502AA_008_000527.1	blastp	Homology to Peronospora effusa predicted protein CAI5703463.1
Phum-OR502AA_008_000134.1	eggnog	Methylenetetrahydrofolate reductase
Phum-OR502AA_008_000135.1	eggnog	WD domain, G-beta repeat
Phum-OR502AA_008_000136.1	eggnog	WD domain, G-beta repeat
Phum-OR502AA_008_000526.1	eggnog	Rtf2 RING-finger
Phum-OR502AA_008_000525.1	eggnog	Arginosuccinate synthase
Phum-OR502AA_008_000137.1	eggnog	domain-containing protein
Phum-OR502AA_008_000138.1	eggnog	domain-containing protein
Phum-OR502AA_008_000139.1	eggnog	domain-containing protein
Phum-OR502AA_008_000140.1	eggnog	domain-containing protein
Phum-OR502AA_008_000141.1	eggnog	domain-containing protein
Phum-OR502AA_008_000142.1	eggnog	domain-containing protein
Phum-OR502AA_008_000143.1	eggnog	domain-containing protein
Phum-OR502AA_008_000144.1	eggnog	domain-containing protein
Phum-OR502AA_008_000145.1	eggnog	Ring finger
Phum-OR502AA_008_000524.1	eggnog	HEAT repeat
Phum-OR502AA_008_000146.1	eggnog	domain-containing protein
Phum-OR502AA_008_000523.1	eggnog	Mad3/BUB1 homology region 1
Phum-OR502AA_008_000522.1	eggnog	Mad3/BUB1 homology region 1
Phum-OR502AA_008_000147.1	eggnog	Dihydrodipicolinate synthetase family
Phum-OR502AA_008_000521.1	blastp	Homology to Phytophthora cactorum predicted protein KAG2788787.1
Phum-OR502AA_008_000520.1	eggnog	MatE
Phum-OR502AA_008_000148.1	eggnog	Necrosis inducing protein (NPP1)
Phum-OR502AA_008_000519.1	interproscan	SSF56112 domain-containing protein
Phum-OR502AA_008_000149.1	blastp	Homology to Phytophthora nicotianae predicted protein ETO78628.1
Phum-OR502AA_008_000518.1	blastp	Homology to Phytophthora nicotianae predicted protein ETO78628.1
Phum-OR502AA_008_000150.1	interproscan	SSF56112 domain-containing protein
Phum-OR502AA_008_000517.1	unannotated	Hypothetical protein of unknown function
Phum-OR502AA_008_000516.1	interproscan	PTHR33657 domain-containing protein
Phum-OR502AA_008_000515.1	blastp	Homology to Phytophthora idaei predicted protein KAG3111240.1
Phum-OR502AA_008_000151.1	eggnog	domain-containing protein
Phum-OR502AA_008_000514.1	eggnog	Rab guanyl-nucleotide exchange factor activity
Phum-OR502AA_008_000152.1	eggnog	domain-containing protein
Phum-OR502AA_008_000513.1	eggnog	heat shock factor
Phum-OR502AA_008_000153.1	eggnog	negative regulation of ubiquitin protein ligase activity (MAD2L2)
Phum-OR502AA_008_000512.1	eggnog	domain-containing protein
Phum-OR502AA_008_000154.1	eggnog	Calcium-activated chloride channel
Phum-OR502AA_008_000511.1	blastp	Homology to Peronospora effusa predicted protein RMX65075.1
Phum-OR502AA_008_000155.1	eggnog	CorA-like Mg2+ transporter protein
Phum-OR502AA_008_000510.1	eggnog	domain-containing protein
Phum-OR502AA_008_000509.1	blastp	Homology to Globisporangium splendens predicted protein KAF1333992.1
Phum-OR502AA_008_000508.1	blastp	Homology to Phytophthora cactorum predicted protein KAG4223562.1
Phum-OR502AA_008_000507.1	eggnog	Glycosyl transferase family 41
Phum-OR502AA_008_000156.1	eggnog	Adenylosuccinate lyase C-terminus
Phum-OR502AA_008_000157.1	eggnog	acetylation-dependent protein binding
Phum-OR502AA_008_000506.1	eggnog	Mitochondrial-associated sphingomyelin phosphodiesterase
Phum-OR502AA_008_000505.1	eggnog	magnesium ion transmembrane transporter activity
Phum-OR502AA_008_000504.1	eggnog	magnesium ion transmembrane transporter activity
Phum-OR502AA_008_000503.1	eggnog	Adaptor complexes medium subunit family
Phum-OR502AA_008_000502.1	eggnog	GTP cyclohydrolase N terminal
Phum-OR502AA_008_000158.1	eggnog	Cyclin_C
Phum-OR502AA_008_000501.1	eggnog	Domain of unknown function (DUF383)
Phum-OR502AA_008_000159.1	eggnog	peptidyl-lysine monomethylation
Phum-OR502AA_008_000500.1	eggnog	cytoskeletal anchoring at nuclear membrane
Phum-OR502AA_008_000160.1	eggnog	NAD-binding of NADP-dependent 3-hydroxyisobutyrate dehydrogenase
Phum-OR502AA_008_000161.1	eggnog	NAD-binding of NADP-dependent 3-hydroxyisobutyrate dehydrogenase
Phum-OR502AA_008_000162.1	blastp	Homology to Phytophthora sojae predicted protein XP_009519216.1
Phum-OR502AA_008_000163.1	eggnog	Ubiquitin-2 like Rad60 SUMO-like (UBI4)
Phum-OR502AA_008_000164.1	eggnog	domain-containing protein
Phum-OR502AA_008_000165.1	eggnog	domain-containing protein
Phum-OR502AA_008_000499.1	eggnog	CDP-alcohol phosphatidyltransferase
Phum-OR502AA_008_000498.1	blastp	Homology to Phytophthora infestans predicted protein KAI9997388.1
Phum-OR502AA_008_000497.1	blastp	Homology to predicted protein KAH7508873.1
Phum-OR502AA_008_000166.1	eggnog	Belongs to the CDP-alcohol phosphatidyltransferase class-I family
Phum-OR502AA_008_000496.1	blastp	Homology to Peronospora effusa predicted protein UIZ20560.1
Phum-OR502AA_008_000495.1	eggnog	sperm individualization
Phum-OR502AA_008_000167.1	eggnog	XAP5, circadian clock regulator
Phum-OR502AA_008_000494.1	eggnog	WD domain, G-beta repeat
Phum-OR502AA_008_000168.1	unannotated	Hypothetical protein of unknown function
Phum-OR502AA_008_000493.1	eggnog	domain-containing protein
Phum-OR502AA_008_000169.1	eggnog	glycogenin glucosyltransferase activity
Phum-OR502AA_008_000492.1	eggnog	WD domain, G-beta repeat
Phum-OR502AA_008_000491.1	blastp	Homology to Phytophthora infestans predicted protein XP_002997948.1
Phum-OR502AA_008_000170.1	eggnog	Ribosome recycling factor
Phum-OR502AA_008_000490.1	eggnog	RNAPII transcription regulator C-terminal
Phum-OR502AA_008_000489.1	eggnog	domain-containing protein
Phum-OR502AA_008_000171.1	eggnog	negative regulation of inclusion body assembly
Phum-OR502AA_008_000172.1	eggnog	Histone acetylation protein
Phum-OR502AA_008_000173.1	eggnog	fatty-acyl-CoA synthase activity
Phum-OR502AA_008_000488.1	eggnog	Catalyzes the epimerization of the S- and R-forms of NAD(P)HX, a damaged form of NAD(P)H that is a result of enzymatic or heat-dependent hydration
Phum-OR502AA_008_000174.1	eggnog	Proteasome subunit A N-terminal signature Add an annotation
Phum-OR502AA_008_000175.1	eggnog	Ankyrin repeats (many copies)
Phum-OR502AA_008_000176.1	eggnog	OTU-like cysteine protease
Phum-OR502AA_008_000487.1	eggnog	Dipeptidyl peptidase IV (DPP IV) N-terminal region
Phum-OR502AA_008_000177.1	eggnog	zinc ion binding
Phum-OR502AA_008_000486.1	eggnog	domain-containing protein
Phum-OR502AA_008_000485.1	eggnog	EGF domain, unclasssified subfamily
Phum-OR502AA_008_000178.1	blastp	Homology to Phytophthora pseudosyringae predicted protein KAG7385821.1
Phum-OR502AA_008_000179.1	eggnog	domain-containing protein
Phum-OR502AA_008_000484.1	eggnog	zinc ion binding
Phum-OR502AA_008_000180.1	eggnog	Male sterility protein
Phum-OR502AA_008_000483.1	eggnog	Sigma factor PP2C-like phosphatases
Phum-OR502AA_008_000482.1	eggnog	protein transport
Phum-OR502AA_008_000181.1	eggnog	Aldehyde dehydrogenase family
Phum-OR502AA_008_000481.1	eggnog	Aldehyde dehydrogenase family
Phum-OR502AA_008_000182.1	eggnog	Aldehyde dehydrogenase family
Phum-OR502AA_008_000480.1	eggnog	Elongation Factor G, domain II
Phum-OR502AA_008_000479.1	eggnog	domain-containing protein
Phum-OR502AA_008_000478.1	blastp	Homology to Peronospora farinosa predicted protein CAH0485107.1
Phum-OR502AA_008_000183.1	eggnog	domain-containing protein
Phum-OR502AA_008_000477.1	eggnog	Domain of unknown function (DUF4461)
Phum-OR502AA_008_000184.1	eggnog	Iron-sulfur protein (IP) subunit of succinate dehydrogenase (SDH) that is involved in complex II of the mitochondrial electron transport chain and is responsible for transferring electrons from succinate to ubiquinone (coenzyme Q)
Phum-OR502AA_008_000476.1	eggnog	Domain present in PSD-95, Dlg, and ZO-1/2
Phum-OR502AA_008_000475.1	eggnog	WD domain, G-beta repeat
Phum-OR502AA_008_000474.1	blastp	Homology to Phytophthora pseudosyringae predicted protein KAG7385798.1
Phum-OR502AA_008_000473.1	interproscan	PTHR13371 domain-containing protein
Phum-OR502AA_008_000185.1	eggnog	domain-containing protein
Phum-OR502AA_008_000186.1	eggnog	domain-containing protein
Phum-OR502AA_008_000472.1	eggnog	regulation of translation
Phum-OR502AA_008_000471.1	eggnog	PRP8 domain IV core
Phum-OR502AA_008_000187.1	eggnog	Chibby family
Phum-OR502AA_008_000188.1	eggnog	Protein tyrosine kinase
Phum-OR502AA_008_000189.1	eggnog	Polyprenyl synthetase
Phum-OR502AA_008_000470.1	eggnog	Ribosomal L29 protein
Phum-OR502AA_008_000190.1	eggnog	Ribosomal L29 protein
Phum-OR502AA_008_000469.1	eggnog	domain-containing protein
Phum-OR502AA_008_000191.1	eggnog	Phosphatidylinositol-4-phosphate 5-Kinase
Phum-OR502AA_008_000192.1	blastp	Homology to Phytophthora cactorum predicted protein KAG3191968.1
Phum-OR502AA_008_000468.1	blastp	Homology to Phytophthora pseudosyringae predicted protein KAG7381302.1
Phum-OR502AA_008_000467.1	blastp	Homology to Phytophthora nicotianae predicted protein KUF85081.1
Phum-OR502AA_008_000193.1	eggnog	Histone-like transcription factor (CBF/NF-Y) and archaeal histone
Phum-OR502AA_008_000466.1	eggnog	Triose-phosphate Transporter family
Phum-OR502AA_008_000194.1	blastp	Homology to Phytophthora pseudosyringae predicted protein KAG7381302.1
Phum-OR502AA_008_000195.1	eggnog	Helicase associated domain (HA2) Add an annotation
Phum-OR502AA_008_000196.1	blastp	Homology to Phytophthora nicotianae predicted protein XP_008891699.1
Phum-OR502AA_008_000465.1	eggnog	Mediator complex subunit MED14
Phum-OR502AA_008_000464.1	eggnog	domain-containing protein
Phum-OR502AA_008_000197.1	eggnog	Vacuolar protein sorting-associated protein 26
Phum-OR502AA_008_000198.1	eggnog	Vacuolar protein sorting-associated protein 26
Phum-OR502AA_008_000199.1	eggnog	Tetratricopeptide repeat
Phum-OR502AA_008_000200.1	eggnog	CASP C terminal
Phum-OR502AA_008_000201.1	eggnog	Peptidase S24-like
Phum-OR502AA_008_000202.1	eggnog	EF hand
Phum-OR502AA_008_000463.1	eggnog	negative regulation of epidermal growth factor-activated receptor activity
Phum-OR502AA_008_000462.1	eggnog	EF hand
Phum-OR502AA_008_000203.1	eggnog	norepinephrine secretion
Phum-OR502AA_008_000461.1	eggnog	domain-containing protein
Phum-OR502AA_008_000204.1	eggnog	Glycosyl hydrolase family 81
Phum-OR502AA_008_000460.1	eggnog	Helicase associated domain (HA2) Add an annotation
Phum-OR502AA_008_000459.1	unannotated	Hypothetical protein of unknown function
Phum-OR502AA_008_000458.1	blastp	Homology to Phytophthora pseudosyringae predicted protein KAG7378376.1
Phum-OR502AA_008_000457.1	blastp	Homology to Phytophthora cactorum predicted protein KAG2788723.1
Phum-OR502AA_008_000456.1	blastp	Homology to Phytophthora nicotianae predicted protein XP_008891674.1
Phum-OR502AA_008_000455.1	blastp	Homology to Phytophthora idaei predicted protein KAG3110081.1
Phum-OR502AA_008_000205.1	unannotated	Hypothetical protein of unknown function
Phum-OR502AA_008_000206.1	eggnog	domain-containing protein
Phum-OR502AA_008_000207.1	blastp	Homology to Phytophthora pseudosyringae predicted protein KAG7386553.1
Phum-OR502AA_008_000208.1	unannotated	Hypothetical protein of unknown function
Phum-OR502AA_008_000454.1	eggnog	domain-containing protein
Phum-OR502AA_008_000453.1	eggnog	domain-containing protein
Phum-OR502AA_008_000452.1	eggnog	Domain with 2 conserved Trp (W) residues
Phum-OR502AA_008_000451.1	eggnog	Thioesterase-like superfamily
Phum-OR502AA_008_000209.1	eggnog	positive regulation of termination of RNA polymerase II transcription, poly(A)-coupled
Phum-OR502AA_008_000210.1	eggnog	Ribosomal protein L11 methyltransferase (PrmA)
Phum-OR502AA_008_000211.1	eggnog	domain-containing protein
Phum-OR502AA_008_000450.1	eggnog	Guanylate kinase homologues
Phum-OR502AA_008_000449.1	eggnog	Ankyrin repeats (many copies)
Phum-OR502AA_008_000448.1	eggnog	positive regulation of termination of RNA polymerase II transcription, poly(A)-coupled
Phum-OR502AA_008_000447.1	eggnog	domain-containing protein
Phum-OR502AA_008_000212.1	eggnog	AI-2E family transporter
Phum-OR502AA_008_000446.1	blastp	Homology to Phytophthora aleatoria predicted protein KAG6956258.1
Phum-OR502AA_008_000213.1	eggnog	domain-containing protein
Phum-OR502AA_008_000445.1	eggnog	domain-containing protein
Phum-OR502AA_008_000214.1	blastp	Homology to Peronospora farinosa predicted protein CAH0489602.1
Phum-OR502AA_008_000444.1	interproscan	G3DSA:3.80.10.10 domain-containing protein
Phum-OR502AA_008_000215.1	eggnog	Ankyrin repeats (many copies)
Phum-OR502AA_008_000443.1	eggnog	Ankyrin repeats (many copies)
Phum-OR502AA_008_000442.1	interproscan	PTHR33993 domain-containing protein
Phum-OR502AA_008_000216.1	blastp	Homology to Peronospora destructor predicted protein CAI5731695.1
Phum-OR502AA_008_000217.1	unannotated	Hypothetical protein of unknown function
Phum-OR502AA_008_000441.1	eggnog	Stage II sporulation protein E (SpoIIE)
Phum-OR502AA_008_000218.1	eggnog	Binds directly to 23S ribosomal RNA and is necessary for the in vitro assembly process of the 50S ribosomal subunit
Phum-OR502AA_008_000440.1	eggnog	domain-containing protein
Phum-OR502AA_008_000439.1	eggnog	assists the folding of proteins upon ATP hydrolysis
Phum-OR502AA_008_000438.1	eggnog	Glycosyl hydrolase family 81
Phum-OR502AA_008_000219.1	eggnog	Glycosyl hydrolase family 81
Phum-OR502AA_008_000220.1	interproscan	PTHR34815 domain-containing protein
Phum-OR502AA_008_000437.1	interproscan	G3DSA:1.10.555.10 domain-containing protein
Phum-OR502AA_008_000436.1	eggnog	Rix1 complex component involved in 60S ribosome maturation
Phum-OR502AA_008_000221.1	eggnog	Cysteine-rich secretory protein family
Phum-OR502AA_008_000222.1	blastp	Homology to Phytophthora cinnamomi predicted protein KAG6615230.1
Phum-OR502AA_008_000435.1	blastp	Homology to Peronospora destructor predicted protein CAI5745218.1
Phum-OR502AA_008_000434.1	eggnog	Maintenance of mitochondrial structure and function
Phum-OR502AA_008_000223.1	eggnog	domain-containing protein
Phum-OR502AA_008_000224.1	eggnog	domain-containing protein
Phum-OR502AA_008_000433.1	eggnog	domain-containing protein
Phum-OR502AA_008_000225.1	eggnog	positive regulation of chromatin silencing at rDNA
Phum-OR502AA_008_000226.1	blastp	Homology to Phytophthora rubi predicted protein KAE9023447.1
Phum-OR502AA_008_000432.1	eggnog	methyltransferase activity
Phum-OR502AA_008_000431.1	eggnog	domain-containing protein
Phum-OR502AA_008_000227.1	eggnog	domain-containing protein
Phum-OR502AA_008_000228.1	eggnog	methyltransferase activity
Phum-OR502AA_008_000430.1	blastp	Homology to Phytophthora rubi predicted protein KAE9023447.1
Phum-OR502AA_008_000429.1	eggnog	Leucine Rich repeats (2 copies)
Phum-OR502AA_008_000229.1	blastp	Homology to Peronospora belbahrii predicted protein CAH0515815.1
Phum-OR502AA_008_000230.1	eggnog	Leucine rich repeat
Phum-OR502AA_008_000428.1	eggnog	response to arachidonic acid
Phum-OR502AA_008_000231.1	eggnog	transposition, RNA-mediated
Phum-OR502AA_008_000232.1	blastp	Homology to Phytophthora capsici predicted protein KAG1701635.1
Phum-OR502AA_008_000427.1	eggnog	Bifunctional DNA N-glycosylase with associated apurinic apyrimidinic (AP) lyase function that catalyzes the first step in base excision repair (BER), the primary repair pathway for the repair of oxidative DNA damage
Phum-OR502AA_008_000426.1	eggnog	Dcp1-like decapping family
Phum-OR502AA_008_000233.1	eggnog	Reverse transcriptase (RNA-dependent DNA polymerase)
Phum-OR502AA_008_000234.1	blastp	Homology to Peronospora effusa predicted protein RMX69065.1
Phum-OR502AA_008_000425.1	eggnog	Belongs to the cation transport ATPase (P-type) (TC 3.A.3) family
Phum-OR502AA_008_000235.1	blastp	Homology to Phytophthora idaei predicted protein KAG3110081.1
Phum-OR502AA_008_000236.1	eggnog	rRNA biogenesis protein RRP36
Phum-OR502AA_008_000237.1	blastp	Homology to Phytophthora lilii predicted protein GMF12812.1
Phum-OR502AA_008_000424.1	eggnog	Peptidase C65 Otubain
Phum-OR502AA_008_000238.1	interproscan	PTHR43198 domain-containing protein
Phum-OR502AA_008_000423.1	eggnog	Nucleotidyl transferase
Phum-OR502AA_008_000239.1	interproscan	PTHR13335 domain-containing protein
Phum-OR502AA_008_000422.1	eggnog	Ribosomal protein 60S L18 and 50S L18e
Phum-OR502AA_008_000240.1	eggnog	domain-containing protein
Phum-OR502AA_008_000421.1	interproscan	Tudor_Agenet_AtEML-like (cd20404)
Phum-OR502AA_008_000241.1	eggnog	Extension to Ser/Thr-type protein kinases
Phum-OR502AA_008_000420.1	eggnog	spectrin binding
Phum-OR502AA_008_000242.1	eggnog	Domain of unknown function (DUF4486)
Phum-OR502AA_008_000419.1	eggnog	Spc97 / Spc98 family
Phum-OR502AA_008_000243.1	eggnog	Anticodon-binding domain of tRNA
Phum-OR502AA_008_000418.1	eggnog	Initiation factor eIF2 gamma, C terminal
Phum-OR502AA_008_000244.1	eggnog	WD domain, G-beta repeat
Phum-OR502AA_008_000417.1	eggnog	spliceosomal snRNP assembly
Phum-OR502AA_008_000245.1	interproscan	G3DSA:1.10.10.60 domain-containing protein
Phum-OR502AA_008_000246.1	blastp	Homology to Phytophthora cactorum predicted protein KAG3030739.1
Phum-OR502AA_008_000416.1	interproscan	PTHR45615 domain-containing protein
Phum-OR502AA_008_000415.1	eggnog	Glutamate/Leucine/Phenylalanine/Valine dehydrogenase
Phum-OR502AA_008_000247.1	blastp	Homology to Phytophthora pseudosyringae predicted protein KAG7389323.1
Phum-OR502AA_008_000248.1	eggnog	C-terminal to LisH motif
Phum-OR502AA_008_000414.1	eggnog	Eukaryotic protein of unknown function (DUF2003)
Phum-OR502AA_008_000249.1	eggnog	Lecithin retinol acyltransferase
Phum-OR502AA_008_000413.1	eggnog	C-terminus of AA_permease
Phum-OR502AA_008_000412.1	eggnog	Conserved gene of
Phum-OR502AA_008_000411.1	eggnog	CBF/Mak21 family
Phum-OR502AA_008_000250.1	eggnog	Zinc carboxypeptidase
Phum-OR502AA_008_000251.1	eggnog	Zinc carboxypeptidase
Phum-OR502AA_008_000252.1	eggnog	Zinc carboxypeptidase
Phum-OR502AA_008_000410.1	eggnog	The coatomer is a cytosolic protein complex that binds to dilysine motifs and reversibly associates with Golgi non- clathrin-coated vesicles, which further mediate biosynthetic protein transport from the ER, via the Golgi up to the trans Golgi network
Phum-OR502AA_008_000253.1	blastp	Homology to Phytophthora cactorum predicted protein KAG2837724.1
Phum-OR502AA_008_000254.1	blastp	Homology to Peronospora belbahrii predicted protein CAH0479650.1
Phum-OR502AA_008_000409.1	interproscan	Broad-minded protein Rab TBC domain (PF23440)
Phum-OR502AA_008_000255.1	eggnog	Calcineurin-like phosphoesterase
Phum-OR502AA_008_000408.1	blastp	Homology to Phytophthora cactorum predicted protein KAG4045900.1
Phum-OR502AA_008_000407.1	eggnog	This magnesium-dependent enzyme catalyzes the hydrolysis of ATP coupled with the transport of calcium
Phum-OR502AA_008_000406.1	eggnog	Na+/Pi-cotransporter
Phum-OR502AA_008_000256.1	eggnog	Na+/Pi-cotransporter
Phum-OR502AA_008_000405.1	blastp	Homology to Phytophthora megakarya predicted protein OWZ23471.1
Phum-OR502AA_008_000404.1	eggnog	Essential component of the PAM complex, a complex required for the translocation of transit peptide-containing proteins from the inner membrane into the mitochondrial matrix in an ATP-dependent manner
Phum-OR502AA_008_000257.1	eggnog	Protein prenyltransferase alpha subunit repeat
Phum-OR502AA_008_000258.1	interproscan	NURR (cd21039)
Phum-OR502AA_008_000403.1	eggnog	Ubiquitin carboxyl-terminal hydrolase
Phum-OR502AA_008_000402.1	eggnog	Ubiquitin carboxyl-terminal hydrolase
Phum-OR502AA_008_000401.1	eggnog	domain-containing protein
Phum-OR502AA_008_000259.1	eggnog	domain-containing protein
Phum-OR502AA_008_000400.1	eggnog	Protein prenyltransferase alpha subunit repeat
Phum-OR502AA_008_000399.1	unannotated	Hypothetical protein of unknown function
Phum-OR502AA_008_000398.1	blastp	Homology to Peronospora effusa predicted protein RMX67739.1
Phum-OR502AA_008_000397.1	blastp	Homology to Phytophthora pseudosyringae predicted protein KAG7384209.1
Phum-OR502AA_008_000396.1	interproscan	PTHR12972 domain-containing protein
Phum-OR502AA_008_000260.1	eggnog	Rhodanase C-terminal
Phum-OR502AA_008_000261.1	blastp	Homology to Peronospora destructor predicted protein CAI5731613.1
Phum-OR502AA_008_000395.1	eggnog	domain-containing protein
Phum-OR502AA_008_000394.1	eggnog	Suppressor of forked protein (Suf)
Phum-OR502AA_008_000262.1	eggnog	Belongs to the cation transport ATPase (P-type) (TC 3.A.3) family
Phum-OR502AA_008_000393.1	eggnog	PhoX homologous domain, present in p47phox and p40phox
Phum-OR502AA_008_000263.1	eggnog	Histone-binding protein RBBP4 or subunit C of CAF1 complex
Phum-OR502AA_008_000264.1	eggnog	Haloacid dehalogenase-like hydrolase
Phum-OR502AA_008_000265.1	blastp	Homology to Phytophthora aleatoria predicted protein KAG6968094.1
Phum-OR502AA_008_000392.1	eggnog	Dehydrogenase E1 component
Phum-OR502AA_008_000266.1	eggnog	Protein of unknown function (DUF2423)
Phum-OR502AA_008_000391.1	eggnog	CEP19-like protein
Phum-OR502AA_008_000390.1	eggnog	Catalytic subunit of the molybdopterin synthase complex, a complex that catalyzes the conversion of precursor Z into molybdopterin
Phum-OR502AA_008_000267.1	eggnog	Domain of unknown function (DUF4339)
Phum-OR502AA_008_000268.1	eggnog	Domain of unknown function (DUF4339)
Phum-OR502AA_008_000389.1	eggnog	domain-containing protein
Phum-OR502AA_008_000388.1	blastp	Homology to Phytophthora pseudosyringae predicted protein KAG7384183.1
Phum-OR502AA_008_000269.1	unannotated	Hypothetical protein of unknown function
Phum-OR502AA_008_000270.1	eggnog	Class II histone deacetylase complex subunits 2 and 3
Phum-OR502AA_008_000387.1	eggnog	Malate synthase
Phum-OR502AA_008_000271.1	unannotated	Hypothetical protein of unknown function
Phum-OR502AA_008_000272.1	eggnog	Coilin N-terminus
Phum-OR502AA_008_000386.1	eggnog	Phosphoenolpyruvate carboxykinase
Phum-OR502AA_008_000273.1	eggnog	phosphoenolpyruvate carboxykinase (ATP) activity
Phum-OR502AA_008_000274.1	eggnog	Phosphoenolpyruvate carboxykinase
Phum-OR502AA_008_000385.1	eggnog	Coilin N-terminus
Phum-OR502AA_008_000384.1	unannotated	Hypothetical protein of unknown function
Phum-OR502AA_008_000275.1	eggnog	Malate synthase
Phum-OR502AA_008_000383.1	eggnog	Class II histone deacetylase complex subunits 2 and 3
Phum-OR502AA_008_000382.1	interproscan	PTHR14873 domain-containing protein
Phum-OR502AA_008_000276.1	eggnog	Putative DNA-binding (bihelical) motif predicted to be involved in chromosomal organisation
Phum-OR502AA_008_000381.1	eggnog	Domain of unknown function (DUF4042)
Phum-OR502AA_008_000380.1	unannotated	Hypothetical protein of unknown function
Phum-OR502AA_008_000277.1	unannotated	Hypothetical protein of unknown function
Phum-OR502AA_008_000379.1	eggnog	Involved in the biogenesis of the 60S ribosomal subunit
Phum-OR502AA_008_000278.1	interproscan	PTHR32114 domain-containing protein
Phum-OR502AA_008_000279.1	interproscan	PTHR37473 domain-containing protein
Phum-OR502AA_008_000378.1	unannotated	Hypothetical protein of unknown function
Phum-OR502AA_008_000377.1	unannotated	Hypothetical protein of unknown function
Phum-OR502AA_008_000376.1	eggnog	Calcium-activated chloride channel
Phum-OR502AA_008_000375.1	blastp	Homology to Peronospora effusa predicted protein RMX67774.1
Phum-OR502AA_008_000280.1	eggnog	Calcium-activated chloride channel
Phum-OR502AA_008_000374.1	eggnog	Protein tyrosine kinase
Phum-OR502AA_008_000373.1	eggnog	Protein tyrosine kinase
Phum-OR502AA_008_000281.1	eggnog	Rab subfamily of small GTPases
Phum-OR502AA_008_000372.1	blastp	Homology to Phytophthora fragariae predicted protein KAE9109524.1
Phum-OR502AA_008_000282.1	eggnog	Calcium-activated chloride channel
Phum-OR502AA_008_000283.1	eggnog	regulation of transcription by RNA polymerase I
Phum-OR502AA_008_000371.1	blastp	Homology to Peronospora effusa predicted protein RMX67757.1
Phum-OR502AA_008_000370.1	eggnog	Protein present in Fab1, YOTB, Vac1, and EEA1
Phum-OR502AA_008_000369.1	interproscan	MJ1566 N-terminal domain (PF27230)
Phum-OR502AA_008_000368.1	eggnog	A domain family that is part of the cupin metalloenzyme superfamily
Phum-OR502AA_008_000367.1	eggnog	Tetratricopeptide repeat
Phum-OR502AA_008_000366.1	eggnog	Belongs to the major facilitator superfamily
Phum-OR502AA_008_000365.1	eggnog	ion transport
Phum-OR502AA_008_000284.1	eggnog	negative regulation of peptidyl-cysteine S-nitrosylation (OXR1)
Phum-OR502AA_008_000364.1	blastp	Homology to Phytophthora rubi predicted protein KAE9350049.1
Phum-OR502AA_008_000285.1	eggnog	E1-E2 ATPase
Phum-OR502AA_008_000363.1	eggnog	domain-containing protein
Phum-OR502AA_008_000362.1	eggnog	domain-containing protein
Phum-OR502AA_008_000361.1	blastp	Homology to Phytophthora ramorum predicted protein KAH7477250.1
Phum-OR502AA_008_000360.1	blastp	Homology to Peronospora effusa predicted protein RQM18886.1
Phum-OR502AA_008_000286.1	eggnog	domain-containing protein
Phum-OR502AA_008_000359.1	blastp	Homology to Peronospora farinosa predicted protein CAH0490463.1
Phum-OR502AA_008_000287.1	eggnog	Belongs to the heat shock protein 70 family
Phum-OR502AA_008_000288.1	blastp	Homology to Peronospora farinosa predicted protein CAH0490468.1
Phum-OR502AA_008_000289.1	eggnog	histone H2A-K119 monoubiquitination
Phum-OR502AA_008_000358.1	eggnog	catalytic domain of ctd-like phosphatases
Phum-OR502AA_008_000290.1	eggnog	Leucine carboxyl methyltransferase
Phum-OR502AA_008_000291.1	eggnog	Leucine-rich repeats, typical (most populated) subfamily
Phum-OR502AA_008_000357.1	eggnog	Protein tyrosine kinase
Phum-OR502AA_008_000356.1	eggnog	Protein tyrosine kinase
Phum-OR502AA_008_000292.1	eggnog	catalytic domain of ctd-like phosphatases
Phum-OR502AA_008_000355.1	eggnog	Belongs to the heat shock protein 70 family
Phum-OR502AA_008_000354.1	eggnog	Belongs to the heat shock protein 70 family
Phum-OR502AA_008_000293.1	eggnog	Belongs to the heat shock protein 70 family
Phum-OR502AA_008_000294.1	eggnog	Syntaxin 6, N-terminal
Phum-OR502AA_008_000353.1	eggnog	heat shock protein 70
Phum-OR502AA_008_000295.1	blastp	Homology to Phytophthora nicotianae predicted protein ETL85052.1
Phum-OR502AA_008_000352.1	eggnog	heat shock protein 70
Phum-OR502AA_008_000296.1	eggnog	GTPase-activator protein for Rho-like GTPases
Phum-OR502AA_008_000351.1	eggnog	Exocyst complex subunit Sec15-like
Phum-OR502AA_008_000350.1	unannotated	Hypothetical protein of unknown function
Phum-OR502AA_008_000349.1	eggnog	Telomere length regulation protein
Phum-OR502AA_008_000297.1	eggnog	Exocyst complex subunit Sec15-like
Phum-OR502AA_008_000298.1	unannotated	Hypothetical protein of unknown function
Phum-OR502AA_008_000299.1	blastp	Homology to Phytophthora cactorum predicted protein KAG2788802.1
Phum-OR502AA_008_000300.1	blastp	Homology to Peronospora farinosa predicted protein CAH0491418.1
Phum-OR502AA_008_000348.1	blastp	Homology to Peronospora farinosa predicted protein CAH0491421.1
Phum-OR502AA_008_000347.1	interproscan	G3DSA:3.40.50.150 domain-containing protein
Phum-OR502AA_008_000301.1	blastp	Homology to Phytophthora rubi predicted protein KAE8974047.1
Phum-OR502AA_008_000302.1	blastp	Homology to Phytophthora megakarya predicted protein OWZ22866.1
Phum-OR502AA_008_000303.1	eggnog	Protein of unknown function TPD sequence-motif
Phum-OR502AA_008_000346.1	eggnog	Protein of unknown function TPD sequence-motif
Phum-OR502AA_008_000345.1	blastp	Homology to Phytophthora megakarya predicted protein OWZ22866.1
Phum-OR502AA_008_000344.1	blastp	Homology to Phytophthora pseudosyringae predicted protein KAG7380329.1
Phum-OR502AA_008_000343.1	eggnog	histone lysine demethylation
Phum-OR502AA_008_000304.1	eggnog	Ubiquitin-specific protease C-terminal
Phum-OR502AA_008_000305.1	eggnog	AMP-binding enzyme
Phum-OR502AA_008_000306.1	blastp	Homology to Peronospora destructor predicted protein CAI5737490.1
Phum-OR502AA_008_000342.1	eggnog	Transmembrane amino acid transporter protein
Phum-OR502AA_008_000341.1	blastp	Homology to Peronospora destructor predicted protein CAI5737490.1
Phum-OR502AA_008_000340.1	blastp	Homology to Peronospora destructor predicted protein CAI5737490.1
Phum-OR502AA_008_000307.1	blastp	Homology to Phytophthora nicotianae predicted protein ETI35617.1
Phum-OR502AA_008_000308.1	eggnog	Sugar (and other) transporter
Phum-OR502AA_008_000339.1	eggnog	Belongs to the multicopper oxidase family
Phum-OR502AA_008_000338.1	blastp	Homology to Peronospora effusa predicted protein RMX68980.1
Phum-OR502AA_008_000309.1	eggnog	domain-containing protein
Phum-OR502AA_008_000310.1	blastp	Homology to Phytophthora ramorum predicted protein KAH7477317.1
Phum-OR502AA_008_000337.1	blastp	Homology to Peronospora farinosa predicted protein CAH0491439.1
Phum-OR502AA_008_000311.1	blastp	Homology to Phytophthora infestans predicted protein XP_002908648.1
Phum-OR502AA_008_000336.1	unannotated	Hypothetical protein of unknown function
Phum-OR502AA_008_000312.1	blastp	Homology to Phytophthora cactorum predicted protein KAF1785605.1
Phum-OR502AA_008_000335.1	eggnog	motif in proteasome subunits, Int-6, Nip-1 and TRIP-15
Phum-OR502AA_008_000334.1	eggnog	domain-containing protein
Phum-OR502AA_008_000313.1	eggnog	domain-containing protein
Phum-OR502AA_008_000314.1	eggnog	Mitochondrial carrier protein
Phum-OR502AA_008_000315.1	blastp	Homology to Phytophthora idaei predicted protein KAG3106492.1
Phum-OR502AA_008_000333.1	eggnog	protein polyubiquitination
Phum-OR502AA_008_000316.1	eggnog	Hus1-like protein
Phum-OR502AA_008_000317.1	eggnog	EXOIII
Phum-OR502AA_008_000332.1	eggnog	Aldehyde dehydrogenase family
Phum-OR502AA_008_000331.1	eggnog	Domain of unknown function (DUF1949)
Phum-OR502AA_008_000330.1	eggnog	Trypsin-like serine protease
Phum-OR502AA_008_000329.1	eggnog	Acts as an adapter for the XPO1 CRM1-mediated export of the 60S ribosomal subunit
Phum-OR502AA_008_000328.1	eggnog	U3 small nucleolar RNA-associated protein 6
Phum-OR502AA_008_000318.1	eggnog	domain-containing protein
Phum-OR502AA_008_000327.1	eggnog	domain-containing protein
Phum-OR502AA_008_000319.1	eggnog	Appr-1'-p processing enzyme
Phum-OR502AA_008_000326.1	eggnog	Prolyl 4-hydroxylase alpha subunit homologues
Phum-OR502AA_008_000325.1	eggnog	Prolyl 4-hydroxylase alpha subunit homologues
Phum-OR502AA_008_000324.1	eggnog	Prolyl 4-hydroxylase alpha subunit homologues
Phum-OR502AA_008_000323.1	eggnog	Appr-1'-p processing enzyme
Phum-OR502AA_008_000322.1	eggnog	Prolyl 4-hydroxylase alpha subunit homologues
Phum-OR502AA_008_000321.1	eggnog	Prolyl 4-hydroxylase alpha subunit homologues
Phum-OR502AA_008_000320.1	eggnog	Prolyl 4-hydroxylase alpha subunit homologues
Phum-OR502AA_009_000001.1	eggnog	domain-containing protein
Phum-OR502AA_009_000343.1	eggnog	domain-containing protein
Phum-OR502AA_009_000002.1	eggnog	Phosphatidyl serine synthase
Phum-OR502AA_009_000342.1	eggnog	Pyridoxal-phosphate dependent enzyme
Phum-OR502AA_009_000003.1	eggnog	Pyridoxal-phosphate dependent enzyme
Phum-OR502AA_009_000004.1	eggnog	Pyridoxal-phosphate dependent enzyme
Phum-OR502AA_009_000005.1	eggnog	Pyridoxal-phosphate dependent enzyme
Phum-OR502AA_009_000006.1	eggnog	Pyridoxal-phosphate dependent enzyme
Phum-OR502AA_009_000007.1	eggnog	Pyridoxal-phosphate dependent enzyme
Phum-OR502AA_009_000008.1	eggnog	Pyridoxal-phosphate dependent enzyme
Phum-OR502AA_009_000009.1	eggnog	Pyridoxal-phosphate dependent enzyme
Phum-OR502AA_009_000341.1	eggnog	Pyridoxal-phosphate dependent enzyme
Phum-OR502AA_009_000340.1	eggnog	Pyridoxal-phosphate dependent enzyme
Phum-OR502AA_009_000010.1	unannotated	Hypothetical protein of unknown function
Phum-OR502AA_009_000011.1	interproscan	PTHR13510 domain-containing protein
Phum-OR502AA_009_000339.1	eggnog	Interconversion of serine and glycine
Phum-OR502AA_009_000338.1	eggnog	arachidonic acid secretion
Phum-OR502AA_009_000012.1	eggnog	MatE
Phum-OR502AA_009_000013.1	interproscan	PTHR13510 domain-containing protein
Phum-OR502AA_009_000014.1	eggnog	Haloacid dehalogenase-like hydrolase
Phum-OR502AA_009_000015.1	eggnog	arachidonic acid secretion
Phum-OR502AA_009_000337.1	eggnog	FYVE zinc finger
Phum-OR502AA_009_000016.1	eggnog	CAP_GLY
Phum-OR502AA_009_000336.1	eggnog	secreted RxLR effector peptide protein
Phum-OR502AA_009_000017.1	eggnog	secreted RxLR effector peptide protein
Phum-OR502AA_009_000335.1	eggnog	CAP_GLY
Phum-OR502AA_009_000018.1	eggnog	NADH-ubiquinone reductase complex 1 MLRQ subunit
Phum-OR502AA_009_000019.1	eggnog	NADH-ubiquinone reductase complex 1 MLRQ subunit
Phum-OR502AA_009_000020.1	eggnog	NADH-ubiquinone reductase complex 1 MLRQ subunit
Phum-OR502AA_009_000334.1	unannotated	Hypothetical protein of unknown function
Phum-OR502AA_009_000021.1	eggnog	NADH-ubiquinone reductase complex 1 MLRQ subunit
Phum-OR502AA_009_000022.1	eggnog	NADH-ubiquinone reductase complex 1 MLRQ subunit
Phum-OR502AA_009_000023.1	eggnog	NADH-ubiquinone reductase complex 1 MLRQ subunit
Phum-OR502AA_009_000333.1	unannotated	Hypothetical protein of unknown function
Phum-OR502AA_009_000024.1	eggnog	NADH-ubiquinone reductase complex 1 MLRQ subunit
Phum-OR502AA_009_000025.1	eggnog	secreted RxLR effector peptide protein
Phum-OR502AA_009_000332.1	blastp	Homology to Phytophthora aleatoria predicted protein KAG6944929.1
Phum-OR502AA_009_000331.1	eggnog	PPR repeat
Phum-OR502AA_009_000330.1	unannotated	Hypothetical protein of unknown function
Phum-OR502AA_009_000329.1	blastp	Homology to Phytophthora palmivora predicted protein POM67127.1
Phum-OR502AA_009_000026.1	eggnog	ATP-binding Cassette (ABC) superfamily
Phum-OR502AA_009_000027.1	blastp	Homology to Phytophthora fragariae;Phytophthora rubi predicted protein KAE8903274.1
Phum-OR502AA_009_000328.1	eggnog	Protein-only RNase P
Phum-OR502AA_009_000028.1	eggnog	regulation of ARF protein signal transduction
Phum-OR502AA_009_000029.1	eggnog	BT1 family
Phum-OR502AA_009_000030.1	interproscan	PTHR31585 domain-containing protein
Phum-OR502AA_009_000031.1	eggnog	Mitochondrial carrier protein
Phum-OR502AA_009_000327.1	eggnog	Replication protein A C terminal
Phum-OR502AA_009_000326.1	eggnog	Tubulin-tyrosine ligase family
Phum-OR502AA_009_000325.1	interproscan	PTHR31836 domain-containing protein
Phum-OR502AA_009_000324.1	blastp	Homology to Phytophthora ramorum predicted protein KAH7491388.1
Phum-OR502AA_009_000032.1	eggnog	Lytic transglycolase
Phum-OR502AA_009_000033.1	interproscan	PTHR31836 domain-containing protein
Phum-OR502AA_009_000034.1	blastp	Homology to Phytophthora idaei predicted protein KAG3050954.1
Phum-OR502AA_009_000323.1	eggnog	Domain of unknown function (DUF4209)
Phum-OR502AA_009_000322.1	interproscan	PTHR16306 domain-containing protein
Phum-OR502AA_009_000321.1	eggnog	WD domain, G-beta repeat
Phum-OR502AA_009_000035.1	eggnog	Domain of unknown function (DUF4209)
Phum-OR502AA_009_000320.1	blastp	Homology to Phytophthora idaei predicted protein KAG3050954.1
Phum-OR502AA_009_000319.1	interproscan	PTHR13510 domain-containing protein
Phum-OR502AA_009_000318.1	interproscan	PTHR13510 domain-containing protein
Phum-OR502AA_009_000317.1	eggnog	Ammonium Transporter Family
Phum-OR502AA_009_000316.1	eggnog	GDSL-like Lipase/Acylhydrolase
Phum-OR502AA_009_000315.1	eggnog	Ammonium Transporter Family
Phum-OR502AA_009_000314.1	interproscan	PTHR13510 domain-containing protein
Phum-OR502AA_009_000313.1	eggnog	Crinkler (CRN) family protein
Phum-OR502AA_009_000036.1	eggnog	Adenosine/AMP deaminase
Phum-OR502AA_009_000312.1	interproscan	PTHR21694 domain-containing protein
Phum-OR502AA_009_000037.1	eggnog	transferase activity, transferring hexosyl groups
Phum-OR502AA_009_000038.1	eggnog	Crinkler (CRN) family protein
Phum-OR502AA_009_000311.1	eggnog	Crinkler (CRN) family protein
Phum-OR502AA_009_000039.1	eggnog	transposition, RNA-mediated
Phum-OR502AA_009_000040.1	interproscan	PTHR21694 domain-containing protein
Phum-OR502AA_009_000310.1	eggnog	Adenosine/AMP deaminase
Phum-OR502AA_009_000041.1	eggnog	Crinkler (CRN) family protein
Phum-OR502AA_009_000042.1	blastp	Homology to Peronospora effusa predicted protein CAI5717567.1
Phum-OR502AA_009_000043.1	blastp	Homology to Phytophthora fragariaefolia predicted protein GMF89026.1
Phum-OR502AA_009_000309.1	interproscan	PTHR13510 domain-containing protein
Phum-OR502AA_009_000308.1	interproscan	PTHR13510 domain-containing protein
Phum-OR502AA_009_000044.1	interproscan	PTHR13510 domain-containing protein
Phum-OR502AA_009_000045.1	blastp	Homology to Peronospora effusa predicted protein CAI5717567.1
Phum-OR502AA_009_000046.1	unannotated	Hypothetical protein of unknown function
Phum-OR502AA_009_000047.1	blastp	Homology to Phytophthora infestans predicted protein KAF4027977.1
Phum-OR502AA_009_000048.1	unannotated	Hypothetical protein of unknown function
Phum-OR502AA_009_000049.1	interproscan	PTHR13510 domain-containing protein
Phum-OR502AA_009_000050.1	interproscan	PTHR13510 domain-containing protein
Phum-OR502AA_009_000307.1	interproscan	PTHR13510 domain-containing protein
Phum-OR502AA_009_000306.1	interproscan	PTHR13510 domain-containing protein
Phum-OR502AA_009_000305.1	interproscan	PTHR13510 domain-containing protein
Phum-OR502AA_009_000304.1	eggnog	Major Facilitator Superfamily
Phum-OR502AA_009_000051.1	eggnog	GDSL-like Lipase/Acylhydrolase
Phum-OR502AA_009_000303.1	eggnog	GDSL-like Lipase/Acylhydrolase
Phum-OR502AA_009_000052.1	eggnog	Major Facilitator Superfamily
Phum-OR502AA_009_000053.1	unannotated	Hypothetical protein of unknown function
Phum-OR502AA_009_000054.1	interproscan	PTHR13510 domain-containing protein
Phum-OR502AA_009_000055.1	unannotated	Hypothetical protein of unknown function
Phum-OR502AA_009_000056.1	interproscan	PTHR13510 domain-containing protein
Phum-OR502AA_009_000302.1	eggnog	Source PGD
Phum-OR502AA_009_000301.1	interproscan	PTHR13510 domain-containing protein
Phum-OR502AA_009_000057.1	eggnog	F-box LRR-repeat protein
Phum-OR502AA_009_000300.1	eggnog	Dihydroprymidine dehydrogenase domain II, 4Fe-4S cluster
Phum-OR502AA_009_000058.1	interproscan	PTHR38566 domain-containing protein
Phum-OR502AA_009_000299.1	eggnog	Lissencephaly type-1-like homology motif
Phum-OR502AA_009_000059.1	interproscan	PTHR13510 domain-containing protein
Phum-OR502AA_009_000298.1	interproscan	PTHR13510 domain-containing protein
Phum-OR502AA_009_000297.1	interproscan	PTHR13510 domain-containing protein
Phum-OR502AA_009_000296.1	eggnog	Kinase associated domain 1
Phum-OR502AA_009_000060.1	blastp	Homology to Phytophthora cactorum predicted protein KAF1772653.1
Phum-OR502AA_009_000295.1	eggnog	EF-hand, calcium binding motif
Phum-OR502AA_009_000294.1	interproscan	G3DSA:3.40.50.720 domain-containing protein
Phum-OR502AA_009_000061.1	interproscan	PTHR35213 domain-containing protein
Phum-OR502AA_009_000293.1	eggnog	AAA domain (Cdc48 subfamily)
Phum-OR502AA_009_000292.1	eggnog	Ribosomal protein L41
Phum-OR502AA_009_000062.1	blastp	Homology to Phytophthora rubi predicted protein KAE8978062.1
Phum-OR502AA_009_000063.1	eggnog	Eukaryotic membrane protein family
Phum-OR502AA_009_000291.1	eggnog	1-phosphatidylinositol binding
Phum-OR502AA_009_000290.1	blastp	Homology to Phytophthora sojae predicted protein XP_009528427.1
Phum-OR502AA_009_000064.1	eggnog	Nop14-like family
Phum-OR502AA_009_000289.1	eggnog	Ribosomal protein S16
Phum-OR502AA_009_000065.1	eggnog	domain-containing protein
Phum-OR502AA_009_000066.1	eggnog	transcription-coupled nucleotide-excision repair
Phum-OR502AA_009_000288.1	eggnog	1,3-beta-glucan synthase subunit FKS1
Phum-OR502AA_009_000067.1	eggnog	Possible plasma membrane-binding motif in junctophilins, PIP-5-kinases and protein kinases
Phum-OR502AA_009_000287.1	eggnog	Domain of unknown function (DUF3395)
Phum-OR502AA_009_000286.1	interproscan	PTHR43102 domain-containing protein
Phum-OR502AA_009_000285.1	eggnog	domain-containing protein
Phum-OR502AA_009_000284.1	eggnog	Pumilio-family RNA binding repeat
Phum-OR502AA_009_000283.1	eggnog	transcription-coupled nucleotide-excision repair
Phum-OR502AA_009_000068.1	eggnog	ribosome biogenesis protein (TSR3)
Phum-OR502AA_009_000069.1	eggnog	domain-containing protein
Phum-OR502AA_009_000282.1	eggnog	Protein phosphatase 2C
Phum-OR502AA_009_000281.1	eggnog	Vitamin-D-receptor interacting Mediator subunit 4
Phum-OR502AA_009_000070.1	eggnog	Phosphatidylinositolglycan class N (PIG-N)
Phum-OR502AA_009_000071.1	eggnog	ribosomal protein import into nucleus
Phum-OR502AA_009_000280.1	eggnog	domain-containing protein
Phum-OR502AA_009_000072.1	eggnog	Zinc finger, C3HC4 type (RING finger)
Phum-OR502AA_009_000279.1	unannotated	Hypothetical protein of unknown function
Phum-OR502AA_009_000073.1	eggnog	Aldose 1-epimerase
Phum-OR502AA_009_000074.1	eggnog	Zinc finger, C3HC4 type (RING finger)
Phum-OR502AA_009_000075.1	blastp	Homology to Phytophthora megakarya predicted protein OWZ09239.1
Phum-OR502AA_009_000278.1	eggnog	Zinc-binding dehydrogenase
Phum-OR502AA_009_000277.1	eggnog	Belongs to the TRAFAC class myosin-kinesin ATPase superfamily
Phum-OR502AA_009_000276.1	eggnog	Zinc finger, C3HC4 type (RING finger)
Phum-OR502AA_009_000275.1	eggnog	Aldose 1-epimerase
Phum-OR502AA_009_000076.1	unannotated	Hypothetical protein of unknown function
Phum-OR502AA_009_000274.1	unannotated	Hypothetical protein of unknown function
Phum-OR502AA_009_000273.1	blastp	Homology to Phytophthora nicotianae predicted protein ETM39463.1
Phum-OR502AA_009_000077.1	interproscan	PTHR13510 domain-containing protein
Phum-OR502AA_009_000272.1	interproscan	PTHR13510 domain-containing protein
Phum-OR502AA_009_000078.1	interproscan	PTHR13510 domain-containing protein
Phum-OR502AA_009_000271.1	interproscan	PTHR13510 domain-containing protein
Phum-OR502AA_009_000079.1	interproscan	PTHR13510 domain-containing protein
Phum-OR502AA_009_000270.1	eggnog	domain-containing protein
Phum-OR502AA_009_000080.1	eggnog	minichromosome maintenance proteins
Phum-OR502AA_009_000081.1	eggnog	Rho guanyl-nucleotide exchange factor activity
Phum-OR502AA_009_000082.1	eggnog	1-phosphatidylinositol binding
Phum-OR502AA_009_000269.1	blastp	Homology to Phytophthora lilii predicted protein GMF17051.1
Phum-OR502AA_009_000268.1	eggnog	Beta-eliminating lyase
Phum-OR502AA_009_000083.1	unannotated	Hypothetical protein of unknown function
Phum-OR502AA_009_000084.1	eggnog	secreted RxLR effector peptide protein
Phum-OR502AA_009_000267.1	eggnog	Domain present in phytochromes and cGMP-specific phosphodiesterases
Phum-OR502AA_009_000085.1	blastp	Homology to Phytophthora fragariae predicted protein KAE9080181.1
Phum-OR502AA_009_000086.1	eggnog	Alpha/beta hydrolase of unknown function (DUF915)
Phum-OR502AA_009_000087.1	blastp	Homology to Phytophthora cactorum predicted protein KAG2786512.1
Phum-OR502AA_009_000266.1	blastp	Homology to Phytophthora pseudosyringae predicted protein KAG7389223.1
Phum-OR502AA_009_000088.1	eggnog	Actin
Phum-OR502AA_009_000265.1	eggnog	Aldehyde dehydrogenase family
Phum-OR502AA_009_000264.1	eggnog	secreted RxLR effector peptide protein
Phum-OR502AA_009_000089.1	blastp	Homology to Phytophthora pseudosyringae predicted protein KAG7389223.1
Phum-OR502AA_009_000263.1	blastp	Homology to Peronospora farinosa predicted protein CAH0488465.1
Phum-OR502AA_009_000262.1	eggnog	Alpha/beta hydrolase of unknown function (DUF915)
Phum-OR502AA_009_000090.1	eggnog	domain-containing protein
Phum-OR502AA_009_000261.1	eggnog	Ribosomal protein L11/L12
Phum-OR502AA_009_000091.1	blastp	Homology to Peronospora belbahrii predicted protein CAH0478858.1
Phum-OR502AA_009_000260.1	eggnog	Aldose 1-epimerase
Phum-OR502AA_009_000092.1	eggnog	Aldose 1-epimerase
Phum-OR502AA_009_000093.1	blastp	Homology to predicted protein KAH7509665.1
Phum-OR502AA_009_000094.1	eggnog	Aldose 1-epimerase
Phum-OR502AA_009_000095.1	eggnog	SWIRM-associated region 1
Phum-OR502AA_009_000096.1	eggnog	Leucine Rich repeat
Phum-OR502AA_009_000097.1	eggnog	Aromatic amino acid lyase
Phum-OR502AA_009_000259.1	blastp	Homology to Phytophthora palmivora predicted protein POM66053.1
Phum-OR502AA_009_000098.1	eggnog	Aromatic amino acid lyase
Phum-OR502AA_009_000258.1	blastp	Homology to Phytophthora palmivora predicted protein POM66053.1
Phum-OR502AA_009_000099.1	eggnog	Aromatic amino acid lyase
Phum-OR502AA_009_000257.1	blastp	Homology to Phytophthora palmivora predicted protein POM66053.1
Phum-OR502AA_009_000100.1	eggnog	Aromatic amino acid lyase
Phum-OR502AA_009_000256.1	blastp	Homology to Phytophthora palmivora predicted protein POM66053.1
Phum-OR502AA_009_000101.1	eggnog	Aromatic amino acid lyase
Phum-OR502AA_009_000255.1	eggnog	secreted RxLR effector peptide protein
Phum-OR502AA_009_000102.1	eggnog	Aromatic amino acid lyase
Phum-OR502AA_009_000254.1	blastp	Homology to Phytophthora palmivora predicted protein POM66053.1
Phum-OR502AA_009_000103.1	eggnog	Aromatic amino acid lyase
Phum-OR502AA_009_000253.1	blastp	Homology to Phytophthora palmivora predicted protein POM66053.1
Phum-OR502AA_009_000104.1	eggnog	Aromatic amino acid lyase
Phum-OR502AA_009_000252.1	eggnog	secreted RxLR effector peptide protein
Phum-OR502AA_009_000105.1	eggnog	Aromatic amino acid lyase
Phum-OR502AA_009_000251.1	blastp	Homology to Phytophthora palmivora predicted protein POM66053.1
Phum-OR502AA_009_000106.1	eggnog	Aromatic amino acid lyase
Phum-OR502AA_009_000250.1	eggnog	secreted RxLR effector peptide protein
Phum-OR502AA_009_000107.1	eggnog	Aromatic amino acid lyase
Phum-OR502AA_009_000249.1	eggnog	secreted RxLR effector peptide protein
Phum-OR502AA_009_000108.1	eggnog	glycoprotein-N-acetylgalactosamine 3-beta-galactosyltransferase activity
Phum-OR502AA_009_000248.1	eggnog	secreted RxLR effector peptide protein
Phum-OR502AA_009_000109.1	eggnog	secreted RxLR effector peptide protein
Phum-OR502AA_009_000110.1	eggnog	MatE
Phum-OR502AA_009_000111.1	eggnog	Belongs to the actin family
Phum-OR502AA_009_000112.1	eggnog	negative regulation of DNA replication
Phum-OR502AA_009_000113.1	blastp	Homology to Phytophthora citrophthora predicted protein KAK1941079.1
Phum-OR502AA_009_000114.1	eggnog	May be involved in fusion of retrograde transport vesicles derived from an endocytic compartment with the Golgi complex
Phum-OR502AA_009_000247.1	eggnog	Belongs to the cation transport ATPase (P-type) (TC 3.A.3) family
Phum-OR502AA_009_000115.1	eggnog	ATPase family associated with various cellular activities (AAA)
Phum-OR502AA_009_000246.1	eggnog	Las17-binding protein actin regulator
Phum-OR502AA_009_000245.1	blastp	Homology to predicted protein 7XVK_B
Phum-OR502AA_009_000116.1	interproscan	PTHR34117 domain-containing protein
Phum-OR502AA_009_000117.1	blastp	Homology to Phytophthora nicotianae predicted protein ETI38142.1
Phum-OR502AA_009_000244.1	eggnog	1,3-beta-glucan synthase subunit FKS1
Phum-OR502AA_009_000243.1	unannotated	Hypothetical protein of unknown function
Phum-OR502AA_009_000118.1	eggnog	Sugar (and other) transporter
Phum-OR502AA_009_000119.1	eggnog	Phospholipid-translocating P-type ATPase C-terminal
Phum-OR502AA_009_000242.1	unannotated	Hypothetical protein of unknown function
Phum-OR502AA_009_000241.1	blastp	Homology to Phytophthora aleatoria predicted protein KAG6952669.1
Phum-OR502AA_009_000240.1	eggnog	domain-containing protein
Phum-OR502AA_009_000120.1	eggnog	heat shock factor
Phum-OR502AA_009_000121.1	eggnog	heat shock factor
Phum-OR502AA_009_000239.1	eggnog	ribosomal small subunit export from nucleus
Phum-OR502AA_009_000238.1	eggnog	DNA binding
Phum-OR502AA_009_000237.1	interproscan	PTHR13510 domain-containing protein
Phum-OR502AA_009_000236.1	eggnog	regulation of parkin-mediated stimulation of mitophagy in response to mitochondrial depolarization
Phum-OR502AA_009_000122.1	interproscan	PTHR13510 domain-containing protein
Phum-OR502AA_009_000123.1	eggnog	Integral membrane protein DUF92
Phum-OR502AA_009_000124.1	interproscan	PTHR13510 domain-containing protein
Phum-OR502AA_009_000235.1	blastp	Homology to Phytophthora cactorum predicted protein KAG6952894.1
Phum-OR502AA_009_000125.1	blastp	Homology to Phytophthora palmivora predicted protein POM71455.1
Phum-OR502AA_009_000234.1	blastp	Homology to Phytophthora cinnamomi predicted protein KAG6616392.1
Phum-OR502AA_009_000126.1	eggnog	function. Source PGD
Phum-OR502AA_009_000127.1	blastp	Homology to Phytophthora palmivora predicted protein POM71455.1
Phum-OR502AA_009_000233.1	eggnog	Major Facilitator Superfamily
Phum-OR502AA_009_000128.1	interproscan	PTHR31134 domain-containing protein
Phum-OR502AA_009_000232.1	blastp	Homology to Phytophthora palmivora predicted protein POM76402.1
Phum-OR502AA_009_000231.1	interproscan	G3DSA:2.60.40.200 domain-containing protein
Phum-OR502AA_009_000129.1	interproscan	G3DSA:2.60.40.200 domain-containing protein
Phum-OR502AA_009_000130.1	eggnog	RecQ zinc-binding
Phum-OR502AA_009_000230.1	interproscan	G3DSA:2.60.40.200 domain-containing protein
Phum-OR502AA_009_000229.1	eggnog	RecQ zinc-binding
Phum-OR502AA_009_000131.1	interproscan	G3DSA:2.60.40.200 domain-containing protein
Phum-OR502AA_009_000132.1	blastp	Homology to Phytophthora pseudosyringae predicted protein KAG7385021.1
Phum-OR502AA_009_000228.1	blastp	Homology to Peronospora belbahrii predicted protein CAH0479293.1
Phum-OR502AA_009_000133.1	interproscan	PTHR31134 domain-containing protein
Phum-OR502AA_009_000227.1	unannotated	Hypothetical protein of unknown function
Phum-OR502AA_009_000226.1	interproscan	PTHR13510 domain-containing protein
Phum-OR502AA_009_000225.1	interproscan	PTHR13510 domain-containing protein
Phum-OR502AA_009_000134.1	eggnog	Secreted RxLR effector peptide protein
Phum-OR502AA_009_000224.1	interproscan	PTHR22538 domain-containing protein
Phum-OR502AA_009_000223.1	blastp	Homology to Phytophthora pseudosyringae predicted protein KAG7375214.1
Phum-OR502AA_009_000135.1	eggnog	domain-containing protein
Phum-OR502AA_009_000222.1	eggnog	Protein phosphatase 2A regulatory B subunit (B56 family)
Phum-OR502AA_009_000221.1	interproscan	PTHR13510 domain-containing protein
Phum-OR502AA_009_000136.1	eggnog	function. Source PGD
Phum-OR502AA_009_000220.1	eggnog	Apoptosis-inducing factor, mitochondrion-associated, C-term
Phum-OR502AA_009_000219.1	eggnog	Protein tyrosine kinase
Phum-OR502AA_009_000218.1	unannotated	Hypothetical protein of unknown function
Phum-OR502AA_009_000137.1	eggnog	Organic solute transporter Ostalpha
Phum-OR502AA_009_000217.1	eggnog	TCP-1/cpn60 chaperonin family
Phum-OR502AA_009_000138.1	eggnog	TCP-1/cpn60 chaperonin family
Phum-OR502AA_009_000139.1	eggnog	occurring C-terminal to leucine-rich repeats
Phum-OR502AA_009_000140.1	eggnog	Possible plasma membrane-binding motif in junctophilins, PIP-5-kinases and protein kinases
Phum-OR502AA_009_000216.1	eggnog	occurring C-terminal to leucine-rich repeats
Phum-OR502AA_009_000141.1	eggnog	domain-containing protein
Phum-OR502AA_009_000215.1	eggnog	Protein kinase C conserved region 2 (CalB)
Phum-OR502AA_009_000214.1	eggnog	Protein kinase C conserved region 2 (CalB)
Phum-OR502AA_009_000142.1	blastp	Homology to Phytophthora pseudosyringae predicted protein KAG7378049.1
Phum-OR502AA_009_000143.1	eggnog	domain-containing protein
Phum-OR502AA_009_000213.1	eggnog	palmitoyl-(protein) hydrolase activity
Phum-OR502AA_009_000144.1	eggnog	palmitoyl-(protein) hydrolase activity
Phum-OR502AA_009_000145.1	unannotated	Hypothetical protein of unknown function
Phum-OR502AA_009_000146.1	eggnog	Isocitrate/isopropylmalate dehydrogenase
Phum-OR502AA_009_000147.1	eggnog	HECT-domain (ubiquitin-transferase)
Phum-OR502AA_009_000212.1	eggnog	domain-containing protein
Phum-OR502AA_009_000211.1	interproscan	PTHR34035 domain-containing protein
Phum-OR502AA_009_000148.1	eggnog	ABC transporter transmembrane region 2
Phum-OR502AA_009_000149.1	eggnog	Kazal type serine protease inhibitors
Phum-OR502AA_009_000210.1	eggnog	5'-flap endonuclease activity
Phum-OR502AA_009_000150.1	eggnog	26S Proteasome non-ATPase regulatory subunit
Phum-OR502AA_009_000209.1	eggnog	Ribosomal protein S11
Phum-OR502AA_009_000208.1	unannotated	Hypothetical protein of unknown function
Phum-OR502AA_009_000151.1	eggnog	riboflavin transmembrane transporter activity
Phum-OR502AA_009_000152.1	eggnog	Prp19/Pso4-like
Phum-OR502AA_009_000207.1	eggnog	domain-containing protein
Phum-OR502AA_009_000206.1	blastp	Homology to Phytophthora aleatoria predicted protein KAG6949654.1
Phum-OR502AA_009_000205.1	eggnog	domain-containing protein
Phum-OR502AA_009_000204.1	blastp	Homology to Phytophthora pseudosyringae predicted protein KAG7377400.1
Phum-OR502AA_009_000153.1	eggnog	domain-containing protein
Phum-OR502AA_009_000203.1	eggnog	Endonuclease/Exonuclease/phosphatase family
Phum-OR502AA_009_000202.1	eggnog	Zinc-binding domain, present in Dystrophin, CREB-binding protein
Phum-OR502AA_009_000154.1	blastp	Homology to Phytophthora lilii predicted protein GMF65776.1
Phum-OR502AA_009_000155.1	eggnog	Carboxylesterase family
Phum-OR502AA_009_000201.1	eggnog	protein dimerization activity
Phum-OR502AA_009_000200.1	eggnog	domain-containing protein
Phum-OR502AA_009_000199.1	unannotated	Hypothetical protein of unknown function
Phum-OR502AA_009_000156.1	unannotated	Hypothetical protein of unknown function
Phum-OR502AA_009_000157.1	eggnog	domain-containing protein
Phum-OR502AA_009_000158.1	eggnog	protein dimerization activity
Phum-OR502AA_009_000198.1	eggnog	Belongs to the MCM family
Phum-OR502AA_009_000159.1	eggnog	Phosphoglycerate mutase family
Phum-OR502AA_009_000160.1	eggnog	secreted RxLR effector peptide protein
Phum-OR502AA_009_000161.1	eggnog	domain-containing protein
Phum-OR502AA_009_000162.1	unannotated	Hypothetical protein of unknown function
Phum-OR502AA_009_000163.1	eggnog	domain-containing protein
Phum-OR502AA_009_000164.1	eggnog	RIC1
Phum-OR502AA_009_000165.1	eggnog	domain-containing protein
Phum-OR502AA_009_000197.1	eggnog	60S ribosome biogenesis protein Rrp14
Phum-OR502AA_009_000166.1	eggnog	Cleft lip and palate transmembrane protein 1 (CLPTM1)
Phum-OR502AA_009_000167.1	eggnog	Protein tyrosine kinase
Phum-OR502AA_009_000168.1	blastp	Homology to Plasmopara halstedii predicted protein XP_024576345.1
Phum-OR502AA_009_000196.1	blastp	Homology to Plasmopara halstedii predicted protein XP_024576345.1
Phum-OR502AA_009_000169.1	eggnog	ABC-2 type transporter
Phum-OR502AA_009_000170.1	eggnog	ABC transporter
Phum-OR502AA_009_000195.1	eggnog	ABC transporter
Phum-OR502AA_009_000171.1	eggnog	ABC transporter
Phum-OR502AA_009_000172.1	eggnog	This protein promotes the GTP-dependent binding of aminoacyl-tRNA to the A-site of ribosomes during protein biosynthesis
Phum-OR502AA_009_000194.1	eggnog	Protein tyrosine kinase
Phum-OR502AA_009_000173.1	interproscan	PTHR13510 domain-containing protein
Phum-OR502AA_009_000193.1	blastp	Homology to Peronospora farinosa predicted protein CAH0493339.1
Phum-OR502AA_009_000174.1	eggnog	Crinkler (CRN) family protein
Phum-OR502AA_009_000175.1	eggnog	A20-like zinc finger
Phum-OR502AA_009_000192.1	eggnog	3-oxo-5-alpha-steroid 4-dehydrogenase
Phum-OR502AA_009_000176.1	eggnog	domain-containing protein
Phum-OR502AA_009_000177.1	eggnog	Etoposide-induced protein 2.4 (EI24)
Phum-OR502AA_009_000191.1	eggnog	Etoposide-induced protein 2.4 (EI24)
Phum-OR502AA_009_000190.1	eggnog	Etoposide-induced protein 2.4 (EI24)
Phum-OR502AA_009_000178.1	blastp	Homology to predicted protein KAH7500034.1
Phum-OR502AA_009_000179.1	unannotated	Hypothetical protein of unknown function
Phum-OR502AA_009_000189.1	eggnog	Carboxylesterase family
Phum-OR502AA_009_000188.1	eggnog	Putative RNA methylase family UPF0020
Phum-OR502AA_009_000187.1	eggnog	Putative RNA methylase family UPF0020
Phum-OR502AA_009_000186.1	eggnog	domain-containing protein
Phum-OR502AA_009_000180.1	unannotated	Hypothetical protein of unknown function
Phum-OR502AA_009_000185.1	eggnog	Carboxylesterase family
Phum-OR502AA_009_000184.1	eggnog	Putative RNA methylase family UPF0020
Phum-OR502AA_009_000183.1	eggnog	Putative RNA methylase family UPF0020
Phum-OR502AA_009_000182.1	eggnog	domain-containing protein
Phum-OR502AA_009_000181.1	blastp	Homology to Phytophthora nicotianae predicted protein ETP44210.1
Phum-OR502AA_010_000001.1	eggnog	domain-containing protein
Phum-OR502AA_010_000002.1	eggnog	Possible Fer4-like domain in RNase L inhibitor, RLI
Phum-OR502AA_010_000438.1	eggnog	domain-containing protein
Phum-OR502AA_010_000003.1	unannotated	Hypothetical protein of unknown function
Phum-OR502AA_010_000004.1	blastp	Homology to Peronospora belbahrii predicted protein CAH0475974.1
Phum-OR502AA_010_000005.1	eggnog	domain-containing protein
Phum-OR502AA_010_000437.1	eggnog	domain-containing protein
Phum-OR502AA_010_000006.1	eggnog	cilium movement
Phum-OR502AA_010_000007.1	eggnog	Pyruvate flavodoxin/ferredoxin oxidoreductase, thiamine diP-bdg
Phum-OR502AA_010_000008.1	eggnog	Pyruvate flavodoxin/ferredoxin oxidoreductase, thiamine diP-bdg
Phum-OR502AA_010_000436.1	eggnog	cilium movement
Phum-OR502AA_010_000435.1	eggnog	Dynamitin
Phum-OR502AA_010_000009.1	eggnog	domain-containing protein
Phum-OR502AA_010_000010.1	blastp	Homology to Phytophthora infestans predicted protein KAF4038492.1
Phum-OR502AA_010_000011.1	eggnog	vWA found in TerF C terminus
Phum-OR502AA_010_000012.1	unannotated	Hypothetical protein of unknown function
Phum-OR502AA_010_000013.1	unannotated	Hypothetical protein of unknown function
Phum-OR502AA_010_000434.1	eggnog	Domain in DAP-5, eIF4G, MA-3 and other proteins
Phum-OR502AA_010_000433.1	eggnog	vWA found in TerF C terminus
Phum-OR502AA_010_000432.1	eggnog	Domain in DAP-5, eIF4G, MA-3 and other proteins
Phum-OR502AA_010_000431.1	eggnog	Domain in DAP-5, eIF4G, MA-3 and other proteins
Phum-OR502AA_010_000014.1	eggnog	domain-containing protein
Phum-OR502AA_010_000430.1	eggnog	Multicopper oxidase
Phum-OR502AA_010_000429.1	eggnog	Pyruvate:ferredoxin oxidoreductase core domain II
Phum-OR502AA_010_000015.1	eggnog	Maltose acetyltransferase
Phum-OR502AA_010_000016.1	unannotated	Hypothetical protein of unknown function
Phum-OR502AA_010_000017.1	eggnog	Pyruvate:ferredoxin oxidoreductase core domain II
Phum-OR502AA_010_000018.1	eggnog	Multicopper oxidase
Phum-OR502AA_010_000428.1	eggnog	domain-containing protein
Phum-OR502AA_010_000019.1	eggnog	Domain in DAP-5, eIF4G, MA-3 and other proteins
Phum-OR502AA_010_000020.1	eggnog	Domain in DAP-5, eIF4G, MA-3 and other proteins
Phum-OR502AA_010_000427.1	unannotated	Hypothetical protein of unknown function
Phum-OR502AA_010_000021.1	eggnog	Belongs to the TRAFAC class myosin-kinesin ATPase superfamily
Phum-OR502AA_010_000426.1	eggnog	UAA transporter family
Phum-OR502AA_010_000425.1	eggnog	Calcineurin-like phosphoesterase
Phum-OR502AA_010_000424.1	eggnog	Source PGD
Phum-OR502AA_010_000423.1	blastp	Homology to Phytophthora fragariaefolia predicted protein GMF89026.1
Phum-OR502AA_010_000422.1	eggnog	Zinc finger C-x8-C-x5-C-x3-H type (and similar)
Phum-OR502AA_010_000421.1	blastp	Homology to Peronospora farinosa predicted protein CAH0493561.1
Phum-OR502AA_010_000420.1	eggnog	Cyclin
Phum-OR502AA_010_000419.1	eggnog	FAD dependent oxidoreductase
Phum-OR502AA_010_000418.1	eggnog	Plasma-membrane choline transporter
Phum-OR502AA_010_000022.1	eggnog	MatE
Phum-OR502AA_010_000023.1	eggnog	WD domain, G-beta repeat
Phum-OR502AA_010_000417.1	eggnog	MatE
Phum-OR502AA_010_000024.1	eggnog	MatE
Phum-OR502AA_010_000416.1	eggnog	WD domain, G-beta repeat
Phum-OR502AA_010_000025.1	eggnog	Armadillo/beta-catenin-like repeats
Phum-OR502AA_010_000415.1	eggnog	Domain of unknown function (DUF4591)
Phum-OR502AA_010_000414.1	eggnog	Armadillo/beta-catenin-like repeats
Phum-OR502AA_010_000026.1	eggnog	Plasma-membrane choline transporter
Phum-OR502AA_010_000413.1	eggnog	Mannosyltransferase putative
Phum-OR502AA_010_000412.1	eggnog	Protein tyrosine kinase
Phum-OR502AA_010_000411.1	eggnog	BT1 family
Phum-OR502AA_010_000410.1	unannotated	Hypothetical protein of unknown function
Phum-OR502AA_010_000409.1	blastp	Homology to Peronospora belbahrii predicted protein CAH0475996.1
Phum-OR502AA_010_000408.1	blastp	Homology to Phytophthora lilii predicted protein GMF34697.1
Phum-OR502AA_010_000027.1	blastp	Homology to Peronospora belbahrii predicted protein CAH0475996.1
Phum-OR502AA_010_000028.1	blastp	Homology to Phytophthora lilii predicted protein GMF18876.1
Phum-OR502AA_010_000407.1	blastp	Homology to Phytophthora sojae predicted protein XP_009516392.1
Phum-OR502AA_010_000406.1	blastp	Homology to Phytophthora cactorum predicted protein KAG2772294.1
Phum-OR502AA_010_000029.1	eggnog	Lytic transglycolase
Phum-OR502AA_010_000405.1	eggnog	Lytic transglycolase
Phum-OR502AA_010_000404.1	eggnog	Putative DNA-binding domain in centromere protein B, mouse jerky and transposases
Phum-OR502AA_010_000030.1	eggnog	domain-containing protein
Phum-OR502AA_010_000031.1	interproscan	PTHR31585 domain-containing protein
Phum-OR502AA_010_000403.1	eggnog	BT1 family
Phum-OR502AA_010_000402.1	interproscan	PTHR34737 domain-containing protein
Phum-OR502AA_010_000032.1	unannotated	Hypothetical protein of unknown function
Phum-OR502AA_010_000401.1	eggnog	domain-containing protein
Phum-OR502AA_010_000400.1	eggnog	Nucleolar protein,Nop52
Phum-OR502AA_010_000033.1	eggnog	domain-containing protein
Phum-OR502AA_010_000399.1	eggnog	Peroxide stress protein YaaA
Phum-OR502AA_010_000034.1	eggnog	Beta-glucan synthesis-associated protein (SKN1)
Phum-OR502AA_010_000035.1	eggnog	Beta-glucan synthesis-associated protein (SKN1)
Phum-OR502AA_010_000398.1	eggnog	ELMO/CED-12 family
Phum-OR502AA_010_000036.1	eggnog	Beta-glucan synthesis-associated protein (SKN1)
Phum-OR502AA_010_000037.1	eggnog	Beta-glucan synthesis-associated protein (SKN1)
Phum-OR502AA_010_000397.1	eggnog	ELMO domain-containing protein
Phum-OR502AA_010_000396.1	eggnog	Beta-glucan synthesis-associated protein (SKN1)
Phum-OR502AA_010_000038.1	eggnog	ELMO/CED-12 family
Phum-OR502AA_010_000395.1	eggnog	Beta-glucan synthesis-associated protein (SKN1)
Phum-OR502AA_010_000394.1	eggnog	Beta-glucan synthesis-associated protein (SKN1)
Phum-OR502AA_010_000039.1	unannotated	Hypothetical protein of unknown function
Phum-OR502AA_010_000040.1	eggnog	Beta-glucan synthesis-associated protein (SKN1)
Phum-OR502AA_010_000393.1	eggnog	Beta-glucan synthesis-associated protein (SKN1)
Phum-OR502AA_010_000041.1	interproscan	PTHR31585 domain-containing protein
Phum-OR502AA_010_000042.1	eggnog	Acyltransferase C-terminus
Phum-OR502AA_010_000043.1	blastp	Homology to Phytophthora nicotianae predicted protein XP_008906743.1
Phum-OR502AA_010_000392.1	interproscan	PTHR31585 domain-containing protein
Phum-OR502AA_010_000391.1	eggnog	Acyltransferase C-terminus
Phum-OR502AA_010_000390.1	eggnog	Inward rectifier potassium channel
Phum-OR502AA_010_000044.1	eggnog	Zinc finger, C2H2 type
Phum-OR502AA_010_000045.1	eggnog	Zinc finger, C2H2 type
Phum-OR502AA_010_000389.1	eggnog	Elicitin
Phum-OR502AA_010_000046.1	eggnog	Elicitin
Phum-OR502AA_010_000388.1	eggnog	Belongs to the imidazoleglycerol-phosphate dehydratase family
Phum-OR502AA_010_000047.1	eggnog	CorA-like Mg2+ transporter protein
Phum-OR502AA_010_000387.1	blastp	Homology to Peronosclerospora sorghi predicted protein KAI9912136.1
Phum-OR502AA_010_000386.1	blastp	Homology to Phytophthora lilii predicted protein GMF31682.1
Phum-OR502AA_010_000048.1	blastp	Homology to Phytophthora lilii predicted protein GMF31680.1
Phum-OR502AA_010_000049.1	eggnog	Tetratricopeptide repeat
Phum-OR502AA_010_000385.1	blastp	Homology to Phytophthora cactorum predicted protein KAG2770940.1
Phum-OR502AA_010_000050.1	blastp	Homology to Phytophthora ramorum predicted protein KAH7465987.1
Phum-OR502AA_010_000051.1	eggnog	dynein heavy chain binding
Phum-OR502AA_010_000052.1	eggnog	Sperm tail
Phum-OR502AA_010_000384.1	eggnog	Conserved oligomeric complex COG6
Phum-OR502AA_010_000053.1	unannotated	Hypothetical protein of unknown function
Phum-OR502AA_010_000383.1	unannotated	Hypothetical protein of unknown function
Phum-OR502AA_010_000054.1	unannotated	Hypothetical protein of unknown function
Phum-OR502AA_010_000055.1	blastp	Homology to Peronospora destructor predicted protein CAI5746571.1
Phum-OR502AA_010_000382.1	eggnog	vesicle docking
Phum-OR502AA_010_000056.1	eggnog	vesicle docking
Phum-OR502AA_010_000381.1	blastp	Homology to Peronospora destructor predicted protein CAI5746571.1
Phum-OR502AA_010_000380.1	unannotated	Hypothetical protein of unknown function
Phum-OR502AA_010_000057.1	unannotated	Hypothetical protein of unknown function
Phum-OR502AA_010_000058.1	unannotated	Hypothetical protein of unknown function
Phum-OR502AA_010_000379.1	blastp	Homology to Peronospora destructor predicted protein CAI5746571.1
Phum-OR502AA_010_000059.1	blastp	Homology to Phytophthora cactorum predicted protein KAG2770943.1
Phum-OR502AA_010_000378.1	eggnog	mitotic sister chromatid cohesion
Phum-OR502AA_010_000377.1	unannotated	Hypothetical protein of unknown function
Phum-OR502AA_010_000376.1	eggnog	ABC transporter transmembrane region
Phum-OR502AA_010_000060.1	blastp	Homology to Phytophthora pseudosyringae predicted protein KAG7383943.1
Phum-OR502AA_010_000061.1	eggnog	TruB family pseudouridylate synthase (N terminal domain)
Phum-OR502AA_010_000375.1	eggnog	ATPase family associated with various cellular activities (AAA)
Phum-OR502AA_010_000062.1	eggnog	Histone-like transcription factor (CBF/NF-Y) and archaeal histone
Phum-OR502AA_010_000374.1	eggnog	Ribosomal L25p family
Phum-OR502AA_010_000373.1	eggnog	domain-containing protein
Phum-OR502AA_010_000372.1	eggnog	female pronucleus assembly
Phum-OR502AA_010_000371.1	eggnog	RNA helicase (UPF2 interacting domain)
Phum-OR502AA_010_000063.1	blastp	Homology to Phytophthora nicotianae predicted protein XP_008906669.1
Phum-OR502AA_010_000370.1	eggnog	Zinc finger, C2H2 type
Phum-OR502AA_010_000064.1	blastp	Homology to Phytophthora sojae predicted protein XP_009516565.1
Phum-OR502AA_010_000369.1	eggnog	Peptidase family M28
Phum-OR502AA_010_000065.1	eggnog	Nuclear chaperone required for maturation and nuclear export of pre-60S ribosome subunits
Phum-OR502AA_010_000368.1	eggnog	FKBP-type peptidyl-prolyl cis-trans isomerase
Phum-OR502AA_010_000367.1	blastp	Homology to Phytophthora idaei predicted protein KAG3138764.1
Phum-OR502AA_010_000366.1	blastp	Homology to Phytophthora idaei predicted protein KAG3138764.1
Phum-OR502AA_010_000365.1	eggnog	Staphylococcal nuclease homologues
Phum-OR502AA_010_000364.1	blastp	Homology to Phytophthora idaei predicted protein KAG3138764.1
Phum-OR502AA_010_000066.1	eggnog	Belongs to the cyclin family
Phum-OR502AA_010_000363.1	eggnog	recA bacterial DNA recombination protein
Phum-OR502AA_010_000067.1	blastp	Homology to Peronospora destructor predicted protein CAI5730858.1
Phum-OR502AA_010_000068.1	eggnog	Calcium-activated BK potassium channel alpha subunit
Phum-OR502AA_010_000362.1	unannotated	Hypothetical protein of unknown function
Phum-OR502AA_010_000361.1	unannotated	Hypothetical protein of unknown function
Phum-OR502AA_010_000360.1	unannotated	Hypothetical protein of unknown function
Phum-OR502AA_010_000359.1	eggnog	Steryl acetyl hydrolase
Phum-OR502AA_010_000069.1	blastp	Homology to Phytophthora pseudosyringae predicted protein KAG7383801.1
Phum-OR502AA_010_000358.1	eggnog	Sterile alpha motif
Phum-OR502AA_010_000357.1	eggnog	domain-containing protein
Phum-OR502AA_010_000070.1	eggnog	phosphatidylinositol 3-kinase regulator activity
Phum-OR502AA_010_000071.1	eggnog	Acyl-CoA oxidase
Phum-OR502AA_010_000356.1	eggnog	Alg9-like mannosyltransferase family
Phum-OR502AA_010_000355.1	eggnog	Belongs to the CTL (choline transporter-like) family
Phum-OR502AA_010_000354.1	eggnog	Domain Homologous to E6-AP Carboxyl Terminus with
Phum-OR502AA_010_000072.1	eggnog	Serine-threonine protein kinase 19
Phum-OR502AA_010_000353.1	eggnog	tRNA pseudouridine synthase
Phum-OR502AA_010_000352.1	eggnog	tRNA pseudouridine synthase
Phum-OR502AA_010_000073.1	eggnog	The H protein shuttles the methylamine group of glycine from the P protein to the T protein
Phum-OR502AA_010_000074.1	eggnog	Microtubule binding
Phum-OR502AA_010_000075.1	eggnog	proteasome regulatory particle assembly (ankrd53)
Phum-OR502AA_010_000351.1	eggnog	Histone-like transcription factor (CBF/NF-Y) and archaeal histone
Phum-OR502AA_010_000350.1	eggnog	Cytochrome c oxidase assembly protein CtaG/Cox11
Phum-OR502AA_010_000349.1	eggnog	Ribosomal_L32e
Phum-OR502AA_010_000076.1	eggnog	Endonuclease/Exonuclease/phosphatase family
Phum-OR502AA_010_000077.1	eggnog	Dyggve-Melchior-Clausen syndrome protein
Phum-OR502AA_010_000348.1	eggnog	domain-containing protein
Phum-OR502AA_010_000078.1	eggnog	Component of the spliceosomal U1 snRNP, which is essential for recognition of the pre-mRNA 5' splice-site and the subsequent assembly of the spliceosome
Phum-OR502AA_010_000347.1	eggnog	SNAP receptor activity
Phum-OR502AA_010_000079.1	eggnog	lipid catabolic process
Phum-OR502AA_010_000346.1	interproscan	PTHR23313 domain-containing protein
Phum-OR502AA_010_000080.1	unannotated	Hypothetical protein of unknown function
Phum-OR502AA_010_000081.1	eggnog	Protein of unknown function (DUF890)
Phum-OR502AA_010_000345.1	eggnog	Ribosomal_S17 N-terminal
Phum-OR502AA_010_000344.1	eggnog	NADH-ubiquinone oxidoreductase complex I, 21 kDa subunit
Phum-OR502AA_010_000082.1	eggnog	Lys48-specific deubiquitinase activity
Phum-OR502AA_010_000083.1	eggnog	Kinase-like
Phum-OR502AA_010_000343.1	eggnog	Lys48-specific deubiquitinase activity
Phum-OR502AA_010_000084.1	eggnog	NADH-ubiquinone oxidoreductase complex I, 21 kDa subunit
Phum-OR502AA_010_000342.1	eggnog	Kinase-like
Phum-OR502AA_010_000341.1	eggnog	Ssl1-like
Phum-OR502AA_010_000085.1	eggnog	Lysine methyltransferase
Phum-OR502AA_010_000086.1	eggnog	Microtubule binding
Phum-OR502AA_010_000087.1	eggnog	Microtubule binding
Phum-OR502AA_010_000340.1	eggnog	NADH-ubiquinone oxidoreductase complex I, 21 kDa subunit
Phum-OR502AA_010_000339.1	eggnog	PPIases accelerate the folding of proteins
Phum-OR502AA_010_000338.1	eggnog	Ribosomal_S17 N-terminal
Phum-OR502AA_010_000337.1	eggnog	NADH-ubiquinone oxidoreductase complex I, 21 kDa subunit
Phum-OR502AA_010_000088.1	eggnog	NADH-ubiquinone oxidoreductase complex I, 21 kDa subunit
Phum-OR502AA_010_000089.1	eggnog	Ribosomal_S17 N-terminal
Phum-OR502AA_010_000090.1	eggnog	PPIases accelerate the folding of proteins
Phum-OR502AA_010_000091.1	eggnog	Possible plasma membrane-binding motif in junctophilins, PIP-5-kinases and protein kinases
Phum-OR502AA_010_000336.1	eggnog	Patched family
Phum-OR502AA_010_000335.1	eggnog	Belongs to the major facilitator superfamily
Phum-OR502AA_010_000092.1	blastp	Homology to Phytophthora sojae predicted protein XP_009516745.1
Phum-OR502AA_010_000334.1	eggnog	Introduces a single-strand break via transesterification at a target site in duplex DNA
Phum-OR502AA_010_000093.1	blastp	Homology to Peronospora effusa predicted protein UIZ28422.1
Phum-OR502AA_010_000333.1	blastp	Homology to Phytophthora cactorum predicted protein KAG2770823.1
Phum-OR502AA_010_000094.1	eggnog	WD domain, G-beta repeat
Phum-OR502AA_010_000095.1	blastp	Homology to Phytophthora cactorum predicted protein KAG2770823.1
Phum-OR502AA_010_000332.1	blastp	Homology to Peronospora effusa predicted protein UIZ28422.1
Phum-OR502AA_010_000096.1	unannotated	Hypothetical protein of unknown function
Phum-OR502AA_010_000097.1	unannotated	Hypothetical protein of unknown function
Phum-OR502AA_010_000331.1	blastp	Homology to Phytophthora cactorum predicted protein KAG3033441.1
Phum-OR502AA_010_000098.1	unannotated	Hypothetical protein of unknown function
Phum-OR502AA_010_000330.1	blastp	Homology to Phytophthora cactorum predicted protein KAG3033441.1
Phum-OR502AA_010_000099.1	unannotated	Hypothetical protein of unknown function
Phum-OR502AA_010_000329.1	blastp	Homology to Phytophthora cactorum predicted protein KAG3033441.1
Phum-OR502AA_010_000100.1	unannotated	Hypothetical protein of unknown function
Phum-OR502AA_010_000328.1	blastp	Homology to Phytophthora lilii predicted protein GMF10698.1
Phum-OR502AA_010_000327.1	eggnog	component of the eukaryotic translation initiation factor 3 (eIF-3) complex, which is involved in protein synthesis of a specialized repertoire of mRNAs and, together with other initiation factors, stimulates binding of mRNA and methionyl-tRNAi to the 40S ribosome
Phum-OR502AA_010_000326.1	eggnog	SCP-2 sterol transfer family
Phum-OR502AA_010_000101.1	eggnog	domain-containing protein
Phum-OR502AA_010_000102.1	interproscan	PTHR35102 domain-containing protein
Phum-OR502AA_010_000325.1	eggnog	Dimerisation domain of Zinc Transporter
Phum-OR502AA_010_000103.1	blastp	Homology to Phytophthora palmivora predicted protein POM73648.1
Phum-OR502AA_010_000104.1	eggnog	SNARE associated Golgi protein
Phum-OR502AA_010_000105.1	eggnog	Crinkler (CRN) family protein
Phum-OR502AA_010_000324.1	blastp	Homology to Phytophthora cactorum predicted protein KAG2771010.1
Phum-OR502AA_010_000323.1	eggnog	Domain with 2 conserved Trp (W) residues
Phum-OR502AA_010_000322.1	eggnog	Ssu72-like protein
Phum-OR502AA_010_000321.1	eggnog	domain-containing protein
Phum-OR502AA_010_000106.1	eggnog	domain-containing protein
Phum-OR502AA_010_000107.1	eggnog	methyltransferase activity
Phum-OR502AA_010_000108.1	eggnog	Patched family
Phum-OR502AA_010_000109.1	eggnog	WD40 repeats
Phum-OR502AA_010_000110.1	eggnog	biological adhesion
Phum-OR502AA_010_000111.1	eggnog	biological adhesion
Phum-OR502AA_010_000112.1	eggnog	Smg-4/UPF3 family
Phum-OR502AA_010_000113.1	eggnog	ADP-ribosylation factor family
Phum-OR502AA_010_000320.1	blastp	Homology to Peronospora effusa predicted protein RMX69292.1
Phum-OR502AA_010_000114.1	eggnog	ABC transporter
Phum-OR502AA_010_000115.1	eggnog	ABC transporter
Phum-OR502AA_010_000116.1	interproscan	Family of unknown function (DUF5906) (PF19263)
Phum-OR502AA_010_000319.1	blastp	Homology to Phytophthora lilii predicted protein GMF31698.1
Phum-OR502AA_010_000318.1	blastp	Homology to Phytophthora palmivora predicted protein POM65462.1
Phum-OR502AA_010_000317.1	eggnog	ABC transporter
Phum-OR502AA_010_000316.1	eggnog	ABC transporter
Phum-OR502AA_010_000117.1	blastp	Homology to Phytophthora lilii predicted protein GMF19841.1
Phum-OR502AA_010_000315.1	eggnog	intracellular chloride channel activity
Phum-OR502AA_010_000314.1	eggnog	mitochondrial respiratory chain complex IV assembly
Phum-OR502AA_010_000118.1	eggnog	domain-containing protein
Phum-OR502AA_010_000313.1	eggnog	PAP2 superfamily C-terminal
Phum-OR502AA_010_000119.1	eggnog	WD domain, G-beta repeat
Phum-OR502AA_010_000312.1	blastp	Homology to Phytophthora pseudosyringae predicted protein KAG7382773.1
Phum-OR502AA_010_000120.1	eggnog	emp24/gp25L/p24 family/GOLD
Phum-OR502AA_010_000121.1	eggnog	tRNA synthetases class I (W and Y)
Phum-OR502AA_010_000311.1	blastp	Homology to Phytophthora pseudosyringae predicted protein KAG7382770.1
Phum-OR502AA_010_000122.1	eggnog	MatE
Phum-OR502AA_010_000123.1	eggnog	MatE
Phum-OR502AA_010_000124.1	eggnog	MatE
Phum-OR502AA_010_000310.1	eggnog	The proteasome is a multicatalytic proteinase complex which is characterized by its ability to cleave peptides with Arg, Phe, Tyr, Leu, and Glu adjacent to the leaving group at neutral or slightly basic pH
Phum-OR502AA_010_000125.1	eggnog	Calreticulin family
Phum-OR502AA_010_000309.1	blastp	Homology to Phytophthora nicotianae predicted protein KUF95317.1
Phum-OR502AA_010_000308.1	eggnog	Amino acid kinase family
Phum-OR502AA_010_000307.1	blastp	Homology to predicted protein KAH7500667.1
Phum-OR502AA_010_000306.1	eggnog	Complex1_LYR-like
Phum-OR502AA_010_000126.1	eggnog	domain-containing protein
Phum-OR502AA_010_000305.1	eggnog	Timeless protein
Phum-OR502AA_010_000127.1	eggnog	Domain present in PSD-95, Dlg, and ZO-1/2
Phum-OR502AA_010_000304.1	eggnog	Voltage gated chloride channel
Phum-OR502AA_010_000128.1	eggnog	Lycopene cyclase protein
Phum-OR502AA_010_000129.1	eggnog	Belongs to the GMC oxidoreductase family
Phum-OR502AA_010_000303.1	blastp	Homology to Phytophthora idaei predicted protein KAG3070789.1
Phum-OR502AA_010_000130.1	eggnog	Protein-only RNase P
Phum-OR502AA_010_000131.1	blastp	Homology to Peronospora belbahrii predicted protein CAH0475508.1
Phum-OR502AA_010_000132.1	eggnog	Polycystin cation channel
Phum-OR502AA_010_000133.1	eggnog	Polycystin cation channel
Phum-OR502AA_010_000302.1	eggnog	Valyl tRNA synthetase tRNA binding arm
Phum-OR502AA_010_000301.1	eggnog	domain-containing protein
Phum-OR502AA_010_000134.1	eggnog	Belongs to the oxygen-dependent FAD-linked oxidoreductase family
Phum-OR502AA_010_000300.1	eggnog	3'-5' exonuclease
Phum-OR502AA_010_000135.1	eggnog	transposition, RNA-mediated
Phum-OR502AA_010_000136.1	eggnog	Belongs to the oxygen-dependent FAD-linked oxidoreductase family
Phum-OR502AA_010_000137.1	eggnog	Belongs to the oxygen-dependent FAD-linked oxidoreductase family
Phum-OR502AA_010_000138.1	eggnog	Belongs to the oxygen-dependent FAD-linked oxidoreductase family
Phum-OR502AA_010_000139.1	eggnog	Belongs to the oxygen-dependent FAD-linked oxidoreductase family
Phum-OR502AA_010_000140.1	eggnog	Belongs to the oxygen-dependent FAD-linked oxidoreductase family
Phum-OR502AA_010_000141.1	eggnog	Belongs to the oxygen-dependent FAD-linked oxidoreductase family
Phum-OR502AA_010_000142.1	eggnog	Domain of Kin17 curved DNA-binding protein
Phum-OR502AA_010_000299.1	eggnog	Tho complex subunit 7
Phum-OR502AA_010_000298.1	eggnog	domain-containing protein
Phum-OR502AA_010_000143.1	eggnog	Belongs to the oxygen-dependent FAD-linked oxidoreductase family
Phum-OR502AA_010_000297.1	eggnog	Belongs to the oxygen-dependent FAD-linked oxidoreductase family
Phum-OR502AA_010_000296.1	blastp	Homology to Phytophthora cactorum predicted protein KAG4041146.1
Phum-OR502AA_010_000295.1	interproscan	DG1062 N-terminal domain (PF28397)
Phum-OR502AA_010_000294.1	blastp	Homology to Phytophthora cactorum predicted protein KAG2809883.1
Phum-OR502AA_010_000144.1	eggnog	Histidine phosphatase superfamily (branch 1)
Phum-OR502AA_010_000145.1	blastp	Homology to Peronospora effusa predicted protein RMX63466.1
Phum-OR502AA_010_000293.1	eggnog	Endonuclease V
Phum-OR502AA_010_000292.1	eggnog	domain-containing protein
Phum-OR502AA_010_000291.1	blastp	Homology to Peronospora effusa predicted protein CAI5722046.1
Phum-OR502AA_010_000290.1	eggnog	Tetratricopeptide repeat
Phum-OR502AA_010_000146.1	blastp	Homology to Peronospora farinosa predicted protein CAH0494126.1
Phum-OR502AA_010_000147.1	interproscan	G3DSA:2.160.20.10 domain-containing protein
Phum-OR502AA_010_000148.1	interproscan	G3DSA:2.160.20.10 domain-containing protein
Phum-OR502AA_010_000149.1	interproscan	G3DSA:2.160.20.10 domain-containing protein
Phum-OR502AA_010_000150.1	interproscan	G3DSA:2.160.20.10 domain-containing protein
Phum-OR502AA_010_000151.1	interproscan	G3DSA:2.160.20.10 domain-containing protein
Phum-OR502AA_010_000152.1	interproscan	G3DSA:2.160.20.10 domain-containing protein
Phum-OR502AA_010_000153.1	interproscan	G3DSA:2.160.20.10 domain-containing protein
Phum-OR502AA_010_000154.1	interproscan	G3DSA:2.160.20.10 domain-containing protein
Phum-OR502AA_010_000155.1	interproscan	G3DSA:2.160.20.10 domain-containing protein
Phum-OR502AA_010_000156.1	interproscan	G3DSA:2.160.20.10 domain-containing protein
Phum-OR502AA_010_000157.1	interproscan	G3DSA:2.160.20.10 domain-containing protein
Phum-OR502AA_010_000158.1	interproscan	G3DSA:2.160.20.10 domain-containing protein
Phum-OR502AA_010_000159.1	interproscan	G3DSA:2.160.20.10 domain-containing protein
Phum-OR502AA_010_000160.1	interproscan	G3DSA:2.160.20.10 domain-containing protein
Phum-OR502AA_010_000161.1	interproscan	G3DSA:2.160.20.10 domain-containing protein
Phum-OR502AA_010_000162.1	interproscan	G3DSA:2.160.20.10 domain-containing protein
Phum-OR502AA_010_000163.1	interproscan	G3DSA:2.160.20.10 domain-containing protein
Phum-OR502AA_010_000164.1	interproscan	G3DSA:2.160.20.10 domain-containing protein
Phum-OR502AA_010_000165.1	interproscan	G3DSA:2.160.20.10 domain-containing protein
Phum-OR502AA_010_000166.1	interproscan	G3DSA:2.160.20.10 domain-containing protein
Phum-OR502AA_010_000167.1	interproscan	G3DSA:2.160.20.10 domain-containing protein
Phum-OR502AA_010_000168.1	interproscan	G3DSA:2.160.20.10 domain-containing protein
Phum-OR502AA_010_000169.1	interproscan	G3DSA:2.160.20.10 domain-containing protein
Phum-OR502AA_010_000170.1	interproscan	G3DSA:2.160.20.10 domain-containing protein
Phum-OR502AA_010_000171.1	interproscan	G3DSA:2.160.20.10 domain-containing protein
Phum-OR502AA_010_000172.1	interproscan	G3DSA:2.160.20.10 domain-containing protein
Phum-OR502AA_010_000173.1	interproscan	G3DSA:2.160.20.10 domain-containing protein
Phum-OR502AA_010_000174.1	interproscan	G3DSA:2.160.20.10 domain-containing protein
Phum-OR502AA_010_000175.1	interproscan	G3DSA:2.160.20.10 domain-containing protein
Phum-OR502AA_010_000289.1	eggnog	histone-lysine N-methyltransferase activity
Phum-OR502AA_010_000288.1	interproscan	PTHR40855 domain-containing protein
Phum-OR502AA_010_000176.1	interproscan	PTHR40855 domain-containing protein
Phum-OR502AA_010_000287.1	blastp	Homology to Phytophthora aleatoria predicted protein KAG6945756.1
Phum-OR502AA_010_000286.1	eggnog	CRN domain-containing protein-containing protein
Phum-OR502AA_010_000177.1	unannotated	Hypothetical protein of unknown function
Phum-OR502AA_010_000285.1	eggnog	Tweety
Phum-OR502AA_010_000178.1	interproscan	Dead deah box rna helicase (G3DSA:1.10.238.10:FF:000381)
Phum-OR502AA_010_000179.1	eggnog	Tweety
Phum-OR502AA_010_000180.1	eggnog	Nucleoside 2-deoxyribosyltransferase like
Phum-OR502AA_010_000284.1	interproscan	PTHR48252 domain-containing protein
Phum-OR502AA_010_000181.1	interproscan	PTHR48252 domain-containing protein
Phum-OR502AA_010_000182.1	eggnog	Enoyl-(Acyl carrier protein) reductase
Phum-OR502AA_010_000183.1	unannotated	Hypothetical protein of unknown function
Phum-OR502AA_010_000184.1	eggnog	oxidation-reduction process
Phum-OR502AA_010_000283.1	eggnog	Short calmodulin-binding motif containing conserved Ile and Gln residues
Phum-OR502AA_010_000282.1	eggnog	Uncharacterized ACR, YdiU/UPF0061 family
Phum-OR502AA_010_000281.1	interproscan	PTHR13510 domain-containing protein
Phum-OR502AA_010_000280.1	eggnog	RNA recognition motif
Phum-OR502AA_010_000279.1	eggnog	Protein of unknown function (DUF663)
Phum-OR502AA_010_000278.1	blastp	Homology to Peronospora destructor predicted protein CAI5709588.1
Phum-OR502AA_010_000185.1	eggnog	GDP-D-glucose phosphorylase activity
Phum-OR502AA_010_000277.1	unannotated	Hypothetical protein of unknown function
Phum-OR502AA_010_000276.1	eggnog	GDP-D-glucose phosphorylase activity
Phum-OR502AA_010_000275.1	interproscan	SSF53098 domain-containing protein
Phum-OR502AA_010_000186.1	interproscan	SSF53098 domain-containing protein
Phum-OR502AA_010_000274.1	blastp	Homology to Peronospora destructor predicted protein CAI5738511.1
Phum-OR502AA_010_000187.1	blastp	Homology to Phytophthora cactorum predicted protein KAG3174296.1
Phum-OR502AA_010_000188.1	eggnog	Ubiquitin elongating factor core
Phum-OR502AA_010_000273.1	eggnog	Beta-eliminating lyase
Phum-OR502AA_010_000272.1	eggnog	domain-containing protein
Phum-OR502AA_010_000271.1	eggnog	domain-containing protein
Phum-OR502AA_010_000189.1	eggnog	Leucine-rich repeats, outliers
Phum-OR502AA_010_000270.1	eggnog	domain-containing protein
Phum-OR502AA_010_000190.1	eggnog	Enoyl-CoA hydratase/isomerase
Phum-OR502AA_010_000269.1	blastp	Homology to Phytophthora ramorum predicted protein KAH7488724.1
Phum-OR502AA_010_000268.1	blastp	Homology to Peronospora farinosa predicted protein CAH0488737.1
Phum-OR502AA_010_000267.1	interproscan	PTHR31827 domain-containing protein
Phum-OR502AA_010_000266.1	interproscan	PTHR31827 domain-containing protein
Phum-OR502AA_010_000191.1	eggnog	Catalyzes the prenylation of para-hydroxybenzoate (PHB) with an all-trans polyprenyl group
Phum-OR502AA_010_000265.1	unannotated	Hypothetical protein of unknown function
Phum-OR502AA_010_000264.1	interproscan	PTHR31827 domain-containing protein
Phum-OR502AA_010_000263.1	eggnog	CDP-alcohol phosphatidyltransferase
Phum-OR502AA_010_000192.1	interproscan	G3DSA:3.40.395.10 domain-containing protein
Phum-OR502AA_010_000193.1	eggnog	domain-containing protein
Phum-OR502AA_010_000262.1	eggnog	domain-containing protein
Phum-OR502AA_010_000261.1	eggnog	DEAD/DEAH box helicase
Phum-OR502AA_010_000194.1	eggnog	Gtr1/RagA G protein conserved region
Phum-OR502AA_010_000260.1	eggnog	Sulfate permease family
Phum-OR502AA_010_000195.1	eggnog	domain-containing protein
Phum-OR502AA_010_000259.1	blastp	Homology to Phytophthora ramorum predicted protein KAH7488708.1
Phum-OR502AA_010_000196.1	eggnog	Ankyrin repeats (many copies)
Phum-OR502AA_010_000258.1	eggnog	Peptidase C13 family
Phum-OR502AA_010_000197.1	blastp	Homology to Phytophthora citrophthora predicted protein KAK1947230.1
Phum-OR502AA_010_000198.1	eggnog	phosphatidylinositol-3,4-bisphosphate 4-phosphatase activity
Phum-OR502AA_010_000199.1	blastp	Homology to Phytophthora palmivora predicted protein POM57876.1
Phum-OR502AA_010_000200.1	eggnog	EF-hand, calcium binding motif
Phum-OR502AA_010_000201.1	blastp	Homology to Phytophthora cactorum;Phytophthora aleatoria predicted protein KAG2785784.1
Phum-OR502AA_010_000257.1	eggnog	C2 domain of PTEN tumour-suppressor protein
Phum-OR502AA_010_000256.1	eggnog	cell division
Phum-OR502AA_010_000202.1	eggnog	secreted RxLR effector peptide protein
Phum-OR502AA_010_000255.1	eggnog	Domain with 2 conserved Trp (W) residues
Phum-OR502AA_010_000254.1	eggnog	Down-regulated in metastasis
Phum-OR502AA_010_000253.1	eggnog	DNA-binding domain of DNA mismatch repair MUTS family
Phum-OR502AA_010_000203.1	blastp	Homology to Phytophthora pseudosyringae predicted protein KAG7381906.1
Phum-OR502AA_010_000252.1	eggnog	N-terminal domain of NEFA-interacting nuclear protein NIP30
Phum-OR502AA_010_000251.1	eggnog	C-terminal region of band_7
Phum-OR502AA_010_000204.1	eggnog	PLU-1-like protein
Phum-OR502AA_010_000205.1	eggnog	axoneme assembly
Phum-OR502AA_010_000250.1	eggnog	Myosin. Large ATPases
Phum-OR502AA_010_000249.1	eggnog	Histidine phosphatase superfamily (branch 2)
Phum-OR502AA_010_000248.1	eggnog	Histidine phosphatase superfamily (branch 2)
Phum-OR502AA_010_000247.1	eggnog	Histidine phosphatase superfamily (branch 2)
Phum-OR502AA_010_000246.1	eggnog	Histidine phosphatase superfamily (branch 2)
Phum-OR502AA_010_000245.1	eggnog	Histidine phosphatase superfamily (branch 2)
Phum-OR502AA_010_000206.1	eggnog	Nucleolar pre-ribosomal-associated protein 1
Phum-OR502AA_010_000207.1	eggnog	Radical SAM superfamily
Phum-OR502AA_010_000244.1	eggnog	domain-containing protein
Phum-OR502AA_010_000208.1	eggnog	Protein of unknown function, DUF547
Phum-OR502AA_010_000209.1	eggnog	Protein of unknown function, DUF547
Phum-OR502AA_010_000243.1	eggnog	PCO_ADO
Phum-OR502AA_010_000242.1	eggnog	Grap2 and cyclin-D-interacting
Phum-OR502AA_010_000210.1	eggnog	RING-type zinc-finger
Phum-OR502AA_010_000241.1	eggnog	domain-containing protein
Phum-OR502AA_010_000240.1	eggnog	Las17-binding protein actin regulator
Phum-OR502AA_010_000211.1	eggnog	Belongs to the histidine acid phosphatase family
Phum-OR502AA_010_000212.1	eggnog	WD40 repeats
Phum-OR502AA_010_000239.1	eggnog	Nucleolar pre-ribosomal-associated protein 1
Phum-OR502AA_010_000238.1	blastp	Homology to Peronospora destructor predicted protein CAI5746867.1
Phum-OR502AA_010_000213.1	eggnog	Histidine phosphatase superfamily (branch 2)
Phum-OR502AA_010_000237.1	eggnog	50.. Source PGD
Phum-OR502AA_010_000236.1	eggnog	Fructose-bisphosphate aldolase class-II
Phum-OR502AA_010_000214.1	eggnog	Fructose-bisphosphate aldolase class-II
Phum-OR502AA_010_000215.1	eggnog	50.. Source PGD
Phum-OR502AA_010_000235.1	eggnog	Histidine phosphatase superfamily (branch 2)
Phum-OR502AA_010_000216.1	blastp	Homology to Peronospora destructor predicted protein CAI5746867.1
Phum-OR502AA_010_000217.1	unannotated	Hypothetical protein of unknown function
Phum-OR502AA_010_000218.1	eggnog	Nucleolar pre-ribosomal-associated protein 1
Phum-OR502AA_010_000234.1	eggnog	WD40 repeats
Phum-OR502AA_010_000233.1	eggnog	Belongs to the histidine acid phosphatase family
Phum-OR502AA_010_000232.1	unannotated	Hypothetical protein of unknown function
Phum-OR502AA_010_000219.1	eggnog	3'5'-cyclic nucleotide phosphodiesterase
Phum-OR502AA_010_000231.1	eggnog	protein folding
Phum-OR502AA_010_000230.1	eggnog	domain-containing protein
Phum-OR502AA_010_000220.1	eggnog	3'5'-cyclic nucleotide phosphodiesterase
Phum-OR502AA_010_000221.1	eggnog	domain-containing protein
Phum-OR502AA_010_000222.1	eggnog	protein folding
Phum-OR502AA_010_000223.1	eggnog	RPR
Phum-OR502AA_010_000229.1	unannotated	Hypothetical protein of unknown function
Phum-OR502AA_010_000228.1	unannotated	Hypothetical protein of unknown function
Phum-OR502AA_010_000227.1	eggnog	domain-containing protein
Phum-OR502AA_010_000224.1	interproscan	PTHR15885 domain-containing protein
Phum-OR502AA_010_000225.1	eggnog	Domain of unknown function (DUF3336)
Phum-OR502AA_010_000226.1	unannotated	Hypothetical protein of unknown function
Phum-OR502AA_011_000467.1	eggnog	PRP1 splicing factor, N-terminal
Phum-OR502AA_011_000466.1	eggnog	domain-containing protein
Phum-OR502AA_011_000465.1	interproscan	PTHR15073 domain-containing protein
Phum-OR502AA_011_000001.1	blastp	Homology to Phytophthora pseudosyringae predicted protein KAG7388464.1
Phum-OR502AA_011_000464.1	eggnog	GTPase-activator protein for Ras-like GTPases
Phum-OR502AA_011_000463.1	eggnog	Glycosyl transferase family group 2
Phum-OR502AA_011_000462.1	eggnog	Glycosyl transferase family group 2
Phum-OR502AA_011_000461.1	eggnog	domain-containing protein
Phum-OR502AA_011_000002.1	eggnog	DUF4205
Phum-OR502AA_011_000460.1	unannotated	Hypothetical protein of unknown function
Phum-OR502AA_011_000003.1	blastp	Homology to Phytophthora pseudosyringae predicted protein KAG7383711.1
Phum-OR502AA_011_000004.1	eggnog	DUF4205
Phum-OR502AA_011_000005.1	eggnog	WD domain, G-beta repeat
Phum-OR502AA_011_000006.1	eggnog	Domain of unknown function (DUF3336)
Phum-OR502AA_011_000459.1	eggnog	domain-containing protein
Phum-OR502AA_011_000007.1	eggnog	cilium movement involved in cell motility
Phum-OR502AA_011_000008.1	eggnog	Fibronectin-binding protein A N-terminus (FbpA)
Phum-OR502AA_011_000009.1	eggnog	Belongs to the helicase family. Dicer subfamily
Phum-OR502AA_011_000458.1	eggnog	YrhK-like protein
Phum-OR502AA_011_000457.1	blastp	Homology to Phytophthora ramorum predicted protein KAH7478915.1
Phum-OR502AA_011_000010.1	eggnog	YrhK-like protein
Phum-OR502AA_011_000011.1	eggnog	Type II/IV secretion system protein
Phum-OR502AA_011_000456.1	eggnog	Type III restriction enzyme, res subunit
Phum-OR502AA_011_000012.1	eggnog	PhoX homologous domain, present in p47phox and p40phox
Phum-OR502AA_011_000455.1	eggnog	MYND finger
Phum-OR502AA_011_000013.1	eggnog	CDP-alcohol phosphatidyltransferase
Phum-OR502AA_011_000454.1	eggnog	Bacterial transferase hexapeptide (six repeats)
Phum-OR502AA_011_000014.1	blastp	Homology to Peronospora effusa predicted protein UIZ24475.1
Phum-OR502AA_011_000453.1	eggnog	Tubulin-tyrosine ligase family
Phum-OR502AA_011_000015.1	eggnog	Glycosyl transferase family 2
Phum-OR502AA_011_000452.1	blastp	Homology to Phytophthora rubi predicted protein KAE9024954.1
Phum-OR502AA_011_000451.1	eggnog	eIF4-gamma/eIF5/eIF2-epsilon
Phum-OR502AA_011_000016.1	blastp	Homology to Phytophthora idaei predicted protein KAG3111086.1
Phum-OR502AA_011_000450.1	eggnog	domain-containing protein
Phum-OR502AA_011_000449.1	eggnog	domain-containing protein
Phum-OR502AA_011_000017.1	eggnog	domain-containing protein
Phum-OR502AA_011_000018.1	eggnog	Glycogen recognition site of AMP-activated protein kinase
Phum-OR502AA_011_000448.1	eggnog	lysine N-methyltransferase activity
Phum-OR502AA_011_000019.1	blastp	Homology to Peronospora belbahrii predicted protein CAH0479450.1
Phum-OR502AA_011_000020.1	blastp	Homology to Peronospora destructor predicted protein CAI5744929.1
Phum-OR502AA_011_000021.1	unannotated	Hypothetical protein of unknown function
Phum-OR502AA_011_000022.1	unannotated	Hypothetical protein of unknown function
Phum-OR502AA_011_000023.1	eggnog	Glycosyl hydrolase family 53
Phum-OR502AA_011_000024.1	eggnog	domain-containing protein
Phum-OR502AA_011_000447.1	eggnog	domain-containing protein
Phum-OR502AA_011_000025.1	eggnog	GTPase activity
Phum-OR502AA_011_000026.1	eggnog	Inner centromere protein, ARK binding region
Phum-OR502AA_011_000446.1	eggnog	Protein present in Fab1, YOTB, Vac1, and EEA1
Phum-OR502AA_011_000027.1	unannotated	Hypothetical protein of unknown function
Phum-OR502AA_011_000028.1	blastp	Homology to Phytophthora pseudosyringae predicted protein KAG7377537.1
Phum-OR502AA_011_000445.1	unannotated	Hypothetical protein of unknown function
Phum-OR502AA_011_000444.1	eggnog	Alternative oxidase
Phum-OR502AA_011_000443.1	eggnog	Alternative oxidase
Phum-OR502AA_011_000442.1	eggnog	Alternative oxidase
Phum-OR502AA_011_000441.1	unannotated	Hypothetical protein of unknown function
Phum-OR502AA_011_000440.1	interproscan	SSF53335 domain-containing protein
Phum-OR502AA_011_000029.1	blastp	Homology to Peronospora destructor predicted protein CAI5743606.1
Phum-OR502AA_011_000030.1	eggnog	MAPEG family
Phum-OR502AA_011_000031.1	eggnog	MAPEG family
Phum-OR502AA_011_000439.1	eggnog	Alternative oxidase
Phum-OR502AA_011_000438.1	eggnog	MAPEG family
Phum-OR502AA_011_000437.1	eggnog	MAPEG family
Phum-OR502AA_011_000436.1	unannotated	Hypothetical protein of unknown function
Phum-OR502AA_011_000435.1	unannotated	Hypothetical protein of unknown function
Phum-OR502AA_011_000434.1	blastp	Homology to Peronospora effusa predicted protein RMX66268.1
Phum-OR502AA_011_000433.1	unannotated	Hypothetical protein of unknown function
Phum-OR502AA_011_000032.1	blastp	Homology to Peronospora effusa predicted protein RMX66268.1
Phum-OR502AA_011_000033.1	unannotated	Hypothetical protein of unknown function
Phum-OR502AA_011_000432.1	unannotated	Hypothetical protein of unknown function
Phum-OR502AA_011_000431.1	blastp	Homology to Peronospora farinosa predicted protein CAH0493661.1
Phum-OR502AA_011_000034.1	eggnog	Adaptor complexes medium subunit family
Phum-OR502AA_011_000430.1	eggnog	Mitochondrial ribosomal subunit protein
Phum-OR502AA_011_000035.1	eggnog	Peptidase family M13
Phum-OR502AA_011_000036.1	eggnog	Belongs to the glycosyl hydrolase 5 (cellulase A) family
Phum-OR502AA_011_000429.1	eggnog	Iron/zinc purple acid phosphatase-like protein C
Phum-OR502AA_011_000037.1	eggnog	Domain of unknown function (DUF4110)
Phum-OR502AA_011_000428.1	eggnog	Cellulose biosynthesis protein BcsQ
Phum-OR502AA_011_000427.1	unannotated	Hypothetical protein of unknown function
Phum-OR502AA_011_000426.1	unannotated	Hypothetical protein of unknown function
Phum-OR502AA_011_000425.1	interproscan	PTHR23348 domain-containing protein
Phum-OR502AA_011_000038.1	eggnog	WD domain, G-beta repeat
Phum-OR502AA_011_000424.1	eggnog	Kazal type serine protease inhibitors
Phum-OR502AA_011_000039.1	eggnog	Prolyl-tRNA synthetase, C-terminal
Phum-OR502AA_011_000040.1	blastp	Homology to Phytophthora nicotianae predicted protein XP_008915153.1
Phum-OR502AA_011_000423.1	interproscan	PTHR13510 domain-containing protein
Phum-OR502AA_011_000422.1	eggnog	Broad-Complex, Tramtrack and Bric a brac
Phum-OR502AA_011_000421.1	eggnog	motif in proteasome subunits, Int-6, Nip-1 and TRIP-15
Phum-OR502AA_011_000420.1	eggnog	Family with sequence similarity 184, A and B
Phum-OR502AA_011_000419.1	unannotated	Hypothetical protein of unknown function
Phum-OR502AA_011_000041.1	blastp	Homology to Phytophthora lilii predicted protein GMF65316.1
Phum-OR502AA_011_000418.1	eggnog	domain-containing protein
Phum-OR502AA_011_000042.1	eggnog	Zinc knuckle
Phum-OR502AA_011_000417.1	unannotated	Hypothetical protein of unknown function
Phum-OR502AA_011_000416.1	blastp	Homology to Phytophthora idaei predicted protein KAG3090749.1
Phum-OR502AA_011_000415.1	eggnog	Protein of unknown function (DUF3689)
Phum-OR502AA_011_000043.1	eggnog	WD domain, G-beta repeat
Phum-OR502AA_011_000044.1	eggnog	Regulator of chromosome condensation (RCC1) repeat
Phum-OR502AA_011_000414.1	eggnog	Regulator of chromosome condensation (RCC1) repeat
Phum-OR502AA_011_000045.1	unannotated	Hypothetical protein of unknown function
Phum-OR502AA_011_000046.1	eggnog	Zinc-dependent metalloprotease
Phum-OR502AA_011_000047.1	eggnog	Iron-containing alcohol dehydrogenase
Phum-OR502AA_011_000413.1	eggnog	domain-containing protein
Phum-OR502AA_011_000412.1	eggnog	Isochorismatase family
Phum-OR502AA_011_000048.1	interproscan	PTHR14000 domain-containing protein
Phum-OR502AA_011_000411.1	eggnog	domain-containing protein
Phum-OR502AA_011_000410.1	interproscan	LBF_2804 family protein (NF047767)
Phum-OR502AA_011_000409.1	unannotated	Hypothetical protein of unknown function
Phum-OR502AA_011_000408.1	eggnog	ABC transporter
Phum-OR502AA_011_000407.1	eggnog	Aminotransferase class-V
Phum-OR502AA_011_000406.1	unannotated	Hypothetical protein of unknown function
Phum-OR502AA_011_000405.1	eggnog	Aminotransferase class-V
Phum-OR502AA_011_000049.1	blastp	Homology to Phytophthora cactorum predicted protein KAF1782446.1
Phum-OR502AA_011_000050.1	blastp	Homology to Phytophthora cactorum predicted protein KAF1782446.1
Phum-OR502AA_011_000051.1	eggnog	Aminotransferase class-V
Phum-OR502AA_011_000404.1	interproscan	PTHR42256 domain-containing protein
Phum-OR502AA_011_000052.1	eggnog	Aminotransferase class-V
Phum-OR502AA_011_000403.1	eggnog	Elicitin
Phum-OR502AA_011_000402.1	eggnog	Aminotransferase class-V
Phum-OR502AA_011_000053.1	interproscan	PTHR42256 domain-containing protein
Phum-OR502AA_011_000401.1	eggnog	Aminotransferase class-V
Phum-OR502AA_011_000400.1	eggnog	Aminotransferase class-V
Phum-OR502AA_011_000054.1	eggnog	Aminotransferase class-V
Phum-OR502AA_011_000055.1	eggnog	Aminotransferase class-V
Phum-OR502AA_011_000399.1	eggnog	Aminotransferase class-V
Phum-OR502AA_011_000056.1	eggnog	PP-loop family
Phum-OR502AA_011_000398.1	eggnog	Peptidase family M3
Phum-OR502AA_011_000397.1	eggnog	Glucosamine-6-phosphate isomerases/6-phosphogluconolactonase
Phum-OR502AA_011_000057.1	eggnog	Belongs to the RNase T2 family
Phum-OR502AA_011_000058.1	eggnog	DNA ligase (ATP) activity
Phum-OR502AA_011_000059.1	eggnog	Ras of Complex, Roc, domain of DAPkinase
Phum-OR502AA_011_000060.1	eggnog	Transmembrane amino acid transporter protein
Phum-OR502AA_011_000396.1	eggnog	Endomembrane protein 70
Phum-OR502AA_011_000395.1	eggnog	Belongs to the glycosyl hydrolase 5 (cellulase A) family
Phum-OR502AA_011_000394.1	eggnog	Belongs to the glycosyl hydrolase 5 (cellulase A) family
Phum-OR502AA_011_000393.1	eggnog	Belongs to the glycosyl hydrolase 5 (cellulase A) family
Phum-OR502AA_011_000061.1	eggnog	AAA domain (Cdc48 subfamily)
Phum-OR502AA_011_000392.1	eggnog	Histone-lysine N-methyltransferase
Phum-OR502AA_011_000391.1	blastp	Homology to Phytophthora boehmeriae predicted protein KAG7376771.1
Phum-OR502AA_011_000062.1	eggnog	domain-containing protein
Phum-OR502AA_011_000390.1	eggnog	Polysaccharide deacetylase
Phum-OR502AA_011_000389.1	eggnog	domain-containing protein
Phum-OR502AA_011_000388.1	eggnog	domain-containing protein
Phum-OR502AA_011_000387.1	eggnog	Protein kinase C conserved region 2 (CalB)
Phum-OR502AA_011_000063.1	eggnog	AAA domain (Cdc48 subfamily)
Phum-OR502AA_011_000064.1	blastp	Homology to Phytophthora boehmeriae predicted protein KAG7376771.1
Phum-OR502AA_011_000386.1	eggnog	Not1 N-terminal domain, CCR4-Not complex component
Phum-OR502AA_011_000385.1	blastp	Homology to Peronospora destructor predicted protein CAI5744752.1
Phum-OR502AA_011_000065.1	eggnog	acetylation-dependent protein binding
Phum-OR502AA_011_000384.1	eggnog	domain-containing protein
Phum-OR502AA_011_000066.1	eggnog	Mitochondrial carrier protein
Phum-OR502AA_011_000383.1	eggnog	tRNA synthetases class I (M)
Phum-OR502AA_011_000382.1	eggnog	domain-containing protein
Phum-OR502AA_011_000381.1	eggnog	domain-containing protein
Phum-OR502AA_011_000067.1	eggnog	Triose-phosphate Transporter family
Phum-OR502AA_011_000380.1	eggnog	Serine carboxypeptidase S28
Phum-OR502AA_011_000068.1	eggnog	Protein of unknown function (DUF1681)
Phum-OR502AA_011_000379.1	blastp	Homology to Peronospora farinosa predicted protein CAH0491631.1
Phum-OR502AA_011_000069.1	unannotated	Hypothetical protein of unknown function
Phum-OR502AA_011_000070.1	blastp	Homology to Peronospora belbahrii predicted protein CAH0473838.1
Phum-OR502AA_011_000378.1	eggnog	domain-containing protein
Phum-OR502AA_011_000071.1	blastp	Homology to Phytophthora palmivora predicted protein POM77260.1
Phum-OR502AA_011_000377.1	eggnog	domain-containing protein
Phum-OR502AA_011_000072.1	eggnog	Belongs to the protein kinase superfamily
Phum-OR502AA_011_000376.1	eggnog	Domain present in PSD-95, Dlg, and ZO-1/2
Phum-OR502AA_011_000073.1	blastp	Homology to Phytophthora pseudosyringae predicted protein KAG7375564.1
Phum-OR502AA_011_000375.1	eggnog	Protein tyrosine kinase
Phum-OR502AA_011_000074.1	eggnog	Ribosomal protein L33
Phum-OR502AA_011_000374.1	eggnog	domain-containing protein
Phum-OR502AA_011_000075.1	blastp	Homology to Phytophthora ramorum predicted protein KAH7462674.1
Phum-OR502AA_011_000373.1	blastp	Homology to Phytophthora palmivora predicted protein POM68063.1
Phum-OR502AA_011_000372.1	unannotated	Hypothetical protein of unknown function
Phum-OR502AA_011_000371.1	blastp	Homology to Peronospora destructor predicted protein CAI5728422.1
Phum-OR502AA_011_000370.1	blastp	Homology to Peronospora destructor predicted protein CAI5742973.1
Phum-OR502AA_011_000369.1	eggnog	Sodium:solute symporter family
Phum-OR502AA_011_000368.1	blastp	Homology to Peronospora belbahrii predicted protein CAH0473846.1
Phum-OR502AA_011_000367.1	eggnog	EF-hand, calcium binding motif
Phum-OR502AA_011_000076.1	blastp	Homology to Phytophthora rubi predicted protein KAE9037523.1
Phum-OR502AA_011_000366.1	blastp	Homology to Phytophthora rubi predicted protein KAE9037523.1
Phum-OR502AA_011_000077.1	eggnog	EF-hand, calcium binding motif
Phum-OR502AA_011_000078.1	blastp	Homology to Peronospora belbahrii predicted protein CAH0473846.1
Phum-OR502AA_011_000079.1	eggnog	Sodium:solute symporter family
Phum-OR502AA_011_000080.1	blastp	Homology to Peronospora destructor predicted protein CAI5742973.1
Phum-OR502AA_011_000081.1	blastp	Homology to Phytophthora pseudosyringae predicted protein KAG7376120.1
Phum-OR502AA_011_000365.1	blastp	Homology to Phytophthora fragariae predicted protein KAE8909211.1
Phum-OR502AA_011_000364.1	unannotated	Hypothetical protein of unknown function
Phum-OR502AA_011_000363.1	eggnog	Belongs to the complex I LYR family
Phum-OR502AA_011_000362.1	eggnog	Domain of unknown function (DUF4203)
Phum-OR502AA_011_000361.1	blastp	Homology to Phytophthora idaei predicted protein KAG3103564.1
Phum-OR502AA_011_000360.1	blastp	Homology to Peronospora farinosa predicted protein CAI5734988.1
Phum-OR502AA_011_000082.1	eggnog	Putative death-receptor fusion protein (DUF2428)
Phum-OR502AA_011_000359.1	unannotated	Hypothetical protein of unknown function
Phum-OR502AA_011_000083.1	blastp	Homology to Phytophthora cinnamomi predicted protein KAG6616261.1
Phum-OR502AA_011_000084.1	eggnog	Pyridoxamine 5'-phosphate oxidase
Phum-OR502AA_011_000358.1	blastp	Homology to Phytophthora cinnamomi predicted protein KAG6616261.1
Phum-OR502AA_011_000357.1	eggnog	interleukin-8 biosynthetic process
Phum-OR502AA_011_000356.1	blastp	Homology to Phytophthora rubi predicted protein KAE8979336.1
Phum-OR502AA_011_000355.1	unannotated	Hypothetical protein of unknown function
Phum-OR502AA_011_000354.1	eggnog	EamA-like transporter family
Phum-OR502AA_011_000085.1	eggnog	Ubiquitin family
Phum-OR502AA_011_000353.1	interproscan	PTHR13297 domain-containing protein
Phum-OR502AA_011_000352.1	interproscan	PTHR36033 domain-containing protein
Phum-OR502AA_011_000086.1	eggnog	NUBPL iron-transfer P-loop NTPase
Phum-OR502AA_011_000087.1	blastp	Homology to Phytophthora fragariae predicted protein KAE9348454.1
Phum-OR502AA_011_000351.1	eggnog	guanyl-nucleotide exchange factor activity
Phum-OR502AA_011_000088.1	unannotated	Hypothetical protein of unknown function
Phum-OR502AA_011_000089.1	eggnog	heme binding (CYB5D1)
Phum-OR502AA_011_000090.1	eggnog	positive regulation of actin nucleation
Phum-OR502AA_011_000091.1	eggnog	domain-containing protein
Phum-OR502AA_011_000092.1	eggnog	RNA pseudouridylate synthase
Phum-OR502AA_011_000093.1	blastp	Homology to Phytophthora infestans predicted protein XP_002903864.1
Phum-OR502AA_011_000350.1	blastp	Homology to Phytophthora infestans predicted protein XP_002903862.1
Phum-OR502AA_011_000349.1	unannotated	Hypothetical protein of unknown function
Phum-OR502AA_011_000348.1	eggnog	Regulator of chromosome condensation (RCC1) repeat
Phum-OR502AA_011_000347.1	eggnog	Regulator of chromosome condensation (RCC1) repeat
Phum-OR502AA_011_000094.1	eggnog	Protein tyrosine kinase
Phum-OR502AA_011_000095.1	eggnog	domain-containing protein
Phum-OR502AA_011_000346.1	eggnog	Protein tyrosine kinase
Phum-OR502AA_011_000096.1	eggnog	EXOIII
Phum-OR502AA_011_000097.1	eggnog	spectrin binding
Phum-OR502AA_011_000345.1	eggnog	Leo1-like protein
Phum-OR502AA_011_000098.1	blastp	Homology to Phytophthora palmivora predicted protein POM68260.1
Phum-OR502AA_011_000344.1	blastp	Homology to Peronospora effusa predicted protein UIZ24415.1
Phum-OR502AA_011_000099.1	eggnog	domain-containing protein
Phum-OR502AA_011_000343.1	eggnog	Ankyrin repeat
Phum-OR502AA_011_000342.1	eggnog	Ankyrin repeat
Phum-OR502AA_011_000341.1	eggnog	Crinkler (CRN) family
Phum-OR502AA_011_000340.1	eggnog	Belongs to the TRAFAC class myosin-kinesin ATPase superfamily
Phum-OR502AA_011_000339.1	interproscan	PTHR34403 domain-containing protein
Phum-OR502AA_011_000100.1	unannotated	Hypothetical protein of unknown function
Phum-OR502AA_011_000338.1	eggnog	LNS2
Phum-OR502AA_011_000337.1	eggnog	Lecithin retinol acyltransferase
Phum-OR502AA_011_000336.1	eggnog	Lecithin retinol acyltransferase
Phum-OR502AA_011_000101.1	eggnog	The coatomer is a cytosolic protein complex that binds to dilysine motifs and reversibly associates with Golgi non- clathrin-coated vesicles, which further mediate biosynthetic protein transport from the ER, via the Golgi up to the trans Golgi network
Phum-OR502AA_011_000335.1	eggnog	Functions as component of the Arp2 3 complex which is involved in regulation of actin polymerization and together with an activating nucleation-promoting factor (NPF) mediates the formation of branched actin networks
Phum-OR502AA_011_000102.1	eggnog	Zinc finger, C3HC4 type (RING finger)
Phum-OR502AA_011_000103.1	eggnog	Diacylglycerol acyltransferase
Phum-OR502AA_011_000334.1	eggnog	Zinc finger, C3HC4 type (RING finger)
Phum-OR502AA_011_000104.1	eggnog	Functions as component of the Arp2 3 complex which is involved in regulation of actin polymerization and together with an activating nucleation-promoting factor (NPF) mediates the formation of branched actin networks
Phum-OR502AA_011_000333.1	eggnog	The coatomer is a cytosolic protein complex that binds to dilysine motifs and reversibly associates with Golgi non- clathrin-coated vesicles, which further mediate biosynthetic protein transport from the ER, via the Golgi up to the trans Golgi network
Phum-OR502AA_011_000105.1	eggnog	Lecithin retinol acyltransferase
Phum-OR502AA_011_000106.1	eggnog	LNS2
Phum-OR502AA_011_000332.1	eggnog	IQ calmodulin-binding motif
Phum-OR502AA_011_000107.1	eggnog	spectrin binding
Phum-OR502AA_011_000331.1	blastp	Homology to Phytophthora fragariaefolia predicted protein GMF53205.1
Phum-OR502AA_011_000330.1	interproscan	G3DSA:1.25.10.10 domain-containing protein
Phum-OR502AA_011_000329.1	eggnog	Tetraspanin family
Phum-OR502AA_011_000328.1	unannotated	Hypothetical protein of unknown function
Phum-OR502AA_011_000327.1	unannotated	Hypothetical protein of unknown function
Phum-OR502AA_011_000326.1	unannotated	Hypothetical protein of unknown function
Phum-OR502AA_011_000325.1	unannotated	Hypothetical protein of unknown function
Phum-OR502AA_011_000108.1	eggnog	Sel1-like repeats
Phum-OR502AA_011_000324.1	unannotated	Hypothetical protein of unknown function
Phum-OR502AA_011_000323.1	eggnog	Cys/Met metabolism PLP-dependent enzyme
Phum-OR502AA_011_000109.1	interproscan	G3DSA:1.25.40.10 domain-containing protein
Phum-OR502AA_011_000110.1	unannotated	Hypothetical protein of unknown function
Phum-OR502AA_011_000111.1	unannotated	Hypothetical protein of unknown function
Phum-OR502AA_011_000112.1	eggnog	WD40 repeats
Phum-OR502AA_011_000322.1	eggnog	domain-containing protein
Phum-OR502AA_011_000321.1	eggnog	ABC1 family
Phum-OR502AA_011_000113.1	eggnog	Phosphate acyltransferases
Phum-OR502AA_011_000320.1	eggnog	Ankyrin repeats (many copies)
Phum-OR502AA_011_000319.1	eggnog	domain-containing protein
Phum-OR502AA_011_000114.1	eggnog	tRNA (Uracil-5-)-methyltransferase
Phum-OR502AA_011_000318.1	eggnog	domain-containing protein
Phum-OR502AA_011_000317.1	eggnog	domain-containing protein
Phum-OR502AA_011_000115.1	eggnog	Putative adhesin
Phum-OR502AA_011_000316.1	eggnog	Fringe-like
Phum-OR502AA_011_000116.1	eggnog	Belongs to the TRAFAC class myosin-kinesin ATPase superfamily
Phum-OR502AA_011_000315.1	eggnog	Belongs to the TRAFAC class myosin-kinesin ATPase superfamily
Phum-OR502AA_011_000314.1	eggnog	Peptidase family M13
Phum-OR502AA_011_000117.1	eggnog	Peptidase M76 family
Phum-OR502AA_011_000118.1	eggnog	Peptidase M76 family
Phum-OR502AA_011_000313.1	eggnog	Leucine Rich repeat
Phum-OR502AA_011_000119.1	blastp	Homology to Phytophthora lilii predicted protein GMF11936.1
Phum-OR502AA_011_000120.1	eggnog	Gcd10p family
Phum-OR502AA_011_000121.1	eggnog	Domain of unknown function (DUF3546)
Phum-OR502AA_011_000312.1	eggnog	SAC3/GANP family
Phum-OR502AA_011_000122.1	unannotated	Hypothetical protein of unknown function
Phum-OR502AA_011_000311.1	blastp	Homology to Phytophthora idaei predicted protein KAG3093777.1
Phum-OR502AA_011_000123.1	eggnog	Armadillo/beta-catenin-like repeats
Phum-OR502AA_011_000124.1	unannotated	Hypothetical protein of unknown function
Phum-OR502AA_011_000310.1	blastp	Homology to Phytophthora idaei predicted protein KAG3093777.1
Phum-OR502AA_011_000125.1	eggnog	Armadillo/beta-catenin-like repeats
Phum-OR502AA_011_000126.1	eggnog	Organic solute transporter Ostalpha
Phum-OR502AA_011_000309.1	eggnog	Domain present in PSD-95, Dlg, and ZO-1/2
Phum-OR502AA_011_000127.1	eggnog	FACT complex subunit (SPT16/CDC68)
Phum-OR502AA_011_000128.1	eggnog	FK506 binding
Phum-OR502AA_011_000308.1	eggnog	domain-containing protein
Phum-OR502AA_011_000307.1	interproscan	PTHR31585 domain-containing protein
Phum-OR502AA_011_000129.1	unannotated	Hypothetical protein of unknown function
Phum-OR502AA_011_000130.1	eggnog	TFIIE alpha subunit
Phum-OR502AA_011_000306.1	blastp	Homology to Peronospora belbahrii predicted protein CAH0474196.1
Phum-OR502AA_011_000131.1	interproscan	c(""""""""RXLR phytopathogen effector protein"""""""", """""""" Avirulence activity"""""""") (PF16810)
Phum-OR502AA_011_000132.1	eggnog	zinc finger
Phum-OR502AA_011_000305.1	eggnog	Armadillo/beta-catenin-like repeats
Phum-OR502AA_011_000133.1	blastp	Homology to Phytophthora idaei predicted protein KAG3093777.1
Phum-OR502AA_011_000304.1	unannotated	Hypothetical protein of unknown function
Phum-OR502AA_011_000134.1	blastp	Homology to Phytophthora idaei predicted protein KAG3053845.1
Phum-OR502AA_011_000303.1	blastp	Homology to Phytophthora idaei predicted protein KAG3053845.1
Phum-OR502AA_011_000302.1	eggnog	DNA-dependent RNA polymerase catalyzes the transcription of DNA into RNA using the four ribonucleoside triphosphates as substrates
Phum-OR502AA_011_000135.1	interproscan	PTHR14633 domain-containing protein
Phum-OR502AA_011_000136.1	interproscan	PTHR31827 domain-containing protein
Phum-OR502AA_011_000137.1	unannotated	Hypothetical protein of unknown function
Phum-OR502AA_011_000138.1	eggnog	domain-containing protein
Phum-OR502AA_011_000301.1	blastp	Homology to Peronospora effusa predicted protein RQM17914.1
Phum-OR502AA_011_000300.1	unannotated	Hypothetical protein of unknown function
Phum-OR502AA_011_000139.1	eggnog	polyketide biosynthetic process
Phum-OR502AA_011_000140.1	unannotated	Hypothetical protein of unknown function
Phum-OR502AA_011_000141.1	eggnog	Anticodon-binding domain of tRNA
Phum-OR502AA_011_000299.1	eggnog	domain-containing protein
Phum-OR502AA_011_000298.1	eggnog	RNA pol II accessory factor, Cdc73 family, C-terminal
Phum-OR502AA_011_000142.1	eggnog	Sigma factor PP2C-like phosphatases
Phum-OR502AA_011_000297.1	blastp	Homology to Peronospora effusa predicted protein RMX69179.1
Phum-OR502AA_011_000143.1	blastp	Homology to Phytophthora cactorum predicted protein KAG4239684.1
Phum-OR502AA_011_000144.1	eggnog	Kazal type serine protease inhibitors
Phum-OR502AA_011_000145.1	blastp	Homology to Phytophthora nicotianae predicted protein ETO64275.1
Phum-OR502AA_011_000146.1	eggnog	domain-containing protein
Phum-OR502AA_011_000296.1	eggnog	Mini-chromosome maintenance replisome factor
Phum-OR502AA_011_000147.1	blastp	Homology to Phytophthora nicotianae predicted protein ETO64275.1
Phum-OR502AA_011_000295.1	blastp	Homology to Peronospora belbahrii predicted protein CAH0474144.1
Phum-OR502AA_011_000148.1	blastp	Homology to Peronospora belbahrii predicted protein CAH0474144.1
Phum-OR502AA_011_000294.1	eggnog	GPI transamidase subunit PIG-U
Phum-OR502AA_011_000149.1	unannotated	Hypothetical protein of unknown function
Phum-OR502AA_011_000293.1	unannotated	Hypothetical protein of unknown function
Phum-OR502AA_011_000292.1	eggnog	Calpain-like thiol protease family
Phum-OR502AA_011_000291.1	eggnog	Calpain-like thiol protease family
Phum-OR502AA_011_000290.1	blastp	Homology to Phytophthora capsici predicted protein KAG1713209.1
Phum-OR502AA_011_000150.1	eggnog	Ubiquitin-conjugating enzyme E2, catalytic domain homologues
Phum-OR502AA_011_000289.1	eggnog	TB2/DP1, HVA22 family
Phum-OR502AA_011_000151.1	eggnog	positive regulation of neurotrophin TRK receptor signaling pathway
Phum-OR502AA_011_000288.1	eggnog	Ubiquitin-conjugating enzyme E2, catalytic domain homologues
Phum-OR502AA_011_000152.1	interproscan	G3DSA:1.25.40.10 domain-containing protein
Phum-OR502AA_011_000287.1	eggnog	lipid binding
Phum-OR502AA_011_000286.1	eggnog	Nrap protein domain 6
Phum-OR502AA_011_000285.1	eggnog	Mpv17 / PMP22 family
Phum-OR502AA_011_000284.1	eggnog	Belongs to the ubiquitin-conjugating enzyme family
Phum-OR502AA_011_000283.1	eggnog	Belongs to the ubiquitin-conjugating enzyme family
Phum-OR502AA_011_000153.1	eggnog	DNA Polymerase alpha zinc finger
Phum-OR502AA_011_000154.1	blastp	Homology to Peronospora effusa predicted protein UIZ24576.1
Phum-OR502AA_011_000155.1	interproscan	G3DSA:3.80.10.10 domain-containing protein
Phum-OR502AA_011_000282.1	eggnog	domain-containing protein
Phum-OR502AA_011_000281.1	eggnog	ABC transporter
Phum-OR502AA_011_000280.1	eggnog	RWD
Phum-OR502AA_011_000279.1	eggnog	Uncharacterized conserved protein (DUF2181)
Phum-OR502AA_011_000156.1	eggnog	Elicitin
Phum-OR502AA_011_000157.1	eggnog	RWD
Phum-OR502AA_011_000158.1	eggnog	ABC transporter
Phum-OR502AA_011_000159.1	eggnog	Common central domain of tyrosinase
Phum-OR502AA_011_000160.1	eggnog	biological adhesion
Phum-OR502AA_011_000161.1	interproscan	PTHR46753 domain-containing protein
Phum-OR502AA_011_000162.1	blastp	Homology to Phytophthora capsici predicted protein KAG1689360.1
Phum-OR502AA_011_000278.1	eggnog	domain-containing protein
Phum-OR502AA_011_000163.1	eggnog	non-haem dioxygenase in morphine synthesis N-terminal
Phum-OR502AA_011_000277.1	eggnog	peptide alpha-N-acetyltransferase activity (CSRP2BP)
Phum-OR502AA_011_000164.1	blastp	Homology to Phytophthora pseudosyringae predicted protein KAG7388353.1
Phum-OR502AA_011_000276.1	eggnog	Sigma factor PP2C-like phosphatases
Phum-OR502AA_011_000165.1	eggnog	vacuolar proton-transporting V-type ATPase complex assembly
Phum-OR502AA_011_000166.1	eggnog	alkylated DNA binding
Phum-OR502AA_011_000167.1	blastp	Homology to Peronospora destructor predicted protein CAI5721199.1
Phum-OR502AA_011_000275.1	eggnog	P-loop containing dynein motor region D4
Phum-OR502AA_011_000274.1	eggnog	acetylation-dependent protein binding
Phum-OR502AA_011_000273.1	eggnog	Protein tyrosine kinase
Phum-OR502AA_011_000272.1	blastp	Homology to Phytophthora fragariae predicted protein KAE8901137.1
Phum-OR502AA_011_000168.1	eggnog	Calpain-like thiol protease family
Phum-OR502AA_011_000169.1	eggnog	Calpain-like thiol protease family
Phum-OR502AA_011_000271.1	eggnog	Dynein heavy chain, N-terminal region 1
Phum-OR502AA_011_000270.1	blastp	Homology to Phytophthora megakarya predicted protein OWZ15162.1
Phum-OR502AA_011_000170.1	blastp	Homology to Phytophthora megakarya predicted protein OWZ15162.1
Phum-OR502AA_011_000269.1	eggnog	ubiquitin-protein transferase activity
Phum-OR502AA_011_000268.1	eggnog	Zinc finger, C3HC4 type (RING finger)
Phum-OR502AA_011_000267.1	blastp	Homology to Phytophthora cinnamomi predicted protein KAG6586754.1
Phum-OR502AA_011_000171.1	eggnog	domain-containing protein
Phum-OR502AA_011_000266.1	eggnog	domain-containing protein
Phum-OR502AA_011_000172.1	blastp	Homology to Phytophthora cinnamomi predicted protein KAG6586754.1
Phum-OR502AA_011_000265.1	eggnog	function. Source PGD
Phum-OR502AA_011_000264.1	eggnog	function. Source PGD
Phum-OR502AA_011_000173.1	eggnog	10-hydroxy-9-(phosphonooxy)octadecanoate phosphatase activity
Phum-OR502AA_011_000263.1	eggnog	DSHCT
Phum-OR502AA_011_000174.1	eggnog	epithelial cilium movement involved in determination of left/right asymmetry
Phum-OR502AA_011_000262.1	eggnog	DDRGK
Phum-OR502AA_011_000175.1	eggnog	component of the eukaryotic translation initiation factor 3 (eIF-3) complex, which is involved in protein synthesis of a specialized repertoire of mRNAs and, together with other initiation factors, stimulates binding of mRNA and methionyl-tRNAi to the 40S ribosome
Phum-OR502AA_011_000176.1	eggnog	domain-containing protein
Phum-OR502AA_011_000177.1	eggnog	Domain in Tre-2, BUB2p, and Cdc16p
Phum-OR502AA_011_000261.1	eggnog	Transmembrane protein 223
Phum-OR502AA_011_000178.1	unannotated	Hypothetical protein of unknown function
Phum-OR502AA_011_000260.1	eggnog	SNARE associated Golgi protein
Phum-OR502AA_011_000259.1	eggnog	SNARE associated Golgi protein
Phum-OR502AA_011_000179.1	eggnog	Transmembrane protein 223
Phum-OR502AA_011_000258.1	eggnog	Domain in Tre-2, BUB2p, and Cdc16p
Phum-OR502AA_011_000257.1	eggnog	SNARE associated Golgi protein
Phum-OR502AA_011_000256.1	eggnog	SNARE associated Golgi protein
Phum-OR502AA_011_000180.1	blastp	Homology to Phytophthora palmivora predicted protein POM74551.1
Phum-OR502AA_011_000255.1	unannotated	Hypothetical protein of unknown function
Phum-OR502AA_011_000254.1	eggnog	Protein tyrosine kinase
Phum-OR502AA_011_000181.1	eggnog	MFS/sugar transport protein
Phum-OR502AA_011_000182.1	eggnog	SNARE associated Golgi protein
Phum-OR502AA_011_000253.1	eggnog	Rab guanyl-nucleotide exchange factor activity
Phum-OR502AA_011_000252.1	blastp	Homology to Phytophthora pseudosyringae predicted protein KAG7390652.1
Phum-OR502AA_011_000183.1	eggnog	Binds to single and double-stranded DNA and exhibits DNA-dependent ATPase activity
Phum-OR502AA_011_000184.1	eggnog	Ribosomal RNA adenine dimethylase
Phum-OR502AA_011_000185.1	eggnog	ABC transporter transmembrane region
Phum-OR502AA_011_000186.1	interproscan	G3DSA:1.25.10.10 domain-containing protein
Phum-OR502AA_011_000251.1	eggnog	Leucine Rich repeat
Phum-OR502AA_011_000187.1	interproscan	PTHR13510 domain-containing protein
Phum-OR502AA_011_000250.1	interproscan	PTHR13510 domain-containing protein
Phum-OR502AA_011_000188.1	eggnog	Belongs to the protein kinase superfamily
Phum-OR502AA_011_000249.1	eggnog	DHHC palmitoyltransferase
Phum-OR502AA_011_000189.1	eggnog	Proteasome subunit A N-terminal signature Add an annotation
Phum-OR502AA_011_000248.1	eggnog	Rhomboid family
Phum-OR502AA_011_000190.1	eggnog	domain-containing protein
Phum-OR502AA_011_000247.1	eggnog	Belongs to the protein-tyrosine phosphatase family
Phum-OR502AA_011_000191.1	blastp	Homology to Phytophthora megakarya predicted protein OWZ15852.1
Phum-OR502AA_011_000246.1	eggnog	Complex 1 protein (LYR family)
Phum-OR502AA_011_000192.1	eggnog	domain-containing protein
Phum-OR502AA_011_000245.1	eggnog	outer dynein arm assembly
Phum-OR502AA_011_000244.1	unannotated	Hypothetical protein of unknown function
Phum-OR502AA_011_000243.1	eggnog	DNA primase is the polymerase that synthesizes small RNA primers for the Okazaki fragments made during discontinuous DNA replication
Phum-OR502AA_011_000193.1	eggnog	Sec1 family
Phum-OR502AA_011_000194.1	blastp	Homology to Peronospora belbahrii predicted protein CAH0474073.1
Phum-OR502AA_011_000195.1	eggnog	domain-containing protein
Phum-OR502AA_011_000196.1	eggnog	Leucine Rich repeat
Phum-OR502AA_011_000242.1	blastp	Homology to Peronospora effusa predicted protein RMX64485.1
Phum-OR502AA_011_000197.1	eggnog	Cupin superfamily protein
Phum-OR502AA_011_000198.1	eggnog	Peptide methionine sulfoxide reductase
Phum-OR502AA_011_000199.1	eggnog	RxLR effector
Phum-OR502AA_011_000200.1	interproscan	PTHR31827 domain-containing protein
Phum-OR502AA_011_000201.1	eggnog	RxLR effector
Phum-OR502AA_011_000202.1	interproscan	PTHR31827 domain-containing protein
Phum-OR502AA_011_000203.1	eggnog	RxLR effector
Phum-OR502AA_011_000204.1	interproscan	PTHR31827 domain-containing protein
Phum-OR502AA_011_000241.1	interproscan	PTHR31827 domain-containing protein
Phum-OR502AA_011_000240.1	unannotated	Hypothetical protein of unknown function
Phum-OR502AA_011_000239.1	interproscan	PTHR31827 domain-containing protein
Phum-OR502AA_011_000238.1	unannotated	Hypothetical protein of unknown function
Phum-OR502AA_011_000237.1	eggnog	RxLR effector
Phum-OR502AA_011_000236.1	blastp	Homology to Phytophthora pseudosyringae predicted protein KAG7390690.1
Phum-OR502AA_011_000235.1	blastp	Homology to Phytophthora nicotianae predicted protein ETK83238.1
Phum-OR502AA_011_000234.1	blastp	Homology to Phytophthora cactorum predicted protein KAG2764468.1
Phum-OR502AA_011_000233.1	interproscan	PTHR19303 domain-containing protein
Phum-OR502AA_011_000232.1	blastp	Homology to predicted protein KAH7495624.1
Phum-OR502AA_011_000205.1	eggnog	The glycine cleavage system catalyzes the degradation of glycine
Phum-OR502AA_011_000206.1	eggnog	domain-containing protein
Phum-OR502AA_011_000207.1	blastp	Homology to Peronospora effusa predicted protein RMX67197.1
Phum-OR502AA_011_000208.1	eggnog	Cytosolic domain of 10TM putative phosphate transporter
Phum-OR502AA_011_000231.1	blastp	Homology to Phytophthora ramorum predicted protein KAH7482161.1
Phum-OR502AA_011_000230.1	eggnog	Cytosolic domain of 10TM putative phosphate transporter
Phum-OR502AA_011_000229.1	eggnog	domain-containing protein
Phum-OR502AA_011_000209.1	interproscan	PTHR32123 domain-containing protein
Phum-OR502AA_011_000228.1	blastp	Homology to Phytophthora cinnamomi predicted protein KAG6574664.1
Phum-OR502AA_011_000227.1	eggnog	5-formyltetrahydrofolate cyclo-ligase family
Phum-OR502AA_011_000210.1	interproscan	PTHR38909 domain-containing protein
Phum-OR502AA_011_000226.1	eggnog	RNA recognition motif
Phum-OR502AA_011_000211.1	blastp	Homology to Peronospora effusa predicted protein UIZ24435.1
Phum-OR502AA_011_000212.1	interproscan	PTHR35213 domain-containing protein
Phum-OR502AA_011_000225.1	eggnog	Uncharacterised protein family (UPF0121)
Phum-OR502AA_011_000224.1	eggnog	domain-containing protein
Phum-OR502AA_011_000223.1	eggnog	Amino acid permease
Phum-OR502AA_011_000222.1	blastp	Homology to Phytophthora ramorum predicted protein KAH7463630.1
Phum-OR502AA_011_000213.1	eggnog	Acyl CoA binding protein
Phum-OR502AA_011_000214.1	eggnog	Calpain-like thiol protease family
Phum-OR502AA_011_000215.1	eggnog	Late exocytosis, associated with Golgi transport
Phum-OR502AA_011_000221.1	interproscan	PTHR38909 domain-containing protein
Phum-OR502AA_011_000216.1	blastp	Homology to Phytophthora aleatoria predicted protein KAG6955500.1
Phum-OR502AA_011_000217.1	eggnog	RPR
Phum-OR502AA_011_000218.1	eggnog	RNA-binding component of the eukaryotic translation initiation factor 3 (eIF-3) complex, which is involved in protein synthesis of a specialized repertoire of mRNAs and, together with other initiation factors, stimulates binding of mRNA and methionyl-tRNAi to the 40S ribosome
Phum-OR502AA_011_000219.1	eggnog	Late exocytosis, associated with Golgi transport
Phum-OR502AA_011_000220.1	blastp	Homology to Phytophthora pseudosyringae predicted protein KAG7389044.1
Phum-OR502AA_012_000485.1	blastp	Homology to Phytophthora citrophthora predicted protein KAK1947420.1
Phum-OR502AA_012_000001.1	blastp	Homology to Phytophthora pseudosyringae predicted protein KAG7388928.1
Phum-OR502AA_012_000484.1	blastp	Homology to Phytophthora pseudosyringae predicted protein KAG7388928.1
Phum-OR502AA_012_000002.1	eggnog	domain-containing protein
Phum-OR502AA_012_000483.1	eggnog	3'-tRNA processing endoribonuclease activity
Phum-OR502AA_012_000003.1	eggnog	sister chromatid cohesion
Phum-OR502AA_012_000482.1	eggnog	domain-containing protein
Phum-OR502AA_012_000004.1	eggnog	DNA polymerase family B
Phum-OR502AA_012_000481.1	eggnog	N-terminal domain of 16S rRNA methyltransferase RsmF
Phum-OR502AA_012_000005.1	blastp	Homology to Phytophthora pseudosyringae predicted protein KAG7388920.1
Phum-OR502AA_012_000480.1	eggnog	ATP-NAD kinase
Phum-OR502AA_012_000006.1	eggnog	Plays a complex role in regulating the basal catalytic activity of the alpha subunit
Phum-OR502AA_012_000007.1	eggnog	Mak10 subunit, NatC N(alpha)-terminal acetyltransferase
Phum-OR502AA_012_000479.1	blastp	Homology to Phytophthora infestans predicted protein KAF4129609.1
Phum-OR502AA_012_000008.1	eggnog	Glutaredoxin
Phum-OR502AA_012_000478.1	eggnog	domain-containing protein
Phum-OR502AA_012_000009.1	blastp	Homology to Peronospora belbahrii predicted protein CAH0475596.1
Phum-OR502AA_012_000010.1	eggnog	glutamate reuptake
Phum-OR502AA_012_000011.1	eggnog	Plays a complex role in regulating the basal catalytic activity of the alpha subunit
Phum-OR502AA_012_000012.1	eggnog	Plays a complex role in regulating the basal catalytic activity of the alpha subunit
Phum-OR502AA_012_000013.1	eggnog	Plays a complex role in regulating the basal catalytic activity of the alpha subunit
Phum-OR502AA_012_000014.1	eggnog	Plays a complex role in regulating the basal catalytic activity of the alpha subunit
Phum-OR502AA_012_000015.1	eggnog	domain-containing protein
Phum-OR502AA_012_000477.1	eggnog	bZIP transcription factor
Phum-OR502AA_012_000016.1	eggnog	domain-containing protein
Phum-OR502AA_012_000017.1	eggnog	domain-containing protein
Phum-OR502AA_012_000018.1	interproscan	PTHR13405 domain-containing protein
Phum-OR502AA_012_000476.1	eggnog	domain-containing protein
Phum-OR502AA_012_000475.1	eggnog	Cullin
Phum-OR502AA_012_000019.1	eggnog	domain-containing protein
Phum-OR502AA_012_000474.1	eggnog	Cullin
Phum-OR502AA_012_000020.1	eggnog	domain-containing protein
Phum-OR502AA_012_000473.1	eggnog	domain-containing protein
Phum-OR502AA_012_000472.1	eggnog	phosphatidylinositol-3,4-bisphosphate 4-phosphatase activity
Phum-OR502AA_012_000021.1	eggnog	phosphatidylinositol-3,4-bisphosphate 4-phosphatase activity
Phum-OR502AA_012_000022.1	eggnog	Peptidase family M3
Phum-OR502AA_012_000023.1	eggnog	domain-containing protein
Phum-OR502AA_012_000471.1	eggnog	domain-containing protein
Phum-OR502AA_012_000024.1	eggnog	fibronectin type III
Phum-OR502AA_012_000470.1	blastp	Homology to Peronospora farinosa predicted protein CAH0484781.1
Phum-OR502AA_012_000025.1	eggnog	Histone acetyltransferases subunit 3
Phum-OR502AA_012_000469.1	eggnog	domain-containing protein
Phum-OR502AA_012_000026.1	blastp	Homology to Phytophthora nicotianae predicted protein ETP03921.1
Phum-OR502AA_012_000468.1	eggnog	Tubulin-tyrosine ligase family
Phum-OR502AA_012_000467.1	eggnog	unfolded protein binding
Phum-OR502AA_012_000466.1	eggnog	phosphatidylinositol-3,4-bisphosphate 4-phosphatase activity
Phum-OR502AA_012_000465.1	eggnog	phosphatidylinositol-3,4-bisphosphate 4-phosphatase activity
Phum-OR502AA_012_000464.1	unannotated	Hypothetical protein of unknown function
Phum-OR502AA_012_000027.1	eggnog	Trypsin-like serine protease
Phum-OR502AA_012_000028.1	eggnog	Trypsin-like serine protease
Phum-OR502AA_012_000029.1	eggnog	Trypsin-like serine protease
Phum-OR502AA_012_000030.1	eggnog	Trypsin-like serine protease
Phum-OR502AA_012_000031.1	eggnog	ABC transporter transmembrane region
Phum-OR502AA_012_000463.1	eggnog	N-terminal region of Chorein or VPS13
Phum-OR502AA_012_000032.1	eggnog	Striatin family
Phum-OR502AA_012_000462.1	eggnog	domain-containing protein
Phum-OR502AA_012_000033.1	eggnog	Calcineurin-like phosphoesterase
Phum-OR502AA_012_000034.1	eggnog	Peptidyl-tRNA hydrolase PTH2
Phum-OR502AA_012_000461.1	eggnog	Calcineurin-like phosphoesterase
Phum-OR502AA_012_000035.1	blastp	Homology to Phytophthora pseudosyringae predicted protein KAG7385396.1
Phum-OR502AA_012_000036.1	eggnog	Lipase (class 3)
Phum-OR502AA_012_000037.1	eggnog	Lipase (class 3)
Phum-OR502AA_012_000460.1	unannotated	Hypothetical protein of unknown function
Phum-OR502AA_012_000459.1	eggnog	Ankyrin repeats (many copies)
Phum-OR502AA_012_000458.1	eggnog	Lipase (class 3)
Phum-OR502AA_012_000457.1	blastp	Homology to Phytophthora pseudosyringae predicted protein KAG7385396.1
Phum-OR502AA_012_000456.1	eggnog	Peptidyl-tRNA hydrolase PTH2
Phum-OR502AA_012_000038.1	eggnog	Cytochrome c oxidase subunit VIa
Phum-OR502AA_012_000039.1	eggnog	HIT zinc finger
Phum-OR502AA_012_000455.1	eggnog	Protein of unknown function (DUF974)
Phum-OR502AA_012_000040.1	eggnog	Proteasome subunit
Phum-OR502AA_012_000454.1	eggnog	domain-containing protein
Phum-OR502AA_012_000453.1	unannotated	Hypothetical protein of unknown function
Phum-OR502AA_012_000452.1	eggnog	Extension to Ser/Thr-type protein kinases
Phum-OR502AA_012_000041.1	unannotated	Hypothetical protein of unknown function
Phum-OR502AA_012_000042.1	unannotated	Hypothetical protein of unknown function
Phum-OR502AA_012_000451.1	eggnog	Extension to Ser/Thr-type protein kinases
Phum-OR502AA_012_000450.1	unannotated	Hypothetical protein of unknown function
Phum-OR502AA_012_000043.1	eggnog	Extension to Ser/Thr-type protein kinases
Phum-OR502AA_012_000449.1	eggnog	rRNA-processing protein Efg1
Phum-OR502AA_012_000044.1	eggnog	Inward rectifier potassium channel
Phum-OR502AA_012_000448.1	eggnog	domain-containing protein
Phum-OR502AA_012_000447.1	eggnog	domain-containing protein
Phum-OR502AA_012_000446.1	eggnog	domain-containing protein
Phum-OR502AA_012_000445.1	eggnog	Serine hydrolase (FSH1)
Phum-OR502AA_012_000444.1	eggnog	SPFH domain / Band 7 family
Phum-OR502AA_012_000045.1	eggnog	prohibitin homologues
Phum-OR502AA_012_000443.1	eggnog	thiol-dependent ubiquitin-specific protease activity
Phum-OR502AA_012_000046.1	eggnog	Sugar (and other) transporter
Phum-OR502AA_012_000047.1	eggnog	domain-containing protein
Phum-OR502AA_012_000048.1	interproscan	PTHR31355 domain-containing protein
Phum-OR502AA_012_000049.1	eggnog	Zinc-ribbon
Phum-OR502AA_012_000442.1	eggnog	Trehalose-phosphatase
Phum-OR502AA_012_000050.1	blastp	Homology to Peronospora destructor predicted protein CAI5730471.1
Phum-OR502AA_012_000441.1	eggnog	PAP2 superfamily C-terminal
Phum-OR502AA_012_000051.1	eggnog	Ankyrin repeat
Phum-OR502AA_012_000052.1	eggnog	Mitochondrial branched-chain alpha-ketoacid dehydrogenase kinase
Phum-OR502AA_012_000053.1	blastp	Homology to Phytophthora rubi predicted protein KAE9019876.1
Phum-OR502AA_012_000440.1	eggnog	positive regulation of catalytic activity in other organism involved in symbiotic interaction
Phum-OR502AA_012_000439.1	blastp	Homology to Phytophthora pseudosyringae predicted protein KAG7378252.1
Phum-OR502AA_012_000054.1	eggnog	ubiquitin modification-dependent histone binding
Phum-OR502AA_012_000438.1	eggnog	Peroxisomal protein PEX19 family protein
Phum-OR502AA_012_000055.1	eggnog	domain-containing protein
Phum-OR502AA_012_000056.1	eggnog	domain-containing protein
Phum-OR502AA_012_000437.1	eggnog	domain-containing protein
Phum-OR502AA_012_000057.1	blastp	Homology to Phytophthora pseudosyringae predicted protein KAG7390519.1
Phum-OR502AA_012_000058.1	eggnog	RNA recognition motif
Phum-OR502AA_012_000436.1	eggnog	domain-containing protein
Phum-OR502AA_012_000059.1	eggnog	Pex19 protein family
Phum-OR502AA_012_000060.1	eggnog	Pex19 protein family
Phum-OR502AA_012_000061.1	eggnog	Peroxisomal protein PEX19 family protein
Phum-OR502AA_012_000435.1	eggnog	ubiquitin modification-dependent histone binding
Phum-OR502AA_012_000062.1	unannotated	Hypothetical protein of unknown function
Phum-OR502AA_012_000063.1	eggnog	RNA recognition motif
Phum-OR502AA_012_000434.1	eggnog	Protein of unknown function (DUF1604)
Phum-OR502AA_012_000064.1	eggnog	domain-containing protein
Phum-OR502AA_012_000065.1	blastp	Homology to Peronospora effusa predicted protein RMX64014.1
Phum-OR502AA_012_000066.1	eggnog	domain-containing protein
Phum-OR502AA_012_000433.1	eggnog	domain-containing protein
Phum-OR502AA_012_000432.1	eggnog	Xylanase inhibitor N-terminal
Phum-OR502AA_012_000431.1	eggnog	Xylanase inhibitor N-terminal
Phum-OR502AA_012_000430.1	eggnog	B-Box-type zinc finger
Phum-OR502AA_012_000067.1	eggnog	Catalyzes the ATP-dependent amination of UTP to CTP with either L-glutamine or ammonia as the source of nitrogen
Phum-OR502AA_012_000068.1	eggnog	Ankyrin repeat
Phum-OR502AA_012_000429.1	blastp	Homology to Phytophthora nicotianae predicted protein ETP32276.1
Phum-OR502AA_012_000069.1	eggnog	Meckel syndrome type 1
Phum-OR502AA_012_000428.1	eggnog	domain-containing protein
Phum-OR502AA_012_000070.1	eggnog	NmrA-like family
Phum-OR502AA_012_000427.1	blastp	Homology to Phytophthora fragariae predicted protein KAE8906446.1
Phum-OR502AA_012_000071.1	eggnog	phosphatidylinositol-3,5-bisphosphate binding
Phum-OR502AA_012_000426.1	eggnog	Ubiquitin-conjugating enzyme E2, catalytic domain homologues
Phum-OR502AA_012_000425.1	eggnog	domain-containing protein
Phum-OR502AA_012_000072.1	blastp	Homology to Phytophthora pseudosyringae predicted protein KAG7390489.1
Phum-OR502AA_012_000424.1	blastp	Homology to Phytophthora cinnamomi predicted protein KAG6619377.1
Phum-OR502AA_012_000073.1	eggnog	MYND finger
Phum-OR502AA_012_000423.1	eggnog	DNA photolyase
Phum-OR502AA_012_000422.1	eggnog	The RING-variant domain is a C4HC3 zinc-finger like motif found in a number of cellular and viral proteins
Phum-OR502AA_012_000421.1	eggnog	Domain of unknown function (DUF1977)
Phum-OR502AA_012_000420.1	eggnog	SOS response associated peptidase (SRAP)
Phum-OR502AA_012_000074.1	blastp	Homology to Peronospora farinosa predicted protein CAH0492618.1
Phum-OR502AA_012_000075.1	unannotated	Hypothetical protein of unknown function
Phum-OR502AA_012_000419.1	eggnog	domain-containing protein
Phum-OR502AA_012_000418.1	eggnog	U3 small nucleolar ribonucleoprotein
Phum-OR502AA_012_000076.1	eggnog	Belongs to the small GTPase superfamily
Phum-OR502AA_012_000417.1	eggnog	domain-containing protein
Phum-OR502AA_012_000416.1	eggnog	domain-containing protein
Phum-OR502AA_012_000415.1	eggnog	Late exocytosis, associated with Golgi transport
Phum-OR502AA_012_000414.1	eggnog	Short calmodulin-binding motif containing conserved Ile and Gln residues
Phum-OR502AA_012_000413.1	eggnog	Phosphatidylinositol-4-phosphate 5-Kinase
Phum-OR502AA_012_000077.1	eggnog	ATP10 protein
Phum-OR502AA_012_000412.1	eggnog	Anaphase-promoting complex subunit 11 RING-H2 finger
Phum-OR502AA_012_000411.1	blastp	Homology to Phytophthora pseudosyringae predicted protein KAG7390481.1
Phum-OR502AA_012_000078.1	eggnog	short chain dehydrogenase
Phum-OR502AA_012_000410.1	eggnog	Concanavalin A-like lectin/glucanases superfamily
Phum-OR502AA_012_000409.1	eggnog	WD domain, G-beta repeat
Phum-OR502AA_012_000408.1	eggnog	Protein kinase C conserved region 2 (CalB)
Phum-OR502AA_012_000407.1	blastp	Homology to Phytophthora pseudosyringae predicted protein KAG7386755.1
Phum-OR502AA_012_000406.1	eggnog	Eukaryotic initiation factor 4E
Phum-OR502AA_012_000405.1	eggnog	Enoyl-CoA hydratase/isomerase
Phum-OR502AA_012_000079.1	eggnog	Ribosomal_L15e
Phum-OR502AA_012_000404.1	blastp	Homology to Phytophthora nicotianae predicted protein XP_008897084.1
Phum-OR502AA_012_000080.1	eggnog	protein serine/threonine phosphatase activity
Phum-OR502AA_012_000081.1	eggnog	Phosphatidylinositol-4-phosphate 5-Kinase
Phum-OR502AA_012_000082.1	eggnog	Short calmodulin-binding motif containing conserved Ile and Gln residues
Phum-OR502AA_012_000083.1	eggnog	Late exocytosis, associated with Golgi transport
Phum-OR502AA_012_000403.1	eggnog	protein modification by small protein conjugation or removal
Phum-OR502AA_012_000402.1	eggnog	ADP-ribosylation factor family
Phum-OR502AA_012_000084.1	eggnog	occurring C-terminal to leucine-rich repeats
Phum-OR502AA_012_000401.1	eggnog	assists the folding of proteins upon ATP hydrolysis
Phum-OR502AA_012_000085.1	eggnog	Condensin II non structural maintenance of chromosomes subunit
Phum-OR502AA_012_000400.1	eggnog	Kinase-like
Phum-OR502AA_012_000399.1	blastp	Homology to Phytophthora pseudosyringae predicted protein KAG7386771.1
Phum-OR502AA_012_000398.1	eggnog	domain-containing protein
Phum-OR502AA_012_000086.1	eggnog	Protein of unknown function TPD sequence-motif
Phum-OR502AA_012_000087.1	eggnog	phosphatidylinositol-3,4-bisphosphate 4-phosphatase activity
Phum-OR502AA_012_000397.1	unannotated	Hypothetical protein of unknown function
Phum-OR502AA_012_000396.1	eggnog	phosphatidylinositol-3,4-bisphosphate 4-phosphatase activity
Phum-OR502AA_012_000395.1	eggnog	phosphatidylinositol-3,4-bisphosphate 4-phosphatase activity
Phum-OR502AA_012_000394.1	unannotated	Hypothetical protein of unknown function
Phum-OR502AA_012_000393.1	eggnog	domain-containing protein
Phum-OR502AA_012_000088.1	eggnog	domain-containing protein
Phum-OR502AA_012_000392.1	unannotated	Hypothetical protein of unknown function
Phum-OR502AA_012_000089.1	eggnog	domain-containing protein
Phum-OR502AA_012_000391.1	unannotated	Hypothetical protein of unknown function
Phum-OR502AA_012_000090.1	eggnog	domain-containing protein
Phum-OR502AA_012_000390.1	unannotated	Hypothetical protein of unknown function
Phum-OR502AA_012_000091.1	eggnog	domain-containing protein
Phum-OR502AA_012_000389.1	eggnog	Dihydrouridine synthase (Dus)
Phum-OR502AA_012_000388.1	eggnog	16S rRNA methyltransferase RsmB/F
Phum-OR502AA_012_000092.1	eggnog	Ubiquitin carboxyl-terminal hydrolase
Phum-OR502AA_012_000387.1	eggnog	Leucine-rich repeats, outliers
Phum-OR502AA_012_000386.1	eggnog	domain-containing protein
Phum-OR502AA_012_000093.1	interproscan	G3DSA:2.60.120.330 domain-containing protein
Phum-OR502AA_012_000385.1	blastp	Homology to Phytophthora pseudosyringae predicted protein KAG7381583.1
Phum-OR502AA_012_000094.1	eggnog	domain-containing protein
Phum-OR502AA_012_000095.1	eggnog	Protein of unknown function (DUF3591)
Phum-OR502AA_012_000096.1	eggnog	Ubiquitin Carboxyl-terminal Hydrolase-like zinc finger
Phum-OR502AA_012_000384.1	eggnog	IQ calmodulin-binding motif
Phum-OR502AA_012_000383.1	eggnog	microtubule motor activity
Phum-OR502AA_012_000382.1	eggnog	microtubule motor activity
Phum-OR502AA_012_000381.1	blastp	Homology to Peronospora destructor predicted protein CAI5713573.1
Phum-OR502AA_012_000097.1	eggnog	domain-containing protein
Phum-OR502AA_012_000098.1	eggnog	Sodium/calcium exchanger protein
Phum-OR502AA_012_000099.1	eggnog	Vesicle transport v-SNARE protein N-terminus
Phum-OR502AA_012_000100.1	eggnog	Leucine Rich Repeat
Phum-OR502AA_012_000380.1	eggnog	WD40 repeats
Phum-OR502AA_012_000101.1	blastp	Homology to Peronospora effusa predicted protein RMX66704.1
Phum-OR502AA_012_000379.1	eggnog	domain-containing protein
Phum-OR502AA_012_000102.1	blastp	Homology to Peronospora destructor predicted protein CAI5737264.1
Phum-OR502AA_012_000378.1	eggnog	BTB And C-terminal Kelch
Phum-OR502AA_012_000103.1	blastp	Homology to Peronospora farinosa predicted protein CAI5716366.1
Phum-OR502AA_012_000377.1	eggnog	Dynein heavy chain and region D6 of dynein motor
Phum-OR502AA_012_000376.1	eggnog	C-terminus of histone H2A
Phum-OR502AA_012_000104.1	eggnog	Broad-Complex, Tramtrack and Bric a brac
Phum-OR502AA_012_000375.1	eggnog	domain-containing protein
Phum-OR502AA_012_000105.1	eggnog	LETM1-like protein
Phum-OR502AA_012_000374.1	blastp	Homology to Peronospora belbahrii predicted protein CAH0480990.1
Phum-OR502AA_012_000106.1	eggnog	domain-containing protein
Phum-OR502AA_012_000373.1	eggnog	Aldo/keto reductase family
Phum-OR502AA_012_000107.1	blastp	Homology to Peronospora farinosa predicted protein CAH0489683.1
Phum-OR502AA_012_000108.1	interproscan	PTHR35518 domain-containing protein
Phum-OR502AA_012_000372.1	blastp	Homology to Peronospora farinosa predicted protein CAH0489683.1
Phum-OR502AA_012_000371.1	eggnog	Snare region anchored in the vesicle membrane C-terminus
Phum-OR502AA_012_000109.1	eggnog	Kinase phosphorylation protein
Phum-OR502AA_012_000370.1	eggnog	Phosphoadenosine phosphosulfate reductase family
Phum-OR502AA_012_000369.1	eggnog	assists the folding of proteins upon ATP hydrolysis
Phum-OR502AA_012_000368.1	eggnog	domain-containing protein
Phum-OR502AA_012_000367.1	eggnog	Putative serine esterase (DUF676)
Phum-OR502AA_012_000366.1	eggnog	Scaffold protein for the de novo synthesis of iron- sulfur (Fe-S) clusters within mitochondria, which is required for maturation of both mitochondrial and cytoplasmic 2Fe-2S and 4Fe-4S proteins
Phum-OR502AA_012_000110.1	eggnog	Domain Homologous to E6-AP Carboxyl Terminus with
Phum-OR502AA_012_000111.1	blastp	Homology to Phytophthora idaei predicted protein KAG3114746.1
Phum-OR502AA_012_000112.1	eggnog	cobalamin binding
Phum-OR502AA_012_000113.1	blastp	Homology to Peronospora farinosa predicted protein CAH0489666.1
Phum-OR502AA_012_000365.1	eggnog	ketohexokinase activity
Phum-OR502AA_012_000364.1	eggnog	ketohexokinase activity
Phum-OR502AA_012_000363.1	eggnog	ketohexokinase activity
Phum-OR502AA_012_000362.1	eggnog	domain-containing protein
Phum-OR502AA_012_000361.1	unannotated	Hypothetical protein of unknown function
Phum-OR502AA_012_000114.1	eggnog	domain-containing protein
Phum-OR502AA_012_000360.1	eggnog	Translation initiation factor SUI1
Phum-OR502AA_012_000115.1	eggnog	WD domain, G-beta repeat
Phum-OR502AA_012_000359.1	eggnog	Protein of unknown function (DUF1279)
Phum-OR502AA_012_000116.1	interproscan	PTHR28650 domain-containing protein
Phum-OR502AA_012_000358.1	blastp	Homology to Phytophthora pseudosyringae predicted protein KAG7381205.1
Phum-OR502AA_012_000117.1	blastp	Homology to Phytophthora pseudosyringae predicted protein KAG7381205.1
Phum-OR502AA_012_000357.1	interproscan	PTHR28650 domain-containing protein
Phum-OR502AA_012_000118.1	eggnog	GTPase-activator protein for Ras-like GTPase
Phum-OR502AA_012_000119.1	unannotated	Hypothetical protein of unknown function
Phum-OR502AA_012_000120.1	blastp	Homology to Peronospora farinosa predicted protein CAH0487853.1
Phum-OR502AA_012_000356.1	interproscan	PTHR36971 domain-containing protein
Phum-OR502AA_012_000121.1	eggnog	domain-containing protein
Phum-OR502AA_012_000355.1	eggnog	Helicase associated domain (HA2) Add an annotation
Phum-OR502AA_012_000122.1	eggnog	Zinc finger, C2H2 type
Phum-OR502AA_012_000354.1	eggnog	assists the folding of proteins upon ATP hydrolysis
Phum-OR502AA_012_000123.1	eggnog	DUF4217
Phum-OR502AA_012_000353.1	blastp	Homology to Phytophthora nicotianae predicted protein ETK74739.1
Phum-OR502AA_012_000124.1	eggnog	Survival motor neuron (SMN) interacting protein 1 (SIP1)
Phum-OR502AA_012_000352.1	blastp	Homology to Phytophthora nicotianae predicted protein XP_008896955.1
Phum-OR502AA_012_000125.1	eggnog	Domain of unknown function (DUF4505)
Phum-OR502AA_012_000126.1	eggnog	domain-containing protein
Phum-OR502AA_012_000351.1	eggnog	2OG-Fe(II) oxygenase superfamily
Phum-OR502AA_012_000350.1	eggnog	HECT-domain (ubiquitin-transferase)
Phum-OR502AA_012_000349.1	eggnog	domain-containing protein
Phum-OR502AA_012_000127.1	blastp	Homology to Peronospora farinosa predicted protein CAH0487857.1
Phum-OR502AA_012_000128.1	eggnog	Tetratricopeptide repeat
Phum-OR502AA_012_000348.1	blastp	Homology to Phytophthora fragariae predicted protein KAE8906268.1
Phum-OR502AA_012_000347.1	unannotated	Hypothetical protein of unknown function
Phum-OR502AA_012_000129.1	blastp	Homology to Phytophthora capsici predicted protein KAG1711849.1
Phum-OR502AA_012_000346.1	eggnog	Actin
Phum-OR502AA_012_000130.1	eggnog	DNA primase activity
Phum-OR502AA_012_000345.1	eggnog	TatD related DNase
Phum-OR502AA_012_000131.1	eggnog	domain-containing protein
Phum-OR502AA_012_000132.1	eggnog	Actin
Phum-OR502AA_012_000344.1	blastp	Homology to Phytophthora capsici predicted protein KAG1711849.1
Phum-OR502AA_012_000343.1	eggnog	Crinkler (CRN) family protein
Phum-OR502AA_012_000133.1	eggnog	Protein tyrosine kinase
Phum-OR502AA_012_000342.1	eggnog	endosomal vesicle fusion
Phum-OR502AA_012_000341.1	eggnog	zinc finger
Phum-OR502AA_012_000134.1	eggnog	Low molecular weight phosphatase family
Phum-OR502AA_012_000340.1	blastp	Homology to Phytophthora fragariae predicted protein KAE8949967.1
Phum-OR502AA_012_000339.1	eggnog	Required for 40S ribosome biogenesis
Phum-OR502AA_012_000135.1	blastp	Homology to Phytophthora sojae predicted protein XP_009517770.1
Phum-OR502AA_012_000136.1	eggnog	Trm112p-like protein
Phum-OR502AA_012_000338.1	eggnog	Complex I intermediate-associated protein 30 (CIA30)
Phum-OR502AA_012_000137.1	eggnog	domain-containing protein
Phum-OR502AA_012_000337.1	eggnog	Centriolar protein SAS N-terminal
Phum-OR502AA_012_000138.1	interproscan	PTHR38019 domain-containing protein
Phum-OR502AA_012_000139.1	eggnog	domain-containing protein
Phum-OR502AA_012_000336.1	eggnog	Calpain family cysteine protease
Phum-OR502AA_012_000335.1	interproscan	PTHR35396 domain-containing protein
Phum-OR502AA_012_000140.1	interproscan	PTHR31827 domain-containing protein
Phum-OR502AA_012_000334.1	eggnog	WD40 repeats
Phum-OR502AA_012_000141.1	interproscan	PTHR35396 domain-containing protein
Phum-OR502AA_012_000142.1	eggnog	ALG3 protein
Phum-OR502AA_012_000143.1	eggnog	Required for the first step in the synthesis of diphthamide, a post-translational modification of histidine which occurs in translation elongation factor 2
Phum-OR502AA_012_000333.1	eggnog	glycogenin glucosyltransferase activity
Phum-OR502AA_012_000144.1	eggnog	Extension to Ser/Thr-type protein kinases
Phum-OR502AA_012_000332.1	eggnog	Enoyl-(Acyl carrier protein) reductase
Phum-OR502AA_012_000145.1	eggnog	WD domain, G-beta repeat
Phum-OR502AA_012_000331.1	eggnog	Rubisco LSMT substrate-binding
Phum-OR502AA_012_000146.1	eggnog	positive regulation of mitochondrial fission
Phum-OR502AA_012_000330.1	eggnog	Aldo/keto reductase family
Phum-OR502AA_012_000147.1	eggnog	Papain family cysteine protease
Phum-OR502AA_012_000329.1	eggnog	Kinesin motor, catalytic domain. ATPase
Phum-OR502AA_012_000328.1	eggnog	DNA-dependent RNA polymerase catalyzes the transcription of DNA into RNA using the four ribonucleoside triphosphates as substrates
Phum-OR502AA_012_000327.1	eggnog	transposition, RNA-mediated
Phum-OR502AA_012_000148.1	unannotated	Hypothetical protein of unknown function
Phum-OR502AA_012_000149.1	eggnog	phosphatidylinositol-3,4,5-trisphosphate 3-phosphatase activity
Phum-OR502AA_012_000150.1	eggnog	BT1 family
Phum-OR502AA_012_000151.1	eggnog	Fused Ig-PH domain of plant-specific actin-binding protein
Phum-OR502AA_012_000152.1	eggnog	outer dynein arm assembly
Phum-OR502AA_012_000326.1	eggnog	Pellino
Phum-OR502AA_012_000325.1	eggnog	voltage-gated potassium channel activity
Phum-OR502AA_012_000153.1	eggnog	voltage-gated potassium channel activity
Phum-OR502AA_012_000154.1	eggnog	Pellino
Phum-OR502AA_012_000155.1	eggnog	Transcription initiation factor IIF, alpha subunit (TFIIF-alpha)
Phum-OR502AA_012_000156.1	eggnog	3'-5'-exoribonuclease activity
Phum-OR502AA_012_000157.1	eggnog	Regulator of volume decrease after cellular swelling
Phum-OR502AA_012_000324.1	eggnog	motif in proteasome subunits, Int-6, Nip-1 and TRIP-15
Phum-OR502AA_012_000323.1	blastp	Homology to Phytophthora pseudosyringae predicted protein KAG7384083.1
Phum-OR502AA_012_000158.1	eggnog	Protein tyrosine kinase
Phum-OR502AA_012_000322.1	unannotated	Hypothetical protein of unknown function
Phum-OR502AA_012_000321.1	blastp	Homology to Phytophthora idaei predicted protein KAG3111668.1
Phum-OR502AA_012_000320.1	eggnog	Belongs to the TRAFAC class myosin-kinesin ATPase superfamily
Phum-OR502AA_012_000159.1	eggnog	Hydantoinase B/oxoprolinase
Phum-OR502AA_012_000319.1	eggnog	zinc finger
Phum-OR502AA_012_000160.1	eggnog	CAF1 family ribonuclease
Phum-OR502AA_012_000318.1	eggnog	Signal recognition particle receptor beta subunit
Phum-OR502AA_012_000161.1	eggnog	domain-containing protein
Phum-OR502AA_012_000317.1	eggnog	Protein of unknown function DUF111
Phum-OR502AA_012_000316.1	eggnog	Elicitin
Phum-OR502AA_012_000162.1	eggnog	P-type ATPase (P-ATPase) superfamily
Phum-OR502AA_012_000315.1	unannotated	Hypothetical protein of unknown function
Phum-OR502AA_012_000163.1	eggnog	mTERF
Phum-OR502AA_012_000164.1	interproscan	PTHR31973 domain-containing protein
Phum-OR502AA_012_000314.1	blastp	Homology to Phytophthora cinnamomi predicted protein KAG6615230.1
Phum-OR502AA_012_000313.1	blastp	Homology to Phytophthora nicotianae predicted protein ETP04417.1
Phum-OR502AA_012_000165.1	eggnog	intracellular sterol transport (GRAMD1C)
Phum-OR502AA_012_000312.1	blastp	Homology to Phytophthora nicotianae predicted protein XP_008896863.1
Phum-OR502AA_012_000311.1	eggnog	P-type ATPase (P-ATPase) superfamily
Phum-OR502AA_012_000310.1	eggnog	Specifically deglycosylates the denatured form of N- linked glycoproteins in the cytoplasm and assists their proteasome-mediated degradation
Phum-OR502AA_012_000166.1	interproscan	PTHR21549 domain-containing protein
Phum-OR502AA_012_000309.1	interproscan	PTHR31827 domain-containing protein
Phum-OR502AA_012_000167.1	blastp	Homology to Peronospora belbahrii predicted protein CAH0480938.1
Phum-OR502AA_012_000168.1	eggnog	Trehalose-phosphatase
Phum-OR502AA_012_000308.1	eggnog	Guanine nucleotide exchange factor synembryn
Phum-OR502AA_012_000169.1	eggnog	FKBP-type peptidyl-prolyl cis-trans isomerase
Phum-OR502AA_012_000170.1	eggnog	Tetratricopeptide repeat
Phum-OR502AA_012_000171.1	eggnog	Tetratricopeptide repeat
Phum-OR502AA_012_000172.1	eggnog	domain-containing protein
Phum-OR502AA_012_000307.1	blastp	Homology to Phytophthora palmivora predicted protein POM60147.1
Phum-OR502AA_012_000173.1	eggnog	Mannosyltransferase putative
Phum-OR502AA_012_000306.1	eggnog	domain-containing protein
Phum-OR502AA_012_000174.1	blastp	Homology to Phytophthora fragariaefolia predicted protein GMF36992.1
Phum-OR502AA_012_000305.1	eggnog	Mannosyltransferase putative
Phum-OR502AA_012_000304.1	blastp	Homology to Phytophthora idaei predicted protein KAG3168261.1
Phum-OR502AA_012_000303.1	eggnog	Sigma factor PP2C-like phosphatases
Phum-OR502AA_012_000302.1	eggnog	Mannosyltransferase putative
Phum-OR502AA_012_000301.1	eggnog	Protein kinase C conserved region 2 (CalB)
Phum-OR502AA_012_000175.1	eggnog	Acetyl-coenzyme A transporter 1
Phum-OR502AA_012_000300.1	eggnog	modification-dependent protein catabolic process
Phum-OR502AA_012_000176.1	eggnog	Cysteine-rich secretory protein family
Phum-OR502AA_012_000299.1	eggnog	Cysteine-rich secretory protein family
Phum-OR502AA_012_000298.1	eggnog	Cysteine-rich secretory protein family
Phum-OR502AA_012_000297.1	eggnog	SLIDE
Phum-OR502AA_012_000177.1	blastp	Homology to Peronospora farinosa;Peronospora effusa predicted protein RMX65754.1
Phum-OR502AA_012_000296.1	eggnog	domain-containing protein
Phum-OR502AA_012_000178.1	eggnog	Protein kinase C conserved region 2 (CalB)
Phum-OR502AA_012_000179.1	blastp	Homology to Phytophthora cactorum predicted protein KAG2787166.1
Phum-OR502AA_012_000295.1	eggnog	Catalyzes the dehydration of the S-form of NAD(P)HX at the expense of ATP, which is converted to ADP
Phum-OR502AA_012_000180.1	unannotated	Hypothetical protein of unknown function
Phum-OR502AA_012_000181.1	eggnog	Domain of unknown function (DUF1974)
Phum-OR502AA_012_000294.1	blastp	Homology to Peronospora destructor predicted protein CAI5716249.1
Phum-OR502AA_012_000182.1	eggnog	Mycolic acid cyclopropane synthetase
Phum-OR502AA_012_000293.1	interproscan	SSF47473 domain-containing protein
Phum-OR502AA_012_000183.1	blastp	Homology to Phytophthora citrophthora predicted protein KAK1947016.1
Phum-OR502AA_012_000184.1	blastp	Homology to Phytophthora palmivora predicted protein POM59442.1
Phum-OR502AA_012_000292.1	blastp	Homology to Phytophthora sojae predicted protein XP_009517549.1
Phum-OR502AA_012_000291.1	eggnog	Enoyl-(Acyl carrier protein) reductase
Phum-OR502AA_012_000290.1	eggnog	N-acetyldiaminopimelate deacetylase activity
Phum-OR502AA_012_000185.1	eggnog	The coatomer is a cytosolic protein complex that binds to dilysine motifs and reversibly associates with Golgi non- clathrin-coated vesicles, which further mediate biosynthetic protein transport from the ER, via the Golgi up to the trans Golgi network
Phum-OR502AA_012_000289.1	eggnog	Glycosyl hydrolase family 47
Phum-OR502AA_012_000186.1	eggnog	Endoplasmic reticulum-based factor for assembly of V-ATPase
Phum-OR502AA_012_000187.1	eggnog	NEMP family
Phum-OR502AA_012_000288.1	interproscan	PTHR31827 domain-containing protein
Phum-OR502AA_012_000287.1	eggnog	Protein kinase C conserved region 2 (CalB)
Phum-OR502AA_012_000188.1	eggnog	Protein kinase C conserved region 2 (CalB)
Phum-OR502AA_012_000286.1	eggnog	Hsp70 protein
Phum-OR502AA_012_000189.1	eggnog	HNH endonuclease
Phum-OR502AA_012_000285.1	eggnog	Aminotransferase class I and II
Phum-OR502AA_012_000190.1	eggnog	Domain in histone families 1 and 5
Phum-OR502AA_012_000284.1	eggnog	Centrosomal protein
Phum-OR502AA_012_000191.1	eggnog	domain-containing protein
Phum-OR502AA_012_000192.1	eggnog	Bromodomain extra-terminal - transcription regulation
Phum-OR502AA_012_000283.1	interproscan	PTHR32083 domain-containing protein
Phum-OR502AA_012_000282.1	eggnog	domain-containing protein
Phum-OR502AA_012_000193.1	eggnog	C2H2 type zinc-finger (2 copies)
Phum-OR502AA_012_000194.1	eggnog	Mo25-like
Phum-OR502AA_012_000195.1	eggnog	domain-containing protein
Phum-OR502AA_012_000196.1	eggnog	Las1-like
Phum-OR502AA_012_000281.1	eggnog	C-terminal, D2-small domain, of ClpB protein
Phum-OR502AA_012_000197.1	eggnog	Ring finger
Phum-OR502AA_012_000280.1	eggnog	Ubiquitin-2 like Rad60 SUMO-like
Phum-OR502AA_012_000198.1	blastp	Homology to Phytophthora pseudosyringae predicted protein KAG7387405.1
Phum-OR502AA_012_000279.1	eggnog	Integral membrane protein S linking to the trans Golgi network
Phum-OR502AA_012_000199.1	eggnog	Fungal trichothecene efflux pump (TRI12)
Phum-OR502AA_012_000278.1	interproscan	PTHR47357 domain-containing protein
Phum-OR502AA_012_000200.1	blastp	Homology to Phytophthora pseudosyringae predicted protein KAG7387410.1
Phum-OR502AA_012_000277.1	eggnog	Bestrophin, RFP-TM, chloride channel
Phum-OR502AA_012_000201.1	eggnog	Autophagy protein Apg6
Phum-OR502AA_012_000276.1	interproscan	PTHR35213 domain-containing protein
Phum-OR502AA_012_000275.1	eggnog	autophagosome maturation
Phum-OR502AA_012_000274.1	eggnog	TRAF-type zinc finger
Phum-OR502AA_012_000202.1	eggnog	protein tyrosine/serine/threonine phosphatase activity
Phum-OR502AA_012_000273.1	eggnog	tRNA 5'-leader removal
Phum-OR502AA_012_000203.1	eggnog	tRNA 5'-leader removal
Phum-OR502AA_012_000272.1	eggnog	Biopterin-dependent aromatic amino acid hydroxylase
Phum-OR502AA_012_000204.1	eggnog	domain-containing protein
Phum-OR502AA_012_000205.1	eggnog	domain-containing protein
Phum-OR502AA_012_000206.1	eggnog	Serine carboxypeptidase
Phum-OR502AA_012_000271.1	eggnog	tRNA 5'-leader removal
Phum-OR502AA_012_000207.1	eggnog	tRNA 5'-leader removal
Phum-OR502AA_012_000208.1	interproscan	PTHR12459 domain-containing protein
Phum-OR502AA_012_000209.1	eggnog	FYVE zinc finger
Phum-OR502AA_012_000210.1	eggnog	domain-containing protein
Phum-OR502AA_012_000270.1	eggnog	GHMP kinases C terminal
Phum-OR502AA_012_000211.1	eggnog	DNA Topoisomerase I (eukaryota)
Phum-OR502AA_012_000269.1	eggnog	ankyrin repeats
Phum-OR502AA_012_000212.1	blastp	Homology to Phytophthora infestans predicted protein KAF4044193.1
Phum-OR502AA_012_000213.1	interproscan	PTHR13510 domain-containing protein
Phum-OR502AA_012_000214.1	eggnog	DAHP synthetase I family
Phum-OR502AA_012_000268.1	eggnog	Iguana/Dzip1-like DAZ-interacting protein N-terminal
Phum-OR502AA_012_000215.1	eggnog	Transcription factor subunit Med10 of Mediator complex
Phum-OR502AA_012_000267.1	eggnog	voltage-gated potassium channel activity
Phum-OR502AA_012_000266.1	eggnog	domain-containing protein
Phum-OR502AA_012_000265.1	eggnog	Ion transport protein
Phum-OR502AA_012_000216.1	eggnog	domain-containing protein
Phum-OR502AA_012_000264.1	blastp	Homology to Peronospora belbahrii predicted protein CAH0480800.1
Phum-OR502AA_012_000217.1	interproscan	PTHR12459 domain-containing protein
Phum-OR502AA_012_000218.1	eggnog	Ankyrin repeats (3 copies)
Phum-OR502AA_012_000263.1	eggnog	Sulfite exporter TauE/SafE
Phum-OR502AA_012_000219.1	interproscan	PTHR14312 domain-containing protein
Phum-OR502AA_012_000262.1	eggnog	internal peptidyl-lysine acetylation
Phum-OR502AA_012_000261.1	eggnog	domain-containing protein
Phum-OR502AA_012_000220.1	eggnog	Type III restriction enzyme, res subunit
Phum-OR502AA_012_000221.1	eggnog	domain-containing protein
Phum-OR502AA_012_000260.1	eggnog	domain-containing protein
Phum-OR502AA_012_000222.1	eggnog	cobalamin binding
Phum-OR502AA_012_000223.1	eggnog	2OG-Fe(II) oxygenase superfamily
Phum-OR502AA_012_000224.1	interproscan	PTHR46759 domain-containing protein
Phum-OR502AA_012_000225.1	blastp	Homology to Phytophthora cinnamomi predicted protein KAG6584950.1
Phum-OR502AA_012_000226.1	eggnog	Endonuclease/Exonuclease/phosphatase family
Phum-OR502AA_012_000227.1	eggnog	Leucine-rich repeat - CC (cysteine-containing) subfamily
Phum-OR502AA_012_000228.1	eggnog	Endoplasmic Reticulum-Golgi Intermediate Compartment (ERGIC)
Phum-OR502AA_012_000259.1	interproscan	PTHR40861 domain-containing protein
Phum-OR502AA_012_000229.1	eggnog	Arginine methyltransferase involved in the assembly or stability of mitochondrial NADH ubiquinone oxidoreductase complex (complex I)
Phum-OR502AA_012_000258.1	eggnog	Ribosomal protein L10
Phum-OR502AA_012_000257.1	blastp	Homology to Phytophthora cinnamomi predicted protein KAG6584950.1
Phum-OR502AA_012_000256.1	interproscan	G3DSA:3.80.10.10 domain-containing protein
Phum-OR502AA_012_000230.1	unannotated	Hypothetical protein of unknown function
Phum-OR502AA_012_000231.1	unannotated	Hypothetical protein of unknown function
Phum-OR502AA_012_000255.1	interproscan	BZIP transcription factor 1 C-terminal domain (PF27643)
Phum-OR502AA_012_000232.1	eggnog	peripheral T cell tolerance induction
Phum-OR502AA_012_000233.1	eggnog	peripheral T cell tolerance induction
Phum-OR502AA_012_000234.1	eggnog	domain-containing protein
Phum-OR502AA_012_000235.1	eggnog	Microtubule-binding stalk of dynein motor
Phum-OR502AA_012_000254.1	blastp	Homology to Phytophthora idaei predicted protein KAG3123070.1
Phum-OR502AA_012_000236.1	blastp	Homology to Phytophthora megakarya predicted protein OWZ22415.1
Phum-OR502AA_012_000237.1	eggnog	Ribosomal protein L36
Phum-OR502AA_012_000238.1	eggnog	Tubulin-tyrosine ligase family
Phum-OR502AA_012_000239.1	interproscan	PTHR35982 domain-containing protein
Phum-OR502AA_012_000240.1	eggnog	Putative GTP-ase activating proteins for the small GTPase, ARF
Phum-OR502AA_012_000253.1	eggnog	The pyruvate dehydrogenase complex catalyzes the overall conversion of pyruvate to acetyl-CoA and CO(2)
Phum-OR502AA_012_000252.1	blastp	Homology to Phytophthora rubi predicted protein KAE9040407.1
Phum-OR502AA_012_000241.1	eggnog	L-arabinose catabolic process
Phum-OR502AA_012_000242.1	eggnog	Nbl1 / Borealin N terminal
Phum-OR502AA_012_000251.1	eggnog	domain-containing protein
Phum-OR502AA_012_000243.1	eggnog	C-terminal domain of 1-Cys peroxiredoxin
Phum-OR502AA_012_000250.1	eggnog	regulation of glycolytic process by negative regulation of transcription from RNA polymerase II promoter
Phum-OR502AA_012_000244.1	blastp	Homology to Peronospora effusa predicted protein RQM13392.1
Phum-OR502AA_012_000249.1	eggnog	DUF4217
Phum-OR502AA_012_000245.1	eggnog	Tim44
Phum-OR502AA_012_000248.1	eggnog	Kelch motif
Phum-OR502AA_012_000246.1	eggnog	domain-containing protein
Phum-OR502AA_012_000247.1	eggnog	regulation of kinetochore assembly
Phum-OR502AA_013_000527.1	unannotated	Hypothetical protein of unknown function
Phum-OR502AA_013_000526.1	eggnog	Origin recognition complex (ORC) subunit 4 C-terminus
Phum-OR502AA_013_000525.1	eggnog	Origin recognition complex (ORC) subunit 4 C-terminus
Phum-OR502AA_013_000524.1	unannotated	Hypothetical protein of unknown function
Phum-OR502AA_013_000001.1	blastp	Homology to Peronospora destructor predicted protein CAI5716565.1
Phum-OR502AA_013_000002.1	blastp	Homology to Phytophthora ramorum predicted protein KAH7461872.1
Phum-OR502AA_013_000523.1	eggnog	Leucine-rich repeats, outliers
Phum-OR502AA_013_000003.1	eggnog	Sugar-transfer associated ATP-grasp
Phum-OR502AA_013_000522.1	unannotated	Hypothetical protein of unknown function
Phum-OR502AA_013_000004.1	eggnog	EF-hand domain pair
Phum-OR502AA_013_000521.1	eggnog	Ankyrin repeats (many copies)
Phum-OR502AA_013_000520.1	eggnog	Sugar-transfer associated ATP-grasp
Phum-OR502AA_013_000005.1	eggnog	Sugar-transfer associated ATP-grasp
Phum-OR502AA_013_000519.1	eggnog	Sugar-transfer associated ATP-grasp
Phum-OR502AA_013_000006.1	eggnog	Leucine-rich repeats, outliers
Phum-OR502AA_013_000518.1	blastp	Homology to Phytophthora ramorum predicted protein KAH7461872.1
Phum-OR502AA_013_000517.1	unannotated	Hypothetical protein of unknown function
Phum-OR502AA_013_000007.1	eggnog	Catalyzes the synthesis of dihydrouridine, a modified base found in the D-loop of most tRNAs
Phum-OR502AA_013_000516.1	eggnog	Dihydrouridine synthase (Dus)
Phum-OR502AA_013_000008.1	blastp	Homology to Peronospora destructor predicted protein CAI5711405.1
Phum-OR502AA_013_000009.1	interproscan	G3DSA:3.90.1720.10 domain-containing protein
Phum-OR502AA_013_000515.1	eggnog	domain-containing protein
Phum-OR502AA_013_000514.1	eggnog	NAD-dependent histone deacetylase activity (H3-K14 specific)
Phum-OR502AA_013_000010.1	eggnog	Sugar (and other) transporter
Phum-OR502AA_013_000011.1	eggnog	domain-containing protein
Phum-OR502AA_013_000513.1	eggnog	Cid1 family poly A polymerase
Phum-OR502AA_013_000012.1	eggnog	Cid1 family poly A polymerase
Phum-OR502AA_013_000512.1	eggnog	domain-containing protein
Phum-OR502AA_013_000013.1	eggnog	Sds3-like
Phum-OR502AA_013_000014.1	eggnog	Intron-binding protein aquarius N-terminus
Phum-OR502AA_013_000511.1	blastp	Homology to Peronospora belbahrii predicted protein CAH0514799.1
Phum-OR502AA_013_000510.1	eggnog	O-methyltransferase
Phum-OR502AA_013_000509.1	blastp	Homology to Phytophthora pseudosyringae predicted protein KAG7388400.1
Phum-OR502AA_013_000508.1	eggnog	Serine aminopeptidase, S33
Phum-OR502AA_013_000507.1	eggnog	Serine aminopeptidase, S33
Phum-OR502AA_013_000015.1	eggnog	Serine aminopeptidase, S33
Phum-OR502AA_013_000506.1	blastp	Homology to Phytophthora aleatoria predicted protein KAG6970614.1
Phum-OR502AA_013_000016.1	blastp	Homology to Peronospora effusa predicted protein RQM15101.1
Phum-OR502AA_013_000505.1	eggnog	Serine aminopeptidase, S33
Phum-OR502AA_013_000017.1	blastp	Homology to Peronospora effusa predicted protein RQM15101.1
Phum-OR502AA_013_000018.1	eggnog	Dual specificity protein phosphatase, N-terminal half
Phum-OR502AA_013_000504.1	eggnog	Belongs to the SKP1 family
Phum-OR502AA_013_000019.1	eggnog	PHD zinc finger
Phum-OR502AA_013_000503.1	blastp	Homology to Phytophthora nicotianae predicted protein XP_008902262.1
Phum-OR502AA_013_000020.1	eggnog	Glutathione peroxidase
Phum-OR502AA_013_000021.1	eggnog	Mak16 protein C-terminal region
Phum-OR502AA_013_000502.1	eggnog	Microtubule binding
Phum-OR502AA_013_000022.1	eggnog	domain-containing protein
Phum-OR502AA_013_000501.1	eggnog	Cutinase
Phum-OR502AA_013_000500.1	eggnog	Cutinase
Phum-OR502AA_013_000499.1	eggnog	Cutinase
Phum-OR502AA_013_000498.1	eggnog	Cutinase
Phum-OR502AA_013_000497.1	eggnog	Cutinase
Phum-OR502AA_013_000496.1	eggnog	Cutinase
Phum-OR502AA_013_000495.1	eggnog	Cutinase
Phum-OR502AA_013_000494.1	eggnog	Cutinase
Phum-OR502AA_013_000493.1	eggnog	Cutinase
Phum-OR502AA_013_000492.1	eggnog	Cutinase
Phum-OR502AA_013_000491.1	eggnog	Cutinase
Phum-OR502AA_013_000490.1	eggnog	Cutinase
Phum-OR502AA_013_000489.1	eggnog	Cutinase
Phum-OR502AA_013_000488.1	eggnog	Cutinase
Phum-OR502AA_013_000023.1	eggnog	Cutinase
Phum-OR502AA_013_000024.1	blastp	Homology to Phytophthora citrophthora predicted protein KAK1931745.1
Phum-OR502AA_013_000487.1	eggnog	domain-containing protein
Phum-OR502AA_013_000025.1	eggnog	ARF-like small GTPases; ARF, ADP-ribosylation factor
Phum-OR502AA_013_000026.1	eggnog	Phosphoglucomutase/phosphomannomutase, alpha/beta/alpha domain II
Phum-OR502AA_013_000486.1	eggnog	acetyltransferase activator activity
Phum-OR502AA_013_000485.1	eggnog	Bromodomain extra-terminal - transcription regulation
Phum-OR502AA_013_000484.1	eggnog	ARF-like small GTPases; ARF, ADP-ribosylation factor
Phum-OR502AA_013_000483.1	blastp	Homology to Peronospora effusa predicted protein RMX68953.1
Phum-OR502AA_013_000027.1	eggnog	domain-containing protein
Phum-OR502AA_013_000482.1	eggnog	TRAF-type zinc finger
Phum-OR502AA_013_000028.1	blastp	Homology to Phytophthora nicotianae predicted protein KUF81157.1
Phum-OR502AA_013_000481.1	eggnog	PD-(D/E)XK nuclease superfamily
Phum-OR502AA_013_000029.1	eggnog	DDHD
Phum-OR502AA_013_000480.1	unannotated	Hypothetical protein of unknown function
Phum-OR502AA_013_000479.1	unannotated	Hypothetical protein of unknown function
Phum-OR502AA_013_000030.1	blastp	Homology to Phytophthora lilii predicted protein GMF09929.1
Phum-OR502AA_013_000478.1	eggnog	BAAT / Acyl-CoA thioester hydrolase C terminal
Phum-OR502AA_013_000477.1	eggnog	Dynein light chain type 1
Phum-OR502AA_013_000031.1	eggnog	DinB superfamily
Phum-OR502AA_013_000476.1	eggnog	Conserved gene of
Phum-OR502AA_013_000475.1	eggnog	Polyprenyl synthetase
Phum-OR502AA_013_000032.1	eggnog	Domain of unknown function (DUF4598)
Phum-OR502AA_013_000033.1	blastp	Homology to Peronospora farinosa;Peronospora effusa predicted protein RMX63766.1
Phum-OR502AA_013_000474.1	eggnog	Isy1-like splicing family
Phum-OR502AA_013_000034.1	eggnog	domain-containing protein
Phum-OR502AA_013_000035.1	blastp	Homology to Phytophthora nicotianae predicted protein ETK91739.1
Phum-OR502AA_013_000473.1	eggnog	domain-containing protein
Phum-OR502AA_013_000036.1	eggnog	ELMO/CED-12 family
Phum-OR502AA_013_000472.1	eggnog	Excises uracil residues from the DNA which can arise as a result of misincorporation of dUMP residues by DNA polymerase or due to deamination of cytosine
Phum-OR502AA_013_000471.1	eggnog	Belongs to the TRAFAC class myosin-kinesin ATPase superfamily
Phum-OR502AA_013_000037.1	eggnog	oxidoreductase activity, acting on paired donors, with oxidation of a pair of donors resulting in the reduction of molecular oxygen to two molecules of water
Phum-OR502AA_013_000038.1	eggnog	domain-containing protein
Phum-OR502AA_013_000039.1	eggnog	Dynein heavy chain, N-terminal region 1
Phum-OR502AA_013_000470.1	eggnog	GDP-mannose hydrolase activity
Phum-OR502AA_013_000040.1	eggnog	Autophagocytosis associated protein C-terminal
Phum-OR502AA_013_000041.1	eggnog	Rab subfamily of small GTPases
Phum-OR502AA_013_000469.1	eggnog	Protein of unknown function (DUF501)
Phum-OR502AA_013_000468.1	unannotated	Hypothetical protein of unknown function
Phum-OR502AA_013_000042.1	eggnog	cellular component assembly
Phum-OR502AA_013_000467.1	blastp	Homology to Phytophthora cinnamomi predicted protein KAG6610617.1
Phum-OR502AA_013_000466.1	eggnog	Parkin co-regulated protein
Phum-OR502AA_013_000465.1	eggnog	Leucine-rich repeat - CC (cysteine-containing) subfamily
Phum-OR502AA_013_000043.1	eggnog	Protein of unknown function (DUF726)
Phum-OR502AA_013_000464.1	eggnog	Tetratricopeptide repeat
Phum-OR502AA_013_000044.1	eggnog	Mitochondrial carrier protein
Phum-OR502AA_013_000045.1	eggnog	Up-frameshift suppressor 2
Phum-OR502AA_013_000463.1	eggnog	Elicitin
Phum-OR502AA_013_000462.1	eggnog	elicitin protein
Phum-OR502AA_013_000046.1	eggnog	domain-containing protein
Phum-OR502AA_013_000047.1	eggnog	domain-containing protein
Phum-OR502AA_013_000461.1	eggnog	Sugar-transfer associated ATP-grasp
Phum-OR502AA_013_000048.1	eggnog	domain-containing protein
Phum-OR502AA_013_000049.1	eggnog	domain-containing protein
Phum-OR502AA_013_000460.1	eggnog	Sugar-transfer associated ATP-grasp
Phum-OR502AA_013_000050.1	eggnog	domain-containing protein
Phum-OR502AA_013_000051.1	unannotated	Hypothetical protein of unknown function
Phum-OR502AA_013_000052.1	unannotated	Hypothetical protein of unknown function
Phum-OR502AA_013_000053.1	eggnog	domain-containing protein
Phum-OR502AA_013_000054.1	eggnog	Protein of unknown function (DUF1084)
Phum-OR502AA_013_000459.1	eggnog	domain-containing protein
Phum-OR502AA_013_000458.1	blastp	Homology to Phytophthora cactorum predicted protein KAF1781000.1
Phum-OR502AA_013_000055.1	eggnog	PIGA (GPI anchor biosynthesis)
Phum-OR502AA_013_000457.1	eggnog	Rdx family
Phum-OR502AA_013_000056.1	eggnog	MoeA N-terminal region (domain I and II)
Phum-OR502AA_013_000456.1	eggnog	FKBP-type peptidyl-prolyl cis-trans isomerase
Phum-OR502AA_013_000455.1	eggnog	eRF1_1
Phum-OR502AA_013_000057.1	eggnog	Sin3 binding region of histone deacetylase complex subunit SAP30
Phum-OR502AA_013_000454.1	eggnog	domain-containing protein
Phum-OR502AA_013_000453.1	blastp	Homology to Phytophthora rubi predicted protein KAE9009490.1
Phum-OR502AA_013_000452.1	eggnog	Sugar-transfer associated ATP-grasp
Phum-OR502AA_013_000451.1	blastp	Homology to Phytophthora aleatoria predicted protein KAG6961511.1
Phum-OR502AA_013_000058.1	eggnog	Ubiquitin-like modifier-activating enzyme ATG7 N-terminus
Phum-OR502AA_013_000450.1	eggnog	domain-containing protein
Phum-OR502AA_013_000449.1	unannotated	Hypothetical protein of unknown function
Phum-OR502AA_013_000448.1	eggnog	ABC transporter
Phum-OR502AA_013_000447.1	eggnog	Domain of unknown function DUF21
Phum-OR502AA_013_000446.1	eggnog	HMGL-like
Phum-OR502AA_013_000059.1	blastp	Homology to Phytophthora megakarya predicted protein OWZ04440.1
Phum-OR502AA_013_000060.1	eggnog	Plays a role in vesicular protein sorting
Phum-OR502AA_013_000445.1	eggnog	domain-containing protein
Phum-OR502AA_013_000061.1	eggnog	Amino-transferase class IV
Phum-OR502AA_013_000444.1	blastp	Homology to Phytophthora ramorum predicted protein KAH7462011.1
Phum-OR502AA_013_000443.1	eggnog	GTPase activity
Phum-OR502AA_013_000062.1	eggnog	CAAX prenyl protease N-terminal, five membrane helices
Phum-OR502AA_013_000442.1	eggnog	domain-containing protein
Phum-OR502AA_013_000063.1	eggnog	Mediator of CRAC channel activity
Phum-OR502AA_013_000064.1	eggnog	Homoserine dehydrogenase
Phum-OR502AA_013_000441.1	eggnog	Mediator of CRAC channel activity
Phum-OR502AA_013_000440.1	interproscan	PTHR40261 domain-containing protein
Phum-OR502AA_013_000065.1	eggnog	high-affinity glutamate transmembrane transporter activity
Phum-OR502AA_013_000439.1	eggnog	Endonuclease/Exonuclease/phosphatase family
Phum-OR502AA_013_000066.1	blastp	Homology to Peronospora destructor predicted protein CAI5710543.1
Phum-OR502AA_013_000067.1	blastp	Homology to Phytophthora cinnamomi predicted protein KAG6610567.1
Phum-OR502AA_013_000438.1	eggnog	Uncharacterized conserved protein (DUF2363)
Phum-OR502AA_013_000068.1	eggnog	Potential Queuosine, Q, salvage protein family
Phum-OR502AA_013_000069.1	interproscan	PTHR47190 domain-containing protein
Phum-OR502AA_013_000070.1	unannotated	Hypothetical protein of unknown function
Phum-OR502AA_013_000071.1	blastp	Homology to Phytophthora cinnamomi predicted protein KAG6610568.1
Phum-OR502AA_013_000437.1	eggnog	synthase
Phum-OR502AA_013_000072.1	unannotated	Hypothetical protein of unknown function
Phum-OR502AA_013_000073.1	unannotated	Hypothetical protein of unknown function
Phum-OR502AA_013_000436.1	unannotated	Hypothetical protein of unknown function
Phum-OR502AA_013_000435.1	unannotated	Hypothetical protein of unknown function
Phum-OR502AA_013_000434.1	eggnog	domain-containing protein
Phum-OR502AA_013_000433.1	eggnog	Belongs to the class I-like SAM-binding methyltransferase superfamily
Phum-OR502AA_013_000074.1	blastp	Homology to Phytophthora pseudosyringae predicted protein KAG7381009.1
Phum-OR502AA_013_000432.1	eggnog	domain-containing protein
Phum-OR502AA_013_000075.1	eggnog	domain-containing protein
Phum-OR502AA_013_000431.1	unannotated	Hypothetical protein of unknown function
Phum-OR502AA_013_000076.1	eggnog	Protein of unknown function (DUF2439)
Phum-OR502AA_013_000430.1	blastp	Homology to Phytophthora cactorum predicted protein KAF1773365.1
Phum-OR502AA_013_000429.1	eggnog	Protein present in Fab1, YOTB, Vac1, and EEA1
Phum-OR502AA_013_000428.1	eggnog	mRNA cap-binding component of the eukaryotic translation initiation factor 3 (eIF-3) complex, which is involved in protein synthesis of a specialized repertoire of mRNAs and, together with other initiation factors, stimulates binding of mRNA and methionyl-tRNAi to the 40S ribosome
Phum-OR502AA_013_000427.1	eggnog	AMP-binding enzyme
Phum-OR502AA_013_000077.1	eggnog	Beta-lactamase
Phum-OR502AA_013_000426.1	interproscan	PTHR37066 domain-containing protein
Phum-OR502AA_013_000078.1	eggnog	protein-cysteine S-palmitoyltransferase activity
Phum-OR502AA_013_000425.1	eggnog	MraW methylase family
Phum-OR502AA_013_000424.1	eggnog	Phosphate acyltransferases
Phum-OR502AA_013_000079.1	eggnog	Magnesium transporter NIPA
Phum-OR502AA_013_000423.1	unannotated	Hypothetical protein of unknown function
Phum-OR502AA_013_000080.1	eggnog	Broad-specificity nucleoside monophosphate (NMP) kinase that catalyzes the reversible transfer of the terminal phosphate group between nucleoside triphosphates and monophosphates
Phum-OR502AA_013_000422.1	blastp	Homology to Phytophthora fragariae predicted protein KAE8875884.1
Phum-OR502AA_013_000421.1	eggnog	Aconitase family (aconitate hydratase)
Phum-OR502AA_013_000081.1	eggnog	Haloacid dehalogenase-like hydrolase
Phum-OR502AA_013_000420.1	eggnog	WD repeat protein 35. Source PGD
Phum-OR502AA_013_000419.1	blastp	Homology to Phytophthora citrophthora predicted protein KAK1929651.1
Phum-OR502AA_013_000082.1	eggnog	Promotes mitochondrial protein synthesis
Phum-OR502AA_013_000083.1	unannotated	Hypothetical protein of unknown function
Phum-OR502AA_013_000084.1	unannotated	Hypothetical protein of unknown function
Phum-OR502AA_013_000085.1	blastp	Homology to Phytophthora cactorum predicted protein KAG3011581.1
Phum-OR502AA_013_000086.1	blastp	Homology to Phytophthora capsici predicted protein KAG1694035.1
Phum-OR502AA_013_000087.1	unannotated	Hypothetical protein of unknown function
Phum-OR502AA_013_000418.1	blastp	Homology to Phytophthora pseudosyringae predicted protein KAG7380203.1
Phum-OR502AA_013_000088.1	blastp	Homology to Phytophthora capsici predicted protein KAG1694038.1
Phum-OR502AA_013_000417.1	blastp	Homology to Phytophthora cactorum predicted protein KAG3011581.1
Phum-OR502AA_013_000416.1	interproscan	PTHR33862 domain-containing protein
Phum-OR502AA_013_000089.1	blastp	Homology to Phytophthora cactorum predicted protein KAG2767090.1
Phum-OR502AA_013_000090.1	eggnog	nucleosome assembly (CHAF1A)
Phum-OR502AA_013_000091.1	eggnog	Cytochrome c oxidase subunit Vb
Phum-OR502AA_013_000415.1	eggnog	domain-containing protein
Phum-OR502AA_013_000092.1	eggnog	Sulfatase-modifying factor enzyme 1
Phum-OR502AA_013_000093.1	unannotated	Hypothetical protein of unknown function
Phum-OR502AA_013_000094.1	eggnog	Sulfatase-modifying factor enzyme 1
Phum-OR502AA_013_000095.1	unannotated	Hypothetical protein of unknown function
Phum-OR502AA_013_000096.1	eggnog	Sulfatase-modifying factor enzyme 1
Phum-OR502AA_013_000097.1	unannotated	Hypothetical protein of unknown function
Phum-OR502AA_013_000098.1	eggnog	Sulfatase-modifying factor enzyme 1
Phum-OR502AA_013_000099.1	unannotated	Hypothetical protein of unknown function
Phum-OR502AA_013_000100.1	eggnog	Sulfatase-modifying factor enzyme 1
Phum-OR502AA_013_000101.1	unannotated	Hypothetical protein of unknown function
Phum-OR502AA_013_000414.1	eggnog	domain-containing protein
Phum-OR502AA_013_000102.1	eggnog	domain-containing protein
Phum-OR502AA_013_000413.1	blastp	Homology to Phytophthora lilii predicted protein GMF20262.1
Phum-OR502AA_013_000103.1	blastp	Homology to Phytophthora nicotianae predicted protein ETK73427.1
Phum-OR502AA_013_000104.1	blastp	Homology to Phytophthora fragariae predicted protein KAE9309079.1
Phum-OR502AA_013_000412.1	eggnog	domain-containing protein
Phum-OR502AA_013_000105.1	eggnog	Hepatocellular carcinoma-associated antigen 59
Phum-OR502AA_013_000106.1	eggnog	Domain of unknown function (DUF4833)
Phum-OR502AA_013_000411.1	eggnog	Sulfite exporter TauE/SafE
Phum-OR502AA_013_000107.1	eggnog	RxLR effector
Phum-OR502AA_013_000410.1	eggnog	domain-containing protein
Phum-OR502AA_013_000409.1	eggnog	Leucine Rich Repeat
Phum-OR502AA_013_000408.1	eggnog	RxLR effector
Phum-OR502AA_013_000108.1	eggnog	ATPase family associated with various cellular activities (AAA)
Phum-OR502AA_013_000407.1	unannotated	Hypothetical protein of unknown function
Phum-OR502AA_013_000406.1	eggnog	RxLR effector
Phum-OR502AA_013_000405.1	eggnog	domain-containing protein
Phum-OR502AA_013_000109.1	eggnog	Nitroreductase family
Phum-OR502AA_013_000110.1	unannotated	Hypothetical protein of unknown function
Phum-OR502AA_013_000404.1	unannotated	Hypothetical protein of unknown function
Phum-OR502AA_013_000403.1	eggnog	Nitroreductase family
Phum-OR502AA_013_000111.1	eggnog	domain-containing protein
Phum-OR502AA_013_000112.1	unannotated	Hypothetical protein of unknown function
Phum-OR502AA_013_000113.1	eggnog	RxLR effector
Phum-OR502AA_013_000114.1	unannotated	Hypothetical protein of unknown function
Phum-OR502AA_013_000402.1	eggnog	ATPase family associated with various cellular activities (AAA)
Phum-OR502AA_013_000115.1	eggnog	RxLR effector
Phum-OR502AA_013_000116.1	eggnog	Preprotein translocase subunit Sec66
Phum-OR502AA_013_000401.1	eggnog	Domain of unknown function (DUF4524)
Phum-OR502AA_013_000400.1	eggnog	Sugar fermentation stimulation protein
Phum-OR502AA_013_000117.1	eggnog	Amidohydrolase family
Phum-OR502AA_013_000118.1	eggnog	Replication factor A protein 3
Phum-OR502AA_013_000119.1	eggnog	domain-containing protein
Phum-OR502AA_013_000120.1	eggnog	2-oxoacid dehydrogenases acyltransferase (catalytic domain)
Phum-OR502AA_013_000121.1	eggnog	domain-containing protein
Phum-OR502AA_013_000399.1	eggnog	intraciliary transport involved in cilium assembly
Phum-OR502AA_013_000122.1	eggnog	Provides the precursors necessary for DNA synthesis
Phum-OR502AA_013_000398.1	eggnog	ABC-2 type transporter
Phum-OR502AA_013_000397.1	eggnog	Thioesterase superfamily
Phum-OR502AA_013_000396.1	eggnog	acyl-CoA hydrolase activity
Phum-OR502AA_013_000395.1	eggnog	RxLR effector
Phum-OR502AA_013_000123.1	blastp	Homology to Phytophthora lilii predicted protein GMF26414.1
Phum-OR502AA_013_000124.1	blastp	Homology to Phytophthora rubi predicted protein KAE9047082.1
Phum-OR502AA_013_000125.1	eggnog	Domain in homologues of a S
Phum-OR502AA_013_000394.1	eggnog	Histidine kinase-, DNA gyrase B-, and HSP90-like ATPase
Phum-OR502AA_013_000393.1	blastp	Homology to Peronospora belbahrii predicted protein CAH0477005.1
Phum-OR502AA_013_000126.1	eggnog	domain-containing protein
Phum-OR502AA_013_000392.1	eggnog	IQ calmodulin-binding motif
Phum-OR502AA_013_000127.1	eggnog	domain-containing protein
Phum-OR502AA_013_000391.1	eggnog	IQ calmodulin-binding motif
Phum-OR502AA_013_000128.1	eggnog	domain-containing protein
Phum-OR502AA_013_000129.1	eggnog	domain-containing protein
Phum-OR502AA_013_000130.1	eggnog	Inositol monophosphatase family
Phum-OR502AA_013_000390.1	eggnog	domain-containing protein
Phum-OR502AA_013_000389.1	eggnog	domain-containing protein
Phum-OR502AA_013_000131.1	eggnog	IQ calmodulin-binding motif
Phum-OR502AA_013_000132.1	blastp	Homology to Phytophthora ramorum predicted protein KAH7472085.1
Phum-OR502AA_013_000133.1	blastp	Homology to Peronospora effusa predicted protein CAI5717945.1
Phum-OR502AA_013_000388.1	blastp	Homology to Phytophthora ramorum predicted protein KAH7472085.1
Phum-OR502AA_013_000387.1	eggnog	Glucokinase
Phum-OR502AA_013_000134.1	eggnog	Glucokinase
Phum-OR502AA_013_000135.1	eggnog	Glucokinase
Phum-OR502AA_013_000136.1	blastp	Homology to Phytophthora nicotianae predicted protein ETL28849.1
Phum-OR502AA_013_000386.1	blastp	Homology to Phytophthora fragariae predicted protein KAE9099399.1
Phum-OR502AA_013_000385.1	eggnog	domain-containing protein
Phum-OR502AA_013_000137.1	eggnog	Bardet-Biedl syndrome 5 protein
Phum-OR502AA_013_000138.1	blastp	Homology to Phytophthora fragariae;Phytophthora rubi predicted protein KAE8892384.1
Phum-OR502AA_013_000384.1	eggnog	Type III restriction enzyme, res subunit
Phum-OR502AA_013_000139.1	blastp	Homology to Phytophthora pseudosyringae predicted protein KAG7380048.1
Phum-OR502AA_013_000140.1	eggnog	K-box region
Phum-OR502AA_013_000383.1	eggnog	FKBP-type peptidyl-prolyl cis-trans isomerase
Phum-OR502AA_013_000382.1	eggnog	domain-containing protein
Phum-OR502AA_013_000141.1	blastp	Homology to Phytophthora cinnamomi predicted protein KAG6612402.1
Phum-OR502AA_013_000381.1	eggnog	domain-containing protein
Phum-OR502AA_013_000142.1	eggnog	Golgi organization
Phum-OR502AA_013_000380.1	blastp	Homology to Phytophthora nicotianae predicted protein XP_008911837.1
Phum-OR502AA_013_000379.1	blastp	Homology to Phytophthora idaei predicted protein KAG3135794.1
Phum-OR502AA_013_000143.1	blastp	Homology to Peronospora effusa predicted protein RQM11296.1
Phum-OR502AA_013_000144.1	eggnog	axoneme assembly
Phum-OR502AA_013_000378.1	interproscan	PTHR35465 domain-containing protein
Phum-OR502AA_013_000377.1	interproscan	PTHR22538 domain-containing protein
Phum-OR502AA_013_000376.1	eggnog	Crinkler (CRN) family protein
Phum-OR502AA_013_000145.1	interproscan	PTHR22538 domain-containing protein
Phum-OR502AA_013_000375.1	eggnog	Mitochondrial import inner membrane translocase subunit TIM50
Phum-OR502AA_013_000146.1	eggnog	emp24/gp25L/p24 family/GOLD
Phum-OR502AA_013_000374.1	eggnog	domain-containing protein
Phum-OR502AA_013_000147.1	eggnog	domain-containing protein
Phum-OR502AA_013_000373.1	eggnog	Eukaryotic porin
Phum-OR502AA_013_000148.1	eggnog	Lactonase, 7-bladed beta-propeller
Phum-OR502AA_013_000149.1	eggnog	domain-containing protein
Phum-OR502AA_013_000372.1	eggnog	Centriolar protein SAS N-terminal
Phum-OR502AA_013_000371.1	eggnog	MYCBP-associated protein family
Phum-OR502AA_013_000150.1	eggnog	Ankyrin repeats (many copies)
Phum-OR502AA_013_000370.1	eggnog	Ectoine synthase
Phum-OR502AA_013_000151.1	eggnog	domain-containing protein
Phum-OR502AA_013_000369.1	eggnog	palmitoyl-(protein) hydrolase activity
Phum-OR502AA_013_000152.1	eggnog	Las17-binding protein actin regulator
Phum-OR502AA_013_000153.1	eggnog	Leucine Rich repeat
Phum-OR502AA_013_000154.1	eggnog	Dynein heavy chain, N-terminal region 1
Phum-OR502AA_013_000368.1	eggnog	Ribosome biogenesis protein SLX9
Phum-OR502AA_013_000367.1	eggnog	Trypsin-like serine protease
Phum-OR502AA_013_000155.1	eggnog	SGT1 protein
Phum-OR502AA_013_000366.1	eggnog	nitrile biosynthetic process
Phum-OR502AA_013_000365.1	eggnog	Leucine Rich repeat
Phum-OR502AA_013_000364.1	eggnog	PPIases accelerate the folding of proteins
Phum-OR502AA_013_000363.1	eggnog	domain-containing protein
Phum-OR502AA_013_000362.1	eggnog	Enoyl-(Acyl carrier protein) reductase
Phum-OR502AA_013_000156.1	eggnog	Protein kinase C conserved region 2 (CalB)
Phum-OR502AA_013_000157.1	eggnog	PPIases accelerate the folding of proteins
Phum-OR502AA_013_000158.1	eggnog	Leucine Rich repeat
Phum-OR502AA_013_000159.1	eggnog	non-SMC mitotic condensation complex subunit 1
Phum-OR502AA_013_000160.1	blastp	Homology to Peronospora belbahrii predicted protein CAH0521162.1
Phum-OR502AA_013_000361.1	blastp	Homology to Peronospora belbahrii predicted protein CAH0479309.1
Phum-OR502AA_013_000360.1	interproscan	PTHR37067 domain-containing protein
Phum-OR502AA_013_000161.1	blastp	Homology to Peronospora farinosa predicted protein CAH0489645.1
Phum-OR502AA_013_000162.1	eggnog	Sister chromatid cohesion protein Dcc1
Phum-OR502AA_013_000163.1	eggnog	Protein tyrosine kinase
Phum-OR502AA_013_000164.1	eggnog	tRNA 2'-phosphotransferase activity (TRPT1)
Phum-OR502AA_013_000359.1	blastp	Homology to Phytophthora palmivora predicted protein POM72975.1
Phum-OR502AA_013_000165.1	eggnog	domain-containing protein
Phum-OR502AA_013_000358.1	eggnog	domain-containing protein
Phum-OR502AA_013_000166.1	eggnog	Lipase (class 3)
Phum-OR502AA_013_000357.1	eggnog	Lipase (class 3)
Phum-OR502AA_013_000356.1	eggnog	PhoX homologous domain, present in p47phox and p40phox
Phum-OR502AA_013_000167.1	eggnog	domain-containing protein
Phum-OR502AA_013_000355.1	eggnog	Pterin 4 alpha carbinolamine dehydratase
Phum-OR502AA_013_000168.1	eggnog	domain-containing protein
Phum-OR502AA_013_000169.1	eggnog	domain-containing protein
Phum-OR502AA_013_000354.1	blastp	Homology to Phytophthora cactorum predicted protein KAG2780423.1
Phum-OR502AA_013_000353.1	blastp	Homology to Phytophthora cactorum predicted protein KAG2812067.1
Phum-OR502AA_013_000352.1	blastp	Homology to Peronospora belbahrii predicted protein CAH0479886.1
Phum-OR502AA_013_000351.1	eggnog	Component of the ubiquinol-cytochrome c reductase complex (complex III or cytochrome b-c1 complex), which is a respiratory chain that generates an electrochemical potential coupled to ATP synthesis
Phum-OR502AA_013_000170.1	interproscan	PTHR34966 domain-containing protein
Phum-OR502AA_013_000171.1	eggnog	Ras of Complex, Roc, domain of DAPkinase
Phum-OR502AA_013_000350.1	eggnog	Putative DNA-binding domain in centromere protein B, mouse jerky and transposases
Phum-OR502AA_013_000172.1	interproscan	PTHR24198 domain-containing protein
Phum-OR502AA_013_000349.1	blastp	Homology to Peronospora belbahrii predicted protein CAH0479325.1
Phum-OR502AA_013_000348.1	eggnog	RNA pseudouridylate synthase
Phum-OR502AA_013_000173.1	eggnog	domain-containing protein
Phum-OR502AA_013_000347.1	eggnog	DJ-1/PfpI family
Phum-OR502AA_013_000174.1	eggnog	Ankyrin repeats (3 copies)
Phum-OR502AA_013_000346.1	blastp	Homology to Peronospora effusa predicted protein RMX61961.1
Phum-OR502AA_013_000345.1	eggnog	RNA pseudouridylate synthase
Phum-OR502AA_013_000344.1	eggnog	domain-containing protein
Phum-OR502AA_013_000175.1	eggnog	Aspartyl/Asparaginyl beta-hydroxylase
Phum-OR502AA_013_000343.1	eggnog	ATPase activity, coupled to transmembrane movement of substances
Phum-OR502AA_013_000176.1	eggnog	ATPase activity, coupled to transmembrane movement of substances
Phum-OR502AA_013_000342.1	eggnog	Aspartyl/Asparaginyl beta-hydroxylase
Phum-OR502AA_013_000177.1	eggnog	Folate-sensitive fragile site protein Fra10Ac1
Phum-OR502AA_013_000341.1	eggnog	domain-containing protein
Phum-OR502AA_013_000178.1	blastp	Homology to Phytophthora citrophthora predicted protein KAK1930705.1
Phum-OR502AA_013_000179.1	unannotated	Hypothetical protein of unknown function
Phum-OR502AA_013_000340.1	eggnog	Adaptor complexes medium subunit family
Phum-OR502AA_013_000180.1	interproscan	PTHR31142 domain-containing protein
Phum-OR502AA_013_000339.1	eggnog	Pyridoxal-phosphate dependent enzyme
Phum-OR502AA_013_000338.1	interproscan	c(""""""""RXLR phytopathogen effector protein"""""""", """""""" Avirulence activity"""""""") (PF16810)
Phum-OR502AA_013_000181.1	unannotated	Hypothetical protein of unknown function
Phum-OR502AA_013_000182.1	interproscan	c(""""""""RXLR phytopathogen effector protein"""""""", """""""" Avirulence activity"""""""") (PF16810)
Phum-OR502AA_013_000183.1	eggnog	domain-containing protein
Phum-OR502AA_013_000337.1	eggnog	Autophagy protein Apg6
Phum-OR502AA_013_000184.1	eggnog	Protein tyrosine kinase
Phum-OR502AA_013_000185.1	blastp	Homology to Phytophthora cinnamomi predicted protein KAG6584635.1
Phum-OR502AA_013_000186.1	interproscan	PTHR31250 domain-containing protein
Phum-OR502AA_013_000336.1	eggnog	Hypothetical methyltransferase
Phum-OR502AA_013_000187.1	blastp	Homology to Phytophthora nicotianae predicted protein ETM03544.1
Phum-OR502AA_013_000335.1	eggnog	Solute carrier family 35
Phum-OR502AA_013_000334.1	unannotated	Hypothetical protein of unknown function
Phum-OR502AA_013_000333.1	blastp	Homology to Phytophthora pseudosyringae predicted protein KAG7381315.1
Phum-OR502AA_013_000188.1	eggnog	E2F-associated phosphoprotein
Phum-OR502AA_013_000332.1	eggnog	Protein tyrosine kinase
Phum-OR502AA_013_000189.1	eggnog	WD domain, G-beta repeat
Phum-OR502AA_013_000190.1	eggnog	WD domain, G-beta repeat
Phum-OR502AA_013_000191.1	eggnog	protein tyrosine/serine/threonine phosphatase activity
Phum-OR502AA_013_000331.1	interproscan	PTHR37332 domain-containing protein
Phum-OR502AA_013_000192.1	eggnog	domain-containing protein
Phum-OR502AA_013_000193.1	blastp	Homology to Phytophthora aleatoria predicted protein KAG6962462.1
Phum-OR502AA_013_000194.1	blastp	Homology to Phytophthora lilii predicted protein GMF33516.1
Phum-OR502AA_013_000195.1	unannotated	Hypothetical protein of unknown function
Phum-OR502AA_013_000196.1	eggnog	Trafficking protein Mon1
Phum-OR502AA_013_000330.1	eggnog	domain-containing protein
Phum-OR502AA_013_000329.1	eggnog	UDP-glucoronosyl and UDP-glucosyl transferase
Phum-OR502AA_013_000328.1	eggnog	domain-containing protein
Phum-OR502AA_013_000197.1	eggnog	domain-containing protein
Phum-OR502AA_013_000327.1	eggnog	domain-containing protein
Phum-OR502AA_013_000198.1	eggnog	Proteasome assembly chaperone 4
Phum-OR502AA_013_000326.1	eggnog	domain-containing protein
Phum-OR502AA_013_000199.1	eggnog	domain-containing protein
Phum-OR502AA_013_000200.1	eggnog	UDP-glucoronosyl and UDP-glucosyl transferase
Phum-OR502AA_013_000201.1	eggnog	domain-containing protein
Phum-OR502AA_013_000325.1	eggnog	Trafficking protein Mon1
Phum-OR502AA_013_000202.1	eggnog	phosphatidylinositol N-acetylglucosaminyltransferase activity
Phum-OR502AA_013_000324.1	eggnog	Tetratricopeptide repeat
Phum-OR502AA_013_000203.1	eggnog	Lysine methyltransferase
Phum-OR502AA_013_000204.1	blastp	Homology to Phytophthora cinnamomi predicted protein KAG6584739.1
Phum-OR502AA_013_000205.1	blastp	Homology to Phytophthora megakarya predicted protein OWZ21573.1
Phum-OR502AA_013_000206.1	eggnog	domain-containing protein
Phum-OR502AA_013_000207.1	eggnog	domain-containing protein
Phum-OR502AA_013_000323.1	blastp	Homology to Peronospora belbahrii predicted protein CAH0479903.1
Phum-OR502AA_013_000322.1	unannotated	Hypothetical protein of unknown function
Phum-OR502AA_013_000321.1	eggnog	domain-containing protein
Phum-OR502AA_013_000320.1	blastp	Homology to Phytophthora nicotianae predicted protein XP_008889806.1
Phum-OR502AA_013_000208.1	blastp	Homology to Phytophthora nicotianae predicted protein XP_008889806.1
Phum-OR502AA_013_000209.1	eggnog	domain-containing protein
Phum-OR502AA_013_000210.1	eggnog	Crinkler (CRN) family protein
Phum-OR502AA_013_000211.1	blastp	Homology to Phytophthora infestans predicted protein KAF4030060.1
Phum-OR502AA_013_000212.1	eggnog	domain-containing protein
Phum-OR502AA_013_000213.1	interproscan	PTHR31827 domain-containing protein
Phum-OR502AA_013_000319.1	eggnog	Phytochelatin synthase
Phum-OR502AA_013_000318.1	unannotated	Hypothetical protein of unknown function
Phum-OR502AA_013_000317.1	eggnog	Origin recognition complex subunit 2
Phum-OR502AA_013_000214.1	eggnog	Phytochelatin synthase
Phum-OR502AA_013_000316.1	interproscan	PTHR31827 domain-containing protein
Phum-OR502AA_013_000215.1	interproscan	PTHR31827 domain-containing protein
Phum-OR502AA_013_000216.1	unannotated	Hypothetical protein of unknown function
Phum-OR502AA_013_000217.1	blastp	Homology to Peronospora destructor predicted protein CAI5744377.1
Phum-OR502AA_013_000315.1	blastp	Homology to Peronospora destructor predicted protein CAI5744377.1
Phum-OR502AA_013_000218.1	interproscan	PTHR31684 domain-containing protein
Phum-OR502AA_013_000314.1	blastp	Homology to Peronospora effusa predicted protein CAI5707408.1
Phum-OR502AA_013_000219.1	blastp	Homology to Phytophthora megakarya predicted protein OWZ21868.1
Phum-OR502AA_013_000220.1	blastp	Homology to predicted protein KAH7510337.1
Phum-OR502AA_013_000313.1	eggnog	Thioredoxin
Phum-OR502AA_013_000312.1	blastp	Homology to Phytophthora megakarya predicted protein OWZ21869.1
Phum-OR502AA_013_000311.1	blastp	Homology to Phytophthora megakarya predicted protein OWZ21868.1
Phum-OR502AA_013_000221.1	eggnog	Thioredoxin
Phum-OR502AA_013_000310.1	eggnog	domain-containing protein
Phum-OR502AA_013_000222.1	eggnog	Domain of unknown function (DUF4821)
Phum-OR502AA_013_000223.1	eggnog	domain-containing protein
Phum-OR502AA_013_000309.1	interproscan	PTHR31827 domain-containing protein
Phum-OR502AA_013_000308.1	eggnog	Phytanoyl-CoA dioxygenase (PhyH)
Phum-OR502AA_013_000224.1	eggnog	Phytanoyl-CoA dioxygenase (PhyH)
Phum-OR502AA_013_000225.1	interproscan	PTHR31827 domain-containing protein
Phum-OR502AA_013_000226.1	eggnog	Choline/Carnitine o-acyltransferase
Phum-OR502AA_013_000227.1	eggnog	domain-containing protein
Phum-OR502AA_013_000307.1	eggnog	Flavoprotein (FP) subunit of succinate dehydrogenase (SDH) that is involved in complex II of the mitochondrial electron transport chain and is responsible for transferring electrons from succinate to ubiquinone (coenzyme Q)
Phum-OR502AA_013_000228.1	eggnog	Bromodomain transcription factors and PHD domain containing proteins
Phum-OR502AA_013_000229.1	eggnog	Domain with 2 conserved Trp (W) residues
Phum-OR502AA_013_000306.1	eggnog	Zn-finger in ubiquitin-hydrolases and other protein
Phum-OR502AA_013_000305.1	eggnog	Zn-finger in ubiquitin-hydrolases and other protein
Phum-OR502AA_013_000230.1	eggnog	U6 snRNA-associated Sm-like protein LSm2
Phum-OR502AA_013_000304.1	eggnog	Myo-inositol oxygenase
Phum-OR502AA_013_000231.1	eggnog	structural constituent of ribosome
Phum-OR502AA_013_000303.1	eggnog	domain-containing protein
Phum-OR502AA_013_000302.1	blastp	Homology to Phytophthora cactorum predicted protein KAG6954293.1
Phum-OR502AA_013_000232.1	eggnog	Aminotransferase class I and II
Phum-OR502AA_013_000233.1	eggnog	Protein tyrosine kinase
Phum-OR502AA_013_000234.1	eggnog	heat shock factor
Phum-OR502AA_013_000301.1	eggnog	heat shock factor
Phum-OR502AA_013_000300.1	eggnog	Protein tyrosine kinase
Phum-OR502AA_013_000235.1	eggnog	Mitochondrial carrier protein
Phum-OR502AA_013_000299.1	eggnog	Glutathione peroxidase
Phum-OR502AA_013_000298.1	eggnog	Glutathione peroxidase
Phum-OR502AA_013_000297.1	blastp	Homology to Phytophthora ramorum predicted protein KAH7472349.1
Phum-OR502AA_013_000236.1	eggnog	WD40 repeats
Phum-OR502AA_013_000296.1	eggnog	domain-containing protein
Phum-OR502AA_013_000295.1	eggnog	Putative RNA-binding Domain in PseudoUridine synthase and Archaeosine transglycosylase
Phum-OR502AA_013_000237.1	blastp	Homology to Phytophthora pseudosyringae predicted protein KAG7378564.1
Phum-OR502AA_013_000238.1	eggnog	Glutathione peroxidase
Phum-OR502AA_013_000294.1	eggnog	Necrosis inducing protein (NPP1)
Phum-OR502AA_013_000293.1	eggnog	domain-containing protein
Phum-OR502AA_013_000239.1	eggnog	ABC transporter
Phum-OR502AA_013_000240.1	eggnog	Coproporphyrinogen III oxidase
Phum-OR502AA_013_000292.1	eggnog	Coproporphyrinogen III oxidase
Phum-OR502AA_013_000291.1	eggnog	ABC transporter
Phum-OR502AA_013_000241.1	eggnog	domain-containing protein
Phum-OR502AA_013_000290.1	unannotated	Hypothetical protein of unknown function
Phum-OR502AA_013_000289.1	blastp	Homology to Peronospora farinosa;Peronospora effusa predicted protein CAH0484610.1
Phum-OR502AA_013_000242.1	unannotated	Hypothetical protein of unknown function
Phum-OR502AA_013_000243.1	blastp	Homology to Phytophthora ramorum predicted protein KAH7472367.1
Phum-OR502AA_013_000288.1	blastp	Homology to Peronospora farinosa predicted protein CAH0484609.1
Phum-OR502AA_013_000244.1	blastp	Homology to Phytophthora nicotianae predicted protein ETM03718.1
Phum-OR502AA_013_000287.1	blastp	Homology to Phytophthora ramorum predicted protein KAH7472367.1
Phum-OR502AA_013_000286.1	unannotated	Hypothetical protein of unknown function
Phum-OR502AA_013_000245.1	blastp	Homology to Peronospora farinosa;Peronospora effusa predicted protein CAH0484610.1
Phum-OR502AA_013_000246.1	blastp	Homology to Phytophthora cactorum predicted protein KAG4239331.1
Phum-OR502AA_013_000247.1	eggnog	domain-containing protein
Phum-OR502AA_013_000248.1	eggnog	Protein tyrosine kinase
Phum-OR502AA_013_000285.1	eggnog	domain-containing protein
Phum-OR502AA_013_000284.1	blastp	Homology to Phytophthora cactorum predicted protein KAG4239331.1
Phum-OR502AA_013_000283.1	eggnog	protein kinase activity
Phum-OR502AA_013_000249.1	eggnog	function. Source PGD
Phum-OR502AA_013_000282.1	blastp	Homology to Peronospora destructor predicted protein CAI5744316.1
Phum-OR502AA_013_000250.1	eggnog	regulation of response to stimulus
Phum-OR502AA_013_000251.1	eggnog	domain-containing protein
Phum-OR502AA_013_000281.1	eggnog	gag-polypeptide of LTR copia-type
Phum-OR502AA_013_000280.1	eggnog	Source PGD
Phum-OR502AA_013_000279.1	blastp	Homology to Phytophthora nicotianae predicted protein XP_008891089.1
Phum-OR502AA_013_000278.1	blastp	Homology to Phytophthora pseudosyringae predicted protein KAG7392550.1
Phum-OR502AA_013_000252.1	blastp	Homology to Phytophthora pseudosyringae predicted protein KAG7392549.1
Phum-OR502AA_013_000277.1	eggnog	domain-containing protein
Phum-OR502AA_013_000253.1	eggnog	CW-type Zinc Finger
Phum-OR502AA_013_000276.1	unannotated	Hypothetical protein of unknown function
Phum-OR502AA_013_000254.1	eggnog	Aminotransferase class I and II
Phum-OR502AA_013_000255.1	eggnog	WD domain, G-beta repeat
Phum-OR502AA_013_000275.1	eggnog	Iron-sulphur cluster biosynthesis
Phum-OR502AA_013_000274.1	eggnog	domain-containing protein
Phum-OR502AA_013_000273.1	eggnog	Lipopolysaccharide kinase (Kdo/WaaP) family
Phum-OR502AA_013_000256.1	unannotated	Hypothetical protein of unknown function
Phum-OR502AA_013_000272.1	eggnog	16S rRNA methyltransferase RsmB/F
Phum-OR502AA_013_000257.1	eggnog	Argininosuccinate lyase C-terminal
Phum-OR502AA_013_000271.1	eggnog	Ribosomal protein S21
Phum-OR502AA_013_000258.1	eggnog	ATPase required for the post-translational delivery of tail-anchored (TA) proteins to the endoplasmic reticulum
Phum-OR502AA_013_000270.1	eggnog	Family of unknown function (DUF572)
Phum-OR502AA_013_000269.1	blastp	Homology to Peronospora destructor predicted protein CAI5717645.1
Phum-OR502AA_013_000259.1	unannotated	Hypothetical protein of unknown function
Phum-OR502AA_013_000260.1	blastp	Homology to Phytophthora nicotianae predicted protein ETI40838.1
Phum-OR502AA_013_000261.1	eggnog	Ubiquitin carboxyl-terminal hydrolase
Phum-OR502AA_013_000268.1	unannotated	Hypothetical protein of unknown function
Phum-OR502AA_013_000267.1	unannotated	Hypothetical protein of unknown function
Phum-OR502AA_013_000266.1	interproscan	PTHR37067 domain-containing protein
Phum-OR502AA_013_000262.1	unannotated	Hypothetical protein of unknown function
Phum-OR502AA_013_000265.1	eggnog	Amino Acid Auxin Permease (AAAP) Family
Phum-OR502AA_013_000263.1	eggnog	Amino Acid Auxin Permease (AAAP) Family
Phum-OR502AA_013_000264.1	eggnog	domain-containing protein
Phum-OR502AA_014_000001.1	unannotated	Hypothetical protein of unknown function
Phum-OR502AA_014_000002.1	unannotated	Hypothetical protein of unknown function
Phum-OR502AA_014_000003.1	unannotated	Hypothetical protein of unknown function
Phum-OR502AA_014_000004.1	unannotated	Hypothetical protein of unknown function
Phum-OR502AA_014_000005.1	unannotated	Hypothetical protein of unknown function
Phum-OR502AA_014_000006.1	unannotated	Hypothetical protein of unknown function
Phum-OR502AA_014_000007.1	interproscan	PTHR37563 domain-containing protein
Phum-OR502AA_014_000360.1	eggnog	RPAP1-like, N-terminal
Phum-OR502AA_014_000008.1	eggnog	PLAC8 family
Phum-OR502AA_014_000009.1	eggnog	Elongation factor G, domain IV
Phum-OR502AA_014_000359.1	eggnog	WD domain, G-beta repeat
Phum-OR502AA_014_000010.1	eggnog	The RING-variant domain is a C4HC3 zinc-finger like motif found in a number of cellular and viral proteins
Phum-OR502AA_014_000358.1	eggnog	angiogenesis
Phum-OR502AA_014_000357.1	eggnog	domain-containing protein
Phum-OR502AA_014_000356.1	eggnog	7,8-dihydro-6-hydroxymethylpterin-pyrophosphokinase (HPPK)
Phum-OR502AA_014_000355.1	interproscan	PTHR37736 domain-containing protein
Phum-OR502AA_014_000354.1	eggnog	domain-containing protein
Phum-OR502AA_014_000353.1	eggnog	Domain in Tre-2, BUB2p, and Cdc16p
Phum-OR502AA_014_000352.1	blastp	Homology to Phytophthora citrophthora predicted protein KAK1930444.1
Phum-OR502AA_014_000011.1	blastp	Homology to Phytophthora citrophthora predicted protein KAK1930387.1
Phum-OR502AA_014_000012.1	eggnog	Protein of unknown function (DUF775)
Phum-OR502AA_014_000351.1	eggnog	Amidohydrolase family
Phum-OR502AA_014_000013.1	eggnog	Aminotransferase class-V
Phum-OR502AA_014_000014.1	eggnog	Fibronectin type III domain-containing protein
Phum-OR502AA_014_000015.1	eggnog	Common central domain of tyrosinase
Phum-OR502AA_014_000350.1	eggnog	Common central domain of tyrosinase
Phum-OR502AA_014_000016.1	eggnog	Fibronectin type III domain-containing protein
Phum-OR502AA_014_000017.1	eggnog	Common central domain of tyrosinase
Phum-OR502AA_014_000018.1	eggnog	basic region leucin zipper
Phum-OR502AA_014_000349.1	eggnog	DNA-dependent RNA polymerase catalyzes the transcription of DNA into RNA using the four ribonucleoside triphosphates as substrates
Phum-OR502AA_014_000348.1	interproscan	PTHR37558 domain-containing protein
Phum-OR502AA_014_000347.1	eggnog	Common central domain of tyrosinase
Phum-OR502AA_014_000346.1	eggnog	Common central domain of tyrosinase
Phum-OR502AA_014_000345.1	eggnog	Common central domain of tyrosinase
Phum-OR502AA_014_000344.1	eggnog	Eukaryotic aspartyl protease
Phum-OR502AA_014_000343.1	eggnog	HAT (Half-A-TPR) repeat
Phum-OR502AA_014_000019.1	eggnog	Eukaryotic aspartyl protease
Phum-OR502AA_014_000342.1	blastp	Homology to Phytophthora cinnamomi predicted protein KAG6623076.1
Phum-OR502AA_014_000020.1	eggnog	Protein similar to CwfJ C-terminus 1
Phum-OR502AA_014_000341.1	blastp	Homology to Phytophthora sojae predicted protein XP_009536787.1
Phum-OR502AA_014_000340.1	eggnog	domain-containing protein
Phum-OR502AA_014_000339.1	eggnog	glycerol channel activity
Phum-OR502AA_014_000338.1	interproscan	PTHR43241 domain-containing protein
Phum-OR502AA_014_000021.1	eggnog	Transmembrane Fragile-X-F protein
Phum-OR502AA_014_000337.1	eggnog	Elicitin
Phum-OR502AA_014_000336.1	eggnog	Transmembrane Fragile-X-F protein
Phum-OR502AA_014_000022.1	interproscan	PTHR43241 domain-containing protein
Phum-OR502AA_014_000023.1	eggnog	domain-containing protein
Phum-OR502AA_014_000335.1	blastp	Homology to Phytophthora capsici predicted protein KAG1708132.1
Phum-OR502AA_014_000024.1	eggnog	domain-containing protein
Phum-OR502AA_014_000334.1	unannotated	Hypothetical protein of unknown function
Phum-OR502AA_014_000025.1	eggnog	Sas10/Utp3/C1D family
Phum-OR502AA_014_000333.1	eggnog	domain-containing protein
Phum-OR502AA_014_000332.1	eggnog	Sas10/Utp3/C1D family
Phum-OR502AA_014_000026.1	unannotated	Hypothetical protein of unknown function
Phum-OR502AA_014_000027.1	eggnog	heat shock factor
Phum-OR502AA_014_000028.1	eggnog	Kaptin (actin binding protein)
Phum-OR502AA_014_000029.1	eggnog	Peptidase family M3
Phum-OR502AA_014_000331.1	eggnog	domain-containing protein
Phum-OR502AA_014_000330.1	blastp	Homology to Peronospora destructor predicted protein CAI5739874.1
Phum-OR502AA_014_000030.1	interproscan	PTHR40861 domain-containing protein
Phum-OR502AA_014_000031.1	eggnog	Signal peptidase subunit
Phum-OR502AA_014_000329.1	interproscan	PTHR13663 domain-containing protein
Phum-OR502AA_014_000032.1	eggnog	Proteasome subunit
Phum-OR502AA_014_000033.1	eggnog	Suppressor-of-White-APricot splicing regulator
Phum-OR502AA_014_000328.1	blastp	Homology to Phytophthora nicotianae predicted protein XP_008909006.1
Phum-OR502AA_014_000327.1	blastp	Homology to Phytophthora cactorum predicted protein RAW26431.1
Phum-OR502AA_014_000034.1	blastp	Homology to Phytophthora infestans predicted protein KAF4037770.1
Phum-OR502AA_014_000326.1	blastp	Homology to Phytophthora pseudosyringae predicted protein KAG7377540.1
Phum-OR502AA_014_000325.1	eggnog	WD domain, G-beta repeat
Phum-OR502AA_014_000035.1	blastp	Homology to Peronosclerospora sorghi predicted protein KAI9920508.1
Phum-OR502AA_014_000324.1	blastp	Homology to Phytophthora palmivora predicted protein POM67656.1
Phum-OR502AA_014_000036.1	blastp	Homology to Phytophthora palmivora predicted protein POM67656.1
Phum-OR502AA_014_000323.1	interproscan	SSF52540 domain-containing protein
Phum-OR502AA_014_000322.1	unannotated	Hypothetical protein of unknown function
Phum-OR502AA_014_000321.1	unannotated	Hypothetical protein of unknown function
Phum-OR502AA_014_000320.1	unannotated	Hypothetical protein of unknown function
Phum-OR502AA_014_000319.1	unannotated	Hypothetical protein of unknown function
Phum-OR502AA_014_000318.1	unannotated	Hypothetical protein of unknown function
Phum-OR502AA_014_000317.1	unannotated	Hypothetical protein of unknown function
Phum-OR502AA_014_000316.1	unannotated	Hypothetical protein of unknown function
Phum-OR502AA_014_000315.1	unannotated	Hypothetical protein of unknown function
Phum-OR502AA_014_000314.1	unannotated	Hypothetical protein of unknown function
Phum-OR502AA_014_000313.1	blastp	Homology to Phytophthora lilii predicted protein GMF27835.1
Phum-OR502AA_014_000312.1	blastp	Homology to Phytophthora citrophthora predicted protein KAK1930444.1
Phum-OR502AA_014_000311.1	eggnog	calcium ion binding
Phum-OR502AA_014_000310.1	eggnog	Targeting protein for Xklp2 (TPX2)
Phum-OR502AA_014_000037.1	eggnog	Inorganic pyrophosphatase
Phum-OR502AA_014_000038.1	eggnog	LicD family
Phum-OR502AA_014_000039.1	eggnog	Snapin/Pallidin
Phum-OR502AA_014_000309.1	eggnog	domain-containing protein
Phum-OR502AA_014_000308.1	eggnog	Common central domain of tyrosinase
Phum-OR502AA_014_000307.1	eggnog	Transmembrane amino acid transporter protein
Phum-OR502AA_014_000040.1	eggnog	domain-containing protein
Phum-OR502AA_014_000306.1	blastp	Homology to Peronospora farinosa predicted protein CAH0484461.1
Phum-OR502AA_014_000041.1	eggnog	Lipid-droplet associated hydrolase
Phum-OR502AA_014_000305.1	eggnog	Alpha/beta hydrolase family
Phum-OR502AA_014_000042.1	eggnog	Tetratricopeptide repeat
Phum-OR502AA_014_000043.1	eggnog	Tetratricopeptide repeat
Phum-OR502AA_014_000304.1	eggnog	regulation of early endosome to recycling endosome transport
Phum-OR502AA_014_000044.1	eggnog	calcium-transporting ATPase activity
Phum-OR502AA_014_000045.1	eggnog	domain-containing protein
Phum-OR502AA_014_000303.1	blastp	Homology to Phytophthora sojae predicted protein XP_009536960.1
Phum-OR502AA_014_000046.1	eggnog	domain-containing protein
Phum-OR502AA_014_000047.1	eggnog	purine-specific mismatch base pair DNA N-glycosylase activity
Phum-OR502AA_014_000048.1	eggnog	purine-specific mismatch base pair DNA N-glycosylase activity
Phum-OR502AA_014_000302.1	interproscan	G3DSA:1.10.579.10 domain-containing protein
Phum-OR502AA_014_000049.1	blastp	Homology to Phytophthora lilii predicted protein GMF17080.1
Phum-OR502AA_014_000050.1	blastp	Homology to Phytophthora ramorum predicted protein KAH7464613.1
Phum-OR502AA_014_000051.1	eggnog	Protein tyrosine kinase
Phum-OR502AA_014_000052.1	blastp	Homology to Phytophthora pseudosyringae predicted protein KAG7376137.1
Phum-OR502AA_014_000301.1	eggnog	Protein kinase C conserved region 2 (CalB)
Phum-OR502AA_014_000053.1	eggnog	domain-containing protein
Phum-OR502AA_014_000054.1	eggnog	Belongs to the class I-like SAM-binding methyltransferase superfamily
Phum-OR502AA_014_000055.1	eggnog	Microtubule binding
Phum-OR502AA_014_000300.1	eggnog	domain-containing protein
Phum-OR502AA_014_000056.1	eggnog	domain-containing protein
Phum-OR502AA_014_000299.1	eggnog	ubiquitin protein ligase activity
Phum-OR502AA_014_000298.1	eggnog	C-terminal regulatory domain of Threonine dehydratase
Phum-OR502AA_014_000057.1	blastp	Homology to Phytophthora nicotianae predicted protein KUF84900.1
Phum-OR502AA_014_000297.1	eggnog	D123
Phum-OR502AA_014_000058.1	eggnog	Dynein light intermediate chain (DLIC)
Phum-OR502AA_014_000059.1	eggnog	Dynein light intermediate chain (DLIC)
Phum-OR502AA_014_000296.1	eggnog	The proteasome is a multicatalytic proteinase complex which is characterized by its ability to cleave peptides with Arg, Phe, Tyr, Leu, and Glu adjacent to the leaving group at neutral or slightly basic pH
Phum-OR502AA_014_000060.1	interproscan	G3DSA:3.30.420.10 domain-containing protein
Phum-OR502AA_014_000295.1	unannotated	Hypothetical protein of unknown function
Phum-OR502AA_014_000294.1	eggnog	Mono-functional DNA-alkylating methyl methanesulfonate N-term
Phum-OR502AA_014_000293.1	blastp	Homology to Peronospora destructor predicted protein CAI5739404.1
Phum-OR502AA_014_000061.1	eggnog	domain-containing protein
Phum-OR502AA_014_000292.1	eggnog	Staphylococcal nuclease homologues
Phum-OR502AA_014_000291.1	blastp	Homology to Phytophthora megakarya predicted protein OWZ23276.1
Phum-OR502AA_014_000062.1	eggnog	Lysine methyltransferase
Phum-OR502AA_014_000290.1	eggnog	domain-containing protein
Phum-OR502AA_014_000289.1	eggnog	domain-containing protein
Phum-OR502AA_014_000288.1	eggnog	domain-containing protein
Phum-OR502AA_014_000287.1	unannotated	Hypothetical protein of unknown function
Phum-OR502AA_014_000286.1	eggnog	structural constituent of cytoskeleton
Phum-OR502AA_014_000063.1	eggnog	domain-containing protein
Phum-OR502AA_014_000064.1	eggnog	domain-containing protein
Phum-OR502AA_014_000285.1	eggnog	Polymer-forming cytoskeletal
Phum-OR502AA_014_000284.1	eggnog	Methyltransferase involved in Williams-Beuren syndrome
Phum-OR502AA_014_000283.1	eggnog	Glutamate-cysteine ligase
Phum-OR502AA_014_000282.1	eggnog	Protein of unknown function (DUF229)
Phum-OR502AA_014_000065.1	eggnog	Myosin. Large ATPases
Phum-OR502AA_014_000281.1	eggnog	Conserved mid region of cactin
Phum-OR502AA_014_000280.1	eggnog	Autophagy-related protein 11
Phum-OR502AA_014_000066.1	blastp	Homology to Phytophthora nicotianae predicted protein XP_008900830.1
Phum-OR502AA_014_000067.1	eggnog	Prokaryotic RING finger family 4
Phum-OR502AA_014_000068.1	interproscan	PTHR22855 domain-containing protein
Phum-OR502AA_014_000279.1	interproscan	PTHR22855 domain-containing protein
Phum-OR502AA_014_000278.1	unannotated	Hypothetical protein of unknown function
Phum-OR502AA_014_000277.1	eggnog	Prokaryotic RING finger family 4
Phum-OR502AA_014_000276.1	blastp	Homology to Phytophthora nicotianae predicted protein XP_008900830.1
Phum-OR502AA_014_000275.1	blastp	Homology to Phytophthora idaei predicted protein KAG3048802.1
Phum-OR502AA_014_000069.1	eggnog	domain-containing protein
Phum-OR502AA_014_000274.1	eggnog	Mediates the uptake of pyruvate into mitochondria
Phum-OR502AA_014_000070.1	eggnog	Ion channel
Phum-OR502AA_014_000071.1	eggnog	Protein of unknown function (DUF3228)
Phum-OR502AA_014_000273.1	eggnog	domain-containing protein
Phum-OR502AA_014_000072.1	eggnog	Protein tyrosine kinase
Phum-OR502AA_014_000073.1	eggnog	Protein tyrosine kinase
Phum-OR502AA_014_000074.1	interproscan	PTHR22091 domain-containing protein
Phum-OR502AA_014_000272.1	eggnog	domain-containing protein
Phum-OR502AA_014_000271.1	eggnog	chaperone cofactor-dependent protein refolding
Phum-OR502AA_014_000270.1	blastp	Homology to Phytophthora nicotianae predicted protein ETK93301.1
Phum-OR502AA_014_000269.1	eggnog	JmjC domain, hydroxylase
Phum-OR502AA_014_000268.1	eggnog	Tubulin is the major constituent of microtubules
Phum-OR502AA_014_000075.1	eggnog	Tubulin is the major constituent of microtubules
Phum-OR502AA_014_000076.1	eggnog	Snare region anchored in the vesicle membrane C-terminus
Phum-OR502AA_014_000267.1	eggnog	domain-containing protein
Phum-OR502AA_014_000266.1	interproscan	PTHR40515 domain-containing protein
Phum-OR502AA_014_000265.1	eggnog	Component of the Mediator complex, a coactivator involved in regulated transcription of nearly all RNA polymerase II-dependent genes
Phum-OR502AA_014_000264.1	eggnog	domain-containing protein
Phum-OR502AA_014_000077.1	eggnog	GMC oxidoreductase
Phum-OR502AA_014_000263.1	interproscan	PTHR46586 domain-containing protein
Phum-OR502AA_014_000078.1	eggnog	Abscisic acid G-protein coupled receptor
Phum-OR502AA_014_000262.1	eggnog	snRNA-activating protein of 50kDa MW C terminal
Phum-OR502AA_014_000261.1	eggnog	Ankyrin repeats (many copies)
Phum-OR502AA_014_000079.1	eggnog	domain-containing protein
Phum-OR502AA_014_000260.1	eggnog	Ankyrin repeats (3 copies)
Phum-OR502AA_014_000259.1	blastp	Homology to Phytophthora cactorum predicted protein KAG4032054.1
Phum-OR502AA_014_000258.1	unannotated	Hypothetical protein of unknown function
Phum-OR502AA_014_000257.1	eggnog	Parkin co-regulated protein
Phum-OR502AA_014_000256.1	interproscan	PTHR12874 domain-containing protein
Phum-OR502AA_014_000255.1	eggnog	WD40 repeats
Phum-OR502AA_014_000254.1	eggnog	Alpha/beta hydrolase of unknown function (DUF900)
Phum-OR502AA_014_000080.1	eggnog	Fringe-like
Phum-OR502AA_014_000253.1	blastp	Homology to Phytophthora cactorum predicted protein KAG4032054.1
Phum-OR502AA_014_000081.1	blastp	Homology to Phytophthora cactorum predicted protein KAG4032054.1
Phum-OR502AA_014_000082.1	eggnog	Exportin 1-like protein
Phum-OR502AA_014_000252.1	eggnog	PLAC8 family
Phum-OR502AA_014_000251.1	eggnog	PLAC8 family
Phum-OR502AA_014_000083.1	eggnog	Eukaryotic protein of unknown function (DUF842)
Phum-OR502AA_014_000250.1	eggnog	DHHC palmitoyltransferase
Phum-OR502AA_014_000249.1	eggnog	domain-containing protein
Phum-OR502AA_014_000248.1	eggnog	Protein tyrosine kinase
Phum-OR502AA_014_000084.1	blastp	Homology to Phytophthora idaei predicted protein KAG3107449.1
Phum-OR502AA_014_000247.1	eggnog	Synaptobrevin
Phum-OR502AA_014_000085.1	eggnog	Protein tyrosine kinase
Phum-OR502AA_014_000086.1	eggnog	Pyrimidine 5'-nucleotidase (UMPH-1)
Phum-OR502AA_014_000087.1	unannotated	Hypothetical protein of unknown function
Phum-OR502AA_014_000088.1	eggnog	Chromodomain protein
Phum-OR502AA_014_000246.1	eggnog	CSN8/PSMD8/EIF3K family
Phum-OR502AA_014_000245.1	eggnog	Sulfatase
Phum-OR502AA_014_000089.1	interproscan	PTHR35512 domain-containing protein
Phum-OR502AA_014_000244.1	eggnog	CotH kinase protein
Phum-OR502AA_014_000243.1	blastp	Homology to Phytophthora pseudosyringae predicted protein KAG7386335.1
Phum-OR502AA_014_000090.1	eggnog	MazG-like family
Phum-OR502AA_014_000242.1	eggnog	Eukaryotic translation initiation factor 2 alpha subunit
Phum-OR502AA_014_000091.1	eggnog	Nuclear cap-binding protein subunit 3
Phum-OR502AA_014_000241.1	eggnog	domain-containing protein
Phum-OR502AA_014_000092.1	eggnog	domain-containing protein
Phum-OR502AA_014_000093.1	eggnog	26S proteasome subunit RPN7
Phum-OR502AA_014_000240.1	eggnog	Domains in hypothetical proteins in Drosophila, C
Phum-OR502AA_014_000094.1	eggnog	CotH kinase protein
Phum-OR502AA_014_000095.1	blastp	Homology to Phytophthora pseudosyringae predicted protein KAG7377900.1
Phum-OR502AA_014_000096.1	unannotated	Hypothetical protein of unknown function
Phum-OR502AA_014_000097.1	eggnog	Triose-phosphate Transporter family
Phum-OR502AA_014_000098.1	eggnog	WD40 repeats
Phum-OR502AA_014_000099.1	eggnog	WD40 repeats
Phum-OR502AA_014_000239.1	blastp	Homology to Phytophthora sojae predicted protein XP_009537263.1
Phum-OR502AA_014_000238.1	eggnog	Triose-phosphate Transporter family
Phum-OR502AA_014_000100.1	eggnog	WD domain, G-beta repeat
Phum-OR502AA_014_000101.1	eggnog	Aldehyde dehydrogenase family
Phum-OR502AA_014_000237.1	blastp	Homology to Phytophthora cactorum predicted protein KAF1776500.1
Phum-OR502AA_014_000102.1	eggnog	WD domain, G-beta repeat
Phum-OR502AA_014_000103.1	eggnog	Aldehyde dehydrogenase family
Phum-OR502AA_014_000236.1	blastp	Homology to Phytophthora cactorum predicted protein KAF1776500.1
Phum-OR502AA_014_000235.1	unannotated	Hypothetical protein of unknown function
Phum-OR502AA_014_000104.1	blastp	Homology to Phytophthora cactorum predicted protein KAF1776500.1
Phum-OR502AA_014_000234.1	eggnog	Aldehyde dehydrogenase family
Phum-OR502AA_014_000105.1	eggnog	AAA domain, putative AbiEii toxin, Type IV TA system
Phum-OR502AA_014_000106.1	eggnog	Protein of unknown function (DUF2013)
Phum-OR502AA_014_000107.1	interproscan	SSF81383 domain-containing protein
Phum-OR502AA_014_000233.1	unannotated	Hypothetical protein of unknown function
Phum-OR502AA_014_000232.1	eggnog	Aldehyde dehydrogenase family
Phum-OR502AA_014_000108.1	interproscan	SSF81383 domain-containing protein
Phum-OR502AA_014_000231.1	unannotated	Hypothetical protein of unknown function
Phum-OR502AA_014_000230.1	eggnog	Aldehyde dehydrogenase family
Phum-OR502AA_014_000109.1	eggnog	Aldehyde dehydrogenase family
Phum-OR502AA_014_000110.1	unannotated	Hypothetical protein of unknown function
Phum-OR502AA_014_000111.1	unannotated	Hypothetical protein of unknown function
Phum-OR502AA_014_000229.1	interproscan	SSF81383 domain-containing protein
Phum-OR502AA_014_000112.1	eggnog	Aldehyde dehydrogenase family
Phum-OR502AA_014_000228.1	eggnog	WD domain, G-beta repeat
Phum-OR502AA_014_000113.1	eggnog	WD domain, G-beta repeat
Phum-OR502AA_014_000227.1	eggnog	Aldehyde dehydrogenase family
Phum-OR502AA_014_000114.1	eggnog	AAA domain, putative AbiEii toxin, Type IV TA system
Phum-OR502AA_014_000115.1	eggnog	Protein of unknown function (DUF2013)
Phum-OR502AA_014_000116.1	blastp	Homology to Phytophthora megakarya predicted protein OWZ22914.1
Phum-OR502AA_014_000226.1	eggnog	Accessory subunit of the mitochondrial membrane respiratory chain NADH dehydrogenase (Complex I), that is believed not to be involved in catalysis
Phum-OR502AA_014_000225.1	eggnog	Belongs to the GST superfamily
Phum-OR502AA_014_000224.1	eggnog	domain-containing protein
Phum-OR502AA_014_000223.1	eggnog	Protein of unknown function (DUF1336)
Phum-OR502AA_014_000222.1	eggnog	Domain of unknown function (DUF4504)
Phum-OR502AA_014_000117.1	eggnog	CotH kinase protein
Phum-OR502AA_014_000221.1	eggnog	WD domain, G-beta repeat
Phum-OR502AA_014_000118.1	eggnog	Protein tyrosine kinase
Phum-OR502AA_014_000220.1	eggnog	domain-containing protein
Phum-OR502AA_014_000119.1	eggnog	Zinc finger, C3HC4 type (RING finger)
Phum-OR502AA_014_000219.1	eggnog	Zinc finger, C3HC4 type (RING finger)
Phum-OR502AA_014_000218.1	eggnog	Adds a myristoyl group to the N-terminal glycine residue of certain cellular proteins
Phum-OR502AA_014_000120.1	eggnog	Adds a myristoyl group to the N-terminal glycine residue of certain cellular proteins
Phum-OR502AA_014_000217.1	unannotated	Hypothetical protein of unknown function
Phum-OR502AA_014_000121.1	unannotated	Hypothetical protein of unknown function
Phum-OR502AA_014_000216.1	eggnog	domain-containing protein
Phum-OR502AA_014_000122.1	eggnog	domain-containing protein
Phum-OR502AA_014_000215.1	eggnog	translation initiation factor activity
Phum-OR502AA_014_000123.1	eggnog	Intraflagellar transport complex B protein 46 C terminal
Phum-OR502AA_014_000214.1	eggnog	Stretch-activated Ca2+-permeable channel component
Phum-OR502AA_014_000213.1	unannotated	Hypothetical protein of unknown function
Phum-OR502AA_014_000124.1	interproscan	PTHR34737 domain-containing protein
Phum-OR502AA_014_000212.1	interproscan	PTHR34737 domain-containing protein
Phum-OR502AA_014_000211.1	eggnog	STIMATE family
Phum-OR502AA_014_000210.1	eggnog	Protein tyrosine kinase
Phum-OR502AA_014_000125.1	eggnog	3' exoribonuclease family, domain 2
Phum-OR502AA_014_000209.1	eggnog	Serine carboxypeptidase
Phum-OR502AA_014_000126.1	unannotated	Hypothetical protein of unknown function
Phum-OR502AA_014_000208.1	interproscan	PTHR22925 domain-containing protein
Phum-OR502AA_014_000207.1	eggnog	Complex 1 protein (LYR family)
Phum-OR502AA_014_000127.1	eggnog	domain-containing protein
Phum-OR502AA_014_000206.1	eggnog	Serine carboxypeptidase
Phum-OR502AA_014_000128.1	interproscan	PTHR22925 domain-containing protein
Phum-OR502AA_014_000129.1	eggnog	Control of topological states of DNA by transient breakage and subsequent rejoining of DNA strands
Phum-OR502AA_014_000205.1	eggnog	helicase activity
Phum-OR502AA_014_000204.1	interproscan	PTHR22796 domain-containing protein
Phum-OR502AA_014_000130.1	interproscan	PTHR22796 domain-containing protein
Phum-OR502AA_014_000203.1	eggnog	Domain with 2 conserved Trp (W) residues
Phum-OR502AA_014_000202.1	blastp	Homology to Peronospora effusa predicted protein CAI5716787.1
Phum-OR502AA_014_000131.1	eggnog	Domain with 2 conserved Trp (W) residues
Phum-OR502AA_014_000201.1	interproscan	PTHR31827 domain-containing protein
Phum-OR502AA_014_000200.1	blastp	Homology to Phytophthora nicotianae predicted protein KUF79874.1
Phum-OR502AA_014_000199.1	eggnog	Broad-Complex, Tramtrack and Bric a brac
Phum-OR502AA_014_000198.1	interproscan	PTHR31827 domain-containing protein
Phum-OR502AA_014_000132.1	unannotated	Hypothetical protein of unknown function
Phum-OR502AA_014_000133.1	interproscan	PTHR31827 domain-containing protein
Phum-OR502AA_014_000134.1	eggnog	Broad-Complex, Tramtrack and Bric a brac
Phum-OR502AA_014_000135.1	eggnog	Broad-Complex, Tramtrack and Bric a brac
Phum-OR502AA_014_000197.1	eggnog	domain-containing protein
Phum-OR502AA_014_000196.1	eggnog	domain-containing protein
Phum-OR502AA_014_000136.1	eggnog	TPR/MLP1/MLP2-like protein
Phum-OR502AA_014_000195.1	eggnog	FMN-dependent dehydrogenase
Phum-OR502AA_014_000137.1	interproscan	PTHR21213 domain-containing protein
Phum-OR502AA_014_000138.1	eggnog	domain-containing protein
Phum-OR502AA_014_000139.1	eggnog	Tctex-1 family
Phum-OR502AA_014_000194.1	interproscan	PTHR38899 domain-containing protein
Phum-OR502AA_014_000193.1	eggnog	FYVE zinc finger
Phum-OR502AA_014_000192.1	interproscan	PTHR43941 domain-containing protein
Phum-OR502AA_014_000140.1	eggnog	domain-containing protein
Phum-OR502AA_014_000191.1	eggnog	domain-containing protein
Phum-OR502AA_014_000141.1	eggnog	N-terminal region of Chorein or VPS13
Phum-OR502AA_014_000142.1	eggnog	DNA polymerase III, delta subunit
Phum-OR502AA_014_000143.1	eggnog	domain-containing protein
Phum-OR502AA_014_000144.1	blastp	Homology to Peronospora destructor predicted protein CAI5746315.1
Phum-OR502AA_014_000145.1	eggnog	domain-containing protein
Phum-OR502AA_014_000190.1	eggnog	Carboxylesterase family
Phum-OR502AA_014_000189.1	eggnog	Glycosyltransferase (GlcNAc)
Phum-OR502AA_014_000146.1	eggnog	Glycosyltransferase (GlcNAc)
Phum-OR502AA_014_000188.1	eggnog	Glycosyltransferase (GlcNAc)
Phum-OR502AA_014_000147.1	eggnog	Chlorophyllase enzyme
Phum-OR502AA_014_000187.1	eggnog	Patched family
Phum-OR502AA_014_000148.1	eggnog	impB/mucB/samB family
Phum-OR502AA_014_000149.1	interproscan	PTHR31138 domain-containing protein
Phum-OR502AA_014_000186.1	eggnog	EF hand
Phum-OR502AA_014_000150.1	eggnog	impB/mucB/samB family
Phum-OR502AA_014_000185.1	eggnog	domain-containing protein
Phum-OR502AA_014_000151.1	blastp	Homology to Phytophthora cactorum predicted protein KAG2830133.1
Phum-OR502AA_014_000184.1	eggnog	Lysine methyltransferase
Phum-OR502AA_014_000152.1	eggnog	Protein present in Fab1, YOTB, Vac1, and EEA1
Phum-OR502AA_014_000183.1	eggnog	Ankyrin repeat
Phum-OR502AA_014_000182.1	blastp	Homology to Peronospora effusa predicted protein RQM13597.1
Phum-OR502AA_014_000153.1	eggnog	Cation efflux family
Phum-OR502AA_014_000154.1	blastp	Homology to Pythium insidiosum predicted protein KAJ0391153.1
Phum-OR502AA_014_000155.1	unannotated	Hypothetical protein of unknown function
Phum-OR502AA_014_000181.1	unannotated	Hypothetical protein of unknown function
Phum-OR502AA_014_000180.1	blastp	Homology to Pythium insidiosum predicted protein KAJ0391153.1
Phum-OR502AA_014_000156.1	eggnog	ATPase family associated with various cellular activities (AAA)
Phum-OR502AA_014_000179.1	eggnog	protein serine/threonine/tyrosine kinase activity
Phum-OR502AA_014_000178.1	eggnog	domain-containing protein
Phum-OR502AA_014_000177.1	eggnog	Proteasome complex subunit Rpn13 ubiquitin receptor
Phum-OR502AA_014_000176.1	eggnog	Proteasome complex subunit Rpn13 ubiquitin receptor
Phum-OR502AA_014_000157.1	eggnog	Carbon-nitrogen hydrolase
Phum-OR502AA_014_000175.1	blastp	Homology to Phytophthora pseudosyringae predicted protein KAG7375144.1
Phum-OR502AA_014_000174.1	unannotated	Hypothetical protein of unknown function
Phum-OR502AA_014_000158.1	eggnog	Proteasome complex subunit Rpn13 ubiquitin receptor
Phum-OR502AA_014_000159.1	eggnog	Proteasome complex subunit Rpn13 ubiquitin receptor
Phum-OR502AA_014_000173.1	blastp	Homology to Phytophthora ramorum predicted protein KAH7459710.1
Phum-OR502AA_014_000160.1	eggnog	ATPase activity, coupled to transmembrane movement of substances
Phum-OR502AA_014_000172.1	eggnog	RNA recognition motif
Phum-OR502AA_014_000161.1	eggnog	The ARF-like 2 binding protein BART
Phum-OR502AA_014_000171.1	eggnog	domain-containing protein
Phum-OR502AA_014_000170.1	eggnog	Rho (Ras homology) subfamily of Ras-like small GTPases
Phum-OR502AA_014_000169.1	eggnog	Biogenesis of lysosome-related organelles complex-1 subunit 2
Phum-OR502AA_014_000162.1	eggnog	PhoX homologous domain, present in p47phox and p40phox
Phum-OR502AA_014_000168.1	interproscan	SSF50729 domain-containing protein
Phum-OR502AA_014_000167.1	blastp	Homology to Peronospora destructor predicted protein CAI5721859.1
Phum-OR502AA_014_000163.1	interproscan	PTHR14944 domain-containing protein
Phum-OR502AA_014_000166.1	unannotated	Hypothetical protein of unknown function
Phum-OR502AA_014_000165.1	unannotated	Hypothetical protein of unknown function
Phum-OR502AA_014_000164.1	eggnog	TIP41-like family
Phum-OR502AA_015_000409.1	eggnog	Belongs to the D-isomer specific 2-hydroxyacid dehydrogenase family
Phum-OR502AA_015_000001.1	blastp	Homology to Phytophthora pseudosyringae predicted protein KAG7377468.1
Phum-OR502AA_015_000002.1	eggnog	sphingosine N-acyltransferase activity
Phum-OR502AA_015_000003.1	eggnog	FYVE zinc finger
Phum-OR502AA_015_000408.1	blastp	Homology to Phytophthora pseudosyringae predicted protein KAG7382871.1
Phum-OR502AA_015_000407.1	blastp	Homology to Phytophthora pseudosyringae predicted protein KAG7377468.1
Phum-OR502AA_015_000004.1	eggnog	Belongs to the D-isomer specific 2-hydroxyacid dehydrogenase family
Phum-OR502AA_015_000005.1	eggnog	domain-containing protein
Phum-OR502AA_015_000006.1	eggnog	tRNA uridine 5-carboxymethylaminomethyl modification enzyme
Phum-OR502AA_015_000007.1	blastp	Homology to Phytophthora pseudosyringae predicted protein KAG7382871.1
Phum-OR502AA_015_000406.1	eggnog	FYVE zinc finger
Phum-OR502AA_015_000405.1	blastp	Homology to Phytophthora pseudosyringae predicted protein KAG7382871.1
Phum-OR502AA_015_000008.1	eggnog	Catalyzes the exchange of an acyl for a long-chain alkyl group and the formation of the ether bond in the biosynthesis of ether phospholipids
Phum-OR502AA_015_000009.1	eggnog	domain-containing protein
Phum-OR502AA_015_000404.1	eggnog	FYVE zinc finger
Phum-OR502AA_015_000010.1	eggnog	Coiled-coil domain-containing protein (DUF2037)
Phum-OR502AA_015_000011.1	eggnog	Microtubule-binding calmodulin-regulated spectrin-associated
Phum-OR502AA_015_000012.1	unannotated	Hypothetical protein of unknown function
Phum-OR502AA_015_000013.1	unannotated	Hypothetical protein of unknown function
Phum-OR502AA_015_000014.1	eggnog	Catalyzes the exchange of an acyl for a long-chain alkyl group and the formation of the ether bond in the biosynthesis of ether phospholipids
Phum-OR502AA_015_000015.1	blastp	Homology to Phytophthora lilii predicted protein GMF14499.1
Phum-OR502AA_015_000403.1	eggnog	2OG-Fe(II) oxygenase superfamily
Phum-OR502AA_015_000402.1	eggnog	NAD-dependent glycerol-3-phosphate dehydrogenase N-terminus
Phum-OR502AA_015_000401.1	interproscan	G3DSA:3.40.50.1820 domain-containing protein
Phum-OR502AA_015_000016.1	unannotated	Hypothetical protein of unknown function
Phum-OR502AA_015_000017.1	blastp	Homology to Phytophthora megakarya predicted protein OWZ23950.1
Phum-OR502AA_015_000400.1	eggnog	domain-containing protein
Phum-OR502AA_015_000399.1	unannotated	Hypothetical protein of unknown function
Phum-OR502AA_015_000018.1	unannotated	Hypothetical protein of unknown function
Phum-OR502AA_015_000019.1	eggnog	domain-containing protein
Phum-OR502AA_015_000398.1	unannotated	Hypothetical protein of unknown function
Phum-OR502AA_015_000397.1	eggnog	LexA-binding, inner membrane-associated putative hydrolase
Phum-OR502AA_015_000020.1	eggnog	Rab subfamily of small GTPases
Phum-OR502AA_015_000396.1	eggnog	SmpB protein
Phum-OR502AA_015_000395.1	blastp	Homology to Phytophthora pseudosyringae predicted protein KAG7385124.1
Phum-OR502AA_015_000021.1	blastp	Homology to Peronospora farinosa predicted protein CAH0492286.1
Phum-OR502AA_015_000394.1	blastp	Homology to Phytophthora cactorum predicted protein KAG3033197.1
Phum-OR502AA_015_000022.1	unannotated	Hypothetical protein of unknown function
Phum-OR502AA_015_000023.1	unannotated	Hypothetical protein of unknown function
Phum-OR502AA_015_000024.1	unannotated	Hypothetical protein of unknown function
Phum-OR502AA_015_000025.1	interproscan	PTHR13018 domain-containing protein
Phum-OR502AA_015_000393.1	eggnog	Tub family
Phum-OR502AA_015_000026.1	interproscan	PTHR13018 domain-containing protein
Phum-OR502AA_015_000392.1	blastp	Homology to Phytophthora rubi predicted protein KAE9005120.1
Phum-OR502AA_015_000391.1	blastp	Homology to Phytophthora rubi predicted protein KAE9322119.1
Phum-OR502AA_015_000390.1	unannotated	Hypothetical protein of unknown function
Phum-OR502AA_015_000027.1	unannotated	Hypothetical protein of unknown function
Phum-OR502AA_015_000389.1	blastp	Homology to Peronospora effusa predicted protein RMX64337.1
Phum-OR502AA_015_000028.1	unannotated	Hypothetical protein of unknown function
Phum-OR502AA_015_000029.1	unannotated	Hypothetical protein of unknown function
Phum-OR502AA_015_000030.1	eggnog	domain-containing protein
Phum-OR502AA_015_000031.1	eggnog	domain-containing protein
Phum-OR502AA_015_000032.1	eggnog	domain-containing protein
Phum-OR502AA_015_000388.1	eggnog	Glycosyl hydrolases family 17
Phum-OR502AA_015_000387.1	eggnog	glucosidase activity
Phum-OR502AA_015_000386.1	blastp	Homology to Phytophthora idaei predicted protein KAG3122129.1
Phum-OR502AA_015_000033.1	eggnog	domain-containing protein
Phum-OR502AA_015_000385.1	eggnog	Ankyrin repeats (3 copies)
Phum-OR502AA_015_000384.1	eggnog	domain-containing protein
Phum-OR502AA_015_000383.1	eggnog	involved in autophagic vesicle formation
Phum-OR502AA_015_000382.1	eggnog	glucosidase activity
Phum-OR502AA_015_000381.1	eggnog	ATP-binding Cassette (ABC) superfamily
Phum-OR502AA_015_000034.1	eggnog	ATP-binding Cassette (ABC) superfamily
Phum-OR502AA_015_000035.1	eggnog	Necrosis inducing protein (NPP1)
Phum-OR502AA_015_000036.1	eggnog	ATP-binding Cassette (ABC) superfamily
Phum-OR502AA_015_000037.1	eggnog	glucosidase activity
Phum-OR502AA_015_000038.1	unannotated	Hypothetical protein of unknown function
Phum-OR502AA_015_000380.1	unannotated	Hypothetical protein of unknown function
Phum-OR502AA_015_000379.1	eggnog	Ankyrin repeats (3 copies)
Phum-OR502AA_015_000039.1	unannotated	Hypothetical protein of unknown function
Phum-OR502AA_015_000040.1	eggnog	protein ubiquitination
Phum-OR502AA_015_000378.1	eggnog	ZIP Zinc transporter
Phum-OR502AA_015_000041.1	eggnog	domain-containing protein
Phum-OR502AA_015_000042.1	blastp	Homology to Phytophthora aleatoria predicted protein KAG6950463.1
Phum-OR502AA_015_000377.1	eggnog	Stage II sporulation protein E (SpoIIE)
Phum-OR502AA_015_000376.1	eggnog	TB2/DP1, HVA22 family
Phum-OR502AA_015_000043.1	interproscan	PTHR33876 domain-containing protein
Phum-OR502AA_015_000375.1	eggnog	C-terminal duplication domain of Friend of PRMT1
Phum-OR502AA_015_000374.1	eggnog	STIMATE family
Phum-OR502AA_015_000373.1	blastp	Homology to Hyaloperonospora brassicae predicted protein CAI5714078.1
Phum-OR502AA_015_000372.1	eggnog	Condensin II complex subunit CAP-H2 or CNDH2, N-terminal
Phum-OR502AA_015_000044.1	eggnog	domain-containing protein
Phum-OR502AA_015_000371.1	eggnog	Tubulin-tyrosine ligase family
Phum-OR502AA_015_000370.1	eggnog	Tubulin-tyrosine ligase family
Phum-OR502AA_015_000045.1	interproscan	PTHR34737 domain-containing protein
Phum-OR502AA_015_000046.1	eggnog	Necrosis inducing protein (NPP1)
Phum-OR502AA_015_000047.1	eggnog	Glycosyl hydrolase family 10
Phum-OR502AA_015_000369.1	interproscan	PTHR34737 domain-containing protein
Phum-OR502AA_015_000368.1	eggnog	Glycosyl hydrolase family 10
Phum-OR502AA_015_000048.1	interproscan	PTHR34737 domain-containing protein
Phum-OR502AA_015_000367.1	eggnog	domain-containing protein
Phum-OR502AA_015_000366.1	interproscan	PTHR28559 domain-containing protein
Phum-OR502AA_015_000049.1	eggnog	Protein of unknown function (DUF229)
Phum-OR502AA_015_000365.1	blastp	Homology to Phytophthora pseudosyringae predicted protein KAG7386881.1
Phum-OR502AA_015_000050.1	blastp	Homology to Phytophthora fragariae predicted protein KAE9295326.1
Phum-OR502AA_015_000051.1	eggnog	ATPase activity, coupled to transmembrane movement of substances
Phum-OR502AA_015_000364.1	eggnog	ATP-binding Cassette (ABC) superfamily
Phum-OR502AA_015_000363.1	eggnog	ATPase activity, coupled to transmembrane movement of substances
Phum-OR502AA_015_000052.1	eggnog	ABC-2 type transporter
Phum-OR502AA_015_000053.1	blastp	Homology to Peronospora effusa predicted protein RMX68436.1
Phum-OR502AA_015_000054.1	unannotated	Hypothetical protein of unknown function
Phum-OR502AA_015_000362.1	eggnog	Ribosomal L28 family
Phum-OR502AA_015_000055.1	blastp	Homology to Phytophthora cactorum predicted protein KAG2778809.1
Phum-OR502AA_015_000056.1	blastp	Homology to Phytophthora sojae predicted protein XP_009536246.1
Phum-OR502AA_015_000361.1	eggnog	domain-containing protein
Phum-OR502AA_015_000360.1	unannotated	Hypothetical protein of unknown function
Phum-OR502AA_015_000057.1	interproscan	G3DSA:1.25.40.10 domain-containing protein
Phum-OR502AA_015_000359.1	unannotated	Hypothetical protein of unknown function
Phum-OR502AA_015_000058.1	eggnog	Protein of unknown function (DUF3767)
Phum-OR502AA_015_000358.1	eggnog	Rab subfamily of small GTPases
Phum-OR502AA_015_000059.1	blastp	Homology to predicted protein KAH7498907.1
Phum-OR502AA_015_000357.1	eggnog	domain-containing protein
Phum-OR502AA_015_000060.1	eggnog	Myb DNA-binding like
Phum-OR502AA_015_000356.1	unannotated	Hypothetical protein of unknown function
Phum-OR502AA_015_000061.1	interproscan	PTHR34737 domain-containing protein
Phum-OR502AA_015_000062.1	eggnog	transposition, RNA-mediated
Phum-OR502AA_015_000355.1	eggnog	Ribosomal protein L1p/L10e family
Phum-OR502AA_015_000354.1	eggnog	3-oxo-5-alpha-steroid 4-dehydrogenase
Phum-OR502AA_015_000063.1	eggnog	Ribosomal protein L1p/L10e family
Phum-OR502AA_015_000064.1	unannotated	Hypothetical protein of unknown function
Phum-OR502AA_015_000065.1	interproscan	G3DSA:1.20.5.110 domain-containing protein
Phum-OR502AA_015_000353.1	interproscan	PTHR34737 domain-containing protein
Phum-OR502AA_015_000066.1	unannotated	Hypothetical protein of unknown function
Phum-OR502AA_015_000067.1	eggnog	Selenoprotein SelK_SelG
Phum-OR502AA_015_000352.1	eggnog	Ribosomal L27 protein
Phum-OR502AA_015_000351.1	eggnog	Involved in ribosomal large subunit assembly
Phum-OR502AA_015_000068.1	unannotated	Hypothetical protein of unknown function
Phum-OR502AA_015_000069.1	blastp	Homology to Peronospora effusa predicted protein CAI5700814.1
Phum-OR502AA_015_000070.1	interproscan	PTHR21694 domain-containing protein
Phum-OR502AA_015_000071.1	eggnog	domain-containing protein
Phum-OR502AA_015_000072.1	unannotated	Hypothetical protein of unknown function
Phum-OR502AA_015_000073.1	eggnog	domain-containing protein
Phum-OR502AA_015_000350.1	unannotated	Hypothetical protein of unknown function
Phum-OR502AA_015_000349.1	eggnog	domain-containing protein
Phum-OR502AA_015_000348.1	unannotated	Hypothetical protein of unknown function
Phum-OR502AA_015_000074.1	eggnog	domain-containing protein
Phum-OR502AA_015_000075.1	eggnog	Ubiquitin-conjugating enzyme E2, catalytic domain homologues
Phum-OR502AA_015_000347.1	eggnog	Helicase
Phum-OR502AA_015_000076.1	eggnog	UAS
Phum-OR502AA_015_000346.1	eggnog	required for the formation of a threonylcarbamoyl group on adenosine at position 37 (t(6)A37) in tRNAs that read codons beginning with adenine
Phum-OR502AA_015_000077.1	eggnog	domain-containing protein
Phum-OR502AA_015_000345.1	eggnog	Transmembrane amino acid transporter protein
Phum-OR502AA_015_000078.1	eggnog	Transmembrane amino acid transporter protein
Phum-OR502AA_015_000344.1	eggnog	domain-containing protein
Phum-OR502AA_015_000079.1	eggnog	required for the formation of a threonylcarbamoyl group on adenosine at position 37 (t(6)A37) in tRNAs that read codons beginning with adenine
Phum-OR502AA_015_000080.1	eggnog	May be involved in fusion of retrograde transport vesicles derived from an endocytic compartment with the Golgi complex
Phum-OR502AA_015_000081.1	eggnog	UAS
Phum-OR502AA_015_000343.1	eggnog	canonical Wnt signaling pathway involved in osteoblast differentiation
Phum-OR502AA_015_000342.1	eggnog	transposition, RNA-mediated
Phum-OR502AA_015_000341.1	unannotated	Hypothetical protein of unknown function
Phum-OR502AA_015_000340.1	eggnog	domain-containing protein
Phum-OR502AA_015_000339.1	eggnog	Putative restriction endonuclease
Phum-OR502AA_015_000338.1	eggnog	Putative restriction endonuclease
Phum-OR502AA_015_000337.1	eggnog	Belongs to the class-I aminoacyl-tRNA synthetase family (GLN4)
Phum-OR502AA_015_000336.1	unannotated	Hypothetical protein of unknown function
Phum-OR502AA_015_000335.1	eggnog	Belongs to the sterol desaturase family (ERG3)
Phum-OR502AA_015_000082.1	eggnog	Natural resistance-associated macrophage protein
Phum-OR502AA_015_000334.1	eggnog	Elicitin
Phum-OR502AA_015_000333.1	eggnog	Catalyzes the oxidation of 3-carboxy-2-hydroxy-4- methylpentanoate (3-isopropylmalate) to 3-carboxy-4-methyl-2- oxopentanoate
Phum-OR502AA_015_000083.1	eggnog	domain-containing protein
Phum-OR502AA_015_000332.1	unannotated	Hypothetical protein of unknown function
Phum-OR502AA_015_000331.1	eggnog	Arginine methyltransferase that can both catalyze the formation of omega-N monomethylarginine (MMA) and symmetrical dimethylarginine (sDMA)
Phum-OR502AA_015_000330.1	unannotated	Hypothetical protein of unknown function
Phum-OR502AA_015_000084.1	eggnog	Zinc (Zn2 )-Iron (Fe2 ) Permease (ZIP) Family
Phum-OR502AA_015_000085.1	eggnog	domain-containing protein
Phum-OR502AA_015_000329.1	blastp	Homology to Phytophthora nicotianae predicted protein ETM53874.1
Phum-OR502AA_015_000086.1	eggnog	domain-containing protein
Phum-OR502AA_015_000328.1	eggnog	Tripeptidyl peptidase II
Phum-OR502AA_015_000087.1	eggnog	CRN domain-containing protein-containing protein
Phum-OR502AA_015_000327.1	unannotated	Hypothetical protein of unknown function
Phum-OR502AA_015_000088.1	eggnog	Mitochondrial carrier protein
Phum-OR502AA_015_000326.1	blastp	Homology to predicted protein KAH7498830.1
Phum-OR502AA_015_000325.1	eggnog	Cys/Met metabolism PLP-dependent enzyme
Phum-OR502AA_015_000089.1	eggnog	Armadillo/beta-catenin-like repeat
Phum-OR502AA_015_000324.1	eggnog	non-membrane spanning protein tyrosine kinase activity
Phum-OR502AA_015_000090.1	interproscan	PTHR33876 domain-containing protein
Phum-OR502AA_015_000323.1	unannotated	Hypothetical protein of unknown function
Phum-OR502AA_015_000322.1	interproscan	PTHR33876 domain-containing protein
Phum-OR502AA_015_000321.1	eggnog	Nucleotide-sugar transporter
Phum-OR502AA_015_000320.1	interproscan	PTHR32370 domain-containing protein
Phum-OR502AA_015_000091.1	blastp	Homology to Peronospora effusa predicted protein RMX66982.1
Phum-OR502AA_015_000319.1	eggnog	proteasome assembly
Phum-OR502AA_015_000318.1	blastp	Homology to Phytophthora ramorum predicted protein KAH7488878.1
Phum-OR502AA_015_000092.1	eggnog	Ribosomal protein S6
Phum-OR502AA_015_000317.1	eggnog	DSS1_SEM1
Phum-OR502AA_015_000093.1	eggnog	Holliday junction DNA helicase ruvB N-terminus
Phum-OR502AA_015_000094.1	blastp	Homology to Phytophthora lilii predicted protein GMF65172.1
Phum-OR502AA_015_000316.1	eggnog	Zeta toxin
Phum-OR502AA_015_000095.1	eggnog	domain-containing protein
Phum-OR502AA_015_000315.1	eggnog	domain-containing protein
Phum-OR502AA_015_000096.1	eggnog	Pre-mRNA splicing Prp18-interacting factor
Phum-OR502AA_015_000314.1	eggnog	Involved in the synthesis of the GDP-mannose and dolichol-phosphate-mannose required for a number of critical mannosyl transfer reactions
Phum-OR502AA_015_000097.1	eggnog	Sulfate permease family
Phum-OR502AA_015_000313.1	eggnog	Trypsin
Phum-OR502AA_015_000098.1	eggnog	Trypsin-like serine protease
Phum-OR502AA_015_000312.1	eggnog	BT1 family
Phum-OR502AA_015_000099.1	eggnog	Crinkler (CRN) family protein
Phum-OR502AA_015_000100.1	eggnog	Source PGD
Phum-OR502AA_015_000311.1	eggnog	C4-type zinc-finger of DNA polymerase delta
Phum-OR502AA_015_000310.1	eggnog	C4-type zinc-finger of DNA polymerase delta
Phum-OR502AA_015_000101.1	eggnog	Domain of unknown function (DUF4954)
Phum-OR502AA_015_000309.1	blastp	Homology to Phytophthora pseudosyringae predicted protein KAG7379567.1
Phum-OR502AA_015_000102.1	eggnog	Component of the cytosolic iron-sulfur (Fe S) protein assembly (CIA) machinery
Phum-OR502AA_015_000308.1	eggnog	protein serine/threonine phosphatase activity
Phum-OR502AA_015_000307.1	eggnog	ABC transporter
Phum-OR502AA_015_000306.1	blastp	Homology to Lagenidium giganteum predicted protein DBA02160.1
Phum-OR502AA_015_000103.1	blastp	Homology to Phytophthora cactorum predicted protein KAG3013671.1
Phum-OR502AA_015_000104.1	eggnog	HEAT-like repeat
Phum-OR502AA_015_000105.1	unannotated	Hypothetical protein of unknown function
Phum-OR502AA_015_000305.1	eggnog	ubiquitin modification-dependent histone binding
Phum-OR502AA_015_000304.1	eggnog	domain-containing protein
Phum-OR502AA_015_000106.1	blastp	Homology to Phytophthora nicotianae predicted protein ETK84172.1
Phum-OR502AA_015_000303.1	blastp	Homology to Phytophthora cactorum predicted protein KAG4047020.1
Phum-OR502AA_015_000302.1	interproscan	PTHR23315 domain-containing protein
Phum-OR502AA_015_000301.1	eggnog	ubiquitinyl hydrolase activity
Phum-OR502AA_015_000300.1	blastp	Homology to Phytophthora citrophthora predicted protein KAK1942384.1
Phum-OR502AA_015_000107.1	eggnog	axoneme assembly
Phum-OR502AA_015_000299.1	interproscan	PTHR13146 domain-containing protein
Phum-OR502AA_015_000108.1	eggnog	SNAP receptor activity
Phum-OR502AA_015_000109.1	eggnog	Helical region found in SNAREs
Phum-OR502AA_015_000110.1	blastp	Homology to Peronospora farinosa predicted protein CAH0485787.1
Phum-OR502AA_015_000298.1	eggnog	Helicase associated domain (HA2) Add an annotation
Phum-OR502AA_015_000297.1	eggnog	Thioredoxin-like [2Fe-2S] ferredoxin
Phum-OR502AA_015_000111.1	eggnog	Ubiquinol-cytochrome C reductase hinge protein
Phum-OR502AA_015_000112.1	eggnog	Ribosomal protein S26e
Phum-OR502AA_015_000113.1	blastp	Homology to Phytophthora lilii predicted protein GMF13741.1
Phum-OR502AA_015_000296.1	blastp	Homology to Phytophthora capsici predicted protein KAG1695459.1
Phum-OR502AA_015_000114.1	blastp	Homology to Phytophthora capsici predicted protein KAG1695459.1
Phum-OR502AA_015_000295.1	eggnog	Phosphatidylinositol-4-phosphate 5-Kinase
Phum-OR502AA_015_000294.1	eggnog	spectrin binding
Phum-OR502AA_015_000293.1	blastp	Homology to Peronospora effusa predicted protein UIZ21961.1
Phum-OR502AA_015_000115.1	eggnog	domain-containing protein
Phum-OR502AA_015_000292.1	eggnog	domain-containing protein
Phum-OR502AA_015_000291.1	blastp	Homology to Peronospora destructor predicted protein CAI5742277.1
Phum-OR502AA_015_000290.1	blastp	Homology to Phytophthora ramorum predicted protein KAH7472684.1
Phum-OR502AA_015_000289.1	eggnog	Trypsin-like serine protease
Phum-OR502AA_015_000116.1	eggnog	Trypsin-like serine protease
Phum-OR502AA_015_000117.1	unannotated	Hypothetical protein of unknown function
Phum-OR502AA_015_000118.1	unannotated	Hypothetical protein of unknown function
Phum-OR502AA_015_000288.1	unannotated	Hypothetical protein of unknown function
Phum-OR502AA_015_000119.1	eggnog	Trypsin-like serine protease
Phum-OR502AA_015_000120.1	unannotated	Hypothetical protein of unknown function
Phum-OR502AA_015_000287.1	unannotated	Hypothetical protein of unknown function
Phum-OR502AA_015_000121.1	eggnog	Plasma-membrane choline transporter
Phum-OR502AA_015_000122.1	eggnog	domain in glucosyltransferases, myotubularins and other putative membrane-associated proteins
Phum-OR502AA_015_000123.1	eggnog	Domain of unknown function (DUF2431)
Phum-OR502AA_015_000124.1	eggnog	Belongs to the class I-like SAM-binding methyltransferase superfamily
Phum-OR502AA_015_000286.1	blastp	Homology to Peronospora belbahrii predicted protein CAH0521595.1
Phum-OR502AA_015_000125.1	eggnog	domain-containing protein
Phum-OR502AA_015_000285.1	eggnog	WD domain, G-beta repeat
Phum-OR502AA_015_000126.1	blastp	Homology to Phytophthora pseudosyringae predicted protein KAG7383734.1
Phum-OR502AA_015_000284.1	blastp	Homology to Phytophthora cactorum predicted protein KAF1780657.1
Phum-OR502AA_015_000127.1	eggnog	EF-hand, calcium binding motif
Phum-OR502AA_015_000128.1	eggnog	zinc ion binding
Phum-OR502AA_015_000283.1	blastp	Homology to Phytophthora cactorum predicted protein KAG2778148.1
Phum-OR502AA_015_000129.1	blastp	Homology to Phytophthora cinnamomi predicted protein KAG6623378.1
Phum-OR502AA_015_000282.1	interproscan	G3DSA:1.10.20.10 domain-containing protein
Phum-OR502AA_015_000130.1	eggnog	domain-containing protein
Phum-OR502AA_015_000131.1	eggnog	Surfeit locus protein 2 (SURF2)
Phum-OR502AA_015_000281.1	eggnog	domain-containing protein
Phum-OR502AA_015_000132.1	eggnog	Protein present in Fab1, YOTB, Vac1, and EEA1
Phum-OR502AA_015_000280.1	eggnog	domain-containing protein
Phum-OR502AA_015_000279.1	eggnog	Snare region anchored in the vesicle membrane C-terminus
Phum-OR502AA_015_000133.1	eggnog	domain-containing protein
Phum-OR502AA_015_000134.1	blastp	Homology to Phytophthora nicotianae predicted protein KUF89223.1
Phum-OR502AA_015_000278.1	blastp	Homology to Phytophthora lilii predicted protein GMF10040.1
Phum-OR502AA_015_000277.1	blastp	Homology to Phytophthora pseudosyringae predicted protein KAG7381657.1
Phum-OR502AA_015_000276.1	eggnog	component of the eukaryotic translation initiation factor 3 (eIF-3) complex, which is involved in protein synthesis of a specialized repertoire of mRNAs and, together with other initiation factors, stimulates binding of mRNA and methionyl-tRNAi to the 40S ribosome
Phum-OR502AA_015_000135.1	interproscan	PTHR34094 domain-containing protein
Phum-OR502AA_015_000136.1	eggnog	tRNase Z endonuclease
Phum-OR502AA_015_000275.1	eggnog	Initiation factor 2 subunit family
Phum-OR502AA_015_000137.1	eggnog	WD40 repeats
Phum-OR502AA_015_000138.1	unannotated	Hypothetical protein of unknown function
Phum-OR502AA_015_000274.1	unannotated	Hypothetical protein of unknown function
Phum-OR502AA_015_000139.1	eggnog	domain-containing protein
Phum-OR502AA_015_000273.1	eggnog	WD40 repeats
Phum-OR502AA_015_000140.1	eggnog	WD40 repeats
Phum-OR502AA_015_000272.1	eggnog	domain-containing protein
Phum-OR502AA_015_000141.1	unannotated	Hypothetical protein of unknown function
Phum-OR502AA_015_000271.1	eggnog	ATPase activity
Phum-OR502AA_015_000270.1	eggnog	ATP-binding Cassette (ABC) superfamily
Phum-OR502AA_015_000269.1	unannotated	Hypothetical protein of unknown function
Phum-OR502AA_015_000268.1	unannotated	Hypothetical protein of unknown function
Phum-OR502AA_015_000142.1	eggnog	CAP_GLY
Phum-OR502AA_015_000143.1	eggnog	ATP-binding Cassette (ABC) superfamily
Phum-OR502AA_015_000267.1	unannotated	Hypothetical protein of unknown function
Phum-OR502AA_015_000144.1	eggnog	domain-containing protein
Phum-OR502AA_015_000145.1	eggnog	ABC-2 type transporter
Phum-OR502AA_015_000146.1	eggnog	Possibly involved in carbohydrate binding
Phum-OR502AA_015_000266.1	eggnog	CAP_GLY
Phum-OR502AA_015_000147.1	eggnog	ATP-binding Cassette (ABC) superfamily
Phum-OR502AA_015_000265.1	eggnog	CAP_GLY
Phum-OR502AA_015_000264.1	eggnog	ABC-2 type transporter
Phum-OR502AA_015_000263.1	eggnog	Possibly involved in carbohydrate binding
Phum-OR502AA_015_000148.1	eggnog	Thioredoxin reductase 1. Source PGD
Phum-OR502AA_015_000262.1	eggnog	Cyclophilin type peptidyl-prolyl cis-trans isomerase/CLD
Phum-OR502AA_015_000261.1	eggnog	Thioredoxin reductase 1. Source PGD
Phum-OR502AA_015_000149.1	eggnog	ATPase activity
Phum-OR502AA_015_000260.1	unannotated	Hypothetical protein of unknown function
Phum-OR502AA_015_000150.1	eggnog	ATP-binding Cassette (ABC) superfamily
Phum-OR502AA_015_000151.1	eggnog	Putative collagen-binding domain of a collagenase
Phum-OR502AA_015_000259.1	eggnog	Phosphatidylinositol-4-phosphate 5-Kinase
Phum-OR502AA_015_000152.1	eggnog	Ribosomal family S4e
Phum-OR502AA_015_000153.1	eggnog	Sugar efflux transporter for intercellular exchange
Phum-OR502AA_015_000154.1	unannotated	Hypothetical protein of unknown function
Phum-OR502AA_015_000155.1	eggnog	Cyclophilin type peptidyl-prolyl cis-trans isomerase/CLD
Phum-OR502AA_015_000156.1	eggnog	Transglutaminase elicitor
Phum-OR502AA_015_000157.1	eggnog	Transglutaminase elicitor
Phum-OR502AA_015_000258.1	eggnog	DNA repair
Phum-OR502AA_015_000257.1	unannotated	Hypothetical protein of unknown function
Phum-OR502AA_015_000256.1	blastp	Homology to Peronospora destructor predicted protein CAI5742030.1
Phum-OR502AA_015_000255.1	eggnog	domain-containing protein
Phum-OR502AA_015_000254.1	eggnog	domain-containing protein
Phum-OR502AA_015_000158.1	eggnog	domain-containing protein
Phum-OR502AA_015_000159.1	eggnog	GDP-mannose 4,6 dehydratase
Phum-OR502AA_015_000253.1	blastp	Homology to Phytophthora capsici predicted protein KAG1705002.1
Phum-OR502AA_015_000160.1	eggnog	Subtilase family
Phum-OR502AA_015_000161.1	eggnog	domain-containing protein
Phum-OR502AA_015_000162.1	unannotated	Hypothetical protein of unknown function
Phum-OR502AA_015_000163.1	eggnog	Carbohydrate-binding family 9
Phum-OR502AA_015_000252.1	eggnog	domain-containing protein
Phum-OR502AA_015_000164.1	eggnog	ciliary receptor clustering involved in smoothened signaling pathway
Phum-OR502AA_015_000251.1	eggnog	Fms-interacting protein
Phum-OR502AA_015_000165.1	blastp	Homology to Phytophthora sojae predicted protein XP_009538191.1
Phum-OR502AA_015_000250.1	eggnog	domain-containing protein
Phum-OR502AA_015_000166.1	eggnog	Rad51
Phum-OR502AA_015_000167.1	eggnog	Rad51
Phum-OR502AA_015_000249.1	blastp	Homology to Peronospora belbahrii predicted protein CAH0521537.1
Phum-OR502AA_015_000248.1	interproscan	PTHR34894 domain-containing protein
Phum-OR502AA_015_000247.1	interproscan	PTHR28608 domain-containing protein
Phum-OR502AA_015_000168.1	blastp	Homology to Phytophthora ramorum predicted protein KAH7469133.1
Phum-OR502AA_015_000246.1	unannotated	Hypothetical protein of unknown function
Phum-OR502AA_015_000245.1	interproscan	G3DSA:1.10.150.670 domain-containing protein
Phum-OR502AA_015_000244.1	unannotated	Hypothetical protein of unknown function
Phum-OR502AA_015_000243.1	interproscan	G3DSA:3.40.50.2000 domain-containing protein
Phum-OR502AA_015_000169.1	interproscan	G3DSA:3.40.50.2000 domain-containing protein
Phum-OR502AA_015_000242.1	eggnog	ATP-binding Cassette (ABC) superfamily
Phum-OR502AA_015_000241.1	unannotated	Hypothetical protein of unknown function
Phum-OR502AA_015_000170.1	eggnog	EF-hand domain pair
Phum-OR502AA_015_000171.1	eggnog	ABC transporter transmembrane region
Phum-OR502AA_015_000240.1	eggnog	Crinkler (CRN) family protein
Phum-OR502AA_015_000239.1	eggnog	ABC transporter transmembrane region
Phum-OR502AA_015_000172.1	eggnog	ABC transporter transmembrane region
Phum-OR502AA_015_000238.1	eggnog	Crinkler (CRN) family protein
Phum-OR502AA_015_000237.1	eggnog	ABC transporter transmembrane region
Phum-OR502AA_015_000236.1	eggnog	transposition, RNA-mediated
Phum-OR502AA_015_000235.1	blastp	Homology to Peronospora destructor predicted protein CAI5742094.1
Phum-OR502AA_015_000234.1	blastp	Homology to Peronospora belbahrii predicted protein CAH0475144.1
Phum-OR502AA_015_000173.1	blastp	Homology to Phytophthora palmivora predicted protein POM64481.1
Phum-OR502AA_015_000233.1	blastp	Homology to Phytophthora infestans predicted protein XP_002896139.1
Phum-OR502AA_015_000174.1	eggnog	Niemann-Pick C1 N terminus
Phum-OR502AA_015_000232.1	eggnog	Golgi vesicle docking
Phum-OR502AA_015_000231.1	blastp	Homology to Peronospora effusa predicted protein RMX67625.1
Phum-OR502AA_015_000175.1	blastp	Homology to Peronospora effusa predicted protein RMX67625.1
Phum-OR502AA_015_000176.1	blastp	Homology to Phytophthora boehmeriae predicted protein KAG7385735.1
Phum-OR502AA_015_000230.1	eggnog	Sulfatase
Phum-OR502AA_015_000177.1	eggnog	Peptidase family C78
Phum-OR502AA_015_000229.1	eggnog	domain-containing protein
Phum-OR502AA_015_000178.1	interproscan	SSF53756 domain-containing protein
Phum-OR502AA_015_000179.1	eggnog	Reverse transcriptase (RNA-dependent DNA polymerase)
Phum-OR502AA_015_000180.1	blastp	Homology to Phytophthora infestans predicted protein KAI9985610.1
Phum-OR502AA_015_000228.1	blastp	Homology to Phytophthora infestans predicted protein KAI9985610.1
Phum-OR502AA_015_000227.1	eggnog	Reverse transcriptase (RNA-dependent DNA polymerase)
Phum-OR502AA_015_000226.1	unannotated	Hypothetical protein of unknown function
Phum-OR502AA_015_000181.1	interproscan	SSF53756 domain-containing protein
Phum-OR502AA_015_000182.1	eggnog	positive regulation of ATP-dependent microtubule motor activity, plus-end-directed (DYNLL1)
Phum-OR502AA_015_000225.1	eggnog	AN1-like Zinc finger
Phum-OR502AA_015_000183.1	eggnog	Ribosomal protein L35
Phum-OR502AA_015_000224.1	blastp	Homology to Phytophthora infestans predicted protein KAI9985610.1
Phum-OR502AA_015_000223.1	eggnog	Ribosomal protein L44
Phum-OR502AA_015_000184.1	eggnog	X-Pro dipeptidyl-peptidase (S15 family)
Phum-OR502AA_015_000185.1	unannotated	Hypothetical protein of unknown function
Phum-OR502AA_015_000186.1	blastp	Homology to Phytophthora megakarya predicted protein OWZ13356.1
Phum-OR502AA_015_000222.1	blastp	Homology to Phytophthora cactorum predicted protein KAG3144001.1
Phum-OR502AA_015_000221.1	unannotated	Hypothetical protein of unknown function
Phum-OR502AA_015_000220.1	blastp	Homology to Phytophthora megakarya predicted protein OWZ13356.1
Phum-OR502AA_015_000187.1	blastp	Homology to Phytophthora ramorum predicted protein KAH7472518.1
Phum-OR502AA_015_000219.1	unannotated	Hypothetical protein of unknown function
Phum-OR502AA_015_000218.1	unannotated	Hypothetical protein of unknown function
Phum-OR502AA_015_000188.1	unannotated	Hypothetical protein of unknown function
Phum-OR502AA_015_000217.1	eggnog	Cysteine protease required for the cytoplasm to vacuole transport (Cvt) and autophagy
Phum-OR502AA_015_000189.1	interproscan	PTHR31431 domain-containing protein
Phum-OR502AA_015_000216.1	eggnog	Glycine-rich protein domain (DUF2403)
Phum-OR502AA_015_000190.1	eggnog	EF-hand, calcium binding motif
Phum-OR502AA_015_000191.1	eggnog	Tryptophan/tyrosine permease family
Phum-OR502AA_015_000215.1	blastp	Homology to Phytophthora megakarya predicted protein OWY96949.1
Phum-OR502AA_015_000214.1	eggnog	domain-containing protein
Phum-OR502AA_015_000192.1	unannotated	Hypothetical protein of unknown function
Phum-OR502AA_015_000193.1	eggnog	Actin
Phum-OR502AA_015_000213.1	eggnog	Polysaccharide biosynthesis protein
Phum-OR502AA_015_000194.1	blastp	Homology to Phytophthora cactorum predicted protein KAG2991651.1
Phum-OR502AA_015_000195.1	eggnog	domain-containing protein
Phum-OR502AA_015_000196.1	eggnog	Fatty acid desaturase
Phum-OR502AA_015_000197.1	eggnog	Pre-mRNA-splicing factor SF3a complex subunit 2 (Prp11)
Phum-OR502AA_015_000212.1	eggnog	Amidinotransferase
Phum-OR502AA_015_000198.1	eggnog	domain-containing protein
Phum-OR502AA_015_000211.1	eggnog	HECT-domain (ubiquitin-transferase)
Phum-OR502AA_015_000210.1	eggnog	Eukaryotic aspartyl protease
Phum-OR502AA_015_000199.1	eggnog	Protein tyrosine kinase
Phum-OR502AA_015_000209.1	interproscan	PTHR13627 domain-containing protein
Phum-OR502AA_015_000200.1	interproscan	PTHR13627 domain-containing protein
Phum-OR502AA_015_000201.1	interproscan	PTHR13627 domain-containing protein
Phum-OR502AA_015_000208.1	blastp	Homology to Phytophthora ramorum predicted protein KAH7474355.1
Phum-OR502AA_015_000207.1	unannotated	Hypothetical protein of unknown function
Phum-OR502AA_015_000202.1	unannotated	Hypothetical protein of unknown function
Phum-OR502AA_015_000203.1	unannotated	Hypothetical protein of unknown function
Phum-OR502AA_015_000206.1	unannotated	Hypothetical protein of unknown function
Phum-OR502AA_015_000205.1	unannotated	Hypothetical protein of unknown function
Phum-OR502AA_015_000204.1	unannotated	Hypothetical protein of unknown function
Phum-OR502AA_016_000322.1	interproscan	PTHR37067 domain-containing protein
Phum-OR502AA_016_000321.1	interproscan	PTHR37067 domain-containing protein
Phum-OR502AA_016_000320.1	eggnog	transposition, RNA-mediated
Phum-OR502AA_016_000319.1	eggnog	F-box-like
Phum-OR502AA_016_000001.1	eggnog	mitochondrial electron transport, NADH to ubiquinone
Phum-OR502AA_016_000318.1	blastp	Homology to Phytophthora nicotianae predicted protein XP_008911263.1
Phum-OR502AA_016_000002.1	eggnog	3-oxo-5-alpha-steroid 4-dehydrogenase
Phum-OR502AA_016_000317.1	eggnog	G10 protein
Phum-OR502AA_016_000316.1	eggnog	ABC-2 family transporter protein
Phum-OR502AA_016_000003.1	blastp	Homology to Phytophthora nicotianae predicted protein KUF79089.1
Phum-OR502AA_016_000315.1	blastp	Homology to Peronospora effusa predicted protein UIZ25444.1
Phum-OR502AA_016_000004.1	eggnog	Catalyzes the hydroxylation of the N(6)-(4-aminobutyl)- L-lysine intermediate to form hypusine, an essential post- translational modification only found in mature eIF-5A factor
Phum-OR502AA_016_000314.1	eggnog	HECT-like Ubiquitin-conjugating enzyme (E2)-binding
Phum-OR502AA_016_000005.1	eggnog	PhoX homologous domain, present in p47phox and p40phox
Phum-OR502AA_016_000313.1	eggnog	snRNP Sm proteins
Phum-OR502AA_016_000006.1	unannotated	Hypothetical protein of unknown function
Phum-OR502AA_016_000312.1	eggnog	Ubiquitin carboxyl-terminal hydrolase, family 1
Phum-OR502AA_016_000007.1	eggnog	Ubiquitin carboxyl-terminal hydrolase, family 1
Phum-OR502AA_016_000311.1	unannotated	Hypothetical protein of unknown function
Phum-OR502AA_016_000008.1	eggnog	transposition, RNA-mediated
Phum-OR502AA_016_000009.1	eggnog	Ubiquitin carboxyl-terminal hydrolase, family 1
Phum-OR502AA_016_000310.1	eggnog	cellular macromolecule catabolic process
Phum-OR502AA_016_000010.1	eggnog	Signal recognition particle receptor beta subunit
Phum-OR502AA_016_000011.1	eggnog	Signal recognition particle receptor beta subunit
Phum-OR502AA_016_000309.1	eggnog	domain-containing protein
Phum-OR502AA_016_000012.1	interproscan	PTHR18879 domain-containing protein
Phum-OR502AA_016_000308.1	eggnog	Cotranslationally removes the N-terminal methionine from nascent proteins
Phum-OR502AA_016_000307.1	unannotated	Hypothetical protein of unknown function
Phum-OR502AA_016_000306.1	blastp	Homology to Peronospora effusa predicted protein RMX70171.1
Phum-OR502AA_016_000305.1	eggnog	Tim17/Tim22/Tim23/Pmp24 family
Phum-OR502AA_016_000304.1	eggnog	prohibitin homologues
Phum-OR502AA_016_000013.1	eggnog	domain-containing protein
Phum-OR502AA_016_000303.1	eggnog	Ring finger
Phum-OR502AA_016_000302.1	blastp	Homology to Phytophthora ramorum predicted protein KAH7476990.1
Phum-OR502AA_016_000014.1	unannotated	Hypothetical protein of unknown function
Phum-OR502AA_016_000015.1	unannotated	Hypothetical protein of unknown function
Phum-OR502AA_016_000016.1	blastp	Homology to Phytophthora ramorum predicted protein KAH7476990.1
Phum-OR502AA_016_000301.1	eggnog	Transposase. Source PGD
Phum-OR502AA_016_000300.1	blastp	Homology to predicted protein KAH7508832.1
Phum-OR502AA_016_000017.1	eggnog	EXS family
Phum-OR502AA_016_000018.1	eggnog	Ribosomal_L40e
Phum-OR502AA_016_000299.1	eggnog	WD domain, G-beta repeat
Phum-OR502AA_016_000298.1	eggnog	Inositol monophosphatase family
Phum-OR502AA_016_000297.1	unannotated	Hypothetical protein of unknown function
Phum-OR502AA_016_000019.1	blastp	Homology to Phytophthora infestans;Phytophthora nicotianae;Phytophthora cactorum predicted protein XP_008893310.1
Phum-OR502AA_016_000020.1	blastp	Homology to Peronospora destructor predicted protein CAI5746233.1
Phum-OR502AA_016_000296.1	eggnog	ATP synthase D chain, mitochondrial (ATP5H)
Phum-OR502AA_016_000021.1	eggnog	Hypoxia induced protein conserved region
Phum-OR502AA_016_000295.1	eggnog	Helical region found in SNAREs
Phum-OR502AA_016_000294.1	interproscan	PTHR37066 domain-containing protein
Phum-OR502AA_016_000293.1	eggnog	SAICAR synthetase
Phum-OR502AA_016_000022.1	interproscan	G3DSA:3.80.10.10 domain-containing protein
Phum-OR502AA_016_000292.1	blastp	Homology to Phytophthora aleatoria predicted protein KAG6954067.1
Phum-OR502AA_016_000023.1	eggnog	domain-containing protein
Phum-OR502AA_016_000024.1	eggnog	domain-containing protein
Phum-OR502AA_016_000291.1	blastp	Homology to Peronospora effusa predicted protein RMX63678.1
Phum-OR502AA_016_000025.1	eggnog	SAICAR synthetase
Phum-OR502AA_016_000026.1	interproscan	PTHR37066 domain-containing protein
Phum-OR502AA_016_000027.1	eggnog	Mitochondrial carrier protein
Phum-OR502AA_016_000290.1	eggnog	RNA polymerase II transcription mediator complex subunit 9
Phum-OR502AA_016_000289.1	eggnog	Ribosomal protein L19e
Phum-OR502AA_016_000028.1	unannotated	Hypothetical protein of unknown function
Phum-OR502AA_016_000029.1	unannotated	Hypothetical protein of unknown function
Phum-OR502AA_016_000030.1	unannotated	Hypothetical protein of unknown function
Phum-OR502AA_016_000288.1	unannotated	Hypothetical protein of unknown function
Phum-OR502AA_016_000031.1	unannotated	Hypothetical protein of unknown function
Phum-OR502AA_016_000287.1	unannotated	Hypothetical protein of unknown function
Phum-OR502AA_016_000032.1	unannotated	Hypothetical protein of unknown function
Phum-OR502AA_016_000286.1	blastp	Homology to Phytophthora palmivora predicted protein POM57824.1
Phum-OR502AA_016_000285.1	eggnog	RED-like protein N-terminal region
Phum-OR502AA_016_000033.1	eggnog	Transcription factor BTF3-like protein
Phum-OR502AA_016_000284.1	eggnog	Ribosomal protein L23
Phum-OR502AA_016_000034.1	eggnog	Med18 protein
Phum-OR502AA_016_000283.1	eggnog	Signal recognition particle receptor beta subunit
Phum-OR502AA_016_000035.1	interproscan	ARID (cd16100)
Phum-OR502AA_016_000282.1	eggnog	Orotidine 5'-phosphate decarboxylase / HUMPS family
Phum-OR502AA_016_000281.1	eggnog	Got1/Sft2-like family
Phum-OR502AA_016_000280.1	eggnog	GTP cyclohydrolase II
Phum-OR502AA_016_000036.1	blastp	Homology to Phytophthora rubi predicted protein KAE9332408.1
Phum-OR502AA_016_000279.1	eggnog	ATP phosphoribosyltransferase
Phum-OR502AA_016_000037.1	blastp	Homology to Peronospora belbahrii predicted protein CAH0481188.1
Phum-OR502AA_016_000278.1	blastp	Homology to Phytophthora rubi predicted protein KAE9270917.1
Phum-OR502AA_016_000038.1	eggnog	Tetratricopeptide repeat
Phum-OR502AA_016_000039.1	blastp	Homology to Phytophthora nicotianae predicted protein ETM02045.1
Phum-OR502AA_016_000277.1	eggnog	Protein tyrosine kinase
Phum-OR502AA_016_000040.1	unannotated	Hypothetical protein of unknown function
Phum-OR502AA_016_000041.1	eggnog	YL1 nuclear protein
Phum-OR502AA_016_000276.1	eggnog	Repeated motif present between transmembrane helices in cystinosin, yeast ERS1p, mannose-P-dolichol utilization defect 1, and other hypothetical proteins
Phum-OR502AA_016_000042.1	interproscan	G3DSA:3.80.10.10 domain-containing protein
Phum-OR502AA_016_000043.1	eggnog	Tyrosine phosphatase family
Phum-OR502AA_016_000275.1	eggnog	Ubiquitin-2 like Rad60 SUMO-like
Phum-OR502AA_016_000044.1	eggnog	U6 snRNA-associated Sm-like protein
Phum-OR502AA_016_000274.1	eggnog	Dpy-30 motif
Phum-OR502AA_016_000273.1	interproscan	At1g26750 (cd23701)
Phum-OR502AA_016_000272.1	blastp	Homology to Phytophthora aleatoria predicted protein KAG6966074.1
Phum-OR502AA_016_000271.1	blastp	Homology to Phytophthora palmivora predicted protein POM63357.1
Phum-OR502AA_016_000045.1	blastp	Homology to Phytophthora palmivora predicted protein POM74071.1
Phum-OR502AA_016_000046.1	eggnog	domain-containing protein
Phum-OR502AA_016_000047.1	eggnog	Belongs to the complex I LYR family
Phum-OR502AA_016_000048.1	blastp	Homology to Phytophthora cactorum predicted protein KAG3020619.1
Phum-OR502AA_016_000049.1	blastp	Homology to Phytophthora capsici predicted protein KAG1699007.1
Phum-OR502AA_016_000050.1	blastp	Homology to Phytophthora cinnamomi predicted protein KAG6599763.1
Phum-OR502AA_016_000270.1	eggnog	The GINS complex plays an essential role in the initiation of DNA replication
Phum-OR502AA_016_000051.1	blastp	Homology to Phytophthora cactorum;Phytophthora idaei;Phytophthora aleatoria predicted protein KAG2784471.1
Phum-OR502AA_016_000052.1	eggnog	NDK
Phum-OR502AA_016_000053.1	blastp	Homology to Peronospora farinosa predicted protein CAI5725621.1
Phum-OR502AA_016_000269.1	eggnog	SART-1 family
Phum-OR502AA_016_000268.1	blastp	Homology to Phytophthora lilii predicted protein GMF24724.1
Phum-OR502AA_016_000054.1	blastp	Homology to Phytophthora cactorum;Phytophthora idaei;Phytophthora aleatoria predicted protein KAG2784471.1
Phum-OR502AA_016_000267.1	blastp	Homology to Phytophthora kernoviae predicted protein RLN47000.1
Phum-OR502AA_016_000055.1	eggnog	Nnf1
Phum-OR502AA_016_000266.1	blastp	Homology to Phytophthora lilii predicted protein GMF24713.1
Phum-OR502AA_016_000265.1	eggnog	Arv1-like family
Phum-OR502AA_016_000056.1	eggnog	Eukaryotic protein of unknown function (DUF872)
Phum-OR502AA_016_000057.1	eggnog	Magnesium transporter NIPA
Phum-OR502AA_016_000058.1	blastp	Homology to Peronospora belbahrii predicted protein CAH0481583.1
Phum-OR502AA_016_000264.1	blastp	Homology to Peronospora belbahrii predicted protein CAH0481583.1
Phum-OR502AA_016_000263.1	blastp	Homology to Phytophthora palmivora predicted protein POM58148.1
Phum-OR502AA_016_000059.1	eggnog	Phosphoribosyl-AMP cyclohydrolase
Phum-OR502AA_016_000262.1	eggnog	Ubiquinol-cytochrome C reductase, UQCRX/QCR9 like
Phum-OR502AA_016_000060.1	blastp	Homology to Phytophthora nicotianae predicted protein ETP42814.1
Phum-OR502AA_016_000061.1	interproscan	PTHR15561 domain-containing protein
Phum-OR502AA_016_000261.1	eggnog	linker between RRM2 and RRM3 domains in RBM39 protein
Phum-OR502AA_016_000062.1	eggnog	Casein kinase substrate phosphoprotein PP28
Phum-OR502AA_016_000063.1	eggnog	Thioredoxin
Phum-OR502AA_016_000260.1	blastp	Homology to Peronospora effusa predicted protein RMX66346.1
Phum-OR502AA_016_000259.1	eggnog	Eukaryotic protein of unknown function (DUF1764)
Phum-OR502AA_016_000258.1	eggnog	domain-containing protein
Phum-OR502AA_016_000257.1	eggnog	Rab subfamily of small GTPases
Phum-OR502AA_016_000064.1	eggnog	RNA polymerase Rpb8
Phum-OR502AA_016_000065.1	blastp	Homology to Phytophthora idaei predicted protein KAG3096998.1
Phum-OR502AA_016_000066.1	eggnog	Ankyrin repeat
Phum-OR502AA_016_000256.1	eggnog	vesicle fusion with Golgi apparatus
Phum-OR502AA_016_000255.1	eggnog	Tim17/Tim22/Tim23/Pmp24 family
Phum-OR502AA_016_000067.1	eggnog	Proteasome subunit
Phum-OR502AA_016_000254.1	eggnog	Ubiquitin-conjugating enzyme E2, catalytic domain homologues
Phum-OR502AA_016_000253.1	eggnog	muscle structure development
Phum-OR502AA_016_000068.1	eggnog	Thioredoxin
Phum-OR502AA_016_000069.1	eggnog	Thioredoxin
Phum-OR502AA_016_000070.1	blastp	Homology to Peronospora belbahrii predicted protein CAH0481603.1
Phum-OR502AA_016_000071.1	interproscan	PTHR28165 domain-containing protein
Phum-OR502AA_016_000072.1	unannotated	Hypothetical protein of unknown function
Phum-OR502AA_016_000252.1	eggnog	Exosome complex exonuclease RRP4 N-terminal region
Phum-OR502AA_016_000251.1	interproscan	PTHR28165 domain-containing protein
Phum-OR502AA_016_000073.1	eggnog	Predicted transmembrane protein 161AB
Phum-OR502AA_016_000250.1	eggnog	AIR carboxylase
Phum-OR502AA_016_000249.1	eggnog	Alg9-like mannosyltransferase family
Phum-OR502AA_016_000074.1	blastp	Homology to Phytophthora pseudosyringae predicted protein KAG7390223.1
Phum-OR502AA_016_000248.1	eggnog	Ribosomal silencing factor during starvation
Phum-OR502AA_016_000247.1	eggnog	carbohydrate binding
Phum-OR502AA_016_000075.1	eggnog	transposition, RNA-mediated
Phum-OR502AA_016_000246.1	unannotated	Hypothetical protein of unknown function
Phum-OR502AA_016_000076.1	eggnog	UcrQ family
Phum-OR502AA_016_000077.1	eggnog	Las17-binding protein actin regulator
Phum-OR502AA_016_000078.1	blastp	Homology to Phytophthora cactorum predicted protein KAG2784678.1
Phum-OR502AA_016_000079.1	blastp	Homology to Phytophthora nicotianae predicted protein KUF87890.1
Phum-OR502AA_016_000245.1	eggnog	Aminotransferase class I and II
Phum-OR502AA_016_000080.1	eggnog	DHHC palmitoyltransferase
Phum-OR502AA_016_000244.1	eggnog	BRCA2, oligonucleotide/oligosaccharide-binding, domain 1
Phum-OR502AA_016_000081.1	interproscan	PTHR41749 domain-containing protein
Phum-OR502AA_016_000082.1	eggnog	NADH-ubiquinone oxidoreductase MWFE subunit
Phum-OR502AA_016_000243.1	eggnog	Zinc knuckle
Phum-OR502AA_016_000083.1	eggnog	Phosphoenolpyruvate carboxykinase
Phum-OR502AA_016_000242.1	eggnog	Zinc finger, C2H2 type
Phum-OR502AA_016_000241.1	unannotated	Hypothetical protein of unknown function
Phum-OR502AA_016_000084.1	eggnog	ARF-like small GTPases; ARF, ADP-ribosylation factor
Phum-OR502AA_016_000240.1	eggnog	Source PGD
Phum-OR502AA_016_000239.1	blastp	Homology to Peronospora effusa predicted protein RQM09530.1
Phum-OR502AA_016_000238.1	interproscan	PTHR47026 domain-containing protein
Phum-OR502AA_016_000237.1	eggnog	Domain of unknown function (DUF4833)
Phum-OR502AA_016_000085.1	eggnog	CDC45-like protein
Phum-OR502AA_016_000236.1	eggnog	Protein-L-isoaspartate(D-aspartate) O-methyltransferase (PCMT)
Phum-OR502AA_016_000235.1	eggnog	Protein-L-isoaspartate(D-aspartate) O-methyltransferase (PCMT)
Phum-OR502AA_016_000234.1	eggnog	Protein tyrosine kinase
Phum-OR502AA_016_000086.1	eggnog	WD domain, G-beta repeat
Phum-OR502AA_016_000087.1	eggnog	WD domain, G-beta repeat
Phum-OR502AA_016_000233.1	eggnog	Domain of unknown function (DUF4750)
Phum-OR502AA_016_000232.1	blastp	Homology to Peronospora farinosa predicted protein CAH0486053.1
Phum-OR502AA_016_000088.1	eggnog	Rab5-interacting protein (Rab5ip)
Phum-OR502AA_016_000231.1	eggnog	WD domain, G-beta repeat
Phum-OR502AA_016_000230.1	eggnog	peroxisome matrix targeting signal-2 binding (PEX7)
Phum-OR502AA_016_000089.1	eggnog	domain-containing protein
Phum-OR502AA_016_000090.1	eggnog	domain-containing protein
Phum-OR502AA_016_000229.1	blastp	Homology to Phytophthora idaei predicted protein KAG3113553.1
Phum-OR502AA_016_000228.1	interproscan	PTHR44927 domain-containing protein
Phum-OR502AA_016_000091.1	interproscan	PTHR13510 domain-containing protein
Phum-OR502AA_016_000227.1	eggnog	Protein tyrosine kinase
Phum-OR502AA_016_000092.1	eggnog	Ribosomal protein S27a
Phum-OR502AA_016_000226.1	blastp	Homology to Phytophthora lilii predicted protein GMF20937.1
Phum-OR502AA_016_000225.1	eggnog	Fatty acid desaturase
Phum-OR502AA_016_000224.1	eggnog	Glycosyl hydrolase family 7
Phum-OR502AA_016_000223.1	eggnog	Clathrin is the major protein of the polyhedral coat of coated pits and vesicles
Phum-OR502AA_016_000093.1	eggnog	Ribosomal L29e protein family
Phum-OR502AA_016_000222.1	eggnog	THUMP
Phum-OR502AA_016_000094.1	eggnog	WD40 repeats
Phum-OR502AA_016_000221.1	eggnog	domain-containing protein
Phum-OR502AA_016_000095.1	eggnog	zinc-finger of acetyl-transferase ESCO
Phum-OR502AA_016_000220.1	eggnog	Belongs to the glycosyl hydrolase 5 (cellulase A) family
Phum-OR502AA_016_000219.1	blastp	Homology to Peronospora destructor predicted protein CAI5714038.1
Phum-OR502AA_016_000096.1	blastp	Homology to Peronospora destructor predicted protein CAI5714038.1
Phum-OR502AA_016_000097.1	eggnog	4'-phosphopantetheinyl transferase superfamily
Phum-OR502AA_016_000218.1	eggnog	ATP synthase (E/31 kDa) subunit
Phum-OR502AA_016_000098.1	eggnog	Flavinator of succinate dehydrogenase
Phum-OR502AA_016_000217.1	blastp	Homology to Peronospora farinosa predicted protein CAH0490169.1
Phum-OR502AA_016_000099.1	eggnog	domain-containing protein
Phum-OR502AA_016_000216.1	eggnog	phytol kinase activity
Phum-OR502AA_016_000215.1	eggnog	Extension to Ser/Thr-type protein kinases
Phum-OR502AA_016_000100.1	eggnog	Extension to Ser/Thr-type protein kinases
Phum-OR502AA_016_000101.1	eggnog	phytol kinase activity
Phum-OR502AA_016_000214.1	eggnog	domain-containing protein
Phum-OR502AA_016_000102.1	eggnog	Protein tyrosine kinase
Phum-OR502AA_016_000103.1	unannotated	Hypothetical protein of unknown function
Phum-OR502AA_016_000104.1	eggnog	Protein tyrosine kinase
Phum-OR502AA_016_000213.1	eggnog	Extension to Ser/Thr-type protein kinases
Phum-OR502AA_016_000105.1	eggnog	phytol kinase activity
Phum-OR502AA_016_000106.1	eggnog	Extension to Ser/Thr-type protein kinases
Phum-OR502AA_016_000212.1	eggnog	Protein tyrosine kinase
Phum-OR502AA_016_000211.1	eggnog	Protein tyrosine kinase
Phum-OR502AA_016_000210.1	eggnog	Protein tyrosine kinase
Phum-OR502AA_016_000209.1	eggnog	Protein tyrosine kinase
Phum-OR502AA_016_000107.1	eggnog	Mitochondrial carrier protein
Phum-OR502AA_016_000108.1	eggnog	ATP synthase
Phum-OR502AA_016_000208.1	blastp	Homology to Phytophthora ramorum predicted protein KAH7470881.1
Phum-OR502AA_016_000207.1	blastp	Homology to Peronospora belbahrii predicted protein CAH0481684.1
Phum-OR502AA_016_000109.1	blastp	Homology to Peronospora belbahrii predicted protein CAH0481684.1
Phum-OR502AA_016_000110.1	unannotated	Hypothetical protein of unknown function
Phum-OR502AA_016_000111.1	eggnog	Low-density lipoprotein receptor domain class A
Phum-OR502AA_016_000206.1	eggnog	Protein tyrosine kinase
Phum-OR502AA_016_000112.1	eggnog	Yippee zinc-binding/DNA-binding /Mis18, centromere assembly
Phum-OR502AA_016_000113.1	blastp	Homology to Phytophthora ramorum predicted protein KAH7470887.1
Phum-OR502AA_016_000205.1	blastp	Homology to Phytophthora ramorum predicted protein KAH7470884.1
Phum-OR502AA_016_000114.1	eggnog	Tetratricopeptide repeat
Phum-OR502AA_016_000204.1	blastp	Homology to Phytophthora fragariae predicted protein KAE8901986.1
Phum-OR502AA_016_000115.1	blastp	Homology to Peronospora effusa predicted protein RQM17038.1
Phum-OR502AA_016_000203.1	blastp	Homology to Phytophthora nicotianae predicted protein ETI44674.1
Phum-OR502AA_016_000202.1	blastp	Homology to Phytophthora pseudosyringae predicted protein KAG7387004.1
Phum-OR502AA_016_000116.1	blastp	Homology to Phytophthora idaei predicted protein KAG3092979.1
Phum-OR502AA_016_000117.1	unannotated	Hypothetical protein of unknown function
Phum-OR502AA_016_000118.1	blastp	Homology to Phytophthora idaei predicted protein KAG3092979.1
Phum-OR502AA_016_000119.1	eggnog	domain-containing protein
Phum-OR502AA_016_000120.1	interproscan	PTHR34403 domain-containing protein
Phum-OR502AA_016_000121.1	eggnog	Sds3-like
Phum-OR502AA_016_000201.1	interproscan	PTHR35763 domain-containing protein
Phum-OR502AA_016_000122.1	eggnog	3,4-dihydroxy-2-butanone 4-phosphate synthase
Phum-OR502AA_016_000200.1	eggnog	Erv1 / Alr family
Phum-OR502AA_016_000123.1	eggnog	Bicoid-interacting protein 3 (Bin3)
Phum-OR502AA_016_000199.1	eggnog	domain-containing protein
Phum-OR502AA_016_000198.1	eggnog	Ribosomal protein S9/S16
Phum-OR502AA_016_000124.1	eggnog	Required for proper 27S pre-rRNA processing and 60S ribosome subunit assembly
Phum-OR502AA_016_000197.1	eggnog	Mitochondrial carrier protein
Phum-OR502AA_016_000125.1	eggnog	DNA topoisomerase II activity
Phum-OR502AA_016_000126.1	eggnog	DNA topoisomerase II activity
Phum-OR502AA_016_000196.1	eggnog	Dolichol phosphate-mannose biosynthesis regulatory protein (DPM2)
Phum-OR502AA_016_000195.1	blastp	Homology to Peronospora farinosa predicted protein CAH0489112.1
Phum-OR502AA_016_000127.1	eggnog	Galectin
Phum-OR502AA_016_000194.1	blastp	Homology to Phytophthora lilii predicted protein GMF28808.1
Phum-OR502AA_016_000193.1	eggnog	FATC
Phum-OR502AA_016_000192.1	interproscan	SSF54403 domain-containing protein
Phum-OR502AA_016_000191.1	eggnog	JmjC domain, hydroxylase
Phum-OR502AA_016_000128.1	eggnog	Uncharacterised protein family (UPF0172)
Phum-OR502AA_016_000190.1	eggnog	sequence
Phum-OR502AA_016_000129.1	eggnog	lipoate-protein ligase activity
Phum-OR502AA_016_000189.1	eggnog	SHS2 domain found in N terminus of Rpb7p/Rpc25p/MJ0397
Phum-OR502AA_016_000188.1	eggnog	RxLR effector
Phum-OR502AA_016_000130.1	interproscan	PTHR23244 domain-containing protein
Phum-OR502AA_016_000131.1	eggnog	Inhibitor of growth proteins N-terminal histone-binding
Phum-OR502AA_016_000187.1	eggnog	Pyridine nucleotide-disulphide oxidoreductase
Phum-OR502AA_016_000132.1	eggnog	Ribosomal protein S7e
Phum-OR502AA_016_000133.1	eggnog	Catalyzes the radical-mediated insertion of two sulfur atoms into the C-6 and C-8 positions of the octanoyl moiety bound to the lipoyl domains of lipoate-dependent enzymes, thereby converting the octanoylated domains into lipoylated derivatives
Phum-OR502AA_016_000186.1	eggnog	3' exoribonuclease family, domain 2
Phum-OR502AA_016_000134.1	eggnog	Signal-recognition-particle assembly has a crucial role in targeting secretory proteins to the rough endoplasmic reticulum membrane
Phum-OR502AA_016_000185.1	blastp	Homology to Phytophthora ramorum predicted protein KAH7470824.1
Phum-OR502AA_016_000135.1	eggnog	Phosphate acyltransferases
Phum-OR502AA_016_000184.1	eggnog	Uncharacterised ACR, YagE family COG1723
Phum-OR502AA_016_000136.1	eggnog	domain-containing protein
Phum-OR502AA_016_000183.1	interproscan	PTHR21338 domain-containing protein
Phum-OR502AA_016_000182.1	interproscan	G3DSA:1.20.1270.60 domain-containing protein
Phum-OR502AA_016_000181.1	eggnog	Berberine and berberine like
Phum-OR502AA_016_000180.1	interproscan	G3DSA:3.30.1520.10 domain-containing protein
Phum-OR502AA_016_000179.1	eggnog	Berberine and berberine like
Phum-OR502AA_016_000178.1	eggnog	GRF zinc finger
Phum-OR502AA_016_000137.1	eggnog	domain-containing protein
Phum-OR502AA_016_000138.1	eggnog	Adenylate kinase, active site lid
Phum-OR502AA_016_000139.1	eggnog	Protein tyrosine phosphatase-like protein, PTPLA
Phum-OR502AA_016_000177.1	blastp	Homology to Phytophthora nicotianae predicted protein KUF96884.1
Phum-OR502AA_016_000176.1	eggnog	Glycolipid transfer protein (GLTP)
Phum-OR502AA_016_000140.1	eggnog	negative regulation of Fas signaling pathway
Phum-OR502AA_016_000175.1	eggnog	Nicastrin
Phum-OR502AA_016_000141.1	blastp	Homology to Peronospora belbahrii predicted protein CAH0478150.1
Phum-OR502AA_016_000174.1	eggnog	Ferrochelatase, mitochondrial. Source PGD
Phum-OR502AA_016_000173.1	eggnog	Ferrochelatase
Phum-OR502AA_016_000172.1	eggnog	Protein of unknown function (DUF1681)
Phum-OR502AA_016_000142.1	eggnog	Tubulin is the major constituent of microtubules
Phum-OR502AA_016_000171.1	eggnog	Transport protein particle (TRAPP) component
Phum-OR502AA_016_000170.1	interproscan	PTHR22538 domain-containing protein
Phum-OR502AA_016_000169.1	eggnog	domain-containing protein
Phum-OR502AA_016_000143.1	eggnog	tRNA synthetases class I (I, L, M and V)
Phum-OR502AA_016_000168.1	unannotated	Hypothetical protein of unknown function
Phum-OR502AA_016_000144.1	eggnog	Plays an important role in the de novo pathway and in the salvage pathway of purine nucleotide biosynthesis
Phum-OR502AA_016_000145.1	eggnog	Tubulin binding cofactor A
Phum-OR502AA_016_000167.1	interproscan	PTHR44927 domain-containing protein
Phum-OR502AA_016_000146.1	blastp	Homology to Phytophthora pseudosyringae predicted protein KAG7377051.1
Phum-OR502AA_016_000147.1	blastp	Homology to Peronospora effusa predicted protein RMX62889.1
Phum-OR502AA_016_000166.1	blastp	Homology to Phytophthora cactorum predicted protein KAG3185367.1
Phum-OR502AA_016_000165.1	blastp	Homology to Phytophthora cactorum predicted protein KAG3185367.1
Phum-OR502AA_016_000164.1	eggnog	Pc21g00130 protein. Source PGD
Phum-OR502AA_016_000163.1	eggnog	Pc21g00130 protein. Source PGD
Phum-OR502AA_016_000162.1	eggnog	Pc21g00130 protein. Source PGD
Phum-OR502AA_016_000148.1	blastp	Homology to Phytophthora nicotianae predicted protein ETI55969.1
Phum-OR502AA_016_000161.1	eggnog	FR47-like protein
Phum-OR502AA_016_000149.1	eggnog	domain-containing protein
Phum-OR502AA_016_000160.1	blastp	Homology to Phytophthora capsici predicted protein KAG1691696.1
Phum-OR502AA_016_000150.1	eggnog	Belongs to the complex I LYR family
Phum-OR502AA_016_000151.1	eggnog	Amino acid permease
Phum-OR502AA_016_000152.1	eggnog	Amino acid permease
Phum-OR502AA_016_000153.1	eggnog	domain-containing protein
Phum-OR502AA_016_000159.1	eggnog	Leucine-rich repeat
Phum-OR502AA_016_000158.1	interproscan	PTHR22538 domain-containing protein
Phum-OR502AA_016_000157.1	eggnog	Amino acid permease
Phum-OR502AA_016_000156.1	eggnog	Transposase. Source PGD
Phum-OR502AA_016_000155.1	eggnog	Transposase. Source PGD
Phum-OR502AA_016_000154.1	unannotated	Hypothetical protein of unknown function
Phum-OR502AA_017_000001.1	eggnog	Crinkler (CRN) family protein
Phum-OR502AA_017_000202.1	interproscan	MBT_PHF20L1-like (cd20104)
Phum-OR502AA_017_000002.1	eggnog	domain-containing protein
Phum-OR502AA_017_000201.1	eggnog	Zeta toxin
Phum-OR502AA_017_000003.1	eggnog	retrograde transport, endosome to Golgi
Phum-OR502AA_017_000004.1	eggnog	domain-containing protein
Phum-OR502AA_017_000005.1	eggnog	palmitoyl-(protein) hydrolase activity
Phum-OR502AA_017_000006.1	blastp	Homology to Phytophthora pseudosyringae predicted protein KAG7379474.1
Phum-OR502AA_017_000200.1	eggnog	A49-like RNA polymerase I associated factor
Phum-OR502AA_017_000007.1	eggnog	F-actin capping protein, beta subunit
Phum-OR502AA_017_000008.1	interproscan	PTHR28653 domain-containing protein
Phum-OR502AA_017_000199.1	eggnog	translation initiation factor activity
Phum-OR502AA_017_000009.1	eggnog	ABC transporter
Phum-OR502AA_017_000010.1	eggnog	Domain in the RNA-binding Lupus La protein; unknown function
Phum-OR502AA_017_000011.1	blastp	Homology to Peronospora destructor predicted protein CAI5725173.1
Phum-OR502AA_017_000198.1	eggnog	The glycine cleavage system catalyzes the degradation of glycine
Phum-OR502AA_017_000197.1	eggnog	domain-containing protein
Phum-OR502AA_017_000196.1	unannotated	Hypothetical protein of unknown function
Phum-OR502AA_017_000012.1	blastp	Homology to Peronospora farinosa predicted protein CAH0486736.1
Phum-OR502AA_017_000013.1	eggnog	GTP binding
Phum-OR502AA_017_000195.1	eggnog	Zinc carboxypeptidase
Phum-OR502AA_017_000014.1	eggnog	ATPase family associated with various cellular activities (AAA)
Phum-OR502AA_017_000194.1	eggnog	Leucine rich repeat
Phum-OR502AA_017_000193.1	eggnog	Catalase
Phum-OR502AA_017_000015.1	unannotated	Hypothetical protein of unknown function
Phum-OR502AA_017_000016.1	blastp	Homology to predicted protein KAH7507462.1
Phum-OR502AA_017_000192.1	eggnog	Histidinol dehydrogenase
Phum-OR502AA_017_000017.1	eggnog	domain-containing protein
Phum-OR502AA_017_000018.1	eggnog	Actin
Phum-OR502AA_017_000191.1	eggnog	Protein tyrosine kinase
Phum-OR502AA_017_000190.1	blastp	Homology to Phytophthora lilii predicted protein GMF31994.1
Phum-OR502AA_017_000019.1	eggnog	Protein tyrosine kinase
Phum-OR502AA_017_000020.1	eggnog	Cell differentiation family, Rcd1-like
Phum-OR502AA_017_000189.1	eggnog	T-complex protein 11
Phum-OR502AA_017_000188.1	interproscan	PTHR13510 domain-containing protein
Phum-OR502AA_017_000187.1	eggnog	Phospholipid-translocating ATPase N-terminal
Phum-OR502AA_017_000021.1	interproscan	PTHR13510 domain-containing protein
Phum-OR502AA_017_000022.1	blastp	Homology to Phytophthora infestans predicted protein KAF4046160.1
Phum-OR502AA_017_000186.1	blastp	Homology to Phytophthora cactorum predicted protein KAG2785077.1
Phum-OR502AA_017_000023.1	eggnog	Double-stranded RNA binding motif
Phum-OR502AA_017_000185.1	blastp	Homology to Phytophthora cactorum predicted protein KAF1772920.1
Phum-OR502AA_017_000024.1	blastp	Homology to Phytophthora aleatoria predicted protein KAG6951705.1
Phum-OR502AA_017_000184.1	blastp	Homology to Phytophthora ramorum predicted protein KAH7485111.1
Phum-OR502AA_017_000025.1	eggnog	domain-containing protein
Phum-OR502AA_017_000026.1	blastp	Homology to Peronospora effusa predicted protein UIZ23675.1
Phum-OR502AA_017_000183.1	eggnog	phosphate acetyltransferase activity
Phum-OR502AA_017_000027.1	unannotated	Hypothetical protein of unknown function
Phum-OR502AA_017_000028.1	eggnog	Occurs in almost all aerobically respiring organisms and serves to protect cells from the toxic effects of hydrogen peroxide
Phum-OR502AA_017_000182.1	blastp	Homology to Peronospora destructor predicted protein CAI5718774.1
Phum-OR502AA_017_000029.1	eggnog	NADP oxidoreductase coenzyme F420-dependent
Phum-OR502AA_017_000030.1	eggnog	Occurs in almost all aerobically respiring organisms and serves to protect cells from the toxic effects of hydrogen peroxide
Phum-OR502AA_017_000181.1	unannotated	Hypothetical protein of unknown function
Phum-OR502AA_017_000031.1	blastp	Homology to Peronospora effusa predicted protein RMX63258.1
Phum-OR502AA_017_000032.1	unannotated	Hypothetical protein of unknown function
Phum-OR502AA_017_000033.1	unannotated	Hypothetical protein of unknown function
Phum-OR502AA_017_000180.1	blastp	Homology to Phytophthora cactorum predicted protein KAG2770748.1
Phum-OR502AA_017_000034.1	eggnog	Gaa1-like, GPI transamidase component
Phum-OR502AA_017_000179.1	eggnog	exocyst localization
Phum-OR502AA_017_000178.1	eggnog	Gaa1-like, GPI transamidase component
Phum-OR502AA_017_000035.1	blastp	Homology to Phytophthora cactorum predicted protein KAG2770748.1
Phum-OR502AA_017_000036.1	interproscan	PTHR46586 domain-containing protein
Phum-OR502AA_017_000177.1	interproscan	G3DSA:3.40.50.2020 domain-containing protein
Phum-OR502AA_017_000037.1	interproscan	G3DSA:3.40.50.2020 domain-containing protein
Phum-OR502AA_017_000176.1	blastp	Homology to Peronospora destructor predicted protein CAI5726018.1
Phum-OR502AA_017_000038.1	unannotated	Hypothetical protein of unknown function
Phum-OR502AA_017_000175.1	blastp	Homology to Peronospora destructor predicted protein CAI5726018.1
Phum-OR502AA_017_000039.1	unannotated	Hypothetical protein of unknown function
Phum-OR502AA_017_000040.1	blastp	Homology to Peronospora destructor predicted protein CAI5726018.1
Phum-OR502AA_017_000174.1	eggnog	Armadillo/beta-catenin-like repeats
Phum-OR502AA_017_000173.1	eggnog	Protein tyrosine kinase
Phum-OR502AA_017_000041.1	eggnog	Belongs to the sodium solute symporter (SSF) (TC 2.A.21) family
Phum-OR502AA_017_000042.1	eggnog	Sucrase/ferredoxin-like
Phum-OR502AA_017_000043.1	eggnog	Tub family
Phum-OR502AA_017_000044.1	eggnog	domain-containing protein
Phum-OR502AA_017_000045.1	eggnog	WD domain, G-beta repeat
Phum-OR502AA_017_000172.1	eggnog	Extension to Ser/Thr-type protein kinases
Phum-OR502AA_017_000171.1	blastp	Homology to Phytophthora cactorum predicted protein KAG2770656.1
Phum-OR502AA_017_000046.1	eggnog	function. Source PGD
Phum-OR502AA_017_000170.1	eggnog	Rap/ran-GAP
Phum-OR502AA_017_000047.1	unannotated	Hypothetical protein of unknown function
Phum-OR502AA_017_000169.1	interproscan	G3DSA:3.40.50.720 domain-containing protein
Phum-OR502AA_017_000048.1	interproscan	PTHR39867 domain-containing protein
Phum-OR502AA_017_000168.1	blastp	Homology to Phytophthora nicotianae predicted protein XP_008892487.1
Phum-OR502AA_017_000167.1	blastp	Homology to Phytophthora nicotianae predicted protein XP_008899367.1
Phum-OR502AA_017_000049.1	eggnog	domain-containing protein
Phum-OR502AA_017_000050.1	eggnog	FerI
Phum-OR502AA_017_000051.1	eggnog	phosphatidylinositol dephosphorylation
Phum-OR502AA_017_000052.1	blastp	Homology to Phytophthora pseudosyringae predicted protein KAG7392340.1
Phum-OR502AA_017_000166.1	eggnog	PHD-finger
Phum-OR502AA_017_000165.1	eggnog	gag-polypeptide of LTR copia-type
Phum-OR502AA_017_000164.1	eggnog	gag-polypeptide of LTR copia-type
Phum-OR502AA_017_000053.1	eggnog	domain-containing protein
Phum-OR502AA_017_000163.1	eggnog	Large-conductance mechanosensitive channel, MscL
Phum-OR502AA_017_000054.1	eggnog	Common central domain of tyrosinase
Phum-OR502AA_017_000055.1	eggnog	Sulfate permease family
Phum-OR502AA_017_000056.1	eggnog	Methylenetetrahydrofolate reductase
Phum-OR502AA_017_000057.1	eggnog	domain-containing protein
Phum-OR502AA_017_000162.1	eggnog	oxidoreductase activity, acting on the CH-CH group of donors
Phum-OR502AA_017_000058.1	eggnog	domain-containing protein
Phum-OR502AA_017_000161.1	eggnog	MAP kinase activity
Phum-OR502AA_017_000160.1	interproscan	PTHR28037 domain-containing protein
Phum-OR502AA_017_000159.1	eggnog	Protein of unknown function (DUF1295)
Phum-OR502AA_017_000059.1	eggnog	Golgi complex component 7 (COG7)
Phum-OR502AA_017_000158.1	eggnog	Protein tyrosine kinase
Phum-OR502AA_017_000060.1	eggnog	domain-containing protein
Phum-OR502AA_017_000157.1	eggnog	Snf2-ATP coupling, chromatin remodelling complex
Phum-OR502AA_017_000156.1	eggnog	Mitochondrial ribosomal death-associated protein 3
Phum-OR502AA_017_000155.1	eggnog	Sterile alpha motif
Phum-OR502AA_017_000061.1	eggnog	Sterile alpha motif
Phum-OR502AA_017_000062.1	eggnog	Sterile alpha motif
Phum-OR502AA_017_000154.1	eggnog	In Between Ring fingers
Phum-OR502AA_017_000063.1	eggnog	2-oxoacid dehydrogenases acyltransferase (catalytic domain)
Phum-OR502AA_017_000064.1	eggnog	2-oxoacid dehydrogenases acyltransferase (catalytic domain)
Phum-OR502AA_017_000065.1	eggnog	Mitochondrial carrier protein
Phum-OR502AA_017_000066.1	eggnog	domain-containing protein
Phum-OR502AA_017_000153.1	blastp	Homology to Phytophthora pseudosyringae predicted protein KAG7392388.1
Phum-OR502AA_017_000152.1	blastp	Homology to Phytophthora cactorum predicted protein KAG3006927.1
Phum-OR502AA_017_000067.1	interproscan	PTHR33504 domain-containing protein
Phum-OR502AA_017_000068.1	blastp	Homology to Phytophthora nicotianae predicted protein ETO84289.1
Phum-OR502AA_017_000069.1	eggnog	Tub family
Phum-OR502AA_017_000151.1	unannotated	Hypothetical protein of unknown function
Phum-OR502AA_017_000150.1	blastp	Homology to Phytophthora nicotianae predicted protein ETI55517.1
Phum-OR502AA_017_000070.1	blastp	Homology to Phytophthora nicotianae predicted protein ETI55517.1
Phum-OR502AA_017_000149.1	eggnog	Tub family
Phum-OR502AA_017_000071.1	eggnog	domain-containing protein
Phum-OR502AA_017_000148.1	eggnog	Lsm interaction motif
Phum-OR502AA_017_000147.1	eggnog	6,7-dimethyl-8-ribityllumazine synthase
Phum-OR502AA_017_000146.1	eggnog	ESCRT-II complex subunit
Phum-OR502AA_017_000072.1	unannotated	Hypothetical protein of unknown function
Phum-OR502AA_017_000073.1	eggnog	secreted RxLR effector peptide protein
Phum-OR502AA_017_000074.1	eggnog	ESCRT-II complex subunit
Phum-OR502AA_017_000075.1	eggnog	6,7-dimethyl-8-ribityllumazine synthase
Phum-OR502AA_017_000145.1	blastp	Homology to Phytophthora palmivora predicted protein POM64590.1
Phum-OR502AA_017_000076.1	blastp	Homology to Peronospora destructor predicted protein CAI5737212.1
Phum-OR502AA_017_000144.1	eggnog	Copper/zinc superoxide dismutase (SODC)
Phum-OR502AA_017_000077.1	eggnog	Dynein heavy chain, N-terminal region 1
Phum-OR502AA_017_000143.1	blastp	Homology to predicted protein KAH7507622.1
Phum-OR502AA_017_000142.1	eggnog	Middle domain of eukaryotic initiation factor 4G (eIF4G)
Phum-OR502AA_017_000078.1	interproscan	BZIP transcription factor 1 C-terminal domain (PF27643)
Phum-OR502AA_017_000141.1	eggnog	RINT-1 / TIP-1 family
Phum-OR502AA_017_000140.1	eggnog	Crinkler (CRN) family protein
Phum-OR502AA_017_000079.1	blastp	Homology to Phytophthora aleatoria predicted protein KAG6974191.1
Phum-OR502AA_017_000080.1	unannotated	Hypothetical protein of unknown function
Phum-OR502AA_017_000081.1	eggnog	Protein tyrosine kinase
Phum-OR502AA_017_000082.1	unannotated	Hypothetical protein of unknown function
Phum-OR502AA_017_000083.1	unannotated	Hypothetical protein of unknown function
Phum-OR502AA_017_000084.1	unannotated	Hypothetical protein of unknown function
Phum-OR502AA_017_000085.1	unannotated	Hypothetical protein of unknown function
Phum-OR502AA_017_000139.1	eggnog	Protein tyrosine kinase
Phum-OR502AA_017_000138.1	unannotated	Hypothetical protein of unknown function
Phum-OR502AA_017_000137.1	blastp	Homology to Phytophthora idaei predicted protein KAG3114308.1
Phum-OR502AA_017_000086.1	blastp	Homology to Phytophthora cactorum;Phytophthora aleatoria predicted protein KAF1778357.1
Phum-OR502AA_017_000136.1	eggnog	domain-containing protein
Phum-OR502AA_017_000087.1	eggnog	Protein tyrosine kinase
Phum-OR502AA_017_000088.1	eggnog	domain-containing protein
Phum-OR502AA_017_000135.1	eggnog	Protein tyrosine kinase
Phum-OR502AA_017_000134.1	eggnog	domain-containing protein
Phum-OR502AA_017_000133.1	eggnog	3' exoribonuclease family, domain 2
Phum-OR502AA_017_000089.1	eggnog	Belongs to the DOCK family
Phum-OR502AA_017_000132.1	eggnog	domain-containing protein
Phum-OR502AA_017_000090.1	eggnog	Protein tyrosine kinase
Phum-OR502AA_017_000131.1	eggnog	Protein tyrosine kinase
Phum-OR502AA_017_000130.1	blastp	Homology to Phytophthora nicotianae predicted protein XP_008899258.1
Phum-OR502AA_017_000091.1	eggnog	Serine threonine protein kinase
Phum-OR502AA_017_000129.1	interproscan	BZIP transcription factor 1 C-terminal domain (PF27643)
Phum-OR502AA_017_000128.1	unannotated	Hypothetical protein of unknown function
Phum-OR502AA_017_000127.1	interproscan	PTHR45912 domain-containing protein
Phum-OR502AA_017_000126.1	blastp	Homology to Peronospora belbahrii predicted protein CAH0521969.1
Phum-OR502AA_017_000125.1	eggnog	Kelch motif
Phum-OR502AA_017_000124.1	eggnog	RNA recognition motif
Phum-OR502AA_017_000092.1	eggnog	Eukaryotic cytochrome b561
Phum-OR502AA_017_000123.1	eggnog	cell-cell adhesion
Phum-OR502AA_017_000093.1	eggnog	Mitochondrial carrier protein
Phum-OR502AA_017_000122.1	eggnog	Calpain-like thiol protease family
Phum-OR502AA_017_000094.1	blastp	Homology to Phytophthora capsici predicted protein KAG1695864.1
Phum-OR502AA_017_000095.1	eggnog	domain-containing protein
Phum-OR502AA_017_000121.1	eggnog	RNA polymerase I specific transcription initiation factor RRN3
Phum-OR502AA_017_000120.1	eggnog	Uncharacterised protein family (UPF0240)
Phum-OR502AA_017_000119.1	eggnog	Telomerase activating protein Est1
Phum-OR502AA_017_000096.1	eggnog	Inorganic pyrophosphatase
Phum-OR502AA_017_000097.1	eggnog	Phosphatidylinositol-4-phosphate 5-Kinase
Phum-OR502AA_017_000098.1	eggnog	Ring finger
Phum-OR502AA_017_000099.1	eggnog	Ring finger
Phum-OR502AA_017_000100.1	blastp	Homology to Phytophthora cactorum predicted protein KAG2761949.1
Phum-OR502AA_017_000101.1	eggnog	domain-containing protein
Phum-OR502AA_017_000118.1	eggnog	Ring finger
Phum-OR502AA_017_000117.1	blastp	Homology to Peronospora effusa predicted protein CAI5701214.1
Phum-OR502AA_017_000116.1	blastp	Homology to Peronospora belbahrii predicted protein CAH0473266.1
Phum-OR502AA_017_000115.1	blastp	Homology to Phytophthora cactorum predicted protein KAG2761934.1
Phum-OR502AA_017_000114.1	eggnog	Ring finger
Phum-OR502AA_017_000113.1	eggnog	Glycosyl hydrolase family 7
Phum-OR502AA_017_000102.1	eggnog	Glycosyl hydrolase family 7
Phum-OR502AA_017_000103.1	eggnog	Ring finger
Phum-OR502AA_017_000104.1	blastp	Homology to Phytophthora cactorum predicted protein KAG2761934.1
Phum-OR502AA_017_000105.1	eggnog	Rab subfamily of small GTPases
Phum-OR502AA_017_000112.1	eggnog	ATP synthase delta (OSCP) subunit
Phum-OR502AA_017_000106.1	unannotated	Hypothetical protein of unknown function
Phum-OR502AA_017_000107.1	interproscan	SSF52047 domain-containing protein
Phum-OR502AA_017_000108.1	eggnog	3' exoribonuclease family, domain 1
Phum-OR502AA_017_000111.1	eggnog	Belongs to the TRAFAC class myosin-kinesin ATPase superfamily
Phum-OR502AA_017_000110.1	eggnog	3' exoribonuclease family, domain 1
Phum-OR502AA_017_000109.1	blastp	Homology to Peronospora destructor predicted protein CAI5716585.1
Phum-OR502AA_018_000001.1	eggnog	glutathione peroxidase activity
Phum-OR502AA_018_000002.1	blastp	Homology to Phytophthora lilii predicted protein GMF36624.1
Phum-OR502AA_018_000003.1	eggnog	KIF-1 binding protein C terminal
Phum-OR502AA_018_000004.1	eggnog	domain-containing protein
Phum-OR502AA_018_000005.1	blastp	Homology to Phytophthora palmivora predicted protein POM63552.1
Phum-OR502AA_018_000233.1	blastp	Homology to Phytophthora cinnamomi predicted protein KAG6572728.1
Phum-OR502AA_018_000006.1	blastp	Homology to Peronospora farinosa predicted protein CAI5718341.1
Phum-OR502AA_018_000232.1	blastp	Homology to Phytophthora cinnamomi predicted protein KAG6572728.1
Phum-OR502AA_018_000007.1	blastp	Homology to Phytophthora cinnamomi predicted protein KAG6572728.1
Phum-OR502AA_018_000231.1	blastp	Homology to Phytophthora cinnamomi predicted protein KAG6572728.1
Phum-OR502AA_018_000008.1	blastp	Homology to Peronospora farinosa predicted protein CAI5718341.1
Phum-OR502AA_018_000230.1	blastp	Homology to Phytophthora cinnamomi predicted protein KAG6572728.1
Phum-OR502AA_018_000229.1	blastp	Homology to Phytophthora cinnamomi predicted protein KAG6572728.1
Phum-OR502AA_018_000009.1	blastp	Homology to Phytophthora cinnamomi predicted protein KAG6572728.1
Phum-OR502AA_018_000010.1	blastp	Homology to Phytophthora palmivora predicted protein POM63552.1
Phum-OR502AA_018_000228.1	blastp	Homology to Phytophthora cinnamomi predicted protein KAG6572728.1
Phum-OR502AA_018_000011.1	blastp	Homology to Peronospora farinosa predicted protein CAI5718341.1
Phum-OR502AA_018_000227.1	blastp	Homology to Phytophthora cinnamomi predicted protein KAG6572728.1
Phum-OR502AA_018_000226.1	blastp	Homology to Phytophthora cinnamomi predicted protein KAG6572728.1
Phum-OR502AA_018_000012.1	blastp	Homology to Phytophthora cinnamomi predicted protein KAG6572728.1
Phum-OR502AA_018_000013.1	blastp	Homology to Phytophthora palmivora predicted protein POM63552.1
Phum-OR502AA_018_000014.1	eggnog	Uracil phosphoribosyltransferase
Phum-OR502AA_018_000225.1	blastp	Homology to Peronospora effusa predicted protein CAI5713218.1
Phum-OR502AA_018_000015.1	eggnog	RNA recognition motif
Phum-OR502AA_018_000224.1	eggnog	Vacuolar protein sorting-associated protein 26
Phum-OR502AA_018_000223.1	unannotated	Hypothetical protein of unknown function
Phum-OR502AA_018_000222.1	interproscan	PTHR37473 domain-containing protein
Phum-OR502AA_018_000016.1	eggnog	Utp25, U3 small nucleolar RNA-associated SSU processome protein 25
Phum-OR502AA_018_000221.1	interproscan	G3DSA:2.60.120.920 domain-containing protein
Phum-OR502AA_018_000017.1	eggnog	Mitochondrial degradasome RNA helicase subunit C terminal
Phum-OR502AA_018_000220.1	blastp	Homology to Phytophthora cactorum predicted protein KAG2769835.1
Phum-OR502AA_018_000018.1	blastp	Homology to Peronospora belbahrii predicted protein CAH0475415.1
Phum-OR502AA_018_000219.1	eggnog	Catalytic subunit of the peripheral V1 complex of vacuolar ATPase (V-ATPase)
Phum-OR502AA_018_000218.1	eggnog	Mitochondrial calcium uniporter
Phum-OR502AA_018_000217.1	eggnog	Probable RNA and SrmB- binding site of polymerase A
Phum-OR502AA_018_000019.1	eggnog	Subtilase family
Phum-OR502AA_018_000020.1	unannotated	Hypothetical protein of unknown function
Phum-OR502AA_018_000021.1	interproscan	PTHR31827 domain-containing protein
Phum-OR502AA_018_000022.1	eggnog	domain-containing protein
Phum-OR502AA_018_000216.1	eggnog	domain-containing protein
Phum-OR502AA_018_000215.1	eggnog	Prolyl 4-hydroxylase alpha subunit homologues
Phum-OR502AA_018_000214.1	eggnog	Prolyl 4-hydroxylase alpha subunit homologues
Phum-OR502AA_018_000213.1	eggnog	Prolyl 4-hydroxylase alpha subunit homologues
Phum-OR502AA_018_000212.1	eggnog	Prolyl 4-hydroxylase alpha subunit homologues
Phum-OR502AA_018_000211.1	eggnog	Prolyl 4-hydroxylase alpha subunit homologues
Phum-OR502AA_018_000210.1	eggnog	Prolyl 4-hydroxylase alpha subunit homologues
Phum-OR502AA_018_000023.1	eggnog	Domain of unknown function (DUF3523)
Phum-OR502AA_018_000209.1	eggnog	Prolyl 4-hydroxylase alpha subunit homologues
Phum-OR502AA_018_000024.1	eggnog	Prolyl 4-hydroxylase alpha subunit homologues
Phum-OR502AA_018_000208.1	eggnog	Domain of unknown function (DUF3523)
Phum-OR502AA_018_000207.1	eggnog	domain-containing protein
Phum-OR502AA_018_000206.1	eggnog	Ribosomal prokaryotic L21 protein
Phum-OR502AA_018_000025.1	eggnog	positive regulation of translation initiation in response to endoplasmic reticulum stress
Phum-OR502AA_018_000205.1	interproscan	PTHR48029 domain-containing protein
Phum-OR502AA_018_000026.1	unannotated	Hypothetical protein of unknown function
Phum-OR502AA_018_000027.1	interproscan	PTHR31827 domain-containing protein
Phum-OR502AA_018_000028.1	interproscan	PTHR31827 domain-containing protein
Phum-OR502AA_018_000029.1	interproscan	PTHR13510 domain-containing protein
Phum-OR502AA_018_000204.1	interproscan	G3DSA:2.40.160.200 domain-containing protein
Phum-OR502AA_018_000030.1	eggnog	14-3-3 protein
Phum-OR502AA_018_000031.1	blastp	Homology to Peronospora farinosa predicted protein CAH0486643.1
Phum-OR502AA_018_000032.1	eggnog	domain-containing protein
Phum-OR502AA_018_000203.1	eggnog	Histidine phosphatase superfamily (branch 1)
Phum-OR502AA_018_000033.1	eggnog	Sugar efflux transporter for intercellular exchange
Phum-OR502AA_018_000202.1	eggnog	Sugar efflux transporter for intercellular exchange
Phum-OR502AA_018_000034.1	eggnog	Belongs to the SWEET sugar transporter family
Phum-OR502AA_018_000035.1	unannotated	Hypothetical protein of unknown function
Phum-OR502AA_018_000036.1	eggnog	transposition, RNA-mediated
Phum-OR502AA_018_000037.1	eggnog	Crinkler (CRN) family protein
Phum-OR502AA_018_000038.1	eggnog	Sugar efflux transporter for intercellular exchange
Phum-OR502AA_018_000201.1	eggnog	Belongs to the SWEET sugar transporter family
Phum-OR502AA_018_000039.1	blastp	Homology to Peronosclerospora sorghi predicted protein KAI9910011.1
Phum-OR502AA_018_000040.1	eggnog	Lung seven transmembrane receptor
Phum-OR502AA_018_000200.1	eggnog	domain-containing protein
Phum-OR502AA_018_000041.1	interproscan	PTHR31827 domain-containing protein
Phum-OR502AA_018_000199.1	eggnog	Domain in Tre-2, BUB2p, and Cdc16p
Phum-OR502AA_018_000042.1	eggnog	domain-containing protein
Phum-OR502AA_018_000043.1	blastp	Homology to Phytophthora idaei predicted protein KAG3088899.1
Phum-OR502AA_018_000198.1	blastp	Homology to Phytophthora lilii predicted protein GMF26621.1
Phum-OR502AA_018_000044.1	eggnog	domain-containing protein
Phum-OR502AA_018_000045.1	eggnog	C2H2-type zinc finger
Phum-OR502AA_018_000197.1	blastp	Homology to Peronospora effusa predicted protein CAI5712944.1
Phum-OR502AA_018_000046.1	eggnog	protein heterotrimerization
Phum-OR502AA_018_000196.1	eggnog	Cellulase (glycosyl hydrolase family 5)
Phum-OR502AA_018_000195.1	eggnog	Crinkler (CRN) family
Phum-OR502AA_018_000047.1	eggnog	Protein of unknown function (DUF98)
Phum-OR502AA_018_000194.1	eggnog	Ribosomal protein L34
Phum-OR502AA_018_000193.1	blastp	Homology to Phytophthora fragariae predicted protein KAE8888272.1
Phum-OR502AA_018_000192.1	eggnog	domain-containing protein
Phum-OR502AA_018_000191.1	eggnog	RNA recognition motif
Phum-OR502AA_018_000048.1	unannotated	Hypothetical protein of unknown function
Phum-OR502AA_018_000049.1	unannotated	Hypothetical protein of unknown function
Phum-OR502AA_018_000050.1	eggnog	Belongs to the peptidase A1 family
Phum-OR502AA_018_000051.1	eggnog	Belongs to the peptidase A1 family
Phum-OR502AA_018_000190.1	unannotated	Hypothetical protein of unknown function
Phum-OR502AA_018_000189.1	unannotated	Hypothetical protein of unknown function
Phum-OR502AA_018_000052.1	eggnog	Belongs to the peptidase A1 family
Phum-OR502AA_018_000053.1	eggnog	Belongs to the peptidase A1 family
Phum-OR502AA_018_000188.1	eggnog	Zinc-binding domain, present in Dystrophin, CREB-binding protein
Phum-OR502AA_018_000054.1	blastp	Homology to Phytophthora cactorum predicted protein KAF1774073.1
Phum-OR502AA_018_000187.1	eggnog	Sugar efflux transporter for intercellular exchange
Phum-OR502AA_018_000186.1	eggnog	Sugar efflux transporter for intercellular exchange
Phum-OR502AA_018_000185.1	eggnog	Sugar efflux transporter for intercellular exchange
Phum-OR502AA_018_000184.1	eggnog	domain-containing protein
Phum-OR502AA_018_000055.1	eggnog	domain-containing protein
Phum-OR502AA_018_000183.1	eggnog	histone-lysine N-methyltransferase activity
Phum-OR502AA_018_000056.1	eggnog	domain-containing protein
Phum-OR502AA_018_000057.1	eggnog	Sugar efflux transporter for intercellular exchange
Phum-OR502AA_018_000058.1	eggnog	Sugar efflux transporter for intercellular exchange
Phum-OR502AA_018_000059.1	unannotated	Hypothetical protein of unknown function
Phum-OR502AA_018_000182.1	interproscan	G3DSA:3.30.420.10 domain-containing protein
Phum-OR502AA_018_000181.1	interproscan	G3DSA:3.30.420.10 domain-containing protein
Phum-OR502AA_018_000180.1	interproscan	G3DSA:3.30.420.10 domain-containing protein
Phum-OR502AA_018_000179.1	unannotated	Hypothetical protein of unknown function
Phum-OR502AA_018_000060.1	eggnog	amino acid transporter
Phum-OR502AA_018_000061.1	unannotated	Hypothetical protein of unknown function
Phum-OR502AA_018_000062.1	eggnog	Eukaryotic aspartyl protease
Phum-OR502AA_018_000063.1	interproscan	PTHR31142 domain-containing protein
Phum-OR502AA_018_000064.1	eggnog	Protein tyrosine kinase
Phum-OR502AA_018_000065.1	interproscan	PTHR45615 domain-containing protein
Phum-OR502AA_018_000066.1	interproscan	PTHR13510 domain-containing protein
Phum-OR502AA_018_000178.1	interproscan	PTHR13510 domain-containing protein
Phum-OR502AA_018_000067.1	interproscan	PTHR41752 domain-containing protein
Phum-OR502AA_018_000177.1	eggnog	Coatomer WD associated region
Phum-OR502AA_018_000068.1	eggnog	Clathrin adaptor complex small chain
Phum-OR502AA_018_000176.1	eggnog	Nuclear fragile X mental retardation-interacting protein 1 (NUFIP1)
Phum-OR502AA_018_000069.1	blastp	Homology to Peronospora effusa predicted protein RMX63616.1
Phum-OR502AA_018_000070.1	blastp	Homology to Phytophthora capsici predicted protein KAG1696759.1
Phum-OR502AA_018_000071.1	blastp	Homology to Phytophthora nicotianae predicted protein ETK78975.1
Phum-OR502AA_018_000175.1	blastp	Homology to Phytophthora pseudosyringae predicted protein KAG7380968.1
Phum-OR502AA_018_000174.1	blastp	Homology to Peronospora effusa predicted protein RMX63616.1
Phum-OR502AA_018_000072.1	unannotated	Hypothetical protein of unknown function
Phum-OR502AA_018_000173.1	blastp	Homology to Phytophthora capsici predicted protein KAG1687353.1
Phum-OR502AA_018_000172.1	blastp	Homology to Phytophthora capsici predicted protein KAG1687353.1
Phum-OR502AA_018_000171.1	blastp	Homology to Phytophthora capsici predicted protein KAG1687353.1
Phum-OR502AA_018_000170.1	blastp	Homology to Phytophthora infestans predicted protein KAI9994789.1
Phum-OR502AA_018_000169.1	blastp	Homology to Phytophthora capsici predicted protein KAG1687353.1
Phum-OR502AA_018_000073.1	blastp	Homology to Phytophthora nicotianae predicted protein ETK78975.1
Phum-OR502AA_018_000168.1	blastp	Homology to Phytophthora nicotianae predicted protein ETK78975.1
Phum-OR502AA_018_000167.1	blastp	Homology to Phytophthora capsici predicted protein KAG1687353.1
Phum-OR502AA_018_000166.1	unannotated	Hypothetical protein of unknown function
Phum-OR502AA_018_000165.1	blastp	Homology to Peronospora destructor predicted protein CAI5742483.1
Phum-OR502AA_018_000164.1	unannotated	Hypothetical protein of unknown function
Phum-OR502AA_018_000074.1	blastp	Homology to Peronospora destructor predicted protein CAI5742483.1
Phum-OR502AA_018_000075.1	unannotated	Hypothetical protein of unknown function
Phum-OR502AA_018_000076.1	blastp	Homology to Phytophthora aleatoria predicted protein KAG6959333.1
Phum-OR502AA_018_000077.1	eggnog	mRNA biogenesis factor
Phum-OR502AA_018_000078.1	eggnog	domain-containing protein
Phum-OR502AA_018_000163.1	eggnog	Lipopolysaccharide kinase (Kdo/WaaP) family
Phum-OR502AA_018_000079.1	blastp	Homology to Phytophthora cactorum predicted protein KAG3017338.1
Phum-OR502AA_018_000162.1	eggnog	Zinc knuckle
Phum-OR502AA_018_000080.1	eggnog	Calcineurin-like phosphoesterase
Phum-OR502AA_018_000161.1	eggnog	Acyl CoA binding protein
Phum-OR502AA_018_000081.1	unannotated	Hypothetical protein of unknown function
Phum-OR502AA_018_000082.1	unannotated	Hypothetical protein of unknown function
Phum-OR502AA_018_000083.1	interproscan	PTHR13510 domain-containing protein
Phum-OR502AA_018_000084.1	interproscan	PTHR13510 domain-containing protein
Phum-OR502AA_018_000160.1	interproscan	PTHR13510 domain-containing protein
Phum-OR502AA_018_000085.1	interproscan	PTHR13510 domain-containing protein
Phum-OR502AA_018_000159.1	interproscan	PTHR13510 domain-containing protein
Phum-OR502AA_018_000158.1	unannotated	Hypothetical protein of unknown function
Phum-OR502AA_018_000157.1	unannotated	Hypothetical protein of unknown function
Phum-OR502AA_018_000156.1	blastp	Homology to Phytophthora kernoviae predicted protein KAG2502700.1
Phum-OR502AA_018_000086.1	eggnog	transposition, RNA-mediated
Phum-OR502AA_018_000087.1	unannotated	Hypothetical protein of unknown function
Phum-OR502AA_018_000088.1	blastp	Homology to Globisporangium splendens predicted protein KAF1314281.1
Phum-OR502AA_018_000155.1	unannotated	Hypothetical protein of unknown function
Phum-OR502AA_018_000089.1	unannotated	Hypothetical protein of unknown function
Phum-OR502AA_018_000154.1	blastp	Homology to Phytophthora nicotianae predicted protein ETP03154.1
Phum-OR502AA_018_000090.1	blastp	Homology to Globisporangium splendens predicted protein KAF1319036.1
Phum-OR502AA_018_000153.1	eggnog	Poxvirus A32 protein
Phum-OR502AA_018_000091.1	eggnog	Chaperone of endosialidase
Phum-OR502AA_018_000152.1	unannotated	Hypothetical protein of unknown function
Phum-OR502AA_018_000151.1	blastp	Homology to Phytophthora nicotianae predicted protein KUF79077.1
Phum-OR502AA_018_000092.1	unannotated	Hypothetical protein of unknown function
Phum-OR502AA_018_000093.1	unannotated	Hypothetical protein of unknown function
Phum-OR502AA_018_000094.1	unannotated	Hypothetical protein of unknown function
Phum-OR502AA_018_000095.1	interproscan	G3DSA:3.40.50.300 domain-containing protein
Phum-OR502AA_018_000150.1	interproscan	G3DSA:3.40.50.300 domain-containing protein
Phum-OR502AA_018_000149.1	unannotated	Hypothetical protein of unknown function
Phum-OR502AA_018_000148.1	unannotated	Hypothetical protein of unknown function
Phum-OR502AA_018_000096.1	blastp	Homology to Phytophthora nicotianae predicted protein KUF79077.1
Phum-OR502AA_018_000097.1	unannotated	Hypothetical protein of unknown function
Phum-OR502AA_018_000147.1	eggnog	Chaperone of endosialidase
Phum-OR502AA_018_000098.1	eggnog	Poxvirus A32 protein
Phum-OR502AA_018_000146.1	blastp	Homology to Globisporangium splendens predicted protein KAF1319036.1
Phum-OR502AA_018_000099.1	blastp	Homology to Phytophthora nicotianae predicted protein ETP03154.1
Phum-OR502AA_018_000100.1	unannotated	Hypothetical protein of unknown function
Phum-OR502AA_018_000145.1	unannotated	Hypothetical protein of unknown function
Phum-OR502AA_018_000144.1	unannotated	Hypothetical protein of unknown function
Phum-OR502AA_018_000101.1	blastp	Homology to Phytophthora nicotianae predicted protein KUF84916.1
Phum-OR502AA_018_000143.1	unannotated	Hypothetical protein of unknown function
Phum-OR502AA_018_000142.1	unannotated	Hypothetical protein of unknown function
Phum-OR502AA_018_000102.1	eggnog	P-loop containing dynein motor region D4
Phum-OR502AA_018_000141.1	eggnog	transposition, RNA-mediated
Phum-OR502AA_018_000140.1	blastp	Homology to Phytophthora palmivora predicted protein POM67869.1
Phum-OR502AA_018_000103.1	blastp	Homology to Peronospora belbahrii predicted protein CAH0475296.1
Phum-OR502AA_018_000139.1	unannotated	Hypothetical protein of unknown function
Phum-OR502AA_018_000138.1	unannotated	Hypothetical protein of unknown function
Phum-OR502AA_018_000104.1	unannotated	Hypothetical protein of unknown function
Phum-OR502AA_018_000137.1	unannotated	Hypothetical protein of unknown function
Phum-OR502AA_018_000105.1	unannotated	Hypothetical protein of unknown function
Phum-OR502AA_018_000106.1	unannotated	Hypothetical protein of unknown function
Phum-OR502AA_018_000107.1	unannotated	Hypothetical protein of unknown function
Phum-OR502AA_018_000136.1	unannotated	Hypothetical protein of unknown function
Phum-OR502AA_018_000108.1	unannotated	Hypothetical protein of unknown function
Phum-OR502AA_018_000135.1	unannotated	Hypothetical protein of unknown function
Phum-OR502AA_018_000134.1	eggnog	DNA polymerase type B, organellar and viral
Phum-OR502AA_018_000133.1	eggnog	Chaperone of endosialidase
Phum-OR502AA_018_000109.1	blastp	Homology to Phytophthora infestans predicted protein KAF4128241.1
Phum-OR502AA_018_000110.1	unannotated	Hypothetical protein of unknown function
Phum-OR502AA_018_000111.1	unannotated	Hypothetical protein of unknown function
Phum-OR502AA_018_000112.1	blastp	Homology to Phytophthora nicotianae predicted protein ETI30100.1
Phum-OR502AA_018_000113.1	unannotated	Hypothetical protein of unknown function
Phum-OR502AA_018_000132.1	unannotated	Hypothetical protein of unknown function
Phum-OR502AA_018_000114.1	unannotated	Hypothetical protein of unknown function
Phum-OR502AA_018_000115.1	eggnog	transposition, RNA-mediated
Phum-OR502AA_018_000131.1	unannotated	Hypothetical protein of unknown function
Phum-OR502AA_018_000116.1	unannotated	Hypothetical protein of unknown function
Phum-OR502AA_018_000130.1	unannotated	Hypothetical protein of unknown function
Phum-OR502AA_018_000117.1	unannotated	Hypothetical protein of unknown function
Phum-OR502AA_018_000118.1	unannotated	Hypothetical protein of unknown function
Phum-OR502AA_018_000129.1	unannotated	Hypothetical protein of unknown function
Phum-OR502AA_018_000128.1	blastp	Homology to Phytophthora kernoviae predicted protein KAG2502860.1
Phum-OR502AA_018_000127.1	unannotated	Hypothetical protein of unknown function
Phum-OR502AA_018_000126.1	unannotated	Hypothetical protein of unknown function
Phum-OR502AA_018_000125.1	eggnog	transposition, RNA-mediated
Phum-OR502AA_018_000119.1	unannotated	Hypothetical protein of unknown function
Phum-OR502AA_018_000120.1	blastp	Homology to Phytophthora kernoviae predicted protein KAG2502860.1
Phum-OR502AA_018_000124.1	eggnog	transposition, RNA-mediated
Phum-OR502AA_018_000123.1	eggnog	transposition, RNA-mediated
Phum-OR502AA_018_000121.1	blastp	Homology to Phytophthora kernoviae predicted protein RLN14502.1
Phum-OR502AA_018_000122.1	eggnog	transposition, RNA-mediated
Phum-OR502AA_019_000196.1	eggnog	domain-containing protein
Phum-OR502AA_019_000195.1	interproscan	PTHR31827 domain-containing protein
Phum-OR502AA_019_000001.1	eggnog	homophilic cell adhesion via plasma membrane adhesion molecules
Phum-OR502AA_019_000002.1	eggnog	homophilic cell adhesion via plasma membrane adhesion molecules
Phum-OR502AA_019_000194.1	blastp	Homology to Peronospora effusa predicted protein RQM14186.1
Phum-OR502AA_019_000193.1	eggnog	domain-containing protein
Phum-OR502AA_019_000003.1	eggnog	negative regulation of hippo signaling
Phum-OR502AA_019_000192.1	eggnog	domain-containing protein
Phum-OR502AA_019_000004.1	eggnog	PAP2 superfamily
Phum-OR502AA_019_000005.1	eggnog	PAP2 superfamily
Phum-OR502AA_019_000191.1	interproscan	G3DSA:3.30.1520.10 domain-containing protein
Phum-OR502AA_019_000006.1	blastp	Homology to Phytophthora infestans predicted protein KAF4040808.1
Phum-OR502AA_019_000190.1	eggnog	Cytidylyltransferase family
Phum-OR502AA_019_000007.1	blastp	Homology to Peronospora effusa predicted protein UIZ27342.1
Phum-OR502AA_019_000189.1	blastp	Homology to Phytophthora pseudosyringae predicted protein KAG7386383.1
Phum-OR502AA_019_000008.1	eggnog	Rogdi leucine zipper containing protein
Phum-OR502AA_019_000188.1	blastp	Homology to Phytophthora ramorum predicted protein KAH7469029.1
Phum-OR502AA_019_000009.1	blastp	Homology to Phytophthora pseudosyringae predicted protein KAG7390006.1
Phum-OR502AA_019_000187.1	eggnog	Protein tyrosine kinase
Phum-OR502AA_019_000010.1	eggnog	Cytidylyltransferase family
Phum-OR502AA_019_000011.1	eggnog	snRNA stem-loop binding
Phum-OR502AA_019_000186.1	eggnog	protein K6-linked ubiquitination
Phum-OR502AA_019_000012.1	eggnog	domain-containing protein
Phum-OR502AA_019_000185.1	eggnog	Golgi CORVET complex core vacuolar protein 8
Phum-OR502AA_019_000184.1	eggnog	Golgi CORVET complex core vacuolar protein 8
Phum-OR502AA_019_000183.1	eggnog	p21-C-terminal region-binding protein
Phum-OR502AA_019_000013.1	blastp	Homology to Phytophthora cactorum predicted protein KAG2778765.1
Phum-OR502AA_019_000182.1	eggnog	Squalene/phytoene synthase
Phum-OR502AA_019_000014.1	eggnog	Histone-binding protein RBBP4 or subunit C of CAF1 complex
Phum-OR502AA_019_000015.1	blastp	Homology to Phytophthora lilii predicted protein GMF10969.1
Phum-OR502AA_019_000181.1	blastp	Homology to Phytophthora cactorum predicted protein KAG3206445.1
Phum-OR502AA_019_000016.1	eggnog	Nucleotide-sugar transporter
Phum-OR502AA_019_000180.1	eggnog	domain-containing protein
Phum-OR502AA_019_000017.1	eggnog	Galactokinase galactose-binding signature
Phum-OR502AA_019_000179.1	blastp	Homology to Phytophthora cactorum predicted protein KAG2778738.1
Phum-OR502AA_019_000178.1	eggnog	Protein tyrosine kinase
Phum-OR502AA_019_000018.1	eggnog	emp24/gp25L/p24 family/GOLD
Phum-OR502AA_019_000019.1	blastp	Homology to Peronospora effusa predicted protein RMX67915.1
Phum-OR502AA_019_000177.1	eggnog	Cysteine-rich secretory protein family
Phum-OR502AA_019_000020.1	eggnog	Phosphate acyltransferases
Phum-OR502AA_019_000176.1	eggnog	Catalyzes the oxidative decarboxylation of 6- phosphogluconate to ribulose 5-phosphate and CO(2), with concomitant reduction of NADP to NADPH
Phum-OR502AA_019_000021.1	blastp	Homology to Peronospora belbahrii predicted protein CAH0474987.1
Phum-OR502AA_019_000175.1	eggnog	mannose metabolic process
Phum-OR502AA_019_000022.1	blastp	Homology to Peronospora belbahrii predicted protein CAH0474990.1
Phum-OR502AA_019_000174.1	blastp	Homology to Phytophthora cactorum;Phytophthora idaei;Phytophthora aleatoria predicted protein KAF1795222.1
Phum-OR502AA_019_000023.1	eggnog	Aminotransferase class I and II
Phum-OR502AA_019_000173.1	eggnog	Cytochrome c oxidase biogenesis protein Cmc1 like
Phum-OR502AA_019_000172.1	eggnog	domain-containing protein
Phum-OR502AA_019_000171.1	blastp	Homology to Peronospora belbahrii predicted protein CAH0474994.1
Phum-OR502AA_019_000170.1	eggnog	Protein tyrosine kinase
Phum-OR502AA_019_000024.1	eggnog	Choline/Carnitine o-acyltransferase
Phum-OR502AA_019_000025.1	eggnog	domain-containing protein
Phum-OR502AA_019_000026.1	blastp	Homology to Phytophthora capsici predicted protein KAG1708672.1
Phum-OR502AA_019_000027.1	unannotated	Hypothetical protein of unknown function
Phum-OR502AA_019_000028.1	eggnog	PHD-finger
Phum-OR502AA_019_000169.1	eggnog	EF-hand domain pair
Phum-OR502AA_019_000168.1	blastp	Homology to Phytophthora aleatoria predicted protein KAG6964832.1
Phum-OR502AA_019_000029.1	interproscan	PTHR45615 domain-containing protein
Phum-OR502AA_019_000167.1	eggnog	dTDP-glucose 4,6-dehydratase activity
Phum-OR502AA_019_000030.1	blastp	Homology to Peronospora belbahrii predicted protein CAH0475003.1
Phum-OR502AA_019_000166.1	eggnog	Fatty acid desaturase
Phum-OR502AA_019_000165.1	eggnog	Protein tyrosine kinase
Phum-OR502AA_019_000164.1	eggnog	EF hand
Phum-OR502AA_019_000163.1	eggnog	Transcription initiation factor IIF, beta subunit
Phum-OR502AA_019_000031.1	eggnog	Uroporphyrinogen-III synthase HemD
Phum-OR502AA_019_000032.1	unannotated	Hypothetical protein of unknown function
Phum-OR502AA_019_000033.1	interproscan	PTHR31827 domain-containing protein
Phum-OR502AA_019_000162.1	interproscan	PTHR31827 domain-containing protein
Phum-OR502AA_019_000034.1	eggnog	domain-containing protein
Phum-OR502AA_019_000161.1	blastp	Homology to Phytophthora cactorum predicted protein KAG2778923.1
Phum-OR502AA_019_000160.1	eggnog	histone-lysine N-methyltransferase activity
Phum-OR502AA_019_000035.1	eggnog	phosphoprotein phosphatase activity
Phum-OR502AA_019_000036.1	eggnog	DWNN
Phum-OR502AA_019_000159.1	eggnog	Ankyrin repeats (many copies)
Phum-OR502AA_019_000158.1	eggnog	POLO box duplicated region
Phum-OR502AA_019_000037.1	eggnog	POLO box duplicated region
Phum-OR502AA_019_000038.1	eggnog	Ankyrin repeats (many copies)
Phum-OR502AA_019_000039.1	eggnog	Tetratricopeptide repeat
Phum-OR502AA_019_000040.1	eggnog	Tetratricopeptide repeat
Phum-OR502AA_019_000157.1	blastp	Homology to Hyaloperonospora brassicae predicted protein CAI5725661.1
Phum-OR502AA_019_000156.1	eggnog	Protein of unknown function (DUF778)
Phum-OR502AA_019_000041.1	eggnog	domain-containing protein
Phum-OR502AA_019_000155.1	eggnog	Tetratricopeptide repeat
Phum-OR502AA_019_000154.1	eggnog	ABC transporter transmembrane region
Phum-OR502AA_019_000153.1	eggnog	ABC transporter transmembrane region
Phum-OR502AA_019_000152.1	eggnog	tRNA re-export from nucleus
Phum-OR502AA_019_000042.1	eggnog	cGMP-dependent protein kinase activity
Phum-OR502AA_019_000151.1	eggnog	ubiquitinyl hydrolase activity
Phum-OR502AA_019_000043.1	eggnog	Pentacotripeptide-repeat region of PRORP
Phum-OR502AA_019_000150.1	eggnog	spectrin binding
Phum-OR502AA_019_000044.1	eggnog	ADP-ribosylation factor family
Phum-OR502AA_019_000149.1	interproscan	PTHR13510 domain-containing protein
Phum-OR502AA_019_000045.1	unannotated	Hypothetical protein of unknown function
Phum-OR502AA_019_000046.1	unannotated	Hypothetical protein of unknown function
Phum-OR502AA_019_000047.1	eggnog	EamA-like transporter family
Phum-OR502AA_019_000148.1	eggnog	transposition, RNA-mediated
Phum-OR502AA_019_000147.1	eggnog	EamA-like transporter family
Phum-OR502AA_019_000146.1	blastp	Homology to Phytophthora pseudosyringae predicted protein KAG7384911.1
Phum-OR502AA_019_000048.1	interproscan	PTHR13510 domain-containing protein
Phum-OR502AA_019_000049.1	eggnog	spectrin binding
Phum-OR502AA_019_000145.1	eggnog	Ciliary basal body-associated, B9 protein
Phum-OR502AA_019_000144.1	eggnog	Signal peptide peptidase
Phum-OR502AA_019_000050.1	interproscan	PTHR34894 domain-containing protein
Phum-OR502AA_019_000143.1	interproscan	G3DSA:1.25.40.10 domain-containing protein
Phum-OR502AA_019_000142.1	eggnog	Ceramidase
Phum-OR502AA_019_000051.1	eggnog	Mitochondrial carrier protein
Phum-OR502AA_019_000052.1	eggnog	domain-containing protein
Phum-OR502AA_019_000141.1	blastp	Homology to Phytophthora pseudosyringae predicted protein KAG7384895.1
Phum-OR502AA_019_000140.1	blastp	Homology to Phytophthora capsici predicted protein KAG1708757.1
Phum-OR502AA_019_000053.1	blastp	Homology to Peronospora belbahrii predicted protein CAH0518898.1
Phum-OR502AA_019_000139.1	eggnog	domain-containing protein
Phum-OR502AA_019_000054.1	eggnog	FtsH Extracellular
Phum-OR502AA_019_000138.1	blastp	Homology to Phytophthora ramorum predicted protein KAH7469133.1
Phum-OR502AA_019_000055.1	eggnog	domain-containing protein
Phum-OR502AA_019_000056.1	blastp	Homology to Phytophthora pseudosyringae predicted protein KAG7384886.1
Phum-OR502AA_019_000137.1	eggnog	domain-containing protein
Phum-OR502AA_019_000136.1	blastp	Homology to Peronospora belbahrii predicted protein CAH0475034.1
Phum-OR502AA_019_000057.1	eggnog	MYND finger
Phum-OR502AA_019_000135.1	eggnog	domain-containing protein
Phum-OR502AA_019_000058.1	eggnog	domain-containing protein
Phum-OR502AA_019_000134.1	interproscan	PTHR12295 domain-containing protein
Phum-OR502AA_019_000059.1	unannotated	Hypothetical protein of unknown function
Phum-OR502AA_019_000060.1	unannotated	Hypothetical protein of unknown function
Phum-OR502AA_019_000061.1	eggnog	Ribonucleases P/MRP protein subunit POP1
Phum-OR502AA_019_000133.1	eggnog	Sir2 family
Phum-OR502AA_019_000062.1	interproscan	PTHR21694 domain-containing protein
Phum-OR502AA_019_000063.1	unannotated	Hypothetical protein of unknown function
Phum-OR502AA_019_000132.1	eggnog	N2,N2-dimethylguanosine tRNA methyltransferase
Phum-OR502AA_019_000064.1	eggnog	Domain in DAP-5, eIF4G, MA-3 and other proteins
Phum-OR502AA_019_000131.1	eggnog	domain-containing protein
Phum-OR502AA_019_000130.1	eggnog	AAA domain (Cdc48 subfamily)
Phum-OR502AA_019_000065.1	eggnog	Prefoldin subunit
Phum-OR502AA_019_000129.1	eggnog	DNA primase small subunit
Phum-OR502AA_019_000066.1	eggnog	Ribosomal protein S8e
Phum-OR502AA_019_000128.1	eggnog	chitin synthase activity
Phum-OR502AA_019_000067.1	eggnog	chitin synthase activity
Phum-OR502AA_019_000127.1	eggnog	Ribosomal protein S8e
Phum-OR502AA_019_000068.1	eggnog	chitin synthase activity
Phum-OR502AA_019_000126.1	eggnog	Ribosomal protein S8e
Phum-OR502AA_019_000069.1	eggnog	Ribosomal protein S8e
Phum-OR502AA_019_000125.1	eggnog	chitin synthase activity
Phum-OR502AA_019_000124.1	eggnog	chitin synthase activity
Phum-OR502AA_019_000070.1	eggnog	chitin synthase activity
Phum-OR502AA_019_000123.1	eggnog	Ribosomal protein S8e
Phum-OR502AA_019_000071.1	eggnog	Ribosomal protein S8e
Phum-OR502AA_019_000122.1	eggnog	chitin synthase activity
Phum-OR502AA_019_000072.1	blastp	Homology to Peronospora farinosa predicted protein CAH0490080.1
Phum-OR502AA_019_000121.1	blastp	Homology to Phytophthora nicotianae predicted protein ETI47181.1
Phum-OR502AA_019_000120.1	eggnog	chitin synthase activity
Phum-OR502AA_019_000073.1	eggnog	domain-containing protein
Phum-OR502AA_019_000074.1	eggnog	DNA polymerase subunit Cdc27
Phum-OR502AA_019_000119.1	eggnog	TIP49 C-terminus
Phum-OR502AA_019_000118.1	eggnog	Proton-conducting pore forming subunit of the membrane integral V0 complex of vacuolar ATPase
Phum-OR502AA_019_000117.1	interproscan	PTHR16214 domain-containing protein
Phum-OR502AA_019_000075.1	eggnog	Proton-conducting pore forming subunit of the membrane integral V0 complex of vacuolar ATPase
Phum-OR502AA_019_000116.1	eggnog	Proton-conducting pore forming subunit of the membrane integral V0 complex of vacuolar ATPase
Phum-OR502AA_019_000076.1	eggnog	Surfeit locus protein 5 subunit 22 of Mediator complex
Phum-OR502AA_019_000115.1	eggnog	SNF5 / SMARCB1 / INI1
Phum-OR502AA_019_000077.1	eggnog	Component of IIS longevity pathway SMK-1
Phum-OR502AA_019_000114.1	blastp	Homology to Peronospora effusa predicted protein UIZ27250.1
Phum-OR502AA_019_000078.1	eggnog	TatD related DNase
Phum-OR502AA_019_000113.1	eggnog	domain-containing protein
Phum-OR502AA_019_000112.1	eggnog	domain-containing protein
Phum-OR502AA_019_000111.1	eggnog	Pre-mRNA-splicing factor of RES complex
Phum-OR502AA_019_000110.1	eggnog	Nucleoside transporter
Phum-OR502AA_019_000079.1	eggnog	tRNA (Guanine-1)-methyltransferase
Phum-OR502AA_019_000080.1	interproscan	PTHR31827 domain-containing protein
Phum-OR502AA_019_000109.1	unannotated	Hypothetical protein of unknown function
Phum-OR502AA_019_000081.1	eggnog	Source PGD
Phum-OR502AA_019_000108.1	unannotated	Hypothetical protein of unknown function
Phum-OR502AA_019_000107.1	eggnog	Hypothetical methyltransferase
Phum-OR502AA_019_000106.1	eggnog	WD domain, G-beta repeat
Phum-OR502AA_019_000082.1	interproscan	Uncharacterized protein (G3DSA:1.25.40.20:FF:000745)
Phum-OR502AA_019_000083.1	blastp	Homology to Phytophthora cactorum predicted protein KAF1792502.1
Phum-OR502AA_019_000105.1	eggnog	Domain present in PSD-95, Dlg, and ZO-1/2
Phum-OR502AA_019_000084.1	blastp	Homology to Phytophthora lilii predicted protein GMF19628.1
Phum-OR502AA_019_000085.1	eggnog	ubiquitin-dependent protein catabolic process via the N-end rule pathway
Phum-OR502AA_019_000086.1	eggnog	Succinyl-CoA synthetase functions in the citric acid cycle (TCA), coupling the hydrolysis of succinyl-CoA to the synthesis of ATP and thus represents the only step of substrate- level phosphorylation in the TCA
Phum-OR502AA_019_000104.1	eggnog	Domain Homologous to E6-AP Carboxyl Terminus with
Phum-OR502AA_019_000103.1	unannotated	Hypothetical protein of unknown function
Phum-OR502AA_019_000087.1	eggnog	domain-containing protein
Phum-OR502AA_019_000102.1	eggnog	Domain Homologous to E6-AP Carboxyl Terminus with
Phum-OR502AA_019_000088.1	eggnog	hydrolase activity, acting on carbon-nitrogen (but not peptide) bonds, in linear amides
Phum-OR502AA_019_000089.1	unannotated	Hypothetical protein of unknown function
Phum-OR502AA_019_000101.1	eggnog	Clathrin is the major protein of the polyhedral coat of coated pits and vesicles
Phum-OR502AA_019_000100.1	interproscan	PTHR33946 domain-containing protein
Phum-OR502AA_019_000090.1	interproscan	PTHR33946 domain-containing protein
Phum-OR502AA_019_000091.1	eggnog	hydrolase activity, acting on carbon-nitrogen (but not peptide) bonds, in linear amides
Phum-OR502AA_019_000092.1	eggnog	Clathrin is the major protein of the polyhedral coat of coated pits and vesicles
Phum-OR502AA_019_000093.1	blastp	Homology to Peronospora effusa predicted protein CAI5710154.1
Phum-OR502AA_019_000099.1	eggnog	PET assembly of cytochrome c oxidase, mitochondrial
Phum-OR502AA_019_000094.1	blastp	Homology to predicted protein KAH7496889.1
Phum-OR502AA_019_000095.1	eggnog	GPI anchor biosynthetic process
Phum-OR502AA_019_000098.1	eggnog	Protein of unknown function (DUF3677)
Phum-OR502AA_019_000097.1	eggnog	Protein of unknown function (DUF1279)
Phum-OR502AA_019_000096.1	interproscan	PTHR33946 domain-containing protein
Phum-OR502AA_020_000001.1	eggnog	Sugar (and other) transporter
Phum-OR502AA_020_000332.1	eggnog	domain-containing protein
Phum-OR502AA_020_000002.1	eggnog	Lysine methyltransferase
Phum-OR502AA_020_000003.1	eggnog	Yippee zinc-binding/DNA-binding /Mis18, centromere assembly
Phum-OR502AA_020_000331.1	eggnog	snRNP Sm proteins
Phum-OR502AA_020_000330.1	eggnog	snRNP Sm proteins
Phum-OR502AA_020_000004.1	eggnog	Pex2 / Pex12 amino terminal region
Phum-OR502AA_020_000329.1	eggnog	Sas10/Utp3/C1D family
Phum-OR502AA_020_000328.1	unannotated	Hypothetical protein of unknown function
Phum-OR502AA_020_000327.1	unannotated	Hypothetical protein of unknown function
Phum-OR502AA_020_000005.1	blastp	Homology to Peronospora destructor predicted protein CAI5744636.1
Phum-OR502AA_020_000326.1	eggnog	Flavin containing amine oxidoreductase
Phum-OR502AA_020_000325.1	blastp	Homology to Aphanomyces stellatus predicted protein KAF0707538.1
Phum-OR502AA_020_000006.1	blastp	Homology to Aphanomyces stellatus predicted protein KAF0713434.1
Phum-OR502AA_020_000007.1	eggnog	regulation of protein catabolic process
Phum-OR502AA_020_000324.1	eggnog	Transmembrane amino acid transporter protein
Phum-OR502AA_020_000323.1	eggnog	Protein tyrosine kinase
Phum-OR502AA_020_000322.1	eggnog	Rtf2 RING-finger
Phum-OR502AA_020_000321.1	eggnog	Rtf2 RING-finger
Phum-OR502AA_020_000008.1	eggnog	Armadillo/beta-catenin-like repeats
Phum-OR502AA_020_000320.1	eggnog	Glycosyltransferase (GlcNAc)
Phum-OR502AA_020_000319.1	eggnog	Sec1 family
Phum-OR502AA_020_000009.1	eggnog	Sec1 family
Phum-OR502AA_020_000010.1	eggnog	Glycosyltransferase (GlcNAc)
Phum-OR502AA_020_000318.1	eggnog	Armadillo/beta-catenin-like repeats
Phum-OR502AA_020_000011.1	eggnog	Rtf2 RING-finger
Phum-OR502AA_020_000012.1	eggnog	Protein tyrosine kinase
Phum-OR502AA_020_000013.1	blastp	Homology to Phytophthora idaei predicted protein KAG3240119.1
Phum-OR502AA_020_000317.1	eggnog	domain-containing protein
Phum-OR502AA_020_000014.1	unannotated	Hypothetical protein of unknown function
Phum-OR502AA_020_000316.1	eggnog	Major Facilitator Superfamily
Phum-OR502AA_020_000315.1	eggnog	domain-containing protein
Phum-OR502AA_020_000314.1	eggnog	domain-containing protein
Phum-OR502AA_020_000015.1	eggnog	GTP-binding protein involved in nucleocytoplasmic transport
Phum-OR502AA_020_000016.1	blastp	Homology to Phytophthora cactorum predicted protein KAG2761116.1
Phum-OR502AA_020_000017.1	eggnog	ATP citrate lyase citrate-binding
Phum-OR502AA_020_000313.1	unannotated	Hypothetical protein of unknown function
Phum-OR502AA_020_000312.1	eggnog	WD domain, G-beta repeat
Phum-OR502AA_020_000311.1	eggnog	SAM domain (Sterile alpha motif)
Phum-OR502AA_020_000310.1	eggnog	DNA replication factor CDT1 like
Phum-OR502AA_020_000018.1	eggnog	Major Facilitator Superfamily
Phum-OR502AA_020_000019.1	unannotated	Hypothetical protein of unknown function
Phum-OR502AA_020_000020.1	unannotated	Hypothetical protein of unknown function
Phum-OR502AA_020_000021.1	eggnog	WD domain, G-beta repeat
Phum-OR502AA_020_000309.1	eggnog	Rab subfamily of small GTPases
Phum-OR502AA_020_000022.1	eggnog	protein serine/threonine kinase activity
Phum-OR502AA_020_000023.1	eggnog	EF hand
Phum-OR502AA_020_000308.1	eggnog	Drought induced 19 protein (Di19), zinc-binding
Phum-OR502AA_020_000024.1	eggnog	domain-containing protein
Phum-OR502AA_020_000307.1	eggnog	Tetratricopeptide repeat
Phum-OR502AA_020_000306.1	eggnog	Domain of unknown function (DUF4201)
Phum-OR502AA_020_000025.1	eggnog	Phosphate acyltransferases
Phum-OR502AA_020_000305.1	eggnog	Acetyl-CoA carboxylase, central region (ACACB)
Phum-OR502AA_020_000304.1	eggnog	domain-containing protein
Phum-OR502AA_020_000303.1	eggnog	domain-containing protein
Phum-OR502AA_020_000026.1	eggnog	Nucleotide-sugar transporter
Phum-OR502AA_020_000027.1	blastp	Homology to Peronospora destructor predicted protein CAI5744624.1
Phum-OR502AA_020_000028.1	interproscan	PTHR14865 domain-containing protein
Phum-OR502AA_020_000029.1	blastp	Homology to Peronospora farinosa predicted protein CAI5718751.1
Phum-OR502AA_020_000302.1	eggnog	domain-containing protein
Phum-OR502AA_020_000301.1	eggnog	Protein kinase C conserved region 2 (CalB)
Phum-OR502AA_020_000300.1	eggnog	CoA pyrophosphatase activity
Phum-OR502AA_020_000030.1	blastp	Homology to Peronosclerospora sorghi predicted protein KAI9916747.1
Phum-OR502AA_020_000299.1	eggnog	domain-containing protein
Phum-OR502AA_020_000031.1	eggnog	regulation of superoxide dismutase activity
Phum-OR502AA_020_000032.1	eggnog	Major Facilitator Superfamily
Phum-OR502AA_020_000298.1	eggnog	Major Facilitator Superfamily
Phum-OR502AA_020_000297.1	eggnog	RING-like zinc finger
Phum-OR502AA_020_000033.1	eggnog	Methyltransferase required for the conversion of 2- polyprenyl-6-methoxy-1,4-benzoquinol (DDMQH2) to 2-polyprenyl-3- methyl-6-methoxy-1,4-benzoquinol (DMQH2)
Phum-OR502AA_020_000296.1	eggnog	Tetratricopeptide repeat
Phum-OR502AA_020_000295.1	eggnog	histone kinase activity (H2A-T120 specific)
Phum-OR502AA_020_000294.1	eggnog	EF-hand domain pair
Phum-OR502AA_020_000034.1	eggnog	AFG1-like ATPase
Phum-OR502AA_020_000293.1	blastp	Homology to Phytophthora palmivora predicted protein POM61495.1
Phum-OR502AA_020_000035.1	blastp	Homology to Peronospora destructor predicted protein CAI5728509.1
Phum-OR502AA_020_000036.1	unannotated	Hypothetical protein of unknown function
Phum-OR502AA_020_000037.1	eggnog	domain-containing protein
Phum-OR502AA_020_000038.1	eggnog	MAP kinase kinase kinase activity
Phum-OR502AA_020_000039.1	eggnog	RING-like zinc finger
Phum-OR502AA_020_000040.1	eggnog	Belongs to the major facilitator superfamily
Phum-OR502AA_020_000041.1	eggnog	Belongs to the ABC transporter superfamily
Phum-OR502AA_020_000042.1	eggnog	Calcineurin-like phosphoesterase
Phum-OR502AA_020_000292.1	eggnog	Belongs to the major facilitator superfamily
Phum-OR502AA_020_000043.1	eggnog	Protein of unknown function (DUF962)
Phum-OR502AA_020_000291.1	eggnog	EF-hand, calcium binding motif
Phum-OR502AA_020_000290.1	eggnog	RNA recognition motif
Phum-OR502AA_020_000289.1	eggnog	Belongs to the major facilitator superfamily
Phum-OR502AA_020_000044.1	blastp	Homology to Peronospora effusa predicted protein CAI5708742.1
Phum-OR502AA_020_000288.1	eggnog	DSHCT
Phum-OR502AA_020_000045.1	eggnog	CDK-activating kinase assembly factor MAT1
Phum-OR502AA_020_000046.1	unannotated	Hypothetical protein of unknown function
Phum-OR502AA_020_000287.1	eggnog	domain-containing protein
Phum-OR502AA_020_000047.1	eggnog	EF-hand, calcium binding motif
Phum-OR502AA_020_000286.1	interproscan	PTHR40855 domain-containing protein
Phum-OR502AA_020_000048.1	unannotated	Hypothetical protein of unknown function
Phum-OR502AA_020_000285.1	eggnog	Splicing factor 3B subunit
Phum-OR502AA_020_000284.1	eggnog	Trypsin-like serine protease
Phum-OR502AA_020_000049.1	eggnog	Trypsin-like serine protease
Phum-OR502AA_020_000050.1	eggnog	Protein of unknown function (DUF1336)
Phum-OR502AA_020_000051.1	blastp	Homology to Peronospora belbahrii predicted protein CAH0515372.1
Phum-OR502AA_020_000283.1	unannotated	Hypothetical protein of unknown function
Phum-OR502AA_020_000052.1	blastp	Homology to Phytophthora fragariaefolia predicted protein GMF21159.1
Phum-OR502AA_020_000053.1	unannotated	Hypothetical protein of unknown function
Phum-OR502AA_020_000054.1	unannotated	Hypothetical protein of unknown function
Phum-OR502AA_020_000282.1	blastp	Homology to Peronospora belbahrii predicted protein CAH0515372.1
Phum-OR502AA_020_000281.1	eggnog	Protein of unknown function (DUF1336)
Phum-OR502AA_020_000280.1	unannotated	Hypothetical protein of unknown function
Phum-OR502AA_020_000279.1	unannotated	Hypothetical protein of unknown function
Phum-OR502AA_020_000278.1	eggnog	Protein of unknown function (DUF1336)
Phum-OR502AA_020_000055.1	eggnog	Cullin
Phum-OR502AA_020_000277.1	eggnog	Transcription factor TFIID (or TATA-binding protein, TBP)
Phum-OR502AA_020_000276.1	eggnog	TAFII55 protein conserved region
Phum-OR502AA_020_000056.1	eggnog	ABC transporter transmembrane region
Phum-OR502AA_020_000275.1	blastp	Homology to Phytophthora cinnamomi predicted protein KAG6582877.1
Phum-OR502AA_020_000057.1	blastp	Homology to Phytophthora nicotianae predicted protein XP_008909284.1
Phum-OR502AA_020_000058.1	interproscan	PTHR13351 domain-containing protein
Phum-OR502AA_020_000059.1	blastp	Homology to Phytophthora boehmeriae predicted protein KAG7393317.1
Phum-OR502AA_020_000274.1	blastp	Homology to Phytophthora pseudosyringae predicted protein KAG7388139.1
Phum-OR502AA_020_000060.1	eggnog	ABC transporter transmembrane region
Phum-OR502AA_020_000061.1	interproscan	PTHR11679 domain-containing protein
Phum-OR502AA_020_000062.1	eggnog	tRNA synthetases class II core domain (F)
Phum-OR502AA_020_000063.1	eggnog	Sec1 family
Phum-OR502AA_020_000273.1	eggnog	Cytochrome P450
Phum-OR502AA_020_000272.1	eggnog	Radial spokehead-like protein
Phum-OR502AA_020_000271.1	blastp	Homology to Peronospora effusa predicted protein CAI5709713.1
Phum-OR502AA_020_000064.1	eggnog	EF hand
Phum-OR502AA_020_000065.1	eggnog	Pyridoxal-phosphate dependent enzyme
Phum-OR502AA_020_000066.1	eggnog	Short calmodulin-binding motif containing conserved Ile and Gln residues
Phum-OR502AA_020_000270.1	blastp	Homology to Phytophthora idaei;Phytophthora aleatoria predicted protein KAG3112997.1
Phum-OR502AA_020_000269.1	eggnog	domain-containing protein
Phum-OR502AA_020_000067.1	eggnog	domain-containing protein
Phum-OR502AA_020_000268.1	eggnog	Dak2
Phum-OR502AA_020_000068.1	interproscan	PTHR22093 domain-containing protein
Phum-OR502AA_020_000267.1	eggnog	domain-containing protein
Phum-OR502AA_020_000266.1	eggnog	domain-containing protein
Phum-OR502AA_020_000265.1	eggnog	Myosin. Large ATPases
Phum-OR502AA_020_000069.1	eggnog	Membrane fusion protein Use1
Phum-OR502AA_020_000264.1	interproscan	PTHR31513 domain-containing protein
Phum-OR502AA_020_000070.1	eggnog	Nuclear pore complex scaffold, nucleoporins 186/192/205
Phum-OR502AA_020_000071.1	eggnog	Fungal protein of unknown function (DUF1752)
Phum-OR502AA_020_000263.1	eggnog	Origin recognition complex (ORC) subunit 5 C-terminus
Phum-OR502AA_020_000072.1	eggnog	Alkyl sulfatase C-terminal
Phum-OR502AA_020_000262.1	blastp	Homology to Phytophthora palmivora predicted protein POM59570.1
Phum-OR502AA_020_000073.1	eggnog	ubiquitin protein ligase binding
Phum-OR502AA_020_000074.1	eggnog	Putative GTP-ase activating proteins for the small GTPase, ARF
Phum-OR502AA_020_000075.1	interproscan	PTHR13510 domain-containing protein
Phum-OR502AA_020_000076.1	eggnog	Ubiquitin carboxyl-terminal hydrolase
Phum-OR502AA_020_000261.1	eggnog	Nitrogen Permease regulator of amino acid transport activity 3
Phum-OR502AA_020_000077.1	blastp	Homology to Phytophthora pseudosyringae predicted protein KAG7384392.1
Phum-OR502AA_020_000260.1	eggnog	L-arabinose catabolic process
Phum-OR502AA_020_000078.1	eggnog	Abhydrolase domain containing 18
Phum-OR502AA_020_000259.1	eggnog	Nitrogen Permease regulator of amino acid transport activity 3
Phum-OR502AA_020_000079.1	eggnog	LMBR1-like membrane protein
Phum-OR502AA_020_000080.1	eggnog	L-arabinose catabolic process
Phum-OR502AA_020_000258.1	blastp	Homology to Phytophthora pseudosyringae predicted protein KAG7384392.1
Phum-OR502AA_020_000081.1	eggnog	Nitrogen Permease regulator of amino acid transport activity 3
Phum-OR502AA_020_000257.1	eggnog	Eukaryotic domain of unknown function (DUF1716)
Phum-OR502AA_020_000082.1	eggnog	Ubiquitin carboxyl-terminal hydrolase
Phum-OR502AA_020_000256.1	eggnog	galactosyltransferase activity
Phum-OR502AA_020_000083.1	unannotated	Hypothetical protein of unknown function
Phum-OR502AA_020_000084.1	interproscan	PTHR38899 domain-containing protein
Phum-OR502AA_020_000085.1	blastp	Homology to Phytophthora cactorum predicted protein KAG2784088.1
Phum-OR502AA_020_000086.1	eggnog	nuclear-transcribed mRNA catabolic process, nonsense-mediated decay
Phum-OR502AA_020_000255.1	eggnog	domain-containing protein
Phum-OR502AA_020_000087.1	eggnog	domain-containing protein
Phum-OR502AA_020_000088.1	eggnog	protein modification by small protein conjugation or removal (DCAF4)
Phum-OR502AA_020_000254.1	unannotated	Hypothetical protein of unknown function
Phum-OR502AA_020_000089.1	eggnog	Component of the eukaryotic translation initiation factor 3 (eIF-3) complex, which is involved in protein synthesis and, together with other initiation factors, stimulates binding of mRNA and methionyl-tRNAi to the 40S ribosome
Phum-OR502AA_020_000253.1	eggnog	Protein tyrosine kinase
Phum-OR502AA_020_000090.1	eggnog	Myo-inositol oxygenase
Phum-OR502AA_020_000252.1	eggnog	zinc ion binding
Phum-OR502AA_020_000091.1	eggnog	Mob1/phocein family
Phum-OR502AA_020_000251.1	blastp	Homology to Peronospora effusa predicted protein RMX67371.1
Phum-OR502AA_020_000092.1	blastp	Homology to Peronospora effusa predicted protein RMX67371.1
Phum-OR502AA_020_000250.1	eggnog	Mob1/phocein family
Phum-OR502AA_020_000093.1	eggnog	Alpha/beta hydrolase of unknown function (DUF1057)
Phum-OR502AA_020_000094.1	eggnog	Alpha/beta hydrolase of unknown function (DUF1057)
Phum-OR502AA_020_000095.1	eggnog	Functions in the early steps of protein synthesis of a small number of specific mRNAs
Phum-OR502AA_020_000249.1	blastp	Homology to Phytophthora pseudosyringae predicted protein KAG7381878.1
Phum-OR502AA_020_000096.1	blastp	Homology to Peronospora farinosa predicted protein CAH0487001.1
Phum-OR502AA_020_000248.1	eggnog	Catalyzes a 2-step reaction, involving the ATP-dependent carboxylation of the covalently attached biotin in the first step and the transfer of the carboxyl group to pyruvate in the second
Phum-OR502AA_020_000097.1	eggnog	Bifunctional dethiobiotin synthetase adenosylmethionine-8-amino-7-oxononanoate aminotransferase
Phum-OR502AA_020_000247.1	eggnog	domain-containing protein
Phum-OR502AA_020_000098.1	eggnog	Unconventional myosin tail, actin- and lipid-binding
Phum-OR502AA_020_000246.1	eggnog	domain-containing protein
Phum-OR502AA_020_000099.1	eggnog	AMP-binding enzyme
Phum-OR502AA_020_000245.1	eggnog	Ctf8
Phum-OR502AA_020_000244.1	eggnog	domain-containing protein
Phum-OR502AA_020_000243.1	eggnog	1,3-beta-glucan synthase subunit FKS1
Phum-OR502AA_020_000242.1	eggnog	Interconversion of serine and glycine
Phum-OR502AA_020_000241.1	eggnog	Lysine methyltransferase
Phum-OR502AA_020_000100.1	eggnog	domain-containing protein
Phum-OR502AA_020_000240.1	eggnog	domain-containing protein
Phum-OR502AA_020_000239.1	eggnog	MCM2/3/5 family
Phum-OR502AA_020_000101.1	eggnog	domain-containing protein
Phum-OR502AA_020_000102.1	interproscan	PTHR13278 domain-containing protein
Phum-OR502AA_020_000238.1	blastp	Homology to Phytophthora sojae predicted protein XP_009534754.1
Phum-OR502AA_020_000237.1	blastp	Homology to Peronospora belbahrii predicted protein CAH0520491.1
Phum-OR502AA_020_000103.1	blastp	Homology to Peronospora belbahrii predicted protein CAH0520491.1
Phum-OR502AA_020_000104.1	eggnog	ATP11 protein
Phum-OR502AA_020_000236.1	eggnog	domain-containing protein
Phum-OR502AA_020_000235.1	eggnog	Heat shock protein
Phum-OR502AA_020_000234.1	eggnog	Domain Homologous to E6-AP Carboxyl Terminus with
Phum-OR502AA_020_000105.1	blastp	Homology to Phytophthora nicotianae predicted protein KUF81642.1
Phum-OR502AA_020_000106.1	eggnog	Uncharacterized conserved protein (DUF2054)
Phum-OR502AA_020_000107.1	eggnog	domain-containing protein
Phum-OR502AA_020_000233.1	blastp	Homology to Phytophthora nicotianae predicted protein KUF88758.1
Phum-OR502AA_020_000108.1	interproscan	G3DSA:1.20.58.2220 domain-containing protein
Phum-OR502AA_020_000232.1	eggnog	domain-containing protein
Phum-OR502AA_020_000231.1	interproscan	PTHR31827 domain-containing protein
Phum-OR502AA_020_000109.1	eggnog	Lysine methyltransferase
Phum-OR502AA_020_000110.1	eggnog	LMBR1-like membrane protein
Phum-OR502AA_020_000230.1	eggnog	Uncharacterized protein family UPF0029
Phum-OR502AA_020_000229.1	eggnog	Acetyltransferase (GNAT) family
Phum-OR502AA_020_000228.1	blastp	Homology to Phytophthora palmivora predicted protein POM72270.1
Phum-OR502AA_020_000111.1	blastp	Homology to Peronospora farinosa predicted protein CAI5739666.1
Phum-OR502AA_020_000227.1	eggnog	domain-containing protein
Phum-OR502AA_020_000226.1	interproscan	G3DSA:2.30.30.140 domain-containing protein
Phum-OR502AA_020_000225.1	interproscan	G3DSA:1.20.1020.10 domain-containing protein
Phum-OR502AA_020_000112.1	eggnog	Poly(ADP-ribose) polymerase and DNA-Ligase Zn-finger region
Phum-OR502AA_020_000113.1	eggnog	Poly(ADP-ribose) polymerase and DNA-Ligase Zn-finger region
Phum-OR502AA_020_000114.1	eggnog	Poly(ADP-ribose) polymerase and DNA-Ligase Zn-finger region
Phum-OR502AA_020_000115.1	eggnog	Tim17/Tim22/Tim23/Pmp24 family
Phum-OR502AA_020_000224.1	eggnog	domain-containing protein
Phum-OR502AA_020_000116.1	interproscan	PTHR23055 domain-containing protein
Phum-OR502AA_020_000117.1	eggnog	Transmembrane protein 65
Phum-OR502AA_020_000118.1	eggnog	NADH-ubiquinone reductase complex 1 MLRQ subunit
Phum-OR502AA_020_000223.1	eggnog	domain-containing protein
Phum-OR502AA_020_000119.1	eggnog	Protein tyrosine kinase
Phum-OR502AA_020_000222.1	eggnog	IQ calmodulin-binding motif
Phum-OR502AA_020_000221.1	blastp	Homology to Phytophthora pseudosyringae predicted protein KAG7384678.1
Phum-OR502AA_020_000120.1	eggnog	PQ loop repeat
Phum-OR502AA_020_000121.1	interproscan	SSF52047 domain-containing protein
Phum-OR502AA_020_000122.1	blastp	Homology to Phytophthora pseudosyringae predicted protein KAG7378267.1
Phum-OR502AA_020_000123.1	eggnog	domain-containing protein
Phum-OR502AA_020_000124.1	eggnog	Protein kinase C conserved region 2 (CalB)
Phum-OR502AA_020_000125.1	eggnog	Protein kinase C conserved region 2 (CalB)
Phum-OR502AA_020_000220.1	eggnog	Sir2 family
Phum-OR502AA_020_000126.1	eggnog	Sir2 family
Phum-OR502AA_020_000219.1	eggnog	Protein kinase C conserved region 2 (CalB)
Phum-OR502AA_020_000218.1	blastp	Homology to Peronospora effusa predicted protein CAI5708042.1
Phum-OR502AA_020_000217.1	blastp	Homology to Peronospora belbahrii predicted protein CAH0520492.1
Phum-OR502AA_020_000216.1	eggnog	1,3-beta-glucan synthase subunit FKS1
Phum-OR502AA_020_000127.1	blastp	Homology to Phytophthora cactorum predicted protein KAG2778077.1
Phum-OR502AA_020_000215.1	eggnog	TAZ zinc finger
Phum-OR502AA_020_000128.1	eggnog	domain-containing protein
Phum-OR502AA_020_000129.1	eggnog	domain-containing protein
Phum-OR502AA_020_000214.1	eggnog	domain-containing protein
Phum-OR502AA_020_000130.1	eggnog	RNA recognition motif
Phum-OR502AA_020_000213.1	eggnog	WD40 repeats
Phum-OR502AA_020_000131.1	eggnog	WD40 repeats
Phum-OR502AA_020_000132.1	eggnog	Coiled coil protein 84
Phum-OR502AA_020_000212.1	eggnog	hAT family C-terminal dimerisation region
Phum-OR502AA_020_000133.1	eggnog	Protein kinase C conserved region 2 (CalB)
Phum-OR502AA_020_000134.1	eggnog	Short calmodulin-binding motif containing conserved Ile and Gln residues
Phum-OR502AA_020_000211.1	eggnog	FR47-like protein
Phum-OR502AA_020_000135.1	eggnog	Cofactor of BRCA1 (COBRA1)
Phum-OR502AA_020_000210.1	eggnog	Belongs to the protein-tyrosine phosphatase family
Phum-OR502AA_020_000209.1	eggnog	MFS/sugar transport protein
Phum-OR502AA_020_000136.1	eggnog	EGF domain, unclasssified subfamily
Phum-OR502AA_020_000137.1	eggnog	endoplasmic reticulum-plasma membrane tethering
Phum-OR502AA_020_000138.1	eggnog	Belongs to the protein-tyrosine phosphatase family
Phum-OR502AA_020_000139.1	eggnog	STIMATE family
Phum-OR502AA_020_000208.1	eggnog	Belongs to the TRAFAC class myosin-kinesin ATPase superfamily
Phum-OR502AA_020_000207.1	eggnog	Endomembrane protein 70
Phum-OR502AA_020_000206.1	eggnog	domain-containing protein
Phum-OR502AA_020_000205.1	eggnog	domain-containing protein
Phum-OR502AA_020_000140.1	blastp	Homology to Peronospora destructor predicted protein CAI5733780.1
Phum-OR502AA_020_000204.1	eggnog	5'-3' exodeoxyribonuclease activity
Phum-OR502AA_020_000203.1	interproscan	PTHR15502 domain-containing protein
Phum-OR502AA_020_000141.1	interproscan	G3DSA:1.10.1520.10 domain-containing protein
Phum-OR502AA_020_000202.1	blastp	Homology to Phytophthora pseudosyringae predicted protein KAG7380694.1
Phum-OR502AA_020_000201.1	blastp	Homology to Phytophthora aleatoria predicted protein KAG6949509.1
Phum-OR502AA_020_000200.1	blastp	Homology to Phytophthora idaei predicted protein KAG3089230.1
Phum-OR502AA_020_000142.1	interproscan	PTHR40515 domain-containing protein
Phum-OR502AA_020_000199.1	eggnog	ABC transporter transmembrane region
Phum-OR502AA_020_000143.1	eggnog	assists the folding of proteins upon ATP hydrolysis
Phum-OR502AA_020_000144.1	blastp	Homology to Phytophthora nicotianae predicted protein ETI42408.1
Phum-OR502AA_020_000198.1	blastp	Homology to Peronospora farinosa predicted protein CAI5739481.1
Phum-OR502AA_020_000145.1	eggnog	Calcium-binding protein
Phum-OR502AA_020_000146.1	eggnog	cAMP-regulated phosphoprotein/endosulfine conserved region
Phum-OR502AA_020_000147.1	interproscan	G3DSA:1.25.40.10 domain-containing protein
Phum-OR502AA_020_000197.1	eggnog	regulation of response to stimulus
Phum-OR502AA_020_000148.1	eggnog	Putative RNA methyltransferase
Phum-OR502AA_020_000196.1	eggnog	Endonuclease/Exonuclease/phosphatase family
Phum-OR502AA_020_000149.1	eggnog	cytochrome P450
Phum-OR502AA_020_000195.1	eggnog	cytochrome P450
Phum-OR502AA_020_000150.1	eggnog	cytochrome P450
Phum-OR502AA_020_000194.1	eggnog	Class-II DAHP synthetase family
Phum-OR502AA_020_000193.1	blastp	Homology to Phytophthora pseudosyringae predicted protein KAG7382648.1
Phum-OR502AA_020_000151.1	blastp	Homology to Phytophthora pseudosyringae predicted protein KAG7382648.1
Phum-OR502AA_020_000192.1	eggnog	AMP-binding enzyme
Phum-OR502AA_020_000191.1	interproscan	PTHR11653 domain-containing protein
Phum-OR502AA_020_000152.1	interproscan	PTHR11653 domain-containing protein
Phum-OR502AA_020_000153.1	interproscan	PTHR11653 domain-containing protein
Phum-OR502AA_020_000154.1	interproscan	PTHR11653 domain-containing protein
Phum-OR502AA_020_000190.1	eggnog	LEM3 (ligand-effect modulator 3) family / CDC50 family
Phum-OR502AA_020_000189.1	eggnog	Hypoxia induced protein conserved region
Phum-OR502AA_020_000155.1	interproscan	Uncharacterized protein (G3DSA:1.10.238.10:FF:000926)
Phum-OR502AA_020_000156.1	eggnog	domain-containing protein
Phum-OR502AA_020_000157.1	eggnog	Protein phosphatase 2A regulatory B subunit (B56 family)
Phum-OR502AA_020_000158.1	eggnog	Protein phosphatase 2A regulatory B subunit (B56 family)
Phum-OR502AA_020_000159.1	eggnog	Produces ATP from ADP in the presence of a proton gradient across the membrane
Phum-OR502AA_020_000188.1	eggnog	Ribosomal protein S18
Phum-OR502AA_020_000187.1	eggnog	Protein phosphatase 2A regulatory B subunit (B56 family)
Phum-OR502AA_020_000160.1	blastp	Homology to Phytophthora nicotianae predicted protein ETO71308.1
Phum-OR502AA_020_000161.1	blastp	Homology to Phytophthora cinnamomi predicted protein KAG6621430.1
Phum-OR502AA_020_000186.1	eggnog	WD40 repeats
Phum-OR502AA_020_000162.1	blastp	Homology to Phytophthora cactorum predicted protein KAG2765757.1
Phum-OR502AA_020_000185.1	blastp	Homology to Peronospora destructor predicted protein CAI5736948.1
Phum-OR502AA_020_000163.1	blastp	Homology to Phytophthora nicotianae predicted protein XP_008908526.1
Phum-OR502AA_020_000184.1	eggnog	Fumarase C C-terminus
Phum-OR502AA_020_000183.1	eggnog	Leucine Rich repeat
Phum-OR502AA_020_000164.1	eggnog	protein N-acetylglucosaminyltransferase activity
Phum-OR502AA_020_000182.1	eggnog	KHA, dimerisation domain of potassium ion channel
Phum-OR502AA_020_000165.1	eggnog	Ubiquitin-conjugating enzyme E2, catalytic domain homologues
Phum-OR502AA_020_000166.1	eggnog	methyltransferase BMT2 homolog
Phum-OR502AA_020_000181.1	eggnog	domain-containing protein
Phum-OR502AA_020_000167.1	blastp	Homology to Peronospora effusa predicted protein CAI5707901.1
Phum-OR502AA_020_000180.1	eggnog	Transmembrane amino acid transporter protein
Phum-OR502AA_020_000168.1	eggnog	domain-containing protein
Phum-OR502AA_020_000179.1	eggnog	regulation of Rab protein signal transduction
Phum-OR502AA_020_000169.1	eggnog	ATP synthase subunit D
Phum-OR502AA_020_000170.1	eggnog	Zinc-finger double-stranded RNA-binding
Phum-OR502AA_020_000178.1	eggnog	Phosducin
Phum-OR502AA_020_000177.1	eggnog	Source PGD
Phum-OR502AA_020_000176.1	eggnog	modulation by host of viral RNA genome replication
Phum-OR502AA_020_000171.1	blastp	Homology to Phytophthora pseudosyringae predicted protein KAG7377616.1
Phum-OR502AA_020_000175.1	interproscan	PTHR20875 domain-containing protein
Phum-OR502AA_020_000172.1	eggnog	Plasma-membrane choline transporter
Phum-OR502AA_020_000173.1	interproscan	PTHR38553 domain-containing protein
Phum-OR502AA_020_000174.1	blastp	Homology to Phytophthora cactorum predicted protein KAF1774011.1
Phum-OR502AA_021_000329.1	eggnog	N-acetyltransferase B complex (NatB) non catalytic subunit
Phum-OR502AA_021_000001.1	eggnog	SCO1/SenC
Phum-OR502AA_021_000002.1	eggnog	domain-containing protein
Phum-OR502AA_021_000003.1	eggnog	DNA polymerase phi
Phum-OR502AA_021_000328.1	eggnog	Sec61beta family
Phum-OR502AA_021_000004.1	eggnog	Mitochondrial matrix Mmp37
Phum-OR502AA_021_000327.1	eggnog	adenyl-nucleotide exchange factor activity
Phum-OR502AA_021_000005.1	eggnog	Nitroreductase family
Phum-OR502AA_021_000006.1	eggnog	Zinc-ribbon, C4HC2 type
Phum-OR502AA_021_000007.1	eggnog	rRNA processing
Phum-OR502AA_021_000326.1	eggnog	Carrier of the growing fatty acid chain in fatty acid biosynthesis
Phum-OR502AA_021_000008.1	blastp	Homology to Phytophthora aleatoria predicted protein KAG6970567.1
Phum-OR502AA_021_000325.1	eggnog	Prefoldin subunit
Phum-OR502AA_021_000009.1	eggnog	Ribosomal protein S21e
Phum-OR502AA_021_000324.1	eggnog	Tim10/DDP family zinc finger
Phum-OR502AA_021_000010.1	eggnog	Cytochrome c oxidase biogenesis protein Cmc1 like
Phum-OR502AA_021_000323.1	eggnog	Ubiquinol-cytochrome C chaperone
Phum-OR502AA_021_000011.1	eggnog	domain-containing protein
Phum-OR502AA_021_000322.1	eggnog	ETC complex I subunit conserved region
Phum-OR502AA_021_000012.1	eggnog	domain-containing protein
Phum-OR502AA_021_000013.1	interproscan	PTHR13344 domain-containing protein
Phum-OR502AA_021_000321.1	eggnog	Domain of unknown function (DUF2088)
Phum-OR502AA_021_000014.1	eggnog	Protein of unknown function (DUF410)
Phum-OR502AA_021_000015.1	eggnog	Protein of unknown function (DUF2012)
Phum-OR502AA_021_000320.1	eggnog	Nucleolar protein NOP5. Source PGD
Phum-OR502AA_021_000016.1	eggnog	Ribosomal protein S19e
Phum-OR502AA_021_000319.1	eggnog	Sedlin, N-terminal conserved region
Phum-OR502AA_021_000017.1	interproscan	PTHR37845 domain-containing protein
Phum-OR502AA_021_000318.1	blastp	Homology to Peronospora destructor predicted protein CAI5739198.1
Phum-OR502AA_021_000018.1	eggnog	Sin-like protein conserved region
Phum-OR502AA_021_000317.1	interproscan	Origin recognition complex subunit 6 (G3DSA:1.10.472.10:FF:000456)
Phum-OR502AA_021_000019.1	eggnog	domain-containing protein
Phum-OR502AA_021_000316.1	interproscan	PTHR13510 domain-containing protein
Phum-OR502AA_021_000020.1	eggnog	domain-containing protein
Phum-OR502AA_021_000315.1	eggnog	Protein of unknown function (DUF410)
Phum-OR502AA_021_000314.1	eggnog	Complex 1 protein (LYR family)
Phum-OR502AA_021_000021.1	eggnog	positive regulation of Golgi to plasma membrane protein transport
Phum-OR502AA_021_000313.1	blastp	Homology to Phytophthora capsici predicted protein KAG1693233.1
Phum-OR502AA_021_000022.1	eggnog	Translationally controlled tumour protein
Phum-OR502AA_021_000023.1	eggnog	domain-containing protein
Phum-OR502AA_021_000024.1	eggnog	EF-hand domain pair
Phum-OR502AA_021_000312.1	eggnog	Eukaryotic porin
Phum-OR502AA_021_000025.1	eggnog	Eukaryotic porin
Phum-OR502AA_021_000026.1	eggnog	domain-containing protein
Phum-OR502AA_021_000311.1	unannotated	Hypothetical protein of unknown function
Phum-OR502AA_021_000310.1	blastp	Homology to Phytophthora ramorum predicted protein KAH7491585.1
Phum-OR502AA_021_000027.1	eggnog	SSXT protein (N-terminal region)
Phum-OR502AA_021_000028.1	eggnog	DNA clamp loader activity
Phum-OR502AA_021_000309.1	eggnog	negative regulation of mRNA splicing, via spliceosome
Phum-OR502AA_021_000029.1	interproscan	G3DSA:3.40.30.10 domain-containing protein
Phum-OR502AA_021_000308.1	eggnog	Component of ribonuclease P, a protein complex that generates mature tRNA molecules by cleaving their 5'-ends
Phum-OR502AA_021_000030.1	eggnog	Exosome component EXOSC1/CSL4
Phum-OR502AA_021_000307.1	eggnog	Tetratricopeptide repeat
Phum-OR502AA_021_000031.1	eggnog	Rab GTPase binding (WDR44)
Phum-OR502AA_021_000306.1	eggnog	Snf7
Phum-OR502AA_021_000032.1	eggnog	The purine nucleoside phosphorylases catalyze the phosphorolytic breakdown of the N-glycosidic bond in the beta- (deoxy)ribonucleoside molecules, with the formation of the corresponding free purine bases and pentose-1-phosphate
Phum-OR502AA_021_000033.1	eggnog	Eukaryotic rRNA processing protein EBP2
Phum-OR502AA_021_000305.1	eggnog	Hinge domain of cleavage stimulation factor subunit 2
Phum-OR502AA_021_000034.1	eggnog	ABC transporter
Phum-OR502AA_021_000304.1	unannotated	Hypothetical protein of unknown function
Phum-OR502AA_021_000035.1	eggnog	heat shock protein binding
Phum-OR502AA_021_000303.1	eggnog	transcription, DNA-templated (zglp1)
Phum-OR502AA_021_000302.1	eggnog	heat shock protein binding
Phum-OR502AA_021_000036.1	eggnog	Box c d snorna protein
Phum-OR502AA_021_000037.1	eggnog	WD40 repeats
Phum-OR502AA_021_000301.1	interproscan	G3DSA:2.60.40.790 domain-containing protein
Phum-OR502AA_021_000038.1	eggnog	Ribosomal protein S17. Source PGD
Phum-OR502AA_021_000300.1	eggnog	domain-containing protein
Phum-OR502AA_021_000039.1	blastp	Homology to Phytophthora nicotianae predicted protein XP_008908768.1
Phum-OR502AA_021_000299.1	eggnog	60s Acidic ribosomal protein
Phum-OR502AA_021_000298.1	eggnog	protein-cysteine S-palmitoyltransferase activity
Phum-OR502AA_021_000297.1	eggnog	DASH complex subunit Dad2
Phum-OR502AA_021_000040.1	eggnog	Apyrase
Phum-OR502AA_021_000296.1	eggnog	Belongs to the small GTPase superfamily
Phum-OR502AA_021_000295.1	eggnog	domain-containing protein
Phum-OR502AA_021_000041.1	eggnog	Transport protein Trs120 or TRAPPC9, TRAPP II complex subunit
Phum-OR502AA_021_000042.1	eggnog	Coiled-coil domain-containing protein 24 family
Phum-OR502AA_021_000294.1	eggnog	ELMO domain-containing protein
Phum-OR502AA_021_000043.1	eggnog	Signal peptidase, peptidase S26
Phum-OR502AA_021_000044.1	eggnog	serine-type peptidase activity
Phum-OR502AA_021_000045.1	eggnog	serine-type peptidase activity
Phum-OR502AA_021_000293.1	eggnog	Clp protease
Phum-OR502AA_021_000292.1	eggnog	HIT zinc finger
Phum-OR502AA_021_000046.1	eggnog	Phosphomannose isomerase type I
Phum-OR502AA_021_000291.1	eggnog	domain-containing protein
Phum-OR502AA_021_000290.1	unannotated	Hypothetical protein of unknown function
Phum-OR502AA_021_000047.1	eggnog	PAP2 superfamily
Phum-OR502AA_021_000048.1	eggnog	Phosphatidic acid phosphatase. Source PGD
Phum-OR502AA_021_000289.1	blastp	Homology to Phytophthora cactorum predicted protein KAG2834106.1
Phum-OR502AA_021_000288.1	blastp	Homology to Phytophthora nicotianae predicted protein XP_008908736.1
Phum-OR502AA_021_000287.1	blastp	Homology to Phytophthora cactorum predicted protein KAF1790652.1
Phum-OR502AA_021_000286.1	eggnog	Ribosomal proteins 50S-L15, 50S-L18e, 60S-L27A
Phum-OR502AA_021_000285.1	eggnog	domain-containing protein
Phum-OR502AA_021_000284.1	eggnog	transposition, RNA-mediated
Phum-OR502AA_021_000049.1	eggnog	Cytochrome P450
Phum-OR502AA_021_000283.1	eggnog	COPI associated protein
Phum-OR502AA_021_000050.1	interproscan	PTHR31142 domain-containing protein
Phum-OR502AA_021_000282.1	eggnog	Ras of Complex, Roc, domain of DAPkinase
Phum-OR502AA_021_000281.1	eggnog	Predicted membrane protein
Phum-OR502AA_021_000280.1	eggnog	domain-containing protein
Phum-OR502AA_021_000279.1	eggnog	Enhancer of rudimentary
Phum-OR502AA_021_000051.1	eggnog	intraciliary anterograde transport
Phum-OR502AA_021_000278.1	blastp	Homology to Phytophthora rubi predicted protein KAE9031757.1
Phum-OR502AA_021_000277.1	eggnog	domain-containing protein
Phum-OR502AA_021_000276.1	eggnog	Serine hydrolase (FSH1)
Phum-OR502AA_021_000275.1	blastp	Homology to Peronospora effusa predicted protein RMX70006.1
Phum-OR502AA_021_000274.1	eggnog	translation initiation factor activity
Phum-OR502AA_021_000052.1	eggnog	Voltage gated chloride channel
Phum-OR502AA_021_000053.1	interproscan	PTHR28165 domain-containing protein
Phum-OR502AA_021_000054.1	eggnog	PIG-P
Phum-OR502AA_021_000273.1	eggnog	FAD-dependent monooxygenase required for the C5-ring hydroxylation during ubiquinone biosynthesis
Phum-OR502AA_021_000055.1	eggnog	domain-containing protein
Phum-OR502AA_021_000056.1	blastp	Homology to Phytophthora fragariae;Phytophthora rubi predicted protein KAE8896489.1
Phum-OR502AA_021_000272.1	eggnog	domain-containing protein
Phum-OR502AA_021_000271.1	blastp	Homology to Phytophthora citrophthora predicted protein KAK1943500.1
Phum-OR502AA_021_000057.1	blastp	Homology to Phytophthora citrophthora predicted protein KAK1943500.1
Phum-OR502AA_021_000058.1	interproscan	G3DSA:6.20.250.70 domain-containing protein
Phum-OR502AA_021_000270.1	eggnog	non-SMC mitotic condensation complex subunit 1
Phum-OR502AA_021_000269.1	eggnog	Yos1-like
Phum-OR502AA_021_000059.1	eggnog	Glutamine cyclotransferase
Phum-OR502AA_021_000268.1	eggnog	snRNP Sm proteins
Phum-OR502AA_021_000060.1	eggnog	domain-containing protein
Phum-OR502AA_021_000267.1	blastp	Homology to Phytophthora palmivora predicted protein POM77648.1
Phum-OR502AA_021_000061.1	eggnog	Glu-tRNAGln amidotransferase C subunit
Phum-OR502AA_021_000266.1	eggnog	Phosducin
Phum-OR502AA_021_000062.1	eggnog	Minichromosome loss protein, Mcl1, middle region
Phum-OR502AA_021_000063.1	unannotated	Hypothetical protein of unknown function
Phum-OR502AA_021_000064.1	eggnog	Leucine-rich repeats, outliers
Phum-OR502AA_021_000065.1	eggnog	Short calmodulin-binding motif containing conserved Ile and Gln residues
Phum-OR502AA_021_000265.1	eggnog	The ARF-like 2 binding protein BART
Phum-OR502AA_021_000264.1	eggnog	EB1-like C-terminal motif
Phum-OR502AA_021_000263.1	unannotated	Hypothetical protein of unknown function
Phum-OR502AA_021_000066.1	blastp	Homology to Phytophthora idaei predicted protein KAG3119207.1
Phum-OR502AA_021_000067.1	eggnog	domain-containing protein
Phum-OR502AA_021_000262.1	eggnog	protein N-linked glycosylation (TMEM258)
Phum-OR502AA_021_000261.1	eggnog	pinin/SDK/memA/ protein conserved region
Phum-OR502AA_021_000068.1	eggnog	Ciliary basal body-associated, B9 protein
Phum-OR502AA_021_000260.1	eggnog	Cytidylyltransferase-like
Phum-OR502AA_021_000259.1	eggnog	Rgp1
Phum-OR502AA_021_000069.1	eggnog	Cytidylyltransferase-like
Phum-OR502AA_021_000258.1	interproscan	PTHR31996 domain-containing protein
Phum-OR502AA_021_000070.1	unannotated	Hypothetical protein of unknown function
Phum-OR502AA_021_000071.1	eggnog	Armadillo/beta-catenin-like repeats
Phum-OR502AA_021_000257.1	eggnog	Ubiquitin-conjugating enzyme
Phum-OR502AA_021_000072.1	blastp	Homology to Phytophthora infestans predicted protein XP_002898498.1
Phum-OR502AA_021_000256.1	eggnog	TFIIB zinc-binding
Phum-OR502AA_021_000255.1	eggnog	Dolichol-phosphate mannosyltransferase subunit 3 (DPM3)
Phum-OR502AA_021_000073.1	interproscan	PTHR33889 domain-containing protein
Phum-OR502AA_021_000074.1	interproscan	PTHR47169 domain-containing protein
Phum-OR502AA_021_000254.1	eggnog	domain-containing protein
Phum-OR502AA_021_000075.1	eggnog	WD40 repeats
Phum-OR502AA_021_000253.1	eggnog	EXS family
Phum-OR502AA_021_000252.1	blastp	Homology to Globisporangium splendens predicted protein KAF1314281.1
Phum-OR502AA_021_000076.1	unannotated	Hypothetical protein of unknown function
Phum-OR502AA_021_000251.1	unannotated	Hypothetical protein of unknown function
Phum-OR502AA_021_000250.1	unannotated	Hypothetical protein of unknown function
Phum-OR502AA_021_000249.1	blastp	Homology to Phytophthora nicotianae predicted protein ETP03154.1
Phum-OR502AA_021_000077.1	blastp	Homology to Globisporangium splendens predicted protein KAF1319036.1
Phum-OR502AA_021_000248.1	blastp	Homology to Globisporangium splendens predicted protein KAF1319062.1
Phum-OR502AA_021_000078.1	blastp	Homology to Globisporangium splendens predicted protein KAF1319062.1
Phum-OR502AA_021_000247.1	blastp	Homology to Globisporangium splendens predicted protein KAF1319036.1
Phum-OR502AA_021_000079.1	blastp	Homology to Phytophthora nicotianae predicted protein ETP03154.1
Phum-OR502AA_021_000080.1	unannotated	Hypothetical protein of unknown function
Phum-OR502AA_021_000081.1	unannotated	Hypothetical protein of unknown function
Phum-OR502AA_021_000246.1	unannotated	Hypothetical protein of unknown function
Phum-OR502AA_021_000082.1	blastp	Homology to Globisporangium splendens predicted protein KAF1314281.1
Phum-OR502AA_021_000245.1	eggnog	protein transport
Phum-OR502AA_021_000083.1	eggnog	Nucleoporin complex subunit 54
Phum-OR502AA_021_000244.1	blastp	Homology to Peronospora farinosa;Peronospora effusa predicted protein RMX69972.1
Phum-OR502AA_021_000084.1	eggnog	DNA binding domain with preference for A/T rich regions
Phum-OR502AA_021_000243.1	blastp	Homology to Peronospora farinosa;Peronospora effusa predicted protein RMX69999.1
Phum-OR502AA_021_000242.1	eggnog	Domain in homologues of a S
Phum-OR502AA_021_000241.1	eggnog	Domain in homologues of a S
Phum-OR502AA_021_000085.1	eggnog	Domain found in IF2B/IF5
Phum-OR502AA_021_000240.1	eggnog	B-Box-type zinc finger
Phum-OR502AA_021_000086.1	eggnog	TFIIIC subunit
Phum-OR502AA_021_000239.1	eggnog	domain-containing protein
Phum-OR502AA_021_000087.1	eggnog	transcription by RNA polymerase I
Phum-OR502AA_021_000238.1	eggnog	domain-containing protein
Phum-OR502AA_021_000088.1	unannotated	Hypothetical protein of unknown function
Phum-OR502AA_021_000237.1	unannotated	Hypothetical protein of unknown function
Phum-OR502AA_021_000236.1	unannotated	Hypothetical protein of unknown function
Phum-OR502AA_021_000235.1	eggnog	domain-containing protein
Phum-OR502AA_021_000234.1	eggnog	Necrosis inducing protein (NPP1)
Phum-OR502AA_021_000089.1	eggnog	Sugar efflux transporter for intercellular exchange
Phum-OR502AA_021_000090.1	eggnog	FKBP-type peptidyl-prolyl cis-trans isomerase
Phum-OR502AA_021_000233.1	blastp	Homology to Phytophthora fragariae;Phytophthora rubi predicted protein KAE8896107.1
Phum-OR502AA_021_000232.1	unannotated	Hypothetical protein of unknown function
Phum-OR502AA_021_000231.1	eggnog	Splicing factor 3B subunit 10 (SF3b10)
Phum-OR502AA_021_000091.1	eggnog	MED6 mediator sub complex component
Phum-OR502AA_021_000230.1	blastp	Homology to Phytophthora lilii predicted protein GMF64956.1
Phum-OR502AA_021_000092.1	eggnog	WD domain, G-beta repeat
Phum-OR502AA_021_000093.1	blastp	Homology to Peronospora destructor predicted protein CAI5714946.1
Phum-OR502AA_021_000094.1	eggnog	Splicing factor 3B subunit 10 (SF3b10)
Phum-OR502AA_021_000095.1	eggnog	Histidine biosynthesis protein
Phum-OR502AA_021_000229.1	eggnog	CSN8/PSMD8/EIF3K family
Phum-OR502AA_021_000096.1	eggnog	MYND finger
Phum-OR502AA_021_000228.1	eggnog	Alanine-glyoxylate amino-transferase
Phum-OR502AA_021_000227.1	eggnog	Zinc finger, C3HC4 type (RING finger)
Phum-OR502AA_021_000097.1	eggnog	Glutathione peroxidase
Phum-OR502AA_021_000098.1	eggnog	CSN8/PSMD8/EIF3K family
Phum-OR502AA_021_000099.1	eggnog	CSN8/PSMD8/EIF3K family
Phum-OR502AA_021_000226.1	eggnog	Histidine biosynthesis protein
Phum-OR502AA_021_000225.1	interproscan	PTHR36074 domain-containing protein
Phum-OR502AA_021_000100.1	eggnog	domain-containing protein
Phum-OR502AA_021_000224.1	eggnog	Cys/Met metabolism PLP-dependent enzyme
Phum-OR502AA_021_000223.1	eggnog	Phosphopantetheine attachment site
Phum-OR502AA_021_000222.1	eggnog	Catalyzes the irreversible NADPH-dependent deamination of GMP to IMP
Phum-OR502AA_021_000101.1	eggnog	Catalyzes the irreversible NADPH-dependent deamination of GMP to IMP
Phum-OR502AA_021_000221.1	eggnog	Abnormal spindle-like microcephaly-assoc'd, ASPM-SPD-2-Hydin
Phum-OR502AA_021_000102.1	eggnog	60s Acidic ribosomal protein
Phum-OR502AA_021_000103.1	blastp	Homology to Peronospora belbahrii predicted protein CAH0474658.1
Phum-OR502AA_021_000220.1	blastp	Homology to Phytophthora sojae predicted protein XP_009530517.1
Phum-OR502AA_021_000219.1	unannotated	Hypothetical protein of unknown function
Phum-OR502AA_021_000104.1	eggnog	Transmembrane proteins 14C
Phum-OR502AA_021_000218.1	blastp	Homology to Phytophthora ramorum predicted protein KAH7491743.1
Phum-OR502AA_021_000217.1	blastp	Homology to Phytophthora rubi predicted protein KAE9000119.1
Phum-OR502AA_021_000216.1	eggnog	Helix-turn-helix XRE-family like proteins
Phum-OR502AA_021_000105.1	eggnog	domain-containing protein
Phum-OR502AA_021_000215.1	eggnog	Required for ribosome biogenesis
Phum-OR502AA_021_000106.1	eggnog	Mitochondrial carrier protein
Phum-OR502AA_021_000107.1	eggnog	domain-containing protein
Phum-OR502AA_021_000214.1	eggnog	Short calmodulin-binding motif containing conserved Ile and Gln residues
Phum-OR502AA_021_000108.1	eggnog	axoneme assembly
Phum-OR502AA_021_000213.1	interproscan	PTHR38899 domain-containing protein
Phum-OR502AA_021_000109.1	blastp	Homology to Phytophthora ramorum predicted protein KAH7491763.1
Phum-OR502AA_021_000212.1	blastp	Homology to Phytophthora palmivora predicted protein POM73975.1
Phum-OR502AA_021_000110.1	eggnog	domain-containing protein
Phum-OR502AA_021_000211.1	blastp	Homology to Hyaloperonospora brassicae predicted protein CAI5729708.1
Phum-OR502AA_021_000210.1	eggnog	Essential subunit of the N-oligosaccharyl transferase (OST) complex which catalyzes the transfer of a high mannose oligosaccharide from a lipid-linked oligosaccharide donor to an asparagine residue within an Asn-X-Ser Thr consensus motif in nascent polypeptide chains
Phum-OR502AA_021_000209.1	eggnog	domain-containing protein
Phum-OR502AA_021_000208.1	eggnog	domain-containing protein
Phum-OR502AA_021_000207.1	blastp	Homology to Phytophthora rubi predicted protein KAE8964532.1
Phum-OR502AA_021_000111.1	eggnog	domain-containing protein
Phum-OR502AA_021_000206.1	blastp	Homology to Phytophthora rubi predicted protein KAE8964532.1
Phum-OR502AA_021_000112.1	eggnog	domain-containing protein
Phum-OR502AA_021_000205.1	eggnog	RNA polymerase Rpb6
Phum-OR502AA_021_000113.1	eggnog	RNA recognition motif
Phum-OR502AA_021_000204.1	blastp	Homology to Phytophthora idaei predicted protein KAG3102483.1
Phum-OR502AA_021_000114.1	interproscan	PTHR33967 domain-containing protein
Phum-OR502AA_021_000203.1	blastp	Homology to Phytophthora aleatoria predicted protein KAG6969076.1
Phum-OR502AA_021_000115.1	eggnog	Required for cytoplasmic pre-assembly of axonemal dyneins, thereby playing a central role in motility in cilia and flagella
Phum-OR502AA_021_000202.1	eggnog	WD40 repeats
Phum-OR502AA_021_000201.1	eggnog	Specifically methylates the N1 position of guanosine-37 in various cytoplasmic and mitochondrial tRNAs
Phum-OR502AA_021_000200.1	eggnog	Putative restriction endonuclease
Phum-OR502AA_021_000116.1	eggnog	Putative restriction endonuclease
Phum-OR502AA_021_000199.1	eggnog	Putative restriction endonuclease
Phum-OR502AA_021_000117.1	eggnog	Putative restriction endonuclease
Phum-OR502AA_021_000198.1	eggnog	Putative restriction endonuclease
Phum-OR502AA_021_000118.1	eggnog	Putative restriction endonuclease
Phum-OR502AA_021_000119.1	eggnog	domain-containing protein
Phum-OR502AA_021_000120.1	eggnog	Binds to the catalytic subunit of the cyclin dependent kinases and is essential for their biological function
Phum-OR502AA_021_000121.1	eggnog	Mitochondrial carrier protein
Phum-OR502AA_021_000197.1	blastp	Homology to Peronospora farinosa predicted protein CAH0492374.1
Phum-OR502AA_021_000196.1	eggnog	GDP dissociation inhibitor
Phum-OR502AA_021_000195.1	eggnog	Conserved oligomeric complex COG6
Phum-OR502AA_021_000194.1	eggnog	GTPase activity
Phum-OR502AA_021_000122.1	unannotated	Hypothetical protein of unknown function
Phum-OR502AA_021_000193.1	eggnog	domain-containing protein
Phum-OR502AA_021_000123.1	eggnog	Tim17/Tim22/Tim23/Pmp24 family
Phum-OR502AA_021_000192.1	eggnog	Peroxisomal membrane anchor protein (Pex14p) conserved region
Phum-OR502AA_021_000191.1	eggnog	Pectate lyase
Phum-OR502AA_021_000190.1	eggnog	Pectate lyase
Phum-OR502AA_021_000124.1	eggnog	Pectate lyase
Phum-OR502AA_021_000125.1	eggnog	Pectate lyase
Phum-OR502AA_021_000189.1	eggnog	Pectate lyase
Phum-OR502AA_021_000188.1	eggnog	Pectate lyase
Phum-OR502AA_021_000126.1	eggnog	Pectate lyase
Phum-OR502AA_021_000127.1	eggnog	Pectate lyase
Phum-OR502AA_021_000128.1	eggnog	Pectate lyase
Phum-OR502AA_021_000187.1	eggnog	Phytanoyl-CoA dioxygenase (PhyH)
Phum-OR502AA_021_000129.1	blastp	Homology to Phytophthora sojae predicted protein XP_009530338.1
Phum-OR502AA_021_000186.1	eggnog	Membrane magnesium transporter
Phum-OR502AA_021_000130.1	eggnog	Domain present in VPS9
Phum-OR502AA_021_000131.1	eggnog	Domain present in VPS9
Phum-OR502AA_021_000185.1	eggnog	Belongs to the universal ribosomal protein uS15 family
Phum-OR502AA_021_000184.1	eggnog	MAPEG family
Phum-OR502AA_021_000183.1	eggnog	MAPEG family
Phum-OR502AA_021_000132.1	eggnog	Oligosaccharide biosynthesis protein Alg14 like
Phum-OR502AA_021_000182.1	eggnog	Belongs to the short-chain dehydrogenases reductases (SDR) family
Phum-OR502AA_021_000181.1	eggnog	Transmembrane amino acid transporter protein
Phum-OR502AA_021_000133.1	eggnog	MYND finger
Phum-OR502AA_021_000134.1	eggnog	NADH:flavin oxidoreductase / NADH oxidase family
Phum-OR502AA_021_000180.1	eggnog	domain-containing protein
Phum-OR502AA_021_000135.1	eggnog	domain-containing protein
Phum-OR502AA_021_000179.1	eggnog	NADH:flavin oxidoreductase / NADH oxidase family
Phum-OR502AA_021_000178.1	eggnog	Mediates the uptake of pyruvate into mitochondria
Phum-OR502AA_021_000136.1	eggnog	Ubiquitin carboxyl-terminal hydrolase
Phum-OR502AA_021_000137.1	eggnog	Short calmodulin-binding motif containing conserved Ile and Gln residues
Phum-OR502AA_021_000138.1	eggnog	domain-containing protein
Phum-OR502AA_021_000177.1	eggnog	Armadillo/beta-catenin-like repeat
Phum-OR502AA_021_000176.1	eggnog	domain-containing protein
Phum-OR502AA_021_000175.1	eggnog	domain-containing protein
Phum-OR502AA_021_000139.1	blastp	Homology to Phytophthora cactorum predicted protein KAG2772048.1
Phum-OR502AA_021_000140.1	interproscan	PTHR31472 domain-containing protein
Phum-OR502AA_021_000141.1	eggnog	Ribosomal S17
Phum-OR502AA_021_000174.1	eggnog	EF hand
Phum-OR502AA_021_000142.1	eggnog	Origin recognition complex (ORC) subunit 3 N-terminus
Phum-OR502AA_021_000143.1	blastp	Homology to Phytophthora palmivora predicted protein POM60476.1
Phum-OR502AA_021_000144.1	eggnog	Pyridoxal-phosphate dependent enzyme
Phum-OR502AA_021_000145.1	eggnog	Pyridoxal-phosphate dependent enzyme
Phum-OR502AA_021_000173.1	blastp	Homology to Peronospora effusa predicted protein RMX69785.1
Phum-OR502AA_021_000146.1	eggnog	domain-containing protein
Phum-OR502AA_021_000172.1	interproscan	PTHR21551 domain-containing protein
Phum-OR502AA_021_000171.1	eggnog	Phosphatidylinositol-glycan biosynthesis class S protein
Phum-OR502AA_021_000147.1	eggnog	Presenilin enhancer-2 subunit of gamma secretase
Phum-OR502AA_021_000148.1	eggnog	WD domain, G-beta repeat
Phum-OR502AA_021_000170.1	blastp	Homology to predicted protein KAH7503237.1
Phum-OR502AA_021_000149.1	eggnog	Snf7
Phum-OR502AA_021_000169.1	eggnog	Ribosomal protein S9/S16
Phum-OR502AA_021_000150.1	blastp	Homology to Phytophthora pseudosyringae predicted protein KAG7379647.1
Phum-OR502AA_021_000151.1	eggnog	Nup53/35/40-type RNA recognition motif
Phum-OR502AA_021_000152.1	eggnog	Electron carrier protein
Phum-OR502AA_021_000168.1	eggnog	domain-containing protein
Phum-OR502AA_021_000153.1	eggnog	peroxisome transport along microtubule
Phum-OR502AA_021_000154.1	eggnog	domain-containing protein
Phum-OR502AA_021_000155.1	eggnog	glycerol kinase activity
Phum-OR502AA_021_000167.1	eggnog	domain-containing protein
Phum-OR502AA_021_000156.1	blastp	Homology to Phytophthora cactorum predicted protein KAG2771908.1
Phum-OR502AA_021_000166.1	unannotated	Hypothetical protein of unknown function
Phum-OR502AA_021_000165.1	blastp	Homology to Phytophthora pseudosyringae predicted protein KAG7379629.1
Phum-OR502AA_021_000157.1	eggnog	Tim17/Tim22/Tim23/Pmp24 family
Phum-OR502AA_021_000164.1	eggnog	Acidic fibroblast growth factor binding (FIBP)
Phum-OR502AA_021_000158.1	unannotated	Hypothetical protein of unknown function
Phum-OR502AA_021_000163.1	blastp	Homology to Phytophthora citrophthora predicted protein KAK1941284.1
Phum-OR502AA_021_000162.1	blastp	Homology to Phytophthora cactorum predicted protein KAG2772013.1
Phum-OR502AA_021_000161.1	eggnog	Integral peroxisomal membrane peroxin
Phum-OR502AA_021_000160.1	unannotated	Hypothetical protein of unknown function
Phum-OR502AA_021_000159.1	blastp	Homology to Phytophthora pseudosyringae predicted protein KAG7377233.1
Phum-OR502AA_022_000271.1	eggnog	domain-containing protein
Phum-OR502AA_022_000001.1	eggnog	domain-containing protein
Phum-OR502AA_022_000002.1	eggnog	Anaphase promoting complex subunit 8 / Cdc23
Phum-OR502AA_022_000270.1	eggnog	domain-containing protein
Phum-OR502AA_022_000269.1	eggnog	spectrin binding
Phum-OR502AA_022_000003.1	interproscan	PTHR39473 domain-containing protein
Phum-OR502AA_022_000004.1	eggnog	Protein tyrosine kinase
Phum-OR502AA_022_000005.1	eggnog	spectrin binding
Phum-OR502AA_022_000006.1	eggnog	domain-containing protein
Phum-OR502AA_022_000268.1	eggnog	bZIP Maf transcription factor
Phum-OR502AA_022_000267.1	blastp	Homology to Phytophthora ramorum predicted protein KAH7479867.1
Phum-OR502AA_022_000007.1	interproscan	PTHR39473 domain-containing protein
Phum-OR502AA_022_000008.1	blastp	Homology to Phytophthora infestans predicted protein KAF4037855.1
Phum-OR502AA_022_000266.1	eggnog	Zinc finger, C3HC4 type (RING finger)
Phum-OR502AA_022_000265.1	eggnog	Glutaredoxin
Phum-OR502AA_022_000264.1	interproscan	PTHR39473 domain-containing protein
Phum-OR502AA_022_000009.1	blastp	Homology to Phytophthora ramorum predicted protein KAH7479867.1
Phum-OR502AA_022_000263.1	eggnog	C2H2-type zinc finger
Phum-OR502AA_022_000010.1	blastp	Homology to Phytophthora cactorum predicted protein RAW42901.1
Phum-OR502AA_022_000262.1	eggnog	Peroxidase, family 2
Phum-OR502AA_022_000261.1	eggnog	Peroxidase, family 2
Phum-OR502AA_022_000260.1	eggnog	Peroxidase, family 2
Phum-OR502AA_022_000011.1	interproscan	PTHR14716 domain-containing protein
Phum-OR502AA_022_000259.1	eggnog	DNA repair REX1-B
Phum-OR502AA_022_000258.1	eggnog	Calcineurin-like phosphoesterase
Phum-OR502AA_022_000012.1	eggnog	domain-containing protein
Phum-OR502AA_022_000257.1	eggnog	Urb2/Npa2 family
Phum-OR502AA_022_000013.1	eggnog	Belongs to the TRAFAC class myosin-kinesin ATPase superfamily
Phum-OR502AA_022_000256.1	eggnog	EXOIII
Phum-OR502AA_022_000014.1	eggnog	Crinkler (CRN) family protein
Phum-OR502AA_022_000015.1	eggnog	ligase activity
Phum-OR502AA_022_000016.1	blastp	Homology to Peronospora belbahrii predicted protein CAH0473982.1
Phum-OR502AA_022_000255.1	blastp	Homology to Peronospora belbahrii predicted protein CAH0473982.1
Phum-OR502AA_022_000254.1	eggnog	ligase activity
Phum-OR502AA_022_000017.1	eggnog	Crinkler (CRN) family protein
Phum-OR502AA_022_000253.1	eggnog	function. Source PGD
Phum-OR502AA_022_000018.1	eggnog	Nucleoside transporter
Phum-OR502AA_022_000252.1	eggnog	domain-containing protein
Phum-OR502AA_022_000019.1	eggnog	domain-containing protein
Phum-OR502AA_022_000020.1	blastp	Homology to Peronospora effusa predicted protein RMX67217.1
Phum-OR502AA_022_000251.1	eggnog	domain-containing protein
Phum-OR502AA_022_000250.1	eggnog	Mycolic acid cyclopropane synthetase
Phum-OR502AA_022_000249.1	eggnog	ATP adenylyltransferase
Phum-OR502AA_022_000248.1	eggnog	GDSL-like Lipase/Acylhydrolase family
Phum-OR502AA_022_000247.1	eggnog	domain-containing protein
Phum-OR502AA_022_000246.1	eggnog	Sybindin-like family
Phum-OR502AA_022_000021.1	eggnog	Mitochondrial carrier protein
Phum-OR502AA_022_000022.1	eggnog	spectrin binding
Phum-OR502AA_022_000245.1	eggnog	KIAA1430 homologue
Phum-OR502AA_022_000023.1	eggnog	Dynein attachment factor N-terminus
Phum-OR502AA_022_000244.1	eggnog	LysE type translocator
Phum-OR502AA_022_000024.1	eggnog	WD40 repeats
Phum-OR502AA_022_000243.1	eggnog	RNA recognition motif
Phum-OR502AA_022_000242.1	unannotated	Hypothetical protein of unknown function
Phum-OR502AA_022_000241.1	eggnog	U11-48K-like CHHC zinc finger
Phum-OR502AA_022_000025.1	eggnog	Uncharacterized protein family UPF0029
Phum-OR502AA_022_000240.1	eggnog	Ankyrin repeats (many copies)
Phum-OR502AA_022_000026.1	eggnog	WD domain, G-beta repeat
Phum-OR502AA_022_000027.1	eggnog	amino acid
Phum-OR502AA_022_000239.1	eggnog	WD domain, G-beta repeat
Phum-OR502AA_022_000238.1	eggnog	SAC3/GANP family
Phum-OR502AA_022_000028.1	eggnog	Ribosomal protein L13e
Phum-OR502AA_022_000029.1	eggnog	Apoptosis antagonizing transcription factor
Phum-OR502AA_022_000237.1	eggnog	Subunit CCDC53 of WASH complex
Phum-OR502AA_022_000030.1	eggnog	SAC3/GANP family
Phum-OR502AA_022_000031.1	eggnog	WD domain, G-beta repeat
Phum-OR502AA_022_000236.1	eggnog	domain-containing protein
Phum-OR502AA_022_000032.1	blastp	Homology to Phytophthora fragariae predicted protein KAE8883448.1
Phum-OR502AA_022_000235.1	eggnog	domain-containing protein
Phum-OR502AA_022_000033.1	eggnog	Pectate lyase
Phum-OR502AA_022_000234.1	eggnog	Crinkler (CRN) family
Phum-OR502AA_022_000233.1	eggnog	Pectate lyase
Phum-OR502AA_022_000232.1	eggnog	Pectate lyase
Phum-OR502AA_022_000034.1	eggnog	Pectate lyase
Phum-OR502AA_022_000035.1	eggnog	mRNA cleavage and polyadenylation factor CLP1 P-loop
Phum-OR502AA_022_000231.1	eggnog	Regulator of chromosome condensation (RCC1) repeat
Phum-OR502AA_022_000036.1	blastp	Homology to Peronospora destructor predicted protein CAI5712003.1
Phum-OR502AA_022_000037.1	eggnog	protein-arginine N5-methyltransferase activity
Phum-OR502AA_022_000038.1	blastp	Homology to Phytophthora cactorum predicted protein KAG2790849.1
Phum-OR502AA_022_000039.1	eggnog	domain-containing protein
Phum-OR502AA_022_000040.1	eggnog	Inositol polyphosphate kinase
Phum-OR502AA_022_000041.1	eggnog	Inositol polyphosphate kinase
Phum-OR502AA_022_000230.1	interproscan	PTHR31827 domain-containing protein
Phum-OR502AA_022_000042.1	eggnog	Mitochondrial small ribosomal subunit Rsm22
Phum-OR502AA_022_000229.1	eggnog	Insulinase (Peptidase family M16)
Phum-OR502AA_022_000043.1	eggnog	regulation of early endosome to recycling endosome transport
Phum-OR502AA_022_000228.1	eggnog	domain-containing protein
Phum-OR502AA_022_000044.1	blastp	Homology to Phytophthora idaei predicted protein KAG3111290.1
Phum-OR502AA_022_000045.1	eggnog	Sedlin, N-terminal conserved region
Phum-OR502AA_022_000227.1	eggnog	May function in recognizing stalled ribosomes and triggering endonucleolytic cleavage of the mRNA, a mechanism to release non-functional ribosomes and degrade damaged mRNAs
Phum-OR502AA_022_000046.1	eggnog	BED zinc finger
Phum-OR502AA_022_000226.1	eggnog	Fumble
Phum-OR502AA_022_000047.1	blastp	Homology to Peronospora destructor predicted protein CAI5723273.1
Phum-OR502AA_022_000048.1	eggnog	domain-containing protein
Phum-OR502AA_022_000225.1	eggnog	Ydr279p protein family (RNase H2 complex component)
Phum-OR502AA_022_000224.1	eggnog	domain-containing protein
Phum-OR502AA_022_000049.1	eggnog	Ydr279p protein family (RNase H2 complex component)
Phum-OR502AA_022_000223.1	eggnog	domain-containing protein
Phum-OR502AA_022_000050.1	eggnog	ATP dependent DNA ligase C terminal region
Phum-OR502AA_022_000051.1	eggnog	ATP dependent DNA ligase C terminal region
Phum-OR502AA_022_000052.1	eggnog	Protein of unknown function (DUF3522)
Phum-OR502AA_022_000222.1	blastp	Homology to Phytophthora pseudosyringae predicted protein KAG7386116.1
Phum-OR502AA_022_000221.1	blastp	Homology to Phytophthora nicotianae predicted protein ETP36489.1
Phum-OR502AA_022_000053.1	blastp	Homology to Phytophthora pseudosyringae predicted protein KAG7375534.1
Phum-OR502AA_022_000054.1	blastp	Homology to Phytophthora ramorum predicted protein KAH7479757.1
Phum-OR502AA_022_000055.1	eggnog	Ankyrin repeats (many copies)
Phum-OR502AA_022_000220.1	blastp	Homology to Phytophthora ramorum predicted protein KAH7479757.1
Phum-OR502AA_022_000219.1	unannotated	Hypothetical protein of unknown function
Phum-OR502AA_022_000218.1	eggnog	Transcription factor Iwr1
Phum-OR502AA_022_000056.1	eggnog	axoneme assembly
Phum-OR502AA_022_000217.1	eggnog	Catalyzes two activities which are involved in the cyclic version of arginine biosynthesis the synthesis of acetylglutamate from glutamate and acetyl-CoA, and of ornithine by transacetylation between acetylornithine and glutamate
Phum-OR502AA_022_000057.1	blastp	Homology to Phytophthora capsici predicted protein KAG1685836.1
Phum-OR502AA_022_000216.1	eggnog	Ankyrin repeats (many copies)
Phum-OR502AA_022_000058.1	eggnog	heat shock factor
Phum-OR502AA_022_000059.1	eggnog	Eukaryotic elongation factor 5A hypusine, DNA-binding OB fold
Phum-OR502AA_022_000215.1	eggnog	domain-containing protein
Phum-OR502AA_022_000214.1	blastp	Homology to Phytophthora nicotianae predicted protein ETI38498.1
Phum-OR502AA_022_000060.1	eggnog	domain-containing protein
Phum-OR502AA_022_000213.1	eggnog	domain-containing protein
Phum-OR502AA_022_000061.1	eggnog	Calcineurin-like phosphoesterase
Phum-OR502AA_022_000062.1	eggnog	Domain in homologues of a S
Phum-OR502AA_022_000063.1	eggnog	Domain in homologues of a S
Phum-OR502AA_022_000064.1	eggnog	methyltransferase activity (EFM5)
Phum-OR502AA_022_000065.1	eggnog	C2 domain of PTEN tumour-suppressor protein
Phum-OR502AA_022_000212.1	eggnog	C2 domain of PTEN tumour-suppressor protein
Phum-OR502AA_022_000211.1	eggnog	methyltransferase activity (EFM5)
Phum-OR502AA_022_000066.1	eggnog	Protein tyrosine kinase
Phum-OR502AA_022_000210.1	eggnog	2OG-Fe(II) oxygenase superfamily
Phum-OR502AA_022_000209.1	eggnog	Ribosomal protein L11 methyltransferase (PrmA)
Phum-OR502AA_022_000067.1	eggnog	WD40 repeats
Phum-OR502AA_022_000068.1	blastp	Homology to Phytophthora idaei predicted protein KAG3102052.1
Phum-OR502AA_022_000208.1	blastp	Homology to Peronospora farinosa predicted protein CAH0487512.1
Phum-OR502AA_022_000069.1	eggnog	CH-like domain in sperm protein
Phum-OR502AA_022_000207.1	eggnog	Pectate lyase
Phum-OR502AA_022_000070.1	eggnog	polynucleotide adenylyltransferase activity
Phum-OR502AA_022_000206.1	eggnog	domain-containing protein
Phum-OR502AA_022_000205.1	eggnog	Transmembrane protein 65
Phum-OR502AA_022_000071.1	eggnog	Ribose 5-phosphate isomerase A (phosphoriboisomerase A)
Phum-OR502AA_022_000204.1	eggnog	RNA-binding, Nab2-type zinc finger
Phum-OR502AA_022_000203.1	blastp	Homology to Peronospora belbahrii predicted protein CAH0473903.1
Phum-OR502AA_022_000202.1	interproscan	SSF55961 domain-containing protein
Phum-OR502AA_022_000072.1	eggnog	phosphopantetheine binding
Phum-OR502AA_022_000073.1	eggnog	Biotin-requiring enzyme
Phum-OR502AA_022_000074.1	eggnog	heat shock factor
Phum-OR502AA_022_000201.1	eggnog	Biotin-requiring enzyme
Phum-OR502AA_022_000075.1	eggnog	PHD-finger
Phum-OR502AA_022_000200.1	eggnog	CAAX prenyl protease
Phum-OR502AA_022_000076.1	eggnog	WD domain, G-beta repeat
Phum-OR502AA_022_000199.1	eggnog	Eukaryotic initiation factor 4E
Phum-OR502AA_022_000077.1	eggnog	thromboxane A2 receptor binding
Phum-OR502AA_022_000198.1	interproscan	PTHR47553 domain-containing protein
Phum-OR502AA_022_000197.1	eggnog	RecQ zinc-binding
Phum-OR502AA_022_000078.1	blastp	Homology to Phytophthora cactorum predicted protein KAG4063484.1
Phum-OR502AA_022_000196.1	eggnog	component of the eukaryotic translation initiation factor 3 (eIF-3) complex, which is involved in protein synthesis of a specialized repertoire of mRNAs and, together with other initiation factors, stimulates binding of mRNA and methionyl-tRNAi to the 40S ribosome
Phum-OR502AA_022_000079.1	eggnog	Component of the ribosome assembly machinery
Phum-OR502AA_022_000195.1	eggnog	Belongs to the ribulose-phosphate 3-epimerase family
Phum-OR502AA_022_000080.1	eggnog	Mitochondrial ribosomal subunit S27
Phum-OR502AA_022_000081.1	blastp	Homology to Peronospora belbahrii predicted protein CAH0513394.1
Phum-OR502AA_022_000194.1	unannotated	Hypothetical protein of unknown function
Phum-OR502AA_022_000193.1	blastp	Homology to Phytophthora pseudosyringae predicted protein KAG7383104.1
Phum-OR502AA_022_000082.1	blastp	Homology to Peronospora farinosa predicted protein CAH0487476.1
Phum-OR502AA_022_000083.1	interproscan	G3DSA:2.60.120.920 domain-containing protein
Phum-OR502AA_022_000192.1	eggnog	DEAD-like helicases superfamily
Phum-OR502AA_022_000191.1	eggnog	lipid binding
Phum-OR502AA_022_000084.1	eggnog	Ciliary BBSome complex subunit 1
Phum-OR502AA_022_000085.1	eggnog	Calcineurin-like phosphoesterase
Phum-OR502AA_022_000190.1	eggnog	TATA box binding protein associated factor
Phum-OR502AA_022_000189.1	eggnog	Leucine-rich repeat
Phum-OR502AA_022_000086.1	eggnog	Plant protein 1589 of unknown function (A_thal_3526)
Phum-OR502AA_022_000188.1	eggnog	Leucine Rich Repeat
Phum-OR502AA_022_000187.1	interproscan	PTHR13510 domain-containing protein
Phum-OR502AA_022_000186.1	interproscan	PTHR39290 domain-containing protein
Phum-OR502AA_022_000185.1	eggnog	Na+/H+ antiporter family
Phum-OR502AA_022_000184.1	blastp	Homology to Phytophthora capsici predicted protein KAG1697615.1
Phum-OR502AA_022_000087.1	eggnog	GDP-mannose 4,6 dehydratase
Phum-OR502AA_022_000183.1	eggnog	GDP-mannose 4,6 dehydratase
Phum-OR502AA_022_000088.1	eggnog	GDP-mannose 4,6 dehydratase
Phum-OR502AA_022_000182.1	eggnog	catalytic domain of ctd-like phosphatases
Phum-OR502AA_022_000089.1	interproscan	PTHR21520 domain-containing protein
Phum-OR502AA_022_000181.1	interproscan	PTHR21520 domain-containing protein
Phum-OR502AA_022_000090.1	eggnog	catalytic domain of ctd-like phosphatases
Phum-OR502AA_022_000091.1	eggnog	transposition, RNA-mediated
Phum-OR502AA_022_000092.1	eggnog	component of the eukaryotic translation initiation factor 3 (eIF-3) complex, which is involved in protein synthesis of a specialized repertoire of mRNAs and, together with other initiation factors, stimulates binding of mRNA and methionyl-tRNAi to the 40S ribosome
Phum-OR502AA_022_000180.1	eggnog	UTP15 C terminal
Phum-OR502AA_022_000179.1	eggnog	Tetraspanin family
Phum-OR502AA_022_000093.1	eggnog	Tetraspanin family
Phum-OR502AA_022_000178.1	blastp	Homology to Phytophthora cactorum predicted protein KAG2862831.1
Phum-OR502AA_022_000177.1	eggnog	Tub family
Phum-OR502AA_022_000094.1	unannotated	Hypothetical protein of unknown function
Phum-OR502AA_022_000095.1	eggnog	RPR
Phum-OR502AA_022_000176.1	eggnog	domain-containing protein
Phum-OR502AA_022_000096.1	eggnog	Calpain family cysteine protease
Phum-OR502AA_022_000175.1	interproscan	PTHR31827 domain-containing protein
Phum-OR502AA_022_000174.1	unannotated	Hypothetical protein of unknown function
Phum-OR502AA_022_000097.1	eggnog	Pyridine nucleotide-disulphide oxidoreductase
Phum-OR502AA_022_000098.1	eggnog	Protein tyrosine phosphatase, catalytic domain motif
Phum-OR502AA_022_000173.1	blastp	Homology to Phytophthora infestans predicted protein KAI9991070.1
Phum-OR502AA_022_000172.1	blastp	Homology to Phytophthora capsici predicted protein KAG1697583.1
Phum-OR502AA_022_000171.1	eggnog	RING-like zinc finger
Phum-OR502AA_022_000099.1	eggnog	Ras subfamily of RAS small GTPases
Phum-OR502AA_022_000170.1	eggnog	Protein of unknown function, DUF547
Phum-OR502AA_022_000169.1	eggnog	Aldehyde dehydrogenase family
Phum-OR502AA_022_000100.1	eggnog	NLI interacting factor-like phosphatase
Phum-OR502AA_022_000168.1	eggnog	Catalyzes the phosphorylation of ribose at O-5 in a reaction requiring ATP and magnesium
Phum-OR502AA_022_000101.1	blastp	Homology to Plasmopara halstedii predicted protein XP_024576345.1
Phum-OR502AA_022_000167.1	blastp	Homology to Phytophthora infestans predicted protein KAI9991070.1
Phum-OR502AA_022_000102.1	eggnog	CENP-S associating Centromere protein X
Phum-OR502AA_022_000166.1	blastp	Homology to Phytophthora cactorum predicted protein KAG2767966.1
Phum-OR502AA_022_000165.1	eggnog	Ribosomal L28e protein family
Phum-OR502AA_022_000103.1	eggnog	Allows the formation of correctly charged Gln-tRNA(Gln) through the transamidation of misacylated Glu-tRNA(Gln) in the mitochondria
Phum-OR502AA_022_000104.1	blastp	Homology to Peronospora belbahrii predicted protein CAH0513357.1
Phum-OR502AA_022_000164.1	eggnog	Erv1 / Alr family
Phum-OR502AA_022_000105.1	blastp	Homology to Phytophthora fragariae predicted protein KAE9325474.1
Phum-OR502AA_022_000163.1	blastp	Homology to Phytophthora infestans predicted protein KAF4030654.1
Phum-OR502AA_022_000106.1	eggnog	Erv1 / Alr family
Phum-OR502AA_022_000107.1	eggnog	Amino-transferase class IV
Phum-OR502AA_022_000162.1	unannotated	Hypothetical protein of unknown function
Phum-OR502AA_022_000108.1	eggnog	Ankyrin repeats (many copies)
Phum-OR502AA_022_000161.1	eggnog	Ankyrin repeat
Phum-OR502AA_022_000160.1	eggnog	SecE/Sec61-gamma subunits of protein translocation complex
Phum-OR502AA_022_000109.1	eggnog	Rad52/22 family double-strand break repair protein
Phum-OR502AA_022_000159.1	eggnog	Belongs to the PI3 PI4-kinase family
Phum-OR502AA_022_000158.1	eggnog	Ral GTPase-activating protein subunit (RALGAPB)
Phum-OR502AA_022_000110.1	eggnog	domain-containing protein
Phum-OR502AA_022_000111.1	eggnog	Protein tyrosine kinase
Phum-OR502AA_022_000157.1	blastp	Homology to Phytophthora cinnamomi predicted protein KAG6618461.1
Phum-OR502AA_022_000156.1	interproscan	PTHR13114 domain-containing protein
Phum-OR502AA_022_000155.1	eggnog	Sterile alpha motif
Phum-OR502AA_022_000112.1	eggnog	MYND finger
Phum-OR502AA_022_000154.1	eggnog	JmjC domain, hydroxylase
Phum-OR502AA_022_000113.1	eggnog	large conductance calcium-activated potassium channel activity
Phum-OR502AA_022_000153.1	unannotated	Hypothetical protein of unknown function
Phum-OR502AA_022_000152.1	unannotated	Hypothetical protein of unknown function
Phum-OR502AA_022_000114.1	unannotated	Hypothetical protein of unknown function
Phum-OR502AA_022_000151.1	eggnog	large conductance calcium-activated potassium channel activity
Phum-OR502AA_022_000115.1	eggnog	heme binding
Phum-OR502AA_022_000150.1	interproscan	G3DSA:1.25.40.480 domain-containing protein
Phum-OR502AA_022_000116.1	eggnog	zinc finger
Phum-OR502AA_022_000117.1	interproscan	G3DSA:1.25.40.480 domain-containing protein
Phum-OR502AA_022_000149.1	eggnog	heme binding
Phum-OR502AA_022_000118.1	eggnog	process utilizing autophagic mechanism
Phum-OR502AA_022_000148.1	eggnog	EF-hand, calcium binding motif
Phum-OR502AA_022_000147.1	eggnog	Nucleoside transporter
Phum-OR502AA_022_000119.1	blastp	Homology to Peronospora effusa predicted protein CAI5712485.1
Phum-OR502AA_022_000146.1	eggnog	Histone 2A
Phum-OR502AA_022_000120.1	eggnog	Histone 2A
Phum-OR502AA_022_000145.1	eggnog	domain-containing protein
Phum-OR502AA_022_000121.1	eggnog	RAVE protein 1 C terminal
Phum-OR502AA_022_000122.1	eggnog	WD domain, G-beta repeat
Phum-OR502AA_022_000144.1	eggnog	Dynamin family
Phum-OR502AA_022_000123.1	eggnog	WD domain, G-beta repeat
Phum-OR502AA_022_000143.1	interproscan	PTHR33403 domain-containing protein
Phum-OR502AA_022_000142.1	eggnog	Actin
Phum-OR502AA_022_000124.1	eggnog	Belongs to the Rab GDI family
Phum-OR502AA_022_000125.1	eggnog	Microtubule binding
Phum-OR502AA_022_000141.1	eggnog	domain-containing protein
Phum-OR502AA_022_000126.1	eggnog	Enoyl-CoA hydratase/isomerase
Phum-OR502AA_022_000127.1	eggnog	domain-containing protein
Phum-OR502AA_022_000140.1	blastp	Homology to Phytophthora pseudosyringae predicted protein KAG7392668.1
Phum-OR502AA_022_000128.1	eggnog	Domain first found in C1r, C1s, uEGF, and bone morphogenetic protein
Phum-OR502AA_022_000139.1	eggnog	Belongs to the TRAFAC class myosin-kinesin ATPase superfamily
Phum-OR502AA_022_000129.1	blastp	Homology to Phytophthora cactorum predicted protein KAG2766766.1
Phum-OR502AA_022_000130.1	eggnog	FKBP-type peptidyl-prolyl cis-trans isomerase
Phum-OR502AA_022_000131.1	eggnog	DNA-dependent RNA polymerase catalyzes the transcription of DNA into RNA using the four ribonucleoside triphosphates as substrates
Phum-OR502AA_022_000132.1	interproscan	PTHR37067 domain-containing protein
Phum-OR502AA_022_000138.1	blastp	Homology to Peronospora effusa predicted protein RMX69337.1
Phum-OR502AA_022_000133.1	eggnog	Tim17/Tim22/Tim23/Pmp24 family
Phum-OR502AA_022_000137.1	eggnog	Vasohibin
Phum-OR502AA_022_000136.1	interproscan	ZNF598 PAH domain (PF23202)
Phum-OR502AA_022_000134.1	eggnog	1-phosphatidylinositol 4-kinase activity
Phum-OR502AA_022_000135.1	blastp	Homology to Peronospora belbahrii predicted protein CAH0513312.1
Phum-OR502AA_023_000363.1	eggnog	inner dynein arm assembly
Phum-OR502AA_023_000001.1	eggnog	Myosin. Large ATPases
Phum-OR502AA_023_000362.1	eggnog	Protein tyrosine kinase
Phum-OR502AA_023_000002.1	eggnog	Sel1-like repeats
Phum-OR502AA_023_000003.1	eggnog	Sel1-like repeats
Phum-OR502AA_023_000361.1	eggnog	Endonuclease/Exonuclease/phosphatase family
Phum-OR502AA_023_000004.1	eggnog	Cytochrome B561, N terminal
Phum-OR502AA_023_000360.1	eggnog	zinc finger
Phum-OR502AA_023_000359.1	eggnog	DNA-dependent RNA polymerase catalyzes the transcription of DNA into RNA using the four ribonucleoside triphosphates as substrates
Phum-OR502AA_023_000005.1	eggnog	Dip2/Utp12 Family
Phum-OR502AA_023_000358.1	eggnog	Eukaryotic translation initiation factor eIF2A
Phum-OR502AA_023_000006.1	eggnog	Tetratricopeptide repeat
Phum-OR502AA_023_000357.1	eggnog	Short calmodulin-binding motif containing conserved Ile and Gln residues
Phum-OR502AA_023_000356.1	eggnog	Calcineurin-like phosphoesterase
Phum-OR502AA_023_000007.1	blastp	Homology to Phytophthora nicotianae predicted protein XP_008915281.1
Phum-OR502AA_023_000355.1	eggnog	axoneme assembly
Phum-OR502AA_023_000008.1	eggnog	Tim10/DDP family zinc finger
Phum-OR502AA_023_000354.1	eggnog	Protein tyrosine kinase
Phum-OR502AA_023_000353.1	eggnog	Transferase family
Phum-OR502AA_023_000009.1	eggnog	Magnesium transporter NIPA
Phum-OR502AA_023_000352.1	eggnog	rRNA processing/ribosome biogenesis
Phum-OR502AA_023_000010.1	eggnog	Domain found in Dishevelled, Egl-10, and Pleckstrin (DEP)
Phum-OR502AA_023_000351.1	eggnog	Protein present in Fab1, YOTB, Vac1, and EEA1
Phum-OR502AA_023_000011.1	interproscan	PTHR40430 domain-containing protein
Phum-OR502AA_023_000350.1	eggnog	Prolyl 4-hydroxylase alpha subunit homologues
Phum-OR502AA_023_000349.1	eggnog	Prolyl 4-hydroxylase alpha subunit homologues
Phum-OR502AA_023_000012.1	eggnog	Prolyl 4-hydroxylase alpha subunit homologues
Phum-OR502AA_023_000013.1	eggnog	Prolyl 4-hydroxylase alpha subunit homologues
Phum-OR502AA_023_000014.1	eggnog	Prolyl 4-hydroxylase alpha subunit homologues
Phum-OR502AA_023_000348.1	eggnog	Prolyl 4-hydroxylase alpha subunit homologues
Phum-OR502AA_023_000015.1	eggnog	EF-hand domain pair
Phum-OR502AA_023_000016.1	eggnog	Mitochondrial ATP synthase B chain precursor (ATP-synt_B)
Phum-OR502AA_023_000347.1	interproscan	PTHR37031 domain-containing protein
Phum-OR502AA_023_000017.1	eggnog	ubiquitinyl hydrolase activity
Phum-OR502AA_023_000346.1	eggnog	Kinesin motor, catalytic domain. ATPase
Phum-OR502AA_023_000018.1	blastp	Homology to Phytophthora pseudosyringae predicted protein KAG7386076.1
Phum-OR502AA_023_000019.1	eggnog	SRR1
Phum-OR502AA_023_000020.1	eggnog	domain-containing protein
Phum-OR502AA_023_000345.1	eggnog	Sodium/hydrogen exchanger family
Phum-OR502AA_023_000344.1	blastp	Homology to Phytophthora lilii predicted protein GMF65844.1
Phum-OR502AA_023_000343.1	eggnog	domain-containing protein
Phum-OR502AA_023_000342.1	eggnog	Signal recognition particle receptor beta subunit
Phum-OR502AA_023_000021.1	eggnog	Component of the endosomal sorting complex required for transport II (ESCRT-II), which is required for multivesicular body (MVB) formation and sorting of endosomal cargo proteins into MVBs
Phum-OR502AA_023_000341.1	eggnog	Protein tyrosine kinase
Phum-OR502AA_023_000022.1	eggnog	domain-containing protein
Phum-OR502AA_023_000023.1	eggnog	domain-containing protein
Phum-OR502AA_023_000024.1	eggnog	EF-hand domain pair
Phum-OR502AA_023_000340.1	eggnog	Acyltransferase C-terminus
Phum-OR502AA_023_000025.1	blastp	Homology to Phytophthora cactorum predicted protein KAG2782523.1
Phum-OR502AA_023_000026.1	eggnog	Kinase-like
Phum-OR502AA_023_000339.1	eggnog	Protein tyrosine kinase
Phum-OR502AA_023_000338.1	blastp	Homology to Peronospora effusa predicted protein RMX68674.1
Phum-OR502AA_023_000027.1	eggnog	Protein tyrosine kinase
Phum-OR502AA_023_000337.1	unannotated	Hypothetical protein of unknown function
Phum-OR502AA_023_000336.1	blastp	Homology to Phytophthora cinnamomi predicted protein KAG6623568.1
Phum-OR502AA_023_000335.1	blastp	Homology to Phytophthora idaei predicted protein KAG3119115.1
Phum-OR502AA_023_000334.1	eggnog	Protein tyrosine kinase
Phum-OR502AA_023_000028.1	eggnog	RNA recognition motif
Phum-OR502AA_023_000333.1	eggnog	domain-containing protein
Phum-OR502AA_023_000029.1	eggnog	domain-containing protein
Phum-OR502AA_023_000030.1	eggnog	Electron transfer flavoprotein-ubiquinone oxidoreductase, 4Fe-4S
Phum-OR502AA_023_000332.1	eggnog	domain-containing protein
Phum-OR502AA_023_000331.1	eggnog	RNA polymerase III subunit RPC82
Phum-OR502AA_023_000031.1	eggnog	histone-lysine N-methyltransferase activity
Phum-OR502AA_023_000032.1	eggnog	domain-containing protein
Phum-OR502AA_023_000033.1	blastp	Homology to Phytophthora sojae predicted protein XP_009519978.1
Phum-OR502AA_023_000034.1	unannotated	Hypothetical protein of unknown function
Phum-OR502AA_023_000035.1	eggnog	Uracil phosphoribosyltransferase
Phum-OR502AA_023_000036.1	eggnog	domain-containing protein
Phum-OR502AA_023_000037.1	blastp	Homology to Phytophthora lilii predicted protein GMF30498.1
Phum-OR502AA_023_000038.1	eggnog	intracellular transport of viral protein in host cell
Phum-OR502AA_023_000039.1	eggnog	domain-containing protein
Phum-OR502AA_023_000040.1	eggnog	domain-containing protein
Phum-OR502AA_023_000041.1	eggnog	Extension to Ser/Thr-type protein kinases
Phum-OR502AA_023_000330.1	blastp	Homology to Phytophthora megakarya predicted protein OWZ21725.1
Phum-OR502AA_023_000042.1	eggnog	Belongs to the enoyl-CoA hydratase isomerase family
Phum-OR502AA_023_000043.1	interproscan	G3DSA:2.30.29.30 domain-containing protein
Phum-OR502AA_023_000329.1	eggnog	M42 glutamyl aminopeptidase
Phum-OR502AA_023_000328.1	eggnog	domain-containing protein
Phum-OR502AA_023_000044.1	eggnog	domain-containing protein
Phum-OR502AA_023_000327.1	blastp	Homology to Phytophthora pseudosyringae predicted protein KAG7390102.1
Phum-OR502AA_023_000326.1	eggnog	Protein tyrosine kinase
Phum-OR502AA_023_000045.1	eggnog	Protein of unknown function (DUF1336)
Phum-OR502AA_023_000046.1	eggnog	Short calmodulin-binding motif containing conserved Ile and Gln residues
Phum-OR502AA_023_000325.1	eggnog	Ion transport protein
Phum-OR502AA_023_000324.1	eggnog	cyclic nucleotide-gated ion channel activity
Phum-OR502AA_023_000323.1	eggnog	Ion transport protein
Phum-OR502AA_023_000047.1	eggnog	Ion transport protein
Phum-OR502AA_023_000322.1	eggnog	Short calmodulin-binding motif containing conserved Ile and Gln residues
Phum-OR502AA_023_000048.1	eggnog	Domain present in PSD-95, Dlg, and ZO-1/2
Phum-OR502AA_023_000321.1	eggnog	domain-containing protein
Phum-OR502AA_023_000049.1	eggnog	Domain present in PSD-95, Dlg, and ZO-1/2
Phum-OR502AA_023_000050.1	eggnog	domain-containing protein
Phum-OR502AA_023_000320.1	eggnog	Protein of unknown function (DUF2009)
Phum-OR502AA_023_000319.1	eggnog	Concanavalin A-like lectin/glucanases superfamily
Phum-OR502AA_023_000318.1	unannotated	Hypothetical protein of unknown function
Phum-OR502AA_023_000317.1	eggnog	Protein of unknown function (DUF2009)
Phum-OR502AA_023_000051.1	eggnog	HEAT repeat
Phum-OR502AA_023_000316.1	eggnog	Peptidase family S51
Phum-OR502AA_023_000052.1	eggnog	WD domain, G-beta repeat
Phum-OR502AA_023_000315.1	eggnog	domain-containing protein
Phum-OR502AA_023_000314.1	blastp	Homology to Phytophthora lilii predicted protein GMF11863.1
Phum-OR502AA_023_000313.1	eggnog	Domain present in PSD-95, Dlg, and ZO-1/2
Phum-OR502AA_023_000053.1	blastp	Homology to Peronospora destructor predicted protein CAI5720739.1
Phum-OR502AA_023_000312.1	eggnog	RIB43A
Phum-OR502AA_023_000311.1	eggnog	ATP-dependent Clp protease, ATP-binding subunit ClpX
Phum-OR502AA_023_000310.1	eggnog	Ammonium Transporter Family
Phum-OR502AA_023_000054.1	eggnog	Ammonium Transporter Family
Phum-OR502AA_023_000055.1	eggnog	Ammonium Transporter Family
Phum-OR502AA_023_000309.1	eggnog	Ammonium Transporter Family
Phum-OR502AA_023_000056.1	eggnog	Ammonium Transporter Family
Phum-OR502AA_023_000057.1	unannotated	Hypothetical protein of unknown function
Phum-OR502AA_023_000308.1	eggnog	domain-containing protein
Phum-OR502AA_023_000307.1	eggnog	Solute carrier family 35
Phum-OR502AA_023_000058.1	blastp	Homology to Peronospora destructor predicted protein CAI5720845.1
Phum-OR502AA_023_000306.1	blastp	Homology to Phytophthora rubi predicted protein KAE9032843.1
Phum-OR502AA_023_000305.1	eggnog	2OG-Fe(II) oxygenase superfamily
Phum-OR502AA_023_000304.1	eggnog	FKBP-type peptidyl-prolyl cis-trans isomerase
Phum-OR502AA_023_000303.1	blastp	Homology to Phytophthora cinnamomi predicted protein KAG6579890.1
Phum-OR502AA_023_000059.1	blastp	Homology to Peronospora destructor predicted protein CAI5720822.1
Phum-OR502AA_023_000060.1	eggnog	ATPase family associated with various cellular activities (AAA)
Phum-OR502AA_023_000302.1	eggnog	The proteasome is a multicatalytic proteinase complex which is characterized by its ability to cleave peptides with Arg, Phe, Tyr, Leu, and Glu adjacent to the leaving group at neutral or slightly basic pH
Phum-OR502AA_023_000301.1	interproscan	PTHR13219 domain-containing protein
Phum-OR502AA_023_000061.1	eggnog	Seems to be required for maximal rate of protein biosynthesis
Phum-OR502AA_023_000300.1	eggnog	Tetratricopeptide repeat
Phum-OR502AA_023_000062.1	eggnog	Holliday junction DNA helicase ruvB N-terminus
Phum-OR502AA_023_000299.1	eggnog	Belongs to the TRAFAC class myosin-kinesin ATPase superfamily
Phum-OR502AA_023_000298.1	eggnog	Belongs to the TRAFAC class myosin-kinesin ATPase superfamily
Phum-OR502AA_023_000063.1	eggnog	Cleft lip and palate transmembrane protein 1 (CLPTM1)
Phum-OR502AA_023_000064.1	eggnog	Cleft lip and palate transmembrane protein 1 (CLPTM1)
Phum-OR502AA_023_000065.1	eggnog	Leucine Rich Repeat
Phum-OR502AA_023_000297.1	eggnog	Leucine Rich Repeat
Phum-OR502AA_023_000066.1	eggnog	Cleft lip and palate transmembrane protein 1 (CLPTM1)
Phum-OR502AA_023_000067.1	eggnog	Cleft lip and palate transmembrane protein 1 (CLPTM1)
Phum-OR502AA_023_000068.1	eggnog	Cleft lip and palate transmembrane protein 1 (CLPTM1)
Phum-OR502AA_023_000069.1	eggnog	Cleft lip and palate transmembrane protein 1 (CLPTM1)
Phum-OR502AA_023_000070.1	eggnog	Cleft lip and palate transmembrane protein 1 (CLPTM1)
Phum-OR502AA_023_000071.1	eggnog	Cleft lip and palate transmembrane protein 1 (CLPTM1)
Phum-OR502AA_023_000072.1	eggnog	Cleft lip and palate transmembrane protein 1 (CLPTM1)
Phum-OR502AA_023_000073.1	eggnog	Cleft lip and palate transmembrane protein 1 (CLPTM1)
Phum-OR502AA_023_000074.1	eggnog	Cleft lip and palate transmembrane protein 1 (CLPTM1)
Phum-OR502AA_023_000075.1	eggnog	Cleft lip and palate transmembrane protein 1 (CLPTM1)
Phum-OR502AA_023_000076.1	eggnog	Cleft lip and palate transmembrane protein 1 (CLPTM1)
Phum-OR502AA_023_000077.1	eggnog	Cleft lip and palate transmembrane protein 1 (CLPTM1)
Phum-OR502AA_023_000078.1	eggnog	Cleft lip and palate transmembrane protein 1 (CLPTM1)
Phum-OR502AA_023_000079.1	eggnog	Cleft lip and palate transmembrane protein 1 (CLPTM1)
Phum-OR502AA_023_000080.1	eggnog	Cleft lip and palate transmembrane protein 1 (CLPTM1)
Phum-OR502AA_023_000081.1	eggnog	Cleft lip and palate transmembrane protein 1 (CLPTM1)
Phum-OR502AA_023_000082.1	eggnog	Cleft lip and palate transmembrane protein 1 (CLPTM1)
Phum-OR502AA_023_000083.1	eggnog	Cleft lip and palate transmembrane protein 1 (CLPTM1)
Phum-OR502AA_023_000084.1	eggnog	Cleft lip and palate transmembrane protein 1 (CLPTM1)
Phum-OR502AA_023_000085.1	eggnog	Cleft lip and palate transmembrane protein 1 (CLPTM1)
Phum-OR502AA_023_000086.1	eggnog	Cleft lip and palate transmembrane protein 1 (CLPTM1)
Phum-OR502AA_023_000087.1	eggnog	Cleft lip and palate transmembrane protein 1 (CLPTM1)
Phum-OR502AA_023_000088.1	eggnog	Cleft lip and palate transmembrane protein 1 (CLPTM1)
Phum-OR502AA_023_000089.1	eggnog	Cleft lip and palate transmembrane protein 1 (CLPTM1)
Phum-OR502AA_023_000090.1	eggnog	Cleft lip and palate transmembrane protein 1 (CLPTM1)
Phum-OR502AA_023_000091.1	eggnog	Cleft lip and palate transmembrane protein 1 (CLPTM1)
Phum-OR502AA_023_000092.1	eggnog	Cleft lip and palate transmembrane protein 1 (CLPTM1)
Phum-OR502AA_023_000093.1	eggnog	Cleft lip and palate transmembrane protein 1 (CLPTM1)
Phum-OR502AA_023_000094.1	eggnog	Cleft lip and palate transmembrane protein 1 (CLPTM1)
Phum-OR502AA_023_000095.1	eggnog	Cleft lip and palate transmembrane protein 1 (CLPTM1)
Phum-OR502AA_023_000096.1	eggnog	Cleft lip and palate transmembrane protein 1 (CLPTM1)
Phum-OR502AA_023_000097.1	eggnog	Cleft lip and palate transmembrane protein 1 (CLPTM1)
Phum-OR502AA_023_000098.1	eggnog	Cleft lip and palate transmembrane protein 1 (CLPTM1)
Phum-OR502AA_023_000099.1	eggnog	Cleft lip and palate transmembrane protein 1 (CLPTM1)
Phum-OR502AA_023_000100.1	eggnog	Cleft lip and palate transmembrane protein 1 (CLPTM1)
Phum-OR502AA_023_000101.1	eggnog	Cleft lip and palate transmembrane protein 1 (CLPTM1)
Phum-OR502AA_023_000102.1	eggnog	Cleft lip and palate transmembrane protein 1 (CLPTM1)
Phum-OR502AA_023_000103.1	eggnog	Cleft lip and palate transmembrane protein 1 (CLPTM1)
Phum-OR502AA_023_000104.1	eggnog	Cleft lip and palate transmembrane protein 1 (CLPTM1)
Phum-OR502AA_023_000105.1	eggnog	Leucine Rich Repeat
Phum-OR502AA_023_000296.1	eggnog	Leucine Rich Repeat
Phum-OR502AA_023_000106.1	eggnog	Cleft lip and palate transmembrane protein 1 (CLPTM1)
Phum-OR502AA_023_000295.1	eggnog	domain-containing protein
Phum-OR502AA_023_000107.1	unannotated	Hypothetical protein of unknown function
Phum-OR502AA_023_000294.1	unannotated	Hypothetical protein of unknown function
Phum-OR502AA_023_000293.1	unannotated	Hypothetical protein of unknown function
Phum-OR502AA_023_000292.1	unannotated	Hypothetical protein of unknown function
Phum-OR502AA_023_000291.1	unannotated	Hypothetical protein of unknown function
Phum-OR502AA_023_000290.1	unannotated	Hypothetical protein of unknown function
Phum-OR502AA_023_000289.1	unannotated	Hypothetical protein of unknown function
Phum-OR502AA_023_000288.1	unannotated	Hypothetical protein of unknown function
Phum-OR502AA_023_000287.1	unannotated	Hypothetical protein of unknown function
Phum-OR502AA_023_000286.1	unannotated	Hypothetical protein of unknown function
Phum-OR502AA_023_000285.1	unannotated	Hypothetical protein of unknown function
Phum-OR502AA_023_000284.1	unannotated	Hypothetical protein of unknown function
Phum-OR502AA_023_000283.1	unannotated	Hypothetical protein of unknown function
Phum-OR502AA_023_000282.1	unannotated	Hypothetical protein of unknown function
Phum-OR502AA_023_000281.1	unannotated	Hypothetical protein of unknown function
Phum-OR502AA_023_000280.1	unannotated	Hypothetical protein of unknown function
Phum-OR502AA_023_000279.1	unannotated	Hypothetical protein of unknown function
Phum-OR502AA_023_000278.1	unannotated	Hypothetical protein of unknown function
Phum-OR502AA_023_000277.1	unannotated	Hypothetical protein of unknown function
Phum-OR502AA_023_000276.1	unannotated	Hypothetical protein of unknown function
Phum-OR502AA_023_000275.1	unannotated	Hypothetical protein of unknown function
Phum-OR502AA_023_000274.1	unannotated	Hypothetical protein of unknown function
Phum-OR502AA_023_000273.1	unannotated	Hypothetical protein of unknown function
Phum-OR502AA_023_000272.1	unannotated	Hypothetical protein of unknown function
Phum-OR502AA_023_000271.1	unannotated	Hypothetical protein of unknown function
Phum-OR502AA_023_000270.1	unannotated	Hypothetical protein of unknown function
Phum-OR502AA_023_000269.1	unannotated	Hypothetical protein of unknown function
Phum-OR502AA_023_000268.1	unannotated	Hypothetical protein of unknown function
Phum-OR502AA_023_000267.1	unannotated	Hypothetical protein of unknown function
Phum-OR502AA_023_000266.1	unannotated	Hypothetical protein of unknown function
Phum-OR502AA_023_000265.1	unannotated	Hypothetical protein of unknown function
Phum-OR502AA_023_000264.1	unannotated	Hypothetical protein of unknown function
Phum-OR502AA_023_000263.1	unannotated	Hypothetical protein of unknown function
Phum-OR502AA_023_000262.1	unannotated	Hypothetical protein of unknown function
Phum-OR502AA_023_000261.1	unannotated	Hypothetical protein of unknown function
Phum-OR502AA_023_000260.1	unannotated	Hypothetical protein of unknown function
Phum-OR502AA_023_000259.1	unannotated	Hypothetical protein of unknown function
Phum-OR502AA_023_000258.1	unannotated	Hypothetical protein of unknown function
Phum-OR502AA_023_000257.1	unannotated	Hypothetical protein of unknown function
Phum-OR502AA_023_000256.1	unannotated	Hypothetical protein of unknown function
Phum-OR502AA_023_000255.1	unannotated	Hypothetical protein of unknown function
Phum-OR502AA_023_000254.1	unannotated	Hypothetical protein of unknown function
Phum-OR502AA_023_000253.1	unannotated	Hypothetical protein of unknown function
Phum-OR502AA_023_000252.1	unannotated	Hypothetical protein of unknown function
Phum-OR502AA_023_000251.1	unannotated	Hypothetical protein of unknown function
Phum-OR502AA_023_000250.1	unannotated	Hypothetical protein of unknown function
Phum-OR502AA_023_000249.1	unannotated	Hypothetical protein of unknown function
Phum-OR502AA_023_000248.1	unannotated	Hypothetical protein of unknown function
Phum-OR502AA_023_000247.1	unannotated	Hypothetical protein of unknown function
Phum-OR502AA_023_000246.1	unannotated	Hypothetical protein of unknown function
Phum-OR502AA_023_000245.1	unannotated	Hypothetical protein of unknown function
Phum-OR502AA_023_000244.1	unannotated	Hypothetical protein of unknown function
Phum-OR502AA_023_000243.1	unannotated	Hypothetical protein of unknown function
Phum-OR502AA_023_000242.1	unannotated	Hypothetical protein of unknown function
Phum-OR502AA_023_000241.1	unannotated	Hypothetical protein of unknown function
Phum-OR502AA_023_000240.1	unannotated	Hypothetical protein of unknown function
Phum-OR502AA_023_000239.1	unannotated	Hypothetical protein of unknown function
Phum-OR502AA_023_000238.1	unannotated	Hypothetical protein of unknown function
Phum-OR502AA_023_000237.1	eggnog	CRN domain-containing protein-containing protein
Phum-OR502AA_023_000236.1	unannotated	Hypothetical protein of unknown function
Phum-OR502AA_023_000235.1	eggnog	Belongs to the TRAFAC class myosin-kinesin ATPase superfamily
Phum-OR502AA_023_000234.1	eggnog	AMP-binding enzyme
Phum-OR502AA_023_000108.1	unannotated	Hypothetical protein of unknown function
Phum-OR502AA_023_000109.1	unannotated	Hypothetical protein of unknown function
Phum-OR502AA_023_000110.1	unannotated	Hypothetical protein of unknown function
Phum-OR502AA_023_000111.1	unannotated	Hypothetical protein of unknown function
Phum-OR502AA_023_000112.1	unannotated	Hypothetical protein of unknown function
Phum-OR502AA_023_000113.1	unannotated	Hypothetical protein of unknown function
Phum-OR502AA_023_000114.1	unannotated	Hypothetical protein of unknown function
Phum-OR502AA_023_000115.1	unannotated	Hypothetical protein of unknown function
Phum-OR502AA_023_000116.1	unannotated	Hypothetical protein of unknown function
Phum-OR502AA_023_000117.1	unannotated	Hypothetical protein of unknown function
Phum-OR502AA_023_000118.1	unannotated	Hypothetical protein of unknown function
Phum-OR502AA_023_000119.1	unannotated	Hypothetical protein of unknown function
Phum-OR502AA_023_000120.1	unannotated	Hypothetical protein of unknown function
Phum-OR502AA_023_000121.1	unannotated	Hypothetical protein of unknown function
Phum-OR502AA_023_000122.1	unannotated	Hypothetical protein of unknown function
Phum-OR502AA_023_000123.1	unannotated	Hypothetical protein of unknown function
Phum-OR502AA_023_000124.1	unannotated	Hypothetical protein of unknown function
Phum-OR502AA_023_000125.1	unannotated	Hypothetical protein of unknown function
Phum-OR502AA_023_000126.1	unannotated	Hypothetical protein of unknown function
Phum-OR502AA_023_000127.1	unannotated	Hypothetical protein of unknown function
Phum-OR502AA_023_000128.1	unannotated	Hypothetical protein of unknown function
Phum-OR502AA_023_000129.1	unannotated	Hypothetical protein of unknown function
Phum-OR502AA_023_000130.1	unannotated	Hypothetical protein of unknown function
Phum-OR502AA_023_000131.1	unannotated	Hypothetical protein of unknown function
Phum-OR502AA_023_000132.1	unannotated	Hypothetical protein of unknown function
Phum-OR502AA_023_000133.1	unannotated	Hypothetical protein of unknown function
Phum-OR502AA_023_000134.1	unannotated	Hypothetical protein of unknown function
Phum-OR502AA_023_000135.1	unannotated	Hypothetical protein of unknown function
Phum-OR502AA_023_000136.1	unannotated	Hypothetical protein of unknown function
Phum-OR502AA_023_000137.1	unannotated	Hypothetical protein of unknown function
Phum-OR502AA_023_000138.1	unannotated	Hypothetical protein of unknown function
Phum-OR502AA_023_000139.1	unannotated	Hypothetical protein of unknown function
Phum-OR502AA_023_000140.1	unannotated	Hypothetical protein of unknown function
Phum-OR502AA_023_000141.1	unannotated	Hypothetical protein of unknown function
Phum-OR502AA_023_000142.1	unannotated	Hypothetical protein of unknown function
Phum-OR502AA_023_000143.1	unannotated	Hypothetical protein of unknown function
Phum-OR502AA_023_000144.1	unannotated	Hypothetical protein of unknown function
Phum-OR502AA_023_000145.1	unannotated	Hypothetical protein of unknown function
Phum-OR502AA_023_000146.1	unannotated	Hypothetical protein of unknown function
Phum-OR502AA_023_000147.1	unannotated	Hypothetical protein of unknown function
Phum-OR502AA_023_000148.1	unannotated	Hypothetical protein of unknown function
Phum-OR502AA_023_000149.1	unannotated	Hypothetical protein of unknown function
Phum-OR502AA_023_000150.1	unannotated	Hypothetical protein of unknown function
Phum-OR502AA_023_000151.1	unannotated	Hypothetical protein of unknown function
Phum-OR502AA_023_000152.1	unannotated	Hypothetical protein of unknown function
Phum-OR502AA_023_000153.1	unannotated	Hypothetical protein of unknown function
Phum-OR502AA_023_000154.1	unannotated	Hypothetical protein of unknown function
Phum-OR502AA_023_000155.1	unannotated	Hypothetical protein of unknown function
Phum-OR502AA_023_000156.1	unannotated	Hypothetical protein of unknown function
Phum-OR502AA_023_000157.1	unannotated	Hypothetical protein of unknown function
Phum-OR502AA_023_000158.1	unannotated	Hypothetical protein of unknown function
Phum-OR502AA_023_000159.1	unannotated	Hypothetical protein of unknown function
Phum-OR502AA_023_000160.1	unannotated	Hypothetical protein of unknown function
Phum-OR502AA_023_000161.1	unannotated	Hypothetical protein of unknown function
Phum-OR502AA_023_000162.1	unannotated	Hypothetical protein of unknown function
Phum-OR502AA_023_000163.1	unannotated	Hypothetical protein of unknown function
Phum-OR502AA_023_000164.1	unannotated	Hypothetical protein of unknown function
Phum-OR502AA_023_000165.1	unannotated	Hypothetical protein of unknown function
Phum-OR502AA_023_000166.1	eggnog	domain-containing protein
Phum-OR502AA_023_000167.1	eggnog	Phospholipase/Carboxylesterase
Phum-OR502AA_023_000168.1	eggnog	Belongs to the TRAFAC class myosin-kinesin ATPase superfamily
Phum-OR502AA_023_000233.1	eggnog	chitobiosyldiphosphodolichol beta-mannosyltransferase activity
Phum-OR502AA_023_000232.1	eggnog	chitobiosyldiphosphodolichol beta-mannosyltransferase activity
Phum-OR502AA_023_000231.1	eggnog	domain-containing protein
Phum-OR502AA_023_000169.1	interproscan	G3DSA:2.30.30.140 domain-containing protein
Phum-OR502AA_023_000170.1	eggnog	Belongs to the TRAFAC class myosin-kinesin ATPase superfamily
Phum-OR502AA_023_000171.1	eggnog	domain-containing protein
Phum-OR502AA_023_000172.1	eggnog	domain-containing protein
Phum-OR502AA_023_000173.1	eggnog	AMP-binding enzyme
Phum-OR502AA_023_000174.1	blastp	Homology to Phytophthora lilii predicted protein GMF12280.1
Phum-OR502AA_023_000230.1	eggnog	Ankyrin repeat
Phum-OR502AA_023_000175.1	eggnog	Ankyrin repeat
Phum-OR502AA_023_000229.1	blastp	Homology to Phytophthora lilii predicted protein GMF12280.1
Phum-OR502AA_023_000176.1	eggnog	domain-containing protein
Phum-OR502AA_023_000228.1	eggnog	domain-containing protein
Phum-OR502AA_023_000177.1	eggnog	Putative zinc finger in N-recognin (UBR box)
Phum-OR502AA_023_000178.1	interproscan	PTHR33946 domain-containing protein
Phum-OR502AA_023_000179.1	interproscan	PTHR33946 domain-containing protein
Phum-OR502AA_023_000180.1	interproscan	PTHR33946 domain-containing protein
Phum-OR502AA_023_000227.1	blastp	Homology to Phytophthora citrophthora predicted protein KAK1934126.1
Phum-OR502AA_023_000226.1	blastp	Homology to Phytophthora idaei predicted protein KAG3111956.1
Phum-OR502AA_023_000181.1	blastp	Homology to Phytophthora nicotianae predicted protein XP_008900451.1
Phum-OR502AA_023_000182.1	eggnog	Short calmodulin-binding motif containing conserved Ile and Gln residues
Phum-OR502AA_023_000225.1	eggnog	Leucine Rich Repeat
Phum-OR502AA_023_000183.1	eggnog	RNA recognition motif
Phum-OR502AA_023_000224.1	eggnog	Prolyl 4-hydroxylase alpha subunit homologues
Phum-OR502AA_023_000184.1	eggnog	Cleft lip and palate transmembrane protein 1 (CLPTM1)
Phum-OR502AA_023_000223.1	eggnog	Short calmodulin-binding motif containing conserved Ile and Gln residues
Phum-OR502AA_023_000222.1	blastp	Homology to Phytophthora nicotianae predicted protein XP_008900451.1
Phum-OR502AA_023_000221.1	blastp	Homology to Peronospora belbahrii predicted protein CAH0482311.1
Phum-OR502AA_023_000185.1	eggnog	Short calmodulin-binding motif containing conserved Ile and Gln residues
Phum-OR502AA_023_000220.1	eggnog	Leucine Rich Repeat
Phum-OR502AA_023_000219.1	eggnog	Cleft lip and palate transmembrane protein 1 (CLPTM1)
Phum-OR502AA_023_000186.1	unannotated	Hypothetical protein of unknown function
Phum-OR502AA_023_000187.1	interproscan	PTHR31973 domain-containing protein
Phum-OR502AA_023_000218.1	eggnog	Prolyl 4-hydroxylase alpha subunit homologues
Phum-OR502AA_023_000217.1	eggnog	Legume-like lectin family
Phum-OR502AA_023_000216.1	eggnog	Legume-like lectin family
Phum-OR502AA_023_000188.1	eggnog	Domain present in PSD-95, Dlg, and ZO-1/2
Phum-OR502AA_023_000189.1	eggnog	Legume-like lectin family
Phum-OR502AA_023_000190.1	eggnog	Prolyl 4-hydroxylase alpha subunit homologues
Phum-OR502AA_023_000215.1	eggnog	RNA recognition motif
Phum-OR502AA_023_000191.1	eggnog	domain-containing protein
Phum-OR502AA_023_000214.1	blastp	Homology to Peronospora farinosa predicted protein CAH0485166.1
Phum-OR502AA_023_000213.1	unannotated	Hypothetical protein of unknown function
Phum-OR502AA_023_000192.1	eggnog	Belongs to the glycosyl hydrolase 31 family
Phum-OR502AA_023_000193.1	unannotated	Hypothetical protein of unknown function
Phum-OR502AA_023_000212.1	eggnog	Belongs to the glycosyl hydrolase 31 family
Phum-OR502AA_023_000194.1	blastp	Homology to Peronospora farinosa predicted protein CAH0485166.1
Phum-OR502AA_023_000211.1	unannotated	Hypothetical protein of unknown function
Phum-OR502AA_023_000210.1	eggnog	Belongs to the glycosyl hydrolase 31 family
Phum-OR502AA_023_000195.1	interproscan	PTHR33946 domain-containing protein
Phum-OR502AA_023_000209.1	eggnog	Rab subfamily of small GTPases
Phum-OR502AA_023_000196.1	eggnog	Lipase (class 3)
Phum-OR502AA_023_000208.1	eggnog	Vacuolar-sorting-associated 13 protein C-terminal
Phum-OR502AA_023_000197.1	interproscan	PTHR12825 domain-containing protein
Phum-OR502AA_023_000198.1	blastp	Homology to Peronospora effusa predicted protein RMX66757.1
Phum-OR502AA_023_000207.1	eggnog	4-hydroxyphenylpyruvate dioxygenase
Phum-OR502AA_023_000206.1	eggnog	domain-containing protein
Phum-OR502AA_023_000199.1	eggnog	domain-containing protein
Phum-OR502AA_023_000205.1	blastp	Homology to Phytophthora ramorum predicted protein KAH7470516.1
Phum-OR502AA_023_000204.1	eggnog	Phosphate transport (Pho88)
Phum-OR502AA_023_000203.1	eggnog	Phosphate transport (Pho88)
Phum-OR502AA_023_000202.1	eggnog	eukaryotic translation initiation factor 2alpha kinase activity
Phum-OR502AA_023_000200.1	blastp	Homology to Peronospora effusa predicted protein UIZ23644.1
Phum-OR502AA_023_000201.1	eggnog	calcium ion binding
Phum-OR502AA_024_000405.1	eggnog	transcription initiation from RNA polymerase III promoter
Phum-OR502AA_024_000404.1	eggnog	transcription initiation from RNA polymerase III promoter
Phum-OR502AA_024_000001.1	eggnog	Dimerisation domain of Zinc Transporter
Phum-OR502AA_024_000002.1	interproscan	DLC-like_DNAL4 (cd21453)
Phum-OR502AA_024_000403.1	blastp	Homology to Peronospora destructor predicted protein CAI5732015.1
Phum-OR502AA_024_000402.1	eggnog	Plasma-membrane choline transporter
Phum-OR502AA_024_000003.1	eggnog	The ARF-like 2 binding protein BART
Phum-OR502AA_024_000401.1	eggnog	Calpain family cysteine protease
Phum-OR502AA_024_000004.1	eggnog	Severs microtubules in vitro in an ATP-dependent manner (KATNAL2)
Phum-OR502AA_024_000005.1	eggnog	Ribosomal protein S28e
Phum-OR502AA_024_000400.1	eggnog	Positively regulates the activity of the minus-end directed microtubule motor protein dynein
Phum-OR502AA_024_000006.1	eggnog	isochorismatase domain-containing protein (MAR1)
Phum-OR502AA_024_000399.1	eggnog	Crinkler (CRN) family protein
Phum-OR502AA_024_000007.1	interproscan	PTHR31737 domain-containing protein
Phum-OR502AA_024_000398.1	interproscan	PTHR31737 domain-containing protein
Phum-OR502AA_024_000008.1	eggnog	isochorismatase domain-containing protein (MAR1)
Phum-OR502AA_024_000397.1	eggnog	XPG domain containing
Phum-OR502AA_024_000396.1	eggnog	XPG domain containing
Phum-OR502AA_024_000009.1	eggnog	basic region leucin zipper
Phum-OR502AA_024_000395.1	eggnog	Peptidase C26
Phum-OR502AA_024_000010.1	eggnog	N-terminal domain of ribose phosphate pyrophosphokinase
Phum-OR502AA_024_000011.1	eggnog	Crinkler (CRN) family protein
Phum-OR502AA_024_000394.1	eggnog	domain-containing protein
Phum-OR502AA_024_000012.1	blastp	Homology to Peronospora farinosa predicted protein CAH0490766.1
Phum-OR502AA_024_000393.1	unannotated	Hypothetical protein of unknown function
Phum-OR502AA_024_000392.1	eggnog	Broad-Complex, Tramtrack and Bric a brac
Phum-OR502AA_024_000013.1	eggnog	Tetratricopeptide repeats
Phum-OR502AA_024_000391.1	eggnog	Eukaryotic integral membrane protein (DUF1751)
Phum-OR502AA_024_000014.1	eggnog	FG-GAP repeat
Phum-OR502AA_024_000015.1	eggnog	ADP-ribosylglycohydrolase
Phum-OR502AA_024_000016.1	eggnog	Protein tyrosine kinase
Phum-OR502AA_024_000390.1	eggnog	Protein tyrosine kinase
Phum-OR502AA_024_000017.1	interproscan	PTHR34612 domain-containing protein
Phum-OR502AA_024_000389.1	eggnog	domain-containing protein
Phum-OR502AA_024_000388.1	eggnog	Syntaxin-like protein
Phum-OR502AA_024_000018.1	interproscan	PTHR34612 domain-containing protein
Phum-OR502AA_024_000019.1	eggnog	Belongs to the glycosyl hydrolase 1 family
Phum-OR502AA_024_000020.1	interproscan	PTHR34612 domain-containing protein
Phum-OR502AA_024_000021.1	blastp	Homology to Phytophthora capsici predicted protein KAG1695705.1
Phum-OR502AA_024_000387.1	eggnog	DNA-binding transcription factor activity
Phum-OR502AA_024_000022.1	eggnog	domain-containing protein
Phum-OR502AA_024_000023.1	unannotated	Hypothetical protein of unknown function
Phum-OR502AA_024_000024.1	eggnog	beta-galactosidase activity
Phum-OR502AA_024_000386.1	unannotated	Hypothetical protein of unknown function
Phum-OR502AA_024_000385.1	unannotated	Hypothetical protein of unknown function
Phum-OR502AA_024_000384.1	interproscan	PTHR34612 domain-containing protein
Phum-OR502AA_024_000383.1	blastp	Homology to Phytophthora rubi predicted protein KAE9047082.1
Phum-OR502AA_024_000382.1	interproscan	PTHR34612 domain-containing protein
Phum-OR502AA_024_000025.1	interproscan	PTHR34612 domain-containing protein
Phum-OR502AA_024_000381.1	interproscan	PTHR34612 domain-containing protein
Phum-OR502AA_024_000380.1	blastp	Homology to Lagenidium giganteum predicted protein DBA03569.1
Phum-OR502AA_024_000379.1	blastp	Homology to Phytophthora pseudosyringae predicted protein KAG7386656.1
Phum-OR502AA_024_000378.1	blastp	Homology to Phytophthora nicotianae predicted protein ETL97358.1
Phum-OR502AA_024_000026.1	eggnog	Phosphopantetheine attachment site
Phum-OR502AA_024_000377.1	eggnog	FYVE zinc finger
Phum-OR502AA_024_000376.1	eggnog	Nucleotide-sugar transporter
Phum-OR502AA_024_000375.1	blastp	Homology to Peronospora belbahrii predicted protein CAH0473757.1
Phum-OR502AA_024_000027.1	eggnog	GTPase that plays an essential role in the late steps of ribosome biogenesis
Phum-OR502AA_024_000374.1	eggnog	Zinc-binding
Phum-OR502AA_024_000373.1	eggnog	Zinc-binding
Phum-OR502AA_024_000028.1	blastp	Homology to Phytophthora pseudosyringae predicted protein KAG7386644.1
Phum-OR502AA_024_000372.1	interproscan	PTHR31935 domain-containing protein
Phum-OR502AA_024_000371.1	interproscan	PTHR31723 domain-containing protein
Phum-OR502AA_024_000370.1	unannotated	Hypothetical protein of unknown function
Phum-OR502AA_024_000369.1	unannotated	Hypothetical protein of unknown function
Phum-OR502AA_024_000368.1	unannotated	Hypothetical protein of unknown function
Phum-OR502AA_024_000367.1	unannotated	Hypothetical protein of unknown function
Phum-OR502AA_024_000366.1	unannotated	Hypothetical protein of unknown function
Phum-OR502AA_024_000365.1	unannotated	Hypothetical protein of unknown function
Phum-OR502AA_024_000364.1	unannotated	Hypothetical protein of unknown function
Phum-OR502AA_024_000363.1	eggnog	calcium export from the mitochondrion
Phum-OR502AA_024_000029.1	blastp	Homology to Phytophthora megakarya predicted protein OWY98464.1
Phum-OR502AA_024_000030.1	eggnog	motif in proteasome subunits, Int-6, Nip-1 and TRIP-15
Phum-OR502AA_024_000362.1	unannotated	Hypothetical protein of unknown function
Phum-OR502AA_024_000361.1	unannotated	Hypothetical protein of unknown function
Phum-OR502AA_024_000031.1	eggnog	Ion channel
Phum-OR502AA_024_000360.1	eggnog	Ion channel
Phum-OR502AA_024_000359.1	eggnog	P-loop containing dynein motor region D4
Phum-OR502AA_024_000358.1	eggnog	P-loop containing dynein motor region D4
Phum-OR502AA_024_000357.1	eggnog	Peptidase family M41
Phum-OR502AA_024_000032.1	unannotated	Hypothetical protein of unknown function
Phum-OR502AA_024_000033.1	unannotated	Hypothetical protein of unknown function
Phum-OR502AA_024_000034.1	eggnog	Ubiquitin homologues
Phum-OR502AA_024_000356.1	blastp	Homology to Peronospora effusa predicted protein RMX69391.1
Phum-OR502AA_024_000035.1	unannotated	Hypothetical protein of unknown function
Phum-OR502AA_024_000355.1	blastp	Homology to Phytophthora nicotianae predicted protein XP_008903170.1
Phum-OR502AA_024_000036.1	eggnog	CDP-alcohol phosphatidyltransferase
Phum-OR502AA_024_000354.1	eggnog	Peptidase C65 Otubain
Phum-OR502AA_024_000353.1	blastp	Homology to Peronospora farinosa predicted protein CAH0489568.1
Phum-OR502AA_024_000037.1	blastp	Homology to Phytophthora cactorum predicted protein KAF1774694.1
Phum-OR502AA_024_000038.1	eggnog	MYND finger
Phum-OR502AA_024_000352.1	eggnog	Belongs to the DHHC palmitoyltransferase family
Phum-OR502AA_024_000351.1	eggnog	Belongs to the DHHC palmitoyltransferase family
Phum-OR502AA_024_000350.1	eggnog	NADH:flavin oxidoreductase / NADH oxidase family
Phum-OR502AA_024_000039.1	eggnog	Hexapeptide repeat of succinyl-transferase
Phum-OR502AA_024_000349.1	unannotated	Hypothetical protein of unknown function
Phum-OR502AA_024_000040.1	eggnog	secreted RxLR effector peptide protein
Phum-OR502AA_024_000348.1	eggnog	domain-containing protein
Phum-OR502AA_024_000041.1	eggnog	domain-containing protein
Phum-OR502AA_024_000347.1	blastp	Homology to Phytophthora pseudosyringae predicted protein KAG7380516.1
Phum-OR502AA_024_000346.1	interproscan	PTHR13510 domain-containing protein
Phum-OR502AA_024_000345.1	eggnog	Holliday junction DNA helicase ruvB N-terminus
Phum-OR502AA_024_000042.1	eggnog	Tubulin binding cofactor C
Phum-OR502AA_024_000043.1	eggnog	PCO_ADO
Phum-OR502AA_024_000344.1	eggnog	PCO_ADO
Phum-OR502AA_024_000343.1	eggnog	Tubulin binding cofactor C
Phum-OR502AA_024_000044.1	eggnog	Holliday junction DNA helicase ruvB N-terminus
Phum-OR502AA_024_000045.1	unannotated	Hypothetical protein of unknown function
Phum-OR502AA_024_000046.1	eggnog	Tubulin binding cofactor C
Phum-OR502AA_024_000047.1	eggnog	Tubulin binding cofactor C
Phum-OR502AA_024_000048.1	eggnog	domain-containing protein
Phum-OR502AA_024_000049.1	eggnog	Uncharacterized protein family UPF0016
Phum-OR502AA_024_000342.1	eggnog	inositol 1,4,5-trisphosphate-sensitive calcium-release channel activity
Phum-OR502AA_024_000341.1	blastp	Homology to Phytophthora lilii predicted protein GMF10640.1
Phum-OR502AA_024_000340.1	blastp	Homology to Peronospora effusa predicted protein RMX63548.1
Phum-OR502AA_024_000339.1	interproscan	PTHR34894 domain-containing protein
Phum-OR502AA_024_000338.1	eggnog	Proteasome activator pa28 beta subunit
Phum-OR502AA_024_000337.1	eggnog	domain-containing protein
Phum-OR502AA_024_000050.1	eggnog	domain-containing protein
Phum-OR502AA_024_000051.1	eggnog	primary palate development
Phum-OR502AA_024_000052.1	eggnog	Proteasome activator pa28 beta subunit
Phum-OR502AA_024_000053.1	interproscan	PTHR34894 domain-containing protein
Phum-OR502AA_024_000336.1	eggnog	Adenosylmethionine decarboxylase
Phum-OR502AA_024_000335.1	eggnog	Glucosidase II beta subunit-like protein
Phum-OR502AA_024_000054.1	blastp	Homology to Phytophthora cactorum predicted protein KAG3005524.1
Phum-OR502AA_024_000334.1	eggnog	domain-containing protein
Phum-OR502AA_024_000055.1	eggnog	cell cycle
Phum-OR502AA_024_000333.1	blastp	Homology to Peronospora destructor predicted protein CAI5718717.1
Phum-OR502AA_024_000056.1	eggnog	Coenzyme A synthase
Phum-OR502AA_024_000332.1	blastp	Homology to Phytophthora megakarya predicted protein OWZ06651.1
Phum-OR502AA_024_000057.1	interproscan	PTHR13510 domain-containing protein
Phum-OR502AA_024_000331.1	eggnog	Metallo-beta-lactamase superfamily
Phum-OR502AA_024_000058.1	eggnog	tRNA pseudouridine synthase D (TruD)
Phum-OR502AA_024_000330.1	eggnog	G-quadruplex DNA binding
Phum-OR502AA_024_000059.1	eggnog	domain-containing protein
Phum-OR502AA_024_000329.1	eggnog	Ribosomal L22e protein family
Phum-OR502AA_024_000060.1	eggnog	60s Acidic ribosomal protein
Phum-OR502AA_024_000328.1	eggnog	ADP-ribosylation factor family
Phum-OR502AA_024_000061.1	interproscan	PTHR46586 domain-containing protein
Phum-OR502AA_024_000062.1	eggnog	methyl-CpNpN binding
Phum-OR502AA_024_000063.1	interproscan	G3DSA:3.30.40.10 domain-containing protein
Phum-OR502AA_024_000327.1	unannotated	Hypothetical protein of unknown function
Phum-OR502AA_024_000064.1	eggnog	Cutinase
Phum-OR502AA_024_000065.1	eggnog	Secreted RxLR effector peptide protein
Phum-OR502AA_024_000326.1	eggnog	Cutinase
Phum-OR502AA_024_000066.1	unannotated	Hypothetical protein of unknown function
Phum-OR502AA_024_000325.1	eggnog	methyl-CpNpN binding
Phum-OR502AA_024_000324.1	interproscan	PTHR46586 domain-containing protein
Phum-OR502AA_024_000323.1	eggnog	tRNA pseudouridine synthase D (TruD)
Phum-OR502AA_024_000067.1	eggnog	tRNA synthetases class II core domain (F)
Phum-OR502AA_024_000322.1	eggnog	Mitochondrial carrier protein
Phum-OR502AA_024_000068.1	unannotated	Hypothetical protein of unknown function
Phum-OR502AA_024_000321.1	eggnog	Cation efflux family
Phum-OR502AA_024_000069.1	eggnog	Tetratricopeptide repeat
Phum-OR502AA_024_000320.1	eggnog	Brix
Phum-OR502AA_024_000070.1	eggnog	Utp14 protein
Phum-OR502AA_024_000071.1	unannotated	Hypothetical protein of unknown function
Phum-OR502AA_024_000319.1	eggnog	Utp14 protein
Phum-OR502AA_024_000318.1	blastp	Homology to Phytophthora nicotianae predicted protein ETP36104.1
Phum-OR502AA_024_000072.1	eggnog	Utp14 protein
Phum-OR502AA_024_000317.1	eggnog	Protein tyrosine kinase
Phum-OR502AA_024_000073.1	eggnog	Serine hydrolase (FSH1)
Phum-OR502AA_024_000074.1	eggnog	Glycosyl transferase family 41
Phum-OR502AA_024_000316.1	eggnog	domain-containing protein
Phum-OR502AA_024_000075.1	eggnog	C-terminal domain of 1-Cys peroxiredoxin
Phum-OR502AA_024_000315.1	blastp	Homology to Peronospora belbahrii predicted protein CAH0473675.1
Phum-OR502AA_024_000314.1	eggnog	domain-containing protein
Phum-OR502AA_024_000076.1	eggnog	domain-containing protein
Phum-OR502AA_024_000077.1	blastp	Homology to Phytophthora idaei predicted protein KAG3108324.1
Phum-OR502AA_024_000313.1	eggnog	Protein of unknown function (DUF3128)
Phum-OR502AA_024_000312.1	blastp	Homology to Phytophthora cactorum predicted protein KAG3106449.1
Phum-OR502AA_024_000311.1	eggnog	Ubiquinol-cytochrome C reductase complex 14kD subunit
Phum-OR502AA_024_000310.1	blastp	Homology to Phytophthora cactorum predicted protein KAG2849324.1
Phum-OR502AA_024_000078.1	unannotated	Hypothetical protein of unknown function
Phum-OR502AA_024_000309.1	eggnog	Domain of unknown function (DUF1736)
Phum-OR502AA_024_000308.1	blastp	Homology to Phytophthora nicotianae predicted protein ETP48419.1
Phum-OR502AA_024_000079.1	eggnog	MIF4G like
Phum-OR502AA_024_000307.1	eggnog	SHNi-TPR
Phum-OR502AA_024_000306.1	eggnog	domain-containing protein
Phum-OR502AA_024_000305.1	eggnog	Aldo/keto reductase family
Phum-OR502AA_024_000080.1	eggnog	domain-containing protein
Phum-OR502AA_024_000081.1	eggnog	domain-containing protein
Phum-OR502AA_024_000304.1	eggnog	non-SMC mitotic condensation complex subunit 1
Phum-OR502AA_024_000303.1	blastp	Homology to Phytophthora pseudosyringae predicted protein KAG7387629.1
Phum-OR502AA_024_000082.1	eggnog	basic region leucin zipper
Phum-OR502AA_024_000083.1	blastp	Homology to Phytophthora palmivora predicted protein POM61207.1
Phum-OR502AA_024_000302.1	eggnog	Zinc-ribbon like family
Phum-OR502AA_024_000084.1	blastp	Homology to Phytophthora cactorum;Phytophthora idaei predicted protein KAG2781311.1
Phum-OR502AA_024_000085.1	eggnog	TCP-1/cpn60 chaperonin family
Phum-OR502AA_024_000301.1	interproscan	PTHR34126 domain-containing protein
Phum-OR502AA_024_000086.1	eggnog	Transport protein particle (TRAPP) component
Phum-OR502AA_024_000300.1	eggnog	Aspartyl/Asparaginyl beta-hydroxylase
Phum-OR502AA_024_000299.1	eggnog	domain-containing protein
Phum-OR502AA_024_000087.1	unannotated	Hypothetical protein of unknown function
Phum-OR502AA_024_000088.1	unannotated	Hypothetical protein of unknown function
Phum-OR502AA_024_000089.1	interproscan	PTHR11380 domain-containing protein
Phum-OR502AA_024_000298.1	unannotated	Hypothetical protein of unknown function
Phum-OR502AA_024_000090.1	unannotated	Hypothetical protein of unknown function
Phum-OR502AA_024_000091.1	unannotated	Hypothetical protein of unknown function
Phum-OR502AA_024_000092.1	unannotated	Hypothetical protein of unknown function
Phum-OR502AA_024_000297.1	interproscan	PTHR11380 domain-containing protein
Phum-OR502AA_024_000296.1	unannotated	Hypothetical protein of unknown function
Phum-OR502AA_024_000093.1	blastp	Homology to Phytophthora nicotianae predicted protein ETK90524.1
Phum-OR502AA_024_000094.1	eggnog	Pyridoxal 5'-phosphate (PLP)-binding protein, which may be involved in intracellular homeostatic regulation of pyridoxal 5'-phosphate (PLP), the active form of vitamin B6
Phum-OR502AA_024_000295.1	eggnog	pre-RNA processing PIH1/Nop17
Phum-OR502AA_024_000294.1	eggnog	Ribosomal protein L21e
Phum-OR502AA_024_000095.1	eggnog	Fip1 motif
Phum-OR502AA_024_000293.1	eggnog	Diphthamide synthase
Phum-OR502AA_024_000096.1	eggnog	Guanine nucleotide exchange factor in Golgi transport N-terminal
Phum-OR502AA_024_000292.1	blastp	Homology to Phytophthora cactorum predicted protein KAG3036653.1
Phum-OR502AA_024_000097.1	blastp	Homology to Peronospora farinosa predicted protein CAH0487608.1
Phum-OR502AA_024_000098.1	unannotated	Hypothetical protein of unknown function
Phum-OR502AA_024_000099.1	eggnog	MFS/sugar transport protein
Phum-OR502AA_024_000291.1	blastp	Homology to predicted protein KAH7497584.1
Phum-OR502AA_024_000290.1	eggnog	Heat shock chaperonin-binding motif
Phum-OR502AA_024_000100.1	eggnog	Heat shock chaperonin-binding motif
Phum-OR502AA_024_000289.1	eggnog	Lysine methyltransferase
Phum-OR502AA_024_000101.1	blastp	Homology to Phytophthora fragariae;Phytophthora rubi predicted protein KAE8912244.1
Phum-OR502AA_024_000288.1	blastp	Homology to Phytophthora pseudosyringae predicted protein KAG7387660.1
Phum-OR502AA_024_000287.1	eggnog	GDSL-like Lipase/Acylhydrolase
Phum-OR502AA_024_000102.1	unannotated	Hypothetical protein of unknown function
Phum-OR502AA_024_000103.1	eggnog	GDSL-like Lipase/Acylhydrolase
Phum-OR502AA_024_000104.1	eggnog	Phospholipase D Active site motif
Phum-OR502AA_024_000105.1	eggnog	Ankyrin repeat
Phum-OR502AA_024_000106.1	blastp	Homology to Phytophthora aleatoria predicted protein KAG6959276.1
Phum-OR502AA_024_000286.1	eggnog	Dienelactone hydrolase family
Phum-OR502AA_024_000107.1	eggnog	Nuclear transcription factor Y subunit. Source PGD
Phum-OR502AA_024_000108.1	eggnog	NAD-binding of NADP-dependent 3-hydroxyisobutyrate dehydrogenase
Phum-OR502AA_024_000285.1	eggnog	Leucine Rich repeats (2 copies)
Phum-OR502AA_024_000284.1	interproscan	PTHR31576 domain-containing protein
Phum-OR502AA_024_000283.1	eggnog	domain-containing protein
Phum-OR502AA_024_000109.1	eggnog	Lysine methyltransferase
Phum-OR502AA_024_000110.1	eggnog	Binds specifically to cytosolic chaperonin (c-CPN) and transfers target proteins to it
Phum-OR502AA_024_000111.1	eggnog	Leucine rich repeat
Phum-OR502AA_024_000112.1	eggnog	Phosphatidylinositol-4-phosphate 5-Kinase
Phum-OR502AA_024_000282.1	interproscan	PTHR31737 domain-containing protein
Phum-OR502AA_024_000113.1	interproscan	PTHR31737 domain-containing protein
Phum-OR502AA_024_000281.1	eggnog	single-stranded DNA-dependent ATPase activity
Phum-OR502AA_024_000280.1	eggnog	domain-containing protein
Phum-OR502AA_024_000279.1	eggnog	ABC-2 family transporter protein
Phum-OR502AA_024_000114.1	eggnog	Putative TOS1-like glycosyl hydrolase (DUF2401)
Phum-OR502AA_024_000115.1	unannotated	Hypothetical protein of unknown function
Phum-OR502AA_024_000116.1	eggnog	ABC-2 family transporter protein
Phum-OR502AA_024_000117.1	eggnog	domain-containing protein
Phum-OR502AA_024_000278.1	interproscan	PTHR16306 domain-containing protein
Phum-OR502AA_024_000118.1	eggnog	single-stranded DNA-dependent ATPase activity
Phum-OR502AA_024_000119.1	eggnog	single-stranded DNA-dependent ATPase activity
Phum-OR502AA_024_000277.1	eggnog	Septum formation topological specificity factor MinE
Phum-OR502AA_024_000276.1	interproscan	PTHR31737 domain-containing protein
Phum-OR502AA_024_000275.1	unannotated	Hypothetical protein of unknown function
Phum-OR502AA_024_000120.1	blastp	Homology to Phytophthora infestans predicted protein KAI9991070.1
Phum-OR502AA_024_000274.1	eggnog	Belongs to the iron ascorbate-dependent oxidoreductase family
Phum-OR502AA_024_000273.1	eggnog	Putative TOS1-like glycosyl hydrolase (DUF2401)
Phum-OR502AA_024_000272.1	eggnog	calmodulin-dependent cyclic-nucleotide phosphodiesterase activity
Phum-OR502AA_024_000271.1	eggnog	negative regulation of response to water deprivation
Phum-OR502AA_024_000121.1	eggnog	C-terminal domain of 1-Cys peroxiredoxin
Phum-OR502AA_024_000270.1	eggnog	RNA splicing
Phum-OR502AA_024_000269.1	eggnog	U1-like zinc finger
Phum-OR502AA_024_000268.1	eggnog	Protein present in Fab1, YOTB, Vac1, and EEA1
Phum-OR502AA_024_000122.1	blastp	Homology to Peronospora farinosa predicted protein CAI5734074.1
Phum-OR502AA_024_000267.1	eggnog	Serine threonine protein kinase. Source PGD
Phum-OR502AA_024_000123.1	eggnog	Thioredoxin-like
Phum-OR502AA_024_000266.1	eggnog	Thioredoxin-like
Phum-OR502AA_024_000124.1	eggnog	Protein tyrosine kinase
Phum-OR502AA_024_000265.1	eggnog	Belongs to the TRAFAC class myosin-kinesin ATPase superfamily
Phum-OR502AA_024_000125.1	blastp	Homology to Phytophthora nicotianae predicted protein KUF87926.1
Phum-OR502AA_024_000264.1	eggnog	DEAD/DEAH box helicase
Phum-OR502AA_024_000263.1	interproscan	PTHR15633 domain-containing protein
Phum-OR502AA_024_000262.1	eggnog	Domain in the RNA-binding Lupus La protein; unknown function
Phum-OR502AA_024_000261.1	eggnog	Domain of unknown function (DUF4200)
Phum-OR502AA_024_000260.1	blastp	Homology to Phytophthora citrophthora predicted protein KAK1931204.1
Phum-OR502AA_024_000126.1	blastp	Homology to Phytophthora citrophthora predicted protein KAK1931204.1
Phum-OR502AA_024_000259.1	eggnog	FATC
Phum-OR502AA_024_000258.1	eggnog	GPCR-chaperone
Phum-OR502AA_024_000257.1	eggnog	GPCR-chaperone
Phum-OR502AA_024_000256.1	eggnog	prohibitin homologues
Phum-OR502AA_024_000255.1	blastp	Homology to Phytophthora pseudosyringae predicted protein KAG7387844.1
Phum-OR502AA_024_000254.1	blastp	Homology to Phytophthora pseudosyringae predicted protein KAG7387843.1
Phum-OR502AA_024_000253.1	interproscan	G3DSA:2.100.10.30 domain-containing protein
Phum-OR502AA_024_000127.1	eggnog	component of the eukaryotic translation initiation factor 3 (eIF-3) complex, which is involved in protein synthesis of a specialized repertoire of mRNAs and, together with other initiation factors, stimulates binding of mRNA and methionyl-tRNAi to the 40S ribosome
Phum-OR502AA_024_000252.1	eggnog	Leucine carboxyl methyltransferase
Phum-OR502AA_024_000128.1	eggnog	FYVE zinc finger
Phum-OR502AA_024_000251.1	eggnog	Protein present in Fab1, YOTB, Vac1, and EEA1
Phum-OR502AA_024_000250.1	eggnog	Iron-binding zinc finger CDGSH type
Phum-OR502AA_024_000249.1	eggnog	Integral membrane protein DUF106
Phum-OR502AA_024_000129.1	eggnog	Iron/zinc purple acid phosphatase-like protein C
Phum-OR502AA_024_000130.1	blastp	Homology to Phytophthora ramorum predicted protein KAH7462555.1
Phum-OR502AA_024_000131.1	unannotated	Hypothetical protein of unknown function
Phum-OR502AA_024_000248.1	eggnog	Protein tyrosine kinase
Phum-OR502AA_024_000132.1	eggnog	gluconolactonase activity
Phum-OR502AA_024_000247.1	eggnog	GTPase of unknown function C-terminal
Phum-OR502AA_024_000133.1	eggnog	Haloacid dehalogenase-like hydrolase
Phum-OR502AA_024_000246.1	eggnog	domain-containing protein
Phum-OR502AA_024_000245.1	eggnog	Cytidylyltransferase-like
Phum-OR502AA_024_000134.1	eggnog	Ribosomal protein P0 is the functional equivalent of E.coli protein L10
Phum-OR502AA_024_000135.1	eggnog	cellular calcium ion homeostasis
Phum-OR502AA_024_000136.1	eggnog	LisH
Phum-OR502AA_024_000244.1	unannotated	Hypothetical protein of unknown function
Phum-OR502AA_024_000137.1	unannotated	Hypothetical protein of unknown function
Phum-OR502AA_024_000138.1	unannotated	Hypothetical protein of unknown function
Phum-OR502AA_024_000139.1	unannotated	Hypothetical protein of unknown function
Phum-OR502AA_024_000140.1	unannotated	Hypothetical protein of unknown function
Phum-OR502AA_024_000141.1	unannotated	Hypothetical protein of unknown function
Phum-OR502AA_024_000243.1	unannotated	Hypothetical protein of unknown function
Phum-OR502AA_024_000142.1	blastp	Homology to Peronospora destructor predicted protein CAI5735047.1
Phum-OR502AA_024_000242.1	eggnog	rRNA processing
Phum-OR502AA_024_000143.1	eggnog	SLIDE
Phum-OR502AA_024_000144.1	eggnog	Tetratricopeptide repeat
Phum-OR502AA_024_000241.1	eggnog	Magnesium transporter NIPA
Phum-OR502AA_024_000240.1	eggnog	Protein of unknown function (DUF3730)
Phum-OR502AA_024_000239.1	eggnog	domain-containing protein
Phum-OR502AA_024_000145.1	eggnog	domain-containing protein
Phum-OR502AA_024_000146.1	eggnog	Enoyl-(Acyl carrier protein) reductase
Phum-OR502AA_024_000238.1	eggnog	domain-containing protein
Phum-OR502AA_024_000237.1	eggnog	PHD zinc finger
Phum-OR502AA_024_000236.1	eggnog	Dihydrofolate reductase
Phum-OR502AA_024_000147.1	eggnog	domain-containing protein
Phum-OR502AA_024_000235.1	eggnog	dUTPase
Phum-OR502AA_024_000148.1	eggnog	Belongs to the class I-like SAM-binding methyltransferase superfamily
Phum-OR502AA_024_000234.1	blastp	Homology to Phytophthora nicotianae predicted protein XP_008904861.1
Phum-OR502AA_024_000149.1	eggnog	protein tyrosine/serine/threonine phosphatase activity
Phum-OR502AA_024_000150.1	unannotated	Hypothetical protein of unknown function
Phum-OR502AA_024_000151.1	eggnog	Multicopper oxidase
Phum-OR502AA_024_000233.1	eggnog	EF hand
Phum-OR502AA_024_000232.1	eggnog	ThiF family
Phum-OR502AA_024_000152.1	eggnog	Belongs to the multicopper oxidase family
Phum-OR502AA_024_000153.1	eggnog	ThiF family
Phum-OR502AA_024_000154.1	eggnog	IQ calmodulin-binding motif
Phum-OR502AA_024_000231.1	eggnog	May be involved in fusion of retrograde transport vesicles derived from an endocytic compartment with the Golgi complex
Phum-OR502AA_024_000155.1	eggnog	EF hand
Phum-OR502AA_024_000230.1	eggnog	Multicopper oxidase
Phum-OR502AA_024_000229.1	eggnog	IQ calmodulin-binding motif
Phum-OR502AA_024_000228.1	eggnog	ThiF family
Phum-OR502AA_024_000227.1	eggnog	Belongs to the multicopper oxidase family
Phum-OR502AA_024_000156.1	eggnog	ThiF family
Phum-OR502AA_024_000157.1	eggnog	IQ calmodulin-binding motif
Phum-OR502AA_024_000226.1	eggnog	Papain family cysteine protease
Phum-OR502AA_024_000225.1	eggnog	Serine aminopeptidase, S33
Phum-OR502AA_024_000224.1	eggnog	domain-containing protein
Phum-OR502AA_024_000223.1	eggnog	May be involved in fusion of retrograde transport vesicles derived from an endocytic compartment with the Golgi complex
Phum-OR502AA_024_000158.1	eggnog	motif in proteasome subunits, Int-6, Nip-1 and TRIP-15
Phum-OR502AA_024_000222.1	eggnog	Phosphomethylpyrimidine kinase
Phum-OR502AA_024_000221.1	blastp	Homology to Phytophthora infestans predicted protein KAF4129148.1
Phum-OR502AA_024_000220.1	eggnog	CRN domain-containing protein-containing protein
Phum-OR502AA_024_000159.1	unannotated	Hypothetical protein of unknown function
Phum-OR502AA_024_000160.1	blastp	Homology to Phytophthora lilii predicted protein GMF26876.1
Phum-OR502AA_024_000219.1	eggnog	Protein tyrosine kinase
Phum-OR502AA_024_000161.1	eggnog	Mob1/phocein family
Phum-OR502AA_024_000218.1	eggnog	Snf7
Phum-OR502AA_024_000162.1	eggnog	NOT2 / NOT3 / NOT5 family
Phum-OR502AA_024_000217.1	blastp	Homology to Phytophthora pseudosyringae predicted protein KAG7389084.1
Phum-OR502AA_024_000216.1	eggnog	subunit of the gamma-secretase complex, an endoprotease complex that catalyzes the intramembrane cleavage of integral membrane proteins such as Notch receptors
Phum-OR502AA_024_000163.1	eggnog	Growth-arrest specific micro-tubule binding
Phum-OR502AA_024_000215.1	eggnog	WD40 repeats
Phum-OR502AA_024_000214.1	eggnog	Anaphase-promoting complex subunit 11 RING-H2 finger
Phum-OR502AA_024_000164.1	blastp	Homology to Phytophthora infestans predicted protein KAF4044565.1
Phum-OR502AA_024_000165.1	unannotated	Hypothetical protein of unknown function
Phum-OR502AA_024_000166.1	eggnog	Serine aminopeptidase, S33
Phum-OR502AA_024_000167.1	interproscan	PTHR23112 domain-containing protein
Phum-OR502AA_024_000213.1	eggnog	domain-containing protein
Phum-OR502AA_024_000212.1	eggnog	domain-containing protein
Phum-OR502AA_024_000211.1	eggnog	Crinkler (CRN) family protein
Phum-OR502AA_024_000210.1	eggnog	CRN domain-containing protein-containing protein
Phum-OR502AA_024_000168.1	eggnog	Crinkler (CRN) family protein
Phum-OR502AA_024_000169.1	blastp	Homology to Phytophthora lilii predicted protein GMF38803.1
Phum-OR502AA_024_000209.1	unannotated	Hypothetical protein of unknown function
Phum-OR502AA_024_000208.1	unannotated	Hypothetical protein of unknown function
Phum-OR502AA_024_000207.1	eggnog	GTPase activator activity
Phum-OR502AA_024_000206.1	eggnog	monoamine oxidase activity
Phum-OR502AA_024_000170.1	blastp	Homology to Phytophthora cactorum predicted protein KAG6957774.1
Phum-OR502AA_024_000171.1	unannotated	Hypothetical protein of unknown function
Phum-OR502AA_024_000172.1	eggnog	Myosin. Large ATPases
Phum-OR502AA_024_000173.1	eggnog	domain-containing protein
Phum-OR502AA_024_000205.1	eggnog	domain-containing protein
Phum-OR502AA_024_000174.1	eggnog	Protein tyrosine kinase
Phum-OR502AA_024_000175.1	interproscan	PTHR16631 domain-containing protein
Phum-OR502AA_024_000204.1	eggnog	domain-containing protein
Phum-OR502AA_024_000203.1	eggnog	Protein present in Fab1, YOTB, Vac1, and EEA1
Phum-OR502AA_024_000202.1	eggnog	axoneme assembly
Phum-OR502AA_024_000176.1	unannotated	Hypothetical protein of unknown function
Phum-OR502AA_024_000177.1	blastp	Homology to Phytophthora pseudosyringae predicted protein KAG7389063.1
Phum-OR502AA_024_000201.1	eggnog	Involved in nucleolar processing of pre-18S ribosomal RNA
Phum-OR502AA_024_000178.1	eggnog	Protein present in Fab1, YOTB, Vac1, and EEA1
Phum-OR502AA_024_000179.1	unannotated	Hypothetical protein of unknown function
Phum-OR502AA_024_000180.1	unannotated	Hypothetical protein of unknown function
Phum-OR502AA_024_000181.1	eggnog	FYVE zinc finger
Phum-OR502AA_024_000200.1	eggnog	FYVE zinc finger
Phum-OR502AA_024_000182.1	eggnog	FYVE zinc finger
Phum-OR502AA_024_000199.1	eggnog	FYVE zinc finger
Phum-OR502AA_024_000198.1	unannotated	Hypothetical protein of unknown function
Phum-OR502AA_024_000197.1	eggnog	Protein present in Fab1, YOTB, Vac1, and EEA1
Phum-OR502AA_024_000183.1	eggnog	Protein present in Fab1, YOTB, Vac1, and EEA1
Phum-OR502AA_024_000184.1	blastp	Homology to Peronospora effusa predicted protein RMX63003.1
Phum-OR502AA_024_000196.1	eggnog	tRNA pseudouridine synthase
Phum-OR502AA_024_000185.1	eggnog	domain-containing protein
Phum-OR502AA_024_000195.1	interproscan	G3DSA:2.30.29.30 domain-containing protein
Phum-OR502AA_024_000194.1	eggnog	C-terminal duplication domain of Friend of PRMT1
Phum-OR502AA_024_000193.1	eggnog	heat shock factor
Phum-OR502AA_024_000192.1	eggnog	Translation-initiation factor 2
Phum-OR502AA_024_000186.1	blastp	Homology to Peronospora destructor predicted protein CAI5743724.1
Phum-OR502AA_024_000191.1	eggnog	CSL zinc finger
Phum-OR502AA_024_000190.1	eggnog	Serpentine type 7TM GPCR chemoreceptor Srsx
Phum-OR502AA_024_000187.1	eggnog	domain-containing protein
Phum-OR502AA_024_000189.1	unannotated	Hypothetical protein of unknown function
Phum-OR502AA_024_000188.1	eggnog	Pc21g00130 protein. Source PGD
Phum-OR502AA_025_000283.1	unannotated	Hypothetical protein of unknown function
Phum-OR502AA_025_000282.1	unannotated	Hypothetical protein of unknown function
Phum-OR502AA_025_000281.1	unannotated	Hypothetical protein of unknown function
Phum-OR502AA_025_000280.1	unannotated	Hypothetical protein of unknown function
Phum-OR502AA_025_000279.1	unannotated	Hypothetical protein of unknown function
Phum-OR502AA_025_000278.1	unannotated	Hypothetical protein of unknown function
Phum-OR502AA_025_000001.1	unannotated	Hypothetical protein of unknown function
Phum-OR502AA_025_000002.1	unannotated	Hypothetical protein of unknown function
Phum-OR502AA_025_000003.1	unannotated	Hypothetical protein of unknown function
Phum-OR502AA_025_000004.1	unannotated	Hypothetical protein of unknown function
Phum-OR502AA_025_000005.1	unannotated	Hypothetical protein of unknown function
Phum-OR502AA_025_000006.1	unannotated	Hypothetical protein of unknown function
Phum-OR502AA_025_000007.1	unannotated	Hypothetical protein of unknown function
Phum-OR502AA_025_000008.1	unannotated	Hypothetical protein of unknown function
Phum-OR502AA_025_000009.1	unannotated	Hypothetical protein of unknown function
Phum-OR502AA_025_000010.1	unannotated	Hypothetical protein of unknown function
Phum-OR502AA_025_000011.1	unannotated	Hypothetical protein of unknown function
Phum-OR502AA_025_000012.1	unannotated	Hypothetical protein of unknown function
Phum-OR502AA_025_000013.1	unannotated	Hypothetical protein of unknown function
Phum-OR502AA_025_000014.1	unannotated	Hypothetical protein of unknown function
Phum-OR502AA_025_000015.1	unannotated	Hypothetical protein of unknown function
Phum-OR502AA_025_000016.1	unannotated	Hypothetical protein of unknown function
Phum-OR502AA_025_000017.1	unannotated	Hypothetical protein of unknown function
Phum-OR502AA_025_000018.1	unannotated	Hypothetical protein of unknown function
Phum-OR502AA_025_000019.1	unannotated	Hypothetical protein of unknown function
Phum-OR502AA_025_000020.1	unannotated	Hypothetical protein of unknown function
Phum-OR502AA_025_000021.1	unannotated	Hypothetical protein of unknown function
Phum-OR502AA_025_000022.1	unannotated	Hypothetical protein of unknown function
Phum-OR502AA_025_000023.1	unannotated	Hypothetical protein of unknown function
Phum-OR502AA_025_000024.1	unannotated	Hypothetical protein of unknown function
Phum-OR502AA_025_000025.1	unannotated	Hypothetical protein of unknown function
Phum-OR502AA_025_000026.1	unannotated	Hypothetical protein of unknown function
Phum-OR502AA_025_000027.1	unannotated	Hypothetical protein of unknown function
Phum-OR502AA_025_000028.1	unannotated	Hypothetical protein of unknown function
Phum-OR502AA_025_000029.1	unannotated	Hypothetical protein of unknown function
Phum-OR502AA_025_000030.1	unannotated	Hypothetical protein of unknown function
Phum-OR502AA_025_000031.1	unannotated	Hypothetical protein of unknown function
Phum-OR502AA_025_000032.1	unannotated	Hypothetical protein of unknown function
Phum-OR502AA_025_000033.1	unannotated	Hypothetical protein of unknown function
Phum-OR502AA_025_000034.1	unannotated	Hypothetical protein of unknown function
Phum-OR502AA_025_000035.1	unannotated	Hypothetical protein of unknown function
Phum-OR502AA_025_000036.1	unannotated	Hypothetical protein of unknown function
Phum-OR502AA_025_000037.1	unannotated	Hypothetical protein of unknown function
Phum-OR502AA_025_000038.1	unannotated	Hypothetical protein of unknown function
Phum-OR502AA_025_000039.1	unannotated	Hypothetical protein of unknown function
Phum-OR502AA_025_000040.1	unannotated	Hypothetical protein of unknown function
Phum-OR502AA_025_000041.1	unannotated	Hypothetical protein of unknown function
Phum-OR502AA_025_000042.1	unannotated	Hypothetical protein of unknown function
Phum-OR502AA_025_000043.1	unannotated	Hypothetical protein of unknown function
Phum-OR502AA_025_000044.1	unannotated	Hypothetical protein of unknown function
Phum-OR502AA_025_000045.1	unannotated	Hypothetical protein of unknown function
Phum-OR502AA_025_000046.1	unannotated	Hypothetical protein of unknown function
Phum-OR502AA_025_000047.1	unannotated	Hypothetical protein of unknown function
Phum-OR502AA_025_000048.1	unannotated	Hypothetical protein of unknown function
Phum-OR502AA_025_000049.1	unannotated	Hypothetical protein of unknown function
Phum-OR502AA_025_000050.1	unannotated	Hypothetical protein of unknown function
Phum-OR502AA_025_000051.1	eggnog	AAA domain (dynein-related subfamily)
Phum-OR502AA_025_000277.1	eggnog	ATPase family associated with various cellular activities (AAA)
Phum-OR502AA_025_000052.1	eggnog	AAA domain (dynein-related subfamily)
Phum-OR502AA_025_000276.1	blastp	Homology to Phytophthora idaei predicted protein KAG3113598.1
Phum-OR502AA_025_000275.1	eggnog	Zinc finger C-x8-C-x5-C-x3-H type (and similar)
Phum-OR502AA_025_000053.1	eggnog	domain-containing protein
Phum-OR502AA_025_000274.1	blastp	Homology to Peronospora effusa predicted protein RMX70254.1
Phum-OR502AA_025_000054.1	eggnog	Apoptosis inhibitory protein 5 (API5)
Phum-OR502AA_025_000273.1	eggnog	domain-containing protein
Phum-OR502AA_025_000055.1	eggnog	peptidyl-threonine phosphorylation
Phum-OR502AA_025_000056.1	interproscan	G3DSA:2.40.160.200 domain-containing protein
Phum-OR502AA_025_000057.1	interproscan	G3DSA:2.40.160.200 domain-containing protein
Phum-OR502AA_025_000058.1	interproscan	G3DSA:2.40.160.200 domain-containing protein
Phum-OR502AA_025_000272.1	blastp	Homology to Phytophthora cactorum predicted protein KAG2760881.1
Phum-OR502AA_025_000271.1	unannotated	Hypothetical protein of unknown function
Phum-OR502AA_025_000270.1	blastp	Homology to Peronospora farinosa predicted protein CAH0491498.1
Phum-OR502AA_025_000059.1	blastp	Homology to Peronospora destructor predicted protein CAI5723739.1
Phum-OR502AA_025_000060.1	blastp	Homology to Phytophthora rubi predicted protein KAE9035084.1
Phum-OR502AA_025_000061.1	eggnog	Mycolic acid cyclopropane synthetase
Phum-OR502AA_025_000269.1	eggnog	Tim10/DDP family zinc finger
Phum-OR502AA_025_000268.1	unannotated	Hypothetical protein of unknown function
Phum-OR502AA_025_000267.1	eggnog	2-oxoacid dehydrogenases acyltransferase (catalytic domain)
Phum-OR502AA_025_000062.1	interproscan	PTHR12086 domain-containing protein
Phum-OR502AA_025_000063.1	eggnog	Kinase that can phosphorylate various inositol polyphosphate such as Ins(3,4,5,6)P4 or Ins(1,3,4)P3
Phum-OR502AA_025_000266.1	eggnog	Retinoic acid induced 16-like protein
Phum-OR502AA_025_000265.1	blastp	Homology to Peronospora destructor predicted protein CAI5723707.1
Phum-OR502AA_025_000264.1	blastp	Homology to Peronospora belbahrii predicted protein CAH0480641.1
Phum-OR502AA_025_000064.1	eggnog	ATP binding
Phum-OR502AA_025_000263.1	eggnog	PPIases accelerate the folding of proteins
Phum-OR502AA_025_000262.1	eggnog	Sulfurates the molybdenum cofactor
Phum-OR502AA_025_000261.1	interproscan	G3DSA:1.20.1270.60 domain-containing protein
Phum-OR502AA_025_000065.1	eggnog	catalytic domain of ctd-like phosphatases
Phum-OR502AA_025_000066.1	eggnog	Component of the ESCRT-I complex (endosomal sorting complex required for transport I), a regulator of vesicular trafficking process
Phum-OR502AA_025_000260.1	blastp	Homology to Peronospora farinosa predicted protein CAI5735182.1
Phum-OR502AA_025_000067.1	eggnog	Phospholipase/Carboxylesterase
Phum-OR502AA_025_000259.1	eggnog	domain-containing protein
Phum-OR502AA_025_000258.1	eggnog	domain-containing protein
Phum-OR502AA_025_000068.1	interproscan	PTHR31152 domain-containing protein
Phum-OR502AA_025_000069.1	eggnog	Pre-mRNA splicing factor PRP21 like protein
Phum-OR502AA_025_000257.1	eggnog	domain-containing protein
Phum-OR502AA_025_000256.1	eggnog	Protein of unknown function (DUF229)
Phum-OR502AA_025_000255.1	eggnog	50S ribosome-binding GTPase
Phum-OR502AA_025_000254.1	blastp	Homology to predicted protein KAH7509419.1
Phum-OR502AA_025_000253.1	eggnog	Protein of unknown function (DUF229)
Phum-OR502AA_025_000070.1	eggnog	Protein of unknown function (DUF229)
Phum-OR502AA_025_000252.1	eggnog	Protein of unknown function (DUF229)
Phum-OR502AA_025_000251.1	eggnog	Protein of unknown function (DUF229)
Phum-OR502AA_025_000250.1	eggnog	Protein of unknown function (DUF229)
Phum-OR502AA_025_000249.1	eggnog	Protein of unknown function (DUF229)
Phum-OR502AA_025_000248.1	eggnog	Protein of unknown function (DUF229)
Phum-OR502AA_025_000071.1	eggnog	Protein of unknown function (DUF229)
Phum-OR502AA_025_000072.1	eggnog	Protein of unknown function (DUF229)
Phum-OR502AA_025_000073.1	blastp	Homology to predicted protein KAH7509420.1
Phum-OR502AA_025_000247.1	blastp	Homology to Phytophthora cinnamomi predicted protein KAG6621968.1
Phum-OR502AA_025_000246.1	eggnog	Nuclear pore component
Phum-OR502AA_025_000074.1	eggnog	Ferroportin1 (FPN1)
Phum-OR502AA_025_000075.1	eggnog	Ferroportin1 (FPN1)
Phum-OR502AA_025_000076.1	eggnog	Transient receptor potential (TRP) ion channel
Phum-OR502AA_025_000245.1	unannotated	Hypothetical protein of unknown function
Phum-OR502AA_025_000077.1	eggnog	Transient receptor potential (TRP) ion channel
Phum-OR502AA_025_000244.1	interproscan	PTHR36963 domain-containing protein
Phum-OR502AA_025_000243.1	eggnog	Kelch motif
Phum-OR502AA_025_000078.1	eggnog	Protein of unknown function (DUF2870)
Phum-OR502AA_025_000079.1	eggnog	WASH complex subunit 7
Phum-OR502AA_025_000080.1	eggnog	domain-containing protein
Phum-OR502AA_025_000242.1	blastp	Homology to Phytophthora pseudosyringae predicted protein KAG7381994.1
Phum-OR502AA_025_000081.1	blastp	Homology to Phytophthora cactorum predicted protein KAG2765304.1
Phum-OR502AA_025_000241.1	eggnog	metallopeptidase activity
Phum-OR502AA_025_000082.1	eggnog	domain-containing protein
Phum-OR502AA_025_000240.1	eggnog	ubiquitin conjugating enzyme binding (ANKIB1)
Phum-OR502AA_025_000083.1	eggnog	Putative adipose-regulatory protein (Seipin)
Phum-OR502AA_025_000239.1	eggnog	Protein tyrosine kinase
Phum-OR502AA_025_000084.1	blastp	Homology to Peronospora belbahrii predicted protein CAH0480568.1
Phum-OR502AA_025_000085.1	interproscan	PTHR35668 domain-containing protein
Phum-OR502AA_025_000238.1	eggnog	GTPase activator activity
Phum-OR502AA_025_000237.1	eggnog	domain-containing protein
Phum-OR502AA_025_000086.1	eggnog	Transmembrane amino acid transporter protein
Phum-OR502AA_025_000236.1	eggnog	Protein tyrosine kinase
Phum-OR502AA_025_000087.1	eggnog	domain-containing protein
Phum-OR502AA_025_000088.1	eggnog	RIO1 family
Phum-OR502AA_025_000235.1	eggnog	Cancer susceptibility candidate 1 N-terminus
Phum-OR502AA_025_000089.1	eggnog	WD40 repeats
Phum-OR502AA_025_000234.1	eggnog	PA26 p53-induced protein (sestrin)
Phum-OR502AA_025_000090.1	eggnog	Cancer susceptibility candidate 1 N-terminus
Phum-OR502AA_025_000233.1	eggnog	Phosphoadenosine phosphosulfate reductase family
Phum-OR502AA_025_000091.1	blastp	Homology to Peronospora farinosa predicted protein CAH0488823.1
Phum-OR502AA_025_000092.1	blastp	Homology to Peronospora belbahrii predicted protein CAH0522093.1
Phum-OR502AA_025_000232.1	unannotated	Hypothetical protein of unknown function
Phum-OR502AA_025_000231.1	unannotated	Hypothetical protein of unknown function
Phum-OR502AA_025_000230.1	eggnog	EF-hand domain pair
Phum-OR502AA_025_000093.1	eggnog	PQ loop repeat
Phum-OR502AA_025_000094.1	eggnog	DRG Family Regulatory Proteins, Tma46
Phum-OR502AA_025_000229.1	blastp	Homology to Peronospora belbahrii predicted protein CAH0480580.1
Phum-OR502AA_025_000095.1	eggnog	Oligosaccharyl transferase STT3 subunit
Phum-OR502AA_025_000228.1	eggnog	Protein tyrosine kinase
Phum-OR502AA_025_000096.1	eggnog	domain-containing protein
Phum-OR502AA_025_000097.1	eggnog	Protein tyrosine kinase
Phum-OR502AA_025_000227.1	eggnog	Protein of unknown function (DUF971)
Phum-OR502AA_025_000226.1	eggnog	ATP dependent DNA ligase C terminal region
Phum-OR502AA_025_000225.1	eggnog	DNA ligase N terminus
Phum-OR502AA_025_000098.1	eggnog	Sugar efflux transporter for intercellular exchange
Phum-OR502AA_025_000224.1	eggnog	Sugar efflux transporter for intercellular exchange
Phum-OR502AA_025_000223.1	eggnog	Sugar efflux transporter for intercellular exchange
Phum-OR502AA_025_000099.1	eggnog	Sugar efflux transporter for intercellular exchange
Phum-OR502AA_025_000222.1	interproscan	PTHR14594 domain-containing protein
Phum-OR502AA_025_000100.1	eggnog	protein folding (dnajc16)
Phum-OR502AA_025_000101.1	interproscan	PTHR37066 domain-containing protein
Phum-OR502AA_025_000221.1	eggnog	early endosome to Golgi transport
Phum-OR502AA_025_000102.1	eggnog	short chain dehydrogenase
Phum-OR502AA_025_000220.1	eggnog	Belongs to the class I-like SAM-binding methyltransferase superfamily
Phum-OR502AA_025_000219.1	eggnog	short chain dehydrogenase
Phum-OR502AA_025_000218.1	eggnog	Belongs to the short-chain dehydrogenases reductases (SDR) family
Phum-OR502AA_025_000103.1	eggnog	Belongs to the short-chain dehydrogenases reductases (SDR) family
Phum-OR502AA_025_000104.1	eggnog	short chain dehydrogenase
Phum-OR502AA_025_000105.1	eggnog	Hydrolyzes ATP, and can also hydrolyze GTP with lower efficiency
Phum-OR502AA_025_000106.1	eggnog	Belongs to the short-chain dehydrogenases reductases (SDR) family
Phum-OR502AA_025_000217.1	eggnog	Domain of unknown function (DUF4807)
Phum-OR502AA_025_000107.1	eggnog	PTHB1 C-terminus
Phum-OR502AA_025_000108.1	eggnog	Serine carboxypeptidase
Phum-OR502AA_025_000109.1	eggnog	Serine carboxypeptidase
Phum-OR502AA_025_000110.1	eggnog	Xylanase inhibitor C-terminal
Phum-OR502AA_025_000216.1	eggnog	ZIP Zinc transporter
Phum-OR502AA_025_000111.1	eggnog	Amidohydrolase family
Phum-OR502AA_025_000112.1	blastp	Homology to Phytophthora rubi predicted protein KAE9037130.1
Phum-OR502AA_025_000113.1	unannotated	Hypothetical protein of unknown function
Phum-OR502AA_025_000215.1	eggnog	domain-containing protein
Phum-OR502AA_025_000214.1	blastp	Homology to Phytophthora fragariae predicted protein KAE8882518.1
Phum-OR502AA_025_000213.1	blastp	Homology to Phytophthora rubi predicted protein KAE9037130.1
Phum-OR502AA_025_000212.1	eggnog	Amidohydrolase family
Phum-OR502AA_025_000211.1	eggnog	maintenance of transcriptional fidelity during DNA-templated transcription elongation from RNA polymerase II promoter
Phum-OR502AA_025_000114.1	eggnog	domain-containing protein
Phum-OR502AA_025_000115.1	eggnog	IQ calmodulin-binding motif
Phum-OR502AA_025_000116.1	interproscan	PTHR40131 domain-containing protein
Phum-OR502AA_025_000210.1	eggnog	domain-containing protein
Phum-OR502AA_025_000117.1	eggnog	Uncharacterised ACR, YagE family COG1723
Phum-OR502AA_025_000118.1	eggnog	This protein promotes the GTP-dependent binding of aminoacyl-tRNA to the A-site of ribosomes during protein biosynthesis
Phum-OR502AA_025_000119.1	eggnog	Protein of unknown function DUF89
Phum-OR502AA_025_000120.1	eggnog	Protein kinase C conserved region 2 (CalB)
Phum-OR502AA_025_000121.1	eggnog	domain-containing protein
Phum-OR502AA_025_000209.1	interproscan	PTHR40131 domain-containing protein
Phum-OR502AA_025_000122.1	eggnog	domain-containing protein
Phum-OR502AA_025_000208.1	eggnog	Protein of unknown function (DUF229)
Phum-OR502AA_025_000207.1	eggnog	Sulfatase
Phum-OR502AA_025_000123.1	eggnog	Protein of unknown function (DUF229)
Phum-OR502AA_025_000124.1	eggnog	Transmembrane amino acid transporter protein
Phum-OR502AA_025_000206.1	eggnog	Ankyrin repeat
Phum-OR502AA_025_000125.1	interproscan	PTHR21521 domain-containing protein
Phum-OR502AA_025_000205.1	blastp	Homology to Phytophthora ramorum predicted protein KAH7463094.1
Phum-OR502AA_025_000126.1	eggnog	Lecithin retinol acyltransferase
Phum-OR502AA_025_000127.1	eggnog	domain-containing protein
Phum-OR502AA_025_000128.1	blastp	Homology to Peronospora destructor predicted protein CAI5714038.1
Phum-OR502AA_025_000204.1	eggnog	Ferroportin1 (FPN1)
Phum-OR502AA_025_000129.1	eggnog	domain-containing protein
Phum-OR502AA_025_000130.1	eggnog	domain-containing protein
Phum-OR502AA_025_000203.1	eggnog	protein serine/threonine phosphatase activity
Phum-OR502AA_025_000202.1	eggnog	protein serine/threonine phosphatase activity
Phum-OR502AA_025_000131.1	eggnog	domain-containing protein
Phum-OR502AA_025_000132.1	eggnog	DNA-dependent RNA polymerase catalyzes the transcription of DNA into RNA using the four ribonucleoside triphosphates as substrates
Phum-OR502AA_025_000201.1	eggnog	Domain Homologous to E6-AP Carboxyl Terminus with
Phum-OR502AA_025_000133.1	eggnog	Protein tyrosine kinase
Phum-OR502AA_025_000134.1	eggnog	Strictosidine synthase
Phum-OR502AA_025_000135.1	interproscan	PTHR35796 domain-containing protein
Phum-OR502AA_025_000136.1	blastp	Homology to Phytophthora aleatoria predicted protein KAG6945470.1
Phum-OR502AA_025_000200.1	interproscan	PTHR35796 domain-containing protein
Phum-OR502AA_025_000199.1	blastp	Homology to Phytophthora infestans predicted protein KAF4045684.1
Phum-OR502AA_025_000198.1	blastp	Homology to Phytophthora nicotianae predicted protein XP_008905567.1
Phum-OR502AA_025_000197.1	interproscan	PTHR13627 domain-containing protein
Phum-OR502AA_025_000196.1	interproscan	PTHR35796 domain-containing protein
Phum-OR502AA_025_000137.1	eggnog	Protein of unknown function (DUF229)
Phum-OR502AA_025_000138.1	eggnog	lipid catabolic process
Phum-OR502AA_025_000195.1	eggnog	domain-containing protein
Phum-OR502AA_025_000139.1	eggnog	Phosphate acyltransferases
Phum-OR502AA_025_000194.1	eggnog	domain-containing protein
Phum-OR502AA_025_000140.1	eggnog	C-terminal domain of alpha-glycerophosphate oxidase
Phum-OR502AA_025_000193.1	eggnog	Armadillo/beta-catenin-like repeats
Phum-OR502AA_025_000141.1	blastp	Homology to Phytophthora rubi predicted protein KAE9026721.1
Phum-OR502AA_025_000142.1	eggnog	This protein promotes the GTP-dependent binding of aminoacyl-tRNA to the A-site of ribosomes during protein biosynthesis
Phum-OR502AA_025_000143.1	eggnog	Ring finger
Phum-OR502AA_025_000192.1	eggnog	Inorganic H+ pyrophosphatase
Phum-OR502AA_025_000144.1	eggnog	domain-containing protein
Phum-OR502AA_025_000191.1	eggnog	Mannosyltransferase putative
Phum-OR502AA_025_000145.1	eggnog	Subunit CCDC53 of WASH complex
Phum-OR502AA_025_000190.1	unannotated	Hypothetical protein of unknown function
Phum-OR502AA_025_000189.1	eggnog	Mannosyltransferase putative
Phum-OR502AA_025_000146.1	eggnog	Subunit CCDC53 of WASH complex
Phum-OR502AA_025_000188.1	eggnog	Mannosyltransferase putative
Phum-OR502AA_025_000187.1	eggnog	Conserved gene of
Phum-OR502AA_025_000147.1	eggnog	emp24/gp25L/p24 family/GOLD
Phum-OR502AA_025_000148.1	interproscan	PTHR33714 domain-containing protein
Phum-OR502AA_025_000186.1	eggnog	Bifunctional enzyme
Phum-OR502AA_025_000185.1	interproscan	G3DSA:3.30.420.10 domain-containing protein
Phum-OR502AA_025_000149.1	eggnog	domain-containing protein
Phum-OR502AA_025_000184.1	blastp	Homology to Phytophthora aleatoria predicted protein KAG6972522.1
Phum-OR502AA_025_000150.1	eggnog	domain-containing protein
Phum-OR502AA_025_000183.1	blastp	Homology to Phytophthora cinnamomi predicted protein KAG6604588.1
Phum-OR502AA_025_000182.1	eggnog	PhoX homologous domain, present in p47phox and p40phox
Phum-OR502AA_025_000181.1	unannotated	Hypothetical protein of unknown function
Phum-OR502AA_025_000151.1	eggnog	Acyl-CoA oxidase
Phum-OR502AA_025_000152.1	eggnog	domain-containing protein
Phum-OR502AA_025_000180.1	blastp	Homology to Phytophthora palmivora predicted protein POM61141.1
Phum-OR502AA_025_000153.1	eggnog	Histone deacetylase (HDAC) interacting
Phum-OR502AA_025_000179.1	interproscan	G3DSA:2.60.120.10 domain-containing protein
Phum-OR502AA_025_000178.1	blastp	Homology to Phytophthora lilii predicted protein GMF34697.1
Phum-OR502AA_025_000154.1	eggnog	Gamma interferon inducible lysosomal thiol reductase (GILT)
Phum-OR502AA_025_000177.1	eggnog	Lung seven transmembrane receptor
Phum-OR502AA_025_000155.1	eggnog	retrograde transport, endosome to Golgi
Phum-OR502AA_025_000156.1	blastp	Homology to Phytophthora rubi predicted protein KAE9047942.1
Phum-OR502AA_025_000176.1	eggnog	Ribosomal protein S24e
Phum-OR502AA_025_000175.1	eggnog	ABC transporter
Phum-OR502AA_025_000174.1	eggnog	Regulator of chromosome condensation (RCC1) repeat
Phum-OR502AA_025_000157.1	eggnog	domain-containing protein
Phum-OR502AA_025_000173.1	eggnog	Extension to Ser/Thr-type protein kinases
Phum-OR502AA_025_000158.1	eggnog	1-aminocyclopropane-1-carboxylate deaminase activity
Phum-OR502AA_025_000159.1	eggnog	Clusterin-associated protein-1
Phum-OR502AA_025_000160.1	eggnog	domain-containing protein
Phum-OR502AA_025_000161.1	eggnog	negative regulation of pancreatic amylase secretion
Phum-OR502AA_025_000172.1	eggnog	Alpha/beta hydrolase family
Phum-OR502AA_025_000171.1	eggnog	Alpha/beta hydrolase family
Phum-OR502AA_025_000162.1	unannotated	Hypothetical protein of unknown function
Phum-OR502AA_025_000170.1	blastp	Homology to Peronospora effusa predicted protein RQM17682.1
Phum-OR502AA_025_000169.1	eggnog	domain-containing protein
Phum-OR502AA_025_000168.1	eggnog	Phosphorylase superfamily
Phum-OR502AA_025_000167.1	blastp	Homology to Phytophthora sojae predicted protein XP_009520743.1
Phum-OR502AA_025_000163.1	eggnog	Calcium-activated chloride channel
Phum-OR502AA_025_000164.1	eggnog	domain-containing protein
Phum-OR502AA_025_000166.1	eggnog	Sir2 family
Phum-OR502AA_025_000165.1	eggnog	Coiled-coil domain-containing protein 124
Phum-OR502AA_026_000001.1	eggnog	zinc finger
Phum-OR502AA_026_000177.1	blastp	Homology to Peronospora effusa predicted protein RMX65551.1
Phum-OR502AA_026_000002.1	eggnog	Complex 1 protein (LYR family)
Phum-OR502AA_026_000176.1	interproscan	G3DSA:1.25.40.90 domain-containing protein
Phum-OR502AA_026_000175.1	eggnog	THO complex subunit 1 transcription elongation factor
Phum-OR502AA_026_000003.1	eggnog	Sugar (and other) transporter
Phum-OR502AA_026_000004.1	eggnog	Sugar (and other) transporter
Phum-OR502AA_026_000005.1	unannotated	Hypothetical protein of unknown function
Phum-OR502AA_026_000006.1	eggnog	Sugar (and other) transporter
Phum-OR502AA_026_000007.1	unannotated	Hypothetical protein of unknown function
Phum-OR502AA_026_000008.1	eggnog	Sugar (and other) transporter
Phum-OR502AA_026_000174.1	eggnog	Sugar (and other) transporter
Phum-OR502AA_026_000173.1	unannotated	Hypothetical protein of unknown function
Phum-OR502AA_026_000009.1	unannotated	Hypothetical protein of unknown function
Phum-OR502AA_026_000172.1	eggnog	Sugar (and other) transporter
Phum-OR502AA_026_000171.1	eggnog	OTU-like cysteine protease
Phum-OR502AA_026_000170.1	eggnog	Uracil phosphoribosyltransferase
Phum-OR502AA_026_000010.1	eggnog	EF-hand domain pair
Phum-OR502AA_026_000011.1	eggnog	protein octanoylation (MBOAT1)
Phum-OR502AA_026_000012.1	eggnog	phosphorelay sensor kinase activity
Phum-OR502AA_026_000013.1	interproscan	PTHR21254 domain-containing protein
Phum-OR502AA_026_000169.1	eggnog	Belongs to the short-chain dehydrogenases reductases (SDR) family
Phum-OR502AA_026_000168.1	eggnog	Allows the formation of correctly charged Gln-tRNA(Gln) through the transamidation of misacylated Glu-tRNA(Gln) in the mitochondria
Phum-OR502AA_026_000167.1	eggnog	Alpha/beta hydrolase family
Phum-OR502AA_026_000166.1	eggnog	Alpha/beta hydrolase family
Phum-OR502AA_026_000014.1	eggnog	Alpha/beta hydrolase family
Phum-OR502AA_026_000015.1	eggnog	Allows the formation of correctly charged Gln-tRNA(Gln) through the transamidation of misacylated Glu-tRNA(Gln) in the mitochondria
Phum-OR502AA_026_000165.1	eggnog	Ubiquitin-conjugating enzyme E2, catalytic domain homologues
Phum-OR502AA_026_000016.1	eggnog	Major Facilitator Superfamily
Phum-OR502AA_026_000017.1	eggnog	MADS
Phum-OR502AA_026_000164.1	eggnog	Transcriptional Coactivator p15 (PC4)
Phum-OR502AA_026_000018.1	eggnog	domain-containing protein
Phum-OR502AA_026_000163.1	eggnog	Isocitrate/isopropylmalate dehydrogenase
Phum-OR502AA_026_000162.1	eggnog	domain-containing protein
Phum-OR502AA_026_000019.1	eggnog	proline-rich domain in spliceosome associated proteins
Phum-OR502AA_026_000161.1	eggnog	Transcription termination and cleavage factor C-terminal
Phum-OR502AA_026_000020.1	eggnog	CAF1 family ribonuclease
Phum-OR502AA_026_000021.1	eggnog	protein-cysteine S-palmitoyltransferase activity
Phum-OR502AA_026_000160.1	blastp	Homology to Phytophthora infestans predicted protein KAI9998905.1
Phum-OR502AA_026_000159.1	eggnog	Anthranilate synthase component I, N terminal region
Phum-OR502AA_026_000158.1	eggnog	FKBP-type peptidyl-prolyl cis-trans isomerase
Phum-OR502AA_026_000022.1	eggnog	Peroxidase
Phum-OR502AA_026_000157.1	interproscan	PTHR21514 domain-containing protein
Phum-OR502AA_026_000023.1	eggnog	domain-containing protein
Phum-OR502AA_026_000024.1	eggnog	Putative DNA-binding domain in centromere protein B, mouse jerky and transposases
Phum-OR502AA_026_000156.1	eggnog	Ring finger
Phum-OR502AA_026_000155.1	eggnog	function. Source PGD
Phum-OR502AA_026_000154.1	eggnog	Peroxidase
Phum-OR502AA_026_000153.1	eggnog	Peroxidase
Phum-OR502AA_026_000152.1	unannotated	Hypothetical protein of unknown function
Phum-OR502AA_026_000025.1	unannotated	Hypothetical protein of unknown function
Phum-OR502AA_026_000026.1	eggnog	Serine carboxypeptidase
Phum-OR502AA_026_000151.1	eggnog	Serine carboxypeptidase
Phum-OR502AA_026_000150.1	eggnog	domain-containing protein
Phum-OR502AA_026_000027.1	eggnog	Destroys radicals which are normally produced within the cells and which are toxic to biological systems
Phum-OR502AA_026_000028.1	eggnog	telomerase RNA reverse transcriptase activity
Phum-OR502AA_026_000029.1	eggnog	Microtubule binding
Phum-OR502AA_026_000030.1	eggnog	Udp N-acetylglucosamine O-acyltransferase; Domain 2
Phum-OR502AA_026_000031.1	eggnog	WD repeat-containing protein
Phum-OR502AA_026_000149.1	blastp	Homology to Phytophthora pseudosyringae predicted protein KAG7377608.1
Phum-OR502AA_026_000032.1	eggnog	CPSF73-100_C
Phum-OR502AA_026_000148.1	eggnog	Sulfotransferase family
Phum-OR502AA_026_000033.1	blastp	Homology to Phytophthora pseudosyringae predicted protein KAG7377608.1
Phum-OR502AA_026_000034.1	interproscan	PTHR47691 domain-containing protein
Phum-OR502AA_026_000147.1	eggnog	cilium assembly
Phum-OR502AA_026_000146.1	eggnog	Mitochondrial domain of unknown function (DUF1713)
Phum-OR502AA_026_000035.1	eggnog	Putative GTP-ase activating proteins for the small GTPase, ARF
Phum-OR502AA_026_000145.1	eggnog	protein localization to nuclear inner membrane
Phum-OR502AA_026_000144.1	eggnog	Belongs to the peptidase S10 family
Phum-OR502AA_026_000143.1	unannotated	Hypothetical protein of unknown function
Phum-OR502AA_026_000036.1	eggnog	Tricarboxylate carrier
Phum-OR502AA_026_000142.1	eggnog	Serine carboxypeptidase
Phum-OR502AA_026_000037.1	eggnog	Serine carboxypeptidase
Phum-OR502AA_026_000141.1	blastp	Homology to Phytophthora megakarya predicted protein OWZ23147.1
Phum-OR502AA_026_000038.1	blastp	Homology to Phytophthora cactorum predicted protein KAF1788039.1
Phum-OR502AA_026_000039.1	eggnog	Serine carboxypeptidase
Phum-OR502AA_026_000140.1	blastp	Homology to Phytophthora megakarya predicted protein OWZ23147.1
Phum-OR502AA_026_000040.1	blastp	Homology to Phytophthora cactorum predicted protein KAF1788039.1
Phum-OR502AA_026_000041.1	eggnog	Serine carboxypeptidase
Phum-OR502AA_026_000139.1	blastp	Homology to Phytophthora megakarya predicted protein OWZ23147.1
Phum-OR502AA_026_000042.1	blastp	Homology to Phytophthora cactorum predicted protein KAF1788039.1
Phum-OR502AA_026_000043.1	eggnog	Serine carboxypeptidase
Phum-OR502AA_026_000138.1	blastp	Homology to Phytophthora megakarya predicted protein OWZ23147.1
Phum-OR502AA_026_000044.1	blastp	Homology to Phytophthora cactorum predicted protein KAF1788039.1
Phum-OR502AA_026_000045.1	eggnog	Serine carboxypeptidase
Phum-OR502AA_026_000137.1	blastp	Homology to Phytophthora megakarya predicted protein OWZ23147.1
Phum-OR502AA_026_000046.1	eggnog	Calcineurin-like phosphoesterase
Phum-OR502AA_026_000136.1	eggnog	Major Facilitator Superfamily
Phum-OR502AA_026_000047.1	eggnog	axoneme assembly
Phum-OR502AA_026_000135.1	eggnog	Ribosomal protein S19
Phum-OR502AA_026_000048.1	eggnog	RNase P subunit p30
Phum-OR502AA_026_000134.1	eggnog	Histone-like transcription factor (CBF/NF-Y) and archaeal histone
Phum-OR502AA_026_000133.1	blastp	Homology to Phytophthora nicotianae predicted protein KUF98615.1
Phum-OR502AA_026_000049.1	eggnog	Lipopolysaccharide kinase (Kdo/WaaP) family
Phum-OR502AA_026_000050.1	eggnog	domain-containing protein
Phum-OR502AA_026_000051.1	blastp	Homology to Phytophthora nicotianae predicted protein ETK76136.1
Phum-OR502AA_026_000132.1	eggnog	N-terminal region of Chorein or VPS13
Phum-OR502AA_026_000052.1	eggnog	Clathrin adaptor complex small chain
Phum-OR502AA_026_000053.1	eggnog	Clathrin adaptor complex small chain
Phum-OR502AA_026_000131.1	eggnog	protein dimerization activity
Phum-OR502AA_026_000130.1	unannotated	Hypothetical protein of unknown function
Phum-OR502AA_026_000054.1	eggnog	domain-containing protein
Phum-OR502AA_026_000055.1	eggnog	U1 small nuclear ribonucleoprotein of 70kDa MW N terminal
Phum-OR502AA_026_000056.1	eggnog	UDP-glucose:Glycoprotein Glucosyltransferase
Phum-OR502AA_026_000129.1	eggnog	Uncharacterised protein family UPF0066
Phum-OR502AA_026_000057.1	eggnog	guanylate cyclase activity
Phum-OR502AA_026_000128.1	interproscan	G3DSA:3.40.470.10 domain-containing protein
Phum-OR502AA_026_000127.1	eggnog	Serine aminopeptidase, S33
Phum-OR502AA_026_000058.1	eggnog	MgsA AAA+ ATPase C terminal
Phum-OR502AA_026_000059.1	eggnog	MgsA AAA+ ATPase C terminal
Phum-OR502AA_026_000126.1	eggnog	CRM1 C terminal
Phum-OR502AA_026_000060.1	eggnog	B-block binding subunit of TFIIIC
Phum-OR502AA_026_000125.1	eggnog	axoneme assembly
Phum-OR502AA_026_000061.1	eggnog	HECT-domain (ubiquitin-transferase)
Phum-OR502AA_026_000062.1	eggnog	Modifier of rudimentary (Mod(r)) protein
Phum-OR502AA_026_000063.1	eggnog	PGAP1-like protein
Phum-OR502AA_026_000124.1	eggnog	Translation initiation factor SUI1
Phum-OR502AA_026_000123.1	eggnog	Protein tyrosine kinase
Phum-OR502AA_026_000064.1	eggnog	N1221-like protein
Phum-OR502AA_026_000122.1	eggnog	DUF4205
Phum-OR502AA_026_000121.1	eggnog	WD domain, G-beta repeat
Phum-OR502AA_026_000065.1	interproscan	PTHR13164 domain-containing protein
Phum-OR502AA_026_000120.1	eggnog	Calcineurin-like phosphoesterase
Phum-OR502AA_026_000066.1	eggnog	Belongs to the monovalent cation proton antiporter 1 (CPA1) transporter (TC 2.A.36) family
Phum-OR502AA_026_000067.1	eggnog	Histone acetyltransferase subunit NuA4
Phum-OR502AA_026_000119.1	blastp	Homology to Peronospora belbahrii predicted protein CAH0516460.1
Phum-OR502AA_026_000068.1	blastp	Homology to Phytophthora ramorum predicted protein KAH7492206.1
Phum-OR502AA_026_000069.1	blastp	Homology to Peronospora effusa predicted protein CAI5701872.1
Phum-OR502AA_026_000070.1	eggnog	domain-containing protein
Phum-OR502AA_026_000118.1	eggnog	Domain found in Dishevelled, Egl-10, and Pleckstrin (DEP)
Phum-OR502AA_026_000117.1	eggnog	domain-containing protein
Phum-OR502AA_026_000071.1	eggnog	mismatched DNA binding
Phum-OR502AA_026_000116.1	eggnog	regulation of neuron death
Phum-OR502AA_026_000115.1	interproscan	PTHR48125 domain-containing protein
Phum-OR502AA_026_000072.1	blastp	Homology to Peronospora belbahrii predicted protein CAH0516454.1
Phum-OR502AA_026_000114.1	eggnog	Conserved gene of
Phum-OR502AA_026_000073.1	blastp	Homology to Peronospora destructor predicted protein CAI5744056.1
Phum-OR502AA_026_000113.1	eggnog	alpha/beta hydrolase fold
Phum-OR502AA_026_000074.1	unannotated	Hypothetical protein of unknown function
Phum-OR502AA_026_000075.1	eggnog	domain-containing protein
Phum-OR502AA_026_000076.1	eggnog	Ribosomal protein L30p/L7e
Phum-OR502AA_026_000112.1	eggnog	WD40 repeats
Phum-OR502AA_026_000111.1	interproscan	SSF50978 domain-containing protein
Phum-OR502AA_026_000077.1	eggnog	domain-containing protein
Phum-OR502AA_026_000078.1	blastp	Homology to Phytophthora fragariae predicted protein KAE8895317.1
Phum-OR502AA_026_000110.1	eggnog	domain-containing protein
Phum-OR502AA_026_000109.1	eggnog	domain-containing protein
Phum-OR502AA_026_000079.1	eggnog	Stealth protein CR2, conserved region 2
Phum-OR502AA_026_000108.1	eggnog	Stealth protein CR1, conserved region 1
Phum-OR502AA_026_000080.1	eggnog	domain-containing protein
Phum-OR502AA_026_000107.1	blastp	Homology to Phytophthora megakarya predicted protein OWZ18771.1
Phum-OR502AA_026_000081.1	interproscan	PTHR36971 domain-containing protein
Phum-OR502AA_026_000106.1	eggnog	Domain of unknown function (DUF4211)
Phum-OR502AA_026_000082.1	eggnog	WD domain, G-beta repeat
Phum-OR502AA_026_000105.1	eggnog	Pyridoxal-phosphate dependent enzyme
Phum-OR502AA_026_000104.1	eggnog	Domain in homologues of a S
Phum-OR502AA_026_000083.1	blastp	Homology to Phytophthora palmivora predicted protein POM62165.1
Phum-OR502AA_026_000103.1	eggnog	Phosphoinositide 3-kinase family, accessory domain (PIK domain)
Phum-OR502AA_026_000084.1	blastp	Homology to Phytophthora pseudosyringae predicted protein KAG7389932.1
Phum-OR502AA_026_000102.1	eggnog	Bestrophin, RFP-TM, chloride channel
Phum-OR502AA_026_000101.1	blastp	Homology to Peronospora destructor predicted protein CAI5738379.1
Phum-OR502AA_026_000100.1	blastp	Homology to Phytophthora nicotianae predicted protein ETI36006.1
Phum-OR502AA_026_000085.1	eggnog	Sel1 repeat
Phum-OR502AA_026_000099.1	eggnog	Iguana/Dzip1-like DAZ-interacting protein N-terminal
Phum-OR502AA_026_000086.1	eggnog	domain-containing protein
Phum-OR502AA_026_000087.1	eggnog	recombinase activity
Phum-OR502AA_026_000098.1	eggnog	Short calmodulin-binding motif containing conserved Ile and Gln residues
Phum-OR502AA_026_000088.1	blastp	Homology to Phytophthora infestans predicted protein KAI9999073.1
Phum-OR502AA_026_000097.1	eggnog	Histone acetylation protein
Phum-OR502AA_026_000096.1	eggnog	GMC oxidoreductase
Phum-OR502AA_026_000089.1	unannotated	Hypothetical protein of unknown function
Phum-OR502AA_026_000090.1	unannotated	Hypothetical protein of unknown function
Phum-OR502AA_026_000091.1	unannotated	Hypothetical protein of unknown function
Phum-OR502AA_026_000092.1	eggnog	GMC oxidoreductase
Phum-OR502AA_026_000093.1	eggnog	regulation of membrane repolarization during atrial cardiac muscle cell action potential
Phum-OR502AA_026_000095.1	eggnog	regulation of membrane repolarization during atrial cardiac muscle cell action potential
Phum-OR502AA_026_000094.1	eggnog	GMC oxidoreductase
Phum-OR502AA_027_000001.1	unannotated	Hypothetical protein of unknown function
Phum-OR502AA_027_000283.1	eggnog	GMC oxidoreductase
Phum-OR502AA_027_000282.1	blastp	Homology to Phytophthora cinnamomi predicted protein KAJ8554725.1
Phum-OR502AA_027_000281.1	interproscan	PTHR42254 domain-containing protein
Phum-OR502AA_027_000002.1	eggnog	RNA recognition motif
Phum-OR502AA_027_000003.1	eggnog	regulation of membrane repolarization during atrial cardiac muscle cell action potential
Phum-OR502AA_027_000004.1	interproscan	PTHR42254 domain-containing protein
Phum-OR502AA_027_000280.1	eggnog	GMC oxidoreductase
Phum-OR502AA_027_000279.1	eggnog	GMC oxidoreductase
Phum-OR502AA_027_000005.1	eggnog	Fibrillarin
Phum-OR502AA_027_000006.1	eggnog	N-acetyllactosamine synthase activity
Phum-OR502AA_027_000007.1	eggnog	Type III restriction enzyme, res subunit
Phum-OR502AA_027_000278.1	eggnog	Transcription factor TFIID (or TATA-binding protein, TBP)
Phum-OR502AA_027_000008.1	blastp	Homology to Peronospora belbahrii predicted protein CAH0480199.1
Phum-OR502AA_027_000009.1	eggnog	Cytidine and deoxycytidylate deaminase zinc-binding region
Phum-OR502AA_027_000277.1	eggnog	Protein kinase; unclassified specificity
Phum-OR502AA_027_000276.1	eggnog	RsgA GTPase
Phum-OR502AA_027_000275.1	eggnog	Calcium-activated BK potassium channel alpha subunit
Phum-OR502AA_027_000274.1	blastp	Homology to Phytophthora nicotianae predicted protein ETI36099.1
Phum-OR502AA_027_000010.1	eggnog	Leucine rich repeat
Phum-OR502AA_027_000273.1	blastp	Homology to Phytophthora nicotianae predicted protein XP_008896188.1
Phum-OR502AA_027_000011.1	interproscan	PTHR13510 domain-containing protein
Phum-OR502AA_027_000012.1	eggnog	Crinkler (CRN) family protein
Phum-OR502AA_027_000013.1	interproscan	PTHR13510 domain-containing protein
Phum-OR502AA_027_000014.1	eggnog	Peptidase C26
Phum-OR502AA_027_000015.1	eggnog	Uncharacterised protein family (UPF0183)
Phum-OR502AA_027_000272.1	eggnog	Gar1/Naf1 RNA binding region
Phum-OR502AA_027_000016.1	eggnog	Destroys radicals which are normally produced within the cells and which are toxic to biological systems
Phum-OR502AA_027_000271.1	blastp	Homology to Phytophthora pseudosyringae predicted protein KAG7381851.1
Phum-OR502AA_027_000017.1	eggnog	Peptidase C26
Phum-OR502AA_027_000270.1	interproscan	PTHR13510 domain-containing protein
Phum-OR502AA_027_000018.1	interproscan	PTHR13510 domain-containing protein
Phum-OR502AA_027_000019.1	blastp	Homology to Phytophthora cactorum predicted protein KAG2774927.1
Phum-OR502AA_027_000269.1	blastp	Homology to Phytophthora infestans predicted protein KAF4037096.1
Phum-OR502AA_027_000268.1	blastp	Homology to Phytophthora infestans predicted protein KAF4037101.1
Phum-OR502AA_027_000020.1	blastp	Homology to Peronospora effusa predicted protein RQM17209.1
Phum-OR502AA_027_000267.1	eggnog	domain-containing protein
Phum-OR502AA_027_000021.1	eggnog	Regulator of chromosome condensation (RCC1) repeat
Phum-OR502AA_027_000266.1	blastp	Homology to Phytophthora fragariae predicted protein KAE8891172.1
Phum-OR502AA_027_000022.1	eggnog	Transmembrane protein. Source PGD
Phum-OR502AA_027_000265.1	eggnog	Transmembrane protein. Source PGD
Phum-OR502AA_027_000264.1	eggnog	domain-containing protein
Phum-OR502AA_027_000023.1	eggnog	Phosphoinositide 3-kinase C2
Phum-OR502AA_027_000263.1	interproscan	G3DSA:1.25.40.10 domain-containing protein
Phum-OR502AA_027_000262.1	eggnog	Transmembrane protein. Source PGD
Phum-OR502AA_027_000261.1	blastp	Homology to Phytophthora lilii predicted protein GMF34529.1
Phum-OR502AA_027_000260.1	blastp	Homology to Phytophthora palmivora predicted protein POM74005.1
Phum-OR502AA_027_000259.1	unannotated	Hypothetical protein of unknown function
Phum-OR502AA_027_000024.1	eggnog	Folate receptor family
Phum-OR502AA_027_000258.1	eggnog	NADH-ubiquinone oxidoreductase B18 subunit (NDUFB7)
Phum-OR502AA_027_000025.1	eggnog	domain-containing protein
Phum-OR502AA_027_000257.1	blastp	Homology to Phytophthora lilii predicted protein GMF34529.1
Phum-OR502AA_027_000256.1	blastp	Homology to Phytophthora palmivora predicted protein POM74005.1
Phum-OR502AA_027_000255.1	unannotated	Hypothetical protein of unknown function
Phum-OR502AA_027_000026.1	blastp	Homology to Peronospora effusa predicted protein CAI5721725.1
Phum-OR502AA_027_000027.1	eggnog	domain-containing protein
Phum-OR502AA_027_000254.1	eggnog	spliceosomal tri-snRNP complex assembly
Phum-OR502AA_027_000028.1	eggnog	domain-containing protein
Phum-OR502AA_027_000253.1	eggnog	Transcription factor TFIID (or TATA-binding protein, TBP)
Phum-OR502AA_027_000252.1	unannotated	Hypothetical protein of unknown function
Phum-OR502AA_027_000251.1	interproscan	PTHR35532 domain-containing protein
Phum-OR502AA_027_000029.1	interproscan	G3DSA:3.40.30.10 domain-containing protein
Phum-OR502AA_027_000250.1	eggnog	pfkB family carbohydrate kinase
Phum-OR502AA_027_000030.1	eggnog	triglyceride catabolic process
Phum-OR502AA_027_000249.1	blastp	Homology to Peronospora farinosa predicted protein CAH0489909.1
Phum-OR502AA_027_000248.1	eggnog	ABC transporter transmembrane region
Phum-OR502AA_027_000031.1	eggnog	Endonuclease/Exonuclease/phosphatase family
Phum-OR502AA_027_000247.1	blastp	Homology to Phytophthora cactorum predicted protein KAG3029125.1
Phum-OR502AA_027_000032.1	interproscan	PTHR31827 domain-containing protein
Phum-OR502AA_027_000246.1	eggnog	Copine
Phum-OR502AA_027_000245.1	eggnog	domain-containing protein
Phum-OR502AA_027_000244.1	eggnog	Ribosomal protein S10p/S20e
Phum-OR502AA_027_000033.1	eggnog	Endonuclease/Exonuclease/phosphatase family
Phum-OR502AA_027_000034.1	eggnog	Uncharacterized conserved protein (DUF2183)
Phum-OR502AA_027_000243.1	interproscan	PTHR33215 domain-containing protein
Phum-OR502AA_027_000242.1	blastp	Homology to Phytophthora ramorum predicted protein KAH7492065.1
Phum-OR502AA_027_000241.1	eggnog	Fcf1
Phum-OR502AA_027_000035.1	eggnog	HAT (Half-A-TPR) repeats
Phum-OR502AA_027_000036.1	eggnog	HAT (Half-A-TPR) repeats
Phum-OR502AA_027_000240.1	blastp	Homology to Phytophthora palmivora predicted protein POM70510.1
Phum-OR502AA_027_000037.1	eggnog	ATP synthase (F/14-kDa) subunit
Phum-OR502AA_027_000239.1	eggnog	ADP-ribosylation factor family
Phum-OR502AA_027_000238.1	eggnog	Signal recognition particle receptor beta subunit
Phum-OR502AA_027_000038.1	eggnog	RNA recognition motif
Phum-OR502AA_027_000237.1	blastp	Homology to Peronospora farinosa predicted protein CAH0486982.1
Phum-OR502AA_027_000039.1	blastp	Homology to Phytophthora pseudosyringae predicted protein KAG7390592.1
Phum-OR502AA_027_000040.1	eggnog	domain-containing protein
Phum-OR502AA_027_000041.1	eggnog	SCF-dependent proteasomal ubiquitin-dependent protein catabolic process
Phum-OR502AA_027_000042.1	eggnog	Protein of unknown function (DUF1336)
Phum-OR502AA_027_000043.1	eggnog	Protein of unknown function (DUF1336)
Phum-OR502AA_027_000044.1	eggnog	Lipopolysaccharide kinase (Kdo/WaaP) family
Phum-OR502AA_027_000236.1	eggnog	3'-5'-exoribonuclease activity
Phum-OR502AA_027_000045.1	unannotated	Hypothetical protein of unknown function
Phum-OR502AA_027_000046.1	eggnog	Duplicated domain in the epidermal growth factor- and elongation factor-1alpha-binding protein Zpr1
Phum-OR502AA_027_000235.1	eggnog	Acid phosphatase homologues
Phum-OR502AA_027_000234.1	unannotated	Hypothetical protein of unknown function
Phum-OR502AA_027_000047.1	interproscan	PTHR46518 domain-containing protein
Phum-OR502AA_027_000233.1	eggnog	phosphatidylinositol-3,4-bisphosphate 4-phosphatase activity
Phum-OR502AA_027_000048.1	unannotated	Hypothetical protein of unknown function
Phum-OR502AA_027_000049.1	eggnog	UbiA prenyltransferase family
Phum-OR502AA_027_000232.1	eggnog	Belongs to the NARF family
Phum-OR502AA_027_000050.1	eggnog	domain-containing protein
Phum-OR502AA_027_000051.1	eggnog	domain-containing protein
Phum-OR502AA_027_000231.1	blastp	Homology to Phytophthora cactorum predicted protein KAF1795774.1
Phum-OR502AA_027_000230.1	blastp	Homology to Peronospora effusa predicted protein CAI5705358.1
Phum-OR502AA_027_000052.1	eggnog	Dimerisation domain of Ca+-activated chloride-channel, anoctamin
Phum-OR502AA_027_000053.1	eggnog	nitrile biosynthetic process
Phum-OR502AA_027_000054.1	eggnog	regulation of response to stimulus
Phum-OR502AA_027_000229.1	blastp	Homology to Phytophthora ramorum predicted protein KAH7492571.1
Phum-OR502AA_027_000228.1	eggnog	transposition, RNA-mediated
Phum-OR502AA_027_000227.1	eggnog	zinc-finger of a C2HC-type
Phum-OR502AA_027_000226.1	eggnog	domain-containing protein
Phum-OR502AA_027_000055.1	eggnog	Tetraspanin family
Phum-OR502AA_027_000225.1	eggnog	Nucleolar complex-associated protein
Phum-OR502AA_027_000224.1	eggnog	domain-containing protein
Phum-OR502AA_027_000223.1	eggnog	DTW
Phum-OR502AA_027_000056.1	eggnog	domain-containing protein
Phum-OR502AA_027_000222.1	eggnog	domain-containing protein
Phum-OR502AA_027_000057.1	eggnog	Zinc finger C-x8-C-x5-C-x3-H type (and similar)
Phum-OR502AA_027_000221.1	blastp	Homology to Phytophthora aleatoria predicted protein KAG6955930.1
Phum-OR502AA_027_000058.1	eggnog	Acid phosphatase homologues
Phum-OR502AA_027_000059.1	eggnog	Acid phosphatase homologues
Phum-OR502AA_027_000060.1	eggnog	apoptotic process
Phum-OR502AA_027_000061.1	unannotated	Hypothetical protein of unknown function
Phum-OR502AA_027_000062.1	blastp	Homology to Sphagnum magellanicum predicted protein KAH9561241.1
Phum-OR502AA_027_000220.1	eggnog	Matrix metalloproteinase. Source PGD
Phum-OR502AA_027_000219.1	interproscan	PTHR31973 domain-containing protein
Phum-OR502AA_027_000063.1	eggnog	RUN
Phum-OR502AA_027_000218.1	blastp	Homology to Phytophthora pseudosyringae predicted protein KAG7379208.1
Phum-OR502AA_027_000064.1	blastp	Homology to Phytophthora citrophthora predicted protein KAK1930589.1
Phum-OR502AA_027_000217.1	eggnog	Gpi16 subunit, GPI transamidase component
Phum-OR502AA_027_000216.1	eggnog	phosphatidylinositol N-acetylglucosaminyltransferase activity (PIGA)
Phum-OR502AA_027_000215.1	eggnog	Phytanoyl-CoA dioxygenase (PhyH)
Phum-OR502AA_027_000065.1	blastp	Homology to Phytophthora infestans predicted protein KAF4027509.1
Phum-OR502AA_027_000066.1	eggnog	Zinc finger, C3HC4 type (RING finger)
Phum-OR502AA_027_000067.1	eggnog	Double-stranded RNA binding motif
Phum-OR502AA_027_000068.1	unannotated	Hypothetical protein of unknown function
Phum-OR502AA_027_000069.1	eggnog	Conserved gene of
Phum-OR502AA_027_000214.1	eggnog	AAA domain (Cdc48 subfamily)
Phum-OR502AA_027_000070.1	eggnog	domain-containing protein
Phum-OR502AA_027_000213.1	eggnog	Putative diphthamide synthesis protein
Phum-OR502AA_027_000212.1	eggnog	Zinc finger, C3HC4 type (RING finger)
Phum-OR502AA_027_000071.1	eggnog	Conserved gene of
Phum-OR502AA_027_000211.1	eggnog	Zn-finger in Ran binding protein and others
Phum-OR502AA_027_000072.1	eggnog	ubiquitin-protein transferase activity
Phum-OR502AA_027_000210.1	eggnog	Zn-finger in Ran binding protein and others
Phum-OR502AA_027_000209.1	unannotated	Hypothetical protein of unknown function
Phum-OR502AA_027_000208.1	eggnog	XPG I-region
Phum-OR502AA_027_000073.1	eggnog	Transmembrane protein 138
Phum-OR502AA_027_000074.1	blastp	Homology to Peronospora belbahrii predicted protein CAH0476720.1
Phum-OR502AA_027_000075.1	unannotated	Hypothetical protein of unknown function
Phum-OR502AA_027_000076.1	eggnog	Severs microtubules in an ATP-dependent manner
Phum-OR502AA_027_000207.1	eggnog	domain-containing protein
Phum-OR502AA_027_000206.1	eggnog	domain-containing protein
Phum-OR502AA_027_000077.1	blastp	Homology to Phytophthora aleatoria predicted protein KAG6955930.1
Phum-OR502AA_027_000205.1	unannotated	Hypothetical protein of unknown function
Phum-OR502AA_027_000204.1	eggnog	ubiquitin-protein transferase activity
Phum-OR502AA_027_000203.1	eggnog	Removes the N-terminal methionine from nascent proteins
Phum-OR502AA_027_000078.1	eggnog	Mitochondrial carrier protein
Phum-OR502AA_027_000202.1	eggnog	domain-containing protein
Phum-OR502AA_027_000079.1	eggnog	domain-containing protein
Phum-OR502AA_027_000201.1	blastp	Homology to Phytophthora capsici predicted protein KAG1707255.1
Phum-OR502AA_027_000080.1	eggnog	RNA recognition motif
Phum-OR502AA_027_000081.1	eggnog	RNA recognition motif
Phum-OR502AA_027_000200.1	eggnog	Amino acid kinase family
Phum-OR502AA_027_000199.1	eggnog	Kinase-like
Phum-OR502AA_027_000198.1	eggnog	Annexin repeats
Phum-OR502AA_027_000082.1	eggnog	Protein of unknown function (DUF773)
Phum-OR502AA_027_000083.1	eggnog	Annexin repeats
Phum-OR502AA_027_000084.1	eggnog	Annexin
Phum-OR502AA_027_000197.1	blastp	Homology to Peronospora effusa predicted protein CAI5705454.1
Phum-OR502AA_027_000196.1	eggnog	Annexin repeats
Phum-OR502AA_027_000085.1	unannotated	Hypothetical protein of unknown function
Phum-OR502AA_027_000086.1	eggnog	PPIases accelerate the folding of proteins
Phum-OR502AA_027_000087.1	blastp	Homology to Peronospora effusa predicted protein RMX69247.1
Phum-OR502AA_027_000088.1	eggnog	Belongs to the TRAFAC class myosin-kinesin ATPase superfamily
Phum-OR502AA_027_000195.1	eggnog	Endonuclease that specifically degrades the RNA of RNA- DNA hybrids
Phum-OR502AA_027_000089.1	eggnog	Pc21g00130 protein. Source PGD
Phum-OR502AA_027_000194.1	unannotated	Hypothetical protein of unknown function
Phum-OR502AA_027_000193.1	unannotated	Hypothetical protein of unknown function
Phum-OR502AA_027_000192.1	unannotated	Hypothetical protein of unknown function
Phum-OR502AA_027_000191.1	unannotated	Hypothetical protein of unknown function
Phum-OR502AA_027_000190.1	unannotated	Hypothetical protein of unknown function
Phum-OR502AA_027_000189.1	unannotated	Hypothetical protein of unknown function
Phum-OR502AA_027_000188.1	unannotated	Hypothetical protein of unknown function
Phum-OR502AA_027_000187.1	unannotated	Hypothetical protein of unknown function
Phum-OR502AA_027_000186.1	unannotated	Hypothetical protein of unknown function
Phum-OR502AA_027_000185.1	unannotated	Hypothetical protein of unknown function
Phum-OR502AA_027_000184.1	unannotated	Hypothetical protein of unknown function
Phum-OR502AA_027_000183.1	unannotated	Hypothetical protein of unknown function
Phum-OR502AA_027_000182.1	unannotated	Hypothetical protein of unknown function
Phum-OR502AA_027_000181.1	unannotated	Hypothetical protein of unknown function
Phum-OR502AA_027_000180.1	unannotated	Hypothetical protein of unknown function
Phum-OR502AA_027_000179.1	unannotated	Hypothetical protein of unknown function
Phum-OR502AA_027_000178.1	unannotated	Hypothetical protein of unknown function
Phum-OR502AA_027_000177.1	unannotated	Hypothetical protein of unknown function
Phum-OR502AA_027_000176.1	unannotated	Hypothetical protein of unknown function
Phum-OR502AA_027_000175.1	unannotated	Hypothetical protein of unknown function
Phum-OR502AA_027_000174.1	unannotated	Hypothetical protein of unknown function
Phum-OR502AA_027_000173.1	unannotated	Hypothetical protein of unknown function
Phum-OR502AA_027_000172.1	unannotated	Hypothetical protein of unknown function
Phum-OR502AA_027_000171.1	unannotated	Hypothetical protein of unknown function
Phum-OR502AA_027_000170.1	unannotated	Hypothetical protein of unknown function
Phum-OR502AA_027_000169.1	unannotated	Hypothetical protein of unknown function
Phum-OR502AA_027_000168.1	unannotated	Hypothetical protein of unknown function
Phum-OR502AA_027_000167.1	unannotated	Hypothetical protein of unknown function
Phum-OR502AA_027_000166.1	unannotated	Hypothetical protein of unknown function
Phum-OR502AA_027_000165.1	unannotated	Hypothetical protein of unknown function
Phum-OR502AA_027_000164.1	unannotated	Hypothetical protein of unknown function
Phum-OR502AA_027_000163.1	unannotated	Hypothetical protein of unknown function
Phum-OR502AA_027_000162.1	unannotated	Hypothetical protein of unknown function
Phum-OR502AA_027_000161.1	unannotated	Hypothetical protein of unknown function
Phum-OR502AA_027_000160.1	unannotated	Hypothetical protein of unknown function
Phum-OR502AA_027_000159.1	unannotated	Hypothetical protein of unknown function
Phum-OR502AA_027_000158.1	unannotated	Hypothetical protein of unknown function
Phum-OR502AA_027_000157.1	unannotated	Hypothetical protein of unknown function
Phum-OR502AA_027_000156.1	unannotated	Hypothetical protein of unknown function
Phum-OR502AA_027_000155.1	unannotated	Hypothetical protein of unknown function
Phum-OR502AA_027_000154.1	unannotated	Hypothetical protein of unknown function
Phum-OR502AA_027_000153.1	unannotated	Hypothetical protein of unknown function
Phum-OR502AA_027_000152.1	unannotated	Hypothetical protein of unknown function
Phum-OR502AA_027_000151.1	unannotated	Hypothetical protein of unknown function
Phum-OR502AA_027_000150.1	unannotated	Hypothetical protein of unknown function
Phum-OR502AA_027_000149.1	unannotated	Hypothetical protein of unknown function
Phum-OR502AA_027_000148.1	unannotated	Hypothetical protein of unknown function
Phum-OR502AA_027_000147.1	unannotated	Hypothetical protein of unknown function
Phum-OR502AA_027_000146.1	unannotated	Hypothetical protein of unknown function
Phum-OR502AA_027_000145.1	unannotated	Hypothetical protein of unknown function
Phum-OR502AA_027_000144.1	unannotated	Hypothetical protein of unknown function
Phum-OR502AA_027_000143.1	unannotated	Hypothetical protein of unknown function
Phum-OR502AA_027_000142.1	unannotated	Hypothetical protein of unknown function
Phum-OR502AA_027_000141.1	unannotated	Hypothetical protein of unknown function
Phum-OR502AA_027_000140.1	unannotated	Hypothetical protein of unknown function
Phum-OR502AA_027_000139.1	unannotated	Hypothetical protein of unknown function
Phum-OR502AA_027_000138.1	unannotated	Hypothetical protein of unknown function
Phum-OR502AA_027_000137.1	unannotated	Hypothetical protein of unknown function
Phum-OR502AA_027_000136.1	unannotated	Hypothetical protein of unknown function
Phum-OR502AA_027_000135.1	unannotated	Hypothetical protein of unknown function
Phum-OR502AA_027_000090.1	unannotated	Hypothetical protein of unknown function
Phum-OR502AA_027_000091.1	unannotated	Hypothetical protein of unknown function
Phum-OR502AA_027_000092.1	unannotated	Hypothetical protein of unknown function
Phum-OR502AA_027_000093.1	unannotated	Hypothetical protein of unknown function
Phum-OR502AA_027_000094.1	unannotated	Hypothetical protein of unknown function
Phum-OR502AA_027_000095.1	unannotated	Hypothetical protein of unknown function
Phum-OR502AA_027_000096.1	unannotated	Hypothetical protein of unknown function
Phum-OR502AA_027_000097.1	eggnog	Aspartyl-tRNA synthetase
Phum-OR502AA_027_000134.1	eggnog	Alternative splicing regulator
Phum-OR502AA_027_000098.1	interproscan	PTHR34689 domain-containing protein
Phum-OR502AA_027_000099.1	eggnog	domain in glucosyltransferases, myotubularins and other putative membrane-associated proteins
Phum-OR502AA_027_000133.1	blastp	Homology to Peronospora farinosa predicted protein CAI5709776.1
Phum-OR502AA_027_000132.1	eggnog	Golgin subfamily A member 5
Phum-OR502AA_027_000100.1	eggnog	Annexin repeats
Phum-OR502AA_027_000101.1	eggnog	Subunit of the peripheral V1 complex of vacuolar ATPase
Phum-OR502AA_027_000131.1	eggnog	domain-containing protein
Phum-OR502AA_027_000130.1	blastp	Homology to Phytophthora megakarya predicted protein OWZ14881.1
Phum-OR502AA_027_000129.1	interproscan	G3DSA:3.30.60.30 domain-containing protein
Phum-OR502AA_027_000102.1	eggnog	Kazal type serine protease inhibitors
Phum-OR502AA_027_000103.1	blastp	Homology to Phytophthora nicotianae predicted protein ETL30090.1
Phum-OR502AA_027_000128.1	interproscan	G3DSA:2.60.120.680 domain-containing protein
Phum-OR502AA_027_000104.1	eggnog	Suppressor of forked protein (Suf)
Phum-OR502AA_027_000127.1	blastp	Homology to Peronospora effusa predicted protein CAI5705483.1
Phum-OR502AA_027_000105.1	interproscan	PTHR37028 domain-containing protein
Phum-OR502AA_027_000126.1	blastp	Homology to Phytophthora aleatoria predicted protein KAG6972186.1
Phum-OR502AA_027_000106.1	eggnog	domain-containing protein
Phum-OR502AA_027_000107.1	blastp	Homology to Phytophthora cactorum predicted protein KAG3019014.1
Phum-OR502AA_027_000125.1	blastp	Homology to Peronospora effusa predicted protein RQM09757.1
Phum-OR502AA_027_000108.1	eggnog	Domain of unknown function (DUF3523)
Phum-OR502AA_027_000109.1	eggnog	Nuclear pore localisation protein NPL4
Phum-OR502AA_027_000110.1	eggnog	Nuclear pore localisation protein NPL4
Phum-OR502AA_027_000124.1	eggnog	Proteasome subunit A N-terminal signature Add an annotation
Phum-OR502AA_027_000111.1	eggnog	Domain present in PSD-95, Dlg, and ZO-1/2
Phum-OR502AA_027_000112.1	eggnog	Domain present in PSD-95, Dlg, and ZO-1/2
Phum-OR502AA_027_000123.1	eggnog	Sigma factor PP2C-like phosphatases
Phum-OR502AA_027_000122.1	eggnog	ankyrin repeats
Phum-OR502AA_027_000121.1	eggnog	Tetratricopeptide repeat
Phum-OR502AA_027_000113.1	eggnog	SHR-binding domain of vacuolar-sorting associated protein 13
Phum-OR502AA_027_000114.1	eggnog	SHR-binding domain of vacuolar-sorting associated protein 13
Phum-OR502AA_027_000115.1	eggnog	CDP-alcohol phosphatidyltransferase
Phum-OR502AA_027_000116.1	eggnog	SHR-binding domain of vacuolar-sorting associated protein 13
Phum-OR502AA_027_000120.1	eggnog	protein phosphorylation
Phum-OR502AA_027_000119.1	eggnog	Ku70 and Ku80 are 70kDa and 80kDa subunits of the Lupus Ku autoantigen
Phum-OR502AA_027_000118.1	eggnog	Ku70 and Ku80 are 70kDa and 80kDa subunits of the Lupus Ku autoantigen
Phum-OR502AA_027_000117.1	eggnog	domain-containing protein
Phum-OR502AA_028_000227.1	eggnog	Glycosyl hydrolase family 7
Phum-OR502AA_028_000226.1	eggnog	Quinolinate synthetase A protein
Phum-OR502AA_028_000001.1	eggnog	Quinolinate synthetase A protein
Phum-OR502AA_028_000002.1	eggnog	Glycosyl hydrolase family 7
Phum-OR502AA_028_000003.1	eggnog	Ufm1-conjugating enzyme 1. Source PGD
Phum-OR502AA_028_000225.1	interproscan	PTHR31827 domain-containing protein
Phum-OR502AA_028_000224.1	eggnog	ATP-dependent DNA helicase activity
Phum-OR502AA_028_000004.1	interproscan	G3DSA:1.25.40.10 domain-containing protein
Phum-OR502AA_028_000223.1	eggnog	ATPase family associated with various cellular activities (AAA)
Phum-OR502AA_028_000222.1	eggnog	ATPase family associated with various cellular activities (AAA)
Phum-OR502AA_028_000005.1	eggnog	domain-containing protein
Phum-OR502AA_028_000221.1	unannotated	Hypothetical protein of unknown function
Phum-OR502AA_028_000220.1	interproscan	PTHR34894 domain-containing protein
Phum-OR502AA_028_000219.1	eggnog	structural constituent of ribosome (RPL27A)
Phum-OR502AA_028_000218.1	unannotated	Hypothetical protein of unknown function
Phum-OR502AA_028_000006.1	eggnog	WD40 repeats
Phum-OR502AA_028_000217.1	eggnog	interleukin-8 biosynthetic process
Phum-OR502AA_028_000216.1	eggnog	interleukin-8 biosynthetic process
Phum-OR502AA_028_000215.1	unannotated	Hypothetical protein of unknown function
Phum-OR502AA_028_000214.1	unannotated	Hypothetical protein of unknown function
Phum-OR502AA_028_000213.1	blastp	Homology to Bremia lactucae predicted protein TDH73037.1
Phum-OR502AA_028_000007.1	eggnog	Transposase. Source PGD
Phum-OR502AA_028_000008.1	interproscan	PTHR30289 domain-containing protein
Phum-OR502AA_028_000009.1	unannotated	Hypothetical protein of unknown function
Phum-OR502AA_028_000010.1	unannotated	Hypothetical protein of unknown function
Phum-OR502AA_028_000212.1	unannotated	Hypothetical protein of unknown function
Phum-OR502AA_028_000211.1	unannotated	Hypothetical protein of unknown function
Phum-OR502AA_028_000210.1	interproscan	PTHR30289 domain-containing protein
Phum-OR502AA_028_000011.1	unannotated	Hypothetical protein of unknown function
Phum-OR502AA_028_000012.1	eggnog	Trehalase
Phum-OR502AA_028_000209.1	interproscan	PTHR38899 domain-containing protein
Phum-OR502AA_028_000208.1	eggnog	Intraflagellar transport complex B, subunit 20
Phum-OR502AA_028_000013.1	unannotated	Hypothetical protein of unknown function
Phum-OR502AA_028_000014.1	unannotated	Hypothetical protein of unknown function
Phum-OR502AA_028_000015.1	blastp	Homology to Phytophthora cinnamomi predicted protein KAG6610438.1
Phum-OR502AA_028_000016.1	eggnog	Tyrosine phosphatase family
Phum-OR502AA_028_000207.1	eggnog	Core subunit of the mitochondrial membrane respiratory chain NADH dehydrogenase (Complex I) that is believed to belong to the minimal assembly required for catalysis
Phum-OR502AA_028_000017.1	eggnog	domain-containing protein
Phum-OR502AA_028_000206.1	eggnog	domain-containing protein
Phum-OR502AA_028_000205.1	eggnog	WSTF, HB1, Itc1p, MBD9 motif 1
Phum-OR502AA_028_000018.1	eggnog	domain-containing protein
Phum-OR502AA_028_000019.1	eggnog	Trehalase
Phum-OR502AA_028_000020.1	blastp	Homology to Phytophthora idaei predicted protein KAG3112184.1
Phum-OR502AA_028_000204.1	unannotated	Hypothetical protein of unknown function
Phum-OR502AA_028_000021.1	blastp	Homology to Phytophthora cactorum predicted protein KAG3180817.1
Phum-OR502AA_028_000203.1	eggnog	domain-containing protein
Phum-OR502AA_028_000022.1	eggnog	Trehalose-phosphatase
Phum-OR502AA_028_000023.1	interproscan	PTHR37327 domain-containing protein
Phum-OR502AA_028_000202.1	eggnog	Domain with 2 conserved Trp (W) residues
Phum-OR502AA_028_000201.1	eggnog	Ubiquitin-conjugating enzyme E2, catalytic domain homologues
Phum-OR502AA_028_000024.1	blastp	Homology to Phytophthora lilii predicted protein GMF23546.1
Phum-OR502AA_028_000200.1	eggnog	Ubiquitin carboxyl-terminal hydrolase
Phum-OR502AA_028_000199.1	eggnog	Alpha and gamma adaptin binding protein p34
Phum-OR502AA_028_000198.1	eggnog	WD40 repeats
Phum-OR502AA_028_000025.1	eggnog	BT1 family
Phum-OR502AA_028_000197.1	eggnog	Sigma factor PP2C-like phosphatases
Phum-OR502AA_028_000026.1	eggnog	Poly ADP-ribose polymerase 2. Source PGD
Phum-OR502AA_028_000027.1	unannotated	Hypothetical protein of unknown function
Phum-OR502AA_028_000196.1	eggnog	domain-containing protein
Phum-OR502AA_028_000028.1	eggnog	Riboflavin kinase
Phum-OR502AA_028_000195.1	eggnog	Solute carrier family 35
Phum-OR502AA_028_000029.1	eggnog	TCP-1/cpn60 chaperonin family
Phum-OR502AA_028_000194.1	eggnog	Methylates the 2'-O-ribose of nucleotides at positions 32 and 34 of the tRNA anticodon loop of substrate tRNAs
Phum-OR502AA_028_000030.1	eggnog	domain-containing protein
Phum-OR502AA_028_000193.1	eggnog	Zn_pept
Phum-OR502AA_028_000031.1	blastp	Homology to Peronospora effusa predicted protein RMX66676.1
Phum-OR502AA_028_000192.1	eggnog	ABC transporter transmembrane region
Phum-OR502AA_028_000032.1	eggnog	Pentacotripeptide-repeat region of PRORP
Phum-OR502AA_028_000191.1	eggnog	Putative DNA-binding domain in centromere protein B, mouse jerky and transposases
Phum-OR502AA_028_000190.1	eggnog	Sugar (and other) transporter
Phum-OR502AA_028_000189.1	blastp	Homology to Phytophthora ramorum predicted protein KAH7492543.1
Phum-OR502AA_028_000033.1	eggnog	Belongs to the ABC transporter superfamily
Phum-OR502AA_028_000034.1	blastp	Homology to Phytophthora ramorum predicted protein KAH7492543.1
Phum-OR502AA_028_000035.1	eggnog	Belongs to the ABC transporter superfamily
Phum-OR502AA_028_000188.1	eggnog	Glycosyl hydrolase family 85
Phum-OR502AA_028_000187.1	eggnog	Stress up-regulated Nod 19
Phum-OR502AA_028_000036.1	eggnog	Stress up-regulated Nod 19
Phum-OR502AA_028_000186.1	eggnog	RNA recognition motif
Phum-OR502AA_028_000185.1	eggnog	domain-containing protein
Phum-OR502AA_028_000037.1	eggnog	domain-containing protein
Phum-OR502AA_028_000038.1	eggnog	AMP-binding enzyme
Phum-OR502AA_028_000184.1	eggnog	Putative Phosphatase
Phum-OR502AA_028_000039.1	blastp	Homology to Peronospora effusa predicted protein CAI5702152.1
Phum-OR502AA_028_000183.1	eggnog	Glycosyl transferase family 2
Phum-OR502AA_028_000182.1	eggnog	OHCU decarboxylase
Phum-OR502AA_028_000181.1	eggnog	DHHC palmitoyltransferase
Phum-OR502AA_028_000040.1	unannotated	Hypothetical protein of unknown function
Phum-OR502AA_028_000180.1	eggnog	Tubulin binding cofactor C
Phum-OR502AA_028_000041.1	eggnog	UDP-glucoronosyl and UDP-glucosyl transferase
Phum-OR502AA_028_000179.1	eggnog	Domain of unknown function (DUF4496)
Phum-OR502AA_028_000042.1	eggnog	Subtilase family
Phum-OR502AA_028_000178.1	eggnog	Ankyrin repeat
Phum-OR502AA_028_000043.1	eggnog	Peptidase family C69
Phum-OR502AA_028_000044.1	eggnog	Belongs to the glycosyl hydrolase 5 (cellulase A) family
Phum-OR502AA_028_000045.1	eggnog	domain-containing protein
Phum-OR502AA_028_000046.1	eggnog	Serine hydrolase involved in the detoxification of formaldehyde
Phum-OR502AA_028_000177.1	eggnog	Lecithin:cholesterol acyltransferase
Phum-OR502AA_028_000047.1	eggnog	EF-hand, calcium binding motif
Phum-OR502AA_028_000176.1	eggnog	Required for the formation of a threonylcarbamoyl group on adenosine at position 37 (t(6)A37) in mitochondrial tRNAs that read codons beginning with adenine
Phum-OR502AA_028_000048.1	eggnog	SPT2 chromatin protein
Phum-OR502AA_028_000049.1	eggnog	alpha/beta hydrolase fold
Phum-OR502AA_028_000175.1	interproscan	PTHR31827 domain-containing protein
Phum-OR502AA_028_000174.1	unannotated	Hypothetical protein of unknown function
Phum-OR502AA_028_000050.1	eggnog	Eukaryotic aspartyl protease
Phum-OR502AA_028_000051.1	eggnog	Domain present in PSD-95, Dlg, and ZO-1/2
Phum-OR502AA_028_000173.1	blastp	Homology to Phytophthora pseudosyringae predicted protein KAG7383591.1
Phum-OR502AA_028_000172.1	unannotated	Hypothetical protein of unknown function
Phum-OR502AA_028_000171.1	eggnog	1-phosphatidylinositol-3-phosphate 5-kinase activity
Phum-OR502AA_028_000170.1	unannotated	Hypothetical protein of unknown function
Phum-OR502AA_028_000052.1	unannotated	Hypothetical protein of unknown function
Phum-OR502AA_028_000053.1	eggnog	1-phosphatidylinositol-3-phosphate 5-kinase activity
Phum-OR502AA_028_000169.1	eggnog	Eukaryotic aspartyl protease
Phum-OR502AA_028_000054.1	interproscan	PTHR16124 domain-containing protein
Phum-OR502AA_028_000168.1	interproscan	PTHR31691 domain-containing protein
Phum-OR502AA_028_000055.1	eggnog	Inositol polyphosphate phosphatase, catalytic domain homologues
Phum-OR502AA_028_000056.1	eggnog	Inositol polyphosphate phosphatase, catalytic domain homologues
Phum-OR502AA_028_000167.1	eggnog	domain-containing protein
Phum-OR502AA_028_000057.1	eggnog	Regulator of chromosome condensation (RCC1) repeat
Phum-OR502AA_028_000166.1	eggnog	regulation of microtubule motor activity
Phum-OR502AA_028_000165.1	eggnog	Belongs to the mitochondrial carrier (TC 2.A.29) family
Phum-OR502AA_028_000164.1	eggnog	Translation-initiation factor 2
Phum-OR502AA_028_000058.1	eggnog	Transmembrane amino acid transporter protein
Phum-OR502AA_028_000059.1	eggnog	domain-containing protein
Phum-OR502AA_028_000163.1	eggnog	DASH complex subunit Dam1
Phum-OR502AA_028_000060.1	eggnog	Dpy-30 motif
Phum-OR502AA_028_000162.1	eggnog	Leucine-rich repeats, typical (most populated) subfamily
Phum-OR502AA_028_000161.1	eggnog	Phosphatidylinositol-4-phosphate 5-Kinase
Phum-OR502AA_028_000160.1	blastp	Homology to Phytophthora capsici predicted protein KAG1692673.1
Phum-OR502AA_028_000061.1	eggnog	Belongs to the STXBP unc-18 SEC1 family
Phum-OR502AA_028_000159.1	blastp	Homology to Peronospora destructor predicted protein CAI5716826.1
Phum-OR502AA_028_000158.1	eggnog	Domain in homologues of a S
Phum-OR502AA_028_000062.1	eggnog	Protein of unknown function (DUF455)
Phum-OR502AA_028_000157.1	eggnog	Papain family cysteine protease
Phum-OR502AA_028_000063.1	eggnog	Papain family cysteine protease
Phum-OR502AA_028_000064.1	eggnog	Papain family cysteine protease
Phum-OR502AA_028_000065.1	unannotated	Hypothetical protein of unknown function
Phum-OR502AA_028_000066.1	unannotated	Hypothetical protein of unknown function
Phum-OR502AA_028_000156.1	unannotated	Hypothetical protein of unknown function
Phum-OR502AA_028_000155.1	eggnog	Papain family cysteine protease
Phum-OR502AA_028_000067.1	eggnog	Papain family cysteine protease
Phum-OR502AA_028_000068.1	eggnog	Fumarylacetoacetate (FAA) hydrolase family
Phum-OR502AA_028_000069.1	eggnog	Belongs to the protein-tyrosine phosphatase family
Phum-OR502AA_028_000070.1	eggnog	FtsJ-like methyltransferase
Phum-OR502AA_028_000154.1	interproscan	G3DSA:3.30.70.330 domain-containing protein
Phum-OR502AA_028_000153.1	blastp	Homology to Phytophthora idaei predicted protein KAG3109949.1
Phum-OR502AA_028_000152.1	unannotated	Hypothetical protein of unknown function
Phum-OR502AA_028_000071.1	eggnog	heat shock factor
Phum-OR502AA_028_000151.1	eggnog	domain-containing protein
Phum-OR502AA_028_000150.1	eggnog	Peptidase family M48
Phum-OR502AA_028_000149.1	eggnog	domain-containing protein
Phum-OR502AA_028_000072.1	eggnog	domain-containing protein
Phum-OR502AA_028_000073.1	unannotated	Hypothetical protein of unknown function
Phum-OR502AA_028_000074.1	blastp	Homology to Peronospora farinosa predicted protein CAH0488187.1
Phum-OR502AA_028_000075.1	eggnog	Guanine nucleotide exchange factor for Ras-like GTPases; N-terminal motif
Phum-OR502AA_028_000148.1	eggnog	Leucyl/phenylalanyl-tRNA protein transferase
Phum-OR502AA_028_000076.1	blastp	Homology to Peronospora effusa predicted protein CAI5702089.1
Phum-OR502AA_028_000147.1	eggnog	Belongs to the glycosyl hydrolase 12 (cellulase H) family
Phum-OR502AA_028_000146.1	eggnog	Belongs to the glycosyl hydrolase 12 (cellulase H) family
Phum-OR502AA_028_000145.1	eggnog	Belongs to the glycosyl hydrolase 12 (cellulase H) family
Phum-OR502AA_028_000144.1	eggnog	Belongs to the glycosyl hydrolase 12 (cellulase H) family
Phum-OR502AA_028_000077.1	eggnog	Belongs to the glycosyl hydrolase 12 (cellulase H) family
Phum-OR502AA_028_000143.1	eggnog	Belongs to the glycosyl hydrolase 12 (cellulase H) family
Phum-OR502AA_028_000078.1	eggnog	domain-containing protein
Phum-OR502AA_028_000142.1	eggnog	ERAD pathway
Phum-OR502AA_028_000079.1	eggnog	RNA cap guanine-N2 methyltransferase
Phum-OR502AA_028_000141.1	eggnog	Ubiquitin-conjugating enzyme E2, catalytic domain homologues
Phum-OR502AA_028_000140.1	eggnog	Ubiquitin carrier protein. Source PGD
Phum-OR502AA_028_000080.1	blastp	Homology to Phytophthora cactorum predicted protein KAG2957751.1
Phum-OR502AA_028_000139.1	eggnog	domain-containing protein
Phum-OR502AA_028_000138.1	eggnog	Eukaryotic initiation factor 4E
Phum-OR502AA_028_000081.1	eggnog	Belongs to the glycosyl hydrolase 12 (cellulase H) family
Phum-OR502AA_028_000082.1	eggnog	Belongs to the glycosyl hydrolase 12 (cellulase H) family
Phum-OR502AA_028_000083.1	eggnog	Cyclin
Phum-OR502AA_028_000137.1	eggnog	Protein tyrosine kinase
Phum-OR502AA_028_000084.1	eggnog	Leucine-rich repeats, outliers
Phum-OR502AA_028_000136.1	eggnog	EXOIII
Phum-OR502AA_028_000135.1	eggnog	CCT motif
Phum-OR502AA_028_000085.1	eggnog	Protein present in Fab1, YOTB, Vac1, and EEA1
Phum-OR502AA_028_000086.1	blastp	Homology to Peronospora effusa predicted protein RMX62057.1
Phum-OR502AA_028_000087.1	eggnog	Phospholipase D Active site motif
Phum-OR502AA_028_000134.1	eggnog	MafB19-like deaminase
Phum-OR502AA_028_000133.1	eggnog	Peptidase family M20/M25/M40
Phum-OR502AA_028_000088.1	eggnog	domain-containing protein
Phum-OR502AA_028_000132.1	eggnog	RING-type zinc-finger
Phum-OR502AA_028_000089.1	eggnog	DEAD-like helicases superfamily
Phum-OR502AA_028_000131.1	eggnog	Putative DNA-binding domain in centromere protein B, mouse jerky and transposases
Phum-OR502AA_028_000090.1	eggnog	domain-containing protein
Phum-OR502AA_028_000130.1	eggnog	Domain present in PSD-95, Dlg, and ZO-1/2
Phum-OR502AA_028_000091.1	eggnog	XRN 5'-3' exonuclease N-terminus
Phum-OR502AA_028_000092.1	blastp	Homology to Phytophthora citrophthora predicted protein KAK1935157.1
Phum-OR502AA_028_000129.1	eggnog	Eukaryotic protein of unknown function (DUF953)
Phum-OR502AA_028_000093.1	eggnog	Eukaryotic protein of unknown function (DUF953)
Phum-OR502AA_028_000094.1	eggnog	Eukaryotic protein of unknown function (DUF953)
Phum-OR502AA_028_000095.1	eggnog	Eukaryotic protein of unknown function (DUF953)
Phum-OR502AA_028_000128.1	eggnog	domain-containing protein
Phum-OR502AA_028_000096.1	eggnog	endonuclease activity
Phum-OR502AA_028_000097.1	eggnog	domain-containing protein
Phum-OR502AA_028_000098.1	eggnog	Glucosidase II beta subunit-like
Phum-OR502AA_028_000099.1	eggnog	domain-containing protein
Phum-OR502AA_028_000100.1	eggnog	Eukaryotic protein of unknown function (DUF953)
Phum-OR502AA_028_000127.1	eggnog	domain-containing protein
Phum-OR502AA_028_000101.1	eggnog	domain-containing protein
Phum-OR502AA_028_000102.1	eggnog	Eukaryotic protein of unknown function (DUF953)
Phum-OR502AA_028_000103.1	eggnog	Glycosyltransferase (GlcNAc)
Phum-OR502AA_028_000104.1	eggnog	domain-containing protein
Phum-OR502AA_028_000105.1	eggnog	Eukaryotic protein of unknown function (DUF953)
Phum-OR502AA_028_000126.1	eggnog	Catalyzes the conversion of inosine 5'-phosphate (IMP) to xanthosine 5'-phosphate (XMP), the first committed and rate- limiting step in the de novo synthesis of guanine nucleotides, and therefore plays an important role in the regulation of cell growth
Phum-OR502AA_028_000125.1	eggnog	Protein tyrosine kinase
Phum-OR502AA_028_000106.1	eggnog	Eukaryotic protein of unknown function (DUF953)
Phum-OR502AA_028_000107.1	eggnog	Brix
Phum-OR502AA_028_000108.1	eggnog	BAR domain of APPL family
Phum-OR502AA_028_000124.1	eggnog	Polycystin cation channel
Phum-OR502AA_028_000109.1	eggnog	1-phosphatidylinositol-3-phosphate 5-kinase activity
Phum-OR502AA_028_000123.1	eggnog	Palmitoyl protein thioesterase
Phum-OR502AA_028_000110.1	eggnog	PPIases accelerate the folding of proteins
Phum-OR502AA_028_000122.1	eggnog	Phosphoenolpyruvate phosphomutase
Phum-OR502AA_028_000121.1	eggnog	Eukaryotic protein of unknown function (DUF953)
Phum-OR502AA_028_000120.1	eggnog	1-phosphatidylinositol-3-phosphate 5-kinase activity
Phum-OR502AA_028_000111.1	blastp	Homology to Peronospora farinosa predicted protein CAH0492976.1
Phum-OR502AA_028_000112.1	eggnog	domain-containing protein
Phum-OR502AA_028_000113.1	blastp	Homology to Phytophthora aleatoria predicted protein KAG6967764.1
Phum-OR502AA_028_000119.1	eggnog	PhoX homologous domain, present in p47phox and p40phox
Phum-OR502AA_028_000114.1	eggnog	Ubiquitin-activating enzyme active site
Phum-OR502AA_028_000115.1	eggnog	Uncharacterized protein family UPF0004
Phum-OR502AA_028_000116.1	eggnog	domain-containing protein
Phum-OR502AA_028_000118.1	eggnog	Asparaginase
Phum-OR502AA_028_000117.1	interproscan	PTHR37028 domain-containing protein
Phum-OR502AA_029_000001.1	eggnog	Leukotriene A4 hydrolase, C-terminal
Phum-OR502AA_029_000121.1	interproscan	PTHR31827 domain-containing protein
Phum-OR502AA_029_000002.1	eggnog	vesicle-mediated transport
Phum-OR502AA_029_000120.1	eggnog	domain-containing protein
Phum-OR502AA_029_000119.1	unannotated	Hypothetical protein of unknown function
Phum-OR502AA_029_000003.1	unannotated	Hypothetical protein of unknown function
Phum-OR502AA_029_000004.1	interproscan	PTHR43102 domain-containing protein
Phum-OR502AA_029_000005.1	interproscan	PTHR43102 domain-containing protein
Phum-OR502AA_029_000006.1	eggnog	Ribosomal protein L34e
Phum-OR502AA_029_000007.1	eggnog	domain-containing protein
Phum-OR502AA_029_000118.1	eggnog	FYVE zinc finger
Phum-OR502AA_029_000008.1	eggnog	FYVE zinc finger
Phum-OR502AA_029_000009.1	eggnog	Axonemal dynein light chain
Phum-OR502AA_029_000117.1	eggnog	domain-containing protein
Phum-OR502AA_029_000010.1	interproscan	PTHR47725 domain-containing protein
Phum-OR502AA_029_000116.1	eggnog	Asparagine synthase
Phum-OR502AA_029_000011.1	eggnog	Phenazine biosynthesis-like protein
Phum-OR502AA_029_000012.1	interproscan	PTHR13510 domain-containing protein
Phum-OR502AA_029_000013.1	interproscan	PTHR13510 domain-containing protein
Phum-OR502AA_029_000014.1	eggnog	Asparagine synthase
Phum-OR502AA_029_000115.1	interproscan	PTHR13510 domain-containing protein
Phum-OR502AA_029_000114.1	interproscan	PTHR13510 domain-containing protein
Phum-OR502AA_029_000113.1	eggnog	Phenazine biosynthesis-like protein
Phum-OR502AA_029_000015.1	interproscan	PTHR13510 domain-containing protein
Phum-OR502AA_029_000016.1	eggnog	protein-cysteine S-palmitoyltransferase activity (PFA4)
Phum-OR502AA_029_000112.1	eggnog	Mediator of CRAC channel activity
Phum-OR502AA_029_000111.1	interproscan	PTHR13510 domain-containing protein
Phum-OR502AA_029_000110.1	eggnog	Regulator of chromosome condensation (RCC1) repeat
Phum-OR502AA_029_000109.1	blastp	Homology to Phytophthora fragariae predicted protein KAE8910181.1
Phum-OR502AA_029_000017.1	unannotated	Hypothetical protein of unknown function
Phum-OR502AA_029_000108.1	blastp	Homology to Phytophthora pseudosyringae predicted protein KAG7387946.1
Phum-OR502AA_029_000018.1	interproscan	G3DSA:3.40.50.300 domain-containing protein
Phum-OR502AA_029_000019.1	interproscan	PTHR36960 domain-containing protein
Phum-OR502AA_029_000107.1	blastp	Homology to Phytophthora nicotianae predicted protein XP_008905029.1
Phum-OR502AA_029_000106.1	unannotated	Hypothetical protein of unknown function
Phum-OR502AA_029_000020.1	eggnog	Amino-transferase class IV
Phum-OR502AA_029_000105.1	blastp	Homology to Peronospora belbahrii predicted protein CAH0514605.1
Phum-OR502AA_029_000021.1	interproscan	PTHR35606 domain-containing protein
Phum-OR502AA_029_000022.1	eggnog	Intermediate filament protein
Phum-OR502AA_029_000104.1	eggnog	Domain present in phytochromes and cGMP-specific phosphodiesterases
Phum-OR502AA_029_000103.1	eggnog	Domain present in phytochromes and cGMP-specific phosphodiesterases
Phum-OR502AA_029_000102.1	eggnog	Serine aminopeptidase, S33
Phum-OR502AA_029_000101.1	unannotated	Hypothetical protein of unknown function
Phum-OR502AA_029_000023.1	eggnog	Domain present in phytochromes and cGMP-specific phosphodiesterases
Phum-OR502AA_029_000024.1	eggnog	Domain present in phytochromes and cGMP-specific phosphodiesterases
Phum-OR502AA_029_000025.1	interproscan	PTHR43102 domain-containing protein
Phum-OR502AA_029_000100.1	blastp	Homology to Peronospora belbahrii predicted protein CAH0479629.1
Phum-OR502AA_029_000099.1	interproscan	PTHR43102 domain-containing protein
Phum-OR502AA_029_000098.1	eggnog	ankyrin repeats
Phum-OR502AA_029_000097.1	blastp	Homology to Phytophthora ramorum predicted protein KAH7485709.1
Phum-OR502AA_029_000026.1	interproscan	PTHR43102 domain-containing protein
Phum-OR502AA_029_000027.1	blastp	Homology to Phytophthora cactorum predicted protein KAG2770497.1
Phum-OR502AA_029_000096.1	interproscan	PTHR43102 domain-containing protein
Phum-OR502AA_029_000095.1	interproscan	PTHR43102 domain-containing protein
Phum-OR502AA_029_000028.1	interproscan	PTHR43102 domain-containing protein
Phum-OR502AA_029_000029.1	interproscan	PTHR43102 domain-containing protein
Phum-OR502AA_029_000094.1	blastp	Homology to Phytophthora cactorum predicted protein KAG2770497.1
Phum-OR502AA_029_000030.1	eggnog	Kelch
Phum-OR502AA_029_000093.1	eggnog	Component of the core-TFIIH basal transcription factor involved in nucleotide excision repair (NER) of DNA
Phum-OR502AA_029_000031.1	eggnog	domain-containing protein
Phum-OR502AA_029_000092.1	eggnog	C-terminal domain of 1-Cys peroxiredoxin
Phum-OR502AA_029_000032.1	eggnog	C-terminal domain of 1-Cys peroxiredoxin
Phum-OR502AA_029_000033.1	eggnog	RNase_H superfamily
Phum-OR502AA_029_000091.1	eggnog	HSA
Phum-OR502AA_029_000090.1	eggnog	RNase_H superfamily
Phum-OR502AA_029_000089.1	eggnog	C-terminal domain of 1-Cys peroxiredoxin
Phum-OR502AA_029_000034.1	eggnog	domain-containing protein
Phum-OR502AA_029_000035.1	blastp	Homology to Phytophthora megakarya predicted protein OWY94345.1
Phum-OR502AA_029_000088.1	eggnog	positive regulation of cell cycle G2/M phase transition
Phum-OR502AA_029_000087.1	eggnog	C-terminal domain of 1-Cys peroxiredoxin
Phum-OR502AA_029_000036.1	interproscan	PTHR31737 domain-containing protein
Phum-OR502AA_029_000037.1	interproscan	WLGC domain (PF26605)
Phum-OR502AA_029_000086.1	eggnog	sulfur oxidation
Phum-OR502AA_029_000038.1	eggnog	sulfur oxidation
Phum-OR502AA_029_000085.1	interproscan	WLGC domain (PF26605)
Phum-OR502AA_029_000084.1	interproscan	PTHR31737 domain-containing protein
Phum-OR502AA_029_000039.1	eggnog	Zinc finger, C2H2 type
Phum-OR502AA_029_000040.1	eggnog	heat shock factor
Phum-OR502AA_029_000083.1	eggnog	heat shock factor
Phum-OR502AA_029_000082.1	interproscan	PTHR35606 domain-containing protein
Phum-OR502AA_029_000081.1	eggnog	Protein present in Fab1, YOTB, Vac1, and EEA1
Phum-OR502AA_029_000041.1	eggnog	FYVE zinc finger
Phum-OR502AA_029_000042.1	eggnog	Isoprenylcysteine carboxyl methyltransferase (ICMT) family
Phum-OR502AA_029_000080.1	blastp	Homology to Phytophthora rubi predicted protein KAE8984047.1
Phum-OR502AA_029_000043.1	blastp	Homology to Phytophthora pseudosyringae predicted protein KAG7377969.1
Phum-OR502AA_029_000044.1	interproscan	PTHR46586 domain-containing protein
Phum-OR502AA_029_000079.1	blastp	Homology to Peronospora belbahrii predicted protein CAH0477591.1
Phum-OR502AA_029_000045.1	eggnog	domain-containing protein
Phum-OR502AA_029_000078.1	blastp	Homology to Phytophthora megakarya predicted protein OWZ07700.1
Phum-OR502AA_029_000046.1	blastp	Homology to Phytophthora megakarya predicted protein OWZ07700.1
Phum-OR502AA_029_000047.1	eggnog	NmrA-like family
Phum-OR502AA_029_000048.1	interproscan	PTHR31827 domain-containing protein
Phum-OR502AA_029_000077.1	eggnog	Protein of unknown function (DUF563)
Phum-OR502AA_029_000049.1	blastp	Homology to Phytophthora infestans predicted protein KAF4028989.1
Phum-OR502AA_029_000050.1	blastp	Homology to Phytophthora cactorum predicted protein KAG2852267.1
Phum-OR502AA_029_000051.1	eggnog	Glycosyl hydrolases family 43
Phum-OR502AA_029_000052.1	eggnog	Magnesium transporter NIPA
Phum-OR502AA_029_000076.1	eggnog	WD domain, G-beta repeat
Phum-OR502AA_029_000053.1	eggnog	Clathrin adaptor complex small chain
Phum-OR502AA_029_000075.1	blastp	Homology to Phytophthora cactorum predicted protein KAF1793471.1
Phum-OR502AA_029_000074.1	eggnog	Dimerisation domain of Zinc Transporter
Phum-OR502AA_029_000054.1	eggnog	domain-containing protein
Phum-OR502AA_029_000073.1	unannotated	Hypothetical protein of unknown function
Phum-OR502AA_029_000072.1	eggnog	domain-containing protein
Phum-OR502AA_029_000071.1	eggnog	domain-containing protein
Phum-OR502AA_029_000070.1	eggnog	Protein tyrosine kinase
Phum-OR502AA_029_000055.1	eggnog	Adaptor complexes medium subunit family
Phum-OR502AA_029_000069.1	eggnog	Actin
Phum-OR502AA_029_000056.1	eggnog	domain-containing protein
Phum-OR502AA_029_000057.1	eggnog	domain-containing protein
Phum-OR502AA_029_000068.1	eggnog	domain-containing protein
Phum-OR502AA_029_000058.1	eggnog	domain-containing protein
Phum-OR502AA_029_000059.1	interproscan	PTHR16320 domain-containing protein
Phum-OR502AA_029_000060.1	eggnog	domain-containing protein
Phum-OR502AA_029_000061.1	blastp	Homology to Phytophthora lilii predicted protein GMF65243.1
Phum-OR502AA_029_000067.1	eggnog	CAP_GLY
Phum-OR502AA_029_000066.1	eggnog	domain-containing protein
Phum-OR502AA_029_000062.1	interproscan	PTHR39200 domain-containing protein
Phum-OR502AA_029_000063.1	blastp	Homology to Phytophthora cinnamomi predicted protein KAG6622842.1
Phum-OR502AA_029_000064.1	unannotated	Hypothetical protein of unknown function
Phum-OR502AA_029_000065.1	unannotated	Hypothetical protein of unknown function
Phum-OR502AA_030_000001.1	blastp	Homology to Aphanomyces stellatus predicted protein KAF0713434.1
Phum-OR502AA_030_000006.1	blastp	Homology to Aphanomyces stellatus predicted protein KAF0713434.1
Phum-OR502AA_030_000002.1	blastp	Homology to Aphanomyces stellatus predicted protein KAF0713434.1
Phum-OR502AA_030_000003.1	unannotated	Hypothetical protein of unknown function
Phum-OR502AA_030_000005.1	unannotated	Hypothetical protein of unknown function
Phum-OR502AA_030_000004.1	blastp	Homology to Aphanomyces stellatus predicted protein KAF0713434.1
Phum-OR502AA_031_000185.1	eggnog	Crinkler (CRN) family protein
Phum-OR502AA_031_000001.1	eggnog	Putative DNA-binding domain in centromere protein B, mouse jerky and transposases
Phum-OR502AA_031_000184.1	interproscan	PTHR39290 domain-containing protein
Phum-OR502AA_031_000183.1	unannotated	Hypothetical protein of unknown function
Phum-OR502AA_031_000182.1	eggnog	transferase activity, transferring hexosyl groups
Phum-OR502AA_031_000002.1	interproscan	PTHR13510 domain-containing protein
Phum-OR502AA_031_000181.1	interproscan	PTHR13510 domain-containing protein
Phum-OR502AA_031_000180.1	interproscan	PTHR13510 domain-containing protein
Phum-OR502AA_031_000179.1	interproscan	PTHR13510 domain-containing protein
Phum-OR502AA_031_000178.1	interproscan	PTHR13510 domain-containing protein
Phum-OR502AA_031_000177.1	interproscan	PTHR13510 domain-containing protein
Phum-OR502AA_031_000003.1	interproscan	PTHR39290 domain-containing protein
Phum-OR502AA_031_000176.1	eggnog	Putative DNA-binding domain in centromere protein B, mouse jerky and transposases
Phum-OR502AA_031_000004.1	interproscan	PTHR13510 domain-containing protein
Phum-OR502AA_031_000005.1	unannotated	Hypothetical protein of unknown function
Phum-OR502AA_031_000006.1	blastp	Homology to Phytophthora pseudosyringae predicted protein KAG7381532.1
Phum-OR502AA_031_000175.1	interproscan	PTHR37935 domain-containing protein
Phum-OR502AA_031_000174.1	eggnog	Tup N-terminal
Phum-OR502AA_031_000173.1	eggnog	Rho guanyl-nucleotide exchange factor activity
Phum-OR502AA_031_000007.1	blastp	Homology to Phytophthora ramorum predicted protein KAH7485190.1
Phum-OR502AA_031_000008.1	eggnog	Ubiquitin family
Phum-OR502AA_031_000172.1	eggnog	Ubiquitin carboxyl-terminal hydrolase
Phum-OR502AA_031_000009.1	eggnog	Ribonuclease T2 family
Phum-OR502AA_031_000171.1	interproscan	PTHR35213 domain-containing protein
Phum-OR502AA_031_000170.1	blastp	Homology to Peronospora belbahrii predicted protein CAH0474374.1
Phum-OR502AA_031_000010.1	eggnog	dynein light chain binding
Phum-OR502AA_031_000169.1	interproscan	PTHR37558 domain-containing protein
Phum-OR502AA_031_000011.1	eggnog	Enoyl-(Acyl carrier protein) reductase
Phum-OR502AA_031_000168.1	eggnog	WD domain, G-beta repeat
Phum-OR502AA_031_000167.1	unannotated	Hypothetical protein of unknown function
Phum-OR502AA_031_000166.1	blastp	Homology to Peronospora destructor predicted protein CAI5744455.1
Phum-OR502AA_031_000012.1	unannotated	Hypothetical protein of unknown function
Phum-OR502AA_031_000013.1	blastp	Homology to Peronospora effusa predicted protein RQM15819.1
Phum-OR502AA_031_000165.1	blastp	Homology to Phytophthora nicotianae predicted protein XP_008905950.1
Phum-OR502AA_031_000164.1	eggnog	domain-containing protein
Phum-OR502AA_031_000014.1	eggnog	Glutaredoxin
Phum-OR502AA_031_000163.1	eggnog	ADP-specific Phosphofructokinase/Glucokinase conserved region
Phum-OR502AA_031_000162.1	eggnog	Domain Homologous to E6-AP Carboxyl Terminus with
Phum-OR502AA_031_000161.1	blastp	Homology to Phytophthora pseudosyringae predicted protein KAG7375786.1
Phum-OR502AA_031_000160.1	eggnog	Tat binding protein 1(TBP-1)-interacting protein (TBPIP)
Phum-OR502AA_031_000159.1	eggnog	domain-containing protein
Phum-OR502AA_031_000015.1	eggnog	Aminotransferase class-V
Phum-OR502AA_031_000158.1	unannotated	Hypothetical protein of unknown function
Phum-OR502AA_031_000016.1	eggnog	domain-containing protein
Phum-OR502AA_031_000017.1	eggnog	Removes the formyl group from the N-terminal Met of newly synthesized proteins
Phum-OR502AA_031_000157.1	interproscan	PTHR43404 domain-containing protein
Phum-OR502AA_031_000156.1	eggnog	Tub family
Phum-OR502AA_031_000155.1	eggnog	Aminotransferase class-V
Phum-OR502AA_031_000018.1	eggnog	domain-containing protein
Phum-OR502AA_031_000019.1	blastp	Homology to Phytophthora pseudosyringae predicted protein KAG7375786.1
Phum-OR502AA_031_000020.1	eggnog	C-terminus of AA_permease
Phum-OR502AA_031_000154.1	eggnog	Ankyrin repeats (3 copies)
Phum-OR502AA_031_000153.1	interproscan	PTHR13510 domain-containing protein
Phum-OR502AA_031_000021.1	eggnog	Belongs to the mitochondrial carrier (TC 2.A.29) family
Phum-OR502AA_031_000152.1	eggnog	WD40 repeats
Phum-OR502AA_031_000151.1	blastp	Homology to Phytophthora cactorum predicted protein KAF1772407.1
Phum-OR502AA_031_000022.1	blastp	Homology to Phytophthora pseudosyringae predicted protein KAG7379254.1
Phum-OR502AA_031_000150.1	eggnog	Tetratricopeptide repeat
Phum-OR502AA_031_000023.1	eggnog	Tetratricopeptide repeat
Phum-OR502AA_031_000149.1	blastp	Homology to Phytophthora pseudosyringae predicted protein KAG7379254.1
Phum-OR502AA_031_000024.1	eggnog	Domain Homologous to E6-AP Carboxyl Terminus with
Phum-OR502AA_031_000025.1	eggnog	Isochorismatase family
Phum-OR502AA_031_000148.1	interproscan	PTHR31827 domain-containing protein
Phum-OR502AA_031_000026.1	blastp	Homology to Phytophthora megakarya predicted protein OWY96431.1
Phum-OR502AA_031_000027.1	eggnog	Phosphopantetheine attachment site
Phum-OR502AA_031_000147.1	eggnog	MatE
Phum-OR502AA_031_000146.1	eggnog	MatE
Phum-OR502AA_031_000145.1	eggnog	MatE
Phum-OR502AA_031_000028.1	eggnog	MatE
Phum-OR502AA_031_000029.1	eggnog	MatE
Phum-OR502AA_031_000030.1	eggnog	domain-containing protein
Phum-OR502AA_031_000031.1	blastp	Homology to Phytophthora ramorum predicted protein KAH7485257.1
Phum-OR502AA_031_000032.1	blastp	Homology to Phytophthora megakarya predicted protein OWZ09516.1
Phum-OR502AA_031_000144.1	interproscan	PTHR13510 domain-containing protein
Phum-OR502AA_031_000033.1	interproscan	PTHR13510 domain-containing protein
Phum-OR502AA_031_000143.1	interproscan	PTHR13510 domain-containing protein
Phum-OR502AA_031_000142.1	interproscan	PTHR13510 domain-containing protein
Phum-OR502AA_031_000141.1	interproscan	PTHR13510 domain-containing protein
Phum-OR502AA_031_000140.1	interproscan	PTHR13510 domain-containing protein
Phum-OR502AA_031_000034.1	interproscan	PTHR13510 domain-containing protein
Phum-OR502AA_031_000035.1	interproscan	PTHR13510 domain-containing protein
Phum-OR502AA_031_000036.1	interproscan	PTHR13510 domain-containing protein
Phum-OR502AA_031_000139.1	interproscan	PTHR13510 domain-containing protein
Phum-OR502AA_031_000138.1	interproscan	PTHR13510 domain-containing protein
Phum-OR502AA_031_000037.1	blastp	Homology to Peronospora belbahrii predicted protein CAH0478491.1
Phum-OR502AA_031_000137.1	interproscan	PTHR31145 domain-containing protein
Phum-OR502AA_031_000136.1	unannotated	Hypothetical protein of unknown function
Phum-OR502AA_031_000038.1	eggnog	ribosomal L5P family C-terminus
Phum-OR502AA_031_000135.1	eggnog	domain-containing protein
Phum-OR502AA_031_000039.1	eggnog	polynucleotide adenylyltransferase activity
Phum-OR502AA_031_000134.1	eggnog	Amidohydrolase family
Phum-OR502AA_031_000040.1	eggnog	2-oxoacid dehydrogenases acyltransferase (catalytic domain)
Phum-OR502AA_031_000041.1	eggnog	domain-containing protein
Phum-OR502AA_031_000133.1	eggnog	Coiled-coil domain-containing protein 55 (DUF2040)
Phum-OR502AA_031_000132.1	eggnog	Ribosomal large subunit proteins 60S L5, and 50S L18
Phum-OR502AA_031_000042.1	eggnog	Ribosomal protein L14
Phum-OR502AA_031_000131.1	eggnog	Extension to Ser/Thr-type protein kinases
Phum-OR502AA_031_000043.1	blastp	Homology to Phytophthora cactorum predicted protein KAF1776154.1
Phum-OR502AA_031_000130.1	interproscan	PTHR37558 domain-containing protein
Phum-OR502AA_031_000044.1	eggnog	16S rRNA methyltransferase RsmB/F
Phum-OR502AA_031_000129.1	eggnog	domain-containing protein
Phum-OR502AA_031_000045.1	eggnog	domain-containing protein
Phum-OR502AA_031_000046.1	eggnog	domain-containing protein
Phum-OR502AA_031_000047.1	eggnog	domain-containing protein
Phum-OR502AA_031_000128.1	eggnog	Mannosyltransferase putative
Phum-OR502AA_031_000048.1	eggnog	Tetratricopeptide repeats
Phum-OR502AA_031_000127.1	eggnog	domain-containing protein
Phum-OR502AA_031_000049.1	eggnog	Clathrin-adaptor complex-3 beta-1 subunit C-terminal
Phum-OR502AA_031_000050.1	eggnog	B-cell receptor-associated protein 31-like
Phum-OR502AA_031_000126.1	blastp	Homology to Peronospora farinosa predicted protein CAI5719342.1
Phum-OR502AA_031_000125.1	eggnog	Mannosyltransferase putative
Phum-OR502AA_031_000051.1	eggnog	WD domain, G-beta repeat
Phum-OR502AA_031_000124.1	eggnog	domain-containing protein
Phum-OR502AA_031_000052.1	eggnog	Performs the first committed step in the biosynthesis of isoprenes
Phum-OR502AA_031_000123.1	blastp	Homology to Phytophthora cactorum predicted protein KAG2777678.1
Phum-OR502AA_031_000053.1	unannotated	Hypothetical protein of unknown function
Phum-OR502AA_031_000054.1	unannotated	Hypothetical protein of unknown function
Phum-OR502AA_031_000055.1	unannotated	Hypothetical protein of unknown function
Phum-OR502AA_031_000056.1	eggnog	Uncharacterised protein family (UPF0160)
Phum-OR502AA_031_000122.1	eggnog	Uncharacterised protein family (UPF0160)
Phum-OR502AA_031_000057.1	eggnog	Uncharacterised protein family (UPF0160)
Phum-OR502AA_031_000058.1	eggnog	16S rRNA methyltransferase RsmB/F
Phum-OR502AA_031_000121.1	eggnog	Uncharacterised protein family (UPF0160)
Phum-OR502AA_031_000059.1	eggnog	16S rRNA methyltransferase RsmB/F
Phum-OR502AA_031_000060.1	eggnog	16S rRNA methyltransferase RsmB/F
Phum-OR502AA_031_000061.1	eggnog	domain-containing protein
Phum-OR502AA_031_000120.1	eggnog	domain-containing protein
Phum-OR502AA_031_000119.1	eggnog	CorA-like Mg2+ transporter protein
Phum-OR502AA_031_000118.1	unannotated	Hypothetical protein of unknown function
Phum-OR502AA_031_000062.1	unannotated	Hypothetical protein of unknown function
Phum-OR502AA_031_000063.1	blastp	Homology to Phytophthora lilii predicted protein GMF19361.1
Phum-OR502AA_031_000064.1	blastp	Homology to Peronosclerospora sorghi predicted protein KAI9910028.1
Phum-OR502AA_031_000117.1	eggnog	Hsp70 protein
Phum-OR502AA_031_000116.1	blastp	Homology to Phytophthora fragariae predicted protein KAE8938453.1
Phum-OR502AA_031_000115.1	eggnog	C3HC zinc finger-like
Phum-OR502AA_031_000065.1	eggnog	RNA recognition motif
Phum-OR502AA_031_000114.1	eggnog	DNA methyltransferase 1-associated protein 1 (DMAP1)
Phum-OR502AA_031_000066.1	interproscan	G3DSA:1.20.5.430 domain-containing protein
Phum-OR502AA_031_000067.1	eggnog	Heat shock factor binding protein 1
Phum-OR502AA_031_000113.1	eggnog	MreB/Mbl protein
Phum-OR502AA_031_000112.1	unannotated	Hypothetical protein of unknown function
Phum-OR502AA_031_000068.1	eggnog	domain-containing protein
Phum-OR502AA_031_000111.1	eggnog	Protein DA1
Phum-OR502AA_031_000110.1	blastp	Homology to Phytophthora fragariae predicted protein KAE8886510.1
Phum-OR502AA_031_000069.1	eggnog	Protein DA1
Phum-OR502AA_031_000109.1	eggnog	domain-containing protein
Phum-OR502AA_031_000070.1	unannotated	Hypothetical protein of unknown function
Phum-OR502AA_031_000071.1	eggnog	MreB/Mbl protein
Phum-OR502AA_031_000072.1	blastp	Homology to Phytophthora fragariae predicted protein KAE8886510.1
Phum-OR502AA_031_000073.1	eggnog	Protein DA1
Phum-OR502AA_031_000108.1	eggnog	domain-containing protein
Phum-OR502AA_031_000074.1	unannotated	Hypothetical protein of unknown function
Phum-OR502AA_031_000075.1	eggnog	MreB/Mbl protein
Phum-OR502AA_031_000076.1	blastp	Homology to Phytophthora fragariae predicted protein KAE8886510.1
Phum-OR502AA_031_000077.1	eggnog	Protein DA1
Phum-OR502AA_031_000107.1	eggnog	domain-containing protein
Phum-OR502AA_031_000078.1	unannotated	Hypothetical protein of unknown function
Phum-OR502AA_031_000079.1	eggnog	MreB/Mbl protein
Phum-OR502AA_031_000080.1	blastp	Homology to Phytophthora fragariae predicted protein KAE8886510.1
Phum-OR502AA_031_000081.1	eggnog	Protein DA1
Phum-OR502AA_031_000106.1	eggnog	domain-containing protein
Phum-OR502AA_031_000082.1	unannotated	Hypothetical protein of unknown function
Phum-OR502AA_031_000105.1	eggnog	Belongs to the glycosyl hydrolase 1 family
Phum-OR502AA_031_000104.1	blastp	Homology to Phytophthora fragariae predicted protein KAE8886510.1
Phum-OR502AA_031_000083.1	eggnog	TIM21
Phum-OR502AA_031_000103.1	eggnog	Interferon-related developmental regulator (IFRD)
Phum-OR502AA_031_000084.1	eggnog	domain-containing protein
Phum-OR502AA_031_000102.1	eggnog	Domain of unknown function (DUF4586)
Phum-OR502AA_031_000085.1	eggnog	ER protein Pkr1
Phum-OR502AA_031_000101.1	eggnog	May be involved in fusion of retrograde transport vesicles derived from an endocytic compartment with the Golgi complex
Phum-OR502AA_031_000086.1	eggnog	Nucleoporin Nup120/160
Phum-OR502AA_031_000100.1	eggnog	CBF/Mak21 family
Phum-OR502AA_031_000099.1	eggnog	Acetokinase family
Phum-OR502AA_031_000098.1	blastp	Homology to Phytophthora ramorum predicted protein KAH7485389.1
Phum-OR502AA_031_000087.1	eggnog	Pectinacetylesterase
Phum-OR502AA_031_000088.1	eggnog	domain-containing protein
Phum-OR502AA_031_000097.1	eggnog	domain-containing protein
Phum-OR502AA_031_000096.1	eggnog	domain-containing protein
Phum-OR502AA_031_000095.1	eggnog	Pectinacetylesterase
Phum-OR502AA_031_000089.1	blastp	Homology to Phytophthora cactorum predicted protein KAG2777757.1
Phum-OR502AA_031_000094.1	eggnog	Coiled-coil domain-containing protein 87
Phum-OR502AA_031_000090.1	eggnog	Mannosyltransferase putative
Phum-OR502AA_031_000091.1	eggnog	Subtilase family
Phum-OR502AA_031_000092.1	interproscan	PTHR10760 domain-containing protein
Phum-OR502AA_031_000093.1	eggnog	domain-containing protein
Phum-OR502AA_032_000001.1	blastp	Homology to Peronospora destructor predicted protein CAI5737246.1
Phum-OR502AA_032_000002.1	blastp	Homology to Phytophthora rubi predicted protein KAE8991875.1
Phum-OR502AA_032_000003.1	blastp	Homology to Peronospora destructor predicted protein CAI5722373.1
Phum-OR502AA_032_000004.1	eggnog	Ankyrin repeat
Phum-OR502AA_032_000005.1	blastp	Homology to predicted protein KAH7506993.1
Phum-OR502AA_032_000006.1	blastp	Homology to Phytophthora rubi predicted protein KAE8991875.1
Phum-OR502AA_032_000118.1	blastp	Homology to Peronospora destructor predicted protein CAI5722373.1
Phum-OR502AA_032_000007.1	unannotated	Hypothetical protein of unknown function
Phum-OR502AA_032_000008.1	unannotated	Hypothetical protein of unknown function
Phum-OR502AA_032_000009.1	blastp	Homology to Phytophthora rubi predicted protein KAE8991875.1
Phum-OR502AA_032_000117.1	blastp	Homology to Peronospora belbahrii predicted protein CAH0479521.1
Phum-OR502AA_032_000010.1	unannotated	Hypothetical protein of unknown function
Phum-OR502AA_032_000116.1	blastp	Homology to Phytophthora aleatoria predicted protein KAG6947533.1
Phum-OR502AA_032_000115.1	blastp	Homology to Phytophthora fragariaefolia predicted protein GMF53523.1
Phum-OR502AA_032_000011.1	eggnog	DHHC palmitoyltransferase
Phum-OR502AA_032_000114.1	eggnog	Calreticulin family
Phum-OR502AA_032_000113.1	eggnog	domain-containing protein
Phum-OR502AA_032_000012.1	eggnog	Glucose inhibited division protein A
Phum-OR502AA_032_000112.1	eggnog	Ribosomal protein L1p/L10e family
Phum-OR502AA_032_000111.1	unannotated	Hypothetical protein of unknown function
Phum-OR502AA_032_000110.1	eggnog	domain-containing protein
Phum-OR502AA_032_000109.1	eggnog	Glycosyltransferase (GlcNAc)
Phum-OR502AA_032_000108.1	blastp	Homology to Peronospora farinosa predicted protein CAI5707325.1
Phum-OR502AA_032_000107.1	blastp	Homology to Peronospora farinosa predicted protein CAI5707325.1
Phum-OR502AA_032_000106.1	blastp	Homology to Peronospora farinosa predicted protein CAI5707325.1
Phum-OR502AA_032_000105.1	blastp	Homology to Peronospora farinosa predicted protein CAI5707325.1
Phum-OR502AA_032_000104.1	blastp	Homology to Peronospora farinosa predicted protein CAI5707325.1
Phum-OR502AA_032_000103.1	blastp	Homology to Peronospora farinosa predicted protein CAI5707325.1
Phum-OR502AA_032_000102.1	blastp	Homology to Peronospora farinosa predicted protein CAI5707325.1
Phum-OR502AA_032_000101.1	blastp	Homology to Peronospora farinosa predicted protein CAI5707325.1
Phum-OR502AA_032_000100.1	blastp	Homology to Peronospora farinosa predicted protein CAI5707325.1
Phum-OR502AA_032_000099.1	blastp	Homology to Peronospora farinosa predicted protein CAI5707325.1
Phum-OR502AA_032_000098.1	blastp	Homology to Peronospora farinosa predicted protein CAI5707325.1
Phum-OR502AA_032_000097.1	blastp	Homology to Peronospora farinosa predicted protein CAI5707325.1
Phum-OR502AA_032_000096.1	blastp	Homology to Peronospora farinosa predicted protein CAI5707325.1
Phum-OR502AA_032_000095.1	blastp	Homology to Peronospora farinosa predicted protein CAI5707325.1
Phum-OR502AA_032_000094.1	blastp	Homology to Peronospora farinosa predicted protein CAI5707325.1
Phum-OR502AA_032_000093.1	blastp	Homology to Peronospora farinosa predicted protein CAI5707325.1
Phum-OR502AA_032_000092.1	blastp	Homology to Peronospora farinosa predicted protein CAI5707325.1
Phum-OR502AA_032_000091.1	blastp	Homology to Peronospora farinosa predicted protein CAI5707325.1
Phum-OR502AA_032_000090.1	blastp	Homology to Peronospora farinosa predicted protein CAI5707325.1
Phum-OR502AA_032_000089.1	blastp	Homology to Peronospora farinosa predicted protein CAI5707325.1
Phum-OR502AA_032_000088.1	blastp	Homology to Peronospora farinosa predicted protein CAI5707325.1
Phum-OR502AA_032_000087.1	blastp	Homology to Peronospora farinosa predicted protein CAI5707325.1
Phum-OR502AA_032_000086.1	blastp	Homology to Peronospora farinosa predicted protein CAI5707325.1
Phum-OR502AA_032_000085.1	blastp	Homology to Peronospora farinosa predicted protein CAI5707325.1
Phum-OR502AA_032_000084.1	blastp	Homology to Peronospora farinosa predicted protein CAI5707325.1
Phum-OR502AA_032_000083.1	blastp	Homology to Peronospora farinosa predicted protein CAI5707325.1
Phum-OR502AA_032_000082.1	blastp	Homology to Peronospora farinosa predicted protein CAI5707325.1
Phum-OR502AA_032_000081.1	blastp	Homology to Peronospora farinosa predicted protein CAI5707325.1
Phum-OR502AA_032_000080.1	blastp	Homology to Peronospora farinosa predicted protein CAI5707325.1
Phum-OR502AA_032_000079.1	unannotated	Hypothetical protein of unknown function
Phum-OR502AA_032_000078.1	unannotated	Hypothetical protein of unknown function
Phum-OR502AA_032_000077.1	blastp	Homology to Peronospora farinosa predicted protein CAI5707325.1
Phum-OR502AA_032_000076.1	blastp	Homology to Peronospora farinosa predicted protein CAI5707325.1
Phum-OR502AA_032_000075.1	blastp	Homology to Peronospora farinosa predicted protein CAI5707325.1
Phum-OR502AA_032_000074.1	blastp	Homology to Peronospora farinosa predicted protein CAI5707325.1
Phum-OR502AA_032_000073.1	blastp	Homology to Peronospora farinosa predicted protein CAI5707325.1
Phum-OR502AA_032_000072.1	blastp	Homology to Peronospora farinosa predicted protein CAI5707325.1
Phum-OR502AA_032_000071.1	blastp	Homology to Peronospora farinosa predicted protein CAI5707325.1
Phum-OR502AA_032_000070.1	blastp	Homology to Peronospora farinosa predicted protein CAI5707325.1
Phum-OR502AA_032_000069.1	blastp	Homology to Peronospora farinosa predicted protein CAI5707325.1
Phum-OR502AA_032_000068.1	blastp	Homology to Peronospora farinosa predicted protein CAI5707325.1
Phum-OR502AA_032_000067.1	blastp	Homology to Peronospora farinosa predicted protein CAI5707325.1
Phum-OR502AA_032_000066.1	blastp	Homology to Peronospora farinosa predicted protein CAI5707325.1
Phum-OR502AA_032_000065.1	blastp	Homology to Peronospora farinosa predicted protein CAI5707325.1
Phum-OR502AA_032_000064.1	blastp	Homology to Peronospora farinosa predicted protein CAI5707325.1
Phum-OR502AA_032_000063.1	blastp	Homology to Peronospora farinosa predicted protein CAI5707325.1
Phum-OR502AA_032_000062.1	blastp	Homology to Peronospora farinosa predicted protein CAI5707325.1
Phum-OR502AA_032_000061.1	blastp	Homology to Peronospora farinosa predicted protein CAI5707325.1
Phum-OR502AA_032_000060.1	blastp	Homology to Peronospora farinosa predicted protein CAI5707325.1
Phum-OR502AA_032_000059.1	blastp	Homology to Peronospora farinosa predicted protein CAI5707325.1
Phum-OR502AA_032_000058.1	blastp	Homology to Peronospora farinosa predicted protein CAI5707325.1
Phum-OR502AA_032_000057.1	blastp	Homology to Peronospora farinosa predicted protein CAI5707325.1
Phum-OR502AA_032_000056.1	blastp	Homology to Peronospora farinosa predicted protein CAI5707325.1
Phum-OR502AA_032_000055.1	blastp	Homology to Peronospora farinosa predicted protein CAI5707325.1
Phum-OR502AA_032_000054.1	blastp	Homology to Peronospora farinosa predicted protein CAI5707325.1
Phum-OR502AA_032_000053.1	blastp	Homology to Peronospora farinosa predicted protein CAI5707325.1
Phum-OR502AA_032_000052.1	blastp	Homology to Peronospora farinosa predicted protein CAI5707325.1
Phum-OR502AA_032_000051.1	unannotated	Hypothetical protein of unknown function
Phum-OR502AA_032_000050.1	blastp	Homology to Peronospora effusa predicted protein CAI5702028.1
Phum-OR502AA_032_000049.1	blastp	Homology to Peronospora farinosa predicted protein CAI5707325.1
Phum-OR502AA_032_000048.1	blastp	Homology to Peronospora farinosa predicted protein CAI5707325.1
Phum-OR502AA_032_000013.1	blastp	Homology to Peronospora farinosa predicted protein CAI5707325.1
Phum-OR502AA_032_000014.1	blastp	Homology to Peronospora farinosa predicted protein CAI5707325.1
Phum-OR502AA_032_000015.1	blastp	Homology to Peronospora farinosa predicted protein CAI5707325.1
Phum-OR502AA_032_000016.1	blastp	Homology to Peronospora farinosa predicted protein CAI5707325.1
Phum-OR502AA_032_000017.1	blastp	Homology to Peronospora farinosa predicted protein CAI5707325.1
Phum-OR502AA_032_000018.1	blastp	Homology to Peronospora farinosa predicted protein CAI5707325.1
Phum-OR502AA_032_000047.1	blastp	Homology to Peronospora farinosa predicted protein CAI5707325.1
Phum-OR502AA_032_000046.1	blastp	Homology to Peronospora farinosa predicted protein CAI5707325.1
Phum-OR502AA_032_000045.1	blastp	Homology to Peronospora farinosa predicted protein CAI5707325.1
Phum-OR502AA_032_000044.1	blastp	Homology to Peronospora farinosa predicted protein CAI5707325.1
Phum-OR502AA_032_000043.1	blastp	Homology to Peronospora farinosa predicted protein CAI5707325.1
Phum-OR502AA_032_000042.1	blastp	Homology to Peronospora farinosa predicted protein CAI5707325.1
Phum-OR502AA_032_000041.1	blastp	Homology to Peronospora farinosa predicted protein CAI5707325.1
Phum-OR502AA_032_000040.1	blastp	Homology to Peronospora farinosa predicted protein CAI5707325.1
Phum-OR502AA_032_000039.1	blastp	Homology to Peronospora farinosa predicted protein CAI5707325.1
Phum-OR502AA_032_000038.1	blastp	Homology to Peronospora farinosa predicted protein CAI5707325.1
Phum-OR502AA_032_000037.1	blastp	Homology to Peronospora farinosa predicted protein CAI5707325.1
Phum-OR502AA_032_000036.1	blastp	Homology to Peronospora farinosa predicted protein CAI5707325.1
Phum-OR502AA_032_000035.1	blastp	Homology to Peronospora farinosa predicted protein CAI5707325.1
Phum-OR502AA_032_000034.1	blastp	Homology to Peronospora farinosa predicted protein CAI5707325.1
Phum-OR502AA_032_000033.1	blastp	Homology to Peronospora farinosa predicted protein CAI5707325.1
Phum-OR502AA_032_000032.1	blastp	Homology to Peronospora effusa predicted protein CAI5702028.1
Phum-OR502AA_032_000019.1	blastp	Homology to Peronospora effusa predicted protein CAI5702028.1
Phum-OR502AA_032_000031.1	blastp	Homology to Peronospora effusa predicted protein CAI5702028.1
Phum-OR502AA_032_000020.1	blastp	Homology to Peronospora effusa predicted protein CAI5702028.1
Phum-OR502AA_032_000030.1	blastp	Homology to Peronospora effusa predicted protein CAI5702028.1
Phum-OR502AA_032_000021.1	blastp	Homology to Peronospora effusa predicted protein CAI5702028.1
Phum-OR502AA_032_000029.1	blastp	Homology to Peronospora effusa predicted protein CAI5702028.1
Phum-OR502AA_032_000022.1	blastp	Homology to Peronospora effusa predicted protein CAI5702028.1
Phum-OR502AA_032_000028.1	interproscan	PTHR31954 domain-containing protein
Phum-OR502AA_032_000027.1	eggnog	Glycosyltransferase (GlcNAc)
Phum-OR502AA_032_000023.1	eggnog	Phenolic acid decarboxylase (PAD)
Phum-OR502AA_032_000026.1	eggnog	Ankyrin repeats (3 copies)
Phum-OR502AA_032_000024.1	eggnog	Thioredoxin
Phum-OR502AA_032_000025.1	eggnog	Alpha-kinase family
Phum-OR502AA_033_000001.1	eggnog	Nucleosome assembly protein (NAP)
Phum-OR502AA_033_000002.1	eggnog	peptidyl-threonine phosphorylation
Phum-OR502AA_033_000003.1	eggnog	Pc21g00130 protein. Source PGD
Phum-OR502AA_033_000004.1	unannotated	Hypothetical protein of unknown function
Phum-OR502AA_033_000005.1	eggnog	Nuclear pore complex protein
Phum-OR502AA_033_000064.1	eggnog	RNA cap guanine-N2 methyltransferase
Phum-OR502AA_033_000006.1	eggnog	Sugar (and other) transporter
Phum-OR502AA_033_000063.1	blastp	Homology to Phytophthora pseudosyringae predicted protein KAG7391653.1
Phum-OR502AA_033_000007.1	eggnog	Protein phosphatase 2A regulatory B subunit (B56 family)
Phum-OR502AA_033_000008.1	eggnog	domain-containing protein
Phum-OR502AA_033_000062.1	eggnog	HAD-hyrolase-like
Phum-OR502AA_033_000009.1	blastp	Homology to Peronospora destructor predicted protein CAI5720995.1
Phum-OR502AA_033_000010.1	eggnog	Fumble
Phum-OR502AA_033_000061.1	interproscan	PTHR11229 domain-containing protein
Phum-OR502AA_033_000011.1	eggnog	Sorting nexin C terminal
Phum-OR502AA_033_000060.1	blastp	Homology to Peronospora effusa predicted protein RMX70259.1
Phum-OR502AA_033_000012.1	interproscan	PTHR33946 domain-containing protein
Phum-OR502AA_033_000059.1	eggnog	Ion transport protein
Phum-OR502AA_033_000058.1	eggnog	domain-containing protein
Phum-OR502AA_033_000013.1	eggnog	PAP2 superfamily C-terminal
Phum-OR502AA_033_000014.1	blastp	Homology to Peronospora farinosa predicted protein CAH0485138.1
Phum-OR502AA_033_000015.1	eggnog	heat shock factor
Phum-OR502AA_033_000057.1	blastp	Homology to Peronospora destructor predicted protein CAI5745832.1
Phum-OR502AA_033_000016.1	blastp	Homology to Peronospora effusa predicted protein RMX70247.1
Phum-OR502AA_033_000056.1	blastp	Homology to Hyaloperonospora brassicae predicted protein CAI5708667.1
Phum-OR502AA_033_000055.1	eggnog	Ribosomal S3Ae family
Phum-OR502AA_033_000017.1	eggnog	ankyrin repeats
Phum-OR502AA_033_000054.1	eggnog	CLASP N terminal
Phum-OR502AA_033_000018.1	eggnog	Leucine Rich repeat
Phum-OR502AA_033_000019.1	eggnog	domain-containing protein
Phum-OR502AA_033_000020.1	eggnog	domain-containing protein
Phum-OR502AA_033_000053.1	eggnog	OST3 / OST6 family, transporter family
Phum-OR502AA_033_000052.1	blastp	Homology to Peronospora farinosa predicted protein CAH0485120.1
Phum-OR502AA_033_000051.1	blastp	Homology to Peronospora farinosa predicted protein CAH0485122.1
Phum-OR502AA_033_000021.1	blastp	Homology to Peronospora destructor predicted protein CAI5742686.1
Phum-OR502AA_033_000050.1	eggnog	Thioredoxin (txl1)
Phum-OR502AA_033_000049.1	eggnog	cell redox homeostasis
Phum-OR502AA_033_000048.1	eggnog	Radial spoke protein 3
Phum-OR502AA_033_000047.1	eggnog	Calpain-like thiol protease family
Phum-OR502AA_033_000022.1	eggnog	domain-containing protein
Phum-OR502AA_033_000023.1	unannotated	Hypothetical protein of unknown function
Phum-OR502AA_033_000046.1	eggnog	assists the folding of proteins upon ATP hydrolysis
Phum-OR502AA_033_000024.1	eggnog	TKL protein kinase
Phum-OR502AA_033_000025.1	eggnog	TKL protein kinase
Phum-OR502AA_033_000026.1	eggnog	TKL protein kinase
Phum-OR502AA_033_000045.1	unannotated	Hypothetical protein of unknown function
Phum-OR502AA_033_000044.1	eggnog	Elicitin
Phum-OR502AA_033_000043.1	eggnog	Ankyrin repeats (many copies)
Phum-OR502AA_033_000027.1	eggnog	Ankyrin repeats (many copies)
Phum-OR502AA_033_000028.1	eggnog	AAA domain (dynein-related subfamily)
Phum-OR502AA_033_000042.1	eggnog	domain-containing protein
Phum-OR502AA_033_000041.1	interproscan	SSF47473 domain-containing protein
Phum-OR502AA_033_000029.1	eggnog	domain-containing protein
Phum-OR502AA_033_000040.1	eggnog	CybS, succinate dehydrogenase cytochrome B small subunit
Phum-OR502AA_033_000030.1	interproscan	PTHR22872 domain-containing protein
Phum-OR502AA_033_000031.1	unannotated	Hypothetical protein of unknown function
Phum-OR502AA_033_000039.1	eggnog	domain-containing protein
Phum-OR502AA_033_000032.1	eggnog	1-phosphatidylinositol-3-phosphate 5-kinase activity
Phum-OR502AA_033_000033.1	blastp	Homology to Peronospora effusa predicted protein CAI5705866.1
Phum-OR502AA_033_000038.1	blastp	Homology to Phytophthora cactorum predicted protein KAG2760799.1
Phum-OR502AA_033_000037.1	eggnog	domain-containing protein
Phum-OR502AA_033_000036.1	eggnog	Probable N6-adenine methyltransferase
Phum-OR502AA_033_000035.1	eggnog	Probable N6-adenine methyltransferase
Phum-OR502AA_033_000034.1	unannotated	Hypothetical protein of unknown function
Phum-OR502AA_034_000003.1	eggnog	Crinkler (CRN) family protein
Phum-OR502AA_034_000002.1	unannotated	Hypothetical protein of unknown function
Phum-OR502AA_034_000001.1	eggnog	Crinkler (CRN) family protein
Phum-OR502AA_036_000001.1	eggnog	Rab subfamily of small GTPases
Phum-OR502AA_036_000075.1	blastp	Homology to Phytophthora cactorum predicted protein KAG2768253.1
Phum-OR502AA_036_000002.1	eggnog	Domain in Tre-2, BUB2p, and Cdc16p
Phum-OR502AA_036_000074.1	eggnog	IMP-specific 5'-nucleotidase
Phum-OR502AA_036_000003.1	eggnog	Protein present in Fab1, YOTB, Vac1, and EEA1
Phum-OR502AA_036_000073.1	eggnog	domain-containing protein
Phum-OR502AA_036_000004.1	eggnog	60Kd inner membrane protein
Phum-OR502AA_036_000005.1	eggnog	Putative serine esterase (DUF676)
Phum-OR502AA_036_000072.1	eggnog	sperm axoneme assembly
Phum-OR502AA_036_000006.1	eggnog	domain-containing protein
Phum-OR502AA_036_000071.1	eggnog	Protein present in Fab1, YOTB, Vac1, and EEA1
Phum-OR502AA_036_000070.1	eggnog	domain-containing protein
Phum-OR502AA_036_000069.1	eggnog	domain-containing protein
Phum-OR502AA_036_000068.1	eggnog	PhoX homologous domain, present in p47phox and p40phox
Phum-OR502AA_036_000067.1	eggnog	domain-containing protein
Phum-OR502AA_036_000007.1	eggnog	Ribosomal_L31e
Phum-OR502AA_036_000066.1	eggnog	domain-containing protein
Phum-OR502AA_036_000065.1	eggnog	Cyclin_C
Phum-OR502AA_036_000064.1	eggnog	Adenylate cyclase associated (CAP) C terminal
Phum-OR502AA_036_000008.1	unannotated	Hypothetical protein of unknown function
Phum-OR502AA_036_000009.1	eggnog	Protein present in Fab1, YOTB, Vac1, and EEA1
Phum-OR502AA_036_000010.1	eggnog	PhoX homologous domain, present in p47phox and p40phox
Phum-OR502AA_036_000011.1	eggnog	domain-containing protein
Phum-OR502AA_036_000012.1	eggnog	domain-containing protein
Phum-OR502AA_036_000013.1	blastp	Homology to Peronospora belbahrii predicted protein CAH0522371.1
Phum-OR502AA_036_000014.1	eggnog	domain-containing protein
Phum-OR502AA_036_000015.1	eggnog	Component of the coenzyme Q biosynthetic pathway
Phum-OR502AA_036_000016.1	unannotated	Hypothetical protein of unknown function
Phum-OR502AA_036_000017.1	eggnog	Ferrous iron transport protein B
Phum-OR502AA_036_000063.1	blastp	Homology to Phytophthora nicotianae predicted protein KUF80866.1
Phum-OR502AA_036_000062.1	unannotated	Hypothetical protein of unknown function
Phum-OR502AA_036_000018.1	eggnog	Putative GTP-ase activating proteins for the small GTPase, ARF
Phum-OR502AA_036_000061.1	interproscan	SSF54427 domain-containing protein
Phum-OR502AA_036_000019.1	eggnog	domain-containing protein
Phum-OR502AA_036_000060.1	interproscan	PTHR12771 domain-containing protein
Phum-OR502AA_036_000059.1	eggnog	Glutaredoxin
Phum-OR502AA_036_000020.1	eggnog	domain-containing protein
Phum-OR502AA_036_000021.1	eggnog	Belongs to the cation transport ATPase (P-type) (TC 3.A.3) family
Phum-OR502AA_036_000058.1	eggnog	domain-containing protein
Phum-OR502AA_036_000057.1	eggnog	Protein tyrosine kinase
Phum-OR502AA_036_000056.1	blastp	Homology to Phytophthora cactorum predicted protein KAG2764553.1
Phum-OR502AA_036_000022.1	eggnog	Cys/Met metabolism PLP-dependent enzyme
Phum-OR502AA_036_000055.1	eggnog	Tubulin-tyrosine ligase family
Phum-OR502AA_036_000054.1	eggnog	Aluminium induced protein
Phum-OR502AA_036_000023.1	eggnog	Sphingolipid Delta4-desaturase (DES)
Phum-OR502AA_036_000053.1	eggnog	DNA-dependent RNA polymerase catalyzes the transcription of DNA into RNA using the four ribonucleoside triphosphates as substrates
Phum-OR502AA_036_000024.1	eggnog	domain-containing protein
Phum-OR502AA_036_000025.1	interproscan	PTHR22796 domain-containing protein
Phum-OR502AA_036_000026.1	interproscan	PTHR22796 domain-containing protein
Phum-OR502AA_036_000027.1	interproscan	PTHR22796 domain-containing protein
Phum-OR502AA_036_000028.1	eggnog	GDA1/CD39 (nucleoside phosphatase) family
Phum-OR502AA_036_000029.1	interproscan	PTHR22796 domain-containing protein
Phum-OR502AA_036_000052.1	eggnog	GDA1/CD39 (nucleoside phosphatase) family
Phum-OR502AA_036_000030.1	interproscan	G3DSA:3.40.50.2000 domain-containing protein
Phum-OR502AA_036_000051.1	eggnog	domain-containing protein
Phum-OR502AA_036_000050.1	eggnog	domain-containing protein
Phum-OR502AA_036_000049.1	blastp	Homology to Peronospora farinosa predicted protein CAH0486217.1
Phum-OR502AA_036_000031.1	eggnog	BT1 family
Phum-OR502AA_036_000032.1	eggnog	Tetraspanin family
Phum-OR502AA_036_000048.1	eggnog	domain-containing protein
Phum-OR502AA_036_000033.1	eggnog	domain-containing protein
Phum-OR502AA_036_000034.1	eggnog	TAZ zinc finger
Phum-OR502AA_036_000035.1	eggnog	Pyridine nucleotide-disulphide oxidoreductase
Phum-OR502AA_036_000036.1	interproscan	G3DSA:3.30.1520.10 domain-containing protein
Phum-OR502AA_036_000037.1	eggnog	Amino acid kinase family
Phum-OR502AA_036_000047.1	blastp	Homology to Peronospora effusa predicted protein CAI5701418.1
Phum-OR502AA_036_000038.1	eggnog	Sel1-like repeats
Phum-OR502AA_036_000046.1	eggnog	WD domain, G-beta repeat
Phum-OR502AA_036_000045.1	eggnog	Sulfatase
Phum-OR502AA_036_000039.1	eggnog	Sel1-like repeats
Phum-OR502AA_036_000044.1	eggnog	Chaperone of endosialidase
Phum-OR502AA_036_000043.1	unannotated	Hypothetical protein of unknown function
Phum-OR502AA_036_000040.1	eggnog	Ubiquitin homologues
Phum-OR502AA_036_000041.1	blastp	Homology to Peronospora destructor predicted protein CAI5734842.1
Phum-OR502AA_036_000042.1	eggnog	Peptidase M16C associated
Phum-OR502AA_038_000001.1	unannotated	Hypothetical protein of unknown function
Phum-OR502AA_038_000002.1	unannotated	Hypothetical protein of unknown function
Phum-OR502AA_038_000003.1	unannotated	Hypothetical protein of unknown function
Phum-OR502AA_038_000004.1	unannotated	Hypothetical protein of unknown function
Phum-OR502AA_038_000005.1	unannotated	Hypothetical protein of unknown function
Phum-OR502AA_040_000001.1	eggnog	Domain found in a variety of signalling proteins, always encircled by uDENN and dDENN
Phum-OR502AA_040_000016.1	eggnog	Type III restriction enzyme, res subunit
Phum-OR502AA_040_000002.1	eggnog	Thioredoxin
Phum-OR502AA_040_000015.1	eggnog	Peroxisome biogenesis factor 1, N-terminal
Phum-OR502AA_040_000014.1	interproscan	PTHR31836 domain-containing protein
Phum-OR502AA_040_000003.1	eggnog	Endonuclease/Exonuclease/phosphatase family
Phum-OR502AA_040_000004.1	blastp	Homology to Phytophthora cactorum predicted protein KAG3197283.1
Phum-OR502AA_040_000005.1	eggnog	Belongs to the TRAFAC class myosin-kinesin ATPase superfamily
Phum-OR502AA_040_000013.1	eggnog	WD40 repeats
Phum-OR502AA_040_000006.1	eggnog	This magnesium-dependent enzyme catalyzes the hydrolysis of ATP coupled with the transport of calcium
Phum-OR502AA_040_000007.1	eggnog	cellular response to phosphate starvation
Phum-OR502AA_040_000012.1	eggnog	Belongs to the thiolase family (ERG10)
Phum-OR502AA_040_000008.1	eggnog	EF hand
Phum-OR502AA_040_000011.1	eggnog	protein serine/threonine phosphatase activity
Phum-OR502AA_040_000009.1	eggnog	domain-containing protein
Phum-OR502AA_040_000010.1	eggnog	TIP41-like family
Phum-OR502AA_041_000001.1	blastp	Homology to Phytophthora cactorum predicted protein KAG2771139.1
Phum-OR502AA_041_000002.1	unannotated	Hypothetical protein of unknown function
Phum-OR502AA_041_000003.1	eggnog	Pam16
Phum-OR502AA_041_000004.1	eggnog	domain-containing protein
Phum-OR502AA_041_000017.1	blastp	Homology to Phytophthora fragariaefolia predicted protein GMF53312.1
Phum-OR502AA_041_000016.1	unannotated	Hypothetical protein of unknown function
Phum-OR502AA_041_000005.1	eggnog	Belongs to the mitochondrial carrier (TC 2.A.29) family
Phum-OR502AA_041_000006.1	eggnog	Cytochrome C1 family
Phum-OR502AA_041_000007.1	eggnog	RNA polymerases D
Phum-OR502AA_041_000008.1	blastp	Homology to Phytophthora fragariae predicted protein KAE8876936.1
Phum-OR502AA_041_000015.1	eggnog	domain-containing protein
Phum-OR502AA_041_000014.1	eggnog	Pam16
Phum-OR502AA_041_000013.1	eggnog	EF-hand domain pair
Phum-OR502AA_041_000009.1	eggnog	Cyclin_C
Phum-OR502AA_041_000012.1	eggnog	domain-containing protein
Phum-OR502AA_041_000010.1	eggnog	GRIM-19 protein
Phum-OR502AA_041_000011.1	eggnog	Proteasome regulatory subunit C-terminal
Phum-OR502AA_042_000001.1	eggnog	Las17-binding protein actin regulator
Phum-OR502AA_042_000002.1	interproscan	PTHR19332 domain-containing protein
Phum-OR502AA_042_000014.1	eggnog	Mo-molybdopterin cofactor metabolic process (cnxG)
Phum-OR502AA_042_000003.1	eggnog	intracellular chloride channel activity
Phum-OR502AA_042_000013.1	blastp	Homology to Phytophthora lilii predicted protein GMF33993.1
Phum-OR502AA_042_000012.1	eggnog	Haemolysin-III related
Phum-OR502AA_042_000004.1	eggnog	Adenylate cyclase associated (CAP) N terminal
Phum-OR502AA_042_000005.1	eggnog	Adenylate cyclase associated (CAP) N terminal
Phum-OR502AA_042_000011.1	eggnog	domain-containing protein
Phum-OR502AA_042_000010.1	eggnog	mRNA splicing, via spliceosome
Phum-OR502AA_042_000009.1	eggnog	Acyltransferase C-terminus
Phum-OR502AA_042_000006.1	eggnog	Ribosomal protein L19
Phum-OR502AA_042_000008.1	eggnog	Signal-recognition-particle assembly has a crucial role in targeting secretory proteins to the rough endoplasmic reticulum membrane
Phum-OR502AA_042_000007.1	eggnog	transposition, RNA-mediated
Phum-OR502AA_043_000001.1	unannotated	Hypothetical protein of unknown function
Phum-OR502AA_044_000008.1	unannotated	Hypothetical protein of unknown function
Phum-OR502AA_044_000007.1	unannotated	Hypothetical protein of unknown function
Phum-OR502AA_044_000006.1	unannotated	Hypothetical protein of unknown function
Phum-OR502AA_044_000005.1	unannotated	Hypothetical protein of unknown function
Phum-OR502AA_044_000004.1	unannotated	Hypothetical protein of unknown function
Phum-OR502AA_044_000003.1	unannotated	Hypothetical protein of unknown function
Phum-OR502AA_044_000002.1	unannotated	Hypothetical protein of unknown function
Phum-OR502AA_044_000001.1	unannotated	Hypothetical protein of unknown function
Phum-OR502AA_046_000019.1	eggnog	Belongs to the AAA ATPase family
Phum-OR502AA_046_000001.1	eggnog	WD domain, G-beta repeat
Phum-OR502AA_046_000018.1	eggnog	Nucleolar protein 12 (25kDa)
Phum-OR502AA_046_000002.1	interproscan	G3DSA:3.30.420.10 domain-containing protein
Phum-OR502AA_046_000003.1	eggnog	Belongs to the BI1 family
Phum-OR502AA_046_000017.1	eggnog	D-erythro-sphingosine kinase activity
Phum-OR502AA_046_000016.1	eggnog	centriole elongation
Phum-OR502AA_046_000015.1	eggnog	Belongs to the AAA ATPase family
Phum-OR502AA_046_000014.1	eggnog	Dihydrouridine synthase (Dus)
Phum-OR502AA_046_000004.1	eggnog	Belongs to the BI1 family
Phum-OR502AA_046_000005.1	eggnog	Kinase-like
Phum-OR502AA_046_000013.1	eggnog	domain-containing protein
Phum-OR502AA_046_000006.1	interproscan	SSF53756 domain-containing protein
Phum-OR502AA_046_000007.1	eggnog	WD40 repeats
Phum-OR502AA_046_000008.1	interproscan	PTHR13510 domain-containing protein
Phum-OR502AA_046_000012.1	blastp	Homology to Peronospora destructor predicted protein CAI5732311.1
Phum-OR502AA_046_000011.1	eggnog	WD40 repeats
Phum-OR502AA_046_000010.1	interproscan	SSF53756 domain-containing protein
Phum-OR502AA_046_000009.1	interproscan	SSF53756 domain-containing protein
Phum-OR502AA_050_000007.1	unannotated	Hypothetical protein of unknown function
Phum-OR502AA_050_000006.1	unannotated	Hypothetical protein of unknown function
Phum-OR502AA_050_000005.1	unannotated	Hypothetical protein of unknown function
Phum-OR502AA_050_000004.1	unannotated	Hypothetical protein of unknown function
Phum-OR502AA_050_000003.1	unannotated	Hypothetical protein of unknown function
Phum-OR502AA_050_000002.1	unannotated	Hypothetical protein of unknown function
Phum-OR502AA_050_000001.1	unannotated	Hypothetical protein of unknown function
