id	window	forward_repeat_number	reverse_repeat_number	telomeric_repeat
Pcub-MSU1_001	10000	0	0	TTTAGGG
Pcub-MSU1_001	20000	0	2	TTTAGGG
Pcub-MSU1_001	30000	0	0	TTTAGGG
Pcub-MSU1_001	40000	0	0	TTTAGGG
Pcub-MSU1_001	50000	0	0	TTTAGGG
Pcub-MSU1_001	60000	0	0	TTTAGGG
Pcub-MSU1_001	70000	0	0	TTTAGGG
Pcub-MSU1_001	80000	0	0	TTTAGGG
Pcub-MSU1_001	90000	0	0	TTTAGGG
Pcub-MSU1_001	100000	0	0	TTTAGGG
Pcub-MSU1_001	110000	0	0	TTTAGGG
Pcub-MSU1_001	120000	0	0	TTTAGGG
Pcub-MSU1_001	130000	0	0	TTTAGGG
Pcub-MSU1_001	140000	0	0	TTTAGGG
Pcub-MSU1_001	150000	0	0	TTTAGGG
Pcub-MSU1_001	160000	0	0	TTTAGGG
Pcub-MSU1_001	170000	0	0	TTTAGGG
Pcub-MSU1_001	180000	0	0	TTTAGGG
Pcub-MSU1_001	190000	0	0	TTTAGGG
Pcub-MSU1_001	200000	0	0	TTTAGGG
Pcub-MSU1_001	210000	0	0	TTTAGGG
Pcub-MSU1_001	220000	0	0	TTTAGGG
Pcub-MSU1_001	230000	0	0	TTTAGGG
Pcub-MSU1_001	240000	0	0	TTTAGGG
Pcub-MSU1_001	250000	0	0	TTTAGGG
Pcub-MSU1_001	260000	0	0	TTTAGGG
Pcub-MSU1_001	270000	0	0	TTTAGGG
Pcub-MSU1_001	280000	0	0	TTTAGGG
Pcub-MSU1_001	290000	0	0	TTTAGGG
Pcub-MSU1_001	300000	0	0	TTTAGGG
Pcub-MSU1_001	310000	0	0	TTTAGGG
Pcub-MSU1_001	320000	0	0	TTTAGGG
Pcub-MSU1_001	330000	0	0	TTTAGGG
Pcub-MSU1_001	340000	0	0	TTTAGGG
Pcub-MSU1_001	350000	0	0	TTTAGGG
Pcub-MSU1_001	360000	0	5	TTTAGGG
Pcub-MSU1_001	370000	0	0	TTTAGGG
Pcub-MSU1_001	380000	0	0	TTTAGGG
Pcub-MSU1_001	390000	0	0	TTTAGGG
Pcub-MSU1_001	400000	0	0	TTTAGGG
Pcub-MSU1_001	410000	0	0	TTTAGGG
Pcub-MSU1_001	420000	0	0	TTTAGGG
Pcub-MSU1_001	430000	0	0	TTTAGGG
Pcub-MSU1_001	440000	0	0	TTTAGGG
Pcub-MSU1_001	450000	0	0	TTTAGGG
Pcub-MSU1_001	460000	0	0	TTTAGGG
Pcub-MSU1_001	470000	0	0	TTTAGGG
Pcub-MSU1_001	480000	0	0	TTTAGGG
Pcub-MSU1_001	490000	0	0	TTTAGGG
Pcub-MSU1_001	500000	0	0	TTTAGGG
Pcub-MSU1_001	510000	0	0	TTTAGGG
Pcub-MSU1_001	520000	0	0	TTTAGGG
Pcub-MSU1_001	530000	0	0	TTTAGGG
Pcub-MSU1_001	540000	0	1	TTTAGGG
Pcub-MSU1_001	550000	0	1	TTTAGGG
Pcub-MSU1_001	560000	1	0	TTTAGGG
Pcub-MSU1_001	570000	0	0	TTTAGGG
Pcub-MSU1_001	580000	1	1	TTTAGGG
Pcub-MSU1_001	590000	1	1	TTTAGGG
Pcub-MSU1_001	600000	0	1	TTTAGGG
Pcub-MSU1_001	610000	1	1	TTTAGGG
Pcub-MSU1_001	620000	2	0	TTTAGGG
Pcub-MSU1_001	630000	1	0	TTTAGGG
Pcub-MSU1_001	640000	1	1	TTTAGGG
Pcub-MSU1_001	650000	0	1	TTTAGGG
Pcub-MSU1_001	660000	1	0	TTTAGGG
Pcub-MSU1_001	670000	0	1	TTTAGGG
Pcub-MSU1_001	680000	0	1	TTTAGGG
Pcub-MSU1_001	690000	0	1	TTTAGGG
Pcub-MSU1_001	700000	1	0	TTTAGGG
Pcub-MSU1_001	710000	0	1	TTTAGGG
Pcub-MSU1_001	720000	1	0	TTTAGGG
Pcub-MSU1_001	730000	1	1	TTTAGGG
Pcub-MSU1_001	740000	0	1	TTTAGGG
Pcub-MSU1_001	750000	0	1	TTTAGGG
Pcub-MSU1_001	760000	0	1	TTTAGGG
Pcub-MSU1_001	770000	1	0	TTTAGGG
Pcub-MSU1_001	780000	1	1	TTTAGGG
Pcub-MSU1_001	790000	0	1	TTTAGGG
Pcub-MSU1_001	800000	1	1	TTTAGGG
Pcub-MSU1_001	810000	0	1	TTTAGGG
Pcub-MSU1_001	820000	0	1	TTTAGGG
Pcub-MSU1_001	830000	0	0	TTTAGGG
Pcub-MSU1_001	840000	0	2	TTTAGGG
Pcub-MSU1_001	850000	0	0	TTTAGGG
Pcub-MSU1_001	860000	0	0	TTTAGGG
Pcub-MSU1_001	870000	0	0	TTTAGGG
Pcub-MSU1_001	880000	0	0	TTTAGGG
Pcub-MSU1_001	890000	0	0	TTTAGGG
Pcub-MSU1_001	900000	0	0	TTTAGGG
Pcub-MSU1_001	910000	0	0	TTTAGGG
Pcub-MSU1_001	920000	0	0	TTTAGGG
Pcub-MSU1_001	930000	0	0	TTTAGGG
Pcub-MSU1_001	940000	0	0	TTTAGGG
Pcub-MSU1_001	950000	0	0	TTTAGGG
Pcub-MSU1_001	960000	0	0	TTTAGGG
Pcub-MSU1_001	970000	0	0	TTTAGGG
Pcub-MSU1_001	980000	0	0	TTTAGGG
Pcub-MSU1_001	990000	0	0	TTTAGGG
Pcub-MSU1_001	1000000	0	0	TTTAGGG
Pcub-MSU1_001	1010000	0	0	TTTAGGG
Pcub-MSU1_001	1020000	0	0	TTTAGGG
Pcub-MSU1_001	1030000	0	0	TTTAGGG
Pcub-MSU1_001	1040000	0	1	TTTAGGG
Pcub-MSU1_001	1050000	4	0	TTTAGGG
Pcub-MSU1_001	1060000	1	0	TTTAGGG
Pcub-MSU1_001	1070000	1	1	TTTAGGG
Pcub-MSU1_001	1080000	1	1	TTTAGGG
Pcub-MSU1_001	1090000	1	0	TTTAGGG
Pcub-MSU1_001	1100000	0	1	TTTAGGG
Pcub-MSU1_001	1110000	0	0	TTTAGGG
Pcub-MSU1_001	1120000	0	0	TTTAGGG
Pcub-MSU1_001	1130000	0	0	TTTAGGG
Pcub-MSU1_001	1140000	0	0	TTTAGGG
Pcub-MSU1_001	1150000	0	0	TTTAGGG
Pcub-MSU1_001	1160000	0	1	TTTAGGG
Pcub-MSU1_001	1170000	0	0	TTTAGGG
Pcub-MSU1_001	1180000	0	0	TTTAGGG
Pcub-MSU1_001	1190000	0	0	TTTAGGG
Pcub-MSU1_001	1200000	0	0	TTTAGGG
Pcub-MSU1_001	1210000	0	0	TTTAGGG
Pcub-MSU1_001	1220000	0	0	TTTAGGG
Pcub-MSU1_001	1230000	0	0	TTTAGGG
Pcub-MSU1_001	1240000	0	0	TTTAGGG
Pcub-MSU1_001	1250000	0	0	TTTAGGG
Pcub-MSU1_001	1260000	0	0	TTTAGGG
Pcub-MSU1_001	1270000	0	0	TTTAGGG
Pcub-MSU1_001	1280000	0	1	TTTAGGG
Pcub-MSU1_001	1290000	0	0	TTTAGGG
Pcub-MSU1_001	1300000	0	0	TTTAGGG
Pcub-MSU1_001	1310000	0	0	TTTAGGG
Pcub-MSU1_001	1320000	0	0	TTTAGGG
Pcub-MSU1_001	1330000	0	0	TTTAGGG
Pcub-MSU1_001	1340000	0	0	TTTAGGG
Pcub-MSU1_001	1350000	0	0	TTTAGGG
Pcub-MSU1_001	1360000	0	0	TTTAGGG
Pcub-MSU1_001	1370000	0	0	TTTAGGG
Pcub-MSU1_001	1380000	0	0	TTTAGGG
Pcub-MSU1_001	1390000	0	0	TTTAGGG
Pcub-MSU1_001	1400000	0	0	TTTAGGG
Pcub-MSU1_001	1410000	0	0	TTTAGGG
Pcub-MSU1_001	1420000	0	0	TTTAGGG
Pcub-MSU1_001	1430000	0	0	TTTAGGG
Pcub-MSU1_001	1440000	0	0	TTTAGGG
Pcub-MSU1_001	1450000	0	0	TTTAGGG
Pcub-MSU1_001	1460000	0	0	TTTAGGG
Pcub-MSU1_001	1470000	0	0	TTTAGGG
Pcub-MSU1_001	1480000	0	0	TTTAGGG
Pcub-MSU1_001	1490000	0	0	TTTAGGG
Pcub-MSU1_001	1500000	0	0	TTTAGGG
Pcub-MSU1_001	1510000	0	0	TTTAGGG
Pcub-MSU1_001	1520000	0	0	TTTAGGG
Pcub-MSU1_001	1530000	0	0	TTTAGGG
Pcub-MSU1_001	1540000	0	0	TTTAGGG
Pcub-MSU1_001	1550000	0	0	TTTAGGG
Pcub-MSU1_001	1560000	0	0	TTTAGGG
Pcub-MSU1_001	1570000	0	0	TTTAGGG
Pcub-MSU1_001	1580000	0	0	TTTAGGG
Pcub-MSU1_001	1590000	0	0	TTTAGGG
Pcub-MSU1_001	1600000	1	0	TTTAGGG
Pcub-MSU1_001	1610000	1	0	TTTAGGG
Pcub-MSU1_001	1620000	0	0	TTTAGGG
Pcub-MSU1_001	1630000	1	0	TTTAGGG
Pcub-MSU1_001	1640000	0	0	TTTAGGG
Pcub-MSU1_001	1650000	0	0	TTTAGGG
Pcub-MSU1_001	1660000	0	0	TTTAGGG
Pcub-MSU1_001	1670000	0	8	TTTAGGG
Pcub-MSU1_001	1680000	0	8	TTTAGGG
Pcub-MSU1_001	1690000	0	2	TTTAGGG
Pcub-MSU1_001	1700000	0	0	TTTAGGG
Pcub-MSU1_001	1710000	0	0	TTTAGGG
Pcub-MSU1_001	1720000	0	0	TTTAGGG
Pcub-MSU1_001	1730000	0	0	TTTAGGG
Pcub-MSU1_001	1740000	0	0	TTTAGGG
Pcub-MSU1_001	1750000	0	0	TTTAGGG
Pcub-MSU1_001	1760000	0	0	TTTAGGG
Pcub-MSU1_001	1770000	0	0	TTTAGGG
Pcub-MSU1_001	1780000	0	0	TTTAGGG
Pcub-MSU1_001	1790000	0	0	TTTAGGG
Pcub-MSU1_001	1800000	0	0	TTTAGGG
Pcub-MSU1_001	1810000	0	0	TTTAGGG
Pcub-MSU1_001	1820000	0	0	TTTAGGG
Pcub-MSU1_001	1830000	0	1	TTTAGGG
Pcub-MSU1_001	1840000	0	0	TTTAGGG
Pcub-MSU1_001	1850000	0	0	TTTAGGG
Pcub-MSU1_001	1860000	0	0	TTTAGGG
Pcub-MSU1_001	1870000	0	0	TTTAGGG
Pcub-MSU1_001	1880000	1	0	TTTAGGG
Pcub-MSU1_001	1890000	0	0	TTTAGGG
Pcub-MSU1_001	1900000	0	0	TTTAGGG
Pcub-MSU1_001	1910000	0	0	TTTAGGG
Pcub-MSU1_001	1920000	0	0	TTTAGGG
Pcub-MSU1_001	1930000	0	0	TTTAGGG
Pcub-MSU1_001	1940000	0	1	TTTAGGG
Pcub-MSU1_001	1950000	0	0	TTTAGGG
Pcub-MSU1_001	1960000	0	0	TTTAGGG
Pcub-MSU1_001	1970000	0	1	TTTAGGG
Pcub-MSU1_001	1980000	0	0	TTTAGGG
Pcub-MSU1_001	1990000	0	0	TTTAGGG
Pcub-MSU1_001	2000000	0	0	TTTAGGG
Pcub-MSU1_001	2010000	0	0	TTTAGGG
Pcub-MSU1_001	2020000	0	0	TTTAGGG
Pcub-MSU1_001	2030000	0	0	TTTAGGG
Pcub-MSU1_001	2040000	0	0	TTTAGGG
Pcub-MSU1_001	2050000	1	1	TTTAGGG
Pcub-MSU1_001	2060000	0	0	TTTAGGG
Pcub-MSU1_001	2070000	1	0	TTTAGGG
Pcub-MSU1_001	2080000	2	0	TTTAGGG
Pcub-MSU1_001	2090000	0	0	TTTAGGG
Pcub-MSU1_001	2100000	0	0	TTTAGGG
Pcub-MSU1_001	2110000	0	1	TTTAGGG
Pcub-MSU1_001	2120000	0	0	TTTAGGG
Pcub-MSU1_001	2130000	0	0	TTTAGGG
Pcub-MSU1_001	2140000	0	0	TTTAGGG
Pcub-MSU1_001	2150000	1	1	TTTAGGG
Pcub-MSU1_001	2160000	0	0	TTTAGGG
Pcub-MSU1_001	2170000	0	0	TTTAGGG
Pcub-MSU1_001	2180000	0	0	TTTAGGG
Pcub-MSU1_001	2190000	0	1	TTTAGGG
Pcub-MSU1_001	2200000	0	2	TTTAGGG
Pcub-MSU1_001	2210000	0	0	TTTAGGG
Pcub-MSU1_001	2220000	0	0	TTTAGGG
Pcub-MSU1_001	2230000	0	0	TTTAGGG
Pcub-MSU1_001	2240000	0	0	TTTAGGG
Pcub-MSU1_001	2250000	0	0	TTTAGGG
Pcub-MSU1_001	2260000	0	0	TTTAGGG
Pcub-MSU1_001	2270000	0	0	TTTAGGG
Pcub-MSU1_001	2280000	0	0	TTTAGGG
Pcub-MSU1_001	2290000	0	0	TTTAGGG
Pcub-MSU1_001	2300000	0	0	TTTAGGG
Pcub-MSU1_001	2310000	0	0	TTTAGGG
Pcub-MSU1_001	2320000	0	1	TTTAGGG
Pcub-MSU1_001	2330000	2	0	TTTAGGG
Pcub-MSU1_001	2340000	0	0	TTTAGGG
Pcub-MSU1_001	2350000	1	0	TTTAGGG
Pcub-MSU1_001	2360000	0	1	TTTAGGG
Pcub-MSU1_001	2370000	0	0	TTTAGGG
Pcub-MSU1_001	2380000	0	0	TTTAGGG
Pcub-MSU1_001	2390000	0	0	TTTAGGG
Pcub-MSU1_001	2400000	0	0	TTTAGGG
Pcub-MSU1_001	2410000	0	0	TTTAGGG
Pcub-MSU1_001	2420000	0	0	TTTAGGG
Pcub-MSU1_001	2430000	0	0	TTTAGGG
Pcub-MSU1_001	2440000	0	0	TTTAGGG
Pcub-MSU1_001	2450000	0	0	TTTAGGG
Pcub-MSU1_001	2460000	0	0	TTTAGGG
Pcub-MSU1_001	2470000	0	0	TTTAGGG
Pcub-MSU1_001	2480000	0	0	TTTAGGG
Pcub-MSU1_001	2490000	0	0	TTTAGGG
Pcub-MSU1_001	2500000	0	0	TTTAGGG
Pcub-MSU1_001	2510000	0	0	TTTAGGG
Pcub-MSU1_001	2520000	0	0	TTTAGGG
Pcub-MSU1_001	2530000	0	0	TTTAGGG
Pcub-MSU1_001	2540000	0	0	TTTAGGG
Pcub-MSU1_001	2550000	0	0	TTTAGGG
Pcub-MSU1_001	2560000	0	0	TTTAGGG
Pcub-MSU1_001	2570000	0	0	TTTAGGG
Pcub-MSU1_001	2580000	0	0	TTTAGGG
Pcub-MSU1_001	2590000	0	0	TTTAGGG
Pcub-MSU1_001	2600000	0	0	TTTAGGG
Pcub-MSU1_001	2610000	0	0	TTTAGGG
Pcub-MSU1_001	2620000	0	0	TTTAGGG
Pcub-MSU1_001	2630000	0	0	TTTAGGG
Pcub-MSU1_001	2640000	0	1	TTTAGGG
Pcub-MSU1_001	2650000	0	0	TTTAGGG
Pcub-MSU1_001	2660000	0	0	TTTAGGG
Pcub-MSU1_001	2670000	0	0	TTTAGGG
Pcub-MSU1_001	2680000	0	0	TTTAGGG
Pcub-MSU1_001	2690000	0	0	TTTAGGG
Pcub-MSU1_001	2700000	0	0	TTTAGGG
Pcub-MSU1_001	2710000	0	0	TTTAGGG
Pcub-MSU1_001	2720000	0	0	TTTAGGG
Pcub-MSU1_001	2730000	0	0	TTTAGGG
Pcub-MSU1_001	2740000	0	0	TTTAGGG
Pcub-MSU1_001	2750000	0	0	TTTAGGG
Pcub-MSU1_001	2760000	0	0	TTTAGGG
Pcub-MSU1_001	2770000	0	0	TTTAGGG
Pcub-MSU1_001	2780000	0	0	TTTAGGG
Pcub-MSU1_001	2790000	1	0	TTTAGGG
Pcub-MSU1_001	2800000	1	0	TTTAGGG
Pcub-MSU1_001	2810000	0	0	TTTAGGG
Pcub-MSU1_001	2820000	0	0	TTTAGGG
Pcub-MSU1_001	2830000	0	0	TTTAGGG
Pcub-MSU1_001	2840000	0	0	TTTAGGG
Pcub-MSU1_001	2850000	0	1	TTTAGGG
Pcub-MSU1_001	2860000	0	0	TTTAGGG
Pcub-MSU1_001	2870000	0	0	TTTAGGG
Pcub-MSU1_001	2880000	0	0	TTTAGGG
Pcub-MSU1_001	2890000	0	0	TTTAGGG
Pcub-MSU1_001	2900000	0	0	TTTAGGG
Pcub-MSU1_001	2910000	0	0	TTTAGGG
Pcub-MSU1_001	2920000	0	0	TTTAGGG
Pcub-MSU1_001	2930000	0	0	TTTAGGG
Pcub-MSU1_001	2940000	0	0	TTTAGGG
Pcub-MSU1_001	2950000	0	0	TTTAGGG
Pcub-MSU1_001	2960000	0	0	TTTAGGG
Pcub-MSU1_001	2970000	0	0	TTTAGGG
Pcub-MSU1_001	2980000	0	0	TTTAGGG
Pcub-MSU1_001	2990000	0	0	TTTAGGG
Pcub-MSU1_001	3000000	0	0	TTTAGGG
Pcub-MSU1_001	3010000	0	0	TTTAGGG
Pcub-MSU1_001	3020000	0	0	TTTAGGG
Pcub-MSU1_001	3030000	0	0	TTTAGGG
Pcub-MSU1_001	3040000	0	0	TTTAGGG
Pcub-MSU1_001	3050000	0	0	TTTAGGG
Pcub-MSU1_001	3060000	0	1	TTTAGGG
Pcub-MSU1_001	3070000	0	0	TTTAGGG
Pcub-MSU1_001	3080000	0	0	TTTAGGG
Pcub-MSU1_001	3090000	0	0	TTTAGGG
Pcub-MSU1_001	3100000	0	0	TTTAGGG
Pcub-MSU1_001	3110000	0	0	TTTAGGG
Pcub-MSU1_001	3120000	0	0	TTTAGGG
Pcub-MSU1_001	3130000	0	0	TTTAGGG
Pcub-MSU1_001	3140000	0	0	TTTAGGG
Pcub-MSU1_001	3150000	0	0	TTTAGGG
Pcub-MSU1_001	3160000	0	0	TTTAGGG
Pcub-MSU1_001	3170000	1	0	TTTAGGG
Pcub-MSU1_001	3180000	0	0	TTTAGGG
Pcub-MSU1_001	3190000	1	0	TTTAGGG
Pcub-MSU1_001	3200000	1	1	TTTAGGG
Pcub-MSU1_001	3210000	0	0	TTTAGGG
Pcub-MSU1_001	3220000	0	0	TTTAGGG
Pcub-MSU1_001	3230000	0	0	TTTAGGG
Pcub-MSU1_001	3240000	1	0	TTTAGGG
Pcub-MSU1_001	3250000	0	0	TTTAGGG
Pcub-MSU1_001	3260000	0	0	TTTAGGG
Pcub-MSU1_001	3270000	0	0	TTTAGGG
Pcub-MSU1_001	3280000	0	0	TTTAGGG
Pcub-MSU1_001	3290000	0	0	TTTAGGG
Pcub-MSU1_001	3300000	0	0	TTTAGGG
Pcub-MSU1_001	3310000	0	0	TTTAGGG
Pcub-MSU1_001	3320000	0	0	TTTAGGG
Pcub-MSU1_001	3330000	0	0	TTTAGGG
Pcub-MSU1_001	3340000	0	0	TTTAGGG
Pcub-MSU1_001	3350000	2	0	TTTAGGG
Pcub-MSU1_001	3360000	0	0	TTTAGGG
Pcub-MSU1_001	3370000	0	0	TTTAGGG
Pcub-MSU1_001	3380000	0	0	TTTAGGG
Pcub-MSU1_001	3390000	0	0	TTTAGGG
Pcub-MSU1_001	3400000	0	0	TTTAGGG
Pcub-MSU1_001	3410000	0	0	TTTAGGG
Pcub-MSU1_001	3420000	0	0	TTTAGGG
Pcub-MSU1_001	3430000	0	0	TTTAGGG
Pcub-MSU1_001	3440000	0	0	TTTAGGG
Pcub-MSU1_001	3450000	0	0	TTTAGGG
Pcub-MSU1_001	3460000	0	0	TTTAGGG
Pcub-MSU1_001	3470000	0	0	TTTAGGG
Pcub-MSU1_001	3480000	0	0	TTTAGGG
Pcub-MSU1_001	3490000	0	0	TTTAGGG
Pcub-MSU1_001	3500000	0	0	TTTAGGG
Pcub-MSU1_001	3510000	0	0	TTTAGGG
Pcub-MSU1_001	3520000	0	0	TTTAGGG
Pcub-MSU1_001	3530000	0	0	TTTAGGG
Pcub-MSU1_001	3540000	0	0	TTTAGGG
Pcub-MSU1_001	3550000	0	0	TTTAGGG
Pcub-MSU1_001	3560000	0	0	TTTAGGG
Pcub-MSU1_001	3570000	0	0	TTTAGGG
Pcub-MSU1_001	3580000	0	0	TTTAGGG
Pcub-MSU1_001	3590000	0	0	TTTAGGG
Pcub-MSU1_001	3600000	0	0	TTTAGGG
Pcub-MSU1_001	3610000	0	0	TTTAGGG
Pcub-MSU1_001	3620000	0	0	TTTAGGG
Pcub-MSU1_001	3630000	0	0	TTTAGGG
Pcub-MSU1_001	3640000	0	0	TTTAGGG
Pcub-MSU1_001	3650000	0	0	TTTAGGG
Pcub-MSU1_001	3660000	0	0	TTTAGGG
Pcub-MSU1_001	3670000	1	0	TTTAGGG
Pcub-MSU1_001	3680000	0	0	TTTAGGG
Pcub-MSU1_001	3690000	0	0	TTTAGGG
Pcub-MSU1_001	3700000	0	0	TTTAGGG
Pcub-MSU1_001	3710000	1	1	TTTAGGG
Pcub-MSU1_001	3720000	1	0	TTTAGGG
Pcub-MSU1_001	3730000	0	0	TTTAGGG
Pcub-MSU1_001	3740000	0	0	TTTAGGG
Pcub-MSU1_001	3750000	0	0	TTTAGGG
Pcub-MSU1_001	3760000	0	0	TTTAGGG
Pcub-MSU1_001	3770000	0	0	TTTAGGG
Pcub-MSU1_001	3780000	0	0	TTTAGGG
Pcub-MSU1_001	3790000	0	0	TTTAGGG
Pcub-MSU1_001	3800000	0	0	TTTAGGG
Pcub-MSU1_001	3810000	0	0	TTTAGGG
Pcub-MSU1_001	3820000	0	0	TTTAGGG
Pcub-MSU1_001	3830000	0	0	TTTAGGG
Pcub-MSU1_001	3840000	0	0	TTTAGGG
Pcub-MSU1_001	3850000	0	0	TTTAGGG
Pcub-MSU1_001	3860000	0	0	TTTAGGG
Pcub-MSU1_001	3870000	0	0	TTTAGGG
Pcub-MSU1_001	3880000	0	1	TTTAGGG
Pcub-MSU1_001	3890000	0	0	TTTAGGG
Pcub-MSU1_001	3900000	0	0	TTTAGGG
Pcub-MSU1_001	3910000	0	0	TTTAGGG
Pcub-MSU1_001	3920000	0	0	TTTAGGG
Pcub-MSU1_001	3930000	0	0	TTTAGGG
Pcub-MSU1_001	3940000	0	0	TTTAGGG
Pcub-MSU1_001	3950000	0	1	TTTAGGG
Pcub-MSU1_001	3960000	0	0	TTTAGGG
Pcub-MSU1_001	3970000	0	0	TTTAGGG
Pcub-MSU1_001	3980000	0	0	TTTAGGG
Pcub-MSU1_001	3990000	0	0	TTTAGGG
Pcub-MSU1_001	4000000	1	0	TTTAGGG
Pcub-MSU1_001	4010000	0	0	TTTAGGG
Pcub-MSU1_001	4020000	0	0	TTTAGGG
Pcub-MSU1_001	4030000	0	0	TTTAGGG
Pcub-MSU1_001	4040000	1	0	TTTAGGG
Pcub-MSU1_001	4050000	0	0	TTTAGGG
Pcub-MSU1_001	4060000	1	0	TTTAGGG
Pcub-MSU1_001	4070000	0	0	TTTAGGG
Pcub-MSU1_001	4080000	0	1	TTTAGGG
Pcub-MSU1_001	4090000	0	1	TTTAGGG
Pcub-MSU1_001	4100000	0	0	TTTAGGG
Pcub-MSU1_001	4110000	0	0	TTTAGGG
Pcub-MSU1_001	4120000	0	0	TTTAGGG
Pcub-MSU1_001	4130000	0	0	TTTAGGG
Pcub-MSU1_001	4140000	0	0	TTTAGGG
Pcub-MSU1_001	4150000	0	0	TTTAGGG
Pcub-MSU1_001	4160000	0	0	TTTAGGG
Pcub-MSU1_001	4170000	0	0	TTTAGGG
Pcub-MSU1_001	4180000	0	0	TTTAGGG
Pcub-MSU1_001	4190000	0	0	TTTAGGG
Pcub-MSU1_001	4200000	0	0	TTTAGGG
Pcub-MSU1_001	4210000	0	0	TTTAGGG
Pcub-MSU1_001	4220000	0	0	TTTAGGG
Pcub-MSU1_001	4230000	0	0	TTTAGGG
Pcub-MSU1_001	4240000	0	0	TTTAGGG
Pcub-MSU1_001	4250000	0	0	TTTAGGG
Pcub-MSU1_001	4260000	0	0	TTTAGGG
Pcub-MSU1_001	4270000	0	0	TTTAGGG
Pcub-MSU1_001	4280000	0	0	TTTAGGG
Pcub-MSU1_001	4290000	0	0	TTTAGGG
Pcub-MSU1_001	4300000	0	0	TTTAGGG
Pcub-MSU1_001	4310000	0	0	TTTAGGG
Pcub-MSU1_001	4320000	0	0	TTTAGGG
Pcub-MSU1_001	4330000	0	0	TTTAGGG
Pcub-MSU1_001	4340000	0	0	TTTAGGG
Pcub-MSU1_001	4350000	0	0	TTTAGGG
Pcub-MSU1_001	4360000	0	0	TTTAGGG
Pcub-MSU1_001	4370000	0	0	TTTAGGG
Pcub-MSU1_001	4380000	0	0	TTTAGGG
Pcub-MSU1_001	4390000	0	0	TTTAGGG
Pcub-MSU1_001	4400000	0	0	TTTAGGG
Pcub-MSU1_001	4410000	0	0	TTTAGGG
Pcub-MSU1_001	4420000	0	0	TTTAGGG
Pcub-MSU1_001	4430000	0	0	TTTAGGG
Pcub-MSU1_001	4440000	0	0	TTTAGGG
Pcub-MSU1_001	4450000	0	0	TTTAGGG
Pcub-MSU1_001	4460000	0	0	TTTAGGG
Pcub-MSU1_001	4470000	0	0	TTTAGGG
Pcub-MSU1_001	4480000	0	0	TTTAGGG
Pcub-MSU1_001	4490000	0	0	TTTAGGG
Pcub-MSU1_001	4500000	0	0	TTTAGGG
Pcub-MSU1_001	4510000	0	0	TTTAGGG
Pcub-MSU1_001	4520000	0	0	TTTAGGG
Pcub-MSU1_001	4530000	0	0	TTTAGGG
Pcub-MSU1_001	4540000	0	0	TTTAGGG
Pcub-MSU1_001	4550000	0	0	TTTAGGG
Pcub-MSU1_001	4560000	0	0	TTTAGGG
Pcub-MSU1_001	4570000	0	0	TTTAGGG
Pcub-MSU1_001	4580000	0	0	TTTAGGG
Pcub-MSU1_001	4590000	0	0	TTTAGGG
Pcub-MSU1_001	4600000	0	1	TTTAGGG
Pcub-MSU1_001	4610000	1	0	TTTAGGG
Pcub-MSU1_001	4620000	0	1	TTTAGGG
Pcub-MSU1_001	4630000	0	0	TTTAGGG
Pcub-MSU1_001	4640000	1	0	TTTAGGG
Pcub-MSU1_001	4650000	0	0	TTTAGGG
Pcub-MSU1_001	4660000	1	0	TTTAGGG
Pcub-MSU1_001	4670000	0	0	TTTAGGG
Pcub-MSU1_001	4680000	0	0	TTTAGGG
Pcub-MSU1_001	4690000	0	0	TTTAGGG
Pcub-MSU1_001	4700000	0	1	TTTAGGG
Pcub-MSU1_001	4710000	0	0	TTTAGGG
Pcub-MSU1_001	4720000	0	0	TTTAGGG
Pcub-MSU1_001	4730000	0	0	TTTAGGG
Pcub-MSU1_001	4740000	0	0	TTTAGGG
Pcub-MSU1_001	4750000	0	0	TTTAGGG
Pcub-MSU1_001	4760000	0	0	TTTAGGG
Pcub-MSU1_001	4770000	0	0	TTTAGGG
Pcub-MSU1_001	4780000	0	0	TTTAGGG
Pcub-MSU1_001	4790000	0	0	TTTAGGG
Pcub-MSU1_001	4800000	0	0	TTTAGGG
Pcub-MSU1_001	4810000	0	0	TTTAGGG
Pcub-MSU1_001	4820000	0	0	TTTAGGG
Pcub-MSU1_001	4830000	0	0	TTTAGGG
Pcub-MSU1_001	4840000	0	0	TTTAGGG
Pcub-MSU1_001	4850000	0	0	TTTAGGG
Pcub-MSU1_001	4860000	0	0	TTTAGGG
Pcub-MSU1_001	4870000	0	0	TTTAGGG
Pcub-MSU1_001	4880000	0	0	TTTAGGG
Pcub-MSU1_001	4890000	0	0	TTTAGGG
Pcub-MSU1_001	4900000	0	0	TTTAGGG
Pcub-MSU1_001	4910000	0	0	TTTAGGG
Pcub-MSU1_001	4920000	0	0	TTTAGGG
Pcub-MSU1_001	4930000	1	0	TTTAGGG
Pcub-MSU1_001	4940000	0	0	TTTAGGG
Pcub-MSU1_001	4950000	0	0	TTTAGGG
Pcub-MSU1_001	4960000	2	0	TTTAGGG
Pcub-MSU1_001	4970000	0	0	TTTAGGG
Pcub-MSU1_001	4980000	0	0	TTTAGGG
Pcub-MSU1_001	4990000	1	0	TTTAGGG
Pcub-MSU1_001	5000000	0	0	TTTAGGG
Pcub-MSU1_001	5010000	0	0	TTTAGGG
Pcub-MSU1_001	5020000	0	0	TTTAGGG
Pcub-MSU1_001	5030000	0	1	TTTAGGG
Pcub-MSU1_001	5040000	0	0	TTTAGGG
Pcub-MSU1_001	5050000	0	0	TTTAGGG
Pcub-MSU1_001	5060000	0	0	TTTAGGG
Pcub-MSU1_001	5070000	0	0	TTTAGGG
Pcub-MSU1_001	5080000	1	1	TTTAGGG
Pcub-MSU1_001	5090000	0	0	TTTAGGG
Pcub-MSU1_001	5100000	1	1	TTTAGGG
Pcub-MSU1_001	5110000	0	1	TTTAGGG
Pcub-MSU1_001	5120000	1	0	TTTAGGG
Pcub-MSU1_001	5130000	0	0	TTTAGGG
Pcub-MSU1_001	5140000	0	1	TTTAGGG
Pcub-MSU1_001	5150000	0	0	TTTAGGG
Pcub-MSU1_001	5160000	0	0	TTTAGGG
Pcub-MSU1_001	5170000	0	1	TTTAGGG
Pcub-MSU1_001	5180000	0	0	TTTAGGG
Pcub-MSU1_001	5190000	0	1	TTTAGGG
Pcub-MSU1_001	5200000	0	0	TTTAGGG
Pcub-MSU1_001	5210000	0	0	TTTAGGG
Pcub-MSU1_001	5220000	0	1	TTTAGGG
Pcub-MSU1_001	5230000	0	1	TTTAGGG
Pcub-MSU1_001	5240000	0	1	TTTAGGG
Pcub-MSU1_001	5250000	0	1	TTTAGGG
Pcub-MSU1_001	5260000	0	0	TTTAGGG
Pcub-MSU1_001	5270000	0	1	TTTAGGG
Pcub-MSU1_001	5280000	0	1	TTTAGGG
Pcub-MSU1_001	5290000	0	0	TTTAGGG
Pcub-MSU1_001	5300000	0	0	TTTAGGG
Pcub-MSU1_001	5310000	0	0	TTTAGGG
Pcub-MSU1_001	5320000	0	0	TTTAGGG
Pcub-MSU1_001	5330000	0	0	TTTAGGG
Pcub-MSU1_001	5340000	0	0	TTTAGGG
Pcub-MSU1_001	5350000	0	0	TTTAGGG
Pcub-MSU1_001	5360000	0	0	TTTAGGG
Pcub-MSU1_001	5370000	0	0	TTTAGGG
Pcub-MSU1_001	5380000	0	0	TTTAGGG
Pcub-MSU1_001	5390000	0	0	TTTAGGG
Pcub-MSU1_001	5400000	0	1	TTTAGGG
Pcub-MSU1_001	5410000	2	0	TTTAGGG
Pcub-MSU1_001	5420000	0	0	TTTAGGG
Pcub-MSU1_001	5430000	0	0	TTTAGGG
Pcub-MSU1_001	5440000	0	0	TTTAGGG
Pcub-MSU1_001	5450000	0	0	TTTAGGG
Pcub-MSU1_001	5460000	1	0	TTTAGGG
Pcub-MSU1_001	5470000	1	0	TTTAGGG
Pcub-MSU1_001	5480000	0	0	TTTAGGG
Pcub-MSU1_001	5490000	0	0	TTTAGGG
Pcub-MSU1_001	5500000	1	0	TTTAGGG
Pcub-MSU1_001	5510000	0	0	TTTAGGG
Pcub-MSU1_001	5520000	1	0	TTTAGGG
Pcub-MSU1_001	5530000	0	0	TTTAGGG
Pcub-MSU1_001	5540000	0	0	TTTAGGG
Pcub-MSU1_001	5550000	0	0	TTTAGGG
Pcub-MSU1_001	5560000	0	0	TTTAGGG
Pcub-MSU1_001	5570000	0	0	TTTAGGG
Pcub-MSU1_001	5580000	0	0	TTTAGGG
Pcub-MSU1_001	5590000	0	0	TTTAGGG
Pcub-MSU1_001	5600000	0	0	TTTAGGG
Pcub-MSU1_001	5610000	0	0	TTTAGGG
Pcub-MSU1_001	5620000	0	0	TTTAGGG
Pcub-MSU1_001	5630000	1	0	TTTAGGG
Pcub-MSU1_001	5640000	0	0	TTTAGGG
Pcub-MSU1_001	5650000	0	0	TTTAGGG
Pcub-MSU1_001	5660000	0	1	TTTAGGG
Pcub-MSU1_001	5670000	0	0	TTTAGGG
Pcub-MSU1_001	5680000	0	0	TTTAGGG
Pcub-MSU1_001	5690000	0	0	TTTAGGG
Pcub-MSU1_001	5700000	0	1	TTTAGGG
Pcub-MSU1_001	5710000	0	0	TTTAGGG
Pcub-MSU1_001	5720000	0	0	TTTAGGG
Pcub-MSU1_001	5730000	0	0	TTTAGGG
Pcub-MSU1_001	5740000	1	0	TTTAGGG
Pcub-MSU1_001	5750000	0	0	TTTAGGG
Pcub-MSU1_001	5760000	0	0	TTTAGGG
Pcub-MSU1_001	5770000	0	0	TTTAGGG
Pcub-MSU1_001	5780000	0	0	TTTAGGG
Pcub-MSU1_001	5790000	0	0	TTTAGGG
Pcub-MSU1_001	5800000	0	1	TTTAGGG
Pcub-MSU1_001	5810000	0	0	TTTAGGG
Pcub-MSU1_001	5820000	0	0	TTTAGGG
Pcub-MSU1_001	5830000	1	0	TTTAGGG
Pcub-MSU1_001	5840000	0	0	TTTAGGG
Pcub-MSU1_001	5850000	0	0	TTTAGGG
Pcub-MSU1_001	5860000	1	0	TTTAGGG
Pcub-MSU1_001	5870000	0	0	TTTAGGG
Pcub-MSU1_001	5880000	0	0	TTTAGGG
Pcub-MSU1_001	5890000	0	0	TTTAGGG
Pcub-MSU1_001	5900000	0	0	TTTAGGG
Pcub-MSU1_001	5910000	0	0	TTTAGGG
Pcub-MSU1_001	5920000	0	0	TTTAGGG
Pcub-MSU1_001	5930000	0	0	TTTAGGG
Pcub-MSU1_001	5940000	0	0	TTTAGGG
Pcub-MSU1_001	5950000	0	0	TTTAGGG
Pcub-MSU1_001	5960000	0	0	TTTAGGG
Pcub-MSU1_001	5970000	0	0	TTTAGGG
Pcub-MSU1_001	5980000	0	0	TTTAGGG
Pcub-MSU1_001	5990000	0	0	TTTAGGG
Pcub-MSU1_001	6000000	0	0	TTTAGGG
Pcub-MSU1_001	6010000	0	0	TTTAGGG
Pcub-MSU1_001	6020000	0	0	TTTAGGG
Pcub-MSU1_001	6030000	0	0	TTTAGGG
Pcub-MSU1_001	6040000	0	0	TTTAGGG
Pcub-MSU1_001	6050000	0	0	TTTAGGG
Pcub-MSU1_001	6060000	0	0	TTTAGGG
Pcub-MSU1_001	6070000	0	0	TTTAGGG
Pcub-MSU1_001	6080000	0	0	TTTAGGG
Pcub-MSU1_001	6090000	0	0	TTTAGGG
Pcub-MSU1_001	6100000	0	0	TTTAGGG
Pcub-MSU1_001	6110000	1	0	TTTAGGG
Pcub-MSU1_001	6120000	0	0	TTTAGGG
Pcub-MSU1_001	6130000	0	0	TTTAGGG
Pcub-MSU1_001	6140000	0	0	TTTAGGG
Pcub-MSU1_001	6150000	0	0	TTTAGGG
Pcub-MSU1_001	6160000	0	0	TTTAGGG
Pcub-MSU1_001	6170000	0	0	TTTAGGG
Pcub-MSU1_001	6180000	0	0	TTTAGGG
Pcub-MSU1_001	6190000	0	0	TTTAGGG
Pcub-MSU1_001	6200000	0	0	TTTAGGG
Pcub-MSU1_001	6210000	1	0	TTTAGGG
Pcub-MSU1_001	6220000	0	0	TTTAGGG
Pcub-MSU1_001	6230000	0	0	TTTAGGG
Pcub-MSU1_001	6240000	0	0	TTTAGGG
Pcub-MSU1_001	6250000	0	0	TTTAGGG
Pcub-MSU1_001	6260000	0	0	TTTAGGG
Pcub-MSU1_001	6270000	0	0	TTTAGGG
Pcub-MSU1_001	6280000	0	0	TTTAGGG
Pcub-MSU1_001	6290000	1	0	TTTAGGG
Pcub-MSU1_001	6300000	1	0	TTTAGGG
Pcub-MSU1_001	6310000	0	0	TTTAGGG
Pcub-MSU1_001	6320000	0	0	TTTAGGG
Pcub-MSU1_001	6330000	0	0	TTTAGGG
Pcub-MSU1_001	6340000	0	0	TTTAGGG
Pcub-MSU1_001	6350000	0	0	TTTAGGG
Pcub-MSU1_001	6360000	0	0	TTTAGGG
Pcub-MSU1_001	6370000	0	0	TTTAGGG
Pcub-MSU1_001	6380000	0	0	TTTAGGG
Pcub-MSU1_001	6390000	0	0	TTTAGGG
Pcub-MSU1_001	6400000	0	0	TTTAGGG
Pcub-MSU1_001	6410000	0	0	TTTAGGG
Pcub-MSU1_001	6420000	0	0	TTTAGGG
Pcub-MSU1_001	6430000	0	0	TTTAGGG
Pcub-MSU1_001	6440000	0	1	TTTAGGG
Pcub-MSU1_001	6450000	1	0	TTTAGGG
Pcub-MSU1_001	6460000	0	0	TTTAGGG
Pcub-MSU1_001	6470000	0	0	TTTAGGG
Pcub-MSU1_001	6480000	0	0	TTTAGGG
Pcub-MSU1_001	6482673	47	0	TTTAGGG
Pcub-MSU1_002	10000	0	48	TTTAGGG
Pcub-MSU1_002	20000	0	0	TTTAGGG
Pcub-MSU1_002	30000	0	0	TTTAGGG
Pcub-MSU1_002	40000	0	0	TTTAGGG
Pcub-MSU1_002	50000	0	0	TTTAGGG
Pcub-MSU1_002	60000	0	0	TTTAGGG
Pcub-MSU1_002	70000	0	0	TTTAGGG
Pcub-MSU1_002	80000	0	0	TTTAGGG
Pcub-MSU1_002	90000	0	0	TTTAGGG
Pcub-MSU1_002	100000	0	0	TTTAGGG
Pcub-MSU1_002	110000	0	0	TTTAGGG
Pcub-MSU1_002	120000	0	0	TTTAGGG
Pcub-MSU1_002	130000	2	0	TTTAGGG
Pcub-MSU1_002	140000	0	0	TTTAGGG
Pcub-MSU1_002	150000	0	0	TTTAGGG
Pcub-MSU1_002	160000	0	0	TTTAGGG
Pcub-MSU1_002	170000	0	0	TTTAGGG
Pcub-MSU1_002	180000	0	0	TTTAGGG
Pcub-MSU1_002	190000	0	0	TTTAGGG
Pcub-MSU1_002	200000	0	0	TTTAGGG
Pcub-MSU1_002	210000	0	0	TTTAGGG
Pcub-MSU1_002	220000	0	0	TTTAGGG
Pcub-MSU1_002	230000	0	0	TTTAGGG
Pcub-MSU1_002	240000	0	0	TTTAGGG
Pcub-MSU1_002	250000	0	0	TTTAGGG
Pcub-MSU1_002	260000	0	0	TTTAGGG
Pcub-MSU1_002	270000	0	0	TTTAGGG
Pcub-MSU1_002	280000	1	1	TTTAGGG
Pcub-MSU1_002	290000	0	1	TTTAGGG
Pcub-MSU1_002	300000	0	1	TTTAGGG
Pcub-MSU1_002	310000	0	0	TTTAGGG
Pcub-MSU1_002	320000	0	0	TTTAGGG
Pcub-MSU1_002	330000	0	0	TTTAGGG
Pcub-MSU1_002	340000	0	0	TTTAGGG
Pcub-MSU1_002	350000	0	0	TTTAGGG
Pcub-MSU1_002	360000	0	0	TTTAGGG
Pcub-MSU1_002	370000	0	0	TTTAGGG
Pcub-MSU1_002	380000	0	0	TTTAGGG
Pcub-MSU1_002	390000	0	0	TTTAGGG
Pcub-MSU1_002	400000	0	0	TTTAGGG
Pcub-MSU1_002	410000	0	0	TTTAGGG
Pcub-MSU1_002	420000	0	0	TTTAGGG
Pcub-MSU1_002	430000	0	0	TTTAGGG
Pcub-MSU1_002	440000	0	0	TTTAGGG
Pcub-MSU1_002	450000	0	0	TTTAGGG
Pcub-MSU1_002	460000	0	0	TTTAGGG
Pcub-MSU1_002	470000	0	0	TTTAGGG
Pcub-MSU1_002	480000	1	0	TTTAGGG
Pcub-MSU1_002	490000	0	0	TTTAGGG
Pcub-MSU1_002	500000	0	0	TTTAGGG
Pcub-MSU1_002	510000	0	0	TTTAGGG
Pcub-MSU1_002	520000	0	0	TTTAGGG
Pcub-MSU1_002	530000	0	0	TTTAGGG
Pcub-MSU1_002	540000	0	0	TTTAGGG
Pcub-MSU1_002	550000	1	0	TTTAGGG
Pcub-MSU1_002	560000	0	1	TTTAGGG
Pcub-MSU1_002	570000	0	0	TTTAGGG
Pcub-MSU1_002	580000	0	0	TTTAGGG
Pcub-MSU1_002	590000	0	0	TTTAGGG
Pcub-MSU1_002	600000	0	0	TTTAGGG
Pcub-MSU1_002	610000	0	0	TTTAGGG
Pcub-MSU1_002	620000	0	0	TTTAGGG
Pcub-MSU1_002	630000	0	0	TTTAGGG
Pcub-MSU1_002	640000	0	0	TTTAGGG
Pcub-MSU1_002	650000	0	0	TTTAGGG
Pcub-MSU1_002	660000	0	0	TTTAGGG
Pcub-MSU1_002	670000	0	0	TTTAGGG
Pcub-MSU1_002	680000	0	0	TTTAGGG
Pcub-MSU1_002	690000	0	0	TTTAGGG
Pcub-MSU1_002	700000	0	0	TTTAGGG
Pcub-MSU1_002	710000	0	0	TTTAGGG
Pcub-MSU1_002	720000	0	0	TTTAGGG
Pcub-MSU1_002	730000	0	0	TTTAGGG
Pcub-MSU1_002	740000	0	0	TTTAGGG
Pcub-MSU1_002	750000	0	0	TTTAGGG
Pcub-MSU1_002	760000	0	0	TTTAGGG
Pcub-MSU1_002	770000	0	0	TTTAGGG
Pcub-MSU1_002	780000	0	0	TTTAGGG
Pcub-MSU1_002	790000	0	0	TTTAGGG
Pcub-MSU1_002	800000	0	0	TTTAGGG
Pcub-MSU1_002	810000	0	0	TTTAGGG
Pcub-MSU1_002	820000	0	0	TTTAGGG
Pcub-MSU1_002	830000	0	0	TTTAGGG
Pcub-MSU1_002	840000	0	0	TTTAGGG
Pcub-MSU1_002	850000	0	0	TTTAGGG
Pcub-MSU1_002	860000	0	0	TTTAGGG
Pcub-MSU1_002	870000	0	0	TTTAGGG
Pcub-MSU1_002	880000	0	0	TTTAGGG
Pcub-MSU1_002	890000	0	0	TTTAGGG
Pcub-MSU1_002	900000	0	0	TTTAGGG
Pcub-MSU1_002	910000	0	0	TTTAGGG
Pcub-MSU1_002	920000	0	0	TTTAGGG
Pcub-MSU1_002	930000	0	0	TTTAGGG
Pcub-MSU1_002	940000	0	0	TTTAGGG
Pcub-MSU1_002	950000	0	0	TTTAGGG
Pcub-MSU1_002	960000	0	0	TTTAGGG
Pcub-MSU1_002	970000	0	0	TTTAGGG
Pcub-MSU1_002	980000	0	0	TTTAGGG
Pcub-MSU1_002	990000	0	0	TTTAGGG
Pcub-MSU1_002	1000000	0	0	TTTAGGG
Pcub-MSU1_002	1010000	0	0	TTTAGGG
Pcub-MSU1_002	1020000	0	0	TTTAGGG
Pcub-MSU1_002	1030000	0	0	TTTAGGG
Pcub-MSU1_002	1040000	0	0	TTTAGGG
Pcub-MSU1_002	1050000	0	0	TTTAGGG
Pcub-MSU1_002	1060000	0	0	TTTAGGG
Pcub-MSU1_002	1070000	0	0	TTTAGGG
Pcub-MSU1_002	1080000	0	0	TTTAGGG
Pcub-MSU1_002	1090000	0	0	TTTAGGG
Pcub-MSU1_002	1100000	0	0	TTTAGGG
Pcub-MSU1_002	1110000	0	0	TTTAGGG
Pcub-MSU1_002	1120000	0	0	TTTAGGG
Pcub-MSU1_002	1130000	0	0	TTTAGGG
Pcub-MSU1_002	1140000	0	0	TTTAGGG
Pcub-MSU1_002	1150000	0	0	TTTAGGG
Pcub-MSU1_002	1160000	0	0	TTTAGGG
Pcub-MSU1_002	1170000	0	0	TTTAGGG
Pcub-MSU1_002	1180000	0	0	TTTAGGG
Pcub-MSU1_002	1190000	0	0	TTTAGGG
Pcub-MSU1_002	1200000	0	0	TTTAGGG
Pcub-MSU1_002	1210000	0	0	TTTAGGG
Pcub-MSU1_002	1220000	0	0	TTTAGGG
Pcub-MSU1_002	1230000	0	0	TTTAGGG
Pcub-MSU1_002	1240000	0	0	TTTAGGG
Pcub-MSU1_002	1250000	0	0	TTTAGGG
Pcub-MSU1_002	1260000	0	0	TTTAGGG
Pcub-MSU1_002	1270000	0	0	TTTAGGG
Pcub-MSU1_002	1280000	0	0	TTTAGGG
Pcub-MSU1_002	1290000	0	0	TTTAGGG
Pcub-MSU1_002	1300000	0	0	TTTAGGG
Pcub-MSU1_002	1310000	0	0	TTTAGGG
Pcub-MSU1_002	1320000	0	0	TTTAGGG
Pcub-MSU1_002	1330000	0	0	TTTAGGG
Pcub-MSU1_002	1340000	0	0	TTTAGGG
Pcub-MSU1_002	1350000	0	0	TTTAGGG
Pcub-MSU1_002	1360000	0	0	TTTAGGG
Pcub-MSU1_002	1370000	0	0	TTTAGGG
Pcub-MSU1_002	1380000	0	0	TTTAGGG
Pcub-MSU1_002	1390000	0	0	TTTAGGG
Pcub-MSU1_002	1400000	0	0	TTTAGGG
Pcub-MSU1_002	1410000	0	0	TTTAGGG
Pcub-MSU1_002	1420000	0	0	TTTAGGG
Pcub-MSU1_002	1430000	0	0	TTTAGGG
Pcub-MSU1_002	1440000	0	0	TTTAGGG
Pcub-MSU1_002	1450000	0	0	TTTAGGG
Pcub-MSU1_002	1460000	0	0	TTTAGGG
Pcub-MSU1_002	1470000	0	0	TTTAGGG
Pcub-MSU1_002	1480000	0	0	TTTAGGG
Pcub-MSU1_002	1490000	0	0	TTTAGGG
Pcub-MSU1_002	1500000	0	0	TTTAGGG
Pcub-MSU1_002	1510000	0	0	TTTAGGG
Pcub-MSU1_002	1520000	0	0	TTTAGGG
Pcub-MSU1_002	1530000	0	0	TTTAGGG
Pcub-MSU1_002	1540000	0	0	TTTAGGG
Pcub-MSU1_002	1550000	0	0	TTTAGGG
Pcub-MSU1_002	1560000	0	0	TTTAGGG
Pcub-MSU1_002	1570000	0	0	TTTAGGG
Pcub-MSU1_002	1580000	0	0	TTTAGGG
Pcub-MSU1_002	1590000	0	0	TTTAGGG
Pcub-MSU1_002	1600000	0	0	TTTAGGG
Pcub-MSU1_002	1610000	0	0	TTTAGGG
Pcub-MSU1_002	1620000	0	0	TTTAGGG
Pcub-MSU1_002	1630000	0	0	TTTAGGG
Pcub-MSU1_002	1640000	0	0	TTTAGGG
Pcub-MSU1_002	1650000	0	0	TTTAGGG
Pcub-MSU1_002	1660000	0	0	TTTAGGG
Pcub-MSU1_002	1670000	0	0	TTTAGGG
Pcub-MSU1_002	1680000	0	0	TTTAGGG
Pcub-MSU1_002	1690000	0	0	TTTAGGG
Pcub-MSU1_002	1700000	0	0	TTTAGGG
Pcub-MSU1_002	1710000	0	0	TTTAGGG
Pcub-MSU1_002	1720000	0	0	TTTAGGG
Pcub-MSU1_002	1730000	0	0	TTTAGGG
Pcub-MSU1_002	1740000	0	0	TTTAGGG
Pcub-MSU1_002	1750000	0	0	TTTAGGG
Pcub-MSU1_002	1760000	0	0	TTTAGGG
Pcub-MSU1_002	1770000	0	0	TTTAGGG
Pcub-MSU1_002	1780000	0	0	TTTAGGG
Pcub-MSU1_002	1790000	0	0	TTTAGGG
Pcub-MSU1_002	1800000	0	0	TTTAGGG
Pcub-MSU1_002	1810000	0	0	TTTAGGG
Pcub-MSU1_002	1820000	0	0	TTTAGGG
Pcub-MSU1_002	1830000	0	0	TTTAGGG
Pcub-MSU1_002	1840000	0	0	TTTAGGG
Pcub-MSU1_002	1850000	0	0	TTTAGGG
Pcub-MSU1_002	1860000	0	0	TTTAGGG
Pcub-MSU1_002	1870000	0	0	TTTAGGG
Pcub-MSU1_002	1880000	0	0	TTTAGGG
Pcub-MSU1_002	1890000	0	0	TTTAGGG
Pcub-MSU1_002	1900000	0	0	TTTAGGG
Pcub-MSU1_002	1910000	0	0	TTTAGGG
Pcub-MSU1_002	1920000	0	0	TTTAGGG
Pcub-MSU1_002	1930000	0	0	TTTAGGG
Pcub-MSU1_002	1940000	0	0	TTTAGGG
Pcub-MSU1_002	1950000	0	0	TTTAGGG
Pcub-MSU1_002	1960000	0	0	TTTAGGG
Pcub-MSU1_002	1970000	0	0	TTTAGGG
Pcub-MSU1_002	1980000	0	0	TTTAGGG
Pcub-MSU1_002	1990000	0	0	TTTAGGG
Pcub-MSU1_002	2000000	0	0	TTTAGGG
Pcub-MSU1_002	2010000	0	0	TTTAGGG
Pcub-MSU1_002	2020000	0	0	TTTAGGG
Pcub-MSU1_002	2030000	0	0	TTTAGGG
Pcub-MSU1_002	2040000	0	0	TTTAGGG
Pcub-MSU1_002	2050000	0	0	TTTAGGG
Pcub-MSU1_002	2060000	0	0	TTTAGGG
Pcub-MSU1_002	2070000	0	0	TTTAGGG
Pcub-MSU1_002	2080000	0	0	TTTAGGG
Pcub-MSU1_002	2090000	0	0	TTTAGGG
Pcub-MSU1_002	2100000	0	0	TTTAGGG
Pcub-MSU1_002	2110000	0	0	TTTAGGG
Pcub-MSU1_002	2120000	0	0	TTTAGGG
Pcub-MSU1_002	2130000	0	0	TTTAGGG
Pcub-MSU1_002	2140000	0	0	TTTAGGG
Pcub-MSU1_002	2150000	0	0	TTTAGGG
Pcub-MSU1_002	2160000	0	0	TTTAGGG
Pcub-MSU1_002	2170000	0	0	TTTAGGG
Pcub-MSU1_002	2180000	0	0	TTTAGGG
Pcub-MSU1_002	2190000	0	1	TTTAGGG
Pcub-MSU1_002	2200000	0	0	TTTAGGG
Pcub-MSU1_002	2210000	0	0	TTTAGGG
Pcub-MSU1_002	2220000	0	0	TTTAGGG
Pcub-MSU1_002	2230000	0	0	TTTAGGG
Pcub-MSU1_002	2240000	0	0	TTTAGGG
Pcub-MSU1_002	2250000	1	0	TTTAGGG
Pcub-MSU1_002	2260000	0	0	TTTAGGG
Pcub-MSU1_002	2270000	0	0	TTTAGGG
Pcub-MSU1_002	2280000	0	0	TTTAGGG
Pcub-MSU1_002	2290000	0	0	TTTAGGG
Pcub-MSU1_002	2300000	0	0	TTTAGGG
Pcub-MSU1_002	2310000	0	0	TTTAGGG
Pcub-MSU1_002	2320000	0	0	TTTAGGG
Pcub-MSU1_002	2330000	0	0	TTTAGGG
Pcub-MSU1_002	2340000	0	0	TTTAGGG
Pcub-MSU1_002	2350000	0	0	TTTAGGG
Pcub-MSU1_002	2360000	0	0	TTTAGGG
Pcub-MSU1_002	2370000	0	0	TTTAGGG
Pcub-MSU1_002	2380000	0	0	TTTAGGG
Pcub-MSU1_002	2390000	0	0	TTTAGGG
Pcub-MSU1_002	2400000	0	0	TTTAGGG
Pcub-MSU1_002	2410000	0	0	TTTAGGG
Pcub-MSU1_002	2420000	0	1	TTTAGGG
Pcub-MSU1_002	2430000	0	0	TTTAGGG
Pcub-MSU1_002	2440000	0	0	TTTAGGG
Pcub-MSU1_002	2450000	0	0	TTTAGGG
Pcub-MSU1_002	2460000	0	0	TTTAGGG
Pcub-MSU1_002	2470000	0	0	TTTAGGG
Pcub-MSU1_002	2480000	0	0	TTTAGGG
Pcub-MSU1_002	2490000	0	0	TTTAGGG
Pcub-MSU1_002	2500000	0	0	TTTAGGG
Pcub-MSU1_002	2510000	0	1	TTTAGGG
Pcub-MSU1_002	2520000	0	0	TTTAGGG
Pcub-MSU1_002	2530000	0	0	TTTAGGG
Pcub-MSU1_002	2540000	0	2	TTTAGGG
Pcub-MSU1_002	2550000	0	1	TTTAGGG
Pcub-MSU1_002	2560000	0	0	TTTAGGG
Pcub-MSU1_002	2570000	1	0	TTTAGGG
Pcub-MSU1_002	2580000	0	0	TTTAGGG
Pcub-MSU1_002	2590000	0	0	TTTAGGG
Pcub-MSU1_002	2600000	0	0	TTTAGGG
Pcub-MSU1_002	2610000	0	0	TTTAGGG
Pcub-MSU1_002	2620000	0	0	TTTAGGG
Pcub-MSU1_002	2630000	0	0	TTTAGGG
Pcub-MSU1_002	2640000	0	0	TTTAGGG
Pcub-MSU1_002	2650000	0	0	TTTAGGG
Pcub-MSU1_002	2660000	0	0	TTTAGGG
Pcub-MSU1_002	2670000	0	0	TTTAGGG
Pcub-MSU1_002	2680000	0	0	TTTAGGG
Pcub-MSU1_002	2690000	0	0	TTTAGGG
Pcub-MSU1_002	2700000	0	0	TTTAGGG
Pcub-MSU1_002	2710000	0	0	TTTAGGG
Pcub-MSU1_002	2720000	2	0	TTTAGGG
Pcub-MSU1_002	2730000	0	0	TTTAGGG
Pcub-MSU1_002	2740000	0	0	TTTAGGG
Pcub-MSU1_002	2750000	0	0	TTTAGGG
Pcub-MSU1_002	2760000	0	0	TTTAGGG
Pcub-MSU1_002	2770000	0	1	TTTAGGG
Pcub-MSU1_002	2780000	1	0	TTTAGGG
Pcub-MSU1_002	2790000	0	0	TTTAGGG
Pcub-MSU1_002	2800000	0	0	TTTAGGG
Pcub-MSU1_002	2810000	0	0	TTTAGGG
Pcub-MSU1_002	2820000	0	0	TTTAGGG
Pcub-MSU1_002	2830000	0	0	TTTAGGG
Pcub-MSU1_002	2840000	0	0	TTTAGGG
Pcub-MSU1_002	2850000	0	0	TTTAGGG
Pcub-MSU1_002	2860000	0	0	TTTAGGG
Pcub-MSU1_002	2870000	0	0	TTTAGGG
Pcub-MSU1_002	2880000	0	0	TTTAGGG
Pcub-MSU1_002	2890000	0	0	TTTAGGG
Pcub-MSU1_002	2900000	0	0	TTTAGGG
Pcub-MSU1_002	2910000	0	0	TTTAGGG
Pcub-MSU1_002	2920000	0	1	TTTAGGG
Pcub-MSU1_002	2930000	0	0	TTTAGGG
Pcub-MSU1_002	2940000	0	0	TTTAGGG
Pcub-MSU1_002	2950000	0	0	TTTAGGG
Pcub-MSU1_002	2960000	0	0	TTTAGGG
Pcub-MSU1_002	2970000	0	0	TTTAGGG
Pcub-MSU1_002	2980000	0	1	TTTAGGG
Pcub-MSU1_002	2990000	0	0	TTTAGGG
Pcub-MSU1_002	3000000	0	1	TTTAGGG
Pcub-MSU1_002	3010000	0	0	TTTAGGG
Pcub-MSU1_002	3020000	0	0	TTTAGGG
Pcub-MSU1_002	3030000	0	0	TTTAGGG
Pcub-MSU1_002	3040000	0	0	TTTAGGG
Pcub-MSU1_002	3050000	0	0	TTTAGGG
Pcub-MSU1_002	3060000	0	0	TTTAGGG
Pcub-MSU1_002	3070000	0	0	TTTAGGG
Pcub-MSU1_002	3080000	0	0	TTTAGGG
Pcub-MSU1_002	3090000	0	0	TTTAGGG
Pcub-MSU1_002	3100000	0	0	TTTAGGG
Pcub-MSU1_002	3110000	0	0	TTTAGGG
Pcub-MSU1_002	3120000	0	0	TTTAGGG
Pcub-MSU1_002	3130000	0	0	TTTAGGG
Pcub-MSU1_002	3140000	0	0	TTTAGGG
Pcub-MSU1_002	3150000	0	0	TTTAGGG
Pcub-MSU1_002	3160000	0	0	TTTAGGG
Pcub-MSU1_002	3170000	0	0	TTTAGGG
Pcub-MSU1_002	3180000	0	0	TTTAGGG
Pcub-MSU1_002	3190000	0	0	TTTAGGG
Pcub-MSU1_002	3200000	0	0	TTTAGGG
Pcub-MSU1_002	3210000	0	0	TTTAGGG
Pcub-MSU1_002	3220000	0	0	TTTAGGG
Pcub-MSU1_002	3230000	0	0	TTTAGGG
Pcub-MSU1_002	3240000	0	0	TTTAGGG
Pcub-MSU1_002	3250000	0	0	TTTAGGG
Pcub-MSU1_002	3260000	0	0	TTTAGGG
Pcub-MSU1_002	3270000	0	0	TTTAGGG
Pcub-MSU1_002	3280000	0	0	TTTAGGG
Pcub-MSU1_002	3290000	0	0	TTTAGGG
Pcub-MSU1_002	3300000	0	0	TTTAGGG
Pcub-MSU1_002	3310000	0	0	TTTAGGG
Pcub-MSU1_002	3320000	0	0	TTTAGGG
Pcub-MSU1_002	3330000	0	0	TTTAGGG
Pcub-MSU1_002	3340000	1	0	TTTAGGG
Pcub-MSU1_002	3350000	0	0	TTTAGGG
Pcub-MSU1_002	3360000	0	0	TTTAGGG
Pcub-MSU1_002	3370000	0	0	TTTAGGG
Pcub-MSU1_002	3380000	0	0	TTTAGGG
Pcub-MSU1_002	3390000	1	0	TTTAGGG
Pcub-MSU1_002	3400000	0	0	TTTAGGG
Pcub-MSU1_002	3410000	0	0	TTTAGGG
Pcub-MSU1_002	3420000	0	0	TTTAGGG
Pcub-MSU1_002	3430000	0	0	TTTAGGG
Pcub-MSU1_002	3440000	0	0	TTTAGGG
Pcub-MSU1_002	3450000	0	0	TTTAGGG
Pcub-MSU1_002	3460000	0	0	TTTAGGG
Pcub-MSU1_002	3470000	0	0	TTTAGGG
Pcub-MSU1_002	3480000	0	0	TTTAGGG
Pcub-MSU1_002	3490000	0	0	TTTAGGG
Pcub-MSU1_002	3500000	0	0	TTTAGGG
Pcub-MSU1_002	3510000	0	0	TTTAGGG
Pcub-MSU1_002	3520000	0	0	TTTAGGG
Pcub-MSU1_002	3530000	0	0	TTTAGGG
Pcub-MSU1_002	3540000	0	0	TTTAGGG
Pcub-MSU1_002	3550000	0	0	TTTAGGG
Pcub-MSU1_002	3560000	0	0	TTTAGGG
Pcub-MSU1_002	3570000	0	0	TTTAGGG
Pcub-MSU1_002	3580000	0	0	TTTAGGG
Pcub-MSU1_002	3590000	0	0	TTTAGGG
Pcub-MSU1_002	3600000	0	0	TTTAGGG
Pcub-MSU1_002	3610000	0	0	TTTAGGG
Pcub-MSU1_002	3620000	0	0	TTTAGGG
Pcub-MSU1_002	3630000	0	0	TTTAGGG
Pcub-MSU1_002	3640000	0	0	TTTAGGG
Pcub-MSU1_002	3650000	0	0	TTTAGGG
Pcub-MSU1_002	3660000	0	0	TTTAGGG
Pcub-MSU1_002	3670000	0	0	TTTAGGG
Pcub-MSU1_002	3680000	0	0	TTTAGGG
Pcub-MSU1_002	3690000	0	0	TTTAGGG
Pcub-MSU1_002	3700000	0	0	TTTAGGG
Pcub-MSU1_002	3710000	0	0	TTTAGGG
Pcub-MSU1_002	3720000	0	0	TTTAGGG
Pcub-MSU1_002	3730000	0	0	TTTAGGG
Pcub-MSU1_002	3740000	0	0	TTTAGGG
Pcub-MSU1_002	3750000	0	0	TTTAGGG
Pcub-MSU1_002	3760000	0	0	TTTAGGG
Pcub-MSU1_002	3770000	0	0	TTTAGGG
Pcub-MSU1_002	3780000	0	0	TTTAGGG
Pcub-MSU1_002	3790000	0	0	TTTAGGG
Pcub-MSU1_002	3800000	0	1	TTTAGGG
Pcub-MSU1_002	3810000	0	0	TTTAGGG
Pcub-MSU1_002	3820000	0	0	TTTAGGG
Pcub-MSU1_002	3830000	0	0	TTTAGGG
Pcub-MSU1_002	3840000	0	1	TTTAGGG
Pcub-MSU1_002	3850000	0	0	TTTAGGG
Pcub-MSU1_002	3860000	0	0	TTTAGGG
Pcub-MSU1_002	3870000	1	0	TTTAGGG
Pcub-MSU1_002	3880000	0	0	TTTAGGG
Pcub-MSU1_002	3890000	0	0	TTTAGGG
Pcub-MSU1_002	3900000	0	0	TTTAGGG
Pcub-MSU1_002	3910000	0	0	TTTAGGG
Pcub-MSU1_002	3920000	0	0	TTTAGGG
Pcub-MSU1_002	3930000	0	0	TTTAGGG
Pcub-MSU1_002	3940000	0	0	TTTAGGG
Pcub-MSU1_002	3950000	1	0	TTTAGGG
Pcub-MSU1_002	3960000	0	0	TTTAGGG
Pcub-MSU1_002	3970000	0	0	TTTAGGG
Pcub-MSU1_002	3980000	0	0	TTTAGGG
Pcub-MSU1_002	3990000	0	0	TTTAGGG
Pcub-MSU1_002	4000000	0	0	TTTAGGG
Pcub-MSU1_002	4010000	0	0	TTTAGGG
Pcub-MSU1_002	4020000	0	0	TTTAGGG
Pcub-MSU1_002	4030000	0	0	TTTAGGG
Pcub-MSU1_002	4040000	0	0	TTTAGGG
Pcub-MSU1_002	4050000	0	0	TTTAGGG
Pcub-MSU1_002	4060000	0	0	TTTAGGG
Pcub-MSU1_002	4070000	0	0	TTTAGGG
Pcub-MSU1_002	4080000	0	0	TTTAGGG
Pcub-MSU1_002	4090000	0	0	TTTAGGG
Pcub-MSU1_002	4100000	0	0	TTTAGGG
Pcub-MSU1_002	4110000	0	0	TTTAGGG
Pcub-MSU1_002	4120000	0	0	TTTAGGG
Pcub-MSU1_002	4130000	0	0	TTTAGGG
Pcub-MSU1_002	4140000	0	0	TTTAGGG
Pcub-MSU1_002	4150000	0	0	TTTAGGG
Pcub-MSU1_002	4160000	0	0	TTTAGGG
Pcub-MSU1_002	4170000	0	0	TTTAGGG
Pcub-MSU1_002	4180000	0	0	TTTAGGG
Pcub-MSU1_002	4190000	0	0	TTTAGGG
Pcub-MSU1_002	4200000	0	0	TTTAGGG
Pcub-MSU1_002	4210000	0	0	TTTAGGG
Pcub-MSU1_002	4220000	0	0	TTTAGGG
Pcub-MSU1_002	4230000	0	0	TTTAGGG
Pcub-MSU1_002	4240000	0	0	TTTAGGG
Pcub-MSU1_002	4250000	0	0	TTTAGGG
Pcub-MSU1_002	4260000	0	0	TTTAGGG
Pcub-MSU1_002	4270000	0	0	TTTAGGG
Pcub-MSU1_002	4280000	0	0	TTTAGGG
Pcub-MSU1_002	4290000	0	0	TTTAGGG
Pcub-MSU1_002	4300000	0	0	TTTAGGG
Pcub-MSU1_002	4310000	0	0	TTTAGGG
Pcub-MSU1_002	4320000	0	0	TTTAGGG
Pcub-MSU1_002	4330000	0	0	TTTAGGG
Pcub-MSU1_002	4340000	0	0	TTTAGGG
Pcub-MSU1_002	4350000	0	2	TTTAGGG
Pcub-MSU1_002	4360000	2	2	TTTAGGG
Pcub-MSU1_002	4370000	1	1	TTTAGGG
Pcub-MSU1_002	4380000	0	0	TTTAGGG
Pcub-MSU1_002	4390000	0	0	TTTAGGG
Pcub-MSU1_002	4400000	0	0	TTTAGGG
Pcub-MSU1_002	4410000	0	0	TTTAGGG
Pcub-MSU1_002	4420000	0	0	TTTAGGG
Pcub-MSU1_002	4430000	0	0	TTTAGGG
Pcub-MSU1_002	4440000	0	0	TTTAGGG
Pcub-MSU1_002	4450000	0	0	TTTAGGG
Pcub-MSU1_002	4460000	0	0	TTTAGGG
Pcub-MSU1_002	4470000	0	0	TTTAGGG
Pcub-MSU1_002	4480000	0	0	TTTAGGG
Pcub-MSU1_002	4490000	0	0	TTTAGGG
Pcub-MSU1_002	4500000	0	0	TTTAGGG
Pcub-MSU1_002	4510000	0	0	TTTAGGG
Pcub-MSU1_002	4520000	0	0	TTTAGGG
Pcub-MSU1_002	4530000	0	0	TTTAGGG
Pcub-MSU1_002	4540000	0	0	TTTAGGG
Pcub-MSU1_002	4550000	0	0	TTTAGGG
Pcub-MSU1_002	4560000	0	0	TTTAGGG
Pcub-MSU1_002	4570000	0	0	TTTAGGG
Pcub-MSU1_002	4580000	0	1	TTTAGGG
Pcub-MSU1_002	4590000	0	0	TTTAGGG
Pcub-MSU1_002	4600000	1	0	TTTAGGG
Pcub-MSU1_002	4610000	0	0	TTTAGGG
Pcub-MSU1_002	4620000	0	0	TTTAGGG
Pcub-MSU1_002	4630000	0	0	TTTAGGG
Pcub-MSU1_002	4640000	0	1	TTTAGGG
Pcub-MSU1_002	4650000	0	0	TTTAGGG
Pcub-MSU1_002	4660000	0	0	TTTAGGG
Pcub-MSU1_002	4670000	0	0	TTTAGGG
Pcub-MSU1_002	4680000	0	0	TTTAGGG
Pcub-MSU1_002	4690000	0	0	TTTAGGG
Pcub-MSU1_002	4700000	0	0	TTTAGGG
Pcub-MSU1_002	4710000	0	0	TTTAGGG
Pcub-MSU1_002	4720000	0	0	TTTAGGG
Pcub-MSU1_002	4730000	0	0	TTTAGGG
Pcub-MSU1_002	4740000	0	0	TTTAGGG
Pcub-MSU1_002	4750000	0	0	TTTAGGG
Pcub-MSU1_002	4760000	0	0	TTTAGGG
Pcub-MSU1_002	4770000	0	1	TTTAGGG
Pcub-MSU1_002	4780000	0	0	TTTAGGG
Pcub-MSU1_002	4790000	0	0	TTTAGGG
Pcub-MSU1_002	4800000	0	0	TTTAGGG
Pcub-MSU1_002	4810000	0	0	TTTAGGG
Pcub-MSU1_002	4820000	0	0	TTTAGGG
Pcub-MSU1_002	4830000	0	0	TTTAGGG
Pcub-MSU1_002	4840000	0	0	TTTAGGG
Pcub-MSU1_002	4850000	0	0	TTTAGGG
Pcub-MSU1_002	4860000	0	0	TTTAGGG
Pcub-MSU1_002	4870000	0	0	TTTAGGG
Pcub-MSU1_002	4880000	0	0	TTTAGGG
Pcub-MSU1_002	4890000	0	0	TTTAGGG
Pcub-MSU1_002	4900000	0	0	TTTAGGG
Pcub-MSU1_002	4910000	0	0	TTTAGGG
Pcub-MSU1_002	4920000	0	0	TTTAGGG
Pcub-MSU1_002	4930000	0	0	TTTAGGG
Pcub-MSU1_002	4940000	0	0	TTTAGGG
Pcub-MSU1_002	4950000	0	0	TTTAGGG
Pcub-MSU1_002	4960000	0	0	TTTAGGG
Pcub-MSU1_002	4970000	0	0	TTTAGGG
Pcub-MSU1_002	4980000	0	0	TTTAGGG
Pcub-MSU1_002	4990000	0	0	TTTAGGG
Pcub-MSU1_002	5000000	0	0	TTTAGGG
Pcub-MSU1_002	5010000	0	0	TTTAGGG
Pcub-MSU1_002	5020000	0	0	TTTAGGG
Pcub-MSU1_002	5030000	0	0	TTTAGGG
Pcub-MSU1_002	5040000	0	0	TTTAGGG
Pcub-MSU1_002	5050000	1	1	TTTAGGG
Pcub-MSU1_002	5060000	1	0	TTTAGGG
Pcub-MSU1_002	5070000	0	1	TTTAGGG
Pcub-MSU1_002	5080000	0	0	TTTAGGG
Pcub-MSU1_002	5090000	0	0	TTTAGGG
Pcub-MSU1_002	5100000	0	0	TTTAGGG
Pcub-MSU1_002	5110000	0	0	TTTAGGG
Pcub-MSU1_002	5120000	0	0	TTTAGGG
Pcub-MSU1_002	5130000	0	0	TTTAGGG
Pcub-MSU1_002	5140000	0	0	TTTAGGG
Pcub-MSU1_002	5150000	0	0	TTTAGGG
Pcub-MSU1_002	5160000	0	0	TTTAGGG
Pcub-MSU1_002	5170000	0	0	TTTAGGG
Pcub-MSU1_002	5180000	0	0	TTTAGGG
Pcub-MSU1_002	5190000	0	0	TTTAGGG
Pcub-MSU1_002	5200000	0	0	TTTAGGG
Pcub-MSU1_002	5210000	0	0	TTTAGGG
Pcub-MSU1_002	5220000	0	0	TTTAGGG
Pcub-MSU1_002	5230000	0	0	TTTAGGG
Pcub-MSU1_002	5240000	0	0	TTTAGGG
Pcub-MSU1_002	5250000	0	0	TTTAGGG
Pcub-MSU1_002	5260000	0	0	TTTAGGG
Pcub-MSU1_002	5270000	0	0	TTTAGGG
Pcub-MSU1_002	5280000	0	0	TTTAGGG
Pcub-MSU1_002	5290000	1	0	TTTAGGG
Pcub-MSU1_002	5300000	0	0	TTTAGGG
Pcub-MSU1_002	5310000	0	0	TTTAGGG
Pcub-MSU1_002	5320000	0	0	TTTAGGG
Pcub-MSU1_002	5330000	1	1	TTTAGGG
Pcub-MSU1_002	5340000	0	0	TTTAGGG
Pcub-MSU1_002	5350000	1	0	TTTAGGG
Pcub-MSU1_002	5360000	0	0	TTTAGGG
Pcub-MSU1_002	5370000	0	0	TTTAGGG
Pcub-MSU1_002	5380000	0	0	TTTAGGG
Pcub-MSU1_002	5390000	0	0	TTTAGGG
Pcub-MSU1_002	5400000	0	0	TTTAGGG
Pcub-MSU1_002	5410000	0	0	TTTAGGG
Pcub-MSU1_002	5420000	0	0	TTTAGGG
Pcub-MSU1_002	5430000	0	0	TTTAGGG
Pcub-MSU1_002	5440000	0	0	TTTAGGG
Pcub-MSU1_002	5450000	0	1	TTTAGGG
Pcub-MSU1_002	5460000	0	0	TTTAGGG
Pcub-MSU1_002	5470000	1	0	TTTAGGG
Pcub-MSU1_002	5480000	0	0	TTTAGGG
Pcub-MSU1_002	5490000	1	0	TTTAGGG
Pcub-MSU1_002	5500000	0	0	TTTAGGG
Pcub-MSU1_002	5510000	0	1	TTTAGGG
Pcub-MSU1_002	5520000	0	0	TTTAGGG
Pcub-MSU1_002	5530000	0	0	TTTAGGG
Pcub-MSU1_002	5540000	1	0	TTTAGGG
Pcub-MSU1_002	5550000	0	0	TTTAGGG
Pcub-MSU1_002	5560000	1	0	TTTAGGG
Pcub-MSU1_002	5570000	0	0	TTTAGGG
Pcub-MSU1_002	5580000	0	0	TTTAGGG
Pcub-MSU1_002	5590000	0	0	TTTAGGG
Pcub-MSU1_002	5600000	0	0	TTTAGGG
Pcub-MSU1_002	5610000	0	0	TTTAGGG
Pcub-MSU1_002	5620000	0	0	TTTAGGG
Pcub-MSU1_002	5630000	1	0	TTTAGGG
Pcub-MSU1_002	5640000	0	0	TTTAGGG
Pcub-MSU1_002	5650000	0	0	TTTAGGG
Pcub-MSU1_002	5660000	0	0	TTTAGGG
Pcub-MSU1_002	5670000	1	0	TTTAGGG
Pcub-MSU1_002	5680000	1	0	TTTAGGG
Pcub-MSU1_002	5690000	0	0	TTTAGGG
Pcub-MSU1_002	5700000	1	0	TTTAGGG
Pcub-MSU1_002	5710000	0	0	TTTAGGG
Pcub-MSU1_002	5720000	1	0	TTTAGGG
Pcub-MSU1_002	5730000	1	0	TTTAGGG
Pcub-MSU1_002	5740000	0	0	TTTAGGG
Pcub-MSU1_002	5750000	1	0	TTTAGGG
Pcub-MSU1_002	5760000	1	0	TTTAGGG
Pcub-MSU1_002	5770000	0	0	TTTAGGG
Pcub-MSU1_002	5780000	1	0	TTTAGGG
Pcub-MSU1_002	5790000	1	0	TTTAGGG
Pcub-MSU1_002	5800000	0	0	TTTAGGG
Pcub-MSU1_002	5810000	1	0	TTTAGGG
Pcub-MSU1_002	5820000	0	0	TTTAGGG
Pcub-MSU1_002	5830000	1	0	TTTAGGG
Pcub-MSU1_002	5840000	0	0	TTTAGGG
Pcub-MSU1_002	5850000	1	0	TTTAGGG
Pcub-MSU1_002	5860000	1	0	TTTAGGG
Pcub-MSU1_002	5870000	1	1	TTTAGGG
Pcub-MSU1_002	5880000	0	0	TTTAGGG
Pcub-MSU1_002	5890000	0	0	TTTAGGG
Pcub-MSU1_002	5900000	0	0	TTTAGGG
Pcub-MSU1_002	5910000	0	0	TTTAGGG
Pcub-MSU1_002	5920000	1	0	TTTAGGG
Pcub-MSU1_002	5930000	0	0	TTTAGGG
Pcub-MSU1_002	5940000	0	0	TTTAGGG
Pcub-MSU1_002	5950000	0	0	TTTAGGG
Pcub-MSU1_002	5960000	0	0	TTTAGGG
Pcub-MSU1_002	5970000	0	0	TTTAGGG
Pcub-MSU1_002	5980000	0	0	TTTAGGG
Pcub-MSU1_002	5990000	0	0	TTTAGGG
Pcub-MSU1_002	6000000	0	0	TTTAGGG
Pcub-MSU1_002	6010000	0	0	TTTAGGG
Pcub-MSU1_002	6020000	0	0	TTTAGGG
Pcub-MSU1_002	6030000	0	0	TTTAGGG
Pcub-MSU1_002	6040000	0	0	TTTAGGG
Pcub-MSU1_002	6050000	0	0	TTTAGGG
Pcub-MSU1_002	6060000	0	1	TTTAGGG
Pcub-MSU1_002	6070000	0	0	TTTAGGG
Pcub-MSU1_002	6080000	0	0	TTTAGGG
Pcub-MSU1_002	6090000	0	0	TTTAGGG
Pcub-MSU1_002	6100000	0	0	TTTAGGG
Pcub-MSU1_002	6110000	0	0	TTTAGGG
Pcub-MSU1_002	6120000	0	0	TTTAGGG
Pcub-MSU1_002	6130000	0	0	TTTAGGG
Pcub-MSU1_002	6140000	0	0	TTTAGGG
Pcub-MSU1_002	6150000	0	0	TTTAGGG
Pcub-MSU1_002	6160000	0	0	TTTAGGG
Pcub-MSU1_002	6170000	0	0	TTTAGGG
Pcub-MSU1_002	6180000	0	0	TTTAGGG
Pcub-MSU1_002	6190000	0	0	TTTAGGG
Pcub-MSU1_002	6200000	0	0	TTTAGGG
Pcub-MSU1_002	6210000	0	0	TTTAGGG
Pcub-MSU1_002	6220000	0	0	TTTAGGG
Pcub-MSU1_002	6230000	0	0	TTTAGGG
Pcub-MSU1_002	6240000	0	0	TTTAGGG
Pcub-MSU1_002	6250000	0	0	TTTAGGG
Pcub-MSU1_002	6260000	0	0	TTTAGGG
Pcub-MSU1_002	6270000	0	0	TTTAGGG
Pcub-MSU1_002	6280000	0	0	TTTAGGG
Pcub-MSU1_002	6290000	0	0	TTTAGGG
Pcub-MSU1_002	6300000	0	0	TTTAGGG
Pcub-MSU1_002	6310000	0	0	TTTAGGG
Pcub-MSU1_002	6320000	0	0	TTTAGGG
Pcub-MSU1_002	6330000	0	0	TTTAGGG
Pcub-MSU1_002	6340000	0	0	TTTAGGG
Pcub-MSU1_002	6345153	52	0	TTTAGGG
Pcub-MSU1_003	10000	0	32	TTTAGGG
Pcub-MSU1_003	20000	0	1	TTTAGGG
Pcub-MSU1_003	30000	0	0	TTTAGGG
Pcub-MSU1_003	40000	1	0	TTTAGGG
Pcub-MSU1_003	50000	0	0	TTTAGGG
Pcub-MSU1_003	60000	0	0	TTTAGGG
Pcub-MSU1_003	70000	0	0	TTTAGGG
Pcub-MSU1_003	80000	0	0	TTTAGGG
Pcub-MSU1_003	90000	0	0	TTTAGGG
Pcub-MSU1_003	100000	0	0	TTTAGGG
Pcub-MSU1_003	110000	0	0	TTTAGGG
Pcub-MSU1_003	120000	0	0	TTTAGGG
Pcub-MSU1_003	130000	0	0	TTTAGGG
Pcub-MSU1_003	140000	0	0	TTTAGGG
Pcub-MSU1_003	150000	0	0	TTTAGGG
Pcub-MSU1_003	160000	0	0	TTTAGGG
Pcub-MSU1_003	170000	0	0	TTTAGGG
Pcub-MSU1_003	180000	2	0	TTTAGGG
Pcub-MSU1_003	190000	0	1	TTTAGGG
Pcub-MSU1_003	200000	0	0	TTTAGGG
Pcub-MSU1_003	210000	1	0	TTTAGGG
Pcub-MSU1_003	220000	0	0	TTTAGGG
Pcub-MSU1_003	230000	0	0	TTTAGGG
Pcub-MSU1_003	240000	0	0	TTTAGGG
Pcub-MSU1_003	250000	0	0	TTTAGGG
Pcub-MSU1_003	260000	0	0	TTTAGGG
Pcub-MSU1_003	270000	0	0	TTTAGGG
Pcub-MSU1_003	280000	0	0	TTTAGGG
Pcub-MSU1_003	290000	0	0	TTTAGGG
Pcub-MSU1_003	300000	0	0	TTTAGGG
Pcub-MSU1_003	310000	0	0	TTTAGGG
Pcub-MSU1_003	320000	0	0	TTTAGGG
Pcub-MSU1_003	330000	0	0	TTTAGGG
Pcub-MSU1_003	340000	0	0	TTTAGGG
Pcub-MSU1_003	350000	0	0	TTTAGGG
Pcub-MSU1_003	360000	0	0	TTTAGGG
Pcub-MSU1_003	370000	0	0	TTTAGGG
Pcub-MSU1_003	380000	0	0	TTTAGGG
Pcub-MSU1_003	390000	0	0	TTTAGGG
Pcub-MSU1_003	400000	0	0	TTTAGGG
Pcub-MSU1_003	410000	0	0	TTTAGGG
Pcub-MSU1_003	420000	0	0	TTTAGGG
Pcub-MSU1_003	430000	0	0	TTTAGGG
Pcub-MSU1_003	440000	0	0	TTTAGGG
Pcub-MSU1_003	450000	0	0	TTTAGGG
Pcub-MSU1_003	460000	0	0	TTTAGGG
Pcub-MSU1_003	470000	0	0	TTTAGGG
Pcub-MSU1_003	480000	0	0	TTTAGGG
Pcub-MSU1_003	490000	0	0	TTTAGGG
Pcub-MSU1_003	500000	0	0	TTTAGGG
Pcub-MSU1_003	510000	0	0	TTTAGGG
Pcub-MSU1_003	520000	0	0	TTTAGGG
Pcub-MSU1_003	530000	0	0	TTTAGGG
Pcub-MSU1_003	540000	0	0	TTTAGGG
Pcub-MSU1_003	550000	0	0	TTTAGGG
Pcub-MSU1_003	560000	0	0	TTTAGGG
Pcub-MSU1_003	570000	0	0	TTTAGGG
Pcub-MSU1_003	580000	0	0	TTTAGGG
Pcub-MSU1_003	590000	1	0	TTTAGGG
Pcub-MSU1_003	600000	0	0	TTTAGGG
Pcub-MSU1_003	610000	0	0	TTTAGGG
Pcub-MSU1_003	620000	0	0	TTTAGGG
Pcub-MSU1_003	630000	0	0	TTTAGGG
Pcub-MSU1_003	640000	0	0	TTTAGGG
Pcub-MSU1_003	650000	0	0	TTTAGGG
Pcub-MSU1_003	660000	0	0	TTTAGGG
Pcub-MSU1_003	670000	0	0	TTTAGGG
Pcub-MSU1_003	680000	0	0	TTTAGGG
Pcub-MSU1_003	690000	0	0	TTTAGGG
Pcub-MSU1_003	700000	0	0	TTTAGGG
Pcub-MSU1_003	710000	0	0	TTTAGGG
Pcub-MSU1_003	720000	0	0	TTTAGGG
Pcub-MSU1_003	730000	0	0	TTTAGGG
Pcub-MSU1_003	740000	0	0	TTTAGGG
Pcub-MSU1_003	750000	0	0	TTTAGGG
Pcub-MSU1_003	760000	0	0	TTTAGGG
Pcub-MSU1_003	770000	0	0	TTTAGGG
Pcub-MSU1_003	780000	0	0	TTTAGGG
Pcub-MSU1_003	790000	0	0	TTTAGGG
Pcub-MSU1_003	800000	0	0	TTTAGGG
Pcub-MSU1_003	810000	0	0	TTTAGGG
Pcub-MSU1_003	820000	0	0	TTTAGGG
Pcub-MSU1_003	830000	0	0	TTTAGGG
Pcub-MSU1_003	840000	0	0	TTTAGGG
Pcub-MSU1_003	850000	0	0	TTTAGGG
Pcub-MSU1_003	860000	0	0	TTTAGGG
Pcub-MSU1_003	870000	0	0	TTTAGGG
Pcub-MSU1_003	880000	0	0	TTTAGGG
Pcub-MSU1_003	890000	0	0	TTTAGGG
Pcub-MSU1_003	900000	0	0	TTTAGGG
Pcub-MSU1_003	910000	0	0	TTTAGGG
Pcub-MSU1_003	920000	0	0	TTTAGGG
Pcub-MSU1_003	930000	0	0	TTTAGGG
Pcub-MSU1_003	940000	0	0	TTTAGGG
Pcub-MSU1_003	950000	0	0	TTTAGGG
Pcub-MSU1_003	960000	0	0	TTTAGGG
Pcub-MSU1_003	970000	0	0	TTTAGGG
Pcub-MSU1_003	980000	0	0	TTTAGGG
Pcub-MSU1_003	990000	0	0	TTTAGGG
Pcub-MSU1_003	1000000	0	0	TTTAGGG
Pcub-MSU1_003	1010000	0	0	TTTAGGG
Pcub-MSU1_003	1020000	0	0	TTTAGGG
Pcub-MSU1_003	1030000	0	0	TTTAGGG
Pcub-MSU1_003	1040000	0	0	TTTAGGG
Pcub-MSU1_003	1050000	0	0	TTTAGGG
Pcub-MSU1_003	1060000	0	0	TTTAGGG
Pcub-MSU1_003	1070000	0	0	TTTAGGG
Pcub-MSU1_003	1080000	0	0	TTTAGGG
Pcub-MSU1_003	1090000	0	0	TTTAGGG
Pcub-MSU1_003	1100000	0	0	TTTAGGG
Pcub-MSU1_003	1110000	0	0	TTTAGGG
Pcub-MSU1_003	1120000	0	0	TTTAGGG
Pcub-MSU1_003	1130000	0	1	TTTAGGG
Pcub-MSU1_003	1140000	0	0	TTTAGGG
Pcub-MSU1_003	1150000	0	0	TTTAGGG
Pcub-MSU1_003	1160000	1	1	TTTAGGG
Pcub-MSU1_003	1170000	0	0	TTTAGGG
Pcub-MSU1_003	1180000	0	0	TTTAGGG
Pcub-MSU1_003	1190000	0	0	TTTAGGG
Pcub-MSU1_003	1200000	0	0	TTTAGGG
Pcub-MSU1_003	1210000	0	0	TTTAGGG
Pcub-MSU1_003	1220000	0	0	TTTAGGG
Pcub-MSU1_003	1230000	0	0	TTTAGGG
Pcub-MSU1_003	1240000	0	0	TTTAGGG
Pcub-MSU1_003	1250000	1	0	TTTAGGG
Pcub-MSU1_003	1260000	0	1	TTTAGGG
Pcub-MSU1_003	1270000	0	0	TTTAGGG
Pcub-MSU1_003	1280000	0	1	TTTAGGG
Pcub-MSU1_003	1290000	0	0	TTTAGGG
Pcub-MSU1_003	1300000	0	0	TTTAGGG
Pcub-MSU1_003	1310000	0	0	TTTAGGG
Pcub-MSU1_003	1320000	0	0	TTTAGGG
Pcub-MSU1_003	1330000	0	0	TTTAGGG
Pcub-MSU1_003	1340000	0	0	TTTAGGG
Pcub-MSU1_003	1350000	0	0	TTTAGGG
Pcub-MSU1_003	1360000	0	0	TTTAGGG
Pcub-MSU1_003	1370000	0	0	TTTAGGG
Pcub-MSU1_003	1380000	0	0	TTTAGGG
Pcub-MSU1_003	1390000	0	0	TTTAGGG
Pcub-MSU1_003	1400000	0	0	TTTAGGG
Pcub-MSU1_003	1410000	0	0	TTTAGGG
Pcub-MSU1_003	1420000	0	0	TTTAGGG
Pcub-MSU1_003	1430000	0	0	TTTAGGG
Pcub-MSU1_003	1440000	0	0	TTTAGGG
Pcub-MSU1_003	1450000	0	0	TTTAGGG
Pcub-MSU1_003	1460000	0	0	TTTAGGG
Pcub-MSU1_003	1470000	0	0	TTTAGGG
Pcub-MSU1_003	1480000	0	0	TTTAGGG
Pcub-MSU1_003	1490000	0	0	TTTAGGG
Pcub-MSU1_003	1500000	0	0	TTTAGGG
Pcub-MSU1_003	1510000	0	0	TTTAGGG
Pcub-MSU1_003	1520000	0	0	TTTAGGG
Pcub-MSU1_003	1530000	0	0	TTTAGGG
Pcub-MSU1_003	1540000	0	0	TTTAGGG
Pcub-MSU1_003	1550000	0	1	TTTAGGG
Pcub-MSU1_003	1560000	0	0	TTTAGGG
Pcub-MSU1_003	1570000	0	1	TTTAGGG
Pcub-MSU1_003	1580000	0	0	TTTAGGG
Pcub-MSU1_003	1590000	0	0	TTTAGGG
Pcub-MSU1_003	1600000	0	0	TTTAGGG
Pcub-MSU1_003	1610000	0	0	TTTAGGG
Pcub-MSU1_003	1620000	0	0	TTTAGGG
Pcub-MSU1_003	1630000	0	0	TTTAGGG
Pcub-MSU1_003	1640000	0	0	TTTAGGG
Pcub-MSU1_003	1650000	0	0	TTTAGGG
Pcub-MSU1_003	1660000	0	1	TTTAGGG
Pcub-MSU1_003	1670000	0	0	TTTAGGG
Pcub-MSU1_003	1680000	0	0	TTTAGGG
Pcub-MSU1_003	1690000	1	0	TTTAGGG
Pcub-MSU1_003	1700000	0	0	TTTAGGG
Pcub-MSU1_003	1710000	0	0	TTTAGGG
Pcub-MSU1_003	1720000	0	0	TTTAGGG
Pcub-MSU1_003	1730000	0	0	TTTAGGG
Pcub-MSU1_003	1740000	0	0	TTTAGGG
Pcub-MSU1_003	1750000	0	0	TTTAGGG
Pcub-MSU1_003	1760000	0	0	TTTAGGG
Pcub-MSU1_003	1770000	0	0	TTTAGGG
Pcub-MSU1_003	1780000	1	0	TTTAGGG
Pcub-MSU1_003	1790000	0	0	TTTAGGG
Pcub-MSU1_003	1800000	0	0	TTTAGGG
Pcub-MSU1_003	1810000	0	0	TTTAGGG
Pcub-MSU1_003	1820000	0	0	TTTAGGG
Pcub-MSU1_003	1830000	0	0	TTTAGGG
Pcub-MSU1_003	1840000	1	0	TTTAGGG
Pcub-MSU1_003	1850000	0	0	TTTAGGG
Pcub-MSU1_003	1860000	0	0	TTTAGGG
Pcub-MSU1_003	1870000	0	0	TTTAGGG
Pcub-MSU1_003	1880000	0	0	TTTAGGG
Pcub-MSU1_003	1890000	1	0	TTTAGGG
Pcub-MSU1_003	1900000	0	1	TTTAGGG
Pcub-MSU1_003	1910000	1	0	TTTAGGG
Pcub-MSU1_003	1920000	0	0	TTTAGGG
Pcub-MSU1_003	1930000	0	0	TTTAGGG
Pcub-MSU1_003	1940000	0	0	TTTAGGG
Pcub-MSU1_003	1950000	0	0	TTTAGGG
Pcub-MSU1_003	1960000	0	0	TTTAGGG
Pcub-MSU1_003	1970000	0	0	TTTAGGG
Pcub-MSU1_003	1980000	0	0	TTTAGGG
Pcub-MSU1_003	1990000	0	0	TTTAGGG
Pcub-MSU1_003	2000000	0	0	TTTAGGG
Pcub-MSU1_003	2010000	0	0	TTTAGGG
Pcub-MSU1_003	2020000	0	0	TTTAGGG
Pcub-MSU1_003	2030000	0	0	TTTAGGG
Pcub-MSU1_003	2040000	0	0	TTTAGGG
Pcub-MSU1_003	2050000	0	0	TTTAGGG
Pcub-MSU1_003	2060000	0	0	TTTAGGG
Pcub-MSU1_003	2070000	0	0	TTTAGGG
Pcub-MSU1_003	2080000	0	0	TTTAGGG
Pcub-MSU1_003	2090000	0	0	TTTAGGG
Pcub-MSU1_003	2100000	0	1	TTTAGGG
Pcub-MSU1_003	2110000	0	0	TTTAGGG
Pcub-MSU1_003	2120000	0	0	TTTAGGG
Pcub-MSU1_003	2130000	0	0	TTTAGGG
Pcub-MSU1_003	2140000	0	1	TTTAGGG
Pcub-MSU1_003	2150000	0	0	TTTAGGG
Pcub-MSU1_003	2160000	1	0	TTTAGGG
Pcub-MSU1_003	2170000	0	0	TTTAGGG
Pcub-MSU1_003	2180000	0	0	TTTAGGG
Pcub-MSU1_003	2190000	0	0	TTTAGGG
Pcub-MSU1_003	2200000	0	0	TTTAGGG
Pcub-MSU1_003	2210000	0	0	TTTAGGG
Pcub-MSU1_003	2220000	0	0	TTTAGGG
Pcub-MSU1_003	2230000	0	0	TTTAGGG
Pcub-MSU1_003	2240000	0	0	TTTAGGG
Pcub-MSU1_003	2250000	0	0	TTTAGGG
Pcub-MSU1_003	2260000	0	0	TTTAGGG
Pcub-MSU1_003	2270000	0	0	TTTAGGG
Pcub-MSU1_003	2280000	0	0	TTTAGGG
Pcub-MSU1_003	2290000	0	0	TTTAGGG
Pcub-MSU1_003	2300000	0	0	TTTAGGG
Pcub-MSU1_003	2310000	0	0	TTTAGGG
Pcub-MSU1_003	2320000	0	0	TTTAGGG
Pcub-MSU1_003	2330000	0	0	TTTAGGG
Pcub-MSU1_003	2340000	0	0	TTTAGGG
Pcub-MSU1_003	2350000	0	0	TTTAGGG
Pcub-MSU1_003	2360000	0	0	TTTAGGG
Pcub-MSU1_003	2370000	0	0	TTTAGGG
Pcub-MSU1_003	2380000	0	0	TTTAGGG
Pcub-MSU1_003	2390000	0	0	TTTAGGG
Pcub-MSU1_003	2400000	0	0	TTTAGGG
Pcub-MSU1_003	2410000	0	0	TTTAGGG
Pcub-MSU1_003	2420000	0	0	TTTAGGG
Pcub-MSU1_003	2430000	0	0	TTTAGGG
Pcub-MSU1_003	2440000	0	0	TTTAGGG
Pcub-MSU1_003	2450000	0	0	TTTAGGG
Pcub-MSU1_003	2460000	0	0	TTTAGGG
Pcub-MSU1_003	2470000	0	0	TTTAGGG
Pcub-MSU1_003	2480000	0	0	TTTAGGG
Pcub-MSU1_003	2490000	0	1	TTTAGGG
Pcub-MSU1_003	2500000	0	0	TTTAGGG
Pcub-MSU1_003	2510000	0	0	TTTAGGG
Pcub-MSU1_003	2520000	0	0	TTTAGGG
Pcub-MSU1_003	2530000	0	0	TTTAGGG
Pcub-MSU1_003	2540000	0	0	TTTAGGG
Pcub-MSU1_003	2550000	0	0	TTTAGGG
Pcub-MSU1_003	2560000	0	0	TTTAGGG
Pcub-MSU1_003	2570000	0	0	TTTAGGG
Pcub-MSU1_003	2580000	0	0	TTTAGGG
Pcub-MSU1_003	2590000	0	0	TTTAGGG
Pcub-MSU1_003	2600000	0	0	TTTAGGG
Pcub-MSU1_003	2610000	0	0	TTTAGGG
Pcub-MSU1_003	2620000	0	0	TTTAGGG
Pcub-MSU1_003	2630000	0	0	TTTAGGG
Pcub-MSU1_003	2640000	0	0	TTTAGGG
Pcub-MSU1_003	2650000	0	0	TTTAGGG
Pcub-MSU1_003	2660000	0	0	TTTAGGG
Pcub-MSU1_003	2670000	0	0	TTTAGGG
Pcub-MSU1_003	2680000	0	0	TTTAGGG
Pcub-MSU1_003	2690000	0	0	TTTAGGG
Pcub-MSU1_003	2700000	0	0	TTTAGGG
Pcub-MSU1_003	2710000	0	0	TTTAGGG
Pcub-MSU1_003	2720000	0	0	TTTAGGG
Pcub-MSU1_003	2730000	0	0	TTTAGGG
Pcub-MSU1_003	2740000	0	0	TTTAGGG
Pcub-MSU1_003	2750000	0	0	TTTAGGG
Pcub-MSU1_003	2760000	0	0	TTTAGGG
Pcub-MSU1_003	2770000	0	0	TTTAGGG
Pcub-MSU1_003	2780000	0	1	TTTAGGG
Pcub-MSU1_003	2790000	0	0	TTTAGGG
Pcub-MSU1_003	2800000	0	0	TTTAGGG
Pcub-MSU1_003	2810000	1	0	TTTAGGG
Pcub-MSU1_003	2820000	0	0	TTTAGGG
Pcub-MSU1_003	2830000	0	0	TTTAGGG
Pcub-MSU1_003	2840000	0	0	TTTAGGG
Pcub-MSU1_003	2850000	0	0	TTTAGGG
Pcub-MSU1_003	2860000	1	2	TTTAGGG
Pcub-MSU1_003	2870000	0	0	TTTAGGG
Pcub-MSU1_003	2880000	0	0	TTTAGGG
Pcub-MSU1_003	2890000	2	0	TTTAGGG
Pcub-MSU1_003	2900000	0	0	TTTAGGG
Pcub-MSU1_003	2910000	0	0	TTTAGGG
Pcub-MSU1_003	2920000	0	0	TTTAGGG
Pcub-MSU1_003	2930000	0	0	TTTAGGG
Pcub-MSU1_003	2940000	0	0	TTTAGGG
Pcub-MSU1_003	2950000	0	0	TTTAGGG
Pcub-MSU1_003	2960000	0	0	TTTAGGG
Pcub-MSU1_003	2970000	0	0	TTTAGGG
Pcub-MSU1_003	2980000	0	0	TTTAGGG
Pcub-MSU1_003	2990000	0	0	TTTAGGG
Pcub-MSU1_003	3000000	0	0	TTTAGGG
Pcub-MSU1_003	3010000	0	0	TTTAGGG
Pcub-MSU1_003	3020000	0	0	TTTAGGG
Pcub-MSU1_003	3030000	0	0	TTTAGGG
Pcub-MSU1_003	3040000	0	0	TTTAGGG
Pcub-MSU1_003	3050000	0	0	TTTAGGG
Pcub-MSU1_003	3060000	0	0	TTTAGGG
Pcub-MSU1_003	3070000	0	0	TTTAGGG
Pcub-MSU1_003	3080000	0	0	TTTAGGG
Pcub-MSU1_003	3090000	0	0	TTTAGGG
Pcub-MSU1_003	3100000	0	1	TTTAGGG
Pcub-MSU1_003	3110000	0	0	TTTAGGG
Pcub-MSU1_003	3120000	0	0	TTTAGGG
Pcub-MSU1_003	3130000	0	0	TTTAGGG
Pcub-MSU1_003	3140000	0	0	TTTAGGG
Pcub-MSU1_003	3150000	0	0	TTTAGGG
Pcub-MSU1_003	3160000	0	1	TTTAGGG
Pcub-MSU1_003	3170000	0	0	TTTAGGG
Pcub-MSU1_003	3180000	0	0	TTTAGGG
Pcub-MSU1_003	3190000	0	0	TTTAGGG
Pcub-MSU1_003	3200000	0	0	TTTAGGG
Pcub-MSU1_003	3210000	0	0	TTTAGGG
Pcub-MSU1_003	3220000	0	0	TTTAGGG
Pcub-MSU1_003	3230000	0	0	TTTAGGG
Pcub-MSU1_003	3240000	0	0	TTTAGGG
Pcub-MSU1_003	3250000	0	0	TTTAGGG
Pcub-MSU1_003	3260000	0	1	TTTAGGG
Pcub-MSU1_003	3270000	0	0	TTTAGGG
Pcub-MSU1_003	3280000	0	0	TTTAGGG
Pcub-MSU1_003	3290000	0	0	TTTAGGG
Pcub-MSU1_003	3300000	0	0	TTTAGGG
Pcub-MSU1_003	3310000	0	0	TTTAGGG
Pcub-MSU1_003	3320000	0	0	TTTAGGG
Pcub-MSU1_003	3330000	0	0	TTTAGGG
Pcub-MSU1_003	3340000	0	0	TTTAGGG
Pcub-MSU1_003	3350000	0	0	TTTAGGG
Pcub-MSU1_003	3360000	0	0	TTTAGGG
Pcub-MSU1_003	3370000	0	0	TTTAGGG
Pcub-MSU1_003	3380000	0	0	TTTAGGG
Pcub-MSU1_003	3390000	0	0	TTTAGGG
Pcub-MSU1_003	3400000	0	0	TTTAGGG
Pcub-MSU1_003	3410000	0	0	TTTAGGG
Pcub-MSU1_003	3420000	0	0	TTTAGGG
Pcub-MSU1_003	3430000	0	0	TTTAGGG
Pcub-MSU1_003	3440000	0	0	TTTAGGG
Pcub-MSU1_003	3450000	0	0	TTTAGGG
Pcub-MSU1_003	3460000	0	0	TTTAGGG
Pcub-MSU1_003	3470000	0	0	TTTAGGG
Pcub-MSU1_003	3480000	1	0	TTTAGGG
Pcub-MSU1_003	3490000	0	0	TTTAGGG
Pcub-MSU1_003	3500000	0	0	TTTAGGG
Pcub-MSU1_003	3510000	0	0	TTTAGGG
Pcub-MSU1_003	3520000	0	0	TTTAGGG
Pcub-MSU1_003	3530000	0	0	TTTAGGG
Pcub-MSU1_003	3540000	0	0	TTTAGGG
Pcub-MSU1_003	3550000	0	0	TTTAGGG
Pcub-MSU1_003	3560000	0	0	TTTAGGG
Pcub-MSU1_003	3570000	0	1	TTTAGGG
Pcub-MSU1_003	3580000	0	0	TTTAGGG
Pcub-MSU1_003	3590000	0	0	TTTAGGG
Pcub-MSU1_003	3600000	0	0	TTTAGGG
Pcub-MSU1_003	3610000	0	1	TTTAGGG
Pcub-MSU1_003	3620000	0	0	TTTAGGG
Pcub-MSU1_003	3630000	1	0	TTTAGGG
Pcub-MSU1_003	3640000	0	0	TTTAGGG
Pcub-MSU1_003	3650000	0	0	TTTAGGG
Pcub-MSU1_003	3660000	0	0	TTTAGGG
Pcub-MSU1_003	3670000	0	0	TTTAGGG
Pcub-MSU1_003	3680000	0	0	TTTAGGG
Pcub-MSU1_003	3690000	1	2	TTTAGGG
Pcub-MSU1_003	3700000	0	0	TTTAGGG
Pcub-MSU1_003	3710000	0	0	TTTAGGG
Pcub-MSU1_003	3720000	1	0	TTTAGGG
Pcub-MSU1_003	3730000	0	0	TTTAGGG
Pcub-MSU1_003	3740000	0	1	TTTAGGG
Pcub-MSU1_003	3750000	0	0	TTTAGGG
Pcub-MSU1_003	3760000	0	0	TTTAGGG
Pcub-MSU1_003	3770000	0	0	TTTAGGG
Pcub-MSU1_003	3780000	0	0	TTTAGGG
Pcub-MSU1_003	3790000	1	0	TTTAGGG
Pcub-MSU1_003	3800000	0	0	TTTAGGG
Pcub-MSU1_003	3810000	0	0	TTTAGGG
Pcub-MSU1_003	3820000	1	0	TTTAGGG
Pcub-MSU1_003	3830000	0	0	TTTAGGG
Pcub-MSU1_003	3840000	0	0	TTTAGGG
Pcub-MSU1_003	3850000	0	0	TTTAGGG
Pcub-MSU1_003	3860000	0	0	TTTAGGG
Pcub-MSU1_003	3870000	0	0	TTTAGGG
Pcub-MSU1_003	3880000	0	0	TTTAGGG
Pcub-MSU1_003	3890000	0	0	TTTAGGG
Pcub-MSU1_003	3900000	0	0	TTTAGGG
Pcub-MSU1_003	3910000	0	0	TTTAGGG
Pcub-MSU1_003	3920000	0	0	TTTAGGG
Pcub-MSU1_003	3930000	0	0	TTTAGGG
Pcub-MSU1_003	3940000	0	0	TTTAGGG
Pcub-MSU1_003	3950000	0	0	TTTAGGG
Pcub-MSU1_003	3960000	0	0	TTTAGGG
Pcub-MSU1_003	3970000	1	0	TTTAGGG
Pcub-MSU1_003	3980000	0	0	TTTAGGG
Pcub-MSU1_003	3990000	1	1	TTTAGGG
Pcub-MSU1_003	4000000	0	0	TTTAGGG
Pcub-MSU1_003	4010000	0	0	TTTAGGG
Pcub-MSU1_003	4020000	0	0	TTTAGGG
Pcub-MSU1_003	4030000	0	0	TTTAGGG
Pcub-MSU1_003	4040000	0	0	TTTAGGG
Pcub-MSU1_003	4050000	0	0	TTTAGGG
Pcub-MSU1_003	4060000	0	0	TTTAGGG
Pcub-MSU1_003	4070000	0	0	TTTAGGG
Pcub-MSU1_003	4080000	0	0	TTTAGGG
Pcub-MSU1_003	4090000	0	0	TTTAGGG
Pcub-MSU1_003	4100000	0	0	TTTAGGG
Pcub-MSU1_003	4110000	0	0	TTTAGGG
Pcub-MSU1_003	4120000	0	0	TTTAGGG
Pcub-MSU1_003	4130000	0	0	TTTAGGG
Pcub-MSU1_003	4140000	0	0	TTTAGGG
Pcub-MSU1_003	4150000	0	0	TTTAGGG
Pcub-MSU1_003	4160000	0	0	TTTAGGG
Pcub-MSU1_003	4170000	0	0	TTTAGGG
Pcub-MSU1_003	4180000	0	0	TTTAGGG
Pcub-MSU1_003	4190000	0	0	TTTAGGG
Pcub-MSU1_003	4200000	0	0	TTTAGGG
Pcub-MSU1_003	4210000	0	0	TTTAGGG
Pcub-MSU1_003	4220000	0	0	TTTAGGG
Pcub-MSU1_003	4230000	0	0	TTTAGGG
Pcub-MSU1_003	4240000	0	0	TTTAGGG
Pcub-MSU1_003	4250000	0	0	TTTAGGG
Pcub-MSU1_003	4260000	0	0	TTTAGGG
Pcub-MSU1_003	4270000	0	0	TTTAGGG
Pcub-MSU1_003	4280000	0	0	TTTAGGG
Pcub-MSU1_003	4290000	0	0	TTTAGGG
Pcub-MSU1_003	4300000	0	0	TTTAGGG
Pcub-MSU1_003	4310000	0	0	TTTAGGG
Pcub-MSU1_003	4320000	0	0	TTTAGGG
Pcub-MSU1_003	4330000	0	0	TTTAGGG
Pcub-MSU1_003	4340000	0	0	TTTAGGG
Pcub-MSU1_003	4350000	0	0	TTTAGGG
Pcub-MSU1_003	4360000	0	0	TTTAGGG
Pcub-MSU1_003	4370000	0	0	TTTAGGG
Pcub-MSU1_003	4380000	0	0	TTTAGGG
Pcub-MSU1_003	4390000	0	0	TTTAGGG
Pcub-MSU1_003	4400000	0	0	TTTAGGG
Pcub-MSU1_003	4410000	0	0	TTTAGGG
Pcub-MSU1_003	4420000	0	0	TTTAGGG
Pcub-MSU1_003	4430000	0	0	TTTAGGG
Pcub-MSU1_003	4440000	0	0	TTTAGGG
Pcub-MSU1_003	4450000	0	0	TTTAGGG
Pcub-MSU1_003	4460000	0	0	TTTAGGG
Pcub-MSU1_003	4470000	0	0	TTTAGGG
Pcub-MSU1_003	4480000	0	0	TTTAGGG
Pcub-MSU1_003	4490000	0	0	TTTAGGG
Pcub-MSU1_003	4500000	0	0	TTTAGGG
Pcub-MSU1_003	4510000	0	0	TTTAGGG
Pcub-MSU1_003	4520000	0	0	TTTAGGG
Pcub-MSU1_003	4530000	0	0	TTTAGGG
Pcub-MSU1_003	4540000	0	0	TTTAGGG
Pcub-MSU1_003	4550000	0	0	TTTAGGG
Pcub-MSU1_003	4560000	0	0	TTTAGGG
Pcub-MSU1_003	4570000	1	0	TTTAGGG
Pcub-MSU1_003	4580000	0	1	TTTAGGG
Pcub-MSU1_003	4590000	0	1	TTTAGGG
Pcub-MSU1_003	4600000	1	0	TTTAGGG
Pcub-MSU1_003	4610000	0	0	TTTAGGG
Pcub-MSU1_003	4620000	0	0	TTTAGGG
Pcub-MSU1_003	4630000	0	0	TTTAGGG
Pcub-MSU1_003	4640000	0	0	TTTAGGG
Pcub-MSU1_003	4650000	0	0	TTTAGGG
Pcub-MSU1_003	4660000	0	0	TTTAGGG
Pcub-MSU1_003	4670000	0	0	TTTAGGG
Pcub-MSU1_003	4680000	0	0	TTTAGGG
Pcub-MSU1_003	4690000	0	0	TTTAGGG
Pcub-MSU1_003	4700000	0	0	TTTAGGG
Pcub-MSU1_003	4710000	0	0	TTTAGGG
Pcub-MSU1_003	4720000	1	1	TTTAGGG
Pcub-MSU1_003	4730000	0	0	TTTAGGG
Pcub-MSU1_003	4740000	0	0	TTTAGGG
Pcub-MSU1_003	4750000	0	0	TTTAGGG
Pcub-MSU1_003	4760000	0	1	TTTAGGG
Pcub-MSU1_003	4770000	0	0	TTTAGGG
Pcub-MSU1_003	4780000	1	0	TTTAGGG
Pcub-MSU1_003	4790000	0	1	TTTAGGG
Pcub-MSU1_003	4800000	0	0	TTTAGGG
Pcub-MSU1_003	4810000	0	0	TTTAGGG
Pcub-MSU1_003	4820000	0	0	TTTAGGG
Pcub-MSU1_003	4830000	1	0	TTTAGGG
Pcub-MSU1_003	4840000	0	0	TTTAGGG
Pcub-MSU1_003	4850000	0	0	TTTAGGG
Pcub-MSU1_003	4860000	0	0	TTTAGGG
Pcub-MSU1_003	4870000	0	0	TTTAGGG
Pcub-MSU1_003	4880000	0	0	TTTAGGG
Pcub-MSU1_003	4890000	0	0	TTTAGGG
Pcub-MSU1_003	4900000	1	0	TTTAGGG
Pcub-MSU1_003	4910000	0	1	TTTAGGG
Pcub-MSU1_003	4920000	0	0	TTTAGGG
Pcub-MSU1_003	4930000	0	0	TTTAGGG
Pcub-MSU1_003	4940000	1	0	TTTAGGG
Pcub-MSU1_003	4950000	0	0	TTTAGGG
Pcub-MSU1_003	4960000	0	0	TTTAGGG
Pcub-MSU1_003	4970000	0	0	TTTAGGG
Pcub-MSU1_003	4980000	0	0	TTTAGGG
Pcub-MSU1_003	4990000	0	0	TTTAGGG
Pcub-MSU1_003	5000000	0	0	TTTAGGG
Pcub-MSU1_003	5010000	0	0	TTTAGGG
Pcub-MSU1_003	5020000	0	0	TTTAGGG
Pcub-MSU1_003	5030000	0	0	TTTAGGG
Pcub-MSU1_003	5040000	0	0	TTTAGGG
Pcub-MSU1_003	5050000	0	0	TTTAGGG
Pcub-MSU1_003	5060000	0	0	TTTAGGG
Pcub-MSU1_003	5070000	0	0	TTTAGGG
Pcub-MSU1_003	5080000	0	0	TTTAGGG
Pcub-MSU1_003	5090000	0	0	TTTAGGG
Pcub-MSU1_003	5100000	0	0	TTTAGGG
Pcub-MSU1_003	5110000	0	0	TTTAGGG
Pcub-MSU1_003	5120000	0	0	TTTAGGG
Pcub-MSU1_003	5130000	0	0	TTTAGGG
Pcub-MSU1_003	5140000	0	0	TTTAGGG
Pcub-MSU1_003	5150000	0	0	TTTAGGG
Pcub-MSU1_003	5160000	0	0	TTTAGGG
Pcub-MSU1_003	5170000	0	0	TTTAGGG
Pcub-MSU1_003	5180000	0	0	TTTAGGG
Pcub-MSU1_003	5190000	0	0	TTTAGGG
Pcub-MSU1_003	5200000	0	0	TTTAGGG
Pcub-MSU1_003	5210000	0	0	TTTAGGG
Pcub-MSU1_003	5220000	0	0	TTTAGGG
Pcub-MSU1_003	5230000	0	0	TTTAGGG
Pcub-MSU1_003	5240000	0	0	TTTAGGG
Pcub-MSU1_003	5250000	0	0	TTTAGGG
Pcub-MSU1_003	5260000	0	0	TTTAGGG
Pcub-MSU1_003	5270000	0	0	TTTAGGG
Pcub-MSU1_003	5280000	0	0	TTTAGGG
Pcub-MSU1_003	5290000	1	0	TTTAGGG
Pcub-MSU1_003	5300000	0	0	TTTAGGG
Pcub-MSU1_003	5310000	0	0	TTTAGGG
Pcub-MSU1_003	5320000	0	0	TTTAGGG
Pcub-MSU1_003	5330000	0	0	TTTAGGG
Pcub-MSU1_003	5340000	0	0	TTTAGGG
Pcub-MSU1_003	5350000	0	0	TTTAGGG
Pcub-MSU1_003	5360000	1	0	TTTAGGG
Pcub-MSU1_003	5370000	1	0	TTTAGGG
Pcub-MSU1_003	5380000	0	0	TTTAGGG
Pcub-MSU1_003	5390000	1	0	TTTAGGG
Pcub-MSU1_003	5400000	0	0	TTTAGGG
Pcub-MSU1_003	5410000	0	0	TTTAGGG
Pcub-MSU1_003	5420000	0	0	TTTAGGG
Pcub-MSU1_003	5430000	0	0	TTTAGGG
Pcub-MSU1_003	5440000	0	0	TTTAGGG
Pcub-MSU1_003	5450000	1	0	TTTAGGG
Pcub-MSU1_003	5460000	0	0	TTTAGGG
Pcub-MSU1_003	5470000	0	1	TTTAGGG
Pcub-MSU1_003	5480000	0	0	TTTAGGG
Pcub-MSU1_003	5490000	0	0	TTTAGGG
Pcub-MSU1_003	5500000	0	0	TTTAGGG
Pcub-MSU1_003	5510000	0	0	TTTAGGG
Pcub-MSU1_003	5520000	0	0	TTTAGGG
Pcub-MSU1_003	5530000	1	0	TTTAGGG
Pcub-MSU1_003	5540000	0	0	TTTAGGG
Pcub-MSU1_003	5550000	0	0	TTTAGGG
Pcub-MSU1_003	5560000	1	0	TTTAGGG
Pcub-MSU1_003	5570000	0	0	TTTAGGG
Pcub-MSU1_003	5580000	2	0	TTTAGGG
Pcub-MSU1_003	5590000	0	1	TTTAGGG
Pcub-MSU1_003	5600000	0	1	TTTAGGG
Pcub-MSU1_003	5610000	0	0	TTTAGGG
Pcub-MSU1_003	5620000	0	0	TTTAGGG
Pcub-MSU1_003	5630000	0	0	TTTAGGG
Pcub-MSU1_003	5640000	0	0	TTTAGGG
Pcub-MSU1_003	5650000	0	0	TTTAGGG
Pcub-MSU1_003	5660000	0	2	TTTAGGG
Pcub-MSU1_003	5670000	0	0	TTTAGGG
Pcub-MSU1_003	5680000	0	0	TTTAGGG
Pcub-MSU1_003	5690000	1	0	TTTAGGG
Pcub-MSU1_003	5700000	0	0	TTTAGGG
Pcub-MSU1_003	5710000	0	1	TTTAGGG
Pcub-MSU1_003	5720000	0	0	TTTAGGG
Pcub-MSU1_003	5730000	0	0	TTTAGGG
Pcub-MSU1_003	5740000	0	0	TTTAGGG
Pcub-MSU1_003	5750000	0	0	TTTAGGG
Pcub-MSU1_003	5760000	0	0	TTTAGGG
Pcub-MSU1_003	5770000	0	0	TTTAGGG
Pcub-MSU1_003	5780000	0	0	TTTAGGG
Pcub-MSU1_003	5790000	0	0	TTTAGGG
Pcub-MSU1_003	5800000	0	0	TTTAGGG
Pcub-MSU1_003	5810000	0	0	TTTAGGG
Pcub-MSU1_003	5820000	0	0	TTTAGGG
Pcub-MSU1_003	5830000	0	0	TTTAGGG
Pcub-MSU1_003	5840000	0	0	TTTAGGG
Pcub-MSU1_003	5850000	0	1	TTTAGGG
Pcub-MSU1_003	5860000	0	0	TTTAGGG
Pcub-MSU1_003	5870000	0	1	TTTAGGG
Pcub-MSU1_003	5880000	0	0	TTTAGGG
Pcub-MSU1_003	5890000	0	0	TTTAGGG
Pcub-MSU1_003	5900000	0	1	TTTAGGG
Pcub-MSU1_003	5910000	1	0	TTTAGGG
Pcub-MSU1_003	5920000	0	0	TTTAGGG
Pcub-MSU1_003	5930000	0	0	TTTAGGG
Pcub-MSU1_003	5940000	2	1	TTTAGGG
Pcub-MSU1_003	5950000	0	1	TTTAGGG
Pcub-MSU1_003	5960000	0	0	TTTAGGG
Pcub-MSU1_003	5970000	1	0	TTTAGGG
Pcub-MSU1_003	5980000	0	0	TTTAGGG
Pcub-MSU1_003	5990000	0	0	TTTAGGG
Pcub-MSU1_003	6000000	0	2	TTTAGGG
Pcub-MSU1_003	6010000	0	1	TTTAGGG
Pcub-MSU1_003	6020000	0	0	TTTAGGG
Pcub-MSU1_003	6030000	0	0	TTTAGGG
Pcub-MSU1_003	6040000	0	0	TTTAGGG
Pcub-MSU1_003	6050000	0	0	TTTAGGG
Pcub-MSU1_003	6060000	0	0	TTTAGGG
Pcub-MSU1_003	6070000	0	0	TTTAGGG
Pcub-MSU1_003	6080000	0	0	TTTAGGG
Pcub-MSU1_003	6090000	0	0	TTTAGGG
Pcub-MSU1_003	6100000	0	0	TTTAGGG
Pcub-MSU1_003	6110000	0	0	TTTAGGG
Pcub-MSU1_003	6120000	0	1	TTTAGGG
Pcub-MSU1_003	6130000	0	0	TTTAGGG
Pcub-MSU1_003	6140000	1	0	TTTAGGG
Pcub-MSU1_003	6150000	0	0	TTTAGGG
Pcub-MSU1_003	6160000	0	0	TTTAGGG
Pcub-MSU1_003	6170000	0	1	TTTAGGG
Pcub-MSU1_003	6180000	0	0	TTTAGGG
Pcub-MSU1_003	6190000	0	1	TTTAGGG
Pcub-MSU1_003	6200000	0	1	TTTAGGG
Pcub-MSU1_003	6207293	48	0	TTTAGGG
Pcub-MSU1_004	10000	2	54	TTTAGGG
Pcub-MSU1_004	20000	0	0	TTTAGGG
Pcub-MSU1_004	30000	1	0	TTTAGGG
Pcub-MSU1_004	40000	0	0	TTTAGGG
Pcub-MSU1_004	50000	0	0	TTTAGGG
Pcub-MSU1_004	60000	0	0	TTTAGGG
Pcub-MSU1_004	70000	1	0	TTTAGGG
Pcub-MSU1_004	80000	0	0	TTTAGGG
Pcub-MSU1_004	90000	0	0	TTTAGGG
Pcub-MSU1_004	100000	1	0	TTTAGGG
Pcub-MSU1_004	110000	0	0	TTTAGGG
Pcub-MSU1_004	120000	0	0	TTTAGGG
Pcub-MSU1_004	130000	0	0	TTTAGGG
Pcub-MSU1_004	140000	0	0	TTTAGGG
Pcub-MSU1_004	150000	0	0	TTTAGGG
Pcub-MSU1_004	160000	0	0	TTTAGGG
Pcub-MSU1_004	170000	0	0	TTTAGGG
Pcub-MSU1_004	180000	1	0	TTTAGGG
Pcub-MSU1_004	190000	0	0	TTTAGGG
Pcub-MSU1_004	200000	1	0	TTTAGGG
Pcub-MSU1_004	210000	0	0	TTTAGGG
Pcub-MSU1_004	220000	2	0	TTTAGGG
Pcub-MSU1_004	230000	0	0	TTTAGGG
Pcub-MSU1_004	240000	0	1	TTTAGGG
Pcub-MSU1_004	250000	1	0	TTTAGGG
Pcub-MSU1_004	260000	0	0	TTTAGGG
Pcub-MSU1_004	270000	0	0	TTTAGGG
Pcub-MSU1_004	280000	0	0	TTTAGGG
Pcub-MSU1_004	290000	0	1	TTTAGGG
Pcub-MSU1_004	300000	0	0	TTTAGGG
Pcub-MSU1_004	310000	0	0	TTTAGGG
Pcub-MSU1_004	320000	0	0	TTTAGGG
Pcub-MSU1_004	330000	0	0	TTTAGGG
Pcub-MSU1_004	340000	1	0	TTTAGGG
Pcub-MSU1_004	350000	0	0	TTTAGGG
Pcub-MSU1_004	360000	0	0	TTTAGGG
Pcub-MSU1_004	370000	1	0	TTTAGGG
Pcub-MSU1_004	380000	0	0	TTTAGGG
Pcub-MSU1_004	390000	0	0	TTTAGGG
Pcub-MSU1_004	400000	0	0	TTTAGGG
Pcub-MSU1_004	410000	0	0	TTTAGGG
Pcub-MSU1_004	420000	0	0	TTTAGGG
Pcub-MSU1_004	430000	0	0	TTTAGGG
Pcub-MSU1_004	440000	0	0	TTTAGGG
Pcub-MSU1_004	450000	0	0	TTTAGGG
Pcub-MSU1_004	460000	0	0	TTTAGGG
Pcub-MSU1_004	470000	0	0	TTTAGGG
Pcub-MSU1_004	480000	0	0	TTTAGGG
Pcub-MSU1_004	490000	0	0	TTTAGGG
Pcub-MSU1_004	500000	0	0	TTTAGGG
Pcub-MSU1_004	510000	0	0	TTTAGGG
Pcub-MSU1_004	520000	0	0	TTTAGGG
Pcub-MSU1_004	530000	0	0	TTTAGGG
Pcub-MSU1_004	540000	0	0	TTTAGGG
Pcub-MSU1_004	550000	0	0	TTTAGGG
Pcub-MSU1_004	560000	0	0	TTTAGGG
Pcub-MSU1_004	570000	0	0	TTTAGGG
Pcub-MSU1_004	580000	0	0	TTTAGGG
Pcub-MSU1_004	590000	0	1	TTTAGGG
Pcub-MSU1_004	600000	0	0	TTTAGGG
Pcub-MSU1_004	610000	0	0	TTTAGGG
Pcub-MSU1_004	620000	0	0	TTTAGGG
Pcub-MSU1_004	630000	0	0	TTTAGGG
Pcub-MSU1_004	640000	0	0	TTTAGGG
Pcub-MSU1_004	650000	0	0	TTTAGGG
Pcub-MSU1_004	660000	0	0	TTTAGGG
Pcub-MSU1_004	670000	0	0	TTTAGGG
Pcub-MSU1_004	680000	0	0	TTTAGGG
Pcub-MSU1_004	690000	0	0	TTTAGGG
Pcub-MSU1_004	700000	0	0	TTTAGGG
Pcub-MSU1_004	710000	0	0	TTTAGGG
Pcub-MSU1_004	720000	0	0	TTTAGGG
Pcub-MSU1_004	730000	0	0	TTTAGGG
Pcub-MSU1_004	740000	0	0	TTTAGGG
Pcub-MSU1_004	750000	0	0	TTTAGGG
Pcub-MSU1_004	760000	0	0	TTTAGGG
Pcub-MSU1_004	770000	0	0	TTTAGGG
Pcub-MSU1_004	780000	0	0	TTTAGGG
Pcub-MSU1_004	790000	0	0	TTTAGGG
Pcub-MSU1_004	800000	0	0	TTTAGGG
Pcub-MSU1_004	810000	0	0	TTTAGGG
Pcub-MSU1_004	820000	0	0	TTTAGGG
Pcub-MSU1_004	830000	0	0	TTTAGGG
Pcub-MSU1_004	840000	0	0	TTTAGGG
Pcub-MSU1_004	850000	0	0	TTTAGGG
Pcub-MSU1_004	860000	0	0	TTTAGGG
Pcub-MSU1_004	870000	0	0	TTTAGGG
Pcub-MSU1_004	880000	0	0	TTTAGGG
Pcub-MSU1_004	890000	0	0	TTTAGGG
Pcub-MSU1_004	900000	0	0	TTTAGGG
Pcub-MSU1_004	910000	0	0	TTTAGGG
Pcub-MSU1_004	920000	0	0	TTTAGGG
Pcub-MSU1_004	930000	0	0	TTTAGGG
Pcub-MSU1_004	940000	0	0	TTTAGGG
Pcub-MSU1_004	950000	0	0	TTTAGGG
Pcub-MSU1_004	960000	0	0	TTTAGGG
Pcub-MSU1_004	970000	0	0	TTTAGGG
Pcub-MSU1_004	980000	1	0	TTTAGGG
Pcub-MSU1_004	990000	0	0	TTTAGGG
Pcub-MSU1_004	1000000	0	0	TTTAGGG
Pcub-MSU1_004	1010000	0	0	TTTAGGG
Pcub-MSU1_004	1020000	1	0	TTTAGGG
Pcub-MSU1_004	1030000	0	0	TTTAGGG
Pcub-MSU1_004	1040000	0	0	TTTAGGG
Pcub-MSU1_004	1050000	0	0	TTTAGGG
Pcub-MSU1_004	1060000	0	0	TTTAGGG
Pcub-MSU1_004	1070000	0	0	TTTAGGG
Pcub-MSU1_004	1080000	0	0	TTTAGGG
Pcub-MSU1_004	1090000	0	0	TTTAGGG
Pcub-MSU1_004	1100000	0	0	TTTAGGG
Pcub-MSU1_004	1110000	0	0	TTTAGGG
Pcub-MSU1_004	1120000	0	0	TTTAGGG
Pcub-MSU1_004	1130000	1	1	TTTAGGG
Pcub-MSU1_004	1140000	0	0	TTTAGGG
Pcub-MSU1_004	1150000	0	0	TTTAGGG
Pcub-MSU1_004	1160000	1	1	TTTAGGG
Pcub-MSU1_004	1170000	0	0	TTTAGGG
Pcub-MSU1_004	1180000	1	1	TTTAGGG
Pcub-MSU1_004	1190000	0	0	TTTAGGG
Pcub-MSU1_004	1200000	0	0	TTTAGGG
Pcub-MSU1_004	1210000	0	0	TTTAGGG
Pcub-MSU1_004	1220000	0	0	TTTAGGG
Pcub-MSU1_004	1230000	0	0	TTTAGGG
Pcub-MSU1_004	1240000	0	0	TTTAGGG
Pcub-MSU1_004	1250000	0	0	TTTAGGG
Pcub-MSU1_004	1260000	0	0	TTTAGGG
Pcub-MSU1_004	1270000	0	0	TTTAGGG
Pcub-MSU1_004	1280000	0	0	TTTAGGG
Pcub-MSU1_004	1290000	0	0	TTTAGGG
Pcub-MSU1_004	1300000	0	0	TTTAGGG
Pcub-MSU1_004	1310000	0	0	TTTAGGG
Pcub-MSU1_004	1320000	0	1	TTTAGGG
Pcub-MSU1_004	1330000	0	1	TTTAGGG
Pcub-MSU1_004	1340000	0	0	TTTAGGG
Pcub-MSU1_004	1350000	0	0	TTTAGGG
Pcub-MSU1_004	1360000	0	0	TTTAGGG
Pcub-MSU1_004	1370000	1	0	TTTAGGG
Pcub-MSU1_004	1380000	0	0	TTTAGGG
Pcub-MSU1_004	1390000	0	0	TTTAGGG
Pcub-MSU1_004	1400000	0	0	TTTAGGG
Pcub-MSU1_004	1410000	0	0	TTTAGGG
Pcub-MSU1_004	1420000	0	0	TTTAGGG
Pcub-MSU1_004	1430000	0	0	TTTAGGG
Pcub-MSU1_004	1440000	0	0	TTTAGGG
Pcub-MSU1_004	1450000	0	0	TTTAGGG
Pcub-MSU1_004	1460000	0	0	TTTAGGG
Pcub-MSU1_004	1470000	0	0	TTTAGGG
Pcub-MSU1_004	1480000	0	0	TTTAGGG
Pcub-MSU1_004	1490000	0	0	TTTAGGG
Pcub-MSU1_004	1500000	0	0	TTTAGGG
Pcub-MSU1_004	1510000	0	0	TTTAGGG
Pcub-MSU1_004	1520000	0	0	TTTAGGG
Pcub-MSU1_004	1530000	0	0	TTTAGGG
Pcub-MSU1_004	1540000	0	0	TTTAGGG
Pcub-MSU1_004	1550000	0	0	TTTAGGG
Pcub-MSU1_004	1560000	0	0	TTTAGGG
Pcub-MSU1_004	1570000	0	0	TTTAGGG
Pcub-MSU1_004	1580000	0	0	TTTAGGG
Pcub-MSU1_004	1590000	0	0	TTTAGGG
Pcub-MSU1_004	1600000	0	0	TTTAGGG
Pcub-MSU1_004	1610000	0	0	TTTAGGG
Pcub-MSU1_004	1620000	0	0	TTTAGGG
Pcub-MSU1_004	1630000	0	0	TTTAGGG
Pcub-MSU1_004	1640000	0	0	TTTAGGG
Pcub-MSU1_004	1650000	0	0	TTTAGGG
Pcub-MSU1_004	1660000	0	0	TTTAGGG
Pcub-MSU1_004	1670000	0	0	TTTAGGG
Pcub-MSU1_004	1680000	0	0	TTTAGGG
Pcub-MSU1_004	1690000	0	0	TTTAGGG
Pcub-MSU1_004	1700000	0	0	TTTAGGG
Pcub-MSU1_004	1710000	0	0	TTTAGGG
Pcub-MSU1_004	1720000	0	0	TTTAGGG
Pcub-MSU1_004	1730000	0	0	TTTAGGG
Pcub-MSU1_004	1740000	0	0	TTTAGGG
Pcub-MSU1_004	1750000	0	1	TTTAGGG
Pcub-MSU1_004	1760000	0	1	TTTAGGG
Pcub-MSU1_004	1770000	0	0	TTTAGGG
Pcub-MSU1_004	1780000	0	0	TTTAGGG
Pcub-MSU1_004	1790000	1	0	TTTAGGG
Pcub-MSU1_004	1800000	0	0	TTTAGGG
Pcub-MSU1_004	1810000	0	0	TTTAGGG
Pcub-MSU1_004	1820000	0	0	TTTAGGG
Pcub-MSU1_004	1830000	0	0	TTTAGGG
Pcub-MSU1_004	1840000	0	0	TTTAGGG
Pcub-MSU1_004	1850000	0	0	TTTAGGG
Pcub-MSU1_004	1860000	0	0	TTTAGGG
Pcub-MSU1_004	1870000	0	0	TTTAGGG
Pcub-MSU1_004	1880000	0	1	TTTAGGG
Pcub-MSU1_004	1890000	2	0	TTTAGGG
Pcub-MSU1_004	1900000	0	0	TTTAGGG
Pcub-MSU1_004	1910000	0	0	TTTAGGG
Pcub-MSU1_004	1920000	0	0	TTTAGGG
Pcub-MSU1_004	1930000	0	0	TTTAGGG
Pcub-MSU1_004	1940000	0	1	TTTAGGG
Pcub-MSU1_004	1950000	0	0	TTTAGGG
Pcub-MSU1_004	1960000	0	1	TTTAGGG
Pcub-MSU1_004	1970000	1	1	TTTAGGG
Pcub-MSU1_004	1980000	0	0	TTTAGGG
Pcub-MSU1_004	1990000	0	0	TTTAGGG
Pcub-MSU1_004	2000000	0	1	TTTAGGG
Pcub-MSU1_004	2010000	0	0	TTTAGGG
Pcub-MSU1_004	2020000	2	0	TTTAGGG
Pcub-MSU1_004	2030000	0	0	TTTAGGG
Pcub-MSU1_004	2040000	0	0	TTTAGGG
Pcub-MSU1_004	2050000	0	0	TTTAGGG
Pcub-MSU1_004	2060000	0	0	TTTAGGG
Pcub-MSU1_004	2070000	0	0	TTTAGGG
Pcub-MSU1_004	2080000	0	0	TTTAGGG
Pcub-MSU1_004	2090000	0	0	TTTAGGG
Pcub-MSU1_004	2100000	0	0	TTTAGGG
Pcub-MSU1_004	2110000	0	0	TTTAGGG
Pcub-MSU1_004	2120000	0	0	TTTAGGG
Pcub-MSU1_004	2130000	0	0	TTTAGGG
Pcub-MSU1_004	2140000	0	1	TTTAGGG
Pcub-MSU1_004	2150000	0	0	TTTAGGG
Pcub-MSU1_004	2160000	0	0	TTTAGGG
Pcub-MSU1_004	2170000	0	1	TTTAGGG
Pcub-MSU1_004	2180000	0	0	TTTAGGG
Pcub-MSU1_004	2190000	1	0	TTTAGGG
Pcub-MSU1_004	2200000	0	0	TTTAGGG
Pcub-MSU1_004	2210000	0	0	TTTAGGG
Pcub-MSU1_004	2220000	1	0	TTTAGGG
Pcub-MSU1_004	2230000	1	0	TTTAGGG
Pcub-MSU1_004	2240000	0	0	TTTAGGG
Pcub-MSU1_004	2250000	0	0	TTTAGGG
Pcub-MSU1_004	2260000	0	0	TTTAGGG
Pcub-MSU1_004	2270000	0	0	TTTAGGG
Pcub-MSU1_004	2280000	1	0	TTTAGGG
Pcub-MSU1_004	2290000	0	0	TTTAGGG
Pcub-MSU1_004	2300000	0	0	TTTAGGG
Pcub-MSU1_004	2310000	0	0	TTTAGGG
Pcub-MSU1_004	2320000	0	0	TTTAGGG
Pcub-MSU1_004	2330000	0	0	TTTAGGG
Pcub-MSU1_004	2340000	0	0	TTTAGGG
Pcub-MSU1_004	2350000	0	0	TTTAGGG
Pcub-MSU1_004	2360000	0	0	TTTAGGG
Pcub-MSU1_004	2370000	0	0	TTTAGGG
Pcub-MSU1_004	2380000	0	0	TTTAGGG
Pcub-MSU1_004	2390000	1	0	TTTAGGG
Pcub-MSU1_004	2400000	0	0	TTTAGGG
Pcub-MSU1_004	2410000	0	0	TTTAGGG
Pcub-MSU1_004	2420000	0	0	TTTAGGG
Pcub-MSU1_004	2430000	2	0	TTTAGGG
Pcub-MSU1_004	2440000	1	0	TTTAGGG
Pcub-MSU1_004	2450000	0	0	TTTAGGG
Pcub-MSU1_004	2460000	0	0	TTTAGGG
Pcub-MSU1_004	2470000	0	0	TTTAGGG
Pcub-MSU1_004	2480000	0	0	TTTAGGG
Pcub-MSU1_004	2490000	0	0	TTTAGGG
Pcub-MSU1_004	2500000	1	0	TTTAGGG
Pcub-MSU1_004	2510000	0	1	TTTAGGG
Pcub-MSU1_004	2520000	0	0	TTTAGGG
Pcub-MSU1_004	2530000	0	0	TTTAGGG
Pcub-MSU1_004	2540000	0	0	TTTAGGG
Pcub-MSU1_004	2550000	0	0	TTTAGGG
Pcub-MSU1_004	2560000	0	0	TTTAGGG
Pcub-MSU1_004	2570000	0	0	TTTAGGG
Pcub-MSU1_004	2580000	0	0	TTTAGGG
Pcub-MSU1_004	2590000	0	0	TTTAGGG
Pcub-MSU1_004	2600000	0	0	TTTAGGG
Pcub-MSU1_004	2610000	0	0	TTTAGGG
Pcub-MSU1_004	2620000	0	0	TTTAGGG
Pcub-MSU1_004	2630000	0	0	TTTAGGG
Pcub-MSU1_004	2640000	0	0	TTTAGGG
Pcub-MSU1_004	2650000	0	0	TTTAGGG
Pcub-MSU1_004	2660000	0	0	TTTAGGG
Pcub-MSU1_004	2670000	0	0	TTTAGGG
Pcub-MSU1_004	2680000	0	0	TTTAGGG
Pcub-MSU1_004	2690000	0	0	TTTAGGG
Pcub-MSU1_004	2700000	0	0	TTTAGGG
Pcub-MSU1_004	2710000	0	0	TTTAGGG
Pcub-MSU1_004	2720000	0	0	TTTAGGG
Pcub-MSU1_004	2730000	1	0	TTTAGGG
Pcub-MSU1_004	2740000	0	0	TTTAGGG
Pcub-MSU1_004	2750000	0	0	TTTAGGG
Pcub-MSU1_004	2760000	0	0	TTTAGGG
Pcub-MSU1_004	2770000	0	0	TTTAGGG
Pcub-MSU1_004	2780000	0	0	TTTAGGG
Pcub-MSU1_004	2790000	0	0	TTTAGGG
Pcub-MSU1_004	2800000	0	0	TTTAGGG
Pcub-MSU1_004	2810000	0	0	TTTAGGG
Pcub-MSU1_004	2820000	0	0	TTTAGGG
Pcub-MSU1_004	2830000	0	0	TTTAGGG
Pcub-MSU1_004	2840000	0	0	TTTAGGG
Pcub-MSU1_004	2850000	0	0	TTTAGGG
Pcub-MSU1_004	2860000	0	0	TTTAGGG
Pcub-MSU1_004	2870000	1	0	TTTAGGG
Pcub-MSU1_004	2880000	0	0	TTTAGGG
Pcub-MSU1_004	2890000	0	0	TTTAGGG
Pcub-MSU1_004	2900000	0	0	TTTAGGG
Pcub-MSU1_004	2910000	0	0	TTTAGGG
Pcub-MSU1_004	2920000	0	0	TTTAGGG
Pcub-MSU1_004	2930000	0	0	TTTAGGG
Pcub-MSU1_004	2940000	0	0	TTTAGGG
Pcub-MSU1_004	2950000	0	0	TTTAGGG
Pcub-MSU1_004	2960000	0	0	TTTAGGG
Pcub-MSU1_004	2970000	0	0	TTTAGGG
Pcub-MSU1_004	2980000	0	1	TTTAGGG
Pcub-MSU1_004	2990000	0	1	TTTAGGG
Pcub-MSU1_004	3000000	0	1	TTTAGGG
Pcub-MSU1_004	3010000	0	0	TTTAGGG
Pcub-MSU1_004	3020000	0	0	TTTAGGG
Pcub-MSU1_004	3030000	0	1	TTTAGGG
Pcub-MSU1_004	3040000	0	0	TTTAGGG
Pcub-MSU1_004	3050000	0	0	TTTAGGG
Pcub-MSU1_004	3060000	0	0	TTTAGGG
Pcub-MSU1_004	3070000	0	0	TTTAGGG
Pcub-MSU1_004	3080000	0	0	TTTAGGG
Pcub-MSU1_004	3090000	0	0	TTTAGGG
Pcub-MSU1_004	3100000	0	0	TTTAGGG
Pcub-MSU1_004	3110000	0	0	TTTAGGG
Pcub-MSU1_004	3120000	0	1	TTTAGGG
Pcub-MSU1_004	3130000	0	0	TTTAGGG
Pcub-MSU1_004	3140000	0	0	TTTAGGG
Pcub-MSU1_004	3150000	1	0	TTTAGGG
Pcub-MSU1_004	3160000	0	0	TTTAGGG
Pcub-MSU1_004	3170000	0	0	TTTAGGG
Pcub-MSU1_004	3180000	0	0	TTTAGGG
Pcub-MSU1_004	3190000	0	0	TTTAGGG
Pcub-MSU1_004	3200000	0	0	TTTAGGG
Pcub-MSU1_004	3210000	0	0	TTTAGGG
Pcub-MSU1_004	3220000	0	1	TTTAGGG
Pcub-MSU1_004	3230000	0	0	TTTAGGG
Pcub-MSU1_004	3240000	0	0	TTTAGGG
Pcub-MSU1_004	3250000	0	0	TTTAGGG
Pcub-MSU1_004	3260000	0	0	TTTAGGG
Pcub-MSU1_004	3270000	1	0	TTTAGGG
Pcub-MSU1_004	3280000	0	0	TTTAGGG
Pcub-MSU1_004	3290000	0	0	TTTAGGG
Pcub-MSU1_004	3300000	0	0	TTTAGGG
Pcub-MSU1_004	3310000	0	0	TTTAGGG
Pcub-MSU1_004	3320000	0	1	TTTAGGG
Pcub-MSU1_004	3330000	0	0	TTTAGGG
Pcub-MSU1_004	3340000	0	1	TTTAGGG
Pcub-MSU1_004	3350000	0	0	TTTAGGG
Pcub-MSU1_004	3360000	0	0	TTTAGGG
Pcub-MSU1_004	3370000	0	0	TTTAGGG
Pcub-MSU1_004	3380000	0	0	TTTAGGG
Pcub-MSU1_004	3390000	0	0	TTTAGGG
Pcub-MSU1_004	3400000	0	0	TTTAGGG
Pcub-MSU1_004	3410000	0	0	TTTAGGG
Pcub-MSU1_004	3420000	0	0	TTTAGGG
Pcub-MSU1_004	3430000	0	0	TTTAGGG
Pcub-MSU1_004	3440000	0	0	TTTAGGG
Pcub-MSU1_004	3450000	0	0	TTTAGGG
Pcub-MSU1_004	3460000	0	0	TTTAGGG
Pcub-MSU1_004	3470000	0	0	TTTAGGG
Pcub-MSU1_004	3480000	0	0	TTTAGGG
Pcub-MSU1_004	3490000	0	0	TTTAGGG
Pcub-MSU1_004	3500000	0	0	TTTAGGG
Pcub-MSU1_004	3510000	0	0	TTTAGGG
Pcub-MSU1_004	3520000	1	0	TTTAGGG
Pcub-MSU1_004	3530000	0	0	TTTAGGG
Pcub-MSU1_004	3540000	0	0	TTTAGGG
Pcub-MSU1_004	3550000	0	0	TTTAGGG
Pcub-MSU1_004	3560000	0	1	TTTAGGG
Pcub-MSU1_004	3570000	0	1	TTTAGGG
Pcub-MSU1_004	3580000	0	0	TTTAGGG
Pcub-MSU1_004	3590000	0	1	TTTAGGG
Pcub-MSU1_004	3600000	0	0	TTTAGGG
Pcub-MSU1_004	3610000	0	1	TTTAGGG
Pcub-MSU1_004	3620000	0	0	TTTAGGG
Pcub-MSU1_004	3630000	0	0	TTTAGGG
Pcub-MSU1_004	3640000	0	0	TTTAGGG
Pcub-MSU1_004	3650000	0	0	TTTAGGG
Pcub-MSU1_004	3660000	0	0	TTTAGGG
Pcub-MSU1_004	3670000	0	0	TTTAGGG
Pcub-MSU1_004	3680000	0	0	TTTAGGG
Pcub-MSU1_004	3690000	0	0	TTTAGGG
Pcub-MSU1_004	3700000	0	0	TTTAGGG
Pcub-MSU1_004	3710000	0	0	TTTAGGG
Pcub-MSU1_004	3720000	0	0	TTTAGGG
Pcub-MSU1_004	3730000	0	0	TTTAGGG
Pcub-MSU1_004	3740000	0	0	TTTAGGG
Pcub-MSU1_004	3750000	0	0	TTTAGGG
Pcub-MSU1_004	3760000	0	0	TTTAGGG
Pcub-MSU1_004	3770000	0	0	TTTAGGG
Pcub-MSU1_004	3780000	0	0	TTTAGGG
Pcub-MSU1_004	3790000	0	0	TTTAGGG
Pcub-MSU1_004	3800000	0	0	TTTAGGG
Pcub-MSU1_004	3810000	0	0	TTTAGGG
Pcub-MSU1_004	3820000	0	0	TTTAGGG
Pcub-MSU1_004	3830000	0	0	TTTAGGG
Pcub-MSU1_004	3840000	0	0	TTTAGGG
Pcub-MSU1_004	3850000	0	0	TTTAGGG
Pcub-MSU1_004	3860000	0	0	TTTAGGG
Pcub-MSU1_004	3870000	0	0	TTTAGGG
Pcub-MSU1_004	3880000	0	0	TTTAGGG
Pcub-MSU1_004	3890000	0	0	TTTAGGG
Pcub-MSU1_004	3900000	0	0	TTTAGGG
Pcub-MSU1_004	3910000	0	0	TTTAGGG
Pcub-MSU1_004	3920000	0	0	TTTAGGG
Pcub-MSU1_004	3930000	0	0	TTTAGGG
Pcub-MSU1_004	3940000	0	0	TTTAGGG
Pcub-MSU1_004	3950000	0	0	TTTAGGG
Pcub-MSU1_004	3960000	0	0	TTTAGGG
Pcub-MSU1_004	3970000	0	0	TTTAGGG
Pcub-MSU1_004	3980000	0	0	TTTAGGG
Pcub-MSU1_004	3990000	0	0	TTTAGGG
Pcub-MSU1_004	4000000	0	0	TTTAGGG
Pcub-MSU1_004	4010000	0	0	TTTAGGG
Pcub-MSU1_004	4020000	0	0	TTTAGGG
Pcub-MSU1_004	4030000	0	0	TTTAGGG
Pcub-MSU1_004	4040000	0	0	TTTAGGG
Pcub-MSU1_004	4050000	0	0	TTTAGGG
Pcub-MSU1_004	4060000	0	0	TTTAGGG
Pcub-MSU1_004	4070000	0	0	TTTAGGG
Pcub-MSU1_004	4080000	0	0	TTTAGGG
Pcub-MSU1_004	4090000	0	0	TTTAGGG
Pcub-MSU1_004	4100000	0	0	TTTAGGG
Pcub-MSU1_004	4110000	0	0	TTTAGGG
Pcub-MSU1_004	4120000	0	0	TTTAGGG
Pcub-MSU1_004	4130000	0	1	TTTAGGG
Pcub-MSU1_004	4140000	0	0	TTTAGGG
Pcub-MSU1_004	4150000	0	2	TTTAGGG
Pcub-MSU1_004	4160000	0	0	TTTAGGG
Pcub-MSU1_004	4170000	0	0	TTTAGGG
Pcub-MSU1_004	4180000	0	0	TTTAGGG
Pcub-MSU1_004	4190000	0	0	TTTAGGG
Pcub-MSU1_004	4200000	0	0	TTTAGGG
Pcub-MSU1_004	4210000	0	0	TTTAGGG
Pcub-MSU1_004	4220000	0	0	TTTAGGG
Pcub-MSU1_004	4230000	0	0	TTTAGGG
Pcub-MSU1_004	4240000	0	0	TTTAGGG
Pcub-MSU1_004	4250000	0	0	TTTAGGG
Pcub-MSU1_004	4260000	0	0	TTTAGGG
Pcub-MSU1_004	4270000	0	0	TTTAGGG
Pcub-MSU1_004	4280000	0	0	TTTAGGG
Pcub-MSU1_004	4290000	0	0	TTTAGGG
Pcub-MSU1_004	4300000	0	0	TTTAGGG
Pcub-MSU1_004	4310000	0	0	TTTAGGG
Pcub-MSU1_004	4320000	0	0	TTTAGGG
Pcub-MSU1_004	4330000	0	0	TTTAGGG
Pcub-MSU1_004	4340000	0	0	TTTAGGG
Pcub-MSU1_004	4350000	0	0	TTTAGGG
Pcub-MSU1_004	4360000	0	0	TTTAGGG
Pcub-MSU1_004	4370000	0	0	TTTAGGG
Pcub-MSU1_004	4380000	0	0	TTTAGGG
Pcub-MSU1_004	4390000	0	0	TTTAGGG
Pcub-MSU1_004	4400000	0	0	TTTAGGG
Pcub-MSU1_004	4410000	0	0	TTTAGGG
Pcub-MSU1_004	4420000	0	0	TTTAGGG
Pcub-MSU1_004	4430000	0	0	TTTAGGG
Pcub-MSU1_004	4440000	0	0	TTTAGGG
Pcub-MSU1_004	4450000	0	0	TTTAGGG
Pcub-MSU1_004	4460000	0	0	TTTAGGG
Pcub-MSU1_004	4470000	0	0	TTTAGGG
Pcub-MSU1_004	4480000	0	0	TTTAGGG
Pcub-MSU1_004	4490000	0	0	TTTAGGG
Pcub-MSU1_004	4500000	0	0	TTTAGGG
Pcub-MSU1_004	4510000	0	0	TTTAGGG
Pcub-MSU1_004	4520000	0	0	TTTAGGG
Pcub-MSU1_004	4530000	0	0	TTTAGGG
Pcub-MSU1_004	4540000	0	0	TTTAGGG
Pcub-MSU1_004	4550000	0	0	TTTAGGG
Pcub-MSU1_004	4560000	0	0	TTTAGGG
Pcub-MSU1_004	4570000	0	0	TTTAGGG
Pcub-MSU1_004	4580000	0	0	TTTAGGG
Pcub-MSU1_004	4590000	0	0	TTTAGGG
Pcub-MSU1_004	4600000	0	0	TTTAGGG
Pcub-MSU1_004	4610000	0	0	TTTAGGG
Pcub-MSU1_004	4620000	0	0	TTTAGGG
Pcub-MSU1_004	4630000	0	0	TTTAGGG
Pcub-MSU1_004	4640000	0	0	TTTAGGG
Pcub-MSU1_004	4650000	0	0	TTTAGGG
Pcub-MSU1_004	4660000	0	0	TTTAGGG
Pcub-MSU1_004	4670000	0	0	TTTAGGG
Pcub-MSU1_004	4680000	0	0	TTTAGGG
Pcub-MSU1_004	4690000	0	0	TTTAGGG
Pcub-MSU1_004	4700000	0	0	TTTAGGG
Pcub-MSU1_004	4710000	0	0	TTTAGGG
Pcub-MSU1_004	4720000	1	0	TTTAGGG
Pcub-MSU1_004	4730000	0	0	TTTAGGG
Pcub-MSU1_004	4740000	1	1	TTTAGGG
Pcub-MSU1_004	4750000	0	0	TTTAGGG
Pcub-MSU1_004	4760000	0	0	TTTAGGG
Pcub-MSU1_004	4770000	0	0	TTTAGGG
Pcub-MSU1_004	4780000	0	0	TTTAGGG
Pcub-MSU1_004	4790000	0	0	TTTAGGG
Pcub-MSU1_004	4800000	0	0	TTTAGGG
Pcub-MSU1_004	4810000	0	0	TTTAGGG
Pcub-MSU1_004	4820000	0	0	TTTAGGG
Pcub-MSU1_004	4830000	0	0	TTTAGGG
Pcub-MSU1_004	4840000	0	0	TTTAGGG
Pcub-MSU1_004	4850000	0	0	TTTAGGG
Pcub-MSU1_004	4860000	0	0	TTTAGGG
Pcub-MSU1_004	4870000	0	0	TTTAGGG
Pcub-MSU1_004	4880000	0	0	TTTAGGG
Pcub-MSU1_004	4890000	0	0	TTTAGGG
Pcub-MSU1_004	4900000	0	0	TTTAGGG
Pcub-MSU1_004	4910000	1	0	TTTAGGG
Pcub-MSU1_004	4920000	0	0	TTTAGGG
Pcub-MSU1_004	4930000	0	0	TTTAGGG
Pcub-MSU1_004	4940000	0	0	TTTAGGG
Pcub-MSU1_004	4950000	0	0	TTTAGGG
Pcub-MSU1_004	4960000	0	0	TTTAGGG
Pcub-MSU1_004	4970000	0	0	TTTAGGG
Pcub-MSU1_004	4980000	0	0	TTTAGGG
Pcub-MSU1_004	4990000	0	1	TTTAGGG
Pcub-MSU1_004	5000000	1	0	TTTAGGG
Pcub-MSU1_004	5010000	0	0	TTTAGGG
Pcub-MSU1_004	5020000	0	0	TTTAGGG
Pcub-MSU1_004	5030000	0	0	TTTAGGG
Pcub-MSU1_004	5040000	0	0	TTTAGGG
Pcub-MSU1_004	5050000	0	0	TTTAGGG
Pcub-MSU1_004	5060000	0	0	TTTAGGG
Pcub-MSU1_004	5070000	0	1	TTTAGGG
Pcub-MSU1_004	5080000	0	0	TTTAGGG
Pcub-MSU1_004	5090000	0	0	TTTAGGG
Pcub-MSU1_004	5100000	0	0	TTTAGGG
Pcub-MSU1_004	5110000	0	0	TTTAGGG
Pcub-MSU1_004	5120000	0	0	TTTAGGG
Pcub-MSU1_004	5130000	0	0	TTTAGGG
Pcub-MSU1_004	5140000	0	1	TTTAGGG
Pcub-MSU1_004	5150000	0	0	TTTAGGG
Pcub-MSU1_004	5160000	0	0	TTTAGGG
Pcub-MSU1_004	5170000	0	1	TTTAGGG
Pcub-MSU1_004	5180000	0	0	TTTAGGG
Pcub-MSU1_004	5190000	0	0	TTTAGGG
Pcub-MSU1_004	5200000	0	0	TTTAGGG
Pcub-MSU1_004	5210000	0	0	TTTAGGG
Pcub-MSU1_004	5220000	0	0	TTTAGGG
Pcub-MSU1_004	5230000	0	0	TTTAGGG
Pcub-MSU1_004	5240000	0	0	TTTAGGG
Pcub-MSU1_004	5250000	0	0	TTTAGGG
Pcub-MSU1_004	5260000	0	0	TTTAGGG
Pcub-MSU1_004	5270000	0	0	TTTAGGG
Pcub-MSU1_004	5280000	0	0	TTTAGGG
Pcub-MSU1_004	5290000	0	0	TTTAGGG
Pcub-MSU1_004	5300000	0	0	TTTAGGG
Pcub-MSU1_004	5310000	0	0	TTTAGGG
Pcub-MSU1_004	5320000	0	0	TTTAGGG
Pcub-MSU1_004	5330000	0	0	TTTAGGG
Pcub-MSU1_004	5340000	0	0	TTTAGGG
Pcub-MSU1_004	5350000	0	0	TTTAGGG
Pcub-MSU1_004	5360000	0	0	TTTAGGG
Pcub-MSU1_004	5370000	0	0	TTTAGGG
Pcub-MSU1_004	5380000	0	0	TTTAGGG
Pcub-MSU1_004	5390000	0	0	TTTAGGG
Pcub-MSU1_004	5400000	0	0	TTTAGGG
Pcub-MSU1_004	5410000	5	0	TTTAGGG
Pcub-MSU1_004	5420000	0	1	TTTAGGG
Pcub-MSU1_004	5430000	3	1	TTTAGGG
Pcub-MSU1_004	5440000	0	1	TTTAGGG
Pcub-MSU1_004	5450000	1	0	TTTAGGG
Pcub-MSU1_004	5460000	0	0	TTTAGGG
Pcub-MSU1_004	5470000	0	0	TTTAGGG
Pcub-MSU1_004	5480000	0	0	TTTAGGG
Pcub-MSU1_004	5490000	0	0	TTTAGGG
Pcub-MSU1_004	5500000	0	0	TTTAGGG
Pcub-MSU1_004	5510000	0	0	TTTAGGG
Pcub-MSU1_004	5520000	0	0	TTTAGGG
Pcub-MSU1_004	5530000	0	0	TTTAGGG
Pcub-MSU1_004	5540000	0	0	TTTAGGG
Pcub-MSU1_004	5550000	0	0	TTTAGGG
Pcub-MSU1_004	5560000	0	0	TTTAGGG
Pcub-MSU1_004	5570000	0	0	TTTAGGG
Pcub-MSU1_004	5580000	0	0	TTTAGGG
Pcub-MSU1_004	5590000	0	0	TTTAGGG
Pcub-MSU1_004	5600000	0	0	TTTAGGG
Pcub-MSU1_004	5610000	0	0	TTTAGGG
Pcub-MSU1_004	5620000	0	0	TTTAGGG
Pcub-MSU1_004	5630000	0	0	TTTAGGG
Pcub-MSU1_004	5640000	0	0	TTTAGGG
Pcub-MSU1_004	5650000	0	0	TTTAGGG
Pcub-MSU1_004	5660000	0	0	TTTAGGG
Pcub-MSU1_004	5670000	0	0	TTTAGGG
Pcub-MSU1_004	5680000	0	0	TTTAGGG
Pcub-MSU1_004	5690000	0	0	TTTAGGG
Pcub-MSU1_004	5700000	0	0	TTTAGGG
Pcub-MSU1_004	5710000	0	0	TTTAGGG
Pcub-MSU1_004	5720000	0	0	TTTAGGG
Pcub-MSU1_004	5730000	0	0	TTTAGGG
Pcub-MSU1_004	5740000	0	0	TTTAGGG
Pcub-MSU1_004	5750000	1	0	TTTAGGG
Pcub-MSU1_004	5760000	0	0	TTTAGGG
Pcub-MSU1_004	5770000	0	0	TTTAGGG
Pcub-MSU1_004	5780000	0	0	TTTAGGG
Pcub-MSU1_004	5790000	0	0	TTTAGGG
Pcub-MSU1_004	5800000	0	0	TTTAGGG
Pcub-MSU1_004	5810000	0	0	TTTAGGG
Pcub-MSU1_004	5820000	0	1	TTTAGGG
Pcub-MSU1_004	5830000	0	0	TTTAGGG
Pcub-MSU1_004	5840000	0	0	TTTAGGG
Pcub-MSU1_004	5850000	0	0	TTTAGGG
Pcub-MSU1_004	5860000	0	0	TTTAGGG
Pcub-MSU1_004	5870000	0	0	TTTAGGG
Pcub-MSU1_004	5880000	0	0	TTTAGGG
Pcub-MSU1_004	5890000	0	0	TTTAGGG
Pcub-MSU1_004	5900000	0	0	TTTAGGG
Pcub-MSU1_004	5910000	0	0	TTTAGGG
Pcub-MSU1_004	5920000	0	0	TTTAGGG
Pcub-MSU1_004	5930000	0	0	TTTAGGG
Pcub-MSU1_004	5940000	0	0	TTTAGGG
Pcub-MSU1_004	5950000	0	0	TTTAGGG
Pcub-MSU1_004	5960000	0	0	TTTAGGG
Pcub-MSU1_004	5970000	0	0	TTTAGGG
Pcub-MSU1_004	5980000	0	0	TTTAGGG
Pcub-MSU1_004	5990000	0	0	TTTAGGG
Pcub-MSU1_004	6000000	0	0	TTTAGGG
Pcub-MSU1_004	6010000	0	0	TTTAGGG
Pcub-MSU1_004	6020000	0	0	TTTAGGG
Pcub-MSU1_004	6030000	0	0	TTTAGGG
Pcub-MSU1_004	6040000	0	0	TTTAGGG
Pcub-MSU1_004	6050000	0	0	TTTAGGG
Pcub-MSU1_004	6051858	0	0	TTTAGGG
Pcub-MSU1_005	10000	0	49	TTTAGGG
Pcub-MSU1_005	20000	0	0	TTTAGGG
Pcub-MSU1_005	30000	0	0	TTTAGGG
Pcub-MSU1_005	40000	0	0	TTTAGGG
Pcub-MSU1_005	50000	0	0	TTTAGGG
Pcub-MSU1_005	60000	2	0	TTTAGGG
Pcub-MSU1_005	70000	0	0	TTTAGGG
Pcub-MSU1_005	80000	0	0	TTTAGGG
Pcub-MSU1_005	90000	0	0	TTTAGGG
Pcub-MSU1_005	100000	0	0	TTTAGGG
Pcub-MSU1_005	110000	0	0	TTTAGGG
Pcub-MSU1_005	120000	0	0	TTTAGGG
Pcub-MSU1_005	130000	1	2	TTTAGGG
Pcub-MSU1_005	140000	0	0	TTTAGGG
Pcub-MSU1_005	150000	0	0	TTTAGGG
Pcub-MSU1_005	160000	0	0	TTTAGGG
Pcub-MSU1_005	170000	0	0	TTTAGGG
Pcub-MSU1_005	180000	0	0	TTTAGGG
Pcub-MSU1_005	190000	0	0	TTTAGGG
Pcub-MSU1_005	200000	0	0	TTTAGGG
Pcub-MSU1_005	210000	0	0	TTTAGGG
Pcub-MSU1_005	220000	0	0	TTTAGGG
Pcub-MSU1_005	230000	0	0	TTTAGGG
Pcub-MSU1_005	240000	0	0	TTTAGGG
Pcub-MSU1_005	250000	0	0	TTTAGGG
Pcub-MSU1_005	260000	0	0	TTTAGGG
Pcub-MSU1_005	270000	0	0	TTTAGGG
Pcub-MSU1_005	280000	0	1	TTTAGGG
Pcub-MSU1_005	290000	0	1	TTTAGGG
Pcub-MSU1_005	300000	0	0	TTTAGGG
Pcub-MSU1_005	310000	0	0	TTTAGGG
Pcub-MSU1_005	320000	0	0	TTTAGGG
Pcub-MSU1_005	330000	0	0	TTTAGGG
Pcub-MSU1_005	340000	0	0	TTTAGGG
Pcub-MSU1_005	350000	0	0	TTTAGGG
Pcub-MSU1_005	360000	0	0	TTTAGGG
Pcub-MSU1_005	370000	0	0	TTTAGGG
Pcub-MSU1_005	380000	0	0	TTTAGGG
Pcub-MSU1_005	390000	0	0	TTTAGGG
Pcub-MSU1_005	400000	0	0	TTTAGGG
Pcub-MSU1_005	410000	0	1	TTTAGGG
Pcub-MSU1_005	420000	0	0	TTTAGGG
Pcub-MSU1_005	430000	0	0	TTTAGGG
Pcub-MSU1_005	440000	0	0	TTTAGGG
Pcub-MSU1_005	450000	0	0	TTTAGGG
Pcub-MSU1_005	460000	0	0	TTTAGGG
Pcub-MSU1_005	470000	0	0	TTTAGGG
Pcub-MSU1_005	480000	0	0	TTTAGGG
Pcub-MSU1_005	490000	0	0	TTTAGGG
Pcub-MSU1_005	500000	0	0	TTTAGGG
Pcub-MSU1_005	510000	0	0	TTTAGGG
Pcub-MSU1_005	520000	0	0	TTTAGGG
Pcub-MSU1_005	530000	1	0	TTTAGGG
Pcub-MSU1_005	540000	0	0	TTTAGGG
Pcub-MSU1_005	550000	0	0	TTTAGGG
Pcub-MSU1_005	560000	0	1	TTTAGGG
Pcub-MSU1_005	570000	0	1	TTTAGGG
Pcub-MSU1_005	580000	0	1	TTTAGGG
Pcub-MSU1_005	590000	0	0	TTTAGGG
Pcub-MSU1_005	600000	0	0	TTTAGGG
Pcub-MSU1_005	610000	0	0	TTTAGGG
Pcub-MSU1_005	620000	0	1	TTTAGGG
Pcub-MSU1_005	630000	0	0	TTTAGGG
Pcub-MSU1_005	640000	0	0	TTTAGGG
Pcub-MSU1_005	650000	0	0	TTTAGGG
Pcub-MSU1_005	660000	0	0	TTTAGGG
Pcub-MSU1_005	670000	0	1	TTTAGGG
Pcub-MSU1_005	680000	1	0	TTTAGGG
Pcub-MSU1_005	690000	0	0	TTTAGGG
Pcub-MSU1_005	700000	0	0	TTTAGGG
Pcub-MSU1_005	710000	0	0	TTTAGGG
Pcub-MSU1_005	720000	0	0	TTTAGGG
Pcub-MSU1_005	730000	0	0	TTTAGGG
Pcub-MSU1_005	740000	0	0	TTTAGGG
Pcub-MSU1_005	750000	0	0	TTTAGGG
Pcub-MSU1_005	760000	0	0	TTTAGGG
Pcub-MSU1_005	770000	0	0	TTTAGGG
Pcub-MSU1_005	780000	0	0	TTTAGGG
Pcub-MSU1_005	790000	0	0	TTTAGGG
Pcub-MSU1_005	800000	0	0	TTTAGGG
Pcub-MSU1_005	810000	0	0	TTTAGGG
Pcub-MSU1_005	820000	0	0	TTTAGGG
Pcub-MSU1_005	830000	0	0	TTTAGGG
Pcub-MSU1_005	840000	0	0	TTTAGGG
Pcub-MSU1_005	850000	0	0	TTTAGGG
Pcub-MSU1_005	860000	0	0	TTTAGGG
Pcub-MSU1_005	870000	0	0	TTTAGGG
Pcub-MSU1_005	880000	0	0	TTTAGGG
Pcub-MSU1_005	890000	0	0	TTTAGGG
Pcub-MSU1_005	900000	0	0	TTTAGGG
Pcub-MSU1_005	910000	0	0	TTTAGGG
Pcub-MSU1_005	920000	0	0	TTTAGGG
Pcub-MSU1_005	930000	0	0	TTTAGGG
Pcub-MSU1_005	940000	0	0	TTTAGGG
Pcub-MSU1_005	950000	0	0	TTTAGGG
Pcub-MSU1_005	960000	0	0	TTTAGGG
Pcub-MSU1_005	970000	0	0	TTTAGGG
Pcub-MSU1_005	980000	0	0	TTTAGGG
Pcub-MSU1_005	990000	0	0	TTTAGGG
Pcub-MSU1_005	1000000	0	0	TTTAGGG
Pcub-MSU1_005	1010000	0	0	TTTAGGG
Pcub-MSU1_005	1020000	0	1	TTTAGGG
Pcub-MSU1_005	1030000	0	0	TTTAGGG
Pcub-MSU1_005	1040000	0	0	TTTAGGG
Pcub-MSU1_005	1050000	1	1	TTTAGGG
Pcub-MSU1_005	1060000	0	1	TTTAGGG
Pcub-MSU1_005	1070000	0	0	TTTAGGG
Pcub-MSU1_005	1080000	0	0	TTTAGGG
Pcub-MSU1_005	1090000	0	0	TTTAGGG
Pcub-MSU1_005	1100000	0	0	TTTAGGG
Pcub-MSU1_005	1110000	0	0	TTTAGGG
Pcub-MSU1_005	1120000	0	0	TTTAGGG
Pcub-MSU1_005	1130000	0	0	TTTAGGG
Pcub-MSU1_005	1140000	0	0	TTTAGGG
Pcub-MSU1_005	1150000	0	0	TTTAGGG
Pcub-MSU1_005	1160000	0	0	TTTAGGG
Pcub-MSU1_005	1170000	0	0	TTTAGGG
Pcub-MSU1_005	1180000	0	0	TTTAGGG
Pcub-MSU1_005	1190000	0	0	TTTAGGG
Pcub-MSU1_005	1200000	0	0	TTTAGGG
Pcub-MSU1_005	1210000	0	0	TTTAGGG
Pcub-MSU1_005	1220000	0	0	TTTAGGG
Pcub-MSU1_005	1230000	0	0	TTTAGGG
Pcub-MSU1_005	1240000	0	0	TTTAGGG
Pcub-MSU1_005	1250000	0	0	TTTAGGG
Pcub-MSU1_005	1260000	0	0	TTTAGGG
Pcub-MSU1_005	1270000	0	0	TTTAGGG
Pcub-MSU1_005	1280000	0	0	TTTAGGG
Pcub-MSU1_005	1290000	0	0	TTTAGGG
Pcub-MSU1_005	1300000	0	0	TTTAGGG
Pcub-MSU1_005	1310000	0	0	TTTAGGG
Pcub-MSU1_005	1320000	0	0	TTTAGGG
Pcub-MSU1_005	1330000	0	0	TTTAGGG
Pcub-MSU1_005	1340000	0	0	TTTAGGG
Pcub-MSU1_005	1350000	0	0	TTTAGGG
Pcub-MSU1_005	1360000	0	0	TTTAGGG
Pcub-MSU1_005	1370000	0	0	TTTAGGG
Pcub-MSU1_005	1380000	0	0	TTTAGGG
Pcub-MSU1_005	1390000	0	0	TTTAGGG
Pcub-MSU1_005	1400000	0	0	TTTAGGG
Pcub-MSU1_005	1410000	0	0	TTTAGGG
Pcub-MSU1_005	1420000	0	0	TTTAGGG
Pcub-MSU1_005	1430000	1	0	TTTAGGG
Pcub-MSU1_005	1440000	0	0	TTTAGGG
Pcub-MSU1_005	1450000	0	0	TTTAGGG
Pcub-MSU1_005	1460000	0	0	TTTAGGG
Pcub-MSU1_005	1470000	0	0	TTTAGGG
Pcub-MSU1_005	1480000	0	0	TTTAGGG
Pcub-MSU1_005	1490000	1	0	TTTAGGG
Pcub-MSU1_005	1500000	0	0	TTTAGGG
Pcub-MSU1_005	1510000	0	0	TTTAGGG
Pcub-MSU1_005	1520000	0	0	TTTAGGG
Pcub-MSU1_005	1530000	0	0	TTTAGGG
Pcub-MSU1_005	1540000	0	0	TTTAGGG
Pcub-MSU1_005	1550000	1	0	TTTAGGG
Pcub-MSU1_005	1560000	0	0	TTTAGGG
Pcub-MSU1_005	1570000	0	0	TTTAGGG
Pcub-MSU1_005	1580000	0	0	TTTAGGG
Pcub-MSU1_005	1590000	0	1	TTTAGGG
Pcub-MSU1_005	1600000	0	1	TTTAGGG
Pcub-MSU1_005	1610000	0	0	TTTAGGG
Pcub-MSU1_005	1620000	0	0	TTTAGGG
Pcub-MSU1_005	1630000	0	0	TTTAGGG
Pcub-MSU1_005	1640000	0	0	TTTAGGG
Pcub-MSU1_005	1650000	0	0	TTTAGGG
Pcub-MSU1_005	1660000	0	1	TTTAGGG
Pcub-MSU1_005	1670000	0	0	TTTAGGG
Pcub-MSU1_005	1680000	0	0	TTTAGGG
Pcub-MSU1_005	1690000	0	0	TTTAGGG
Pcub-MSU1_005	1700000	0	0	TTTAGGG
Pcub-MSU1_005	1710000	0	0	TTTAGGG
Pcub-MSU1_005	1720000	1	0	TTTAGGG
Pcub-MSU1_005	1730000	0	0	TTTAGGG
Pcub-MSU1_005	1740000	0	0	TTTAGGG
Pcub-MSU1_005	1750000	0	0	TTTAGGG
Pcub-MSU1_005	1760000	0	0	TTTAGGG
Pcub-MSU1_005	1770000	0	0	TTTAGGG
Pcub-MSU1_005	1780000	0	0	TTTAGGG
Pcub-MSU1_005	1790000	0	0	TTTAGGG
Pcub-MSU1_005	1800000	0	1	TTTAGGG
Pcub-MSU1_005	1810000	1	1	TTTAGGG
Pcub-MSU1_005	1820000	0	2	TTTAGGG
Pcub-MSU1_005	1830000	0	0	TTTAGGG
Pcub-MSU1_005	1840000	0	0	TTTAGGG
Pcub-MSU1_005	1850000	0	0	TTTAGGG
Pcub-MSU1_005	1860000	0	0	TTTAGGG
Pcub-MSU1_005	1870000	0	0	TTTAGGG
Pcub-MSU1_005	1880000	0	0	TTTAGGG
Pcub-MSU1_005	1890000	0	0	TTTAGGG
Pcub-MSU1_005	1900000	0	0	TTTAGGG
Pcub-MSU1_005	1910000	0	0	TTTAGGG
Pcub-MSU1_005	1920000	0	0	TTTAGGG
Pcub-MSU1_005	1930000	0	0	TTTAGGG
Pcub-MSU1_005	1940000	0	0	TTTAGGG
Pcub-MSU1_005	1950000	0	0	TTTAGGG
Pcub-MSU1_005	1960000	0	0	TTTAGGG
Pcub-MSU1_005	1970000	0	2	TTTAGGG
Pcub-MSU1_005	1980000	0	0	TTTAGGG
Pcub-MSU1_005	1990000	0	0	TTTAGGG
Pcub-MSU1_005	2000000	1	0	TTTAGGG
Pcub-MSU1_005	2010000	0	0	TTTAGGG
Pcub-MSU1_005	2020000	0	0	TTTAGGG
Pcub-MSU1_005	2030000	0	0	TTTAGGG
Pcub-MSU1_005	2040000	0	0	TTTAGGG
Pcub-MSU1_005	2050000	0	0	TTTAGGG
Pcub-MSU1_005	2060000	1	0	TTTAGGG
Pcub-MSU1_005	2070000	1	0	TTTAGGG
Pcub-MSU1_005	2080000	0	1	TTTAGGG
Pcub-MSU1_005	2090000	0	0	TTTAGGG
Pcub-MSU1_005	2100000	0	0	TTTAGGG
Pcub-MSU1_005	2110000	0	0	TTTAGGG
Pcub-MSU1_005	2120000	0	0	TTTAGGG
Pcub-MSU1_005	2130000	0	0	TTTAGGG
Pcub-MSU1_005	2140000	0	0	TTTAGGG
Pcub-MSU1_005	2150000	0	0	TTTAGGG
Pcub-MSU1_005	2160000	0	0	TTTAGGG
Pcub-MSU1_005	2170000	0	0	TTTAGGG
Pcub-MSU1_005	2180000	0	0	TTTAGGG
Pcub-MSU1_005	2190000	0	0	TTTAGGG
Pcub-MSU1_005	2200000	0	0	TTTAGGG
Pcub-MSU1_005	2210000	0	0	TTTAGGG
Pcub-MSU1_005	2220000	0	1	TTTAGGG
Pcub-MSU1_005	2230000	0	1	TTTAGGG
Pcub-MSU1_005	2240000	0	0	TTTAGGG
Pcub-MSU1_005	2250000	0	0	TTTAGGG
Pcub-MSU1_005	2260000	1	0	TTTAGGG
Pcub-MSU1_005	2270000	0	1	TTTAGGG
Pcub-MSU1_005	2280000	0	0	TTTAGGG
Pcub-MSU1_005	2290000	0	0	TTTAGGG
Pcub-MSU1_005	2300000	0	0	TTTAGGG
Pcub-MSU1_005	2310000	0	0	TTTAGGG
Pcub-MSU1_005	2320000	0	0	TTTAGGG
Pcub-MSU1_005	2330000	0	0	TTTAGGG
Pcub-MSU1_005	2340000	0	0	TTTAGGG
Pcub-MSU1_005	2350000	0	0	TTTAGGG
Pcub-MSU1_005	2360000	0	1	TTTAGGG
Pcub-MSU1_005	2370000	0	0	TTTAGGG
Pcub-MSU1_005	2380000	0	0	TTTAGGG
Pcub-MSU1_005	2390000	0	0	TTTAGGG
Pcub-MSU1_005	2400000	0	0	TTTAGGG
Pcub-MSU1_005	2410000	0	0	TTTAGGG
Pcub-MSU1_005	2420000	0	0	TTTAGGG
Pcub-MSU1_005	2430000	0	0	TTTAGGG
Pcub-MSU1_005	2440000	0	0	TTTAGGG
Pcub-MSU1_005	2450000	0	0	TTTAGGG
Pcub-MSU1_005	2460000	0	1	TTTAGGG
Pcub-MSU1_005	2470000	0	0	TTTAGGG
Pcub-MSU1_005	2480000	0	0	TTTAGGG
Pcub-MSU1_005	2490000	0	1	TTTAGGG
Pcub-MSU1_005	2500000	0	0	TTTAGGG
Pcub-MSU1_005	2510000	0	0	TTTAGGG
Pcub-MSU1_005	2520000	0	0	TTTAGGG
Pcub-MSU1_005	2530000	0	0	TTTAGGG
Pcub-MSU1_005	2540000	0	0	TTTAGGG
Pcub-MSU1_005	2550000	0	0	TTTAGGG
Pcub-MSU1_005	2560000	0	0	TTTAGGG
Pcub-MSU1_005	2570000	0	0	TTTAGGG
Pcub-MSU1_005	2580000	0	0	TTTAGGG
Pcub-MSU1_005	2590000	0	0	TTTAGGG
Pcub-MSU1_005	2600000	1	1	TTTAGGG
Pcub-MSU1_005	2610000	0	1	TTTAGGG
Pcub-MSU1_005	2620000	0	0	TTTAGGG
Pcub-MSU1_005	2630000	0	0	TTTAGGG
Pcub-MSU1_005	2640000	0	0	TTTAGGG
Pcub-MSU1_005	2650000	0	0	TTTAGGG
Pcub-MSU1_005	2660000	0	0	TTTAGGG
Pcub-MSU1_005	2670000	0	0	TTTAGGG
Pcub-MSU1_005	2680000	0	0	TTTAGGG
Pcub-MSU1_005	2690000	0	0	TTTAGGG
Pcub-MSU1_005	2700000	0	0	TTTAGGG
Pcub-MSU1_005	2710000	0	0	TTTAGGG
Pcub-MSU1_005	2720000	1	1	TTTAGGG
Pcub-MSU1_005	2730000	0	0	TTTAGGG
Pcub-MSU1_005	2740000	0	0	TTTAGGG
Pcub-MSU1_005	2750000	0	0	TTTAGGG
Pcub-MSU1_005	2760000	1	0	TTTAGGG
Pcub-MSU1_005	2770000	0	0	TTTAGGG
Pcub-MSU1_005	2780000	0	0	TTTAGGG
Pcub-MSU1_005	2790000	1	0	TTTAGGG
Pcub-MSU1_005	2800000	0	0	TTTAGGG
Pcub-MSU1_005	2810000	0	0	TTTAGGG
Pcub-MSU1_005	2820000	0	0	TTTAGGG
Pcub-MSU1_005	2830000	0	0	TTTAGGG
Pcub-MSU1_005	2840000	0	0	TTTAGGG
Pcub-MSU1_005	2850000	0	0	TTTAGGG
Pcub-MSU1_005	2860000	0	0	TTTAGGG
Pcub-MSU1_005	2870000	0	1	TTTAGGG
Pcub-MSU1_005	2880000	0	0	TTTAGGG
Pcub-MSU1_005	2890000	1	2	TTTAGGG
Pcub-MSU1_005	2900000	0	0	TTTAGGG
Pcub-MSU1_005	2910000	2	1	TTTAGGG
Pcub-MSU1_005	2920000	0	0	TTTAGGG
Pcub-MSU1_005	2930000	0	1	TTTAGGG
Pcub-MSU1_005	2940000	0	0	TTTAGGG
Pcub-MSU1_005	2950000	0	0	TTTAGGG
Pcub-MSU1_005	2960000	0	0	TTTAGGG
Pcub-MSU1_005	2970000	0	0	TTTAGGG
Pcub-MSU1_005	2980000	0	0	TTTAGGG
Pcub-MSU1_005	2990000	0	0	TTTAGGG
Pcub-MSU1_005	3000000	0	0	TTTAGGG
Pcub-MSU1_005	3010000	0	1	TTTAGGG
Pcub-MSU1_005	3020000	0	0	TTTAGGG
Pcub-MSU1_005	3030000	0	0	TTTAGGG
Pcub-MSU1_005	3040000	0	0	TTTAGGG
Pcub-MSU1_005	3050000	0	0	TTTAGGG
Pcub-MSU1_005	3060000	0	0	TTTAGGG
Pcub-MSU1_005	3070000	0	0	TTTAGGG
Pcub-MSU1_005	3080000	1	0	TTTAGGG
Pcub-MSU1_005	3090000	0	0	TTTAGGG
Pcub-MSU1_005	3100000	0	0	TTTAGGG
Pcub-MSU1_005	3110000	0	0	TTTAGGG
Pcub-MSU1_005	3120000	0	0	TTTAGGG
Pcub-MSU1_005	3130000	0	0	TTTAGGG
Pcub-MSU1_005	3140000	0	0	TTTAGGG
Pcub-MSU1_005	3150000	0	0	TTTAGGG
Pcub-MSU1_005	3160000	0	0	TTTAGGG
Pcub-MSU1_005	3170000	0	0	TTTAGGG
Pcub-MSU1_005	3180000	0	0	TTTAGGG
Pcub-MSU1_005	3190000	0	0	TTTAGGG
Pcub-MSU1_005	3200000	0	0	TTTAGGG
Pcub-MSU1_005	3210000	0	0	TTTAGGG
Pcub-MSU1_005	3220000	0	0	TTTAGGG
Pcub-MSU1_005	3230000	0	0	TTTAGGG
Pcub-MSU1_005	3240000	0	0	TTTAGGG
Pcub-MSU1_005	3250000	0	0	TTTAGGG
Pcub-MSU1_005	3260000	0	0	TTTAGGG
Pcub-MSU1_005	3270000	0	0	TTTAGGG
Pcub-MSU1_005	3280000	0	0	TTTAGGG
Pcub-MSU1_005	3290000	0	0	TTTAGGG
Pcub-MSU1_005	3300000	0	0	TTTAGGG
Pcub-MSU1_005	3310000	0	0	TTTAGGG
Pcub-MSU1_005	3320000	0	0	TTTAGGG
Pcub-MSU1_005	3330000	0	0	TTTAGGG
Pcub-MSU1_005	3340000	0	0	TTTAGGG
Pcub-MSU1_005	3350000	0	0	TTTAGGG
Pcub-MSU1_005	3360000	0	0	TTTAGGG
Pcub-MSU1_005	3370000	0	0	TTTAGGG
Pcub-MSU1_005	3380000	0	0	TTTAGGG
Pcub-MSU1_005	3390000	0	0	TTTAGGG
Pcub-MSU1_005	3400000	0	0	TTTAGGG
Pcub-MSU1_005	3410000	0	0	TTTAGGG
Pcub-MSU1_005	3420000	0	0	TTTAGGG
Pcub-MSU1_005	3430000	0	0	TTTAGGG
Pcub-MSU1_005	3440000	0	0	TTTAGGG
Pcub-MSU1_005	3450000	0	0	TTTAGGG
Pcub-MSU1_005	3460000	0	0	TTTAGGG
Pcub-MSU1_005	3470000	0	0	TTTAGGG
Pcub-MSU1_005	3480000	0	0	TTTAGGG
Pcub-MSU1_005	3490000	0	0	TTTAGGG
Pcub-MSU1_005	3500000	0	0	TTTAGGG
Pcub-MSU1_005	3510000	0	0	TTTAGGG
Pcub-MSU1_005	3520000	0	0	TTTAGGG
Pcub-MSU1_005	3530000	0	0	TTTAGGG
Pcub-MSU1_005	3540000	0	0	TTTAGGG
Pcub-MSU1_005	3550000	0	0	TTTAGGG
Pcub-MSU1_005	3560000	0	0	TTTAGGG
Pcub-MSU1_005	3570000	0	0	TTTAGGG
Pcub-MSU1_005	3580000	0	0	TTTAGGG
Pcub-MSU1_005	3590000	0	0	TTTAGGG
Pcub-MSU1_005	3600000	0	0	TTTAGGG
Pcub-MSU1_005	3610000	0	0	TTTAGGG
Pcub-MSU1_005	3620000	0	0	TTTAGGG
Pcub-MSU1_005	3630000	0	0	TTTAGGG
Pcub-MSU1_005	3640000	0	1	TTTAGGG
Pcub-MSU1_005	3650000	0	0	TTTAGGG
Pcub-MSU1_005	3660000	0	0	TTTAGGG
Pcub-MSU1_005	3670000	0	0	TTTAGGG
Pcub-MSU1_005	3680000	0	0	TTTAGGG
Pcub-MSU1_005	3690000	0	0	TTTAGGG
Pcub-MSU1_005	3700000	0	0	TTTAGGG
Pcub-MSU1_005	3710000	0	0	TTTAGGG
Pcub-MSU1_005	3720000	1	0	TTTAGGG
Pcub-MSU1_005	3730000	0	0	TTTAGGG
Pcub-MSU1_005	3740000	1	0	TTTAGGG
Pcub-MSU1_005	3750000	0	0	TTTAGGG
Pcub-MSU1_005	3760000	1	0	TTTAGGG
Pcub-MSU1_005	3770000	0	0	TTTAGGG
Pcub-MSU1_005	3780000	0	0	TTTAGGG
Pcub-MSU1_005	3790000	1	0	TTTAGGG
Pcub-MSU1_005	3800000	0	1	TTTAGGG
Pcub-MSU1_005	3810000	0	0	TTTAGGG
Pcub-MSU1_005	3820000	0	0	TTTAGGG
Pcub-MSU1_005	3830000	0	0	TTTAGGG
Pcub-MSU1_005	3840000	0	0	TTTAGGG
Pcub-MSU1_005	3850000	0	0	TTTAGGG
Pcub-MSU1_005	3860000	1	1	TTTAGGG
Pcub-MSU1_005	3870000	0	0	TTTAGGG
Pcub-MSU1_005	3880000	0	0	TTTAGGG
Pcub-MSU1_005	3890000	0	0	TTTAGGG
Pcub-MSU1_005	3900000	0	0	TTTAGGG
Pcub-MSU1_005	3910000	0	0	TTTAGGG
Pcub-MSU1_005	3920000	0	0	TTTAGGG
Pcub-MSU1_005	3930000	0	0	TTTAGGG
Pcub-MSU1_005	3940000	0	0	TTTAGGG
Pcub-MSU1_005	3950000	0	0	TTTAGGG
Pcub-MSU1_005	3960000	0	0	TTTAGGG
Pcub-MSU1_005	3970000	0	0	TTTAGGG
Pcub-MSU1_005	3980000	0	0	TTTAGGG
Pcub-MSU1_005	3990000	0	0	TTTAGGG
Pcub-MSU1_005	4000000	0	0	TTTAGGG
Pcub-MSU1_005	4010000	0	0	TTTAGGG
Pcub-MSU1_005	4020000	0	0	TTTAGGG
Pcub-MSU1_005	4030000	0	1	TTTAGGG
Pcub-MSU1_005	4040000	0	1	TTTAGGG
Pcub-MSU1_005	4050000	0	0	TTTAGGG
Pcub-MSU1_005	4060000	0	0	TTTAGGG
Pcub-MSU1_005	4070000	0	0	TTTAGGG
Pcub-MSU1_005	4080000	0	0	TTTAGGG
Pcub-MSU1_005	4090000	0	0	TTTAGGG
Pcub-MSU1_005	4100000	0	0	TTTAGGG
Pcub-MSU1_005	4110000	0	1	TTTAGGG
Pcub-MSU1_005	4120000	0	0	TTTAGGG
Pcub-MSU1_005	4130000	0	0	TTTAGGG
Pcub-MSU1_005	4140000	0	0	TTTAGGG
Pcub-MSU1_005	4150000	1	0	TTTAGGG
Pcub-MSU1_005	4160000	0	0	TTTAGGG
Pcub-MSU1_005	4170000	0	0	TTTAGGG
Pcub-MSU1_005	4180000	0	0	TTTAGGG
Pcub-MSU1_005	4190000	0	0	TTTAGGG
Pcub-MSU1_005	4200000	1	0	TTTAGGG
Pcub-MSU1_005	4210000	2	0	TTTAGGG
Pcub-MSU1_005	4220000	0	0	TTTAGGG
Pcub-MSU1_005	4230000	0	0	TTTAGGG
Pcub-MSU1_005	4240000	0	0	TTTAGGG
Pcub-MSU1_005	4250000	0	0	TTTAGGG
Pcub-MSU1_005	4260000	0	0	TTTAGGG
Pcub-MSU1_005	4270000	0	0	TTTAGGG
Pcub-MSU1_005	4280000	1	0	TTTAGGG
Pcub-MSU1_005	4290000	3	0	TTTAGGG
Pcub-MSU1_005	4300000	3	0	TTTAGGG
Pcub-MSU1_005	4310000	1	0	TTTAGGG
Pcub-MSU1_005	4320000	0	1	TTTAGGG
Pcub-MSU1_005	4330000	0	0	TTTAGGG
Pcub-MSU1_005	4340000	0	0	TTTAGGG
Pcub-MSU1_005	4350000	1	0	TTTAGGG
Pcub-MSU1_005	4360000	0	1	TTTAGGG
Pcub-MSU1_005	4370000	1	0	TTTAGGG
Pcub-MSU1_005	4380000	1	0	TTTAGGG
Pcub-MSU1_005	4390000	0	0	TTTAGGG
Pcub-MSU1_005	4400000	0	1	TTTAGGG
Pcub-MSU1_005	4410000	0	0	TTTAGGG
Pcub-MSU1_005	4420000	0	0	TTTAGGG
Pcub-MSU1_005	4430000	0	0	TTTAGGG
Pcub-MSU1_005	4440000	0	0	TTTAGGG
Pcub-MSU1_005	4450000	0	0	TTTAGGG
Pcub-MSU1_005	4460000	0	0	TTTAGGG
Pcub-MSU1_005	4470000	0	0	TTTAGGG
Pcub-MSU1_005	4480000	0	0	TTTAGGG
Pcub-MSU1_005	4490000	0	0	TTTAGGG
Pcub-MSU1_005	4500000	0	0	TTTAGGG
Pcub-MSU1_005	4510000	0	0	TTTAGGG
Pcub-MSU1_005	4520000	0	0	TTTAGGG
Pcub-MSU1_005	4530000	0	0	TTTAGGG
Pcub-MSU1_005	4540000	0	0	TTTAGGG
Pcub-MSU1_005	4550000	0	0	TTTAGGG
Pcub-MSU1_005	4560000	0	0	TTTAGGG
Pcub-MSU1_005	4570000	0	0	TTTAGGG
Pcub-MSU1_005	4580000	0	0	TTTAGGG
Pcub-MSU1_005	4590000	0	0	TTTAGGG
Pcub-MSU1_005	4600000	0	0	TTTAGGG
Pcub-MSU1_005	4610000	14	0	TTTAGGG
Pcub-MSU1_005	4620000	16	0	TTTAGGG
Pcub-MSU1_005	4630000	10	0	TTTAGGG
Pcub-MSU1_005	4640000	5	0	TTTAGGG
Pcub-MSU1_005	4650000	11	0	TTTAGGG
Pcub-MSU1_005	4660000	12	0	TTTAGGG
Pcub-MSU1_005	4670000	9	0	TTTAGGG
Pcub-MSU1_005	4680000	1	0	TTTAGGG
Pcub-MSU1_005	4690000	4	0	TTTAGGG
Pcub-MSU1_005	4700000	0	0	TTTAGGG
Pcub-MSU1_005	4710000	12	0	TTTAGGG
Pcub-MSU1_005	4720000	12	0	TTTAGGG
Pcub-MSU1_005	4730000	9	0	TTTAGGG
Pcub-MSU1_005	4740000	4	0	TTTAGGG
Pcub-MSU1_005	4750000	0	0	TTTAGGG
Pcub-MSU1_005	4760000	4	0	TTTAGGG
Pcub-MSU1_005	4770000	5	0	TTTAGGG
Pcub-MSU1_005	4780000	11	0	TTTAGGG
Pcub-MSU1_005	4790000	12	0	TTTAGGG
Pcub-MSU1_005	4800000	1	0	TTTAGGG
Pcub-MSU1_005	4810000	2	0	TTTAGGG
Pcub-MSU1_005	4820000	12	0	TTTAGGG
Pcub-MSU1_005	4830000	20	0	TTTAGGG
Pcub-MSU1_005	4840000	9	0	TTTAGGG
Pcub-MSU1_005	4850000	9	0	TTTAGGG
Pcub-MSU1_005	4860000	6	0	TTTAGGG
Pcub-MSU1_005	4870000	7	0	TTTAGGG
Pcub-MSU1_005	4880000	12	0	TTTAGGG
Pcub-MSU1_005	4890000	6	0	TTTAGGG
Pcub-MSU1_005	4900000	4	0	TTTAGGG
Pcub-MSU1_005	4910000	0	2	TTTAGGG
Pcub-MSU1_005	4920000	0	7	TTTAGGG
Pcub-MSU1_005	4930000	0	5	TTTAGGG
Pcub-MSU1_005	4940000	0	3	TTTAGGG
Pcub-MSU1_005	4950000	0	3	TTTAGGG
Pcub-MSU1_005	4960000	0	0	TTTAGGG
Pcub-MSU1_005	4970000	0	0	TTTAGGG
Pcub-MSU1_005	4980000	0	0	TTTAGGG
Pcub-MSU1_005	4990000	0	0	TTTAGGG
Pcub-MSU1_005	5000000	0	0	TTTAGGG
Pcub-MSU1_005	5010000	0	0	TTTAGGG
Pcub-MSU1_005	5020000	0	0	TTTAGGG
Pcub-MSU1_005	5027247	0	0	TTTAGGG
Pcub-MSU1_006	10000	0	0	TTTAGGG
Pcub-MSU1_006	20000	0	0	TTTAGGG
Pcub-MSU1_006	30000	0	0	TTTAGGG
Pcub-MSU1_006	40000	0	0	TTTAGGG
Pcub-MSU1_006	50000	1	0	TTTAGGG
Pcub-MSU1_006	60000	0	0	TTTAGGG
Pcub-MSU1_006	70000	0	0	TTTAGGG
Pcub-MSU1_006	80000	0	0	TTTAGGG
Pcub-MSU1_006	90000	0	0	TTTAGGG
Pcub-MSU1_006	100000	0	0	TTTAGGG
Pcub-MSU1_006	110000	0	0	TTTAGGG
Pcub-MSU1_006	120000	0	0	TTTAGGG
Pcub-MSU1_006	130000	0	0	TTTAGGG
Pcub-MSU1_006	140000	0	0	TTTAGGG
Pcub-MSU1_006	150000	0	0	TTTAGGG
Pcub-MSU1_006	160000	0	0	TTTAGGG
Pcub-MSU1_006	170000	0	0	TTTAGGG
Pcub-MSU1_006	180000	0	0	TTTAGGG
Pcub-MSU1_006	190000	0	0	TTTAGGG
Pcub-MSU1_006	200000	0	0	TTTAGGG
Pcub-MSU1_006	210000	0	0	TTTAGGG
Pcub-MSU1_006	220000	0	0	TTTAGGG
Pcub-MSU1_006	230000	0	0	TTTAGGG
Pcub-MSU1_006	240000	0	0	TTTAGGG
Pcub-MSU1_006	250000	0	0	TTTAGGG
Pcub-MSU1_006	260000	0	0	TTTAGGG
Pcub-MSU1_006	270000	0	0	TTTAGGG
Pcub-MSU1_006	280000	0	0	TTTAGGG
Pcub-MSU1_006	290000	0	0	TTTAGGG
Pcub-MSU1_006	300000	0	0	TTTAGGG
Pcub-MSU1_006	310000	0	0	TTTAGGG
Pcub-MSU1_006	320000	0	0	TTTAGGG
Pcub-MSU1_006	330000	1	0	TTTAGGG
Pcub-MSU1_006	340000	0	1	TTTAGGG
Pcub-MSU1_006	350000	0	0	TTTAGGG
Pcub-MSU1_006	360000	0	0	TTTAGGG
Pcub-MSU1_006	370000	0	0	TTTAGGG
Pcub-MSU1_006	380000	0	0	TTTAGGG
Pcub-MSU1_006	390000	0	0	TTTAGGG
Pcub-MSU1_006	400000	0	0	TTTAGGG
Pcub-MSU1_006	410000	1	0	TTTAGGG
Pcub-MSU1_006	420000	0	1	TTTAGGG
Pcub-MSU1_006	430000	0	0	TTTAGGG
Pcub-MSU1_006	440000	0	0	TTTAGGG
Pcub-MSU1_006	450000	0	0	TTTAGGG
Pcub-MSU1_006	460000	0	0	TTTAGGG
Pcub-MSU1_006	470000	0	0	TTTAGGG
Pcub-MSU1_006	480000	0	0	TTTAGGG
Pcub-MSU1_006	490000	0	0	TTTAGGG
Pcub-MSU1_006	500000	1	1	TTTAGGG
Pcub-MSU1_006	510000	0	0	TTTAGGG
Pcub-MSU1_006	520000	0	0	TTTAGGG
Pcub-MSU1_006	530000	0	0	TTTAGGG
Pcub-MSU1_006	540000	0	0	TTTAGGG
Pcub-MSU1_006	550000	0	0	TTTAGGG
Pcub-MSU1_006	560000	0	1	TTTAGGG
Pcub-MSU1_006	570000	0	0	TTTAGGG
Pcub-MSU1_006	580000	1	1	TTTAGGG
Pcub-MSU1_006	590000	0	0	TTTAGGG
Pcub-MSU1_006	600000	0	0	TTTAGGG
Pcub-MSU1_006	610000	0	0	TTTAGGG
Pcub-MSU1_006	620000	0	0	TTTAGGG
Pcub-MSU1_006	630000	0	0	TTTAGGG
Pcub-MSU1_006	640000	0	0	TTTAGGG
Pcub-MSU1_006	650000	0	0	TTTAGGG
Pcub-MSU1_006	660000	0	0	TTTAGGG
Pcub-MSU1_006	670000	0	0	TTTAGGG
Pcub-MSU1_006	680000	0	0	TTTAGGG
Pcub-MSU1_006	690000	0	0	TTTAGGG
Pcub-MSU1_006	700000	0	0	TTTAGGG
Pcub-MSU1_006	710000	0	0	TTTAGGG
Pcub-MSU1_006	720000	0	0	TTTAGGG
Pcub-MSU1_006	730000	1	0	TTTAGGG
Pcub-MSU1_006	740000	0	0	TTTAGGG
Pcub-MSU1_006	750000	0	0	TTTAGGG
Pcub-MSU1_006	760000	0	0	TTTAGGG
Pcub-MSU1_006	770000	0	0	TTTAGGG
Pcub-MSU1_006	780000	0	0	TTTAGGG
Pcub-MSU1_006	790000	0	0	TTTAGGG
Pcub-MSU1_006	800000	1	0	TTTAGGG
Pcub-MSU1_006	810000	0	1	TTTAGGG
Pcub-MSU1_006	820000	0	0	TTTAGGG
Pcub-MSU1_006	830000	0	0	TTTAGGG
Pcub-MSU1_006	840000	0	0	TTTAGGG
Pcub-MSU1_006	850000	0	0	TTTAGGG
Pcub-MSU1_006	860000	0	0	TTTAGGG
Pcub-MSU1_006	870000	1	0	TTTAGGG
Pcub-MSU1_006	880000	0	0	TTTAGGG
Pcub-MSU1_006	890000	0	0	TTTAGGG
Pcub-MSU1_006	900000	0	0	TTTAGGG
Pcub-MSU1_006	910000	0	0	TTTAGGG
Pcub-MSU1_006	920000	0	0	TTTAGGG
Pcub-MSU1_006	930000	0	0	TTTAGGG
Pcub-MSU1_006	940000	0	0	TTTAGGG
Pcub-MSU1_006	950000	0	0	TTTAGGG
Pcub-MSU1_006	960000	0	0	TTTAGGG
Pcub-MSU1_006	970000	0	0	TTTAGGG
Pcub-MSU1_006	980000	0	0	TTTAGGG
Pcub-MSU1_006	990000	0	0	TTTAGGG
Pcub-MSU1_006	1000000	0	0	TTTAGGG
Pcub-MSU1_006	1010000	0	0	TTTAGGG
Pcub-MSU1_006	1020000	0	0	TTTAGGG
Pcub-MSU1_006	1030000	0	0	TTTAGGG
Pcub-MSU1_006	1040000	0	0	TTTAGGG
Pcub-MSU1_006	1050000	0	0	TTTAGGG
Pcub-MSU1_006	1060000	0	0	TTTAGGG
Pcub-MSU1_006	1070000	0	0	TTTAGGG
Pcub-MSU1_006	1080000	0	0	TTTAGGG
Pcub-MSU1_006	1090000	0	0	TTTAGGG
Pcub-MSU1_006	1100000	0	0	TTTAGGG
Pcub-MSU1_006	1110000	0	0	TTTAGGG
Pcub-MSU1_006	1120000	0	0	TTTAGGG
Pcub-MSU1_006	1130000	0	0	TTTAGGG
Pcub-MSU1_006	1140000	0	0	TTTAGGG
Pcub-MSU1_006	1150000	0	0	TTTAGGG
Pcub-MSU1_006	1160000	2	0	TTTAGGG
Pcub-MSU1_006	1170000	1	0	TTTAGGG
Pcub-MSU1_006	1180000	0	0	TTTAGGG
Pcub-MSU1_006	1190000	0	0	TTTAGGG
Pcub-MSU1_006	1200000	0	0	TTTAGGG
Pcub-MSU1_006	1210000	0	0	TTTAGGG
Pcub-MSU1_006	1220000	0	0	TTTAGGG
Pcub-MSU1_006	1230000	0	0	TTTAGGG
Pcub-MSU1_006	1240000	0	0	TTTAGGG
Pcub-MSU1_006	1250000	0	2	TTTAGGG
Pcub-MSU1_006	1260000	0	0	TTTAGGG
Pcub-MSU1_006	1270000	0	0	TTTAGGG
Pcub-MSU1_006	1280000	0	0	TTTAGGG
Pcub-MSU1_006	1290000	0	0	TTTAGGG
Pcub-MSU1_006	1300000	0	0	TTTAGGG
Pcub-MSU1_006	1310000	0	1	TTTAGGG
Pcub-MSU1_006	1320000	0	0	TTTAGGG
Pcub-MSU1_006	1330000	1	0	TTTAGGG
Pcub-MSU1_006	1340000	0	0	TTTAGGG
Pcub-MSU1_006	1350000	0	0	TTTAGGG
Pcub-MSU1_006	1360000	0	0	TTTAGGG
Pcub-MSU1_006	1370000	0	0	TTTAGGG
Pcub-MSU1_006	1380000	0	0	TTTAGGG
Pcub-MSU1_006	1390000	0	0	TTTAGGG
Pcub-MSU1_006	1400000	0	0	TTTAGGG
Pcub-MSU1_006	1410000	0	0	TTTAGGG
Pcub-MSU1_006	1420000	0	0	TTTAGGG
Pcub-MSU1_006	1430000	0	0	TTTAGGG
Pcub-MSU1_006	1440000	0	0	TTTAGGG
Pcub-MSU1_006	1450000	1	0	TTTAGGG
Pcub-MSU1_006	1460000	0	0	TTTAGGG
Pcub-MSU1_006	1470000	0	0	TTTAGGG
Pcub-MSU1_006	1480000	0	0	TTTAGGG
Pcub-MSU1_006	1490000	0	0	TTTAGGG
Pcub-MSU1_006	1500000	0	0	TTTAGGG
Pcub-MSU1_006	1510000	0	0	TTTAGGG
Pcub-MSU1_006	1520000	0	0	TTTAGGG
Pcub-MSU1_006	1530000	0	0	TTTAGGG
Pcub-MSU1_006	1540000	0	0	TTTAGGG
Pcub-MSU1_006	1550000	1	0	TTTAGGG
Pcub-MSU1_006	1560000	0	0	TTTAGGG
Pcub-MSU1_006	1570000	0	0	TTTAGGG
Pcub-MSU1_006	1580000	0	0	TTTAGGG
Pcub-MSU1_006	1590000	0	0	TTTAGGG
Pcub-MSU1_006	1600000	0	0	TTTAGGG
Pcub-MSU1_006	1610000	0	0	TTTAGGG
Pcub-MSU1_006	1620000	0	0	TTTAGGG
Pcub-MSU1_006	1630000	0	0	TTTAGGG
Pcub-MSU1_006	1640000	0	0	TTTAGGG
Pcub-MSU1_006	1650000	0	0	TTTAGGG
Pcub-MSU1_006	1660000	0	0	TTTAGGG
Pcub-MSU1_006	1670000	0	0	TTTAGGG
Pcub-MSU1_006	1680000	0	0	TTTAGGG
Pcub-MSU1_006	1690000	0	0	TTTAGGG
Pcub-MSU1_006	1700000	0	1	TTTAGGG
Pcub-MSU1_006	1710000	0	0	TTTAGGG
Pcub-MSU1_006	1720000	0	0	TTTAGGG
Pcub-MSU1_006	1730000	0	0	TTTAGGG
Pcub-MSU1_006	1740000	0	0	TTTAGGG
Pcub-MSU1_006	1750000	0	0	TTTAGGG
Pcub-MSU1_006	1760000	0	0	TTTAGGG
Pcub-MSU1_006	1770000	0	0	TTTAGGG
Pcub-MSU1_006	1780000	0	0	TTTAGGG
Pcub-MSU1_006	1790000	0	0	TTTAGGG
Pcub-MSU1_006	1800000	0	1	TTTAGGG
Pcub-MSU1_006	1810000	1	1	TTTAGGG
Pcub-MSU1_006	1820000	0	0	TTTAGGG
Pcub-MSU1_006	1830000	1	0	TTTAGGG
Pcub-MSU1_006	1840000	0	0	TTTAGGG
Pcub-MSU1_006	1850000	0	0	TTTAGGG
Pcub-MSU1_006	1860000	0	0	TTTAGGG
Pcub-MSU1_006	1870000	0	0	TTTAGGG
Pcub-MSU1_006	1880000	0	2	TTTAGGG
Pcub-MSU1_006	1890000	0	1	TTTAGGG
Pcub-MSU1_006	1900000	0	0	TTTAGGG
Pcub-MSU1_006	1910000	0	0	TTTAGGG
Pcub-MSU1_006	1920000	0	0	TTTAGGG
Pcub-MSU1_006	1930000	0	0	TTTAGGG
Pcub-MSU1_006	1940000	0	0	TTTAGGG
Pcub-MSU1_006	1950000	1	0	TTTAGGG
Pcub-MSU1_006	1960000	0	0	TTTAGGG
Pcub-MSU1_006	1970000	1	0	TTTAGGG
Pcub-MSU1_006	1980000	0	0	TTTAGGG
Pcub-MSU1_006	1990000	0	0	TTTAGGG
Pcub-MSU1_006	2000000	0	0	TTTAGGG
Pcub-MSU1_006	2010000	0	0	TTTAGGG
Pcub-MSU1_006	2020000	0	0	TTTAGGG
Pcub-MSU1_006	2030000	0	0	TTTAGGG
Pcub-MSU1_006	2040000	0	0	TTTAGGG
Pcub-MSU1_006	2050000	0	1	TTTAGGG
Pcub-MSU1_006	2060000	0	0	TTTAGGG
Pcub-MSU1_006	2070000	1	0	TTTAGGG
Pcub-MSU1_006	2080000	0	0	TTTAGGG
Pcub-MSU1_006	2090000	0	1	TTTAGGG
Pcub-MSU1_006	2100000	0	0	TTTAGGG
Pcub-MSU1_006	2110000	1	0	TTTAGGG
Pcub-MSU1_006	2120000	0	0	TTTAGGG
Pcub-MSU1_006	2130000	0	1	TTTAGGG
Pcub-MSU1_006	2140000	0	0	TTTAGGG
Pcub-MSU1_006	2150000	0	0	TTTAGGG
Pcub-MSU1_006	2160000	0	0	TTTAGGG
Pcub-MSU1_006	2170000	0	0	TTTAGGG
Pcub-MSU1_006	2180000	0	0	TTTAGGG
Pcub-MSU1_006	2190000	0	0	TTTAGGG
Pcub-MSU1_006	2200000	0	0	TTTAGGG
Pcub-MSU1_006	2210000	0	0	TTTAGGG
Pcub-MSU1_006	2220000	0	0	TTTAGGG
Pcub-MSU1_006	2230000	0	0	TTTAGGG
Pcub-MSU1_006	2240000	0	0	TTTAGGG
Pcub-MSU1_006	2250000	1	0	TTTAGGG
Pcub-MSU1_006	2260000	0	0	TTTAGGG
Pcub-MSU1_006	2270000	0	0	TTTAGGG
Pcub-MSU1_006	2280000	0	1	TTTAGGG
Pcub-MSU1_006	2290000	0	0	TTTAGGG
Pcub-MSU1_006	2300000	0	0	TTTAGGG
Pcub-MSU1_006	2310000	0	0	TTTAGGG
Pcub-MSU1_006	2320000	0	0	TTTAGGG
Pcub-MSU1_006	2330000	0	0	TTTAGGG
Pcub-MSU1_006	2340000	0	0	TTTAGGG
Pcub-MSU1_006	2350000	0	0	TTTAGGG
Pcub-MSU1_006	2360000	0	0	TTTAGGG
Pcub-MSU1_006	2370000	0	0	TTTAGGG
Pcub-MSU1_006	2380000	0	0	TTTAGGG
Pcub-MSU1_006	2390000	0	0	TTTAGGG
Pcub-MSU1_006	2400000	0	0	TTTAGGG
Pcub-MSU1_006	2410000	0	0	TTTAGGG
Pcub-MSU1_006	2420000	0	0	TTTAGGG
Pcub-MSU1_006	2430000	0	0	TTTAGGG
Pcub-MSU1_006	2440000	0	0	TTTAGGG
Pcub-MSU1_006	2450000	1	0	TTTAGGG
Pcub-MSU1_006	2460000	0	0	TTTAGGG
Pcub-MSU1_006	2470000	0	0	TTTAGGG
Pcub-MSU1_006	2480000	0	1	TTTAGGG
Pcub-MSU1_006	2490000	0	0	TTTAGGG
Pcub-MSU1_006	2500000	0	0	TTTAGGG
Pcub-MSU1_006	2510000	1	0	TTTAGGG
Pcub-MSU1_006	2520000	0	1	TTTAGGG
Pcub-MSU1_006	2530000	0	0	TTTAGGG
Pcub-MSU1_006	2540000	1	0	TTTAGGG
Pcub-MSU1_006	2550000	0	1	TTTAGGG
Pcub-MSU1_006	2560000	0	0	TTTAGGG
Pcub-MSU1_006	2570000	1	0	TTTAGGG
Pcub-MSU1_006	2580000	0	1	TTTAGGG
Pcub-MSU1_006	2590000	1	0	TTTAGGG
Pcub-MSU1_006	2600000	0	0	TTTAGGG
Pcub-MSU1_006	2610000	0	1	TTTAGGG
Pcub-MSU1_006	2620000	1	0	TTTAGGG
Pcub-MSU1_006	2630000	1	0	TTTAGGG
Pcub-MSU1_006	2640000	0	1	TTTAGGG
Pcub-MSU1_006	2650000	0	0	TTTAGGG
Pcub-MSU1_006	2660000	1	0	TTTAGGG
Pcub-MSU1_006	2670000	0	1	TTTAGGG
Pcub-MSU1_006	2680000	0	0	TTTAGGG
Pcub-MSU1_006	2690000	0	0	TTTAGGG
Pcub-MSU1_006	2700000	0	0	TTTAGGG
Pcub-MSU1_006	2710000	0	0	TTTAGGG
Pcub-MSU1_006	2720000	0	0	TTTAGGG
Pcub-MSU1_006	2730000	0	0	TTTAGGG
Pcub-MSU1_006	2740000	0	0	TTTAGGG
Pcub-MSU1_006	2750000	0	0	TTTAGGG
Pcub-MSU1_006	2760000	0	0	TTTAGGG
Pcub-MSU1_006	2770000	0	0	TTTAGGG
Pcub-MSU1_006	2780000	0	0	TTTAGGG
Pcub-MSU1_006	2790000	0	0	TTTAGGG
Pcub-MSU1_006	2800000	0	0	TTTAGGG
Pcub-MSU1_006	2810000	1	0	TTTAGGG
Pcub-MSU1_006	2820000	0	0	TTTAGGG
Pcub-MSU1_006	2830000	1	1	TTTAGGG
Pcub-MSU1_006	2840000	2	2	TTTAGGG
Pcub-MSU1_006	2850000	0	0	TTTAGGG
Pcub-MSU1_006	2860000	0	0	TTTAGGG
Pcub-MSU1_006	2870000	0	0	TTTAGGG
Pcub-MSU1_006	2880000	0	0	TTTAGGG
Pcub-MSU1_006	2890000	0	0	TTTAGGG
Pcub-MSU1_006	2900000	0	0	TTTAGGG
Pcub-MSU1_006	2910000	1	1	TTTAGGG
Pcub-MSU1_006	2920000	0	0	TTTAGGG
Pcub-MSU1_006	2930000	0	1	TTTAGGG
Pcub-MSU1_006	2940000	0	0	TTTAGGG
Pcub-MSU1_006	2950000	0	0	TTTAGGG
Pcub-MSU1_006	2960000	0	0	TTTAGGG
Pcub-MSU1_006	2970000	0	0	TTTAGGG
Pcub-MSU1_006	2980000	0	0	TTTAGGG
Pcub-MSU1_006	2990000	0	0	TTTAGGG
Pcub-MSU1_006	3000000	0	0	TTTAGGG
Pcub-MSU1_006	3010000	0	0	TTTAGGG
Pcub-MSU1_006	3020000	0	0	TTTAGGG
Pcub-MSU1_006	3030000	0	0	TTTAGGG
Pcub-MSU1_006	3040000	0	0	TTTAGGG
Pcub-MSU1_006	3050000	0	0	TTTAGGG
Pcub-MSU1_006	3060000	0	0	TTTAGGG
Pcub-MSU1_006	3070000	0	0	TTTAGGG
Pcub-MSU1_006	3080000	0	0	TTTAGGG
Pcub-MSU1_006	3090000	0	0	TTTAGGG
Pcub-MSU1_006	3100000	0	0	TTTAGGG
Pcub-MSU1_006	3110000	0	0	TTTAGGG
Pcub-MSU1_006	3120000	0	0	TTTAGGG
Pcub-MSU1_006	3130000	0	0	TTTAGGG
Pcub-MSU1_006	3140000	0	0	TTTAGGG
Pcub-MSU1_006	3150000	1	0	TTTAGGG
Pcub-MSU1_006	3160000	0	0	TTTAGGG
Pcub-MSU1_006	3170000	1	1	TTTAGGG
Pcub-MSU1_006	3180000	0	1	TTTAGGG
Pcub-MSU1_006	3190000	0	0	TTTAGGG
Pcub-MSU1_006	3200000	2	1	TTTAGGG
Pcub-MSU1_006	3210000	0	0	TTTAGGG
Pcub-MSU1_006	3220000	0	0	TTTAGGG
Pcub-MSU1_006	3230000	0	0	TTTAGGG
Pcub-MSU1_006	3240000	0	0	TTTAGGG
Pcub-MSU1_006	3250000	0	0	TTTAGGG
Pcub-MSU1_006	3260000	0	0	TTTAGGG
Pcub-MSU1_006	3270000	0	0	TTTAGGG
Pcub-MSU1_006	3280000	0	0	TTTAGGG
Pcub-MSU1_006	3290000	0	0	TTTAGGG
Pcub-MSU1_006	3300000	0	0	TTTAGGG
Pcub-MSU1_006	3310000	0	0	TTTAGGG
Pcub-MSU1_006	3320000	0	0	TTTAGGG
Pcub-MSU1_006	3330000	0	0	TTTAGGG
Pcub-MSU1_006	3340000	0	0	TTTAGGG
Pcub-MSU1_006	3350000	0	0	TTTAGGG
Pcub-MSU1_006	3360000	0	0	TTTAGGG
Pcub-MSU1_006	3370000	0	0	TTTAGGG
Pcub-MSU1_006	3380000	0	0	TTTAGGG
Pcub-MSU1_006	3390000	0	0	TTTAGGG
Pcub-MSU1_006	3400000	0	0	TTTAGGG
Pcub-MSU1_006	3410000	0	0	TTTAGGG
Pcub-MSU1_006	3420000	0	0	TTTAGGG
Pcub-MSU1_006	3430000	0	0	TTTAGGG
Pcub-MSU1_006	3440000	0	0	TTTAGGG
Pcub-MSU1_006	3450000	0	0	TTTAGGG
Pcub-MSU1_006	3460000	0	0	TTTAGGG
Pcub-MSU1_006	3470000	0	0	TTTAGGG
Pcub-MSU1_006	3480000	0	0	TTTAGGG
Pcub-MSU1_006	3490000	0	0	TTTAGGG
Pcub-MSU1_006	3500000	0	0	TTTAGGG
Pcub-MSU1_006	3510000	0	0	TTTAGGG
Pcub-MSU1_006	3520000	0	0	TTTAGGG
Pcub-MSU1_006	3530000	0	0	TTTAGGG
Pcub-MSU1_006	3540000	0	0	TTTAGGG
Pcub-MSU1_006	3550000	0	0	TTTAGGG
Pcub-MSU1_006	3560000	0	0	TTTAGGG
Pcub-MSU1_006	3570000	0	0	TTTAGGG
Pcub-MSU1_006	3580000	0	0	TTTAGGG
Pcub-MSU1_006	3590000	0	0	TTTAGGG
Pcub-MSU1_006	3600000	0	0	TTTAGGG
Pcub-MSU1_006	3610000	0	0	TTTAGGG
Pcub-MSU1_006	3620000	0	0	TTTAGGG
Pcub-MSU1_006	3630000	0	0	TTTAGGG
Pcub-MSU1_006	3640000	0	0	TTTAGGG
Pcub-MSU1_006	3650000	0	0	TTTAGGG
Pcub-MSU1_006	3660000	0	0	TTTAGGG
Pcub-MSU1_006	3670000	0	0	TTTAGGG
Pcub-MSU1_006	3680000	0	0	TTTAGGG
Pcub-MSU1_006	3690000	0	0	TTTAGGG
Pcub-MSU1_006	3700000	0	0	TTTAGGG
Pcub-MSU1_006	3710000	0	0	TTTAGGG
Pcub-MSU1_006	3720000	0	0	TTTAGGG
Pcub-MSU1_006	3730000	0	0	TTTAGGG
Pcub-MSU1_006	3740000	0	0	TTTAGGG
Pcub-MSU1_006	3750000	0	0	TTTAGGG
Pcub-MSU1_006	3760000	0	0	TTTAGGG
Pcub-MSU1_006	3770000	0	0	TTTAGGG
Pcub-MSU1_006	3780000	0	0	TTTAGGG
Pcub-MSU1_006	3790000	0	0	TTTAGGG
Pcub-MSU1_006	3800000	0	0	TTTAGGG
Pcub-MSU1_006	3810000	0	0	TTTAGGG
Pcub-MSU1_006	3820000	0	0	TTTAGGG
Pcub-MSU1_006	3830000	0	0	TTTAGGG
Pcub-MSU1_006	3840000	0	0	TTTAGGG
Pcub-MSU1_006	3850000	0	0	TTTAGGG
Pcub-MSU1_006	3860000	0	0	TTTAGGG
Pcub-MSU1_006	3870000	0	0	TTTAGGG
Pcub-MSU1_006	3880000	0	0	TTTAGGG
Pcub-MSU1_006	3890000	0	0	TTTAGGG
Pcub-MSU1_006	3900000	0	0	TTTAGGG
Pcub-MSU1_006	3910000	0	0	TTTAGGG
Pcub-MSU1_006	3920000	0	0	TTTAGGG
Pcub-MSU1_006	3930000	0	0	TTTAGGG
Pcub-MSU1_006	3940000	0	0	TTTAGGG
Pcub-MSU1_006	3950000	0	0	TTTAGGG
Pcub-MSU1_006	3960000	0	0	TTTAGGG
Pcub-MSU1_006	3970000	0	0	TTTAGGG
Pcub-MSU1_006	3980000	0	0	TTTAGGG
Pcub-MSU1_006	3990000	0	0	TTTAGGG
Pcub-MSU1_006	4000000	0	0	TTTAGGG
Pcub-MSU1_006	4010000	0	0	TTTAGGG
Pcub-MSU1_006	4020000	0	0	TTTAGGG
Pcub-MSU1_006	4030000	0	0	TTTAGGG
Pcub-MSU1_006	4040000	0	0	TTTAGGG
Pcub-MSU1_006	4050000	0	0	TTTAGGG
Pcub-MSU1_006	4060000	0	0	TTTAGGG
Pcub-MSU1_006	4070000	0	0	TTTAGGG
Pcub-MSU1_006	4080000	0	0	TTTAGGG
Pcub-MSU1_006	4090000	1	0	TTTAGGG
Pcub-MSU1_006	4100000	2	0	TTTAGGG
Pcub-MSU1_006	4110000	0	1	TTTAGGG
Pcub-MSU1_006	4120000	0	0	TTTAGGG
Pcub-MSU1_006	4130000	0	0	TTTAGGG
Pcub-MSU1_006	4140000	1	0	TTTAGGG
Pcub-MSU1_006	4150000	0	0	TTTAGGG
Pcub-MSU1_006	4160000	0	0	TTTAGGG
Pcub-MSU1_006	4170000	0	0	TTTAGGG
Pcub-MSU1_006	4180000	0	0	TTTAGGG
Pcub-MSU1_006	4190000	0	0	TTTAGGG
Pcub-MSU1_006	4200000	0	0	TTTAGGG
Pcub-MSU1_006	4210000	0	0	TTTAGGG
Pcub-MSU1_006	4220000	0	0	TTTAGGG
Pcub-MSU1_006	4230000	0	0	TTTAGGG
Pcub-MSU1_006	4240000	0	0	TTTAGGG
Pcub-MSU1_006	4250000	0	0	TTTAGGG
Pcub-MSU1_006	4260000	0	0	TTTAGGG
Pcub-MSU1_006	4270000	2	0	TTTAGGG
Pcub-MSU1_006	4280000	1	0	TTTAGGG
Pcub-MSU1_006	4290000	1	0	TTTAGGG
Pcub-MSU1_006	4300000	0	0	TTTAGGG
Pcub-MSU1_006	4310000	0	0	TTTAGGG
Pcub-MSU1_006	4320000	1	0	TTTAGGG
Pcub-MSU1_006	4330000	0	0	TTTAGGG
Pcub-MSU1_006	4340000	1	0	TTTAGGG
Pcub-MSU1_006	4350000	0	0	TTTAGGG
Pcub-MSU1_006	4360000	0	1	TTTAGGG
Pcub-MSU1_006	4370000	0	0	TTTAGGG
Pcub-MSU1_006	4380000	0	0	TTTAGGG
Pcub-MSU1_006	4390000	0	0	TTTAGGG
Pcub-MSU1_006	4400000	0	0	TTTAGGG
Pcub-MSU1_006	4410000	0	1	TTTAGGG
Pcub-MSU1_006	4420000	0	0	TTTAGGG
Pcub-MSU1_006	4430000	0	1	TTTAGGG
Pcub-MSU1_006	4440000	0	0	TTTAGGG
Pcub-MSU1_006	4443049	0	0	TTTAGGG
Pcub-MSU1_007	10000	0	65	TTTAGGG
Pcub-MSU1_007	20000	0	0	TTTAGGG
Pcub-MSU1_007	30000	1	0	TTTAGGG
Pcub-MSU1_007	40000	0	0	TTTAGGG
Pcub-MSU1_007	50000	0	1	TTTAGGG
Pcub-MSU1_007	60000	0	1	TTTAGGG
Pcub-MSU1_007	70000	0	0	TTTAGGG
Pcub-MSU1_007	80000	0	0	TTTAGGG
Pcub-MSU1_007	90000	0	0	TTTAGGG
Pcub-MSU1_007	100000	1	0	TTTAGGG
Pcub-MSU1_007	110000	0	0	TTTAGGG
Pcub-MSU1_007	120000	0	1	TTTAGGG
Pcub-MSU1_007	130000	1	0	TTTAGGG
Pcub-MSU1_007	140000	1	0	TTTAGGG
Pcub-MSU1_007	150000	0	0	TTTAGGG
Pcub-MSU1_007	160000	0	1	TTTAGGG
Pcub-MSU1_007	170000	0	0	TTTAGGG
Pcub-MSU1_007	180000	0	0	TTTAGGG
Pcub-MSU1_007	190000	0	0	TTTAGGG
Pcub-MSU1_007	200000	0	0	TTTAGGG
Pcub-MSU1_007	210000	1	0	TTTAGGG
Pcub-MSU1_007	220000	0	0	TTTAGGG
Pcub-MSU1_007	230000	0	0	TTTAGGG
Pcub-MSU1_007	240000	0	0	TTTAGGG
Pcub-MSU1_007	250000	0	0	TTTAGGG
Pcub-MSU1_007	260000	0	0	TTTAGGG
Pcub-MSU1_007	270000	0	0	TTTAGGG
Pcub-MSU1_007	280000	0	0	TTTAGGG
Pcub-MSU1_007	290000	0	0	TTTAGGG
Pcub-MSU1_007	300000	0	0	TTTAGGG
Pcub-MSU1_007	310000	0	0	TTTAGGG
Pcub-MSU1_007	320000	0	0	TTTAGGG
Pcub-MSU1_007	330000	0	0	TTTAGGG
Pcub-MSU1_007	340000	0	0	TTTAGGG
Pcub-MSU1_007	350000	0	0	TTTAGGG
Pcub-MSU1_007	360000	0	0	TTTAGGG
Pcub-MSU1_007	370000	0	1	TTTAGGG
Pcub-MSU1_007	380000	0	0	TTTAGGG
Pcub-MSU1_007	390000	0	0	TTTAGGG
Pcub-MSU1_007	400000	0	1	TTTAGGG
Pcub-MSU1_007	410000	0	0	TTTAGGG
Pcub-MSU1_007	420000	0	0	TTTAGGG
Pcub-MSU1_007	430000	1	0	TTTAGGG
Pcub-MSU1_007	440000	0	0	TTTAGGG
Pcub-MSU1_007	450000	0	0	TTTAGGG
Pcub-MSU1_007	460000	0	0	TTTAGGG
Pcub-MSU1_007	470000	0	0	TTTAGGG
Pcub-MSU1_007	480000	0	0	TTTAGGG
Pcub-MSU1_007	490000	0	0	TTTAGGG
Pcub-MSU1_007	500000	1	1	TTTAGGG
Pcub-MSU1_007	510000	1	2	TTTAGGG
Pcub-MSU1_007	520000	0	0	TTTAGGG
Pcub-MSU1_007	530000	0	0	TTTAGGG
Pcub-MSU1_007	540000	0	0	TTTAGGG
Pcub-MSU1_007	550000	0	0	TTTAGGG
Pcub-MSU1_007	560000	0	0	TTTAGGG
Pcub-MSU1_007	570000	0	1	TTTAGGG
Pcub-MSU1_007	580000	0	1	TTTAGGG
Pcub-MSU1_007	590000	0	0	TTTAGGG
Pcub-MSU1_007	600000	0	0	TTTAGGG
Pcub-MSU1_007	610000	0	0	TTTAGGG
Pcub-MSU1_007	620000	0	1	TTTAGGG
Pcub-MSU1_007	630000	0	0	TTTAGGG
Pcub-MSU1_007	640000	0	0	TTTAGGG
Pcub-MSU1_007	650000	0	0	TTTAGGG
Pcub-MSU1_007	660000	0	1	TTTAGGG
Pcub-MSU1_007	670000	0	0	TTTAGGG
Pcub-MSU1_007	680000	0	0	TTTAGGG
Pcub-MSU1_007	690000	0	0	TTTAGGG
Pcub-MSU1_007	700000	0	0	TTTAGGG
Pcub-MSU1_007	710000	0	0	TTTAGGG
Pcub-MSU1_007	720000	0	0	TTTAGGG
Pcub-MSU1_007	730000	0	0	TTTAGGG
Pcub-MSU1_007	740000	0	0	TTTAGGG
Pcub-MSU1_007	750000	0	0	TTTAGGG
Pcub-MSU1_007	760000	0	0	TTTAGGG
Pcub-MSU1_007	770000	0	0	TTTAGGG
Pcub-MSU1_007	780000	0	0	TTTAGGG
Pcub-MSU1_007	790000	1	0	TTTAGGG
Pcub-MSU1_007	800000	0	0	TTTAGGG
Pcub-MSU1_007	810000	0	0	TTTAGGG
Pcub-MSU1_007	820000	0	0	TTTAGGG
Pcub-MSU1_007	830000	0	0	TTTAGGG
Pcub-MSU1_007	840000	0	0	TTTAGGG
Pcub-MSU1_007	850000	0	0	TTTAGGG
Pcub-MSU1_007	860000	0	0	TTTAGGG
Pcub-MSU1_007	870000	0	0	TTTAGGG
Pcub-MSU1_007	880000	0	0	TTTAGGG
Pcub-MSU1_007	890000	0	0	TTTAGGG
Pcub-MSU1_007	900000	0	0	TTTAGGG
Pcub-MSU1_007	910000	0	0	TTTAGGG
Pcub-MSU1_007	920000	0	0	TTTAGGG
Pcub-MSU1_007	930000	0	0	TTTAGGG
Pcub-MSU1_007	940000	0	0	TTTAGGG
Pcub-MSU1_007	950000	0	0	TTTAGGG
Pcub-MSU1_007	960000	0	0	TTTAGGG
Pcub-MSU1_007	970000	0	0	TTTAGGG
Pcub-MSU1_007	980000	0	0	TTTAGGG
Pcub-MSU1_007	990000	0	0	TTTAGGG
Pcub-MSU1_007	1000000	0	0	TTTAGGG
Pcub-MSU1_007	1010000	0	0	TTTAGGG
Pcub-MSU1_007	1020000	0	0	TTTAGGG
Pcub-MSU1_007	1030000	0	0	TTTAGGG
Pcub-MSU1_007	1040000	0	0	TTTAGGG
Pcub-MSU1_007	1050000	0	0	TTTAGGG
Pcub-MSU1_007	1060000	0	0	TTTAGGG
Pcub-MSU1_007	1070000	0	0	TTTAGGG
Pcub-MSU1_007	1080000	0	0	TTTAGGG
Pcub-MSU1_007	1090000	0	0	TTTAGGG
Pcub-MSU1_007	1100000	0	0	TTTAGGG
Pcub-MSU1_007	1110000	0	0	TTTAGGG
Pcub-MSU1_007	1120000	0	0	TTTAGGG
Pcub-MSU1_007	1130000	0	0	TTTAGGG
Pcub-MSU1_007	1140000	0	0	TTTAGGG
Pcub-MSU1_007	1150000	0	0	TTTAGGG
Pcub-MSU1_007	1160000	0	0	TTTAGGG
Pcub-MSU1_007	1170000	0	0	TTTAGGG
Pcub-MSU1_007	1180000	0	0	TTTAGGG
Pcub-MSU1_007	1190000	0	0	TTTAGGG
Pcub-MSU1_007	1200000	0	0	TTTAGGG
Pcub-MSU1_007	1210000	0	0	TTTAGGG
Pcub-MSU1_007	1220000	0	0	TTTAGGG
Pcub-MSU1_007	1230000	0	0	TTTAGGG
Pcub-MSU1_007	1240000	0	0	TTTAGGG
Pcub-MSU1_007	1250000	0	0	TTTAGGG
Pcub-MSU1_007	1260000	0	0	TTTAGGG
Pcub-MSU1_007	1270000	0	0	TTTAGGG
Pcub-MSU1_007	1280000	0	0	TTTAGGG
Pcub-MSU1_007	1290000	0	0	TTTAGGG
Pcub-MSU1_007	1300000	0	0	TTTAGGG
Pcub-MSU1_007	1310000	0	0	TTTAGGG
Pcub-MSU1_007	1320000	0	0	TTTAGGG
Pcub-MSU1_007	1330000	0	0	TTTAGGG
Pcub-MSU1_007	1340000	0	0	TTTAGGG
Pcub-MSU1_007	1350000	0	0	TTTAGGG
Pcub-MSU1_007	1360000	0	0	TTTAGGG
Pcub-MSU1_007	1370000	0	0	TTTAGGG
Pcub-MSU1_007	1380000	0	0	TTTAGGG
Pcub-MSU1_007	1390000	0	0	TTTAGGG
Pcub-MSU1_007	1400000	0	0	TTTAGGG
Pcub-MSU1_007	1410000	0	0	TTTAGGG
Pcub-MSU1_007	1420000	0	0	TTTAGGG
Pcub-MSU1_007	1430000	0	0	TTTAGGG
Pcub-MSU1_007	1440000	0	0	TTTAGGG
Pcub-MSU1_007	1450000	0	0	TTTAGGG
Pcub-MSU1_007	1460000	0	0	TTTAGGG
Pcub-MSU1_007	1470000	0	0	TTTAGGG
Pcub-MSU1_007	1480000	0	0	TTTAGGG
Pcub-MSU1_007	1490000	0	0	TTTAGGG
Pcub-MSU1_007	1500000	0	0	TTTAGGG
Pcub-MSU1_007	1510000	0	0	TTTAGGG
Pcub-MSU1_007	1520000	0	0	TTTAGGG
Pcub-MSU1_007	1530000	0	0	TTTAGGG
Pcub-MSU1_007	1540000	0	0	TTTAGGG
Pcub-MSU1_007	1550000	0	0	TTTAGGG
Pcub-MSU1_007	1560000	0	0	TTTAGGG
Pcub-MSU1_007	1570000	0	0	TTTAGGG
Pcub-MSU1_007	1580000	0	0	TTTAGGG
Pcub-MSU1_007	1590000	0	0	TTTAGGG
Pcub-MSU1_007	1600000	0	0	TTTAGGG
Pcub-MSU1_007	1610000	0	0	TTTAGGG
Pcub-MSU1_007	1620000	0	0	TTTAGGG
Pcub-MSU1_007	1630000	0	0	TTTAGGG
Pcub-MSU1_007	1640000	0	0	TTTAGGG
Pcub-MSU1_007	1650000	0	0	TTTAGGG
Pcub-MSU1_007	1660000	0	0	TTTAGGG
Pcub-MSU1_007	1670000	0	0	TTTAGGG
Pcub-MSU1_007	1680000	0	0	TTTAGGG
Pcub-MSU1_007	1690000	0	0	TTTAGGG
Pcub-MSU1_007	1700000	0	0	TTTAGGG
Pcub-MSU1_007	1710000	0	0	TTTAGGG
Pcub-MSU1_007	1720000	0	0	TTTAGGG
Pcub-MSU1_007	1730000	0	0	TTTAGGG
Pcub-MSU1_007	1740000	0	0	TTTAGGG
Pcub-MSU1_007	1750000	0	0	TTTAGGG
Pcub-MSU1_007	1760000	0	0	TTTAGGG
Pcub-MSU1_007	1770000	0	0	TTTAGGG
Pcub-MSU1_007	1780000	0	0	TTTAGGG
Pcub-MSU1_007	1790000	0	0	TTTAGGG
Pcub-MSU1_007	1800000	0	0	TTTAGGG
Pcub-MSU1_007	1810000	0	0	TTTAGGG
Pcub-MSU1_007	1820000	0	0	TTTAGGG
Pcub-MSU1_007	1830000	0	0	TTTAGGG
Pcub-MSU1_007	1840000	0	0	TTTAGGG
Pcub-MSU1_007	1850000	0	0	TTTAGGG
Pcub-MSU1_007	1860000	0	0	TTTAGGG
Pcub-MSU1_007	1870000	0	0	TTTAGGG
Pcub-MSU1_007	1880000	0	0	TTTAGGG
Pcub-MSU1_007	1890000	0	0	TTTAGGG
Pcub-MSU1_007	1900000	2	0	TTTAGGG
Pcub-MSU1_007	1910000	0	0	TTTAGGG
Pcub-MSU1_007	1920000	0	0	TTTAGGG
Pcub-MSU1_007	1930000	1	0	TTTAGGG
Pcub-MSU1_007	1940000	0	0	TTTAGGG
Pcub-MSU1_007	1950000	0	0	TTTAGGG
Pcub-MSU1_007	1960000	0	0	TTTAGGG
Pcub-MSU1_007	1970000	0	0	TTTAGGG
Pcub-MSU1_007	1980000	0	0	TTTAGGG
Pcub-MSU1_007	1990000	0	0	TTTAGGG
Pcub-MSU1_007	2000000	0	0	TTTAGGG
Pcub-MSU1_007	2010000	0	0	TTTAGGG
Pcub-MSU1_007	2020000	0	0	TTTAGGG
Pcub-MSU1_007	2030000	0	0	TTTAGGG
Pcub-MSU1_007	2040000	0	0	TTTAGGG
Pcub-MSU1_007	2050000	0	0	TTTAGGG
Pcub-MSU1_007	2060000	0	0	TTTAGGG
Pcub-MSU1_007	2070000	0	0	TTTAGGG
Pcub-MSU1_007	2080000	0	0	TTTAGGG
Pcub-MSU1_007	2090000	0	0	TTTAGGG
Pcub-MSU1_007	2100000	0	0	TTTAGGG
Pcub-MSU1_007	2110000	0	0	TTTAGGG
Pcub-MSU1_007	2120000	0	0	TTTAGGG
Pcub-MSU1_007	2130000	0	0	TTTAGGG
Pcub-MSU1_007	2140000	0	0	TTTAGGG
Pcub-MSU1_007	2150000	0	0	TTTAGGG
Pcub-MSU1_007	2160000	0	0	TTTAGGG
Pcub-MSU1_007	2170000	0	0	TTTAGGG
Pcub-MSU1_007	2180000	0	0	TTTAGGG
Pcub-MSU1_007	2190000	0	0	TTTAGGG
Pcub-MSU1_007	2200000	0	0	TTTAGGG
Pcub-MSU1_007	2210000	0	0	TTTAGGG
Pcub-MSU1_007	2220000	0	0	TTTAGGG
Pcub-MSU1_007	2230000	0	0	TTTAGGG
Pcub-MSU1_007	2240000	0	0	TTTAGGG
Pcub-MSU1_007	2250000	0	0	TTTAGGG
Pcub-MSU1_007	2260000	0	0	TTTAGGG
Pcub-MSU1_007	2270000	0	0	TTTAGGG
Pcub-MSU1_007	2280000	0	0	TTTAGGG
Pcub-MSU1_007	2290000	0	0	TTTAGGG
Pcub-MSU1_007	2300000	0	0	TTTAGGG
Pcub-MSU1_007	2310000	0	0	TTTAGGG
Pcub-MSU1_007	2320000	0	0	TTTAGGG
Pcub-MSU1_007	2330000	0	0	TTTAGGG
Pcub-MSU1_007	2340000	0	0	TTTAGGG
Pcub-MSU1_007	2350000	0	0	TTTAGGG
Pcub-MSU1_007	2360000	0	0	TTTAGGG
Pcub-MSU1_007	2370000	0	0	TTTAGGG
Pcub-MSU1_007	2380000	0	0	TTTAGGG
Pcub-MSU1_007	2390000	0	0	TTTAGGG
Pcub-MSU1_007	2400000	0	0	TTTAGGG
Pcub-MSU1_007	2410000	0	0	TTTAGGG
Pcub-MSU1_007	2420000	0	0	TTTAGGG
Pcub-MSU1_007	2430000	0	0	TTTAGGG
Pcub-MSU1_007	2440000	0	0	TTTAGGG
Pcub-MSU1_007	2450000	0	0	TTTAGGG
Pcub-MSU1_007	2460000	0	0	TTTAGGG
Pcub-MSU1_007	2470000	0	0	TTTAGGG
Pcub-MSU1_007	2480000	0	0	TTTAGGG
Pcub-MSU1_007	2490000	0	0	TTTAGGG
Pcub-MSU1_007	2500000	0	0	TTTAGGG
Pcub-MSU1_007	2510000	0	0	TTTAGGG
Pcub-MSU1_007	2520000	0	0	TTTAGGG
Pcub-MSU1_007	2530000	0	0	TTTAGGG
Pcub-MSU1_007	2540000	0	0	TTTAGGG
Pcub-MSU1_007	2550000	0	0	TTTAGGG
Pcub-MSU1_007	2560000	0	0	TTTAGGG
Pcub-MSU1_007	2570000	0	0	TTTAGGG
Pcub-MSU1_007	2580000	0	0	TTTAGGG
Pcub-MSU1_007	2590000	0	0	TTTAGGG
Pcub-MSU1_007	2600000	0	0	TTTAGGG
Pcub-MSU1_007	2610000	0	0	TTTAGGG
Pcub-MSU1_007	2620000	0	0	TTTAGGG
Pcub-MSU1_007	2630000	0	0	TTTAGGG
Pcub-MSU1_007	2640000	0	0	TTTAGGG
Pcub-MSU1_007	2650000	0	0	TTTAGGG
Pcub-MSU1_007	2660000	0	1	TTTAGGG
Pcub-MSU1_007	2670000	0	0	TTTAGGG
Pcub-MSU1_007	2680000	0	0	TTTAGGG
Pcub-MSU1_007	2690000	0	0	TTTAGGG
Pcub-MSU1_007	2700000	0	0	TTTAGGG
Pcub-MSU1_007	2710000	0	0	TTTAGGG
Pcub-MSU1_007	2720000	0	0	TTTAGGG
Pcub-MSU1_007	2730000	0	0	TTTAGGG
Pcub-MSU1_007	2740000	0	0	TTTAGGG
Pcub-MSU1_007	2750000	0	0	TTTAGGG
Pcub-MSU1_007	2760000	0	0	TTTAGGG
Pcub-MSU1_007	2770000	0	0	TTTAGGG
Pcub-MSU1_007	2780000	0	0	TTTAGGG
Pcub-MSU1_007	2790000	0	0	TTTAGGG
Pcub-MSU1_007	2800000	0	0	TTTAGGG
Pcub-MSU1_007	2810000	0	0	TTTAGGG
Pcub-MSU1_007	2820000	0	0	TTTAGGG
Pcub-MSU1_007	2830000	0	0	TTTAGGG
Pcub-MSU1_007	2840000	0	1	TTTAGGG
Pcub-MSU1_007	2850000	0	0	TTTAGGG
Pcub-MSU1_007	2860000	0	0	TTTAGGG
Pcub-MSU1_007	2870000	0	0	TTTAGGG
Pcub-MSU1_007	2880000	0	0	TTTAGGG
Pcub-MSU1_007	2890000	0	0	TTTAGGG
Pcub-MSU1_007	2900000	0	0	TTTAGGG
Pcub-MSU1_007	2910000	0	0	TTTAGGG
Pcub-MSU1_007	2920000	0	0	TTTAGGG
Pcub-MSU1_007	2930000	0	0	TTTAGGG
Pcub-MSU1_007	2940000	0	0	TTTAGGG
Pcub-MSU1_007	2950000	0	0	TTTAGGG
Pcub-MSU1_007	2960000	0	0	TTTAGGG
Pcub-MSU1_007	2970000	0	0	TTTAGGG
Pcub-MSU1_007	2980000	0	0	TTTAGGG
Pcub-MSU1_007	2990000	0	0	TTTAGGG
Pcub-MSU1_007	3000000	0	0	TTTAGGG
Pcub-MSU1_007	3010000	0	0	TTTAGGG
Pcub-MSU1_007	3020000	0	0	TTTAGGG
Pcub-MSU1_007	3030000	0	0	TTTAGGG
Pcub-MSU1_007	3040000	0	0	TTTAGGG
Pcub-MSU1_007	3050000	0	0	TTTAGGG
Pcub-MSU1_007	3060000	0	0	TTTAGGG
Pcub-MSU1_007	3070000	1	0	TTTAGGG
Pcub-MSU1_007	3080000	0	0	TTTAGGG
Pcub-MSU1_007	3090000	1	1	TTTAGGG
Pcub-MSU1_007	3100000	0	1	TTTAGGG
Pcub-MSU1_007	3110000	0	1	TTTAGGG
Pcub-MSU1_007	3120000	0	0	TTTAGGG
Pcub-MSU1_007	3130000	0	0	TTTAGGG
Pcub-MSU1_007	3140000	0	0	TTTAGGG
Pcub-MSU1_007	3150000	0	0	TTTAGGG
Pcub-MSU1_007	3160000	1	0	TTTAGGG
Pcub-MSU1_007	3170000	0	1	TTTAGGG
Pcub-MSU1_007	3180000	0	0	TTTAGGG
Pcub-MSU1_007	3190000	0	0	TTTAGGG
Pcub-MSU1_007	3200000	1	0	TTTAGGG
Pcub-MSU1_007	3210000	0	0	TTTAGGG
Pcub-MSU1_007	3220000	0	0	TTTAGGG
Pcub-MSU1_007	3230000	1	0	TTTAGGG
Pcub-MSU1_007	3240000	0	0	TTTAGGG
Pcub-MSU1_007	3250000	0	0	TTTAGGG
Pcub-MSU1_007	3260000	0	0	TTTAGGG
Pcub-MSU1_007	3270000	0	0	TTTAGGG
Pcub-MSU1_007	3280000	0	0	TTTAGGG
Pcub-MSU1_007	3290000	0	0	TTTAGGG
Pcub-MSU1_007	3300000	0	0	TTTAGGG
Pcub-MSU1_007	3310000	0	0	TTTAGGG
Pcub-MSU1_007	3320000	0	0	TTTAGGG
Pcub-MSU1_007	3330000	0	0	TTTAGGG
Pcub-MSU1_007	3340000	0	0	TTTAGGG
Pcub-MSU1_007	3350000	0	0	TTTAGGG
Pcub-MSU1_007	3360000	0	0	TTTAGGG
Pcub-MSU1_007	3370000	0	0	TTTAGGG
Pcub-MSU1_007	3380000	0	0	TTTAGGG
Pcub-MSU1_007	3390000	0	0	TTTAGGG
Pcub-MSU1_007	3400000	0	0	TTTAGGG
Pcub-MSU1_007	3410000	0	0	TTTAGGG
Pcub-MSU1_007	3420000	0	0	TTTAGGG
Pcub-MSU1_007	3430000	0	0	TTTAGGG
Pcub-MSU1_007	3440000	1	0	TTTAGGG
Pcub-MSU1_007	3450000	0	0	TTTAGGG
Pcub-MSU1_007	3460000	0	0	TTTAGGG
Pcub-MSU1_007	3470000	0	0	TTTAGGG
Pcub-MSU1_007	3480000	1	0	TTTAGGG
Pcub-MSU1_007	3490000	0	0	TTTAGGG
Pcub-MSU1_007	3500000	0	0	TTTAGGG
Pcub-MSU1_007	3510000	0	0	TTTAGGG
Pcub-MSU1_007	3520000	0	0	TTTAGGG
Pcub-MSU1_007	3530000	1	1	TTTAGGG
Pcub-MSU1_007	3540000	0	0	TTTAGGG
Pcub-MSU1_007	3550000	0	0	TTTAGGG
Pcub-MSU1_007	3560000	0	0	TTTAGGG
Pcub-MSU1_007	3570000	0	1	TTTAGGG
Pcub-MSU1_007	3580000	0	0	TTTAGGG
Pcub-MSU1_007	3590000	0	0	TTTAGGG
Pcub-MSU1_007	3600000	0	0	TTTAGGG
Pcub-MSU1_007	3610000	0	0	TTTAGGG
Pcub-MSU1_007	3620000	0	0	TTTAGGG
Pcub-MSU1_007	3630000	0	0	TTTAGGG
Pcub-MSU1_007	3640000	0	0	TTTAGGG
Pcub-MSU1_007	3650000	0	0	TTTAGGG
Pcub-MSU1_007	3660000	0	0	TTTAGGG
Pcub-MSU1_007	3670000	0	0	TTTAGGG
Pcub-MSU1_007	3680000	1	0	TTTAGGG
Pcub-MSU1_007	3690000	0	0	TTTAGGG
Pcub-MSU1_007	3700000	0	0	TTTAGGG
Pcub-MSU1_007	3710000	0	2	TTTAGGG
Pcub-MSU1_007	3720000	0	1	TTTAGGG
Pcub-MSU1_007	3730000	0	0	TTTAGGG
Pcub-MSU1_007	3740000	0	0	TTTAGGG
Pcub-MSU1_007	3750000	0	0	TTTAGGG
Pcub-MSU1_007	3760000	0	1	TTTAGGG
Pcub-MSU1_007	3770000	0	0	TTTAGGG
Pcub-MSU1_007	3780000	0	0	TTTAGGG
Pcub-MSU1_007	3790000	0	0	TTTAGGG
Pcub-MSU1_007	3800000	0	0	TTTAGGG
Pcub-MSU1_007	3810000	0	0	TTTAGGG
Pcub-MSU1_007	3820000	1	0	TTTAGGG
Pcub-MSU1_007	3830000	0	0	TTTAGGG
Pcub-MSU1_007	3840000	0	0	TTTAGGG
Pcub-MSU1_007	3850000	0	0	TTTAGGG
Pcub-MSU1_007	3860000	0	0	TTTAGGG
Pcub-MSU1_007	3870000	0	0	TTTAGGG
Pcub-MSU1_007	3880000	0	0	TTTAGGG
Pcub-MSU1_007	3890000	0	0	TTTAGGG
Pcub-MSU1_007	3900000	0	0	TTTAGGG
Pcub-MSU1_007	3910000	0	0	TTTAGGG
Pcub-MSU1_007	3920000	0	0	TTTAGGG
Pcub-MSU1_007	3930000	1	0	TTTAGGG
Pcub-MSU1_007	3940000	0	0	TTTAGGG
Pcub-MSU1_007	3950000	0	0	TTTAGGG
Pcub-MSU1_007	3960000	0	0	TTTAGGG
Pcub-MSU1_007	3970000	0	0	TTTAGGG
Pcub-MSU1_007	3980000	0	0	TTTAGGG
Pcub-MSU1_007	3990000	0	0	TTTAGGG
Pcub-MSU1_007	4000000	0	0	TTTAGGG
Pcub-MSU1_007	4010000	0	0	TTTAGGG
Pcub-MSU1_007	4020000	0	0	TTTAGGG
Pcub-MSU1_007	4030000	0	0	TTTAGGG
Pcub-MSU1_007	4040000	0	0	TTTAGGG
Pcub-MSU1_007	4050000	0	0	TTTAGGG
Pcub-MSU1_007	4060000	0	0	TTTAGGG
Pcub-MSU1_007	4070000	0	0	TTTAGGG
Pcub-MSU1_007	4080000	0	0	TTTAGGG
Pcub-MSU1_007	4090000	0	0	TTTAGGG
Pcub-MSU1_007	4100000	0	0	TTTAGGG
Pcub-MSU1_007	4110000	0	0	TTTAGGG
Pcub-MSU1_007	4120000	0	0	TTTAGGG
Pcub-MSU1_007	4130000	0	0	TTTAGGG
Pcub-MSU1_007	4140000	0	0	TTTAGGG
Pcub-MSU1_007	4150000	0	0	TTTAGGG
Pcub-MSU1_007	4160000	0	0	TTTAGGG
Pcub-MSU1_007	4170000	0	0	TTTAGGG
Pcub-MSU1_007	4180000	0	0	TTTAGGG
Pcub-MSU1_007	4190000	0	0	TTTAGGG
Pcub-MSU1_007	4200000	0	2	TTTAGGG
Pcub-MSU1_007	4210000	1	0	TTTAGGG
Pcub-MSU1_007	4220000	0	0	TTTAGGG
Pcub-MSU1_007	4230000	0	0	TTTAGGG
Pcub-MSU1_007	4240000	0	0	TTTAGGG
Pcub-MSU1_007	4250000	0	0	TTTAGGG
Pcub-MSU1_007	4260000	0	0	TTTAGGG
Pcub-MSU1_007	4270000	0	0	TTTAGGG
Pcub-MSU1_007	4280000	0	0	TTTAGGG
Pcub-MSU1_007	4290000	0	0	TTTAGGG
Pcub-MSU1_007	4300000	0	0	TTTAGGG
Pcub-MSU1_007	4310000	0	0	TTTAGGG
Pcub-MSU1_007	4320000	0	0	TTTAGGG
Pcub-MSU1_007	4330000	0	0	TTTAGGG
Pcub-MSU1_007	4340000	1	0	TTTAGGG
Pcub-MSU1_007	4350000	1	0	TTTAGGG
Pcub-MSU1_007	4360000	0	0	TTTAGGG
Pcub-MSU1_007	4370000	0	0	TTTAGGG
Pcub-MSU1_007	4380000	0	1	TTTAGGG
Pcub-MSU1_007	4390000	0	0	TTTAGGG
Pcub-MSU1_007	4400000	1	0	TTTAGGG
Pcub-MSU1_007	4410000	1	1	TTTAGGG
Pcub-MSU1_007	4420000	0	0	TTTAGGG
Pcub-MSU1_007	4422777	50	0	TTTAGGG
Pcub-MSU1_008	10000	1	60	TTTAGGG
Pcub-MSU1_008	20000	0	0	TTTAGGG
Pcub-MSU1_008	30000	0	1	TTTAGGG
Pcub-MSU1_008	40000	0	0	TTTAGGG
Pcub-MSU1_008	50000	0	0	TTTAGGG
Pcub-MSU1_008	60000	1	0	TTTAGGG
Pcub-MSU1_008	70000	0	0	TTTAGGG
Pcub-MSU1_008	80000	0	0	TTTAGGG
Pcub-MSU1_008	90000	0	0	TTTAGGG
Pcub-MSU1_008	100000	0	0	TTTAGGG
Pcub-MSU1_008	110000	0	0	TTTAGGG
Pcub-MSU1_008	120000	0	0	TTTAGGG
Pcub-MSU1_008	130000	0	0	TTTAGGG
Pcub-MSU1_008	140000	0	0	TTTAGGG
Pcub-MSU1_008	150000	1	0	TTTAGGG
Pcub-MSU1_008	160000	0	0	TTTAGGG
Pcub-MSU1_008	170000	0	0	TTTAGGG
Pcub-MSU1_008	180000	0	0	TTTAGGG
Pcub-MSU1_008	190000	0	0	TTTAGGG
Pcub-MSU1_008	200000	0	0	TTTAGGG
Pcub-MSU1_008	210000	0	0	TTTAGGG
Pcub-MSU1_008	220000	0	0	TTTAGGG
Pcub-MSU1_008	230000	0	0	TTTAGGG
Pcub-MSU1_008	240000	0	0	TTTAGGG
Pcub-MSU1_008	250000	0	0	TTTAGGG
Pcub-MSU1_008	260000	0	0	TTTAGGG
Pcub-MSU1_008	270000	0	0	TTTAGGG
Pcub-MSU1_008	280000	1	0	TTTAGGG
Pcub-MSU1_008	290000	1	1	TTTAGGG
Pcub-MSU1_008	300000	2	1	TTTAGGG
Pcub-MSU1_008	310000	0	0	TTTAGGG
Pcub-MSU1_008	320000	0	0	TTTAGGG
Pcub-MSU1_008	330000	0	1	TTTAGGG
Pcub-MSU1_008	340000	0	0	TTTAGGG
Pcub-MSU1_008	350000	1	1	TTTAGGG
Pcub-MSU1_008	360000	0	0	TTTAGGG
Pcub-MSU1_008	370000	0	0	TTTAGGG
Pcub-MSU1_008	380000	0	0	TTTAGGG
Pcub-MSU1_008	390000	0	0	TTTAGGG
Pcub-MSU1_008	400000	0	0	TTTAGGG
Pcub-MSU1_008	410000	0	0	TTTAGGG
Pcub-MSU1_008	420000	0	0	TTTAGGG
Pcub-MSU1_008	430000	0	0	TTTAGGG
Pcub-MSU1_008	440000	0	0	TTTAGGG
Pcub-MSU1_008	450000	0	0	TTTAGGG
Pcub-MSU1_008	460000	1	1	TTTAGGG
Pcub-MSU1_008	470000	0	1	TTTAGGG
Pcub-MSU1_008	480000	1	0	TTTAGGG
Pcub-MSU1_008	490000	0	0	TTTAGGG
Pcub-MSU1_008	500000	1	0	TTTAGGG
Pcub-MSU1_008	510000	0	0	TTTAGGG
Pcub-MSU1_008	520000	0	0	TTTAGGG
Pcub-MSU1_008	530000	0	0	TTTAGGG
Pcub-MSU1_008	540000	0	0	TTTAGGG
Pcub-MSU1_008	550000	0	0	TTTAGGG
Pcub-MSU1_008	560000	0	0	TTTAGGG
Pcub-MSU1_008	570000	0	0	TTTAGGG
Pcub-MSU1_008	580000	0	0	TTTAGGG
Pcub-MSU1_008	590000	0	0	TTTAGGG
Pcub-MSU1_008	600000	0	0	TTTAGGG
Pcub-MSU1_008	610000	0	0	TTTAGGG
Pcub-MSU1_008	620000	0	0	TTTAGGG
Pcub-MSU1_008	630000	0	0	TTTAGGG
Pcub-MSU1_008	640000	0	0	TTTAGGG
Pcub-MSU1_008	650000	0	0	TTTAGGG
Pcub-MSU1_008	660000	0	1	TTTAGGG
Pcub-MSU1_008	670000	0	0	TTTAGGG
Pcub-MSU1_008	680000	1	0	TTTAGGG
Pcub-MSU1_008	690000	0	0	TTTAGGG
Pcub-MSU1_008	700000	0	0	TTTAGGG
Pcub-MSU1_008	710000	0	0	TTTAGGG
Pcub-MSU1_008	720000	0	0	TTTAGGG
Pcub-MSU1_008	730000	0	0	TTTAGGG
Pcub-MSU1_008	740000	0	0	TTTAGGG
Pcub-MSU1_008	750000	0	0	TTTAGGG
Pcub-MSU1_008	760000	0	0	TTTAGGG
Pcub-MSU1_008	770000	0	0	TTTAGGG
Pcub-MSU1_008	780000	0	0	TTTAGGG
Pcub-MSU1_008	790000	0	0	TTTAGGG
Pcub-MSU1_008	800000	0	0	TTTAGGG
Pcub-MSU1_008	810000	0	0	TTTAGGG
Pcub-MSU1_008	820000	0	0	TTTAGGG
Pcub-MSU1_008	830000	0	0	TTTAGGG
Pcub-MSU1_008	840000	0	0	TTTAGGG
Pcub-MSU1_008	850000	0	0	TTTAGGG
Pcub-MSU1_008	860000	0	0	TTTAGGG
Pcub-MSU1_008	870000	0	0	TTTAGGG
Pcub-MSU1_008	880000	0	0	TTTAGGG
Pcub-MSU1_008	890000	0	0	TTTAGGG
Pcub-MSU1_008	900000	0	0	TTTAGGG
Pcub-MSU1_008	910000	0	0	TTTAGGG
Pcub-MSU1_008	920000	0	0	TTTAGGG
Pcub-MSU1_008	930000	0	0	TTTAGGG
Pcub-MSU1_008	940000	0	0	TTTAGGG
Pcub-MSU1_008	950000	0	0	TTTAGGG
Pcub-MSU1_008	960000	0	0	TTTAGGG
Pcub-MSU1_008	970000	0	0	TTTAGGG
Pcub-MSU1_008	980000	0	0	TTTAGGG
Pcub-MSU1_008	990000	0	0	TTTAGGG
Pcub-MSU1_008	1000000	0	0	TTTAGGG
Pcub-MSU1_008	1010000	0	0	TTTAGGG
Pcub-MSU1_008	1020000	0	0	TTTAGGG
Pcub-MSU1_008	1030000	0	1	TTTAGGG
Pcub-MSU1_008	1040000	0	0	TTTAGGG
Pcub-MSU1_008	1050000	1	0	TTTAGGG
Pcub-MSU1_008	1060000	0	0	TTTAGGG
Pcub-MSU1_008	1070000	0	0	TTTAGGG
Pcub-MSU1_008	1080000	1	0	TTTAGGG
Pcub-MSU1_008	1090000	0	0	TTTAGGG
Pcub-MSU1_008	1100000	0	0	TTTAGGG
Pcub-MSU1_008	1110000	0	0	TTTAGGG
Pcub-MSU1_008	1120000	0	0	TTTAGGG
Pcub-MSU1_008	1130000	0	0	TTTAGGG
Pcub-MSU1_008	1140000	0	0	TTTAGGG
Pcub-MSU1_008	1150000	0	0	TTTAGGG
Pcub-MSU1_008	1160000	0	0	TTTAGGG
Pcub-MSU1_008	1170000	0	0	TTTAGGG
Pcub-MSU1_008	1180000	0	1	TTTAGGG
Pcub-MSU1_008	1190000	0	0	TTTAGGG
Pcub-MSU1_008	1200000	0	0	TTTAGGG
Pcub-MSU1_008	1210000	0	0	TTTAGGG
Pcub-MSU1_008	1220000	0	0	TTTAGGG
Pcub-MSU1_008	1230000	0	0	TTTAGGG
Pcub-MSU1_008	1240000	0	0	TTTAGGG
Pcub-MSU1_008	1250000	0	0	TTTAGGG
Pcub-MSU1_008	1260000	0	0	TTTAGGG
Pcub-MSU1_008	1270000	0	0	TTTAGGG
Pcub-MSU1_008	1280000	0	0	TTTAGGG
Pcub-MSU1_008	1290000	0	0	TTTAGGG
Pcub-MSU1_008	1300000	0	1	TTTAGGG
Pcub-MSU1_008	1310000	0	0	TTTAGGG
Pcub-MSU1_008	1320000	0	0	TTTAGGG
Pcub-MSU1_008	1330000	0	0	TTTAGGG
Pcub-MSU1_008	1340000	0	0	TTTAGGG
Pcub-MSU1_008	1350000	0	0	TTTAGGG
Pcub-MSU1_008	1360000	0	0	TTTAGGG
Pcub-MSU1_008	1370000	0	0	TTTAGGG
Pcub-MSU1_008	1380000	0	0	TTTAGGG
Pcub-MSU1_008	1390000	0	0	TTTAGGG
Pcub-MSU1_008	1400000	0	0	TTTAGGG
Pcub-MSU1_008	1410000	0	0	TTTAGGG
Pcub-MSU1_008	1420000	0	0	TTTAGGG
Pcub-MSU1_008	1430000	0	0	TTTAGGG
Pcub-MSU1_008	1440000	0	0	TTTAGGG
Pcub-MSU1_008	1450000	0	0	TTTAGGG
Pcub-MSU1_008	1460000	0	0	TTTAGGG
Pcub-MSU1_008	1470000	0	0	TTTAGGG
Pcub-MSU1_008	1480000	0	0	TTTAGGG
Pcub-MSU1_008	1490000	0	0	TTTAGGG
Pcub-MSU1_008	1500000	0	0	TTTAGGG
Pcub-MSU1_008	1510000	0	0	TTTAGGG
Pcub-MSU1_008	1520000	0	0	TTTAGGG
Pcub-MSU1_008	1530000	0	0	TTTAGGG
Pcub-MSU1_008	1540000	0	0	TTTAGGG
Pcub-MSU1_008	1550000	0	0	TTTAGGG
Pcub-MSU1_008	1560000	0	0	TTTAGGG
Pcub-MSU1_008	1570000	0	0	TTTAGGG
Pcub-MSU1_008	1580000	0	0	TTTAGGG
Pcub-MSU1_008	1590000	0	0	TTTAGGG
Pcub-MSU1_008	1600000	0	0	TTTAGGG
Pcub-MSU1_008	1610000	0	0	TTTAGGG
Pcub-MSU1_008	1620000	0	0	TTTAGGG
Pcub-MSU1_008	1630000	0	1	TTTAGGG
Pcub-MSU1_008	1640000	0	0	TTTAGGG
Pcub-MSU1_008	1650000	0	0	TTTAGGG
Pcub-MSU1_008	1660000	1	0	TTTAGGG
Pcub-MSU1_008	1670000	0	0	TTTAGGG
Pcub-MSU1_008	1680000	0	0	TTTAGGG
Pcub-MSU1_008	1690000	0	1	TTTAGGG
Pcub-MSU1_008	1700000	0	0	TTTAGGG
Pcub-MSU1_008	1710000	0	1	TTTAGGG
Pcub-MSU1_008	1720000	0	1	TTTAGGG
Pcub-MSU1_008	1730000	0	1	TTTAGGG
Pcub-MSU1_008	1740000	0	0	TTTAGGG
Pcub-MSU1_008	1750000	0	0	TTTAGGG
Pcub-MSU1_008	1760000	1	0	TTTAGGG
Pcub-MSU1_008	1770000	0	0	TTTAGGG
Pcub-MSU1_008	1780000	0	0	TTTAGGG
Pcub-MSU1_008	1790000	0	0	TTTAGGG
Pcub-MSU1_008	1800000	0	0	TTTAGGG
Pcub-MSU1_008	1810000	0	0	TTTAGGG
Pcub-MSU1_008	1820000	0	0	TTTAGGG
Pcub-MSU1_008	1830000	0	0	TTTAGGG
Pcub-MSU1_008	1840000	0	0	TTTAGGG
Pcub-MSU1_008	1850000	0	0	TTTAGGG
Pcub-MSU1_008	1860000	0	0	TTTAGGG
Pcub-MSU1_008	1870000	0	0	TTTAGGG
Pcub-MSU1_008	1880000	0	0	TTTAGGG
Pcub-MSU1_008	1890000	0	0	TTTAGGG
Pcub-MSU1_008	1900000	0	0	TTTAGGG
Pcub-MSU1_008	1910000	0	0	TTTAGGG
Pcub-MSU1_008	1920000	0	0	TTTAGGG
Pcub-MSU1_008	1930000	0	0	TTTAGGG
Pcub-MSU1_008	1940000	0	0	TTTAGGG
Pcub-MSU1_008	1950000	0	0	TTTAGGG
Pcub-MSU1_008	1960000	0	0	TTTAGGG
Pcub-MSU1_008	1970000	0	0	TTTAGGG
Pcub-MSU1_008	1980000	0	0	TTTAGGG
Pcub-MSU1_008	1990000	0	0	TTTAGGG
Pcub-MSU1_008	2000000	0	0	TTTAGGG
Pcub-MSU1_008	2010000	0	0	TTTAGGG
Pcub-MSU1_008	2020000	0	0	TTTAGGG
Pcub-MSU1_008	2030000	0	0	TTTAGGG
Pcub-MSU1_008	2040000	0	0	TTTAGGG
Pcub-MSU1_008	2050000	0	0	TTTAGGG
Pcub-MSU1_008	2060000	0	1	TTTAGGG
Pcub-MSU1_008	2070000	0	0	TTTAGGG
Pcub-MSU1_008	2080000	0	0	TTTAGGG
Pcub-MSU1_008	2090000	0	0	TTTAGGG
Pcub-MSU1_008	2100000	0	0	TTTAGGG
Pcub-MSU1_008	2110000	0	0	TTTAGGG
Pcub-MSU1_008	2120000	0	0	TTTAGGG
Pcub-MSU1_008	2130000	0	0	TTTAGGG
Pcub-MSU1_008	2140000	0	0	TTTAGGG
Pcub-MSU1_008	2150000	0	0	TTTAGGG
Pcub-MSU1_008	2160000	1	1	TTTAGGG
Pcub-MSU1_008	2170000	0	0	TTTAGGG
Pcub-MSU1_008	2180000	0	0	TTTAGGG
Pcub-MSU1_008	2190000	0	0	TTTAGGG
Pcub-MSU1_008	2200000	0	0	TTTAGGG
Pcub-MSU1_008	2210000	0	0	TTTAGGG
Pcub-MSU1_008	2220000	0	0	TTTAGGG
Pcub-MSU1_008	2230000	0	0	TTTAGGG
Pcub-MSU1_008	2240000	0	0	TTTAGGG
Pcub-MSU1_008	2250000	0	0	TTTAGGG
Pcub-MSU1_008	2260000	0	0	TTTAGGG
Pcub-MSU1_008	2270000	0	0	TTTAGGG
Pcub-MSU1_008	2280000	0	0	TTTAGGG
Pcub-MSU1_008	2290000	1	0	TTTAGGG
Pcub-MSU1_008	2300000	0	0	TTTAGGG
Pcub-MSU1_008	2310000	0	0	TTTAGGG
Pcub-MSU1_008	2320000	0	1	TTTAGGG
Pcub-MSU1_008	2330000	0	0	TTTAGGG
Pcub-MSU1_008	2340000	0	0	TTTAGGG
Pcub-MSU1_008	2350000	0	0	TTTAGGG
Pcub-MSU1_008	2360000	0	0	TTTAGGG
Pcub-MSU1_008	2370000	0	0	TTTAGGG
Pcub-MSU1_008	2380000	0	0	TTTAGGG
Pcub-MSU1_008	2390000	0	0	TTTAGGG
Pcub-MSU1_008	2400000	0	0	TTTAGGG
Pcub-MSU1_008	2410000	0	0	TTTAGGG
Pcub-MSU1_008	2420000	0	0	TTTAGGG
Pcub-MSU1_008	2430000	0	0	TTTAGGG
Pcub-MSU1_008	2440000	0	0	TTTAGGG
Pcub-MSU1_008	2450000	0	0	TTTAGGG
Pcub-MSU1_008	2460000	0	0	TTTAGGG
Pcub-MSU1_008	2470000	0	0	TTTAGGG
Pcub-MSU1_008	2480000	0	0	TTTAGGG
Pcub-MSU1_008	2490000	0	0	TTTAGGG
Pcub-MSU1_008	2500000	0	0	TTTAGGG
Pcub-MSU1_008	2510000	0	0	TTTAGGG
Pcub-MSU1_008	2520000	0	0	TTTAGGG
Pcub-MSU1_008	2530000	0	0	TTTAGGG
Pcub-MSU1_008	2540000	0	0	TTTAGGG
Pcub-MSU1_008	2550000	0	0	TTTAGGG
Pcub-MSU1_008	2560000	0	0	TTTAGGG
Pcub-MSU1_008	2570000	0	0	TTTAGGG
Pcub-MSU1_008	2580000	0	0	TTTAGGG
Pcub-MSU1_008	2590000	0	0	TTTAGGG
Pcub-MSU1_008	2600000	0	0	TTTAGGG
Pcub-MSU1_008	2610000	0	0	TTTAGGG
Pcub-MSU1_008	2620000	0	0	TTTAGGG
Pcub-MSU1_008	2630000	0	0	TTTAGGG
Pcub-MSU1_008	2640000	0	0	TTTAGGG
Pcub-MSU1_008	2650000	0	0	TTTAGGG
Pcub-MSU1_008	2660000	0	0	TTTAGGG
Pcub-MSU1_008	2670000	0	0	TTTAGGG
Pcub-MSU1_008	2680000	0	0	TTTAGGG
Pcub-MSU1_008	2690000	0	0	TTTAGGG
Pcub-MSU1_008	2700000	0	0	TTTAGGG
Pcub-MSU1_008	2710000	0	0	TTTAGGG
Pcub-MSU1_008	2720000	0	0	TTTAGGG
Pcub-MSU1_008	2730000	0	0	TTTAGGG
Pcub-MSU1_008	2740000	0	0	TTTAGGG
Pcub-MSU1_008	2750000	0	0	TTTAGGG
Pcub-MSU1_008	2760000	0	0	TTTAGGG
Pcub-MSU1_008	2770000	0	0	TTTAGGG
Pcub-MSU1_008	2780000	0	0	TTTAGGG
Pcub-MSU1_008	2790000	0	0	TTTAGGG
Pcub-MSU1_008	2800000	0	0	TTTAGGG
Pcub-MSU1_008	2810000	0	0	TTTAGGG
Pcub-MSU1_008	2820000	0	0	TTTAGGG
Pcub-MSU1_008	2830000	0	0	TTTAGGG
Pcub-MSU1_008	2840000	0	0	TTTAGGG
Pcub-MSU1_008	2850000	0	0	TTTAGGG
Pcub-MSU1_008	2860000	1	1	TTTAGGG
Pcub-MSU1_008	2870000	0	0	TTTAGGG
Pcub-MSU1_008	2880000	1	0	TTTAGGG
Pcub-MSU1_008	2890000	0	0	TTTAGGG
Pcub-MSU1_008	2900000	0	1	TTTAGGG
Pcub-MSU1_008	2910000	1	0	TTTAGGG
Pcub-MSU1_008	2920000	0	0	TTTAGGG
Pcub-MSU1_008	2930000	0	0	TTTAGGG
Pcub-MSU1_008	2940000	0	0	TTTAGGG
Pcub-MSU1_008	2950000	0	0	TTTAGGG
Pcub-MSU1_008	2960000	1	0	TTTAGGG
Pcub-MSU1_008	2970000	0	1	TTTAGGG
Pcub-MSU1_008	2980000	1	0	TTTAGGG
Pcub-MSU1_008	2990000	0	0	TTTAGGG
Pcub-MSU1_008	3000000	0	0	TTTAGGG
Pcub-MSU1_008	3010000	0	0	TTTAGGG
Pcub-MSU1_008	3020000	0	0	TTTAGGG
Pcub-MSU1_008	3030000	0	0	TTTAGGG
Pcub-MSU1_008	3040000	0	0	TTTAGGG
Pcub-MSU1_008	3050000	0	0	TTTAGGG
Pcub-MSU1_008	3060000	0	0	TTTAGGG
Pcub-MSU1_008	3070000	0	0	TTTAGGG
Pcub-MSU1_008	3080000	0	0	TTTAGGG
Pcub-MSU1_008	3090000	0	0	TTTAGGG
Pcub-MSU1_008	3100000	0	1	TTTAGGG
Pcub-MSU1_008	3110000	0	0	TTTAGGG
Pcub-MSU1_008	3120000	0	1	TTTAGGG
Pcub-MSU1_008	3130000	0	0	TTTAGGG
Pcub-MSU1_008	3140000	0	0	TTTAGGG
Pcub-MSU1_008	3150000	0	0	TTTAGGG
Pcub-MSU1_008	3160000	0	0	TTTAGGG
Pcub-MSU1_008	3170000	0	0	TTTAGGG
Pcub-MSU1_008	3180000	0	0	TTTAGGG
Pcub-MSU1_008	3190000	0	0	TTTAGGG
Pcub-MSU1_008	3200000	0	0	TTTAGGG
Pcub-MSU1_008	3210000	0	0	TTTAGGG
Pcub-MSU1_008	3220000	0	0	TTTAGGG
Pcub-MSU1_008	3230000	0	0	TTTAGGG
Pcub-MSU1_008	3240000	0	0	TTTAGGG
Pcub-MSU1_008	3250000	0	0	TTTAGGG
Pcub-MSU1_008	3260000	0	0	TTTAGGG
Pcub-MSU1_008	3270000	0	0	TTTAGGG
Pcub-MSU1_008	3280000	0	0	TTTAGGG
Pcub-MSU1_008	3290000	0	0	TTTAGGG
Pcub-MSU1_008	3300000	0	0	TTTAGGG
Pcub-MSU1_008	3310000	0	0	TTTAGGG
Pcub-MSU1_008	3320000	0	0	TTTAGGG
Pcub-MSU1_008	3330000	0	0	TTTAGGG
Pcub-MSU1_008	3340000	0	0	TTTAGGG
Pcub-MSU1_008	3350000	0	1	TTTAGGG
Pcub-MSU1_008	3360000	0	0	TTTAGGG
Pcub-MSU1_008	3370000	0	0	TTTAGGG
Pcub-MSU1_008	3380000	0	1	TTTAGGG
Pcub-MSU1_008	3390000	0	0	TTTAGGG
Pcub-MSU1_008	3400000	0	0	TTTAGGG
Pcub-MSU1_008	3410000	0	0	TTTAGGG
Pcub-MSU1_008	3420000	0	0	TTTAGGG
Pcub-MSU1_008	3430000	0	0	TTTAGGG
Pcub-MSU1_008	3440000	0	0	TTTAGGG
Pcub-MSU1_008	3450000	0	0	TTTAGGG
Pcub-MSU1_008	3460000	0	0	TTTAGGG
Pcub-MSU1_008	3470000	0	0	TTTAGGG
Pcub-MSU1_008	3480000	0	0	TTTAGGG
Pcub-MSU1_008	3490000	0	0	TTTAGGG
Pcub-MSU1_008	3500000	0	0	TTTAGGG
Pcub-MSU1_008	3510000	0	0	TTTAGGG
Pcub-MSU1_008	3520000	0	0	TTTAGGG
Pcub-MSU1_008	3530000	0	0	TTTAGGG
Pcub-MSU1_008	3540000	0	0	TTTAGGG
Pcub-MSU1_008	3550000	0	0	TTTAGGG
Pcub-MSU1_008	3560000	0	0	TTTAGGG
Pcub-MSU1_008	3570000	0	0	TTTAGGG
Pcub-MSU1_008	3580000	0	1	TTTAGGG
Pcub-MSU1_008	3590000	0	0	TTTAGGG
Pcub-MSU1_008	3600000	0	0	TTTAGGG
Pcub-MSU1_008	3610000	0	0	TTTAGGG
Pcub-MSU1_008	3620000	0	0	TTTAGGG
Pcub-MSU1_008	3630000	0	0	TTTAGGG
Pcub-MSU1_008	3640000	0	0	TTTAGGG
Pcub-MSU1_008	3650000	0	0	TTTAGGG
Pcub-MSU1_008	3660000	0	0	TTTAGGG
Pcub-MSU1_008	3670000	0	0	TTTAGGG
Pcub-MSU1_008	3680000	0	0	TTTAGGG
Pcub-MSU1_008	3690000	0	1	TTTAGGG
Pcub-MSU1_008	3700000	0	0	TTTAGGG
Pcub-MSU1_008	3710000	0	0	TTTAGGG
Pcub-MSU1_008	3720000	0	0	TTTAGGG
Pcub-MSU1_008	3730000	0	0	TTTAGGG
Pcub-MSU1_008	3740000	0	0	TTTAGGG
Pcub-MSU1_008	3750000	0	0	TTTAGGG
Pcub-MSU1_008	3760000	0	0	TTTAGGG
Pcub-MSU1_008	3770000	0	0	TTTAGGG
Pcub-MSU1_008	3780000	0	0	TTTAGGG
Pcub-MSU1_008	3790000	0	0	TTTAGGG
Pcub-MSU1_008	3800000	0	0	TTTAGGG
Pcub-MSU1_008	3810000	0	0	TTTAGGG
Pcub-MSU1_008	3820000	0	0	TTTAGGG
Pcub-MSU1_008	3830000	0	0	TTTAGGG
Pcub-MSU1_008	3840000	0	0	TTTAGGG
Pcub-MSU1_008	3850000	0	0	TTTAGGG
Pcub-MSU1_008	3860000	0	0	TTTAGGG
Pcub-MSU1_008	3870000	0	0	TTTAGGG
Pcub-MSU1_008	3880000	0	0	TTTAGGG
Pcub-MSU1_008	3890000	0	0	TTTAGGG
Pcub-MSU1_008	3900000	0	0	TTTAGGG
Pcub-MSU1_008	3910000	0	0	TTTAGGG
Pcub-MSU1_008	3920000	0	0	TTTAGGG
Pcub-MSU1_008	3930000	0	0	TTTAGGG
Pcub-MSU1_008	3940000	0	0	TTTAGGG
Pcub-MSU1_008	3950000	0	0	TTTAGGG
Pcub-MSU1_008	3960000	0	0	TTTAGGG
Pcub-MSU1_008	3970000	0	0	TTTAGGG
Pcub-MSU1_008	3980000	0	0	TTTAGGG
Pcub-MSU1_008	3990000	0	0	TTTAGGG
Pcub-MSU1_008	4000000	0	0	TTTAGGG
Pcub-MSU1_008	4010000	0	0	TTTAGGG
Pcub-MSU1_008	4020000	0	0	TTTAGGG
Pcub-MSU1_008	4030000	0	0	TTTAGGG
Pcub-MSU1_008	4040000	0	0	TTTAGGG
Pcub-MSU1_008	4050000	0	0	TTTAGGG
Pcub-MSU1_008	4060000	0	0	TTTAGGG
Pcub-MSU1_008	4070000	0	0	TTTAGGG
Pcub-MSU1_008	4080000	0	0	TTTAGGG
Pcub-MSU1_008	4090000	0	0	TTTAGGG
Pcub-MSU1_008	4099828	0	0	TTTAGGG
Pcub-MSU1_009	10000	0	48	TTTAGGG
Pcub-MSU1_009	20000	0	0	TTTAGGG
Pcub-MSU1_009	30000	0	0	TTTAGGG
Pcub-MSU1_009	40000	0	1	TTTAGGG
Pcub-MSU1_009	50000	0	0	TTTAGGG
Pcub-MSU1_009	60000	0	0	TTTAGGG
Pcub-MSU1_009	70000	0	0	TTTAGGG
Pcub-MSU1_009	80000	0	0	TTTAGGG
Pcub-MSU1_009	90000	0	0	TTTAGGG
Pcub-MSU1_009	100000	0	0	TTTAGGG
Pcub-MSU1_009	110000	0	0	TTTAGGG
Pcub-MSU1_009	120000	0	1	TTTAGGG
Pcub-MSU1_009	130000	0	1	TTTAGGG
Pcub-MSU1_009	140000	0	1	TTTAGGG
Pcub-MSU1_009	150000	0	0	TTTAGGG
Pcub-MSU1_009	160000	0	0	TTTAGGG
Pcub-MSU1_009	170000	0	1	TTTAGGG
Pcub-MSU1_009	180000	0	0	TTTAGGG
Pcub-MSU1_009	190000	0	1	TTTAGGG
Pcub-MSU1_009	200000	0	0	TTTAGGG
Pcub-MSU1_009	210000	0	0	TTTAGGG
Pcub-MSU1_009	220000	0	1	TTTAGGG
Pcub-MSU1_009	230000	0	0	TTTAGGG
Pcub-MSU1_009	240000	0	0	TTTAGGG
Pcub-MSU1_009	250000	0	0	TTTAGGG
Pcub-MSU1_009	260000	0	0	TTTAGGG
Pcub-MSU1_009	270000	0	0	TTTAGGG
Pcub-MSU1_009	280000	0	0	TTTAGGG
Pcub-MSU1_009	290000	0	0	TTTAGGG
Pcub-MSU1_009	300000	0	0	TTTAGGG
Pcub-MSU1_009	310000	0	0	TTTAGGG
Pcub-MSU1_009	320000	0	0	TTTAGGG
Pcub-MSU1_009	330000	0	0	TTTAGGG
Pcub-MSU1_009	340000	0	1	TTTAGGG
Pcub-MSU1_009	350000	0	0	TTTAGGG
Pcub-MSU1_009	360000	0	0	TTTAGGG
Pcub-MSU1_009	370000	0	0	TTTAGGG
Pcub-MSU1_009	380000	0	0	TTTAGGG
Pcub-MSU1_009	390000	0	0	TTTAGGG
Pcub-MSU1_009	400000	1	0	TTTAGGG
Pcub-MSU1_009	410000	0	0	TTTAGGG
Pcub-MSU1_009	420000	0	0	TTTAGGG
Pcub-MSU1_009	430000	0	1	TTTAGGG
Pcub-MSU1_009	440000	0	0	TTTAGGG
Pcub-MSU1_009	450000	0	2	TTTAGGG
Pcub-MSU1_009	460000	1	0	TTTAGGG
Pcub-MSU1_009	470000	0	0	TTTAGGG
Pcub-MSU1_009	480000	0	0	TTTAGGG
Pcub-MSU1_009	490000	0	2	TTTAGGG
Pcub-MSU1_009	500000	0	0	TTTAGGG
Pcub-MSU1_009	510000	1	0	TTTAGGG
Pcub-MSU1_009	520000	0	0	TTTAGGG
Pcub-MSU1_009	530000	0	0	TTTAGGG
Pcub-MSU1_009	540000	0	0	TTTAGGG
Pcub-MSU1_009	550000	0	0	TTTAGGG
Pcub-MSU1_009	560000	0	0	TTTAGGG
Pcub-MSU1_009	570000	0	0	TTTAGGG
Pcub-MSU1_009	580000	0	0	TTTAGGG
Pcub-MSU1_009	590000	0	0	TTTAGGG
Pcub-MSU1_009	600000	0	0	TTTAGGG
Pcub-MSU1_009	610000	0	0	TTTAGGG
Pcub-MSU1_009	620000	0	0	TTTAGGG
Pcub-MSU1_009	630000	0	0	TTTAGGG
Pcub-MSU1_009	640000	0	0	TTTAGGG
Pcub-MSU1_009	650000	0	0	TTTAGGG
Pcub-MSU1_009	660000	0	0	TTTAGGG
Pcub-MSU1_009	670000	0	0	TTTAGGG
Pcub-MSU1_009	680000	0	0	TTTAGGG
Pcub-MSU1_009	690000	0	0	TTTAGGG
Pcub-MSU1_009	700000	0	0	TTTAGGG
Pcub-MSU1_009	710000	0	0	TTTAGGG
Pcub-MSU1_009	720000	0	0	TTTAGGG
Pcub-MSU1_009	730000	0	0	TTTAGGG
Pcub-MSU1_009	740000	0	0	TTTAGGG
Pcub-MSU1_009	750000	0	1	TTTAGGG
Pcub-MSU1_009	760000	1	0	TTTAGGG
Pcub-MSU1_009	770000	0	0	TTTAGGG
Pcub-MSU1_009	780000	1	0	TTTAGGG
Pcub-MSU1_009	790000	0	0	TTTAGGG
Pcub-MSU1_009	800000	0	0	TTTAGGG
Pcub-MSU1_009	810000	0	0	TTTAGGG
Pcub-MSU1_009	820000	0	0	TTTAGGG
Pcub-MSU1_009	830000	0	0	TTTAGGG
Pcub-MSU1_009	840000	0	0	TTTAGGG
Pcub-MSU1_009	850000	0	0	TTTAGGG
Pcub-MSU1_009	860000	0	0	TTTAGGG
Pcub-MSU1_009	870000	0	0	TTTAGGG
Pcub-MSU1_009	880000	0	0	TTTAGGG
Pcub-MSU1_009	890000	0	0	TTTAGGG
Pcub-MSU1_009	900000	0	0	TTTAGGG
Pcub-MSU1_009	910000	0	0	TTTAGGG
Pcub-MSU1_009	920000	0	0	TTTAGGG
Pcub-MSU1_009	930000	0	0	TTTAGGG
Pcub-MSU1_009	940000	0	0	TTTAGGG
Pcub-MSU1_009	950000	0	0	TTTAGGG
Pcub-MSU1_009	960000	0	0	TTTAGGG
Pcub-MSU1_009	970000	0	0	TTTAGGG
Pcub-MSU1_009	980000	0	0	TTTAGGG
Pcub-MSU1_009	990000	0	0	TTTAGGG
Pcub-MSU1_009	1000000	0	0	TTTAGGG
Pcub-MSU1_009	1010000	0	0	TTTAGGG
Pcub-MSU1_009	1020000	0	0	TTTAGGG
Pcub-MSU1_009	1030000	0	0	TTTAGGG
Pcub-MSU1_009	1040000	0	0	TTTAGGG
Pcub-MSU1_009	1050000	0	0	TTTAGGG
Pcub-MSU1_009	1060000	0	0	TTTAGGG
Pcub-MSU1_009	1070000	0	1	TTTAGGG
Pcub-MSU1_009	1080000	0	0	TTTAGGG
Pcub-MSU1_009	1090000	0	0	TTTAGGG
Pcub-MSU1_009	1100000	0	0	TTTAGGG
Pcub-MSU1_009	1110000	0	0	TTTAGGG
Pcub-MSU1_009	1120000	0	0	TTTAGGG
Pcub-MSU1_009	1130000	0	0	TTTAGGG
Pcub-MSU1_009	1140000	0	0	TTTAGGG
Pcub-MSU1_009	1150000	1	0	TTTAGGG
Pcub-MSU1_009	1160000	0	0	TTTAGGG
Pcub-MSU1_009	1170000	0	0	TTTAGGG
Pcub-MSU1_009	1180000	0	0	TTTAGGG
Pcub-MSU1_009	1190000	0	0	TTTAGGG
Pcub-MSU1_009	1200000	0	0	TTTAGGG
Pcub-MSU1_009	1210000	0	0	TTTAGGG
Pcub-MSU1_009	1220000	0	0	TTTAGGG
Pcub-MSU1_009	1230000	0	0	TTTAGGG
Pcub-MSU1_009	1240000	0	0	TTTAGGG
Pcub-MSU1_009	1250000	0	0	TTTAGGG
Pcub-MSU1_009	1260000	0	0	TTTAGGG
Pcub-MSU1_009	1270000	0	0	TTTAGGG
Pcub-MSU1_009	1280000	0	0	TTTAGGG
Pcub-MSU1_009	1290000	0	0	TTTAGGG
Pcub-MSU1_009	1300000	0	0	TTTAGGG
Pcub-MSU1_009	1310000	0	0	TTTAGGG
Pcub-MSU1_009	1320000	0	0	TTTAGGG
Pcub-MSU1_009	1330000	0	0	TTTAGGG
Pcub-MSU1_009	1340000	0	0	TTTAGGG
Pcub-MSU1_009	1350000	1	0	TTTAGGG
Pcub-MSU1_009	1360000	0	1	TTTAGGG
Pcub-MSU1_009	1370000	0	0	TTTAGGG
Pcub-MSU1_009	1380000	0	0	TTTAGGG
Pcub-MSU1_009	1390000	0	0	TTTAGGG
Pcub-MSU1_009	1400000	0	0	TTTAGGG
Pcub-MSU1_009	1410000	0	0	TTTAGGG
Pcub-MSU1_009	1420000	0	0	TTTAGGG
Pcub-MSU1_009	1430000	0	0	TTTAGGG
Pcub-MSU1_009	1440000	0	0	TTTAGGG
Pcub-MSU1_009	1450000	0	0	TTTAGGG
Pcub-MSU1_009	1460000	0	0	TTTAGGG
Pcub-MSU1_009	1470000	0	2	TTTAGGG
Pcub-MSU1_009	1480000	0	4	TTTAGGG
Pcub-MSU1_009	1490000	0	5	TTTAGGG
Pcub-MSU1_009	1500000	0	4	TTTAGGG
Pcub-MSU1_009	1510000	0	4	TTTAGGG
Pcub-MSU1_009	1520000	0	5	TTTAGGG
Pcub-MSU1_009	1530000	0	0	TTTAGGG
Pcub-MSU1_009	1540000	0	0	TTTAGGG
Pcub-MSU1_009	1550000	0	0	TTTAGGG
Pcub-MSU1_009	1560000	0	0	TTTAGGG
Pcub-MSU1_009	1570000	0	0	TTTAGGG
Pcub-MSU1_009	1580000	0	0	TTTAGGG
Pcub-MSU1_009	1590000	0	0	TTTAGGG
Pcub-MSU1_009	1600000	0	0	TTTAGGG
Pcub-MSU1_009	1610000	0	0	TTTAGGG
Pcub-MSU1_009	1620000	0	0	TTTAGGG
Pcub-MSU1_009	1630000	0	0	TTTAGGG
Pcub-MSU1_009	1640000	0	0	TTTAGGG
Pcub-MSU1_009	1650000	0	0	TTTAGGG
Pcub-MSU1_009	1660000	0	0	TTTAGGG
Pcub-MSU1_009	1670000	0	0	TTTAGGG
Pcub-MSU1_009	1680000	0	0	TTTAGGG
Pcub-MSU1_009	1690000	0	0	TTTAGGG
Pcub-MSU1_009	1700000	0	0	TTTAGGG
Pcub-MSU1_009	1710000	0	1	TTTAGGG
Pcub-MSU1_009	1720000	0	0	TTTAGGG
Pcub-MSU1_009	1730000	0	1	TTTAGGG
Pcub-MSU1_009	1740000	0	1	TTTAGGG
Pcub-MSU1_009	1750000	0	0	TTTAGGG
Pcub-MSU1_009	1760000	0	0	TTTAGGG
Pcub-MSU1_009	1770000	1	0	TTTAGGG
Pcub-MSU1_009	1780000	1	1	TTTAGGG
Pcub-MSU1_009	1790000	0	0	TTTAGGG
Pcub-MSU1_009	1800000	0	0	TTTAGGG
Pcub-MSU1_009	1810000	0	0	TTTAGGG
Pcub-MSU1_009	1820000	0	1	TTTAGGG
Pcub-MSU1_009	1830000	0	1	TTTAGGG
Pcub-MSU1_009	1840000	1	0	TTTAGGG
Pcub-MSU1_009	1850000	1	2	TTTAGGG
Pcub-MSU1_009	1860000	1	0	TTTAGGG
Pcub-MSU1_009	1870000	0	1	TTTAGGG
Pcub-MSU1_009	1880000	0	0	TTTAGGG
Pcub-MSU1_009	1890000	1	0	TTTAGGG
Pcub-MSU1_009	1900000	0	0	TTTAGGG
Pcub-MSU1_009	1910000	1	0	TTTAGGG
Pcub-MSU1_009	1920000	0	0	TTTAGGG
Pcub-MSU1_009	1930000	0	0	TTTAGGG
Pcub-MSU1_009	1940000	0	0	TTTAGGG
Pcub-MSU1_009	1950000	0	0	TTTAGGG
Pcub-MSU1_009	1960000	0	0	TTTAGGG
Pcub-MSU1_009	1970000	0	0	TTTAGGG
Pcub-MSU1_009	1980000	0	0	TTTAGGG
Pcub-MSU1_009	1990000	0	0	TTTAGGG
Pcub-MSU1_009	2000000	0	1	TTTAGGG
Pcub-MSU1_009	2010000	0	0	TTTAGGG
Pcub-MSU1_009	2020000	0	0	TTTAGGG
Pcub-MSU1_009	2030000	0	0	TTTAGGG
Pcub-MSU1_009	2040000	0	0	TTTAGGG
Pcub-MSU1_009	2050000	0	0	TTTAGGG
Pcub-MSU1_009	2060000	0	0	TTTAGGG
Pcub-MSU1_009	2070000	0	0	TTTAGGG
Pcub-MSU1_009	2080000	0	0	TTTAGGG
Pcub-MSU1_009	2090000	0	0	TTTAGGG
Pcub-MSU1_009	2100000	0	0	TTTAGGG
Pcub-MSU1_009	2110000	0	0	TTTAGGG
Pcub-MSU1_009	2120000	0	0	TTTAGGG
Pcub-MSU1_009	2130000	0	0	TTTAGGG
Pcub-MSU1_009	2140000	0	0	TTTAGGG
Pcub-MSU1_009	2150000	0	0	TTTAGGG
Pcub-MSU1_009	2160000	0	0	TTTAGGG
Pcub-MSU1_009	2170000	0	0	TTTAGGG
Pcub-MSU1_009	2180000	0	0	TTTAGGG
Pcub-MSU1_009	2190000	0	0	TTTAGGG
Pcub-MSU1_009	2200000	0	0	TTTAGGG
Pcub-MSU1_009	2210000	0	0	TTTAGGG
Pcub-MSU1_009	2220000	0	0	TTTAGGG
Pcub-MSU1_009	2230000	0	0	TTTAGGG
Pcub-MSU1_009	2240000	0	0	TTTAGGG
Pcub-MSU1_009	2250000	0	0	TTTAGGG
Pcub-MSU1_009	2260000	0	0	TTTAGGG
Pcub-MSU1_009	2270000	0	0	TTTAGGG
Pcub-MSU1_009	2280000	0	0	TTTAGGG
Pcub-MSU1_009	2290000	0	0	TTTAGGG
Pcub-MSU1_009	2300000	0	0	TTTAGGG
Pcub-MSU1_009	2310000	0	0	TTTAGGG
Pcub-MSU1_009	2320000	0	0	TTTAGGG
Pcub-MSU1_009	2330000	0	0	TTTAGGG
Pcub-MSU1_009	2340000	0	0	TTTAGGG
Pcub-MSU1_009	2350000	0	0	TTTAGGG
Pcub-MSU1_009	2360000	0	0	TTTAGGG
Pcub-MSU1_009	2370000	0	0	TTTAGGG
Pcub-MSU1_009	2380000	0	1	TTTAGGG
Pcub-MSU1_009	2390000	0	1	TTTAGGG
Pcub-MSU1_009	2400000	0	0	TTTAGGG
Pcub-MSU1_009	2410000	0	0	TTTAGGG
Pcub-MSU1_009	2420000	0	0	TTTAGGG
Pcub-MSU1_009	2430000	0	2	TTTAGGG
Pcub-MSU1_009	2440000	0	1	TTTAGGG
Pcub-MSU1_009	2450000	0	0	TTTAGGG
Pcub-MSU1_009	2460000	0	0	TTTAGGG
Pcub-MSU1_009	2470000	0	0	TTTAGGG
Pcub-MSU1_009	2480000	0	1	TTTAGGG
Pcub-MSU1_009	2490000	0	0	TTTAGGG
Pcub-MSU1_009	2500000	0	0	TTTAGGG
Pcub-MSU1_009	2510000	0	1	TTTAGGG
Pcub-MSU1_009	2520000	0	2	TTTAGGG
Pcub-MSU1_009	2530000	0	3	TTTAGGG
Pcub-MSU1_009	2540000	0	2	TTTAGGG
Pcub-MSU1_009	2550000	0	0	TTTAGGG
Pcub-MSU1_009	2560000	0	0	TTTAGGG
Pcub-MSU1_009	2570000	0	0	TTTAGGG
Pcub-MSU1_009	2580000	1	0	TTTAGGG
Pcub-MSU1_009	2590000	0	0	TTTAGGG
Pcub-MSU1_009	2600000	0	0	TTTAGGG
Pcub-MSU1_009	2610000	0	0	TTTAGGG
Pcub-MSU1_009	2620000	1	0	TTTAGGG
Pcub-MSU1_009	2630000	0	0	TTTAGGG
Pcub-MSU1_009	2640000	0	0	TTTAGGG
Pcub-MSU1_009	2650000	0	1	TTTAGGG
Pcub-MSU1_009	2660000	0	0	TTTAGGG
Pcub-MSU1_009	2670000	0	0	TTTAGGG
Pcub-MSU1_009	2680000	0	1	TTTAGGG
Pcub-MSU1_009	2690000	1	0	TTTAGGG
Pcub-MSU1_009	2700000	0	1	TTTAGGG
Pcub-MSU1_009	2710000	0	0	TTTAGGG
Pcub-MSU1_009	2720000	0	0	TTTAGGG
Pcub-MSU1_009	2730000	0	0	TTTAGGG
Pcub-MSU1_009	2740000	0	0	TTTAGGG
Pcub-MSU1_009	2750000	0	0	TTTAGGG
Pcub-MSU1_009	2760000	0	0	TTTAGGG
Pcub-MSU1_009	2770000	0	1	TTTAGGG
Pcub-MSU1_009	2780000	0	0	TTTAGGG
Pcub-MSU1_009	2790000	0	0	TTTAGGG
Pcub-MSU1_009	2800000	0	0	TTTAGGG
Pcub-MSU1_009	2810000	0	0	TTTAGGG
Pcub-MSU1_009	2820000	0	0	TTTAGGG
Pcub-MSU1_009	2830000	0	0	TTTAGGG
Pcub-MSU1_009	2840000	0	0	TTTAGGG
Pcub-MSU1_009	2850000	0	0	TTTAGGG
Pcub-MSU1_009	2860000	0	0	TTTAGGG
Pcub-MSU1_009	2870000	0	0	TTTAGGG
Pcub-MSU1_009	2880000	0	0	TTTAGGG
Pcub-MSU1_009	2890000	0	0	TTTAGGG
Pcub-MSU1_009	2900000	0	0	TTTAGGG
Pcub-MSU1_009	2910000	0	0	TTTAGGG
Pcub-MSU1_009	2920000	0	1	TTTAGGG
Pcub-MSU1_009	2930000	0	0	TTTAGGG
Pcub-MSU1_009	2940000	0	1	TTTAGGG
Pcub-MSU1_009	2950000	0	0	TTTAGGG
Pcub-MSU1_009	2960000	0	0	TTTAGGG
Pcub-MSU1_009	2970000	0	0	TTTAGGG
Pcub-MSU1_009	2980000	1	0	TTTAGGG
Pcub-MSU1_009	2990000	0	0	TTTAGGG
Pcub-MSU1_009	3000000	0	0	TTTAGGG
Pcub-MSU1_009	3010000	0	0	TTTAGGG
Pcub-MSU1_009	3020000	1	0	TTTAGGG
Pcub-MSU1_009	3030000	0	0	TTTAGGG
Pcub-MSU1_009	3040000	0	0	TTTAGGG
Pcub-MSU1_009	3050000	0	0	TTTAGGG
Pcub-MSU1_009	3060000	0	0	TTTAGGG
Pcub-MSU1_009	3070000	0	0	TTTAGGG
Pcub-MSU1_009	3080000	0	0	TTTAGGG
Pcub-MSU1_009	3090000	0	0	TTTAGGG
Pcub-MSU1_009	3100000	0	0	TTTAGGG
Pcub-MSU1_009	3110000	0	0	TTTAGGG
Pcub-MSU1_009	3120000	0	0	TTTAGGG
Pcub-MSU1_009	3130000	0	0	TTTAGGG
Pcub-MSU1_009	3140000	0	0	TTTAGGG
Pcub-MSU1_009	3150000	0	0	TTTAGGG
Pcub-MSU1_009	3160000	1	0	TTTAGGG
Pcub-MSU1_009	3170000	0	0	TTTAGGG
Pcub-MSU1_009	3180000	1	0	TTTAGGG
Pcub-MSU1_009	3190000	0	0	TTTAGGG
Pcub-MSU1_009	3200000	1	1	TTTAGGG
Pcub-MSU1_009	3210000	1	0	TTTAGGG
Pcub-MSU1_009	3220000	0	0	TTTAGGG
Pcub-MSU1_009	3230000	0	0	TTTAGGG
Pcub-MSU1_009	3240000	0	0	TTTAGGG
Pcub-MSU1_009	3250000	0	0	TTTAGGG
Pcub-MSU1_009	3260000	1	0	TTTAGGG
Pcub-MSU1_009	3270000	0	0	TTTAGGG
Pcub-MSU1_009	3280000	0	0	TTTAGGG
Pcub-MSU1_009	3290000	0	0	TTTAGGG
Pcub-MSU1_009	3300000	0	0	TTTAGGG
Pcub-MSU1_009	3310000	1	1	TTTAGGG
Pcub-MSU1_009	3320000	0	0	TTTAGGG
Pcub-MSU1_009	3330000	0	1	TTTAGGG
Pcub-MSU1_009	3340000	1	1	TTTAGGG
Pcub-MSU1_009	3350000	1	0	TTTAGGG
Pcub-MSU1_009	3360000	0	0	TTTAGGG
Pcub-MSU1_009	3370000	1	1	TTTAGGG
Pcub-MSU1_009	3380000	0	0	TTTAGGG
Pcub-MSU1_009	3390000	0	1	TTTAGGG
Pcub-MSU1_009	3400000	0	0	TTTAGGG
Pcub-MSU1_009	3410000	0	0	TTTAGGG
Pcub-MSU1_009	3420000	0	0	TTTAGGG
Pcub-MSU1_009	3430000	0	0	TTTAGGG
Pcub-MSU1_009	3440000	0	0	TTTAGGG
Pcub-MSU1_009	3450000	1	0	TTTAGGG
Pcub-MSU1_009	3460000	0	0	TTTAGGG
Pcub-MSU1_009	3470000	0	0	TTTAGGG
Pcub-MSU1_009	3480000	0	0	TTTAGGG
Pcub-MSU1_009	3490000	0	0	TTTAGGG
Pcub-MSU1_009	3500000	0	0	TTTAGGG
Pcub-MSU1_009	3510000	0	0	TTTAGGG
Pcub-MSU1_009	3520000	0	0	TTTAGGG
Pcub-MSU1_009	3530000	0	0	TTTAGGG
Pcub-MSU1_009	3540000	0	0	TTTAGGG
Pcub-MSU1_009	3550000	0	0	TTTAGGG
Pcub-MSU1_009	3560000	0	0	TTTAGGG
Pcub-MSU1_009	3570000	0	0	TTTAGGG
Pcub-MSU1_009	3580000	0	0	TTTAGGG
Pcub-MSU1_009	3590000	0	0	TTTAGGG
Pcub-MSU1_009	3600000	0	0	TTTAGGG
Pcub-MSU1_009	3610000	0	1	TTTAGGG
Pcub-MSU1_009	3620000	0	0	TTTAGGG
Pcub-MSU1_009	3630000	0	0	TTTAGGG
Pcub-MSU1_009	3640000	0	0	TTTAGGG
Pcub-MSU1_009	3650000	0	0	TTTAGGG
Pcub-MSU1_009	3660000	0	1	TTTAGGG
Pcub-MSU1_009	3670000	0	0	TTTAGGG
Pcub-MSU1_009	3680000	0	0	TTTAGGG
Pcub-MSU1_009	3690000	0	1	TTTAGGG
Pcub-MSU1_009	3700000	0	0	TTTAGGG
Pcub-MSU1_009	3710000	0	0	TTTAGGG
Pcub-MSU1_009	3720000	1	0	TTTAGGG
Pcub-MSU1_009	3730000	0	0	TTTAGGG
Pcub-MSU1_009	3740000	0	0	TTTAGGG
Pcub-MSU1_009	3750000	0	0	TTTAGGG
Pcub-MSU1_009	3760000	0	0	TTTAGGG
Pcub-MSU1_009	3770000	0	0	TTTAGGG
Pcub-MSU1_009	3780000	0	0	TTTAGGG
Pcub-MSU1_009	3790000	0	0	TTTAGGG
Pcub-MSU1_009	3800000	0	0	TTTAGGG
Pcub-MSU1_009	3810000	0	0	TTTAGGG
Pcub-MSU1_009	3820000	0	0	TTTAGGG
Pcub-MSU1_009	3830000	1	0	TTTAGGG
Pcub-MSU1_009	3840000	0	0	TTTAGGG
Pcub-MSU1_009	3850000	0	0	TTTAGGG
Pcub-MSU1_009	3860000	0	1	TTTAGGG
Pcub-MSU1_009	3870000	1	0	TTTAGGG
Pcub-MSU1_009	3880000	0	0	TTTAGGG
Pcub-MSU1_009	3890000	0	0	TTTAGGG
Pcub-MSU1_009	3900000	0	0	TTTAGGG
Pcub-MSU1_009	3910000	0	0	TTTAGGG
Pcub-MSU1_009	3920000	0	0	TTTAGGG
Pcub-MSU1_009	3930000	0	0	TTTAGGG
Pcub-MSU1_009	3940000	0	0	TTTAGGG
Pcub-MSU1_009	3950000	0	0	TTTAGGG
Pcub-MSU1_009	3960000	0	0	TTTAGGG
Pcub-MSU1_009	3970000	0	0	TTTAGGG
Pcub-MSU1_009	3980000	0	0	TTTAGGG
Pcub-MSU1_009	3990000	0	0	TTTAGGG
Pcub-MSU1_009	4000000	0	0	TTTAGGG
Pcub-MSU1_009	4010000	0	0	TTTAGGG
Pcub-MSU1_009	4020000	0	0	TTTAGGG
Pcub-MSU1_009	4023981	42	0	TTTAGGG
Pcub-MSU1_010	10000	0	40	TTTAGGG
Pcub-MSU1_010	20000	1	0	TTTAGGG
Pcub-MSU1_010	30000	0	0	TTTAGGG
Pcub-MSU1_010	40000	0	0	TTTAGGG
Pcub-MSU1_010	50000	0	0	TTTAGGG
Pcub-MSU1_010	60000	0	0	TTTAGGG
Pcub-MSU1_010	70000	0	0	TTTAGGG
Pcub-MSU1_010	80000	0	0	TTTAGGG
Pcub-MSU1_010	90000	0	0	TTTAGGG
Pcub-MSU1_010	100000	0	0	TTTAGGG
Pcub-MSU1_010	110000	0	0	TTTAGGG
Pcub-MSU1_010	120000	0	0	TTTAGGG
Pcub-MSU1_010	130000	2	0	TTTAGGG
Pcub-MSU1_010	140000	0	0	TTTAGGG
Pcub-MSU1_010	150000	0	0	TTTAGGG
Pcub-MSU1_010	160000	0	0	TTTAGGG
Pcub-MSU1_010	170000	0	0	TTTAGGG
Pcub-MSU1_010	180000	0	0	TTTAGGG
Pcub-MSU1_010	190000	0	0	TTTAGGG
Pcub-MSU1_010	200000	0	0	TTTAGGG
Pcub-MSU1_010	210000	0	1	TTTAGGG
Pcub-MSU1_010	220000	0	2	TTTAGGG
Pcub-MSU1_010	230000	0	0	TTTAGGG
Pcub-MSU1_010	240000	0	0	TTTAGGG
Pcub-MSU1_010	250000	0	0	TTTAGGG
Pcub-MSU1_010	260000	0	0	TTTAGGG
Pcub-MSU1_010	270000	0	1	TTTAGGG
Pcub-MSU1_010	280000	0	0	TTTAGGG
Pcub-MSU1_010	290000	0	0	TTTAGGG
Pcub-MSU1_010	300000	0	0	TTTAGGG
Pcub-MSU1_010	310000	0	0	TTTAGGG
Pcub-MSU1_010	320000	1	0	TTTAGGG
Pcub-MSU1_010	330000	1	0	TTTAGGG
Pcub-MSU1_010	340000	0	0	TTTAGGG
Pcub-MSU1_010	350000	0	1	TTTAGGG
Pcub-MSU1_010	360000	0	0	TTTAGGG
Pcub-MSU1_010	370000	0	0	TTTAGGG
Pcub-MSU1_010	380000	0	0	TTTAGGG
Pcub-MSU1_010	390000	0	0	TTTAGGG
Pcub-MSU1_010	400000	0	0	TTTAGGG
Pcub-MSU1_010	410000	0	0	TTTAGGG
Pcub-MSU1_010	420000	0	0	TTTAGGG
Pcub-MSU1_010	430000	0	0	TTTAGGG
Pcub-MSU1_010	440000	0	0	TTTAGGG
Pcub-MSU1_010	450000	0	1	TTTAGGG
Pcub-MSU1_010	460000	0	0	TTTAGGG
Pcub-MSU1_010	470000	0	0	TTTAGGG
Pcub-MSU1_010	480000	0	0	TTTAGGG
Pcub-MSU1_010	490000	0	0	TTTAGGG
Pcub-MSU1_010	500000	0	0	TTTAGGG
Pcub-MSU1_010	510000	0	0	TTTAGGG
Pcub-MSU1_010	520000	0	0	TTTAGGG
Pcub-MSU1_010	530000	0	0	TTTAGGG
Pcub-MSU1_010	540000	0	0	TTTAGGG
Pcub-MSU1_010	550000	0	0	TTTAGGG
Pcub-MSU1_010	560000	0	0	TTTAGGG
Pcub-MSU1_010	570000	0	0	TTTAGGG
Pcub-MSU1_010	580000	0	0	TTTAGGG
Pcub-MSU1_010	590000	0	0	TTTAGGG
Pcub-MSU1_010	600000	0	0	TTTAGGG
Pcub-MSU1_010	610000	0	0	TTTAGGG
Pcub-MSU1_010	620000	0	0	TTTAGGG
Pcub-MSU1_010	630000	0	0	TTTAGGG
Pcub-MSU1_010	640000	0	0	TTTAGGG
Pcub-MSU1_010	650000	0	0	TTTAGGG
Pcub-MSU1_010	660000	0	0	TTTAGGG
Pcub-MSU1_010	670000	0	0	TTTAGGG
Pcub-MSU1_010	680000	0	0	TTTAGGG
Pcub-MSU1_010	690000	0	0	TTTAGGG
Pcub-MSU1_010	700000	0	0	TTTAGGG
Pcub-MSU1_010	710000	0	0	TTTAGGG
Pcub-MSU1_010	720000	0	0	TTTAGGG
Pcub-MSU1_010	730000	0	0	TTTAGGG
Pcub-MSU1_010	740000	0	0	TTTAGGG
Pcub-MSU1_010	750000	0	0	TTTAGGG
Pcub-MSU1_010	760000	0	0	TTTAGGG
Pcub-MSU1_010	770000	0	0	TTTAGGG
Pcub-MSU1_010	780000	0	0	TTTAGGG
Pcub-MSU1_010	790000	0	0	TTTAGGG
Pcub-MSU1_010	800000	0	0	TTTAGGG
Pcub-MSU1_010	810000	0	0	TTTAGGG
Pcub-MSU1_010	820000	0	0	TTTAGGG
Pcub-MSU1_010	830000	0	1	TTTAGGG
Pcub-MSU1_010	840000	0	0	TTTAGGG
Pcub-MSU1_010	850000	0	0	TTTAGGG
Pcub-MSU1_010	860000	0	0	TTTAGGG
Pcub-MSU1_010	870000	1	0	TTTAGGG
Pcub-MSU1_010	880000	0	0	TTTAGGG
Pcub-MSU1_010	890000	0	0	TTTAGGG
Pcub-MSU1_010	900000	1	0	TTTAGGG
Pcub-MSU1_010	910000	0	0	TTTAGGG
Pcub-MSU1_010	920000	0	0	TTTAGGG
Pcub-MSU1_010	930000	0	1	TTTAGGG
Pcub-MSU1_010	940000	0	0	TTTAGGG
Pcub-MSU1_010	950000	0	0	TTTAGGG
Pcub-MSU1_010	960000	0	0	TTTAGGG
Pcub-MSU1_010	970000	0	1	TTTAGGG
Pcub-MSU1_010	980000	0	0	TTTAGGG
Pcub-MSU1_010	990000	0	0	TTTAGGG
Pcub-MSU1_010	1000000	0	1	TTTAGGG
Pcub-MSU1_010	1010000	2	0	TTTAGGG
Pcub-MSU1_010	1020000	0	0	TTTAGGG
Pcub-MSU1_010	1030000	1	0	TTTAGGG
Pcub-MSU1_010	1040000	1	0	TTTAGGG
Pcub-MSU1_010	1050000	1	1	TTTAGGG
Pcub-MSU1_010	1060000	1	0	TTTAGGG
Pcub-MSU1_010	1070000	0	0	TTTAGGG
Pcub-MSU1_010	1080000	0	0	TTTAGGG
Pcub-MSU1_010	1090000	0	0	TTTAGGG
Pcub-MSU1_010	1100000	1	0	TTTAGGG
Pcub-MSU1_010	1110000	0	1	TTTAGGG
Pcub-MSU1_010	1120000	0	1	TTTAGGG
Pcub-MSU1_010	1130000	0	0	TTTAGGG
Pcub-MSU1_010	1140000	0	0	TTTAGGG
Pcub-MSU1_010	1150000	0	0	TTTAGGG
Pcub-MSU1_010	1160000	0	0	TTTAGGG
Pcub-MSU1_010	1170000	0	0	TTTAGGG
Pcub-MSU1_010	1180000	0	0	TTTAGGG
Pcub-MSU1_010	1190000	0	0	TTTAGGG
Pcub-MSU1_010	1200000	0	0	TTTAGGG
Pcub-MSU1_010	1210000	1	0	TTTAGGG
Pcub-MSU1_010	1220000	0	0	TTTAGGG
Pcub-MSU1_010	1230000	0	0	TTTAGGG
Pcub-MSU1_010	1240000	0	0	TTTAGGG
Pcub-MSU1_010	1250000	0	0	TTTAGGG
Pcub-MSU1_010	1260000	0	0	TTTAGGG
Pcub-MSU1_010	1270000	0	0	TTTAGGG
Pcub-MSU1_010	1280000	0	0	TTTAGGG
Pcub-MSU1_010	1290000	0	0	TTTAGGG
Pcub-MSU1_010	1300000	0	0	TTTAGGG
Pcub-MSU1_010	1310000	1	0	TTTAGGG
Pcub-MSU1_010	1320000	0	0	TTTAGGG
Pcub-MSU1_010	1330000	0	1	TTTAGGG
Pcub-MSU1_010	1340000	0	0	TTTAGGG
Pcub-MSU1_010	1350000	0	0	TTTAGGG
Pcub-MSU1_010	1360000	0	0	TTTAGGG
Pcub-MSU1_010	1370000	0	0	TTTAGGG
Pcub-MSU1_010	1380000	0	0	TTTAGGG
Pcub-MSU1_010	1390000	0	0	TTTAGGG
Pcub-MSU1_010	1400000	0	0	TTTAGGG
Pcub-MSU1_010	1410000	0	0	TTTAGGG
Pcub-MSU1_010	1420000	0	0	TTTAGGG
Pcub-MSU1_010	1430000	0	0	TTTAGGG
Pcub-MSU1_010	1440000	0	1	TTTAGGG
Pcub-MSU1_010	1450000	0	0	TTTAGGG
Pcub-MSU1_010	1460000	0	0	TTTAGGG
Pcub-MSU1_010	1470000	0	0	TTTAGGG
Pcub-MSU1_010	1480000	0	0	TTTAGGG
Pcub-MSU1_010	1490000	0	0	TTTAGGG
Pcub-MSU1_010	1500000	0	0	TTTAGGG
Pcub-MSU1_010	1510000	0	0	TTTAGGG
Pcub-MSU1_010	1520000	1	0	TTTAGGG
Pcub-MSU1_010	1530000	0	0	TTTAGGG
Pcub-MSU1_010	1540000	0	0	TTTAGGG
Pcub-MSU1_010	1550000	0	0	TTTAGGG
Pcub-MSU1_010	1560000	0	0	TTTAGGG
Pcub-MSU1_010	1570000	0	0	TTTAGGG
Pcub-MSU1_010	1580000	0	0	TTTAGGG
Pcub-MSU1_010	1590000	0	0	TTTAGGG
Pcub-MSU1_010	1600000	0	0	TTTAGGG
Pcub-MSU1_010	1610000	0	0	TTTAGGG
Pcub-MSU1_010	1620000	0	0	TTTAGGG
Pcub-MSU1_010	1630000	0	0	TTTAGGG
Pcub-MSU1_010	1640000	0	0	TTTAGGG
Pcub-MSU1_010	1650000	0	0	TTTAGGG
Pcub-MSU1_010	1660000	0	0	TTTAGGG
Pcub-MSU1_010	1670000	0	0	TTTAGGG
Pcub-MSU1_010	1680000	0	0	TTTAGGG
Pcub-MSU1_010	1690000	0	0	TTTAGGG
Pcub-MSU1_010	1700000	0	0	TTTAGGG
Pcub-MSU1_010	1710000	0	0	TTTAGGG
Pcub-MSU1_010	1720000	0	0	TTTAGGG
Pcub-MSU1_010	1730000	0	0	TTTAGGG
Pcub-MSU1_010	1740000	0	0	TTTAGGG
Pcub-MSU1_010	1750000	0	0	TTTAGGG
Pcub-MSU1_010	1760000	0	1	TTTAGGG
Pcub-MSU1_010	1770000	0	0	TTTAGGG
Pcub-MSU1_010	1780000	0	0	TTTAGGG
Pcub-MSU1_010	1790000	1	0	TTTAGGG
Pcub-MSU1_010	1800000	0	0	TTTAGGG
Pcub-MSU1_010	1810000	0	1	TTTAGGG
Pcub-MSU1_010	1820000	0	0	TTTAGGG
Pcub-MSU1_010	1830000	0	0	TTTAGGG
Pcub-MSU1_010	1840000	0	0	TTTAGGG
Pcub-MSU1_010	1850000	0	0	TTTAGGG
Pcub-MSU1_010	1860000	0	0	TTTAGGG
Pcub-MSU1_010	1870000	0	0	TTTAGGG
Pcub-MSU1_010	1880000	0	0	TTTAGGG
Pcub-MSU1_010	1890000	0	0	TTTAGGG
Pcub-MSU1_010	1900000	0	0	TTTAGGG
Pcub-MSU1_010	1910000	0	0	TTTAGGG
Pcub-MSU1_010	1920000	0	0	TTTAGGG
Pcub-MSU1_010	1930000	0	0	TTTAGGG
Pcub-MSU1_010	1940000	0	0	TTTAGGG
Pcub-MSU1_010	1950000	0	0	TTTAGGG
Pcub-MSU1_010	1960000	0	0	TTTAGGG
Pcub-MSU1_010	1970000	0	0	TTTAGGG
Pcub-MSU1_010	1980000	0	0	TTTAGGG
Pcub-MSU1_010	1990000	0	0	TTTAGGG
Pcub-MSU1_010	2000000	0	0	TTTAGGG
Pcub-MSU1_010	2010000	0	0	TTTAGGG
Pcub-MSU1_010	2020000	0	0	TTTAGGG
Pcub-MSU1_010	2030000	0	0	TTTAGGG
Pcub-MSU1_010	2040000	0	0	TTTAGGG
Pcub-MSU1_010	2050000	0	0	TTTAGGG
Pcub-MSU1_010	2060000	0	0	TTTAGGG
Pcub-MSU1_010	2070000	0	0	TTTAGGG
Pcub-MSU1_010	2080000	0	0	TTTAGGG
Pcub-MSU1_010	2090000	0	0	TTTAGGG
Pcub-MSU1_010	2100000	0	0	TTTAGGG
Pcub-MSU1_010	2110000	0	0	TTTAGGG
Pcub-MSU1_010	2120000	0	0	TTTAGGG
Pcub-MSU1_010	2130000	0	0	TTTAGGG
Pcub-MSU1_010	2140000	0	0	TTTAGGG
Pcub-MSU1_010	2150000	0	0	TTTAGGG
Pcub-MSU1_010	2160000	0	0	TTTAGGG
Pcub-MSU1_010	2170000	0	0	TTTAGGG
Pcub-MSU1_010	2180000	0	0	TTTAGGG
Pcub-MSU1_010	2190000	0	0	TTTAGGG
Pcub-MSU1_010	2200000	0	0	TTTAGGG
Pcub-MSU1_010	2210000	0	0	TTTAGGG
Pcub-MSU1_010	2220000	0	0	TTTAGGG
Pcub-MSU1_010	2230000	0	0	TTTAGGG
Pcub-MSU1_010	2240000	0	0	TTTAGGG
Pcub-MSU1_010	2250000	0	0	TTTAGGG
Pcub-MSU1_010	2260000	0	0	TTTAGGG
Pcub-MSU1_010	2270000	0	0	TTTAGGG
Pcub-MSU1_010	2280000	0	0	TTTAGGG
Pcub-MSU1_010	2290000	0	0	TTTAGGG
Pcub-MSU1_010	2300000	0	0	TTTAGGG
Pcub-MSU1_010	2310000	0	0	TTTAGGG
Pcub-MSU1_010	2320000	0	0	TTTAGGG
Pcub-MSU1_010	2330000	0	0	TTTAGGG
Pcub-MSU1_010	2340000	0	0	TTTAGGG
Pcub-MSU1_010	2350000	0	0	TTTAGGG
Pcub-MSU1_010	2360000	0	0	TTTAGGG
Pcub-MSU1_010	2370000	0	0	TTTAGGG
Pcub-MSU1_010	2380000	0	0	TTTAGGG
Pcub-MSU1_010	2390000	0	0	TTTAGGG
Pcub-MSU1_010	2400000	0	0	TTTAGGG
Pcub-MSU1_010	2410000	0	0	TTTAGGG
Pcub-MSU1_010	2420000	0	0	TTTAGGG
Pcub-MSU1_010	2430000	0	0	TTTAGGG
Pcub-MSU1_010	2440000	0	0	TTTAGGG
Pcub-MSU1_010	2450000	0	0	TTTAGGG
Pcub-MSU1_010	2460000	0	0	TTTAGGG
Pcub-MSU1_010	2470000	0	0	TTTAGGG
Pcub-MSU1_010	2480000	0	0	TTTAGGG
Pcub-MSU1_010	2490000	0	0	TTTAGGG
Pcub-MSU1_010	2500000	0	0	TTTAGGG
Pcub-MSU1_010	2510000	0	0	TTTAGGG
Pcub-MSU1_010	2520000	0	0	TTTAGGG
Pcub-MSU1_010	2530000	0	0	TTTAGGG
Pcub-MSU1_010	2540000	0	0	TTTAGGG
Pcub-MSU1_010	2550000	0	0	TTTAGGG
Pcub-MSU1_010	2560000	0	0	TTTAGGG
Pcub-MSU1_010	2570000	0	0	TTTAGGG
Pcub-MSU1_010	2580000	0	0	TTTAGGG
Pcub-MSU1_010	2590000	0	0	TTTAGGG
Pcub-MSU1_010	2600000	0	0	TTTAGGG
Pcub-MSU1_010	2610000	0	0	TTTAGGG
Pcub-MSU1_010	2620000	0	0	TTTAGGG
Pcub-MSU1_010	2630000	0	0	TTTAGGG
Pcub-MSU1_010	2640000	0	0	TTTAGGG
Pcub-MSU1_010	2650000	0	0	TTTAGGG
Pcub-MSU1_010	2660000	0	0	TTTAGGG
Pcub-MSU1_010	2670000	0	0	TTTAGGG
Pcub-MSU1_010	2680000	0	0	TTTAGGG
Pcub-MSU1_010	2690000	0	0	TTTAGGG
Pcub-MSU1_010	2700000	0	0	TTTAGGG
Pcub-MSU1_010	2710000	0	0	TTTAGGG
Pcub-MSU1_010	2720000	0	0	TTTAGGG
Pcub-MSU1_010	2730000	0	0	TTTAGGG
Pcub-MSU1_010	2740000	0	0	TTTAGGG
Pcub-MSU1_010	2750000	0	0	TTTAGGG
Pcub-MSU1_010	2760000	0	0	TTTAGGG
Pcub-MSU1_010	2770000	0	0	TTTAGGG
Pcub-MSU1_010	2780000	0	0	TTTAGGG
Pcub-MSU1_010	2790000	0	0	TTTAGGG
Pcub-MSU1_010	2800000	0	0	TTTAGGG
Pcub-MSU1_010	2810000	0	0	TTTAGGG
Pcub-MSU1_010	2820000	0	0	TTTAGGG
Pcub-MSU1_010	2830000	0	0	TTTAGGG
Pcub-MSU1_010	2840000	0	0	TTTAGGG
Pcub-MSU1_010	2850000	0	0	TTTAGGG
Pcub-MSU1_010	2860000	0	0	TTTAGGG
Pcub-MSU1_010	2870000	0	0	TTTAGGG
Pcub-MSU1_010	2880000	0	0	TTTAGGG
Pcub-MSU1_010	2890000	0	0	TTTAGGG
Pcub-MSU1_010	2900000	0	0	TTTAGGG
Pcub-MSU1_010	2910000	1	0	TTTAGGG
Pcub-MSU1_010	2920000	1	0	TTTAGGG
Pcub-MSU1_010	2930000	0	0	TTTAGGG
Pcub-MSU1_010	2940000	0	0	TTTAGGG
Pcub-MSU1_010	2950000	0	0	TTTAGGG
Pcub-MSU1_010	2960000	0	0	TTTAGGG
Pcub-MSU1_010	2970000	0	0	TTTAGGG
Pcub-MSU1_010	2980000	0	0	TTTAGGG
Pcub-MSU1_010	2990000	0	0	TTTAGGG
Pcub-MSU1_010	3000000	0	0	TTTAGGG
Pcub-MSU1_010	3010000	0	0	TTTAGGG
Pcub-MSU1_010	3020000	0	0	TTTAGGG
Pcub-MSU1_010	3030000	0	0	TTTAGGG
Pcub-MSU1_010	3040000	0	0	TTTAGGG
Pcub-MSU1_010	3050000	0	0	TTTAGGG
Pcub-MSU1_010	3060000	0	0	TTTAGGG
Pcub-MSU1_010	3070000	0	0	TTTAGGG
Pcub-MSU1_010	3080000	0	0	TTTAGGG
Pcub-MSU1_010	3090000	0	2	TTTAGGG
Pcub-MSU1_010	3100000	0	0	TTTAGGG
Pcub-MSU1_010	3110000	0	1	TTTAGGG
Pcub-MSU1_010	3120000	0	0	TTTAGGG
Pcub-MSU1_010	3130000	0	0	TTTAGGG
Pcub-MSU1_010	3140000	0	0	TTTAGGG
Pcub-MSU1_010	3150000	0	0	TTTAGGG
Pcub-MSU1_010	3160000	0	0	TTTAGGG
Pcub-MSU1_010	3170000	0	0	TTTAGGG
Pcub-MSU1_010	3180000	0	0	TTTAGGG
Pcub-MSU1_010	3190000	0	0	TTTAGGG
Pcub-MSU1_010	3200000	0	0	TTTAGGG
Pcub-MSU1_010	3210000	0	0	TTTAGGG
Pcub-MSU1_010	3220000	0	0	TTTAGGG
Pcub-MSU1_010	3230000	0	0	TTTAGGG
Pcub-MSU1_010	3240000	0	0	TTTAGGG
Pcub-MSU1_010	3250000	0	0	TTTAGGG
Pcub-MSU1_010	3260000	0	0	TTTAGGG
Pcub-MSU1_010	3270000	0	0	TTTAGGG
Pcub-MSU1_010	3280000	0	0	TTTAGGG
Pcub-MSU1_010	3290000	0	0	TTTAGGG
Pcub-MSU1_010	3300000	0	0	TTTAGGG
Pcub-MSU1_010	3310000	0	0	TTTAGGG
Pcub-MSU1_010	3320000	0	0	TTTAGGG
Pcub-MSU1_010	3330000	0	0	TTTAGGG
Pcub-MSU1_010	3340000	0	0	TTTAGGG
Pcub-MSU1_010	3350000	0	0	TTTAGGG
Pcub-MSU1_010	3360000	0	0	TTTAGGG
Pcub-MSU1_010	3370000	0	0	TTTAGGG
Pcub-MSU1_010	3380000	0	0	TTTAGGG
Pcub-MSU1_010	3390000	0	0	TTTAGGG
Pcub-MSU1_010	3400000	0	0	TTTAGGG
Pcub-MSU1_010	3410000	0	0	TTTAGGG
Pcub-MSU1_010	3420000	0	0	TTTAGGG
Pcub-MSU1_010	3430000	0	0	TTTAGGG
Pcub-MSU1_010	3440000	0	0	TTTAGGG
Pcub-MSU1_010	3450000	0	0	TTTAGGG
Pcub-MSU1_010	3460000	0	0	TTTAGGG
Pcub-MSU1_010	3470000	0	0	TTTAGGG
Pcub-MSU1_010	3480000	0	0	TTTAGGG
Pcub-MSU1_010	3490000	0	0	TTTAGGG
Pcub-MSU1_010	3500000	0	0	TTTAGGG
Pcub-MSU1_010	3510000	0	0	TTTAGGG
Pcub-MSU1_010	3520000	0	0	TTTAGGG
Pcub-MSU1_010	3530000	0	0	TTTAGGG
Pcub-MSU1_010	3540000	0	0	TTTAGGG
Pcub-MSU1_010	3550000	0	0	TTTAGGG
Pcub-MSU1_010	3560000	0	0	TTTAGGG
Pcub-MSU1_010	3570000	0	0	TTTAGGG
Pcub-MSU1_010	3580000	0	0	TTTAGGG
Pcub-MSU1_010	3590000	0	0	TTTAGGG
Pcub-MSU1_010	3600000	0	0	TTTAGGG
Pcub-MSU1_010	3610000	0	0	TTTAGGG
Pcub-MSU1_010	3620000	0	0	TTTAGGG
Pcub-MSU1_010	3630000	0	0	TTTAGGG
Pcub-MSU1_010	3640000	0	0	TTTAGGG
Pcub-MSU1_010	3650000	0	0	TTTAGGG
Pcub-MSU1_010	3660000	1	0	TTTAGGG
Pcub-MSU1_010	3670000	2	0	TTTAGGG
Pcub-MSU1_010	3680000	1	2	TTTAGGG
Pcub-MSU1_010	3690000	0	1	TTTAGGG
Pcub-MSU1_010	3700000	0	0	TTTAGGG
Pcub-MSU1_010	3710000	0	1	TTTAGGG
Pcub-MSU1_010	3720000	0	0	TTTAGGG
Pcub-MSU1_010	3730000	0	0	TTTAGGG
Pcub-MSU1_010	3740000	0	0	TTTAGGG
Pcub-MSU1_010	3750000	0	0	TTTAGGG
Pcub-MSU1_010	3760000	1	0	TTTAGGG
Pcub-MSU1_010	3770000	0	0	TTTAGGG
Pcub-MSU1_010	3780000	0	0	TTTAGGG
Pcub-MSU1_010	3790000	2	0	TTTAGGG
Pcub-MSU1_010	3800000	2	0	TTTAGGG
Pcub-MSU1_010	3810000	1	1	TTTAGGG
Pcub-MSU1_010	3820000	1	0	TTTAGGG
Pcub-MSU1_010	3830000	0	0	TTTAGGG
Pcub-MSU1_010	3830569	63	0	TTTAGGG
Pcub-MSU1_011	10000	0	0	TTTAGGG
Pcub-MSU1_011	20000	0	0	TTTAGGG
Pcub-MSU1_011	30000	0	0	TTTAGGG
Pcub-MSU1_011	40000	0	0	TTTAGGG
Pcub-MSU1_011	50000	0	0	TTTAGGG
Pcub-MSU1_011	60000	0	0	TTTAGGG
Pcub-MSU1_011	70000	0	0	TTTAGGG
Pcub-MSU1_011	80000	0	0	TTTAGGG
Pcub-MSU1_011	90000	0	0	TTTAGGG
Pcub-MSU1_011	100000	0	0	TTTAGGG
Pcub-MSU1_011	110000	0	0	TTTAGGG
Pcub-MSU1_011	120000	0	1	TTTAGGG
Pcub-MSU1_011	130000	0	0	TTTAGGG
Pcub-MSU1_011	140000	0	0	TTTAGGG
Pcub-MSU1_011	150000	0	0	TTTAGGG
Pcub-MSU1_011	160000	0	0	TTTAGGG
Pcub-MSU1_011	170000	0	0	TTTAGGG
Pcub-MSU1_011	180000	0	0	TTTAGGG
Pcub-MSU1_011	190000	0	0	TTTAGGG
Pcub-MSU1_011	200000	0	0	TTTAGGG
Pcub-MSU1_011	210000	0	0	TTTAGGG
Pcub-MSU1_011	220000	0	1	TTTAGGG
Pcub-MSU1_011	230000	0	0	TTTAGGG
Pcub-MSU1_011	240000	0	0	TTTAGGG
Pcub-MSU1_011	250000	0	1	TTTAGGG
Pcub-MSU1_011	260000	0	0	TTTAGGG
Pcub-MSU1_011	270000	0	0	TTTAGGG
Pcub-MSU1_011	280000	0	0	TTTAGGG
Pcub-MSU1_011	290000	0	0	TTTAGGG
Pcub-MSU1_011	300000	1	0	TTTAGGG
Pcub-MSU1_011	310000	0	0	TTTAGGG
Pcub-MSU1_011	320000	0	1	TTTAGGG
Pcub-MSU1_011	330000	0	0	TTTAGGG
Pcub-MSU1_011	340000	1	0	TTTAGGG
Pcub-MSU1_011	350000	0	0	TTTAGGG
Pcub-MSU1_011	360000	0	0	TTTAGGG
Pcub-MSU1_011	370000	0	0	TTTAGGG
Pcub-MSU1_011	380000	0	0	TTTAGGG
Pcub-MSU1_011	390000	0	0	TTTAGGG
Pcub-MSU1_011	400000	0	0	TTTAGGG
Pcub-MSU1_011	410000	0	0	TTTAGGG
Pcub-MSU1_011	420000	0	0	TTTAGGG
Pcub-MSU1_011	430000	0	0	TTTAGGG
Pcub-MSU1_011	440000	0	0	TTTAGGG
Pcub-MSU1_011	450000	1	0	TTTAGGG
Pcub-MSU1_011	460000	1	0	TTTAGGG
Pcub-MSU1_011	470000	0	0	TTTAGGG
Pcub-MSU1_011	480000	0	0	TTTAGGG
Pcub-MSU1_011	490000	0	0	TTTAGGG
Pcub-MSU1_011	500000	2	0	TTTAGGG
Pcub-MSU1_011	510000	1	0	TTTAGGG
Pcub-MSU1_011	520000	0	0	TTTAGGG
Pcub-MSU1_011	530000	1	0	TTTAGGG
Pcub-MSU1_011	540000	0	0	TTTAGGG
Pcub-MSU1_011	550000	0	0	TTTAGGG
Pcub-MSU1_011	560000	0	0	TTTAGGG
Pcub-MSU1_011	570000	0	1	TTTAGGG
Pcub-MSU1_011	580000	0	1	TTTAGGG
Pcub-MSU1_011	590000	0	0	TTTAGGG
Pcub-MSU1_011	600000	0	0	TTTAGGG
Pcub-MSU1_011	610000	0	0	TTTAGGG
Pcub-MSU1_011	620000	0	0	TTTAGGG
Pcub-MSU1_011	630000	0	0	TTTAGGG
Pcub-MSU1_011	640000	0	0	TTTAGGG
Pcub-MSU1_011	650000	0	1	TTTAGGG
Pcub-MSU1_011	660000	0	0	TTTAGGG
Pcub-MSU1_011	670000	0	0	TTTAGGG
Pcub-MSU1_011	680000	0	0	TTTAGGG
Pcub-MSU1_011	690000	0	0	TTTAGGG
Pcub-MSU1_011	700000	0	0	TTTAGGG
Pcub-MSU1_011	710000	0	0	TTTAGGG
Pcub-MSU1_011	720000	0	0	TTTAGGG
Pcub-MSU1_011	730000	0	0	TTTAGGG
Pcub-MSU1_011	740000	0	0	TTTAGGG
Pcub-MSU1_011	750000	0	0	TTTAGGG
Pcub-MSU1_011	760000	0	0	TTTAGGG
Pcub-MSU1_011	770000	0	0	TTTAGGG
Pcub-MSU1_011	780000	0	1	TTTAGGG
Pcub-MSU1_011	790000	0	0	TTTAGGG
Pcub-MSU1_011	800000	0	0	TTTAGGG
Pcub-MSU1_011	810000	0	0	TTTAGGG
Pcub-MSU1_011	820000	0	0	TTTAGGG
Pcub-MSU1_011	830000	0	0	TTTAGGG
Pcub-MSU1_011	840000	0	0	TTTAGGG
Pcub-MSU1_011	850000	0	0	TTTAGGG
Pcub-MSU1_011	860000	0	0	TTTAGGG
Pcub-MSU1_011	870000	0	0	TTTAGGG
Pcub-MSU1_011	880000	0	0	TTTAGGG
Pcub-MSU1_011	890000	0	0	TTTAGGG
Pcub-MSU1_011	900000	0	0	TTTAGGG
Pcub-MSU1_011	910000	0	0	TTTAGGG
Pcub-MSU1_011	920000	0	0	TTTAGGG
Pcub-MSU1_011	930000	0	0	TTTAGGG
Pcub-MSU1_011	940000	0	0	TTTAGGG
Pcub-MSU1_011	950000	0	1	TTTAGGG
Pcub-MSU1_011	960000	0	0	TTTAGGG
Pcub-MSU1_011	970000	0	0	TTTAGGG
Pcub-MSU1_011	980000	0	0	TTTAGGG
Pcub-MSU1_011	990000	0	0	TTTAGGG
Pcub-MSU1_011	1000000	0	0	TTTAGGG
Pcub-MSU1_011	1010000	0	0	TTTAGGG
Pcub-MSU1_011	1020000	0	0	TTTAGGG
Pcub-MSU1_011	1030000	0	0	TTTAGGG
Pcub-MSU1_011	1040000	0	0	TTTAGGG
Pcub-MSU1_011	1050000	0	0	TTTAGGG
Pcub-MSU1_011	1060000	0	0	TTTAGGG
Pcub-MSU1_011	1070000	0	0	TTTAGGG
Pcub-MSU1_011	1080000	2	0	TTTAGGG
Pcub-MSU1_011	1090000	1	0	TTTAGGG
Pcub-MSU1_011	1100000	2	0	TTTAGGG
Pcub-MSU1_011	1110000	1	0	TTTAGGG
Pcub-MSU1_011	1120000	2	0	TTTAGGG
Pcub-MSU1_011	1130000	2	0	TTTAGGG
Pcub-MSU1_011	1140000	0	0	TTTAGGG
Pcub-MSU1_011	1150000	0	0	TTTAGGG
Pcub-MSU1_011	1160000	0	0	TTTAGGG
Pcub-MSU1_011	1170000	0	0	TTTAGGG
Pcub-MSU1_011	1180000	0	0	TTTAGGG
Pcub-MSU1_011	1190000	0	0	TTTAGGG
Pcub-MSU1_011	1200000	0	0	TTTAGGG
Pcub-MSU1_011	1210000	0	0	TTTAGGG
Pcub-MSU1_011	1220000	0	0	TTTAGGG
Pcub-MSU1_011	1230000	0	0	TTTAGGG
Pcub-MSU1_011	1240000	0	0	TTTAGGG
Pcub-MSU1_011	1250000	0	0	TTTAGGG
Pcub-MSU1_011	1260000	0	0	TTTAGGG
Pcub-MSU1_011	1270000	0	0	TTTAGGG
Pcub-MSU1_011	1280000	0	0	TTTAGGG
Pcub-MSU1_011	1290000	0	0	TTTAGGG
Pcub-MSU1_011	1300000	0	0	TTTAGGG
Pcub-MSU1_011	1310000	0	0	TTTAGGG
Pcub-MSU1_011	1320000	0	0	TTTAGGG
Pcub-MSU1_011	1330000	0	1	TTTAGGG
Pcub-MSU1_011	1340000	0	0	TTTAGGG
Pcub-MSU1_011	1350000	0	0	TTTAGGG
Pcub-MSU1_011	1360000	0	0	TTTAGGG
Pcub-MSU1_011	1370000	0	0	TTTAGGG
Pcub-MSU1_011	1380000	0	0	TTTAGGG
Pcub-MSU1_011	1390000	0	0	TTTAGGG
Pcub-MSU1_011	1400000	0	0	TTTAGGG
Pcub-MSU1_011	1410000	0	0	TTTAGGG
Pcub-MSU1_011	1420000	0	0	TTTAGGG
Pcub-MSU1_011	1430000	0	0	TTTAGGG
Pcub-MSU1_011	1440000	0	0	TTTAGGG
Pcub-MSU1_011	1450000	0	0	TTTAGGG
Pcub-MSU1_011	1460000	0	0	TTTAGGG
Pcub-MSU1_011	1470000	0	0	TTTAGGG
Pcub-MSU1_011	1480000	0	0	TTTAGGG
Pcub-MSU1_011	1490000	0	0	TTTAGGG
Pcub-MSU1_011	1500000	0	0	TTTAGGG
Pcub-MSU1_011	1510000	0	0	TTTAGGG
Pcub-MSU1_011	1520000	0	0	TTTAGGG
Pcub-MSU1_011	1530000	0	0	TTTAGGG
Pcub-MSU1_011	1540000	0	0	TTTAGGG
Pcub-MSU1_011	1550000	0	0	TTTAGGG
Pcub-MSU1_011	1560000	0	0	TTTAGGG
Pcub-MSU1_011	1570000	0	0	TTTAGGG
Pcub-MSU1_011	1580000	0	0	TTTAGGG
Pcub-MSU1_011	1590000	0	0	TTTAGGG
Pcub-MSU1_011	1600000	0	1	TTTAGGG
Pcub-MSU1_011	1610000	0	0	TTTAGGG
Pcub-MSU1_011	1620000	0	0	TTTAGGG
Pcub-MSU1_011	1630000	0	1	TTTAGGG
Pcub-MSU1_011	1640000	0	0	TTTAGGG
Pcub-MSU1_011	1650000	0	0	TTTAGGG
Pcub-MSU1_011	1660000	0	0	TTTAGGG
Pcub-MSU1_011	1670000	0	0	TTTAGGG
Pcub-MSU1_011	1680000	0	1	TTTAGGG
Pcub-MSU1_011	1690000	0	0	TTTAGGG
Pcub-MSU1_011	1700000	0	0	TTTAGGG
Pcub-MSU1_011	1710000	0	0	TTTAGGG
Pcub-MSU1_011	1720000	0	0	TTTAGGG
Pcub-MSU1_011	1730000	0	0	TTTAGGG
Pcub-MSU1_011	1740000	0	0	TTTAGGG
Pcub-MSU1_011	1750000	0	0	TTTAGGG
Pcub-MSU1_011	1760000	0	0	TTTAGGG
Pcub-MSU1_011	1770000	0	0	TTTAGGG
Pcub-MSU1_011	1780000	1	0	TTTAGGG
Pcub-MSU1_011	1790000	0	0	TTTAGGG
Pcub-MSU1_011	1800000	0	0	TTTAGGG
Pcub-MSU1_011	1810000	0	0	TTTAGGG
Pcub-MSU1_011	1820000	0	0	TTTAGGG
Pcub-MSU1_011	1830000	0	0	TTTAGGG
Pcub-MSU1_011	1840000	0	0	TTTAGGG
Pcub-MSU1_011	1850000	1	0	TTTAGGG
Pcub-MSU1_011	1860000	0	0	TTTAGGG
Pcub-MSU1_011	1870000	0	0	TTTAGGG
Pcub-MSU1_011	1880000	0	0	TTTAGGG
Pcub-MSU1_011	1890000	0	0	TTTAGGG
Pcub-MSU1_011	1900000	0	0	TTTAGGG
Pcub-MSU1_011	1910000	1	0	TTTAGGG
Pcub-MSU1_011	1920000	0	0	TTTAGGG
Pcub-MSU1_011	1930000	0	0	TTTAGGG
Pcub-MSU1_011	1940000	0	0	TTTAGGG
Pcub-MSU1_011	1950000	0	0	TTTAGGG
Pcub-MSU1_011	1960000	0	0	TTTAGGG
Pcub-MSU1_011	1970000	0	0	TTTAGGG
Pcub-MSU1_011	1980000	0	0	TTTAGGG
Pcub-MSU1_011	1990000	0	0	TTTAGGG
Pcub-MSU1_011	2000000	0	0	TTTAGGG
Pcub-MSU1_011	2010000	0	0	TTTAGGG
Pcub-MSU1_011	2020000	0	0	TTTAGGG
Pcub-MSU1_011	2030000	0	0	TTTAGGG
Pcub-MSU1_011	2040000	0	0	TTTAGGG
Pcub-MSU1_011	2050000	0	0	TTTAGGG
Pcub-MSU1_011	2060000	0	0	TTTAGGG
Pcub-MSU1_011	2070000	0	0	TTTAGGG
Pcub-MSU1_011	2080000	0	0	TTTAGGG
Pcub-MSU1_011	2090000	0	0	TTTAGGG
Pcub-MSU1_011	2100000	0	0	TTTAGGG
Pcub-MSU1_011	2110000	0	0	TTTAGGG
Pcub-MSU1_011	2120000	0	0	TTTAGGG
Pcub-MSU1_011	2130000	0	1	TTTAGGG
Pcub-MSU1_011	2140000	0	1	TTTAGGG
Pcub-MSU1_011	2150000	0	0	TTTAGGG
Pcub-MSU1_011	2160000	1	1	TTTAGGG
Pcub-MSU1_011	2170000	0	0	TTTAGGG
Pcub-MSU1_011	2180000	0	0	TTTAGGG
Pcub-MSU1_011	2190000	0	0	TTTAGGG
Pcub-MSU1_011	2200000	0	0	TTTAGGG
Pcub-MSU1_011	2210000	0	0	TTTAGGG
Pcub-MSU1_011	2220000	1	0	TTTAGGG
Pcub-MSU1_011	2230000	0	0	TTTAGGG
Pcub-MSU1_011	2240000	0	0	TTTAGGG
Pcub-MSU1_011	2250000	0	0	TTTAGGG
Pcub-MSU1_011	2260000	0	0	TTTAGGG
Pcub-MSU1_011	2270000	0	0	TTTAGGG
Pcub-MSU1_011	2280000	0	0	TTTAGGG
Pcub-MSU1_011	2290000	0	0	TTTAGGG
Pcub-MSU1_011	2300000	0	0	TTTAGGG
Pcub-MSU1_011	2310000	0	0	TTTAGGG
Pcub-MSU1_011	2320000	0	0	TTTAGGG
Pcub-MSU1_011	2330000	1	0	TTTAGGG
Pcub-MSU1_011	2340000	0	0	TTTAGGG
Pcub-MSU1_011	2350000	0	0	TTTAGGG
Pcub-MSU1_011	2360000	0	0	TTTAGGG
Pcub-MSU1_011	2370000	0	0	TTTAGGG
Pcub-MSU1_011	2380000	1	0	TTTAGGG
Pcub-MSU1_011	2390000	1	0	TTTAGGG
Pcub-MSU1_011	2400000	1	0	TTTAGGG
Pcub-MSU1_011	2410000	0	0	TTTAGGG
Pcub-MSU1_011	2420000	0	0	TTTAGGG
Pcub-MSU1_011	2430000	0	0	TTTAGGG
Pcub-MSU1_011	2440000	1	0	TTTAGGG
Pcub-MSU1_011	2450000	2	0	TTTAGGG
Pcub-MSU1_011	2460000	0	0	TTTAGGG
Pcub-MSU1_011	2470000	0	0	TTTAGGG
Pcub-MSU1_011	2480000	0	0	TTTAGGG
Pcub-MSU1_011	2490000	0	0	TTTAGGG
Pcub-MSU1_011	2500000	0	0	TTTAGGG
Pcub-MSU1_011	2510000	1	0	TTTAGGG
Pcub-MSU1_011	2520000	0	1	TTTAGGG
Pcub-MSU1_011	2530000	0	1	TTTAGGG
Pcub-MSU1_011	2540000	0	0	TTTAGGG
Pcub-MSU1_011	2550000	0	0	TTTAGGG
Pcub-MSU1_011	2560000	1	1	TTTAGGG
Pcub-MSU1_011	2570000	0	0	TTTAGGG
Pcub-MSU1_011	2580000	0	0	TTTAGGG
Pcub-MSU1_011	2590000	0	0	TTTAGGG
Pcub-MSU1_011	2600000	0	0	TTTAGGG
Pcub-MSU1_011	2610000	0	0	TTTAGGG
Pcub-MSU1_011	2620000	0	0	TTTAGGG
Pcub-MSU1_011	2630000	0	0	TTTAGGG
Pcub-MSU1_011	2640000	0	1	TTTAGGG
Pcub-MSU1_011	2650000	0	0	TTTAGGG
Pcub-MSU1_011	2660000	0	0	TTTAGGG
Pcub-MSU1_011	2670000	0	0	TTTAGGG
Pcub-MSU1_011	2680000	0	0	TTTAGGG
Pcub-MSU1_011	2690000	0	0	TTTAGGG
Pcub-MSU1_011	2700000	0	0	TTTAGGG
Pcub-MSU1_011	2710000	0	0	TTTAGGG
Pcub-MSU1_011	2720000	0	0	TTTAGGG
Pcub-MSU1_011	2730000	0	0	TTTAGGG
Pcub-MSU1_011	2740000	0	0	TTTAGGG
Pcub-MSU1_011	2750000	0	0	TTTAGGG
Pcub-MSU1_011	2760000	0	0	TTTAGGG
Pcub-MSU1_011	2770000	0	0	TTTAGGG
Pcub-MSU1_011	2780000	0	0	TTTAGGG
Pcub-MSU1_011	2790000	0	0	TTTAGGG
Pcub-MSU1_011	2800000	0	0	TTTAGGG
Pcub-MSU1_011	2810000	0	0	TTTAGGG
Pcub-MSU1_011	2820000	0	0	TTTAGGG
Pcub-MSU1_011	2830000	0	0	TTTAGGG
Pcub-MSU1_011	2840000	0	0	TTTAGGG
Pcub-MSU1_011	2850000	0	1	TTTAGGG
Pcub-MSU1_011	2860000	0	0	TTTAGGG
Pcub-MSU1_011	2870000	0	0	TTTAGGG
Pcub-MSU1_011	2880000	0	0	TTTAGGG
Pcub-MSU1_011	2890000	0	0	TTTAGGG
Pcub-MSU1_011	2900000	0	0	TTTAGGG
Pcub-MSU1_011	2910000	0	0	TTTAGGG
Pcub-MSU1_011	2920000	0	0	TTTAGGG
Pcub-MSU1_011	2930000	0	0	TTTAGGG
Pcub-MSU1_011	2940000	0	0	TTTAGGG
Pcub-MSU1_011	2950000	0	0	TTTAGGG
Pcub-MSU1_011	2960000	0	0	TTTAGGG
Pcub-MSU1_011	2970000	0	0	TTTAGGG
Pcub-MSU1_011	2980000	0	0	TTTAGGG
Pcub-MSU1_011	2990000	0	0	TTTAGGG
Pcub-MSU1_011	3000000	0	0	TTTAGGG
Pcub-MSU1_011	3010000	0	0	TTTAGGG
Pcub-MSU1_011	3020000	0	0	TTTAGGG
Pcub-MSU1_011	3030000	0	0	TTTAGGG
Pcub-MSU1_011	3040000	0	0	TTTAGGG
Pcub-MSU1_011	3050000	0	0	TTTAGGG
Pcub-MSU1_011	3060000	0	0	TTTAGGG
Pcub-MSU1_011	3070000	0	0	TTTAGGG
Pcub-MSU1_011	3080000	0	0	TTTAGGG
Pcub-MSU1_011	3090000	0	0	TTTAGGG
Pcub-MSU1_011	3100000	0	0	TTTAGGG
Pcub-MSU1_011	3110000	0	0	TTTAGGG
Pcub-MSU1_011	3120000	0	0	TTTAGGG
Pcub-MSU1_011	3130000	0	0	TTTAGGG
Pcub-MSU1_011	3140000	0	0	TTTAGGG
Pcub-MSU1_011	3150000	0	0	TTTAGGG
Pcub-MSU1_011	3160000	0	0	TTTAGGG
Pcub-MSU1_011	3170000	0	0	TTTAGGG
Pcub-MSU1_011	3180000	0	0	TTTAGGG
Pcub-MSU1_011	3190000	1	0	TTTAGGG
Pcub-MSU1_011	3200000	0	0	TTTAGGG
Pcub-MSU1_011	3210000	0	0	TTTAGGG
Pcub-MSU1_011	3220000	0	0	TTTAGGG
Pcub-MSU1_011	3230000	0	0	TTTAGGG
Pcub-MSU1_011	3240000	0	0	TTTAGGG
Pcub-MSU1_011	3250000	0	0	TTTAGGG
Pcub-MSU1_011	3260000	0	0	TTTAGGG
Pcub-MSU1_011	3270000	0	0	TTTAGGG
Pcub-MSU1_011	3280000	0	1	TTTAGGG
Pcub-MSU1_011	3290000	1	1	TTTAGGG
Pcub-MSU1_011	3300000	0	0	TTTAGGG
Pcub-MSU1_011	3310000	0	0	TTTAGGG
Pcub-MSU1_011	3320000	0	0	TTTAGGG
Pcub-MSU1_011	3330000	0	0	TTTAGGG
Pcub-MSU1_011	3340000	0	0	TTTAGGG
Pcub-MSU1_011	3350000	0	0	TTTAGGG
Pcub-MSU1_011	3360000	0	0	TTTAGGG
Pcub-MSU1_011	3370000	0	0	TTTAGGG
Pcub-MSU1_011	3380000	1	0	TTTAGGG
Pcub-MSU1_011	3390000	0	0	TTTAGGG
Pcub-MSU1_011	3400000	1	0	TTTAGGG
Pcub-MSU1_011	3410000	0	0	TTTAGGG
Pcub-MSU1_011	3420000	0	0	TTTAGGG
Pcub-MSU1_011	3430000	0	0	TTTAGGG
Pcub-MSU1_011	3440000	0	0	TTTAGGG
Pcub-MSU1_011	3450000	0	0	TTTAGGG
Pcub-MSU1_011	3460000	0	1	TTTAGGG
Pcub-MSU1_011	3470000	2	0	TTTAGGG
Pcub-MSU1_011	3480000	0	0	TTTAGGG
Pcub-MSU1_011	3490000	0	0	TTTAGGG
Pcub-MSU1_011	3500000	0	0	TTTAGGG
Pcub-MSU1_011	3510000	0	0	TTTAGGG
Pcub-MSU1_011	3520000	0	0	TTTAGGG
Pcub-MSU1_011	3530000	0	0	TTTAGGG
Pcub-MSU1_011	3540000	0	0	TTTAGGG
Pcub-MSU1_011	3550000	0	0	TTTAGGG
Pcub-MSU1_011	3560000	0	0	TTTAGGG
Pcub-MSU1_011	3570000	0	0	TTTAGGG
Pcub-MSU1_011	3580000	0	0	TTTAGGG
Pcub-MSU1_011	3590000	0	0	TTTAGGG
Pcub-MSU1_011	3600000	0	0	TTTAGGG
Pcub-MSU1_011	3610000	0	0	TTTAGGG
Pcub-MSU1_011	3620000	0	0	TTTAGGG
Pcub-MSU1_011	3630000	0	0	TTTAGGG
Pcub-MSU1_011	3640000	0	0	TTTAGGG
Pcub-MSU1_011	3650000	1	0	TTTAGGG
Pcub-MSU1_011	3660000	0	0	TTTAGGG
Pcub-MSU1_011	3670000	0	0	TTTAGGG
Pcub-MSU1_011	3680000	0	0	TTTAGGG
Pcub-MSU1_011	3690000	0	0	TTTAGGG
Pcub-MSU1_011	3700000	0	0	TTTAGGG
Pcub-MSU1_011	3710000	0	0	TTTAGGG
Pcub-MSU1_011	3720000	0	0	TTTAGGG
Pcub-MSU1_011	3730000	0	0	TTTAGGG
Pcub-MSU1_011	3740000	1	0	TTTAGGG
Pcub-MSU1_011	3743114	49	0	TTTAGGG
Pcub-MSU1_012	10000	0	63	TTTAGGG
Pcub-MSU1_012	20000	0	0	TTTAGGG
Pcub-MSU1_012	30000	0	1	TTTAGGG
Pcub-MSU1_012	40000	1	0	TTTAGGG
Pcub-MSU1_012	50000	1	0	TTTAGGG
Pcub-MSU1_012	60000	0	1	TTTAGGG
Pcub-MSU1_012	70000	0	0	TTTAGGG
Pcub-MSU1_012	80000	0	0	TTTAGGG
Pcub-MSU1_012	90000	0	0	TTTAGGG
Pcub-MSU1_012	100000	0	0	TTTAGGG
Pcub-MSU1_012	110000	0	0	TTTAGGG
Pcub-MSU1_012	120000	0	0	TTTAGGG
Pcub-MSU1_012	130000	0	0	TTTAGGG
Pcub-MSU1_012	140000	0	0	TTTAGGG
Pcub-MSU1_012	150000	1	0	TTTAGGG
Pcub-MSU1_012	160000	0	0	TTTAGGG
Pcub-MSU1_012	170000	0	0	TTTAGGG
Pcub-MSU1_012	180000	0	0	TTTAGGG
Pcub-MSU1_012	190000	2	1	TTTAGGG
Pcub-MSU1_012	200000	0	1	TTTAGGG
Pcub-MSU1_012	210000	0	0	TTTAGGG
Pcub-MSU1_012	220000	0	0	TTTAGGG
Pcub-MSU1_012	230000	0	0	TTTAGGG
Pcub-MSU1_012	240000	0	0	TTTAGGG
Pcub-MSU1_012	250000	0	0	TTTAGGG
Pcub-MSU1_012	260000	0	0	TTTAGGG
Pcub-MSU1_012	270000	0	0	TTTAGGG
Pcub-MSU1_012	280000	0	1	TTTAGGG
Pcub-MSU1_012	290000	1	0	TTTAGGG
Pcub-MSU1_012	300000	0	0	TTTAGGG
Pcub-MSU1_012	310000	0	0	TTTAGGG
Pcub-MSU1_012	320000	0	0	TTTAGGG
Pcub-MSU1_012	330000	0	0	TTTAGGG
Pcub-MSU1_012	340000	0	0	TTTAGGG
Pcub-MSU1_012	350000	0	0	TTTAGGG
Pcub-MSU1_012	360000	0	0	TTTAGGG
Pcub-MSU1_012	370000	0	0	TTTAGGG
Pcub-MSU1_012	380000	0	0	TTTAGGG
Pcub-MSU1_012	390000	0	0	TTTAGGG
Pcub-MSU1_012	400000	0	0	TTTAGGG
Pcub-MSU1_012	410000	0	0	TTTAGGG
Pcub-MSU1_012	420000	0	0	TTTAGGG
Pcub-MSU1_012	430000	0	0	TTTAGGG
Pcub-MSU1_012	440000	0	0	TTTAGGG
Pcub-MSU1_012	450000	0	0	TTTAGGG
Pcub-MSU1_012	460000	0	0	TTTAGGG
Pcub-MSU1_012	470000	0	0	TTTAGGG
Pcub-MSU1_012	480000	0	0	TTTAGGG
Pcub-MSU1_012	490000	0	0	TTTAGGG
Pcub-MSU1_012	500000	0	1	TTTAGGG
Pcub-MSU1_012	510000	0	0	TTTAGGG
Pcub-MSU1_012	520000	0	0	TTTAGGG
Pcub-MSU1_012	530000	0	0	TTTAGGG
Pcub-MSU1_012	540000	0	0	TTTAGGG
Pcub-MSU1_012	550000	1	0	TTTAGGG
Pcub-MSU1_012	560000	1	1	TTTAGGG
Pcub-MSU1_012	570000	0	0	TTTAGGG
Pcub-MSU1_012	580000	0	0	TTTAGGG
Pcub-MSU1_012	590000	0	0	TTTAGGG
Pcub-MSU1_012	600000	0	0	TTTAGGG
Pcub-MSU1_012	610000	0	0	TTTAGGG
Pcub-MSU1_012	620000	0	0	TTTAGGG
Pcub-MSU1_012	630000	0	0	TTTAGGG
Pcub-MSU1_012	640000	0	0	TTTAGGG
Pcub-MSU1_012	650000	0	0	TTTAGGG
Pcub-MSU1_012	660000	0	0	TTTAGGG
Pcub-MSU1_012	670000	0	0	TTTAGGG
Pcub-MSU1_012	680000	1	0	TTTAGGG
Pcub-MSU1_012	690000	0	0	TTTAGGG
Pcub-MSU1_012	700000	0	0	TTTAGGG
Pcub-MSU1_012	710000	0	0	TTTAGGG
Pcub-MSU1_012	720000	0	0	TTTAGGG
Pcub-MSU1_012	730000	0	0	TTTAGGG
Pcub-MSU1_012	740000	0	0	TTTAGGG
Pcub-MSU1_012	750000	0	0	TTTAGGG
Pcub-MSU1_012	760000	0	0	TTTAGGG
Pcub-MSU1_012	770000	0	0	TTTAGGG
Pcub-MSU1_012	780000	0	0	TTTAGGG
Pcub-MSU1_012	790000	0	0	TTTAGGG
Pcub-MSU1_012	800000	0	0	TTTAGGG
Pcub-MSU1_012	810000	0	0	TTTAGGG
Pcub-MSU1_012	820000	0	0	TTTAGGG
Pcub-MSU1_012	830000	0	0	TTTAGGG
Pcub-MSU1_012	840000	0	0	TTTAGGG
Pcub-MSU1_012	850000	0	0	TTTAGGG
Pcub-MSU1_012	860000	0	0	TTTAGGG
Pcub-MSU1_012	870000	0	1	TTTAGGG
Pcub-MSU1_012	880000	0	0	TTTAGGG
Pcub-MSU1_012	890000	0	0	TTTAGGG
Pcub-MSU1_012	900000	0	0	TTTAGGG
Pcub-MSU1_012	910000	1	0	TTTAGGG
Pcub-MSU1_012	920000	2	2	TTTAGGG
Pcub-MSU1_012	930000	0	0	TTTAGGG
Pcub-MSU1_012	940000	0	0	TTTAGGG
Pcub-MSU1_012	950000	0	0	TTTAGGG
Pcub-MSU1_012	960000	0	0	TTTAGGG
Pcub-MSU1_012	970000	0	0	TTTAGGG
Pcub-MSU1_012	980000	0	0	TTTAGGG
Pcub-MSU1_012	990000	0	0	TTTAGGG
Pcub-MSU1_012	1000000	0	1	TTTAGGG
Pcub-MSU1_012	1010000	5	0	TTTAGGG
Pcub-MSU1_012	1020000	0	0	TTTAGGG
Pcub-MSU1_012	1030000	1	0	TTTAGGG
Pcub-MSU1_012	1040000	0	0	TTTAGGG
Pcub-MSU1_012	1050000	0	0	TTTAGGG
Pcub-MSU1_012	1060000	0	0	TTTAGGG
Pcub-MSU1_012	1070000	0	0	TTTAGGG
Pcub-MSU1_012	1080000	0	0	TTTAGGG
Pcub-MSU1_012	1090000	0	0	TTTAGGG
Pcub-MSU1_012	1100000	0	0	TTTAGGG
Pcub-MSU1_012	1110000	0	0	TTTAGGG
Pcub-MSU1_012	1120000	0	0	TTTAGGG
Pcub-MSU1_012	1130000	0	0	TTTAGGG
Pcub-MSU1_012	1140000	0	0	TTTAGGG
Pcub-MSU1_012	1150000	0	0	TTTAGGG
Pcub-MSU1_012	1160000	0	0	TTTAGGG
Pcub-MSU1_012	1170000	0	0	TTTAGGG
Pcub-MSU1_012	1180000	0	0	TTTAGGG
Pcub-MSU1_012	1190000	0	0	TTTAGGG
Pcub-MSU1_012	1200000	0	0	TTTAGGG
Pcub-MSU1_012	1210000	0	0	TTTAGGG
Pcub-MSU1_012	1220000	1	0	TTTAGGG
Pcub-MSU1_012	1230000	0	0	TTTAGGG
Pcub-MSU1_012	1240000	0	0	TTTAGGG
Pcub-MSU1_012	1250000	0	0	TTTAGGG
Pcub-MSU1_012	1260000	0	1	TTTAGGG
Pcub-MSU1_012	1270000	0	0	TTTAGGG
Pcub-MSU1_012	1280000	0	1	TTTAGGG
Pcub-MSU1_012	1290000	0	1	TTTAGGG
Pcub-MSU1_012	1300000	0	0	TTTAGGG
Pcub-MSU1_012	1310000	0	0	TTTAGGG
Pcub-MSU1_012	1320000	0	0	TTTAGGG
Pcub-MSU1_012	1330000	0	0	TTTAGGG
Pcub-MSU1_012	1340000	0	0	TTTAGGG
Pcub-MSU1_012	1350000	0	0	TTTAGGG
Pcub-MSU1_012	1360000	0	0	TTTAGGG
Pcub-MSU1_012	1370000	0	0	TTTAGGG
Pcub-MSU1_012	1380000	0	0	TTTAGGG
Pcub-MSU1_012	1390000	0	0	TTTAGGG
Pcub-MSU1_012	1400000	0	0	TTTAGGG
Pcub-MSU1_012	1410000	0	0	TTTAGGG
Pcub-MSU1_012	1420000	0	0	TTTAGGG
Pcub-MSU1_012	1430000	0	0	TTTAGGG
Pcub-MSU1_012	1440000	0	0	TTTAGGG
Pcub-MSU1_012	1450000	0	0	TTTAGGG
Pcub-MSU1_012	1460000	0	0	TTTAGGG
Pcub-MSU1_012	1470000	0	0	TTTAGGG
Pcub-MSU1_012	1480000	0	0	TTTAGGG
Pcub-MSU1_012	1490000	0	0	TTTAGGG
Pcub-MSU1_012	1500000	0	0	TTTAGGG
Pcub-MSU1_012	1510000	0	0	TTTAGGG
Pcub-MSU1_012	1520000	0	0	TTTAGGG
Pcub-MSU1_012	1530000	0	0	TTTAGGG
Pcub-MSU1_012	1540000	0	0	TTTAGGG
Pcub-MSU1_012	1550000	0	0	TTTAGGG
Pcub-MSU1_012	1560000	0	0	TTTAGGG
Pcub-MSU1_012	1570000	0	0	TTTAGGG
Pcub-MSU1_012	1580000	0	0	TTTAGGG
Pcub-MSU1_012	1590000	0	0	TTTAGGG
Pcub-MSU1_012	1600000	0	0	TTTAGGG
Pcub-MSU1_012	1610000	0	0	TTTAGGG
Pcub-MSU1_012	1620000	0	0	TTTAGGG
Pcub-MSU1_012	1630000	0	0	TTTAGGG
Pcub-MSU1_012	1640000	0	0	TTTAGGG
Pcub-MSU1_012	1650000	1	0	TTTAGGG
Pcub-MSU1_012	1660000	0	0	TTTAGGG
Pcub-MSU1_012	1670000	0	0	TTTAGGG
Pcub-MSU1_012	1680000	0	0	TTTAGGG
Pcub-MSU1_012	1690000	0	0	TTTAGGG
Pcub-MSU1_012	1700000	0	0	TTTAGGG
Pcub-MSU1_012	1710000	1	0	TTTAGGG
Pcub-MSU1_012	1720000	0	0	TTTAGGG
Pcub-MSU1_012	1730000	1	0	TTTAGGG
Pcub-MSU1_012	1740000	0	0	TTTAGGG
Pcub-MSU1_012	1750000	0	0	TTTAGGG
Pcub-MSU1_012	1760000	0	0	TTTAGGG
Pcub-MSU1_012	1770000	0	0	TTTAGGG
Pcub-MSU1_012	1780000	0	0	TTTAGGG
Pcub-MSU1_012	1790000	0	0	TTTAGGG
Pcub-MSU1_012	1800000	0	0	TTTAGGG
Pcub-MSU1_012	1810000	0	0	TTTAGGG
Pcub-MSU1_012	1820000	0	0	TTTAGGG
Pcub-MSU1_012	1830000	1	0	TTTAGGG
Pcub-MSU1_012	1840000	0	0	TTTAGGG
Pcub-MSU1_012	1850000	0	0	TTTAGGG
Pcub-MSU1_012	1860000	0	1	TTTAGGG
Pcub-MSU1_012	1870000	0	0	TTTAGGG
Pcub-MSU1_012	1880000	0	0	TTTAGGG
Pcub-MSU1_012	1890000	0	0	TTTAGGG
Pcub-MSU1_012	1900000	0	0	TTTAGGG
Pcub-MSU1_012	1910000	0	0	TTTAGGG
Pcub-MSU1_012	1920000	0	0	TTTAGGG
Pcub-MSU1_012	1930000	0	0	TTTAGGG
Pcub-MSU1_012	1940000	0	0	TTTAGGG
Pcub-MSU1_012	1950000	0	0	TTTAGGG
Pcub-MSU1_012	1960000	0	0	TTTAGGG
Pcub-MSU1_012	1970000	0	0	TTTAGGG
Pcub-MSU1_012	1980000	0	0	TTTAGGG
Pcub-MSU1_012	1990000	0	0	TTTAGGG
Pcub-MSU1_012	2000000	0	0	TTTAGGG
Pcub-MSU1_012	2010000	0	0	TTTAGGG
Pcub-MSU1_012	2020000	0	0	TTTAGGG
Pcub-MSU1_012	2030000	0	0	TTTAGGG
Pcub-MSU1_012	2040000	0	0	TTTAGGG
Pcub-MSU1_012	2050000	0	0	TTTAGGG
Pcub-MSU1_012	2060000	0	0	TTTAGGG
Pcub-MSU1_012	2070000	0	0	TTTAGGG
Pcub-MSU1_012	2080000	0	0	TTTAGGG
Pcub-MSU1_012	2090000	0	0	TTTAGGG
Pcub-MSU1_012	2100000	0	0	TTTAGGG
Pcub-MSU1_012	2110000	1	0	TTTAGGG
Pcub-MSU1_012	2120000	1	1	TTTAGGG
Pcub-MSU1_012	2130000	0	0	TTTAGGG
Pcub-MSU1_012	2140000	1	0	TTTAGGG
Pcub-MSU1_012	2150000	0	0	TTTAGGG
Pcub-MSU1_012	2160000	0	0	TTTAGGG
Pcub-MSU1_012	2170000	0	0	TTTAGGG
Pcub-MSU1_012	2180000	1	0	TTTAGGG
Pcub-MSU1_012	2190000	1	0	TTTAGGG
Pcub-MSU1_012	2200000	0	0	TTTAGGG
Pcub-MSU1_012	2210000	0	0	TTTAGGG
Pcub-MSU1_012	2220000	0	0	TTTAGGG
Pcub-MSU1_012	2230000	0	0	TTTAGGG
Pcub-MSU1_012	2240000	0	0	TTTAGGG
Pcub-MSU1_012	2250000	0	0	TTTAGGG
Pcub-MSU1_012	2260000	0	0	TTTAGGG
Pcub-MSU1_012	2270000	0	0	TTTAGGG
Pcub-MSU1_012	2280000	0	0	TTTAGGG
Pcub-MSU1_012	2290000	0	0	TTTAGGG
Pcub-MSU1_012	2300000	0	0	TTTAGGG
Pcub-MSU1_012	2310000	0	0	TTTAGGG
Pcub-MSU1_012	2320000	0	0	TTTAGGG
Pcub-MSU1_012	2330000	0	1	TTTAGGG
Pcub-MSU1_012	2340000	0	0	TTTAGGG
Pcub-MSU1_012	2350000	0	0	TTTAGGG
Pcub-MSU1_012	2360000	0	0	TTTAGGG
Pcub-MSU1_012	2370000	0	0	TTTAGGG
Pcub-MSU1_012	2380000	1	0	TTTAGGG
Pcub-MSU1_012	2390000	0	0	TTTAGGG
Pcub-MSU1_012	2400000	0	0	TTTAGGG
Pcub-MSU1_012	2410000	0	0	TTTAGGG
Pcub-MSU1_012	2420000	0	0	TTTAGGG
Pcub-MSU1_012	2430000	0	0	TTTAGGG
Pcub-MSU1_012	2440000	0	1	TTTAGGG
Pcub-MSU1_012	2450000	0	0	TTTAGGG
Pcub-MSU1_012	2460000	1	0	TTTAGGG
Pcub-MSU1_012	2470000	0	0	TTTAGGG
Pcub-MSU1_012	2480000	0	0	TTTAGGG
Pcub-MSU1_012	2490000	0	0	TTTAGGG
Pcub-MSU1_012	2500000	0	0	TTTAGGG
Pcub-MSU1_012	2510000	0	0	TTTAGGG
Pcub-MSU1_012	2520000	0	0	TTTAGGG
Pcub-MSU1_012	2530000	0	0	TTTAGGG
Pcub-MSU1_012	2540000	0	0	TTTAGGG
Pcub-MSU1_012	2550000	0	0	TTTAGGG
Pcub-MSU1_012	2560000	0	0	TTTAGGG
Pcub-MSU1_012	2570000	0	0	TTTAGGG
Pcub-MSU1_012	2580000	0	0	TTTAGGG
Pcub-MSU1_012	2590000	0	0	TTTAGGG
Pcub-MSU1_012	2600000	0	0	TTTAGGG
Pcub-MSU1_012	2610000	0	0	TTTAGGG
Pcub-MSU1_012	2620000	1	1	TTTAGGG
Pcub-MSU1_012	2630000	0	0	TTTAGGG
Pcub-MSU1_012	2640000	0	0	TTTAGGG
Pcub-MSU1_012	2650000	0	0	TTTAGGG
Pcub-MSU1_012	2660000	0	0	TTTAGGG
Pcub-MSU1_012	2670000	0	0	TTTAGGG
Pcub-MSU1_012	2680000	0	0	TTTAGGG
Pcub-MSU1_012	2690000	0	0	TTTAGGG
Pcub-MSU1_012	2700000	1	0	TTTAGGG
Pcub-MSU1_012	2710000	0	0	TTTAGGG
Pcub-MSU1_012	2720000	1	0	TTTAGGG
Pcub-MSU1_012	2730000	1	1	TTTAGGG
Pcub-MSU1_012	2740000	0	0	TTTAGGG
Pcub-MSU1_012	2750000	1	0	TTTAGGG
Pcub-MSU1_012	2760000	0	0	TTTAGGG
Pcub-MSU1_012	2770000	0	0	TTTAGGG
Pcub-MSU1_012	2780000	0	0	TTTAGGG
Pcub-MSU1_012	2790000	0	0	TTTAGGG
Pcub-MSU1_012	2800000	0	0	TTTAGGG
Pcub-MSU1_012	2810000	0	0	TTTAGGG
Pcub-MSU1_012	2820000	0	0	TTTAGGG
Pcub-MSU1_012	2830000	0	0	TTTAGGG
Pcub-MSU1_012	2840000	0	0	TTTAGGG
Pcub-MSU1_012	2850000	0	0	TTTAGGG
Pcub-MSU1_012	2860000	0	0	TTTAGGG
Pcub-MSU1_012	2870000	0	0	TTTAGGG
Pcub-MSU1_012	2880000	0	0	TTTAGGG
Pcub-MSU1_012	2890000	0	0	TTTAGGG
Pcub-MSU1_012	2900000	0	0	TTTAGGG
Pcub-MSU1_012	2910000	0	0	TTTAGGG
Pcub-MSU1_012	2920000	0	0	TTTAGGG
Pcub-MSU1_012	2930000	0	0	TTTAGGG
Pcub-MSU1_012	2940000	0	0	TTTAGGG
Pcub-MSU1_012	2950000	0	0	TTTAGGG
Pcub-MSU1_012	2960000	0	0	TTTAGGG
Pcub-MSU1_012	2970000	0	0	TTTAGGG
Pcub-MSU1_012	2980000	0	0	TTTAGGG
Pcub-MSU1_012	2990000	0	0	TTTAGGG
Pcub-MSU1_012	3000000	0	0	TTTAGGG
Pcub-MSU1_012	3010000	0	0	TTTAGGG
Pcub-MSU1_012	3020000	1	0	TTTAGGG
Pcub-MSU1_012	3030000	0	0	TTTAGGG
Pcub-MSU1_012	3040000	0	0	TTTAGGG
Pcub-MSU1_012	3050000	0	0	TTTAGGG
Pcub-MSU1_012	3060000	1	0	TTTAGGG
Pcub-MSU1_012	3070000	0	0	TTTAGGG
Pcub-MSU1_012	3080000	0	0	TTTAGGG
Pcub-MSU1_012	3090000	1	0	TTTAGGG
Pcub-MSU1_012	3100000	0	0	TTTAGGG
Pcub-MSU1_012	3110000	0	0	TTTAGGG
Pcub-MSU1_012	3120000	0	0	TTTAGGG
Pcub-MSU1_012	3130000	0	0	TTTAGGG
Pcub-MSU1_012	3140000	0	0	TTTAGGG
Pcub-MSU1_012	3150000	0	0	TTTAGGG
Pcub-MSU1_012	3160000	1	0	TTTAGGG
Pcub-MSU1_012	3170000	0	0	TTTAGGG
Pcub-MSU1_012	3180000	0	1	TTTAGGG
Pcub-MSU1_012	3190000	0	0	TTTAGGG
Pcub-MSU1_012	3200000	0	0	TTTAGGG
Pcub-MSU1_012	3210000	0	0	TTTAGGG
Pcub-MSU1_012	3220000	0	0	TTTAGGG
Pcub-MSU1_012	3230000	1	0	TTTAGGG
Pcub-MSU1_012	3240000	0	0	TTTAGGG
Pcub-MSU1_012	3250000	0	0	TTTAGGG
Pcub-MSU1_012	3260000	0	1	TTTAGGG
Pcub-MSU1_012	3270000	0	0	TTTAGGG
Pcub-MSU1_012	3280000	0	1	TTTAGGG
Pcub-MSU1_012	3290000	0	0	TTTAGGG
Pcub-MSU1_012	3298584	58	0	TTTAGGG
Pcub-MSU1_013	10000	1	46	TTTAGGG
Pcub-MSU1_013	20000	0	0	TTTAGGG
Pcub-MSU1_013	30000	0	1	TTTAGGG
Pcub-MSU1_013	40000	0	0	TTTAGGG
Pcub-MSU1_013	50000	1	0	TTTAGGG
Pcub-MSU1_013	60000	0	0	TTTAGGG
Pcub-MSU1_013	70000	0	0	TTTAGGG
Pcub-MSU1_013	80000	0	0	TTTAGGG
Pcub-MSU1_013	90000	0	0	TTTAGGG
Pcub-MSU1_013	100000	0	0	TTTAGGG
Pcub-MSU1_013	110000	0	0	TTTAGGG
Pcub-MSU1_013	120000	0	0	TTTAGGG
Pcub-MSU1_013	130000	0	1	TTTAGGG
Pcub-MSU1_013	140000	0	0	TTTAGGG
Pcub-MSU1_013	150000	0	0	TTTAGGG
Pcub-MSU1_013	160000	0	0	TTTAGGG
Pcub-MSU1_013	170000	0	0	TTTAGGG
Pcub-MSU1_013	180000	0	0	TTTAGGG
Pcub-MSU1_013	190000	0	0	TTTAGGG
Pcub-MSU1_013	200000	0	0	TTTAGGG
Pcub-MSU1_013	210000	0	0	TTTAGGG
Pcub-MSU1_013	220000	0	0	TTTAGGG
Pcub-MSU1_013	230000	0	0	TTTAGGG
Pcub-MSU1_013	240000	0	0	TTTAGGG
Pcub-MSU1_013	250000	0	0	TTTAGGG
Pcub-MSU1_013	260000	0	0	TTTAGGG
Pcub-MSU1_013	270000	0	0	TTTAGGG
Pcub-MSU1_013	280000	1	0	TTTAGGG
Pcub-MSU1_013	290000	0	0	TTTAGGG
Pcub-MSU1_013	300000	0	0	TTTAGGG
Pcub-MSU1_013	310000	1	0	TTTAGGG
Pcub-MSU1_013	320000	0	1	TTTAGGG
Pcub-MSU1_013	330000	0	0	TTTAGGG
Pcub-MSU1_013	340000	0	0	TTTAGGG
Pcub-MSU1_013	350000	0	0	TTTAGGG
Pcub-MSU1_013	360000	0	0	TTTAGGG
Pcub-MSU1_013	370000	0	0	TTTAGGG
Pcub-MSU1_013	380000	0	0	TTTAGGG
Pcub-MSU1_013	390000	0	0	TTTAGGG
Pcub-MSU1_013	400000	0	1	TTTAGGG
Pcub-MSU1_013	410000	0	0	TTTAGGG
Pcub-MSU1_013	420000	0	2	TTTAGGG
Pcub-MSU1_013	430000	1	1	TTTAGGG
Pcub-MSU1_013	440000	1	0	TTTAGGG
Pcub-MSU1_013	450000	0	0	TTTAGGG
Pcub-MSU1_013	460000	0	0	TTTAGGG
Pcub-MSU1_013	470000	1	0	TTTAGGG
Pcub-MSU1_013	480000	0	0	TTTAGGG
Pcub-MSU1_013	490000	0	0	TTTAGGG
Pcub-MSU1_013	500000	0	0	TTTAGGG
Pcub-MSU1_013	510000	0	0	TTTAGGG
Pcub-MSU1_013	520000	0	0	TTTAGGG
Pcub-MSU1_013	530000	0	0	TTTAGGG
Pcub-MSU1_013	540000	0	0	TTTAGGG
Pcub-MSU1_013	550000	0	0	TTTAGGG
Pcub-MSU1_013	560000	0	0	TTTAGGG
Pcub-MSU1_013	570000	0	0	TTTAGGG
Pcub-MSU1_013	580000	0	1	TTTAGGG
Pcub-MSU1_013	590000	0	0	TTTAGGG
Pcub-MSU1_013	600000	0	0	TTTAGGG
Pcub-MSU1_013	610000	0	0	TTTAGGG
Pcub-MSU1_013	620000	0	0	TTTAGGG
Pcub-MSU1_013	630000	0	0	TTTAGGG
Pcub-MSU1_013	640000	0	0	TTTAGGG
Pcub-MSU1_013	650000	0	0	TTTAGGG
Pcub-MSU1_013	660000	0	0	TTTAGGG
Pcub-MSU1_013	670000	0	0	TTTAGGG
Pcub-MSU1_013	680000	0	0	TTTAGGG
Pcub-MSU1_013	690000	0	0	TTTAGGG
Pcub-MSU1_013	700000	0	0	TTTAGGG
Pcub-MSU1_013	710000	0	0	TTTAGGG
Pcub-MSU1_013	720000	0	0	TTTAGGG
Pcub-MSU1_013	730000	0	0	TTTAGGG
Pcub-MSU1_013	740000	0	0	TTTAGGG
Pcub-MSU1_013	750000	0	0	TTTAGGG
Pcub-MSU1_013	760000	0	0	TTTAGGG
Pcub-MSU1_013	770000	0	0	TTTAGGG
Pcub-MSU1_013	780000	0	0	TTTAGGG
Pcub-MSU1_013	790000	0	0	TTTAGGG
Pcub-MSU1_013	800000	0	0	TTTAGGG
Pcub-MSU1_013	810000	0	0	TTTAGGG
Pcub-MSU1_013	820000	0	0	TTTAGGG
Pcub-MSU1_013	830000	0	0	TTTAGGG
Pcub-MSU1_013	840000	0	0	TTTAGGG
Pcub-MSU1_013	850000	0	0	TTTAGGG
Pcub-MSU1_013	860000	0	0	TTTAGGG
Pcub-MSU1_013	870000	0	0	TTTAGGG
Pcub-MSU1_013	880000	0	0	TTTAGGG
Pcub-MSU1_013	890000	0	0	TTTAGGG
Pcub-MSU1_013	900000	0	0	TTTAGGG
Pcub-MSU1_013	910000	0	0	TTTAGGG
Pcub-MSU1_013	920000	0	0	TTTAGGG
Pcub-MSU1_013	930000	0	0	TTTAGGG
Pcub-MSU1_013	940000	0	0	TTTAGGG
Pcub-MSU1_013	950000	0	0	TTTAGGG
Pcub-MSU1_013	960000	0	0	TTTAGGG
Pcub-MSU1_013	970000	0	0	TTTAGGG
Pcub-MSU1_013	980000	0	0	TTTAGGG
Pcub-MSU1_013	990000	0	0	TTTAGGG
Pcub-MSU1_013	1000000	0	0	TTTAGGG
Pcub-MSU1_013	1010000	0	0	TTTAGGG
Pcub-MSU1_013	1020000	0	0	TTTAGGG
Pcub-MSU1_013	1030000	0	0	TTTAGGG
Pcub-MSU1_013	1040000	0	0	TTTAGGG
Pcub-MSU1_013	1050000	0	0	TTTAGGG
Pcub-MSU1_013	1060000	0	0	TTTAGGG
Pcub-MSU1_013	1070000	0	0	TTTAGGG
Pcub-MSU1_013	1080000	0	0	TTTAGGG
Pcub-MSU1_013	1090000	0	0	TTTAGGG
Pcub-MSU1_013	1100000	0	0	TTTAGGG
Pcub-MSU1_013	1110000	1	0	TTTAGGG
Pcub-MSU1_013	1120000	0	0	TTTAGGG
Pcub-MSU1_013	1130000	0	0	TTTAGGG
Pcub-MSU1_013	1140000	0	0	TTTAGGG
Pcub-MSU1_013	1150000	0	0	TTTAGGG
Pcub-MSU1_013	1160000	0	0	TTTAGGG
Pcub-MSU1_013	1170000	0	0	TTTAGGG
Pcub-MSU1_013	1180000	0	0	TTTAGGG
Pcub-MSU1_013	1190000	0	0	TTTAGGG
Pcub-MSU1_013	1200000	0	0	TTTAGGG
Pcub-MSU1_013	1210000	0	0	TTTAGGG
Pcub-MSU1_013	1220000	0	0	TTTAGGG
Pcub-MSU1_013	1230000	0	0	TTTAGGG
Pcub-MSU1_013	1240000	1	0	TTTAGGG
Pcub-MSU1_013	1250000	0	0	TTTAGGG
Pcub-MSU1_013	1260000	0	0	TTTAGGG
Pcub-MSU1_013	1270000	0	0	TTTAGGG
Pcub-MSU1_013	1280000	0	0	TTTAGGG
Pcub-MSU1_013	1290000	0	0	TTTAGGG
Pcub-MSU1_013	1300000	0	0	TTTAGGG
Pcub-MSU1_013	1310000	0	0	TTTAGGG
Pcub-MSU1_013	1320000	0	0	TTTAGGG
Pcub-MSU1_013	1330000	1	0	TTTAGGG
Pcub-MSU1_013	1340000	0	0	TTTAGGG
Pcub-MSU1_013	1350000	0	0	TTTAGGG
Pcub-MSU1_013	1360000	1	0	TTTAGGG
Pcub-MSU1_013	1370000	0	0	TTTAGGG
Pcub-MSU1_013	1380000	0	0	TTTAGGG
Pcub-MSU1_013	1390000	1	0	TTTAGGG
Pcub-MSU1_013	1400000	0	0	TTTAGGG
Pcub-MSU1_013	1410000	0	0	TTTAGGG
Pcub-MSU1_013	1420000	0	0	TTTAGGG
Pcub-MSU1_013	1430000	0	0	TTTAGGG
Pcub-MSU1_013	1440000	0	0	TTTAGGG
Pcub-MSU1_013	1450000	0	0	TTTAGGG
Pcub-MSU1_013	1460000	0	0	TTTAGGG
Pcub-MSU1_013	1470000	0	0	TTTAGGG
Pcub-MSU1_013	1480000	0	0	TTTAGGG
Pcub-MSU1_013	1490000	0	0	TTTAGGG
Pcub-MSU1_013	1500000	0	0	TTTAGGG
Pcub-MSU1_013	1510000	0	0	TTTAGGG
Pcub-MSU1_013	1520000	0	0	TTTAGGG
Pcub-MSU1_013	1530000	0	0	TTTAGGG
Pcub-MSU1_013	1540000	0	0	TTTAGGG
Pcub-MSU1_013	1550000	1	0	TTTAGGG
Pcub-MSU1_013	1560000	0	0	TTTAGGG
Pcub-MSU1_013	1570000	0	0	TTTAGGG
Pcub-MSU1_013	1580000	0	0	TTTAGGG
Pcub-MSU1_013	1590000	0	0	TTTAGGG
Pcub-MSU1_013	1600000	0	0	TTTAGGG
Pcub-MSU1_013	1610000	0	0	TTTAGGG
Pcub-MSU1_013	1620000	0	0	TTTAGGG
Pcub-MSU1_013	1630000	0	0	TTTAGGG
Pcub-MSU1_013	1640000	0	0	TTTAGGG
Pcub-MSU1_013	1650000	0	0	TTTAGGG
Pcub-MSU1_013	1660000	0	0	TTTAGGG
Pcub-MSU1_013	1670000	0	0	TTTAGGG
Pcub-MSU1_013	1680000	0	0	TTTAGGG
Pcub-MSU1_013	1690000	0	0	TTTAGGG
Pcub-MSU1_013	1700000	0	0	TTTAGGG
Pcub-MSU1_013	1710000	0	0	TTTAGGG
Pcub-MSU1_013	1720000	0	0	TTTAGGG
Pcub-MSU1_013	1730000	0	0	TTTAGGG
Pcub-MSU1_013	1740000	0	0	TTTAGGG
Pcub-MSU1_013	1750000	0	0	TTTAGGG
Pcub-MSU1_013	1760000	0	0	TTTAGGG
Pcub-MSU1_013	1770000	0	0	TTTAGGG
Pcub-MSU1_013	1780000	0	0	TTTAGGG
Pcub-MSU1_013	1790000	0	0	TTTAGGG
Pcub-MSU1_013	1800000	1	1	TTTAGGG
Pcub-MSU1_013	1810000	0	0	TTTAGGG
Pcub-MSU1_013	1820000	0	0	TTTAGGG
Pcub-MSU1_013	1830000	0	0	TTTAGGG
Pcub-MSU1_013	1840000	0	0	TTTAGGG
Pcub-MSU1_013	1850000	1	0	TTTAGGG
Pcub-MSU1_013	1860000	0	0	TTTAGGG
Pcub-MSU1_013	1870000	0	0	TTTAGGG
Pcub-MSU1_013	1880000	1	0	TTTAGGG
Pcub-MSU1_013	1890000	1	0	TTTAGGG
Pcub-MSU1_013	1900000	0	2	TTTAGGG
Pcub-MSU1_013	1910000	0	0	TTTAGGG
Pcub-MSU1_013	1920000	0	1	TTTAGGG
Pcub-MSU1_013	1930000	0	0	TTTAGGG
Pcub-MSU1_013	1940000	0	0	TTTAGGG
Pcub-MSU1_013	1950000	0	0	TTTAGGG
Pcub-MSU1_013	1960000	0	0	TTTAGGG
Pcub-MSU1_013	1970000	0	0	TTTAGGG
Pcub-MSU1_013	1980000	0	0	TTTAGGG
Pcub-MSU1_013	1990000	0	0	TTTAGGG
Pcub-MSU1_013	2000000	0	0	TTTAGGG
Pcub-MSU1_013	2010000	0	1	TTTAGGG
Pcub-MSU1_013	2020000	0	0	TTTAGGG
Pcub-MSU1_013	2030000	0	0	TTTAGGG
Pcub-MSU1_013	2040000	0	0	TTTAGGG
Pcub-MSU1_013	2050000	0	0	TTTAGGG
Pcub-MSU1_013	2060000	0	0	TTTAGGG
Pcub-MSU1_013	2070000	0	0	TTTAGGG
Pcub-MSU1_013	2080000	1	0	TTTAGGG
Pcub-MSU1_013	2090000	0	0	TTTAGGG
Pcub-MSU1_013	2100000	0	0	TTTAGGG
Pcub-MSU1_013	2110000	0	0	TTTAGGG
Pcub-MSU1_013	2120000	2	0	TTTAGGG
Pcub-MSU1_013	2130000	0	0	TTTAGGG
Pcub-MSU1_013	2140000	1	1	TTTAGGG
Pcub-MSU1_013	2150000	0	1	TTTAGGG
Pcub-MSU1_013	2160000	0	0	TTTAGGG
Pcub-MSU1_013	2170000	0	0	TTTAGGG
Pcub-MSU1_013	2180000	0	0	TTTAGGG
Pcub-MSU1_013	2190000	1	0	TTTAGGG
Pcub-MSU1_013	2200000	0	0	TTTAGGG
Pcub-MSU1_013	2210000	0	0	TTTAGGG
Pcub-MSU1_013	2220000	0	0	TTTAGGG
Pcub-MSU1_013	2230000	0	0	TTTAGGG
Pcub-MSU1_013	2240000	0	0	TTTAGGG
Pcub-MSU1_013	2250000	0	0	TTTAGGG
Pcub-MSU1_013	2260000	0	0	TTTAGGG
Pcub-MSU1_013	2270000	0	0	TTTAGGG
Pcub-MSU1_013	2280000	0	0	TTTAGGG
Pcub-MSU1_013	2290000	0	0	TTTAGGG
Pcub-MSU1_013	2300000	0	0	TTTAGGG
Pcub-MSU1_013	2310000	0	0	TTTAGGG
Pcub-MSU1_013	2320000	0	0	TTTAGGG
Pcub-MSU1_013	2330000	0	0	TTTAGGG
Pcub-MSU1_013	2340000	0	0	TTTAGGG
Pcub-MSU1_013	2350000	0	0	TTTAGGG
Pcub-MSU1_013	2360000	0	0	TTTAGGG
Pcub-MSU1_013	2370000	0	0	TTTAGGG
Pcub-MSU1_013	2380000	0	0	TTTAGGG
Pcub-MSU1_013	2390000	0	0	TTTAGGG
Pcub-MSU1_013	2400000	0	0	TTTAGGG
Pcub-MSU1_013	2410000	0	0	TTTAGGG
Pcub-MSU1_013	2420000	0	0	TTTAGGG
Pcub-MSU1_013	2430000	0	0	TTTAGGG
Pcub-MSU1_013	2440000	0	0	TTTAGGG
Pcub-MSU1_013	2450000	0	0	TTTAGGG
Pcub-MSU1_013	2460000	0	0	TTTAGGG
Pcub-MSU1_013	2470000	0	0	TTTAGGG
Pcub-MSU1_013	2480000	0	0	TTTAGGG
Pcub-MSU1_013	2490000	0	0	TTTAGGG
Pcub-MSU1_013	2500000	0	1	TTTAGGG
Pcub-MSU1_013	2510000	0	0	TTTAGGG
Pcub-MSU1_013	2520000	0	0	TTTAGGG
Pcub-MSU1_013	2530000	0	0	TTTAGGG
Pcub-MSU1_013	2540000	0	0	TTTAGGG
Pcub-MSU1_013	2550000	0	0	TTTAGGG
Pcub-MSU1_013	2560000	0	0	TTTAGGG
Pcub-MSU1_013	2570000	0	0	TTTAGGG
Pcub-MSU1_013	2580000	0	0	TTTAGGG
Pcub-MSU1_013	2590000	0	0	TTTAGGG
Pcub-MSU1_013	2600000	0	0	TTTAGGG
Pcub-MSU1_013	2610000	0	0	TTTAGGG
Pcub-MSU1_013	2620000	0	2	TTTAGGG
Pcub-MSU1_013	2630000	0	0	TTTAGGG
Pcub-MSU1_013	2640000	0	0	TTTAGGG
Pcub-MSU1_013	2650000	0	0	TTTAGGG
Pcub-MSU1_013	2660000	0	0	TTTAGGG
Pcub-MSU1_013	2670000	0	0	TTTAGGG
Pcub-MSU1_013	2680000	0	0	TTTAGGG
Pcub-MSU1_013	2690000	0	0	TTTAGGG
Pcub-MSU1_013	2700000	0	0	TTTAGGG
Pcub-MSU1_013	2710000	0	1	TTTAGGG
Pcub-MSU1_013	2720000	0	1	TTTAGGG
Pcub-MSU1_013	2730000	0	0	TTTAGGG
Pcub-MSU1_013	2740000	0	0	TTTAGGG
Pcub-MSU1_013	2750000	0	0	TTTAGGG
Pcub-MSU1_013	2760000	1	1	TTTAGGG
Pcub-MSU1_013	2770000	0	0	TTTAGGG
Pcub-MSU1_013	2780000	0	1	TTTAGGG
Pcub-MSU1_013	2790000	0	1	TTTAGGG
Pcub-MSU1_013	2800000	0	0	TTTAGGG
Pcub-MSU1_013	2810000	0	0	TTTAGGG
Pcub-MSU1_013	2820000	0	0	TTTAGGG
Pcub-MSU1_013	2830000	0	0	TTTAGGG
Pcub-MSU1_013	2840000	0	0	TTTAGGG
Pcub-MSU1_013	2850000	0	0	TTTAGGG
Pcub-MSU1_013	2860000	1	0	TTTAGGG
Pcub-MSU1_013	2870000	0	0	TTTAGGG
Pcub-MSU1_013	2880000	0	0	TTTAGGG
Pcub-MSU1_013	2890000	0	0	TTTAGGG
Pcub-MSU1_013	2900000	0	0	TTTAGGG
Pcub-MSU1_013	2910000	1	0	TTTAGGG
Pcub-MSU1_013	2920000	0	0	TTTAGGG
Pcub-MSU1_013	2930000	1	0	TTTAGGG
Pcub-MSU1_013	2940000	1	0	TTTAGGG
Pcub-MSU1_013	2950000	0	0	TTTAGGG
Pcub-MSU1_013	2960000	0	0	TTTAGGG
Pcub-MSU1_013	2970000	0	0	TTTAGGG
Pcub-MSU1_013	2980000	0	0	TTTAGGG
Pcub-MSU1_013	2990000	0	1	TTTAGGG
Pcub-MSU1_013	3000000	0	0	TTTAGGG
Pcub-MSU1_013	3010000	0	1	TTTAGGG
Pcub-MSU1_013	3020000	0	0	TTTAGGG
Pcub-MSU1_013	3030000	0	0	TTTAGGG
Pcub-MSU1_013	3040000	0	0	TTTAGGG
Pcub-MSU1_013	3050000	0	0	TTTAGGG
Pcub-MSU1_013	3060000	0	0	TTTAGGG
Pcub-MSU1_013	3070000	0	0	TTTAGGG
Pcub-MSU1_013	3080000	0	0	TTTAGGG
Pcub-MSU1_013	3090000	0	0	TTTAGGG
Pcub-MSU1_013	3100000	0	0	TTTAGGG
Pcub-MSU1_013	3110000	0	0	TTTAGGG
Pcub-MSU1_013	3120000	0	0	TTTAGGG
Pcub-MSU1_013	3130000	0	0	TTTAGGG
Pcub-MSU1_013	3140000	0	0	TTTAGGG
Pcub-MSU1_013	3150000	0	0	TTTAGGG
Pcub-MSU1_013	3160000	0	0	TTTAGGG
Pcub-MSU1_013	3170000	0	0	TTTAGGG
Pcub-MSU1_013	3180000	0	0	TTTAGGG
Pcub-MSU1_013	3190000	0	0	TTTAGGG
Pcub-MSU1_013	3200000	0	0	TTTAGGG
Pcub-MSU1_013	3210000	0	0	TTTAGGG
Pcub-MSU1_013	3220000	0	0	TTTAGGG
Pcub-MSU1_013	3230000	0	0	TTTAGGG
Pcub-MSU1_013	3240000	0	1	TTTAGGG
Pcub-MSU1_013	3250000	0	0	TTTAGGG
Pcub-MSU1_013	3260000	0	0	TTTAGGG
Pcub-MSU1_013	3266376	28	0	TTTAGGG
Pcub-MSU1_014	10000	0	0	TTTAGGG
Pcub-MSU1_014	20000	1	1	TTTAGGG
Pcub-MSU1_014	30000	0	0	TTTAGGG
Pcub-MSU1_014	40000	0	1	TTTAGGG
Pcub-MSU1_014	50000	0	0	TTTAGGG
Pcub-MSU1_014	60000	0	0	TTTAGGG
Pcub-MSU1_014	70000	0	0	TTTAGGG
Pcub-MSU1_014	80000	1	0	TTTAGGG
Pcub-MSU1_014	90000	0	1	TTTAGGG
Pcub-MSU1_014	100000	0	0	TTTAGGG
Pcub-MSU1_014	110000	0	1	TTTAGGG
Pcub-MSU1_014	120000	0	1	TTTAGGG
Pcub-MSU1_014	130000	0	0	TTTAGGG
Pcub-MSU1_014	140000	1	0	TTTAGGG
Pcub-MSU1_014	150000	0	0	TTTAGGG
Pcub-MSU1_014	160000	1	0	TTTAGGG
Pcub-MSU1_014	170000	1	0	TTTAGGG
Pcub-MSU1_014	180000	0	0	TTTAGGG
Pcub-MSU1_014	190000	1	0	TTTAGGG
Pcub-MSU1_014	200000	0	0	TTTAGGG
Pcub-MSU1_014	210000	0	0	TTTAGGG
Pcub-MSU1_014	220000	0	0	TTTAGGG
Pcub-MSU1_014	230000	1	1	TTTAGGG
Pcub-MSU1_014	240000	0	0	TTTAGGG
Pcub-MSU1_014	250000	0	1	TTTAGGG
Pcub-MSU1_014	260000	0	0	TTTAGGG
Pcub-MSU1_014	270000	1	0	TTTAGGG
Pcub-MSU1_014	280000	0	0	TTTAGGG
Pcub-MSU1_014	290000	1	0	TTTAGGG
Pcub-MSU1_014	300000	0	0	TTTAGGG
Pcub-MSU1_014	310000	1	0	TTTAGGG
Pcub-MSU1_014	320000	0	0	TTTAGGG
Pcub-MSU1_014	330000	1	0	TTTAGGG
Pcub-MSU1_014	340000	0	0	TTTAGGG
Pcub-MSU1_014	350000	0	0	TTTAGGG
Pcub-MSU1_014	360000	0	0	TTTAGGG
Pcub-MSU1_014	370000	0	0	TTTAGGG
Pcub-MSU1_014	380000	0	0	TTTAGGG
Pcub-MSU1_014	390000	0	1	TTTAGGG
Pcub-MSU1_014	400000	1	0	TTTAGGG
Pcub-MSU1_014	410000	0	0	TTTAGGG
Pcub-MSU1_014	420000	0	0	TTTAGGG
Pcub-MSU1_014	430000	0	2	TTTAGGG
Pcub-MSU1_014	440000	0	0	TTTAGGG
Pcub-MSU1_014	450000	0	0	TTTAGGG
Pcub-MSU1_014	460000	0	0	TTTAGGG
Pcub-MSU1_014	470000	1	0	TTTAGGG
Pcub-MSU1_014	480000	0	0	TTTAGGG
Pcub-MSU1_014	490000	0	1	TTTAGGG
Pcub-MSU1_014	500000	0	0	TTTAGGG
Pcub-MSU1_014	510000	0	1	TTTAGGG
Pcub-MSU1_014	520000	0	0	TTTAGGG
Pcub-MSU1_014	530000	0	0	TTTAGGG
Pcub-MSU1_014	540000	0	0	TTTAGGG
Pcub-MSU1_014	550000	0	1	TTTAGGG
Pcub-MSU1_014	560000	0	0	TTTAGGG
Pcub-MSU1_014	570000	0	0	TTTAGGG
Pcub-MSU1_014	580000	0	0	TTTAGGG
Pcub-MSU1_014	590000	0	0	TTTAGGG
Pcub-MSU1_014	600000	0	0	TTTAGGG
Pcub-MSU1_014	610000	0	0	TTTAGGG
Pcub-MSU1_014	620000	0	0	TTTAGGG
Pcub-MSU1_014	630000	0	0	TTTAGGG
Pcub-MSU1_014	640000	0	0	TTTAGGG
Pcub-MSU1_014	650000	1	2	TTTAGGG
Pcub-MSU1_014	660000	0	0	TTTAGGG
Pcub-MSU1_014	670000	0	0	TTTAGGG
Pcub-MSU1_014	680000	0	1	TTTAGGG
Pcub-MSU1_014	690000	0	0	TTTAGGG
Pcub-MSU1_014	700000	0	4	TTTAGGG
Pcub-MSU1_014	710000	0	4	TTTAGGG
Pcub-MSU1_014	720000	0	4	TTTAGGG
Pcub-MSU1_014	730000	0	4	TTTAGGG
Pcub-MSU1_014	740000	0	3	TTTAGGG
Pcub-MSU1_014	750000	0	4	TTTAGGG
Pcub-MSU1_014	760000	0	2	TTTAGGG
Pcub-MSU1_014	770000	0	0	TTTAGGG
Pcub-MSU1_014	780000	0	0	TTTAGGG
Pcub-MSU1_014	790000	0	0	TTTAGGG
Pcub-MSU1_014	800000	0	0	TTTAGGG
Pcub-MSU1_014	810000	0	0	TTTAGGG
Pcub-MSU1_014	820000	0	0	TTTAGGG
Pcub-MSU1_014	830000	0	0	TTTAGGG
Pcub-MSU1_014	840000	0	0	TTTAGGG
Pcub-MSU1_014	850000	0	0	TTTAGGG
Pcub-MSU1_014	860000	0	0	TTTAGGG
Pcub-MSU1_014	870000	0	0	TTTAGGG
Pcub-MSU1_014	880000	0	0	TTTAGGG
Pcub-MSU1_014	890000	0	0	TTTAGGG
Pcub-MSU1_014	900000	0	0	TTTAGGG
Pcub-MSU1_014	910000	0	0	TTTAGGG
Pcub-MSU1_014	920000	0	0	TTTAGGG
Pcub-MSU1_014	930000	0	0	TTTAGGG
Pcub-MSU1_014	940000	0	0	TTTAGGG
Pcub-MSU1_014	950000	0	0	TTTAGGG
Pcub-MSU1_014	960000	0	0	TTTAGGG
Pcub-MSU1_014	970000	0	1	TTTAGGG
Pcub-MSU1_014	980000	1	0	TTTAGGG
Pcub-MSU1_014	990000	0	0	TTTAGGG
Pcub-MSU1_014	1000000	0	0	TTTAGGG
Pcub-MSU1_014	1010000	0	0	TTTAGGG
Pcub-MSU1_014	1020000	0	0	TTTAGGG
Pcub-MSU1_014	1030000	0	0	TTTAGGG
Pcub-MSU1_014	1040000	0	0	TTTAGGG
Pcub-MSU1_014	1050000	0	0	TTTAGGG
Pcub-MSU1_014	1060000	0	0	TTTAGGG
Pcub-MSU1_014	1070000	0	0	TTTAGGG
Pcub-MSU1_014	1080000	0	0	TTTAGGG
Pcub-MSU1_014	1090000	1	0	TTTAGGG
Pcub-MSU1_014	1100000	0	1	TTTAGGG
Pcub-MSU1_014	1110000	0	0	TTTAGGG
Pcub-MSU1_014	1120000	0	0	TTTAGGG
Pcub-MSU1_014	1130000	0	0	TTTAGGG
Pcub-MSU1_014	1140000	0	0	TTTAGGG
Pcub-MSU1_014	1150000	0	1	TTTAGGG
Pcub-MSU1_014	1160000	0	0	TTTAGGG
Pcub-MSU1_014	1170000	0	0	TTTAGGG
Pcub-MSU1_014	1180000	0	1	TTTAGGG
Pcub-MSU1_014	1190000	0	1	TTTAGGG
Pcub-MSU1_014	1200000	0	0	TTTAGGG
Pcub-MSU1_014	1210000	1	1	TTTAGGG
Pcub-MSU1_014	1220000	0	0	TTTAGGG
Pcub-MSU1_014	1230000	0	0	TTTAGGG
Pcub-MSU1_014	1240000	0	0	TTTAGGG
Pcub-MSU1_014	1250000	0	0	TTTAGGG
Pcub-MSU1_014	1260000	0	0	TTTAGGG
Pcub-MSU1_014	1270000	0	0	TTTAGGG
Pcub-MSU1_014	1280000	0	0	TTTAGGG
Pcub-MSU1_014	1290000	0	0	TTTAGGG
Pcub-MSU1_014	1300000	0	0	TTTAGGG
Pcub-MSU1_014	1310000	1	0	TTTAGGG
Pcub-MSU1_014	1320000	0	0	TTTAGGG
Pcub-MSU1_014	1330000	0	0	TTTAGGG
Pcub-MSU1_014	1340000	1	0	TTTAGGG
Pcub-MSU1_014	1350000	0	0	TTTAGGG
Pcub-MSU1_014	1360000	0	1	TTTAGGG
Pcub-MSU1_014	1370000	0	1	TTTAGGG
Pcub-MSU1_014	1380000	0	0	TTTAGGG
Pcub-MSU1_014	1390000	0	0	TTTAGGG
Pcub-MSU1_014	1400000	0	0	TTTAGGG
Pcub-MSU1_014	1410000	0	0	TTTAGGG
Pcub-MSU1_014	1420000	0	0	TTTAGGG
Pcub-MSU1_014	1430000	0	0	TTTAGGG
Pcub-MSU1_014	1440000	0	0	TTTAGGG
Pcub-MSU1_014	1450000	0	0	TTTAGGG
Pcub-MSU1_014	1460000	0	0	TTTAGGG
Pcub-MSU1_014	1470000	0	0	TTTAGGG
Pcub-MSU1_014	1480000	0	0	TTTAGGG
Pcub-MSU1_014	1490000	0	0	TTTAGGG
Pcub-MSU1_014	1500000	0	0	TTTAGGG
Pcub-MSU1_014	1510000	1	0	TTTAGGG
Pcub-MSU1_014	1520000	0	0	TTTAGGG
Pcub-MSU1_014	1530000	0	1	TTTAGGG
Pcub-MSU1_014	1540000	0	0	TTTAGGG
Pcub-MSU1_014	1550000	0	0	TTTAGGG
Pcub-MSU1_014	1560000	0	0	TTTAGGG
Pcub-MSU1_014	1570000	0	0	TTTAGGG
Pcub-MSU1_014	1580000	1	0	TTTAGGG
Pcub-MSU1_014	1590000	0	0	TTTAGGG
Pcub-MSU1_014	1600000	0	0	TTTAGGG
Pcub-MSU1_014	1610000	0	0	TTTAGGG
Pcub-MSU1_014	1620000	0	0	TTTAGGG
Pcub-MSU1_014	1630000	0	0	TTTAGGG
Pcub-MSU1_014	1640000	0	0	TTTAGGG
Pcub-MSU1_014	1650000	0	0	TTTAGGG
Pcub-MSU1_014	1660000	0	0	TTTAGGG
Pcub-MSU1_014	1670000	0	0	TTTAGGG
Pcub-MSU1_014	1680000	0	0	TTTAGGG
Pcub-MSU1_014	1690000	0	0	TTTAGGG
Pcub-MSU1_014	1700000	0	0	TTTAGGG
Pcub-MSU1_014	1710000	0	0	TTTAGGG
Pcub-MSU1_014	1720000	0	0	TTTAGGG
Pcub-MSU1_014	1730000	0	0	TTTAGGG
Pcub-MSU1_014	1740000	0	0	TTTAGGG
Pcub-MSU1_014	1750000	0	0	TTTAGGG
Pcub-MSU1_014	1760000	0	0	TTTAGGG
Pcub-MSU1_014	1770000	0	0	TTTAGGG
Pcub-MSU1_014	1780000	0	0	TTTAGGG
Pcub-MSU1_014	1790000	0	0	TTTAGGG
Pcub-MSU1_014	1800000	0	0	TTTAGGG
Pcub-MSU1_014	1810000	0	0	TTTAGGG
Pcub-MSU1_014	1820000	0	0	TTTAGGG
Pcub-MSU1_014	1830000	2	1	TTTAGGG
Pcub-MSU1_014	1840000	0	1	TTTAGGG
Pcub-MSU1_014	1850000	0	0	TTTAGGG
Pcub-MSU1_014	1860000	0	0	TTTAGGG
Pcub-MSU1_014	1870000	1	0	TTTAGGG
Pcub-MSU1_014	1880000	0	0	TTTAGGG
Pcub-MSU1_014	1890000	0	0	TTTAGGG
Pcub-MSU1_014	1900000	0	1	TTTAGGG
Pcub-MSU1_014	1910000	0	0	TTTAGGG
Pcub-MSU1_014	1920000	2	0	TTTAGGG
Pcub-MSU1_014	1930000	1	1	TTTAGGG
Pcub-MSU1_014	1940000	1	0	TTTAGGG
Pcub-MSU1_014	1950000	0	0	TTTAGGG
Pcub-MSU1_014	1960000	0	0	TTTAGGG
Pcub-MSU1_014	1970000	0	0	TTTAGGG
Pcub-MSU1_014	1980000	0	0	TTTAGGG
Pcub-MSU1_014	1990000	0	0	TTTAGGG
Pcub-MSU1_014	2000000	0	0	TTTAGGG
Pcub-MSU1_014	2010000	0	0	TTTAGGG
Pcub-MSU1_014	2020000	0	0	TTTAGGG
Pcub-MSU1_014	2030000	0	0	TTTAGGG
Pcub-MSU1_014	2040000	0	0	TTTAGGG
Pcub-MSU1_014	2050000	0	0	TTTAGGG
Pcub-MSU1_014	2060000	0	0	TTTAGGG
Pcub-MSU1_014	2070000	0	0	TTTAGGG
Pcub-MSU1_014	2080000	0	0	TTTAGGG
Pcub-MSU1_014	2090000	0	0	TTTAGGG
Pcub-MSU1_014	2100000	0	0	TTTAGGG
Pcub-MSU1_014	2110000	0	0	TTTAGGG
Pcub-MSU1_014	2120000	0	0	TTTAGGG
Pcub-MSU1_014	2130000	0	0	TTTAGGG
Pcub-MSU1_014	2140000	0	0	TTTAGGG
Pcub-MSU1_014	2150000	0	0	TTTAGGG
Pcub-MSU1_014	2160000	0	0	TTTAGGG
Pcub-MSU1_014	2170000	0	0	TTTAGGG
Pcub-MSU1_014	2180000	0	0	TTTAGGG
Pcub-MSU1_014	2190000	0	0	TTTAGGG
Pcub-MSU1_014	2200000	0	0	TTTAGGG
Pcub-MSU1_014	2210000	0	0	TTTAGGG
Pcub-MSU1_014	2220000	0	0	TTTAGGG
Pcub-MSU1_014	2230000	0	0	TTTAGGG
Pcub-MSU1_014	2240000	0	0	TTTAGGG
Pcub-MSU1_014	2250000	0	0	TTTAGGG
Pcub-MSU1_014	2260000	0	0	TTTAGGG
Pcub-MSU1_014	2270000	0	0	TTTAGGG
Pcub-MSU1_014	2280000	0	0	TTTAGGG
Pcub-MSU1_014	2290000	0	0	TTTAGGG
Pcub-MSU1_014	2300000	0	0	TTTAGGG
Pcub-MSU1_014	2310000	0	0	TTTAGGG
Pcub-MSU1_014	2320000	0	0	TTTAGGG
Pcub-MSU1_014	2330000	0	0	TTTAGGG
Pcub-MSU1_014	2340000	0	0	TTTAGGG
Pcub-MSU1_014	2350000	0	0	TTTAGGG
Pcub-MSU1_014	2360000	0	0	TTTAGGG
Pcub-MSU1_014	2370000	0	0	TTTAGGG
Pcub-MSU1_014	2380000	0	0	TTTAGGG
Pcub-MSU1_014	2390000	0	0	TTTAGGG
Pcub-MSU1_014	2400000	0	0	TTTAGGG
Pcub-MSU1_014	2410000	0	0	TTTAGGG
Pcub-MSU1_014	2420000	0	0	TTTAGGG
Pcub-MSU1_014	2430000	0	0	TTTAGGG
Pcub-MSU1_014	2440000	1	0	TTTAGGG
Pcub-MSU1_014	2450000	0	0	TTTAGGG
Pcub-MSU1_014	2460000	0	0	TTTAGGG
Pcub-MSU1_014	2470000	0	0	TTTAGGG
Pcub-MSU1_014	2480000	0	0	TTTAGGG
Pcub-MSU1_014	2490000	0	0	TTTAGGG
Pcub-MSU1_014	2500000	0	0	TTTAGGG
Pcub-MSU1_014	2510000	0	0	TTTAGGG
Pcub-MSU1_014	2520000	0	0	TTTAGGG
Pcub-MSU1_014	2530000	0	0	TTTAGGG
Pcub-MSU1_014	2540000	0	0	TTTAGGG
Pcub-MSU1_014	2550000	0	0	TTTAGGG
Pcub-MSU1_014	2560000	0	0	TTTAGGG
Pcub-MSU1_014	2570000	0	0	TTTAGGG
Pcub-MSU1_014	2580000	0	0	TTTAGGG
Pcub-MSU1_014	2590000	0	0	TTTAGGG
Pcub-MSU1_014	2600000	0	0	TTTAGGG
Pcub-MSU1_014	2610000	0	0	TTTAGGG
Pcub-MSU1_014	2620000	0	0	TTTAGGG
Pcub-MSU1_014	2630000	0	0	TTTAGGG
Pcub-MSU1_014	2640000	0	0	TTTAGGG
Pcub-MSU1_014	2650000	0	0	TTTAGGG
Pcub-MSU1_014	2660000	0	0	TTTAGGG
Pcub-MSU1_014	2670000	0	0	TTTAGGG
Pcub-MSU1_014	2680000	0	0	TTTAGGG
Pcub-MSU1_014	2690000	0	0	TTTAGGG
Pcub-MSU1_014	2700000	0	0	TTTAGGG
Pcub-MSU1_014	2710000	0	0	TTTAGGG
Pcub-MSU1_014	2720000	0	0	TTTAGGG
Pcub-MSU1_014	2730000	0	0	TTTAGGG
Pcub-MSU1_014	2740000	0	0	TTTAGGG
Pcub-MSU1_014	2750000	0	0	TTTAGGG
Pcub-MSU1_014	2760000	1	0	TTTAGGG
Pcub-MSU1_014	2770000	0	0	TTTAGGG
Pcub-MSU1_014	2780000	1	0	TTTAGGG
Pcub-MSU1_014	2790000	0	0	TTTAGGG
Pcub-MSU1_014	2800000	0	0	TTTAGGG
Pcub-MSU1_014	2810000	0	0	TTTAGGG
Pcub-MSU1_014	2820000	0	0	TTTAGGG
Pcub-MSU1_014	2830000	0	0	TTTAGGG
Pcub-MSU1_014	2840000	0	1	TTTAGGG
Pcub-MSU1_014	2850000	0	0	TTTAGGG
Pcub-MSU1_014	2860000	1	0	TTTAGGG
Pcub-MSU1_014	2870000	0	0	TTTAGGG
Pcub-MSU1_014	2880000	1	1	TTTAGGG
Pcub-MSU1_014	2890000	1	1	TTTAGGG
Pcub-MSU1_014	2900000	0	0	TTTAGGG
Pcub-MSU1_014	2910000	0	0	TTTAGGG
Pcub-MSU1_014	2920000	0	0	TTTAGGG
Pcub-MSU1_014	2930000	0	0	TTTAGGG
Pcub-MSU1_014	2940000	0	0	TTTAGGG
Pcub-MSU1_014	2950000	0	0	TTTAGGG
Pcub-MSU1_014	2960000	0	0	TTTAGGG
Pcub-MSU1_014	2970000	0	0	TTTAGGG
Pcub-MSU1_014	2980000	0	0	TTTAGGG
Pcub-MSU1_014	2990000	0	0	TTTAGGG
Pcub-MSU1_014	3000000	0	0	TTTAGGG
Pcub-MSU1_014	3010000	0	0	TTTAGGG
Pcub-MSU1_014	3020000	0	0	TTTAGGG
Pcub-MSU1_014	3030000	0	0	TTTAGGG
Pcub-MSU1_014	3040000	0	0	TTTAGGG
Pcub-MSU1_014	3050000	0	0	TTTAGGG
Pcub-MSU1_014	3060000	1	1	TTTAGGG
Pcub-MSU1_014	3070000	0	0	TTTAGGG
Pcub-MSU1_014	3070536	52	0	TTTAGGG
Pcub-MSU1_015	10000	0	35	TTTAGGG
Pcub-MSU1_015	20000	0	0	TTTAGGG
Pcub-MSU1_015	30000	0	0	TTTAGGG
Pcub-MSU1_015	40000	0	0	TTTAGGG
Pcub-MSU1_015	50000	0	0	TTTAGGG
Pcub-MSU1_015	60000	0	0	TTTAGGG
Pcub-MSU1_015	70000	0	1	TTTAGGG
Pcub-MSU1_015	80000	1	0	TTTAGGG
Pcub-MSU1_015	90000	0	0	TTTAGGG
Pcub-MSU1_015	100000	0	0	TTTAGGG
Pcub-MSU1_015	110000	0	0	TTTAGGG
Pcub-MSU1_015	120000	0	0	TTTAGGG
Pcub-MSU1_015	130000	0	0	TTTAGGG
Pcub-MSU1_015	140000	0	0	TTTAGGG
Pcub-MSU1_015	150000	0	0	TTTAGGG
Pcub-MSU1_015	160000	0	0	TTTAGGG
Pcub-MSU1_015	170000	0	0	TTTAGGG
Pcub-MSU1_015	180000	0	0	TTTAGGG
Pcub-MSU1_015	190000	0	0	TTTAGGG
Pcub-MSU1_015	200000	0	0	TTTAGGG
Pcub-MSU1_015	210000	0	0	TTTAGGG
Pcub-MSU1_015	220000	0	0	TTTAGGG
Pcub-MSU1_015	230000	0	0	TTTAGGG
Pcub-MSU1_015	240000	0	0	TTTAGGG
Pcub-MSU1_015	250000	0	2	TTTAGGG
Pcub-MSU1_015	260000	0	2	TTTAGGG
Pcub-MSU1_015	270000	0	1	TTTAGGG
Pcub-MSU1_015	280000	1	0	TTTAGGG
Pcub-MSU1_015	290000	0	0	TTTAGGG
Pcub-MSU1_015	300000	0	0	TTTAGGG
Pcub-MSU1_015	310000	0	0	TTTAGGG
Pcub-MSU1_015	320000	0	0	TTTAGGG
Pcub-MSU1_015	330000	0	0	TTTAGGG
Pcub-MSU1_015	340000	0	0	TTTAGGG
Pcub-MSU1_015	350000	0	0	TTTAGGG
Pcub-MSU1_015	360000	0	0	TTTAGGG
Pcub-MSU1_015	370000	0	0	TTTAGGG
Pcub-MSU1_015	380000	0	0	TTTAGGG
Pcub-MSU1_015	390000	0	0	TTTAGGG
Pcub-MSU1_015	400000	0	0	TTTAGGG
Pcub-MSU1_015	410000	0	0	TTTAGGG
Pcub-MSU1_015	420000	0	0	TTTAGGG
Pcub-MSU1_015	430000	0	0	TTTAGGG
Pcub-MSU1_015	440000	0	0	TTTAGGG
Pcub-MSU1_015	450000	0	0	TTTAGGG
Pcub-MSU1_015	460000	0	0	TTTAGGG
Pcub-MSU1_015	470000	0	0	TTTAGGG
Pcub-MSU1_015	480000	0	0	TTTAGGG
Pcub-MSU1_015	490000	0	0	TTTAGGG
Pcub-MSU1_015	500000	0	0	TTTAGGG
Pcub-MSU1_015	510000	0	0	TTTAGGG
Pcub-MSU1_015	520000	0	0	TTTAGGG
Pcub-MSU1_015	530000	0	0	TTTAGGG
Pcub-MSU1_015	540000	0	0	TTTAGGG
Pcub-MSU1_015	550000	0	0	TTTAGGG
Pcub-MSU1_015	560000	0	0	TTTAGGG
Pcub-MSU1_015	570000	1	0	TTTAGGG
Pcub-MSU1_015	580000	1	0	TTTAGGG
Pcub-MSU1_015	590000	1	0	TTTAGGG
Pcub-MSU1_015	600000	0	1	TTTAGGG
Pcub-MSU1_015	610000	0	0	TTTAGGG
Pcub-MSU1_015	620000	0	0	TTTAGGG
Pcub-MSU1_015	630000	0	0	TTTAGGG
Pcub-MSU1_015	640000	0	0	TTTAGGG
Pcub-MSU1_015	650000	0	0	TTTAGGG
Pcub-MSU1_015	660000	0	0	TTTAGGG
Pcub-MSU1_015	670000	0	0	TTTAGGG
Pcub-MSU1_015	680000	0	0	TTTAGGG
Pcub-MSU1_015	690000	0	0	TTTAGGG
Pcub-MSU1_015	700000	0	0	TTTAGGG
Pcub-MSU1_015	710000	0	0	TTTAGGG
Pcub-MSU1_015	720000	0	0	TTTAGGG
Pcub-MSU1_015	730000	0	0	TTTAGGG
Pcub-MSU1_015	740000	0	0	TTTAGGG
Pcub-MSU1_015	750000	0	0	TTTAGGG
Pcub-MSU1_015	760000	0	0	TTTAGGG
Pcub-MSU1_015	770000	0	0	TTTAGGG
Pcub-MSU1_015	780000	0	0	TTTAGGG
Pcub-MSU1_015	790000	0	1	TTTAGGG
Pcub-MSU1_015	800000	0	0	TTTAGGG
Pcub-MSU1_015	810000	0	0	TTTAGGG
Pcub-MSU1_015	820000	0	0	TTTAGGG
Pcub-MSU1_015	830000	0	0	TTTAGGG
Pcub-MSU1_015	840000	0	0	TTTAGGG
Pcub-MSU1_015	850000	0	0	TTTAGGG
Pcub-MSU1_015	860000	0	0	TTTAGGG
Pcub-MSU1_015	870000	0	0	TTTAGGG
Pcub-MSU1_015	880000	0	0	TTTAGGG
Pcub-MSU1_015	890000	0	0	TTTAGGG
Pcub-MSU1_015	900000	0	0	TTTAGGG
Pcub-MSU1_015	910000	0	0	TTTAGGG
Pcub-MSU1_015	920000	0	0	TTTAGGG
Pcub-MSU1_015	930000	0	0	TTTAGGG
Pcub-MSU1_015	940000	0	0	TTTAGGG
Pcub-MSU1_015	950000	0	0	TTTAGGG
Pcub-MSU1_015	960000	0	0	TTTAGGG
Pcub-MSU1_015	970000	0	0	TTTAGGG
Pcub-MSU1_015	980000	0	0	TTTAGGG
Pcub-MSU1_015	990000	0	0	TTTAGGG
Pcub-MSU1_015	1000000	0	0	TTTAGGG
Pcub-MSU1_015	1010000	0	0	TTTAGGG
Pcub-MSU1_015	1020000	0	0	TTTAGGG
Pcub-MSU1_015	1030000	0	0	TTTAGGG
Pcub-MSU1_015	1040000	0	0	TTTAGGG
Pcub-MSU1_015	1050000	0	0	TTTAGGG
Pcub-MSU1_015	1060000	0	0	TTTAGGG
Pcub-MSU1_015	1070000	0	0	TTTAGGG
Pcub-MSU1_015	1080000	0	0	TTTAGGG
Pcub-MSU1_015	1090000	0	0	TTTAGGG
Pcub-MSU1_015	1100000	1	0	TTTAGGG
Pcub-MSU1_015	1110000	1	0	TTTAGGG
Pcub-MSU1_015	1120000	0	0	TTTAGGG
Pcub-MSU1_015	1130000	0	0	TTTAGGG
Pcub-MSU1_015	1140000	0	0	TTTAGGG
Pcub-MSU1_015	1150000	0	0	TTTAGGG
Pcub-MSU1_015	1160000	0	0	TTTAGGG
Pcub-MSU1_015	1170000	0	0	TTTAGGG
Pcub-MSU1_015	1180000	0	0	TTTAGGG
Pcub-MSU1_015	1190000	0	0	TTTAGGG
Pcub-MSU1_015	1200000	0	0	TTTAGGG
Pcub-MSU1_015	1210000	0	0	TTTAGGG
Pcub-MSU1_015	1220000	0	0	TTTAGGG
Pcub-MSU1_015	1230000	0	0	TTTAGGG
Pcub-MSU1_015	1240000	0	0	TTTAGGG
Pcub-MSU1_015	1250000	0	0	TTTAGGG
Pcub-MSU1_015	1260000	0	0	TTTAGGG
Pcub-MSU1_015	1270000	0	0	TTTAGGG
Pcub-MSU1_015	1280000	0	0	TTTAGGG
Pcub-MSU1_015	1290000	0	0	TTTAGGG
Pcub-MSU1_015	1300000	0	0	TTTAGGG
Pcub-MSU1_015	1310000	0	0	TTTAGGG
Pcub-MSU1_015	1320000	0	0	TTTAGGG
Pcub-MSU1_015	1330000	0	0	TTTAGGG
Pcub-MSU1_015	1340000	0	0	TTTAGGG
Pcub-MSU1_015	1350000	0	0	TTTAGGG
Pcub-MSU1_015	1360000	0	1	TTTAGGG
Pcub-MSU1_015	1370000	0	0	TTTAGGG
Pcub-MSU1_015	1380000	1	0	TTTAGGG
Pcub-MSU1_015	1390000	0	0	TTTAGGG
Pcub-MSU1_015	1400000	0	0	TTTAGGG
Pcub-MSU1_015	1410000	0	1	TTTAGGG
Pcub-MSU1_015	1420000	0	0	TTTAGGG
Pcub-MSU1_015	1430000	0	0	TTTAGGG
Pcub-MSU1_015	1440000	0	0	TTTAGGG
Pcub-MSU1_015	1450000	0	0	TTTAGGG
Pcub-MSU1_015	1460000	0	0	TTTAGGG
Pcub-MSU1_015	1470000	0	0	TTTAGGG
Pcub-MSU1_015	1480000	0	0	TTTAGGG
Pcub-MSU1_015	1490000	0	0	TTTAGGG
Pcub-MSU1_015	1500000	1	0	TTTAGGG
Pcub-MSU1_015	1510000	0	0	TTTAGGG
Pcub-MSU1_015	1520000	0	0	TTTAGGG
Pcub-MSU1_015	1530000	0	0	TTTAGGG
Pcub-MSU1_015	1540000	0	0	TTTAGGG
Pcub-MSU1_015	1550000	0	0	TTTAGGG
Pcub-MSU1_015	1560000	0	0	TTTAGGG
Pcub-MSU1_015	1570000	0	0	TTTAGGG
Pcub-MSU1_015	1580000	0	0	TTTAGGG
Pcub-MSU1_015	1590000	0	0	TTTAGGG
Pcub-MSU1_015	1600000	1	0	TTTAGGG
Pcub-MSU1_015	1610000	0	0	TTTAGGG
Pcub-MSU1_015	1620000	0	0	TTTAGGG
Pcub-MSU1_015	1630000	0	0	TTTAGGG
Pcub-MSU1_015	1640000	1	0	TTTAGGG
Pcub-MSU1_015	1650000	0	0	TTTAGGG
Pcub-MSU1_015	1660000	0	0	TTTAGGG
Pcub-MSU1_015	1670000	0	0	TTTAGGG
Pcub-MSU1_015	1680000	0	0	TTTAGGG
Pcub-MSU1_015	1690000	0	0	TTTAGGG
Pcub-MSU1_015	1700000	0	0	TTTAGGG
Pcub-MSU1_015	1710000	0	0	TTTAGGG
Pcub-MSU1_015	1720000	0	0	TTTAGGG
Pcub-MSU1_015	1730000	0	0	TTTAGGG
Pcub-MSU1_015	1740000	0	0	TTTAGGG
Pcub-MSU1_015	1750000	0	0	TTTAGGG
Pcub-MSU1_015	1760000	0	0	TTTAGGG
Pcub-MSU1_015	1770000	0	0	TTTAGGG
Pcub-MSU1_015	1780000	0	0	TTTAGGG
Pcub-MSU1_015	1790000	0	0	TTTAGGG
Pcub-MSU1_015	1800000	0	0	TTTAGGG
Pcub-MSU1_015	1810000	1	0	TTTAGGG
Pcub-MSU1_015	1820000	0	0	TTTAGGG
Pcub-MSU1_015	1830000	1	0	TTTAGGG
Pcub-MSU1_015	1840000	0	0	TTTAGGG
Pcub-MSU1_015	1850000	0	0	TTTAGGG
Pcub-MSU1_015	1860000	0	0	TTTAGGG
Pcub-MSU1_015	1870000	0	0	TTTAGGG
Pcub-MSU1_015	1880000	0	1	TTTAGGG
Pcub-MSU1_015	1890000	0	0	TTTAGGG
Pcub-MSU1_015	1900000	0	0	TTTAGGG
Pcub-MSU1_015	1910000	0	0	TTTAGGG
Pcub-MSU1_015	1920000	0	1	TTTAGGG
Pcub-MSU1_015	1930000	0	1	TTTAGGG
Pcub-MSU1_015	1940000	0	0	TTTAGGG
Pcub-MSU1_015	1950000	0	0	TTTAGGG
Pcub-MSU1_015	1960000	0	0	TTTAGGG
Pcub-MSU1_015	1970000	0	0	TTTAGGG
Pcub-MSU1_015	1980000	0	0	TTTAGGG
Pcub-MSU1_015	1990000	0	0	TTTAGGG
Pcub-MSU1_015	2000000	0	0	TTTAGGG
Pcub-MSU1_015	2010000	0	0	TTTAGGG
Pcub-MSU1_015	2020000	0	0	TTTAGGG
Pcub-MSU1_015	2030000	0	0	TTTAGGG
Pcub-MSU1_015	2040000	0	0	TTTAGGG
Pcub-MSU1_015	2050000	0	0	TTTAGGG
Pcub-MSU1_015	2060000	0	0	TTTAGGG
Pcub-MSU1_015	2070000	0	0	TTTAGGG
Pcub-MSU1_015	2080000	0	0	TTTAGGG
Pcub-MSU1_015	2090000	0	0	TTTAGGG
Pcub-MSU1_015	2100000	0	0	TTTAGGG
Pcub-MSU1_015	2110000	0	0	TTTAGGG
Pcub-MSU1_015	2120000	0	0	TTTAGGG
Pcub-MSU1_015	2130000	0	0	TTTAGGG
Pcub-MSU1_015	2140000	0	0	TTTAGGG
Pcub-MSU1_015	2150000	0	0	TTTAGGG
Pcub-MSU1_015	2160000	0	0	TTTAGGG
Pcub-MSU1_015	2170000	1	0	TTTAGGG
Pcub-MSU1_015	2180000	0	0	TTTAGGG
Pcub-MSU1_015	2190000	0	0	TTTAGGG
Pcub-MSU1_015	2200000	0	0	TTTAGGG
Pcub-MSU1_015	2210000	0	0	TTTAGGG
Pcub-MSU1_015	2220000	0	1	TTTAGGG
Pcub-MSU1_015	2230000	0	1	TTTAGGG
Pcub-MSU1_015	2240000	0	0	TTTAGGG
Pcub-MSU1_015	2250000	0	0	TTTAGGG
Pcub-MSU1_015	2260000	0	0	TTTAGGG
Pcub-MSU1_015	2270000	0	0	TTTAGGG
Pcub-MSU1_015	2280000	0	0	TTTAGGG
Pcub-MSU1_015	2290000	0	0	TTTAGGG
Pcub-MSU1_015	2300000	0	0	TTTAGGG
Pcub-MSU1_015	2310000	0	1	TTTAGGG
Pcub-MSU1_015	2320000	0	0	TTTAGGG
Pcub-MSU1_015	2330000	0	0	TTTAGGG
Pcub-MSU1_015	2340000	0	0	TTTAGGG
Pcub-MSU1_015	2350000	0	0	TTTAGGG
Pcub-MSU1_015	2360000	0	0	TTTAGGG
Pcub-MSU1_015	2370000	0	0	TTTAGGG
Pcub-MSU1_015	2380000	0	1	TTTAGGG
Pcub-MSU1_015	2390000	0	0	TTTAGGG
Pcub-MSU1_015	2400000	0	1	TTTAGGG
Pcub-MSU1_015	2410000	0	0	TTTAGGG
Pcub-MSU1_015	2420000	0	0	TTTAGGG
Pcub-MSU1_015	2430000	0	0	TTTAGGG
Pcub-MSU1_015	2440000	0	0	TTTAGGG
Pcub-MSU1_015	2450000	0	0	TTTAGGG
Pcub-MSU1_015	2460000	0	0	TTTAGGG
Pcub-MSU1_015	2470000	0	0	TTTAGGG
Pcub-MSU1_015	2480000	0	0	TTTAGGG
Pcub-MSU1_015	2490000	0	0	TTTAGGG
Pcub-MSU1_015	2500000	0	1	TTTAGGG
Pcub-MSU1_015	2510000	0	0	TTTAGGG
Pcub-MSU1_015	2520000	0	0	TTTAGGG
Pcub-MSU1_015	2530000	0	0	TTTAGGG
Pcub-MSU1_015	2540000	0	0	TTTAGGG
Pcub-MSU1_015	2550000	0	0	TTTAGGG
Pcub-MSU1_015	2560000	0	0	TTTAGGG
Pcub-MSU1_015	2570000	0	0	TTTAGGG
Pcub-MSU1_015	2580000	0	0	TTTAGGG
Pcub-MSU1_015	2590000	0	0	TTTAGGG
Pcub-MSU1_015	2600000	0	0	TTTAGGG
Pcub-MSU1_015	2610000	0	0	TTTAGGG
Pcub-MSU1_015	2620000	0	0	TTTAGGG
Pcub-MSU1_015	2620201	0	0	TTTAGGG
Pcub-MSU1_016	10000	0	32	TTTAGGG
Pcub-MSU1_016	20000	0	0	TTTAGGG
Pcub-MSU1_016	30000	0	0	TTTAGGG
Pcub-MSU1_016	40000	0	0	TTTAGGG
Pcub-MSU1_016	50000	0	0	TTTAGGG
Pcub-MSU1_016	60000	0	0	TTTAGGG
Pcub-MSU1_016	70000	0	0	TTTAGGG
Pcub-MSU1_016	80000	0	0	TTTAGGG
Pcub-MSU1_016	90000	0	0	TTTAGGG
Pcub-MSU1_016	100000	0	0	TTTAGGG
Pcub-MSU1_016	110000	0	0	TTTAGGG
Pcub-MSU1_016	120000	0	0	TTTAGGG
Pcub-MSU1_016	130000	0	1	TTTAGGG
Pcub-MSU1_016	140000	0	0	TTTAGGG
Pcub-MSU1_016	150000	1	0	TTTAGGG
Pcub-MSU1_016	160000	0	0	TTTAGGG
Pcub-MSU1_016	170000	1	0	TTTAGGG
Pcub-MSU1_016	180000	0	0	TTTAGGG
Pcub-MSU1_016	190000	0	0	TTTAGGG
Pcub-MSU1_016	200000	0	0	TTTAGGG
Pcub-MSU1_016	210000	0	0	TTTAGGG
Pcub-MSU1_016	220000	0	0	TTTAGGG
Pcub-MSU1_016	230000	0	0	TTTAGGG
Pcub-MSU1_016	240000	0	0	TTTAGGG
Pcub-MSU1_016	250000	0	0	TTTAGGG
Pcub-MSU1_016	260000	0	0	TTTAGGG
Pcub-MSU1_016	270000	1	0	TTTAGGG
Pcub-MSU1_016	280000	0	0	TTTAGGG
Pcub-MSU1_016	290000	0	0	TTTAGGG
Pcub-MSU1_016	300000	1	0	TTTAGGG
Pcub-MSU1_016	310000	1	0	TTTAGGG
Pcub-MSU1_016	320000	0	0	TTTAGGG
Pcub-MSU1_016	330000	0	0	TTTAGGG
Pcub-MSU1_016	340000	0	0	TTTAGGG
Pcub-MSU1_016	350000	0	0	TTTAGGG
Pcub-MSU1_016	360000	0	0	TTTAGGG
Pcub-MSU1_016	370000	0	0	TTTAGGG
Pcub-MSU1_016	380000	2	0	TTTAGGG
Pcub-MSU1_016	390000	0	0	TTTAGGG
Pcub-MSU1_016	400000	0	0	TTTAGGG
Pcub-MSU1_016	410000	1	0	TTTAGGG
Pcub-MSU1_016	420000	0	0	TTTAGGG
Pcub-MSU1_016	430000	1	1	TTTAGGG
Pcub-MSU1_016	440000	0	0	TTTAGGG
Pcub-MSU1_016	450000	0	0	TTTAGGG
Pcub-MSU1_016	460000	0	0	TTTAGGG
Pcub-MSU1_016	470000	0	0	TTTAGGG
Pcub-MSU1_016	480000	0	0	TTTAGGG
Pcub-MSU1_016	490000	0	0	TTTAGGG
Pcub-MSU1_016	500000	0	1	TTTAGGG
Pcub-MSU1_016	510000	0	1	TTTAGGG
Pcub-MSU1_016	520000	1	0	TTTAGGG
Pcub-MSU1_016	530000	0	0	TTTAGGG
Pcub-MSU1_016	540000	0	0	TTTAGGG
Pcub-MSU1_016	550000	0	0	TTTAGGG
Pcub-MSU1_016	560000	0	1	TTTAGGG
Pcub-MSU1_016	570000	0	0	TTTAGGG
Pcub-MSU1_016	580000	0	0	TTTAGGG
Pcub-MSU1_016	590000	0	0	TTTAGGG
Pcub-MSU1_016	600000	0	0	TTTAGGG
Pcub-MSU1_016	610000	0	0	TTTAGGG
Pcub-MSU1_016	620000	0	0	TTTAGGG
Pcub-MSU1_016	630000	1	0	TTTAGGG
Pcub-MSU1_016	640000	0	0	TTTAGGG
Pcub-MSU1_016	650000	0	0	TTTAGGG
Pcub-MSU1_016	660000	0	0	TTTAGGG
Pcub-MSU1_016	670000	0	0	TTTAGGG
Pcub-MSU1_016	680000	0	0	TTTAGGG
Pcub-MSU1_016	690000	0	0	TTTAGGG
Pcub-MSU1_016	700000	0	0	TTTAGGG
Pcub-MSU1_016	710000	0	0	TTTAGGG
Pcub-MSU1_016	720000	0	0	TTTAGGG
Pcub-MSU1_016	730000	1	0	TTTAGGG
Pcub-MSU1_016	740000	0	0	TTTAGGG
Pcub-MSU1_016	750000	0	0	TTTAGGG
Pcub-MSU1_016	760000	0	0	TTTAGGG
Pcub-MSU1_016	770000	1	0	TTTAGGG
Pcub-MSU1_016	780000	0	1	TTTAGGG
Pcub-MSU1_016	790000	0	0	TTTAGGG
Pcub-MSU1_016	800000	0	0	TTTAGGG
Pcub-MSU1_016	810000	0	0	TTTAGGG
Pcub-MSU1_016	820000	0	0	TTTAGGG
Pcub-MSU1_016	830000	1	0	TTTAGGG
Pcub-MSU1_016	840000	0	0	TTTAGGG
Pcub-MSU1_016	850000	0	1	TTTAGGG
Pcub-MSU1_016	860000	0	0	TTTAGGG
Pcub-MSU1_016	870000	0	0	TTTAGGG
Pcub-MSU1_016	880000	0	0	TTTAGGG
Pcub-MSU1_016	890000	0	0	TTTAGGG
Pcub-MSU1_016	900000	0	0	TTTAGGG
Pcub-MSU1_016	910000	0	0	TTTAGGG
Pcub-MSU1_016	920000	0	0	TTTAGGG
Pcub-MSU1_016	930000	0	0	TTTAGGG
Pcub-MSU1_016	940000	0	0	TTTAGGG
Pcub-MSU1_016	950000	0	0	TTTAGGG
Pcub-MSU1_016	960000	0	0	TTTAGGG
Pcub-MSU1_016	970000	0	0	TTTAGGG
Pcub-MSU1_016	980000	0	0	TTTAGGG
Pcub-MSU1_016	990000	0	0	TTTAGGG
Pcub-MSU1_016	1000000	0	0	TTTAGGG
Pcub-MSU1_016	1010000	0	0	TTTAGGG
Pcub-MSU1_016	1020000	0	0	TTTAGGG
Pcub-MSU1_016	1030000	1	0	TTTAGGG
Pcub-MSU1_016	1040000	1	0	TTTAGGG
Pcub-MSU1_016	1050000	0	0	TTTAGGG
Pcub-MSU1_016	1060000	0	2	TTTAGGG
Pcub-MSU1_016	1070000	0	0	TTTAGGG
Pcub-MSU1_016	1080000	0	0	TTTAGGG
Pcub-MSU1_016	1090000	0	0	TTTAGGG
Pcub-MSU1_016	1100000	0	0	TTTAGGG
Pcub-MSU1_016	1110000	0	0	TTTAGGG
Pcub-MSU1_016	1120000	0	0	TTTAGGG
Pcub-MSU1_016	1130000	0	0	TTTAGGG
Pcub-MSU1_016	1140000	0	0	TTTAGGG
Pcub-MSU1_016	1150000	0	0	TTTAGGG
Pcub-MSU1_016	1160000	0	0	TTTAGGG
Pcub-MSU1_016	1170000	0	0	TTTAGGG
Pcub-MSU1_016	1180000	0	0	TTTAGGG
Pcub-MSU1_016	1190000	0	0	TTTAGGG
Pcub-MSU1_016	1200000	0	0	TTTAGGG
Pcub-MSU1_016	1210000	0	0	TTTAGGG
Pcub-MSU1_016	1220000	0	0	TTTAGGG
Pcub-MSU1_016	1230000	0	0	TTTAGGG
Pcub-MSU1_016	1240000	0	0	TTTAGGG
Pcub-MSU1_016	1250000	0	0	TTTAGGG
Pcub-MSU1_016	1260000	0	0	TTTAGGG
Pcub-MSU1_016	1270000	0	0	TTTAGGG
Pcub-MSU1_016	1280000	0	0	TTTAGGG
Pcub-MSU1_016	1290000	0	0	TTTAGGG
Pcub-MSU1_016	1300000	0	0	TTTAGGG
Pcub-MSU1_016	1310000	0	0	TTTAGGG
Pcub-MSU1_016	1320000	0	0	TTTAGGG
Pcub-MSU1_016	1330000	0	0	TTTAGGG
Pcub-MSU1_016	1340000	0	0	TTTAGGG
Pcub-MSU1_016	1350000	0	0	TTTAGGG
Pcub-MSU1_016	1360000	0	0	TTTAGGG
Pcub-MSU1_016	1370000	1	0	TTTAGGG
Pcub-MSU1_016	1380000	0	1	TTTAGGG
Pcub-MSU1_016	1390000	0	0	TTTAGGG
Pcub-MSU1_016	1400000	0	0	TTTAGGG
Pcub-MSU1_016	1410000	0	0	TTTAGGG
Pcub-MSU1_016	1420000	0	0	TTTAGGG
Pcub-MSU1_016	1430000	0	0	TTTAGGG
Pcub-MSU1_016	1440000	0	0	TTTAGGG
Pcub-MSU1_016	1450000	0	0	TTTAGGG
Pcub-MSU1_016	1460000	0	0	TTTAGGG
Pcub-MSU1_016	1470000	0	0	TTTAGGG
Pcub-MSU1_016	1480000	0	0	TTTAGGG
Pcub-MSU1_016	1490000	0	0	TTTAGGG
Pcub-MSU1_016	1500000	0	0	TTTAGGG
Pcub-MSU1_016	1510000	0	0	TTTAGGG
Pcub-MSU1_016	1520000	0	0	TTTAGGG
Pcub-MSU1_016	1530000	0	0	TTTAGGG
Pcub-MSU1_016	1540000	0	0	TTTAGGG
Pcub-MSU1_016	1550000	0	0	TTTAGGG
Pcub-MSU1_016	1560000	0	0	TTTAGGG
Pcub-MSU1_016	1570000	0	0	TTTAGGG
Pcub-MSU1_016	1580000	1	0	TTTAGGG
Pcub-MSU1_016	1590000	0	0	TTTAGGG
Pcub-MSU1_016	1600000	0	0	TTTAGGG
Pcub-MSU1_016	1610000	1	0	TTTAGGG
Pcub-MSU1_016	1620000	3	0	TTTAGGG
Pcub-MSU1_016	1630000	0	0	TTTAGGG
Pcub-MSU1_016	1640000	1	0	TTTAGGG
Pcub-MSU1_016	1650000	0	0	TTTAGGG
Pcub-MSU1_016	1660000	0	0	TTTAGGG
Pcub-MSU1_016	1670000	0	0	TTTAGGG
Pcub-MSU1_016	1680000	0	0	TTTAGGG
Pcub-MSU1_016	1690000	0	0	TTTAGGG
Pcub-MSU1_016	1700000	0	0	TTTAGGG
Pcub-MSU1_016	1710000	0	0	TTTAGGG
Pcub-MSU1_016	1720000	0	1	TTTAGGG
Pcub-MSU1_016	1730000	0	0	TTTAGGG
Pcub-MSU1_016	1740000	0	0	TTTAGGG
Pcub-MSU1_016	1750000	0	0	TTTAGGG
Pcub-MSU1_016	1760000	0	0	TTTAGGG
Pcub-MSU1_016	1770000	0	0	TTTAGGG
Pcub-MSU1_016	1780000	1	0	TTTAGGG
Pcub-MSU1_016	1790000	0	0	TTTAGGG
Pcub-MSU1_016	1800000	0	0	TTTAGGG
Pcub-MSU1_016	1810000	1	0	TTTAGGG
Pcub-MSU1_016	1820000	1	0	TTTAGGG
Pcub-MSU1_016	1830000	0	0	TTTAGGG
Pcub-MSU1_016	1840000	0	0	TTTAGGG
Pcub-MSU1_016	1850000	0	0	TTTAGGG
Pcub-MSU1_016	1860000	0	0	TTTAGGG
Pcub-MSU1_016	1870000	0	0	TTTAGGG
Pcub-MSU1_016	1880000	0	0	TTTAGGG
Pcub-MSU1_016	1890000	0	0	TTTAGGG
Pcub-MSU1_016	1900000	1	0	TTTAGGG
Pcub-MSU1_016	1910000	0	1	TTTAGGG
Pcub-MSU1_016	1920000	0	1	TTTAGGG
Pcub-MSU1_016	1930000	0	0	TTTAGGG
Pcub-MSU1_016	1940000	0	0	TTTAGGG
Pcub-MSU1_016	1950000	0	0	TTTAGGG
Pcub-MSU1_016	1960000	0	0	TTTAGGG
Pcub-MSU1_016	1970000	0	0	TTTAGGG
Pcub-MSU1_016	1980000	0	0	TTTAGGG
Pcub-MSU1_016	1990000	0	0	TTTAGGG
Pcub-MSU1_016	2000000	0	0	TTTAGGG
Pcub-MSU1_016	2010000	0	0	TTTAGGG
Pcub-MSU1_016	2020000	0	0	TTTAGGG
Pcub-MSU1_016	2030000	0	0	TTTAGGG
Pcub-MSU1_016	2040000	0	0	TTTAGGG
Pcub-MSU1_016	2050000	0	0	TTTAGGG
Pcub-MSU1_016	2060000	0	0	TTTAGGG
Pcub-MSU1_016	2070000	0	0	TTTAGGG
Pcub-MSU1_016	2080000	1	0	TTTAGGG
Pcub-MSU1_016	2090000	0	0	TTTAGGG
Pcub-MSU1_016	2100000	0	0	TTTAGGG
Pcub-MSU1_016	2110000	0	0	TTTAGGG
Pcub-MSU1_016	2120000	0	0	TTTAGGG
Pcub-MSU1_016	2130000	0	0	TTTAGGG
Pcub-MSU1_016	2140000	1	0	TTTAGGG
Pcub-MSU1_016	2150000	1	0	TTTAGGG
Pcub-MSU1_016	2160000	0	0	TTTAGGG
Pcub-MSU1_016	2170000	0	0	TTTAGGG
Pcub-MSU1_016	2180000	0	0	TTTAGGG
Pcub-MSU1_016	2190000	0	0	TTTAGGG
Pcub-MSU1_016	2200000	0	0	TTTAGGG
Pcub-MSU1_016	2210000	0	0	TTTAGGG
Pcub-MSU1_016	2220000	0	0	TTTAGGG
Pcub-MSU1_016	2230000	1	0	TTTAGGG
Pcub-MSU1_016	2240000	1	0	TTTAGGG
Pcub-MSU1_016	2250000	2	0	TTTAGGG
Pcub-MSU1_016	2260000	1	0	TTTAGGG
Pcub-MSU1_016	2270000	2	0	TTTAGGG
Pcub-MSU1_016	2280000	1	0	TTTAGGG
Pcub-MSU1_016	2290000	2	0	TTTAGGG
Pcub-MSU1_016	2300000	1	0	TTTAGGG
Pcub-MSU1_016	2310000	2	0	TTTAGGG
Pcub-MSU1_016	2320000	0	1	TTTAGGG
Pcub-MSU1_016	2330000	0	0	TTTAGGG
Pcub-MSU1_016	2340000	0	0	TTTAGGG
Pcub-MSU1_016	2350000	0	0	TTTAGGG
Pcub-MSU1_016	2360000	0	0	TTTAGGG
Pcub-MSU1_016	2370000	0	0	TTTAGGG
Pcub-MSU1_016	2380000	0	0	TTTAGGG
Pcub-MSU1_016	2390000	0	0	TTTAGGG
Pcub-MSU1_016	2400000	0	0	TTTAGGG
Pcub-MSU1_016	2410000	0	0	TTTAGGG
Pcub-MSU1_016	2420000	0	0	TTTAGGG
Pcub-MSU1_016	2430000	0	0	TTTAGGG
Pcub-MSU1_016	2440000	0	0	TTTAGGG
Pcub-MSU1_016	2450000	0	0	TTTAGGG
Pcub-MSU1_016	2460000	0	2	TTTAGGG
Pcub-MSU1_016	2470000	0	1	TTTAGGG
Pcub-MSU1_016	2480000	0	0	TTTAGGG
Pcub-MSU1_016	2490000	0	0	TTTAGGG
Pcub-MSU1_016	2500000	0	1	TTTAGGG
Pcub-MSU1_016	2510000	0	1	TTTAGGG
Pcub-MSU1_016	2520000	0	0	TTTAGGG
Pcub-MSU1_016	2530000	0	0	TTTAGGG
Pcub-MSU1_016	2540000	0	0	TTTAGGG
Pcub-MSU1_016	2550000	0	0	TTTAGGG
Pcub-MSU1_016	2560000	3	1	TTTAGGG
Pcub-MSU1_016	2570000	0	0	TTTAGGG
Pcub-MSU1_016	2580000	0	0	TTTAGGG
Pcub-MSU1_016	2585918	40	0	TTTAGGG
Pcub-MSU1_017	10000	0	0	TTTAGGG
Pcub-MSU1_017	20000	0	0	TTTAGGG
Pcub-MSU1_017	30000	0	0	TTTAGGG
Pcub-MSU1_017	40000	0	0	TTTAGGG
Pcub-MSU1_017	50000	1	1	TTTAGGG
Pcub-MSU1_017	60000	1	0	TTTAGGG
Pcub-MSU1_017	70000	0	0	TTTAGGG
Pcub-MSU1_017	80000	0	0	TTTAGGG
Pcub-MSU1_017	90000	0	0	TTTAGGG
Pcub-MSU1_017	100000	0	0	TTTAGGG
Pcub-MSU1_017	110000	0	0	TTTAGGG
Pcub-MSU1_017	120000	0	0	TTTAGGG
Pcub-MSU1_017	130000	0	0	TTTAGGG
Pcub-MSU1_017	140000	0	0	TTTAGGG
Pcub-MSU1_017	150000	0	0	TTTAGGG
Pcub-MSU1_017	160000	0	0	TTTAGGG
Pcub-MSU1_017	170000	0	0	TTTAGGG
Pcub-MSU1_017	180000	0	0	TTTAGGG
Pcub-MSU1_017	190000	0	0	TTTAGGG
Pcub-MSU1_017	200000	0	0	TTTAGGG
Pcub-MSU1_017	210000	0	0	TTTAGGG
Pcub-MSU1_017	220000	0	0	TTTAGGG
Pcub-MSU1_017	230000	0	0	TTTAGGG
Pcub-MSU1_017	240000	0	0	TTTAGGG
Pcub-MSU1_017	250000	0	0	TTTAGGG
Pcub-MSU1_017	260000	0	1	TTTAGGG
Pcub-MSU1_017	270000	0	0	TTTAGGG
Pcub-MSU1_017	280000	0	0	TTTAGGG
Pcub-MSU1_017	290000	0	0	TTTAGGG
Pcub-MSU1_017	300000	0	1	TTTAGGG
Pcub-MSU1_017	310000	1	1	TTTAGGG
Pcub-MSU1_017	320000	0	0	TTTAGGG
Pcub-MSU1_017	330000	0	0	TTTAGGG
Pcub-MSU1_017	340000	0	0	TTTAGGG
Pcub-MSU1_017	350000	0	0	TTTAGGG
Pcub-MSU1_017	360000	0	0	TTTAGGG
Pcub-MSU1_017	370000	0	0	TTTAGGG
Pcub-MSU1_017	380000	1	1	TTTAGGG
Pcub-MSU1_017	390000	0	0	TTTAGGG
Pcub-MSU1_017	400000	0	0	TTTAGGG
Pcub-MSU1_017	410000	0	0	TTTAGGG
Pcub-MSU1_017	420000	0	0	TTTAGGG
Pcub-MSU1_017	430000	0	0	TTTAGGG
Pcub-MSU1_017	440000	0	0	TTTAGGG
Pcub-MSU1_017	450000	0	0	TTTAGGG
Pcub-MSU1_017	460000	0	0	TTTAGGG
Pcub-MSU1_017	470000	0	0	TTTAGGG
Pcub-MSU1_017	480000	0	0	TTTAGGG
Pcub-MSU1_017	490000	0	0	TTTAGGG
Pcub-MSU1_017	500000	0	0	TTTAGGG
Pcub-MSU1_017	510000	0	0	TTTAGGG
Pcub-MSU1_017	520000	0	0	TTTAGGG
Pcub-MSU1_017	530000	0	1	TTTAGGG
Pcub-MSU1_017	540000	0	0	TTTAGGG
Pcub-MSU1_017	550000	0	0	TTTAGGG
Pcub-MSU1_017	560000	0	0	TTTAGGG
Pcub-MSU1_017	570000	0	0	TTTAGGG
Pcub-MSU1_017	580000	0	0	TTTAGGG
Pcub-MSU1_017	590000	0	0	TTTAGGG
Pcub-MSU1_017	600000	0	0	TTTAGGG
Pcub-MSU1_017	610000	0	0	TTTAGGG
Pcub-MSU1_017	620000	0	0	TTTAGGG
Pcub-MSU1_017	630000	0	0	TTTAGGG
Pcub-MSU1_017	640000	1	0	TTTAGGG
Pcub-MSU1_017	650000	0	0	TTTAGGG
Pcub-MSU1_017	660000	1	0	TTTAGGG
Pcub-MSU1_017	670000	0	0	TTTAGGG
Pcub-MSU1_017	680000	0	0	TTTAGGG
Pcub-MSU1_017	690000	0	0	TTTAGGG
Pcub-MSU1_017	700000	0	0	TTTAGGG
Pcub-MSU1_017	710000	0	0	TTTAGGG
Pcub-MSU1_017	720000	0	0	TTTAGGG
Pcub-MSU1_017	730000	0	0	TTTAGGG
Pcub-MSU1_017	740000	0	0	TTTAGGG
Pcub-MSU1_017	750000	0	0	TTTAGGG
Pcub-MSU1_017	760000	0	0	TTTAGGG
Pcub-MSU1_017	770000	0	0	TTTAGGG
Pcub-MSU1_017	780000	0	0	TTTAGGG
Pcub-MSU1_017	790000	0	0	TTTAGGG
Pcub-MSU1_017	800000	0	0	TTTAGGG
Pcub-MSU1_017	810000	0	0	TTTAGGG
Pcub-MSU1_017	820000	0	0	TTTAGGG
Pcub-MSU1_017	830000	0	0	TTTAGGG
Pcub-MSU1_017	840000	0	0	TTTAGGG
Pcub-MSU1_017	850000	0	0	TTTAGGG
Pcub-MSU1_017	860000	0	0	TTTAGGG
Pcub-MSU1_017	870000	0	0	TTTAGGG
Pcub-MSU1_017	880000	0	0	TTTAGGG
Pcub-MSU1_017	890000	0	0	TTTAGGG
Pcub-MSU1_017	900000	0	0	TTTAGGG
Pcub-MSU1_017	910000	0	0	TTTAGGG
Pcub-MSU1_017	920000	0	0	TTTAGGG
Pcub-MSU1_017	930000	0	0	TTTAGGG
Pcub-MSU1_017	940000	0	0	TTTAGGG
Pcub-MSU1_017	950000	0	0	TTTAGGG
Pcub-MSU1_017	960000	0	0	TTTAGGG
Pcub-MSU1_017	970000	0	0	TTTAGGG
Pcub-MSU1_017	980000	0	0	TTTAGGG
Pcub-MSU1_017	990000	0	0	TTTAGGG
Pcub-MSU1_017	1000000	0	0	TTTAGGG
Pcub-MSU1_017	1010000	0	0	TTTAGGG
Pcub-MSU1_017	1020000	0	0	TTTAGGG
Pcub-MSU1_017	1030000	0	0	TTTAGGG
Pcub-MSU1_017	1040000	0	0	TTTAGGG
Pcub-MSU1_017	1050000	0	0	TTTAGGG
Pcub-MSU1_017	1060000	0	0	TTTAGGG
Pcub-MSU1_017	1070000	0	0	TTTAGGG
Pcub-MSU1_017	1080000	0	1	TTTAGGG
Pcub-MSU1_017	1090000	0	0	TTTAGGG
Pcub-MSU1_017	1100000	0	0	TTTAGGG
Pcub-MSU1_017	1110000	0	0	TTTAGGG
Pcub-MSU1_017	1120000	0	0	TTTAGGG
Pcub-MSU1_017	1130000	0	0	TTTAGGG
Pcub-MSU1_017	1140000	0	0	TTTAGGG
Pcub-MSU1_017	1150000	0	0	TTTAGGG
Pcub-MSU1_017	1160000	0	0	TTTAGGG
Pcub-MSU1_017	1170000	0	0	TTTAGGG
Pcub-MSU1_017	1180000	0	0	TTTAGGG
Pcub-MSU1_017	1190000	0	0	TTTAGGG
Pcub-MSU1_017	1200000	0	0	TTTAGGG
Pcub-MSU1_017	1210000	0	0	TTTAGGG
Pcub-MSU1_017	1220000	0	0	TTTAGGG
Pcub-MSU1_017	1230000	0	0	TTTAGGG
Pcub-MSU1_017	1240000	0	0	TTTAGGG
Pcub-MSU1_017	1250000	0	0	TTTAGGG
Pcub-MSU1_017	1260000	0	0	TTTAGGG
Pcub-MSU1_017	1270000	0	0	TTTAGGG
Pcub-MSU1_017	1280000	0	0	TTTAGGG
Pcub-MSU1_017	1290000	0	0	TTTAGGG
Pcub-MSU1_017	1300000	0	0	TTTAGGG
Pcub-MSU1_017	1310000	0	0	TTTAGGG
Pcub-MSU1_017	1320000	1	1	TTTAGGG
Pcub-MSU1_017	1330000	0	0	TTTAGGG
Pcub-MSU1_017	1340000	1	0	TTTAGGG
Pcub-MSU1_017	1350000	0	0	TTTAGGG
Pcub-MSU1_017	1360000	0	1	TTTAGGG
Pcub-MSU1_017	1370000	0	0	TTTAGGG
Pcub-MSU1_017	1380000	0	0	TTTAGGG
Pcub-MSU1_017	1390000	0	0	TTTAGGG
Pcub-MSU1_017	1400000	0	1	TTTAGGG
Pcub-MSU1_017	1410000	0	1	TTTAGGG
Pcub-MSU1_017	1420000	0	0	TTTAGGG
Pcub-MSU1_017	1430000	0	0	TTTAGGG
Pcub-MSU1_017	1440000	0	0	TTTAGGG
Pcub-MSU1_017	1450000	0	0	TTTAGGG
Pcub-MSU1_017	1460000	0	0	TTTAGGG
Pcub-MSU1_017	1470000	0	0	TTTAGGG
Pcub-MSU1_017	1480000	1	0	TTTAGGG
Pcub-MSU1_017	1490000	0	0	TTTAGGG
Pcub-MSU1_017	1500000	0	0	TTTAGGG
Pcub-MSU1_017	1510000	0	0	TTTAGGG
Pcub-MSU1_017	1520000	0	0	TTTAGGG
Pcub-MSU1_017	1530000	0	0	TTTAGGG
Pcub-MSU1_017	1540000	0	0	TTTAGGG
Pcub-MSU1_017	1550000	1	0	TTTAGGG
Pcub-MSU1_017	1560000	1	1	TTTAGGG
Pcub-MSU1_017	1570000	1	1	TTTAGGG
Pcub-MSU1_017	1580000	0	0	TTTAGGG
Pcub-MSU1_017	1590000	0	0	TTTAGGG
Pcub-MSU1_017	1600000	0	1	TTTAGGG
Pcub-MSU1_017	1610000	0	1	TTTAGGG
Pcub-MSU1_017	1620000	0	0	TTTAGGG
Pcub-MSU1_017	1630000	0	0	TTTAGGG
Pcub-MSU1_017	1640000	0	0	TTTAGGG
Pcub-MSU1_017	1650000	0	0	TTTAGGG
Pcub-MSU1_017	1660000	0	0	TTTAGGG
Pcub-MSU1_017	1670000	0	0	TTTAGGG
Pcub-MSU1_017	1680000	0	0	TTTAGGG
Pcub-MSU1_017	1690000	0	1	TTTAGGG
Pcub-MSU1_017	1700000	0	0	TTTAGGG
Pcub-MSU1_017	1710000	1	0	TTTAGGG
Pcub-MSU1_017	1720000	3	1	TTTAGGG
Pcub-MSU1_017	1730000	0	0	TTTAGGG
Pcub-MSU1_017	1740000	0	0	TTTAGGG
Pcub-MSU1_017	1750000	0	0	TTTAGGG
Pcub-MSU1_017	1760000	0	1	TTTAGGG
Pcub-MSU1_017	1770000	0	0	TTTAGGG
Pcub-MSU1_017	1780000	0	0	TTTAGGG
Pcub-MSU1_017	1790000	0	0	TTTAGGG
Pcub-MSU1_017	1800000	0	0	TTTAGGG
Pcub-MSU1_017	1810000	0	1	TTTAGGG
Pcub-MSU1_017	1820000	0	0	TTTAGGG
Pcub-MSU1_017	1830000	0	0	TTTAGGG
Pcub-MSU1_017	1840000	0	0	TTTAGGG
Pcub-MSU1_017	1850000	0	0	TTTAGGG
Pcub-MSU1_017	1860000	0	0	TTTAGGG
Pcub-MSU1_017	1870000	0	1	TTTAGGG
Pcub-MSU1_017	1880000	0	0	TTTAGGG
Pcub-MSU1_017	1890000	0	0	TTTAGGG
Pcub-MSU1_017	1900000	0	0	TTTAGGG
Pcub-MSU1_017	1910000	0	0	TTTAGGG
Pcub-MSU1_017	1920000	0	0	TTTAGGG
Pcub-MSU1_017	1930000	0	0	TTTAGGG
Pcub-MSU1_017	1940000	0	0	TTTAGGG
Pcub-MSU1_017	1950000	0	0	TTTAGGG
Pcub-MSU1_017	1960000	0	0	TTTAGGG
Pcub-MSU1_017	1970000	0	0	TTTAGGG
Pcub-MSU1_017	1980000	0	0	TTTAGGG
Pcub-MSU1_017	1990000	0	0	TTTAGGG
Pcub-MSU1_017	2000000	0	0	TTTAGGG
Pcub-MSU1_017	2010000	0	0	TTTAGGG
Pcub-MSU1_017	2020000	0	0	TTTAGGG
Pcub-MSU1_017	2030000	0	0	TTTAGGG
Pcub-MSU1_017	2040000	0	0	TTTAGGG
Pcub-MSU1_017	2050000	0	0	TTTAGGG
Pcub-MSU1_017	2060000	0	0	TTTAGGG
Pcub-MSU1_017	2070000	0	0	TTTAGGG
Pcub-MSU1_017	2080000	0	0	TTTAGGG
Pcub-MSU1_017	2090000	0	0	TTTAGGG
Pcub-MSU1_017	2100000	0	0	TTTAGGG
Pcub-MSU1_017	2110000	0	0	TTTAGGG
Pcub-MSU1_017	2120000	0	0	TTTAGGG
Pcub-MSU1_017	2130000	0	0	TTTAGGG
Pcub-MSU1_017	2140000	0	0	TTTAGGG
Pcub-MSU1_017	2150000	0	0	TTTAGGG
Pcub-MSU1_017	2160000	0	0	TTTAGGG
Pcub-MSU1_017	2170000	1	0	TTTAGGG
Pcub-MSU1_017	2180000	0	0	TTTAGGG
Pcub-MSU1_017	2190000	0	0	TTTAGGG
Pcub-MSU1_017	2200000	0	0	TTTAGGG
Pcub-MSU1_017	2210000	0	1	TTTAGGG
Pcub-MSU1_017	2220000	0	0	TTTAGGG
Pcub-MSU1_017	2230000	1	0	TTTAGGG
Pcub-MSU1_017	2240000	0	0	TTTAGGG
Pcub-MSU1_017	2250000	0	0	TTTAGGG
Pcub-MSU1_017	2260000	0	1	TTTAGGG
Pcub-MSU1_017	2270000	0	0	TTTAGGG
Pcub-MSU1_017	2280000	0	1	TTTAGGG
Pcub-MSU1_017	2290000	0	0	TTTAGGG
Pcub-MSU1_017	2300000	0	0	TTTAGGG
Pcub-MSU1_017	2310000	0	0	TTTAGGG
Pcub-MSU1_017	2320000	0	0	TTTAGGG
Pcub-MSU1_017	2330000	0	0	TTTAGGG
Pcub-MSU1_017	2340000	0	0	TTTAGGG
Pcub-MSU1_017	2350000	0	0	TTTAGGG
Pcub-MSU1_017	2360000	0	0	TTTAGGG
Pcub-MSU1_017	2370000	0	0	TTTAGGG
Pcub-MSU1_017	2380000	0	0	TTTAGGG
Pcub-MSU1_017	2390000	0	0	TTTAGGG
Pcub-MSU1_017	2400000	0	0	TTTAGGG
Pcub-MSU1_017	2410000	0	0	TTTAGGG
Pcub-MSU1_017	2420000	0	0	TTTAGGG
Pcub-MSU1_017	2430000	0	0	TTTAGGG
Pcub-MSU1_017	2440000	0	0	TTTAGGG
Pcub-MSU1_017	2450000	0	0	TTTAGGG
Pcub-MSU1_017	2460000	0	0	TTTAGGG
Pcub-MSU1_017	2470000	0	0	TTTAGGG
Pcub-MSU1_017	2480000	0	0	TTTAGGG
Pcub-MSU1_017	2490000	0	0	TTTAGGG
Pcub-MSU1_017	2499432	50	0	TTTAGGG
Pcub-MSU1_018	10000	0	50	TTTAGGG
Pcub-MSU1_018	20000	0	0	TTTAGGG
Pcub-MSU1_018	30000	1	0	TTTAGGG
Pcub-MSU1_018	40000	0	0	TTTAGGG
Pcub-MSU1_018	50000	0	0	TTTAGGG
Pcub-MSU1_018	60000	0	0	TTTAGGG
Pcub-MSU1_018	70000	0	0	TTTAGGG
Pcub-MSU1_018	80000	0	0	TTTAGGG
Pcub-MSU1_018	90000	0	0	TTTAGGG
Pcub-MSU1_018	100000	0	0	TTTAGGG
Pcub-MSU1_018	110000	2	0	TTTAGGG
Pcub-MSU1_018	120000	0	0	TTTAGGG
Pcub-MSU1_018	130000	0	0	TTTAGGG
Pcub-MSU1_018	140000	0	0	TTTAGGG
Pcub-MSU1_018	150000	0	0	TTTAGGG
Pcub-MSU1_018	160000	0	0	TTTAGGG
Pcub-MSU1_018	170000	0	0	TTTAGGG
Pcub-MSU1_018	180000	0	0	TTTAGGG
Pcub-MSU1_018	190000	0	0	TTTAGGG
Pcub-MSU1_018	200000	1	0	TTTAGGG
Pcub-MSU1_018	210000	0	0	TTTAGGG
Pcub-MSU1_018	220000	0	0	TTTAGGG
Pcub-MSU1_018	230000	0	0	TTTAGGG
Pcub-MSU1_018	240000	0	0	TTTAGGG
Pcub-MSU1_018	250000	0	0	TTTAGGG
Pcub-MSU1_018	260000	0	0	TTTAGGG
Pcub-MSU1_018	270000	0	0	TTTAGGG
Pcub-MSU1_018	280000	0	0	TTTAGGG
Pcub-MSU1_018	290000	0	0	TTTAGGG
Pcub-MSU1_018	300000	0	0	TTTAGGG
Pcub-MSU1_018	310000	0	0	TTTAGGG
Pcub-MSU1_018	320000	0	0	TTTAGGG
Pcub-MSU1_018	330000	0	0	TTTAGGG
Pcub-MSU1_018	340000	0	0	TTTAGGG
Pcub-MSU1_018	350000	0	0	TTTAGGG
Pcub-MSU1_018	360000	0	0	TTTAGGG
Pcub-MSU1_018	370000	1	0	TTTAGGG
Pcub-MSU1_018	380000	0	0	TTTAGGG
Pcub-MSU1_018	390000	0	0	TTTAGGG
Pcub-MSU1_018	400000	0	0	TTTAGGG
Pcub-MSU1_018	410000	0	0	TTTAGGG
Pcub-MSU1_018	420000	0	0	TTTAGGG
Pcub-MSU1_018	430000	0	0	TTTAGGG
Pcub-MSU1_018	440000	0	0	TTTAGGG
Pcub-MSU1_018	450000	0	0	TTTAGGG
Pcub-MSU1_018	460000	0	0	TTTAGGG
Pcub-MSU1_018	470000	0	1	TTTAGGG
Pcub-MSU1_018	480000	0	0	TTTAGGG
Pcub-MSU1_018	490000	0	0	TTTAGGG
Pcub-MSU1_018	500000	0	0	TTTAGGG
Pcub-MSU1_018	510000	0	1	TTTAGGG
Pcub-MSU1_018	520000	0	0	TTTAGGG
Pcub-MSU1_018	530000	0	0	TTTAGGG
Pcub-MSU1_018	540000	0	0	TTTAGGG
Pcub-MSU1_018	550000	0	0	TTTAGGG
Pcub-MSU1_018	560000	0	0	TTTAGGG
Pcub-MSU1_018	570000	0	0	TTTAGGG
Pcub-MSU1_018	580000	0	0	TTTAGGG
Pcub-MSU1_018	590000	0	1	TTTAGGG
Pcub-MSU1_018	600000	0	0	TTTAGGG
Pcub-MSU1_018	610000	0	0	TTTAGGG
Pcub-MSU1_018	620000	0	0	TTTAGGG
Pcub-MSU1_018	630000	0	0	TTTAGGG
Pcub-MSU1_018	640000	0	0	TTTAGGG
Pcub-MSU1_018	650000	0	0	TTTAGGG
Pcub-MSU1_018	660000	0	1	TTTAGGG
Pcub-MSU1_018	670000	0	0	TTTAGGG
Pcub-MSU1_018	680000	0	0	TTTAGGG
Pcub-MSU1_018	690000	1	0	TTTAGGG
Pcub-MSU1_018	700000	0	0	TTTAGGG
Pcub-MSU1_018	710000	0	0	TTTAGGG
Pcub-MSU1_018	720000	0	0	TTTAGGG
Pcub-MSU1_018	730000	0	0	TTTAGGG
Pcub-MSU1_018	740000	0	0	TTTAGGG
Pcub-MSU1_018	750000	0	0	TTTAGGG
Pcub-MSU1_018	760000	0	0	TTTAGGG
Pcub-MSU1_018	770000	0	0	TTTAGGG
Pcub-MSU1_018	780000	0	0	TTTAGGG
Pcub-MSU1_018	790000	0	0	TTTAGGG
Pcub-MSU1_018	800000	0	0	TTTAGGG
Pcub-MSU1_018	810000	0	0	TTTAGGG
Pcub-MSU1_018	820000	0	0	TTTAGGG
Pcub-MSU1_018	830000	0	0	TTTAGGG
Pcub-MSU1_018	840000	0	0	TTTAGGG
Pcub-MSU1_018	850000	0	0	TTTAGGG
Pcub-MSU1_018	860000	0	0	TTTAGGG
Pcub-MSU1_018	870000	0	0	TTTAGGG
Pcub-MSU1_018	880000	0	0	TTTAGGG
Pcub-MSU1_018	890000	0	0	TTTAGGG
Pcub-MSU1_018	900000	0	0	TTTAGGG
Pcub-MSU1_018	910000	0	0	TTTAGGG
Pcub-MSU1_018	920000	0	0	TTTAGGG
Pcub-MSU1_018	930000	0	0	TTTAGGG
Pcub-MSU1_018	940000	0	0	TTTAGGG
Pcub-MSU1_018	950000	0	0	TTTAGGG
Pcub-MSU1_018	960000	0	0	TTTAGGG
Pcub-MSU1_018	970000	0	0	TTTAGGG
Pcub-MSU1_018	980000	1	0	TTTAGGG
Pcub-MSU1_018	990000	0	0	TTTAGGG
Pcub-MSU1_018	1000000	0	0	TTTAGGG
Pcub-MSU1_018	1010000	1	4	TTTAGGG
Pcub-MSU1_018	1020000	0	0	TTTAGGG
Pcub-MSU1_018	1030000	0	0	TTTAGGG
Pcub-MSU1_018	1040000	0	0	TTTAGGG
Pcub-MSU1_018	1050000	1	0	TTTAGGG
Pcub-MSU1_018	1060000	1	0	TTTAGGG
Pcub-MSU1_018	1070000	0	0	TTTAGGG
Pcub-MSU1_018	1080000	0	0	TTTAGGG
Pcub-MSU1_018	1090000	0	1	TTTAGGG
Pcub-MSU1_018	1100000	0	0	TTTAGGG
Pcub-MSU1_018	1110000	0	0	TTTAGGG
Pcub-MSU1_018	1120000	1	0	TTTAGGG
Pcub-MSU1_018	1130000	0	0	TTTAGGG
Pcub-MSU1_018	1140000	0	0	TTTAGGG
Pcub-MSU1_018	1150000	0	0	TTTAGGG
Pcub-MSU1_018	1160000	0	1	TTTAGGG
Pcub-MSU1_018	1170000	0	0	TTTAGGG
Pcub-MSU1_018	1180000	1	0	TTTAGGG
Pcub-MSU1_018	1190000	0	0	TTTAGGG
Pcub-MSU1_018	1200000	0	0	TTTAGGG
Pcub-MSU1_018	1210000	0	1	TTTAGGG
Pcub-MSU1_018	1220000	0	0	TTTAGGG
Pcub-MSU1_018	1230000	0	0	TTTAGGG
Pcub-MSU1_018	1240000	0	0	TTTAGGG
Pcub-MSU1_018	1250000	0	0	TTTAGGG
Pcub-MSU1_018	1260000	1	0	TTTAGGG
Pcub-MSU1_018	1270000	0	0	TTTAGGG
Pcub-MSU1_018	1280000	0	0	TTTAGGG
Pcub-MSU1_018	1290000	0	1	TTTAGGG
Pcub-MSU1_018	1300000	0	0	TTTAGGG
Pcub-MSU1_018	1310000	0	0	TTTAGGG
Pcub-MSU1_018	1320000	1	0	TTTAGGG
Pcub-MSU1_018	1330000	0	0	TTTAGGG
Pcub-MSU1_018	1340000	0	0	TTTAGGG
Pcub-MSU1_018	1350000	1	0	TTTAGGG
Pcub-MSU1_018	1360000	0	0	TTTAGGG
Pcub-MSU1_018	1370000	1	0	TTTAGGG
Pcub-MSU1_018	1380000	0	1	TTTAGGG
Pcub-MSU1_018	1390000	0	0	TTTAGGG
Pcub-MSU1_018	1400000	0	0	TTTAGGG
Pcub-MSU1_018	1410000	1	0	TTTAGGG
Pcub-MSU1_018	1420000	0	1	TTTAGGG
Pcub-MSU1_018	1430000	0	0	TTTAGGG
Pcub-MSU1_018	1440000	0	0	TTTAGGG
Pcub-MSU1_018	1450000	0	0	TTTAGGG
Pcub-MSU1_018	1460000	1	0	TTTAGGG
Pcub-MSU1_018	1470000	1	0	TTTAGGG
Pcub-MSU1_018	1480000	0	0	TTTAGGG
Pcub-MSU1_018	1490000	0	0	TTTAGGG
Pcub-MSU1_018	1500000	1	0	TTTAGGG
Pcub-MSU1_018	1510000	0	0	TTTAGGG
Pcub-MSU1_018	1520000	0	0	TTTAGGG
Pcub-MSU1_018	1530000	1	0	TTTAGGG
Pcub-MSU1_018	1540000	0	0	TTTAGGG
Pcub-MSU1_018	1550000	0	0	TTTAGGG
Pcub-MSU1_018	1560000	0	0	TTTAGGG
Pcub-MSU1_018	1570000	0	0	TTTAGGG
Pcub-MSU1_018	1580000	0	0	TTTAGGG
Pcub-MSU1_018	1590000	0	0	TTTAGGG
Pcub-MSU1_018	1600000	0	0	TTTAGGG
Pcub-MSU1_018	1610000	0	0	TTTAGGG
Pcub-MSU1_018	1620000	0	0	TTTAGGG
Pcub-MSU1_018	1630000	0	0	TTTAGGG
Pcub-MSU1_018	1640000	0	0	TTTAGGG
Pcub-MSU1_018	1650000	0	0	TTTAGGG
Pcub-MSU1_018	1660000	0	0	TTTAGGG
Pcub-MSU1_018	1670000	0	0	TTTAGGG
Pcub-MSU1_018	1680000	0	0	TTTAGGG
Pcub-MSU1_018	1690000	0	0	TTTAGGG
Pcub-MSU1_018	1700000	0	0	TTTAGGG
Pcub-MSU1_018	1710000	0	0	TTTAGGG
Pcub-MSU1_018	1720000	0	0	TTTAGGG
Pcub-MSU1_018	1730000	0	0	TTTAGGG
Pcub-MSU1_018	1740000	0	0	TTTAGGG
Pcub-MSU1_018	1750000	0	0	TTTAGGG
Pcub-MSU1_018	1760000	0	0	TTTAGGG
Pcub-MSU1_018	1770000	0	0	TTTAGGG
Pcub-MSU1_018	1780000	0	0	TTTAGGG
Pcub-MSU1_018	1790000	0	0	TTTAGGG
Pcub-MSU1_018	1800000	0	0	TTTAGGG
Pcub-MSU1_018	1810000	0	0	TTTAGGG
Pcub-MSU1_018	1820000	0	0	TTTAGGG
Pcub-MSU1_018	1830000	0	0	TTTAGGG
Pcub-MSU1_018	1840000	0	0	TTTAGGG
Pcub-MSU1_018	1850000	0	0	TTTAGGG
Pcub-MSU1_018	1860000	0	0	TTTAGGG
Pcub-MSU1_018	1870000	0	0	TTTAGGG
Pcub-MSU1_018	1880000	0	0	TTTAGGG
Pcub-MSU1_018	1890000	0	0	TTTAGGG
Pcub-MSU1_018	1900000	0	0	TTTAGGG
Pcub-MSU1_018	1910000	0	0	TTTAGGG
Pcub-MSU1_018	1920000	0	0	TTTAGGG
Pcub-MSU1_018	1930000	0	0	TTTAGGG
Pcub-MSU1_018	1940000	0	0	TTTAGGG
Pcub-MSU1_018	1950000	0	0	TTTAGGG
Pcub-MSU1_018	1960000	0	0	TTTAGGG
Pcub-MSU1_018	1970000	0	0	TTTAGGG
Pcub-MSU1_018	1980000	0	0	TTTAGGG
Pcub-MSU1_018	1990000	0	0	TTTAGGG
Pcub-MSU1_018	2000000	0	0	TTTAGGG
Pcub-MSU1_018	2010000	0	0	TTTAGGG
Pcub-MSU1_018	2020000	0	0	TTTAGGG
Pcub-MSU1_018	2030000	0	0	TTTAGGG
Pcub-MSU1_018	2040000	0	0	TTTAGGG
Pcub-MSU1_018	2050000	0	0	TTTAGGG
Pcub-MSU1_018	2060000	0	0	TTTAGGG
Pcub-MSU1_018	2070000	0	0	TTTAGGG
Pcub-MSU1_018	2080000	0	0	TTTAGGG
Pcub-MSU1_018	2090000	0	0	TTTAGGG
Pcub-MSU1_018	2100000	0	0	TTTAGGG
Pcub-MSU1_018	2110000	0	0	TTTAGGG
Pcub-MSU1_018	2120000	0	0	TTTAGGG
Pcub-MSU1_018	2130000	0	0	TTTAGGG
Pcub-MSU1_018	2140000	0	0	TTTAGGG
Pcub-MSU1_018	2150000	0	0	TTTAGGG
Pcub-MSU1_018	2160000	0	0	TTTAGGG
Pcub-MSU1_018	2170000	0	0	TTTAGGG
Pcub-MSU1_018	2180000	0	0	TTTAGGG
Pcub-MSU1_018	2190000	0	0	TTTAGGG
Pcub-MSU1_018	2200000	0	0	TTTAGGG
Pcub-MSU1_018	2210000	1	0	TTTAGGG
Pcub-MSU1_018	2220000	0	0	TTTAGGG
Pcub-MSU1_018	2230000	0	0	TTTAGGG
Pcub-MSU1_018	2240000	0	0	TTTAGGG
Pcub-MSU1_018	2250000	0	0	TTTAGGG
Pcub-MSU1_018	2260000	0	0	TTTAGGG
Pcub-MSU1_018	2270000	1	0	TTTAGGG
Pcub-MSU1_018	2280000	0	0	TTTAGGG
Pcub-MSU1_018	2290000	0	0	TTTAGGG
Pcub-MSU1_018	2300000	0	0	TTTAGGG
Pcub-MSU1_018	2310000	0	0	TTTAGGG
Pcub-MSU1_018	2320000	0	0	TTTAGGG
Pcub-MSU1_018	2327086	0	0	TTTAGGG
Pcub-MSU1_019	10000	0	0	TTTAGGG
Pcub-MSU1_019	20000	0	0	TTTAGGG
Pcub-MSU1_019	30000	0	0	TTTAGGG
Pcub-MSU1_019	40000	0	0	TTTAGGG
Pcub-MSU1_019	50000	0	0	TTTAGGG
Pcub-MSU1_019	60000	0	0	TTTAGGG
Pcub-MSU1_019	70000	0	0	TTTAGGG
Pcub-MSU1_019	80000	0	0	TTTAGGG
Pcub-MSU1_019	90000	0	0	TTTAGGG
Pcub-MSU1_019	100000	0	0	TTTAGGG
Pcub-MSU1_019	110000	0	0	TTTAGGG
Pcub-MSU1_019	120000	0	0	TTTAGGG
Pcub-MSU1_019	130000	0	0	TTTAGGG
Pcub-MSU1_019	140000	0	0	TTTAGGG
Pcub-MSU1_019	150000	0	0	TTTAGGG
Pcub-MSU1_019	160000	0	0	TTTAGGG
Pcub-MSU1_019	170000	0	0	TTTAGGG
Pcub-MSU1_019	180000	0	0	TTTAGGG
Pcub-MSU1_019	190000	0	0	TTTAGGG
Pcub-MSU1_019	200000	0	0	TTTAGGG
Pcub-MSU1_019	210000	1	0	TTTAGGG
Pcub-MSU1_019	220000	0	1	TTTAGGG
Pcub-MSU1_019	230000	0	0	TTTAGGG
Pcub-MSU1_019	240000	0	0	TTTAGGG
Pcub-MSU1_019	250000	0	0	TTTAGGG
Pcub-MSU1_019	260000	0	0	TTTAGGG
Pcub-MSU1_019	270000	0	0	TTTAGGG
Pcub-MSU1_019	280000	0	0	TTTAGGG
Pcub-MSU1_019	290000	0	0	TTTAGGG
Pcub-MSU1_019	300000	0	0	TTTAGGG
Pcub-MSU1_019	310000	0	0	TTTAGGG
Pcub-MSU1_019	320000	0	0	TTTAGGG
Pcub-MSU1_019	330000	0	0	TTTAGGG
Pcub-MSU1_019	340000	0	0	TTTAGGG
Pcub-MSU1_019	350000	0	0	TTTAGGG
Pcub-MSU1_019	360000	0	0	TTTAGGG
Pcub-MSU1_019	370000	0	0	TTTAGGG
Pcub-MSU1_019	380000	0	0	TTTAGGG
Pcub-MSU1_019	390000	0	1	TTTAGGG
Pcub-MSU1_019	400000	0	0	TTTAGGG
Pcub-MSU1_019	410000	0	0	TTTAGGG
Pcub-MSU1_019	420000	0	0	TTTAGGG
Pcub-MSU1_019	430000	0	0	TTTAGGG
Pcub-MSU1_019	440000	0	0	TTTAGGG
Pcub-MSU1_019	450000	0	0	TTTAGGG
Pcub-MSU1_019	460000	0	3	TTTAGGG
Pcub-MSU1_019	470000	0	0	TTTAGGG
Pcub-MSU1_019	480000	0	0	TTTAGGG
Pcub-MSU1_019	490000	0	1	TTTAGGG
Pcub-MSU1_019	500000	0	0	TTTAGGG
Pcub-MSU1_019	510000	0	0	TTTAGGG
Pcub-MSU1_019	520000	0	0	TTTAGGG
Pcub-MSU1_019	530000	0	0	TTTAGGG
Pcub-MSU1_019	540000	0	0	TTTAGGG
Pcub-MSU1_019	550000	0	0	TTTAGGG
Pcub-MSU1_019	560000	0	0	TTTAGGG
Pcub-MSU1_019	570000	0	0	TTTAGGG
Pcub-MSU1_019	580000	0	0	TTTAGGG
Pcub-MSU1_019	590000	0	0	TTTAGGG
Pcub-MSU1_019	600000	0	0	TTTAGGG
Pcub-MSU1_019	610000	0	0	TTTAGGG
Pcub-MSU1_019	620000	0	0	TTTAGGG
Pcub-MSU1_019	630000	0	0	TTTAGGG
Pcub-MSU1_019	640000	1	0	TTTAGGG
Pcub-MSU1_019	650000	0	0	TTTAGGG
Pcub-MSU1_019	660000	0	0	TTTAGGG
Pcub-MSU1_019	670000	0	1	TTTAGGG
Pcub-MSU1_019	680000	0	0	TTTAGGG
Pcub-MSU1_019	690000	0	0	TTTAGGG
Pcub-MSU1_019	700000	0	0	TTTAGGG
Pcub-MSU1_019	710000	0	0	TTTAGGG
Pcub-MSU1_019	720000	0	0	TTTAGGG
Pcub-MSU1_019	730000	0	0	TTTAGGG
Pcub-MSU1_019	740000	0	0	TTTAGGG
Pcub-MSU1_019	750000	0	0	TTTAGGG
Pcub-MSU1_019	760000	0	0	TTTAGGG
Pcub-MSU1_019	770000	0	1	TTTAGGG
Pcub-MSU1_019	780000	0	0	TTTAGGG
Pcub-MSU1_019	790000	0	1	TTTAGGG
Pcub-MSU1_019	800000	0	0	TTTAGGG
Pcub-MSU1_019	810000	0	0	TTTAGGG
Pcub-MSU1_019	820000	0	0	TTTAGGG
Pcub-MSU1_019	830000	0	0	TTTAGGG
Pcub-MSU1_019	840000	0	0	TTTAGGG
Pcub-MSU1_019	850000	0	0	TTTAGGG
Pcub-MSU1_019	860000	0	0	TTTAGGG
Pcub-MSU1_019	870000	0	1	TTTAGGG
Pcub-MSU1_019	880000	0	0	TTTAGGG
Pcub-MSU1_019	890000	0	0	TTTAGGG
Pcub-MSU1_019	900000	0	0	TTTAGGG
Pcub-MSU1_019	910000	0	1	TTTAGGG
Pcub-MSU1_019	920000	0	0	TTTAGGG
Pcub-MSU1_019	930000	0	0	TTTAGGG
Pcub-MSU1_019	940000	0	0	TTTAGGG
Pcub-MSU1_019	950000	0	0	TTTAGGG
Pcub-MSU1_019	960000	0	0	TTTAGGG
Pcub-MSU1_019	970000	0	0	TTTAGGG
Pcub-MSU1_019	980000	1	0	TTTAGGG
Pcub-MSU1_019	990000	0	0	TTTAGGG
Pcub-MSU1_019	1000000	0	0	TTTAGGG
Pcub-MSU1_019	1010000	1	0	TTTAGGG
Pcub-MSU1_019	1020000	0	0	TTTAGGG
Pcub-MSU1_019	1030000	0	0	TTTAGGG
Pcub-MSU1_019	1040000	0	1	TTTAGGG
Pcub-MSU1_019	1050000	0	0	TTTAGGG
Pcub-MSU1_019	1060000	0	0	TTTAGGG
Pcub-MSU1_019	1070000	0	0	TTTAGGG
Pcub-MSU1_019	1080000	1	0	TTTAGGG
Pcub-MSU1_019	1090000	0	0	TTTAGGG
Pcub-MSU1_019	1100000	0	0	TTTAGGG
Pcub-MSU1_019	1110000	0	0	TTTAGGG
Pcub-MSU1_019	1120000	0	0	TTTAGGG
Pcub-MSU1_019	1130000	1	0	TTTAGGG
Pcub-MSU1_019	1140000	0	0	TTTAGGG
Pcub-MSU1_019	1150000	0	0	TTTAGGG
Pcub-MSU1_019	1160000	0	0	TTTAGGG
Pcub-MSU1_019	1170000	0	0	TTTAGGG
Pcub-MSU1_019	1180000	0	0	TTTAGGG
Pcub-MSU1_019	1190000	0	0	TTTAGGG
Pcub-MSU1_019	1200000	0	0	TTTAGGG
Pcub-MSU1_019	1210000	0	0	TTTAGGG
Pcub-MSU1_019	1220000	1	0	TTTAGGG
Pcub-MSU1_019	1230000	0	0	TTTAGGG
Pcub-MSU1_019	1240000	0	0	TTTAGGG
Pcub-MSU1_019	1250000	0	0	TTTAGGG
Pcub-MSU1_019	1260000	0	0	TTTAGGG
Pcub-MSU1_019	1270000	0	0	TTTAGGG
Pcub-MSU1_019	1280000	0	0	TTTAGGG
Pcub-MSU1_019	1290000	0	0	TTTAGGG
Pcub-MSU1_019	1300000	0	0	TTTAGGG
Pcub-MSU1_019	1310000	0	0	TTTAGGG
Pcub-MSU1_019	1320000	0	0	TTTAGGG
Pcub-MSU1_019	1330000	0	0	TTTAGGG
Pcub-MSU1_019	1340000	0	0	TTTAGGG
Pcub-MSU1_019	1350000	0	0	TTTAGGG
Pcub-MSU1_019	1360000	0	0	TTTAGGG
Pcub-MSU1_019	1370000	0	0	TTTAGGG
Pcub-MSU1_019	1380000	0	0	TTTAGGG
Pcub-MSU1_019	1390000	0	0	TTTAGGG
Pcub-MSU1_019	1400000	0	1	TTTAGGG
Pcub-MSU1_019	1410000	1	0	TTTAGGG
Pcub-MSU1_019	1420000	0	0	TTTAGGG
Pcub-MSU1_019	1430000	0	0	TTTAGGG
Pcub-MSU1_019	1440000	0	0	TTTAGGG
Pcub-MSU1_019	1450000	0	0	TTTAGGG
Pcub-MSU1_019	1460000	0	0	TTTAGGG
Pcub-MSU1_019	1470000	0	0	TTTAGGG
Pcub-MSU1_019	1480000	0	0	TTTAGGG
Pcub-MSU1_019	1490000	0	0	TTTAGGG
Pcub-MSU1_019	1500000	0	0	TTTAGGG
Pcub-MSU1_019	1510000	0	0	TTTAGGG
Pcub-MSU1_019	1520000	0	0	TTTAGGG
Pcub-MSU1_019	1530000	0	0	TTTAGGG
Pcub-MSU1_019	1540000	0	0	TTTAGGG
Pcub-MSU1_019	1550000	0	0	TTTAGGG
Pcub-MSU1_019	1560000	0	0	TTTAGGG
Pcub-MSU1_019	1570000	0	0	TTTAGGG
Pcub-MSU1_019	1580000	0	0	TTTAGGG
Pcub-MSU1_019	1590000	0	0	TTTAGGG
Pcub-MSU1_019	1600000	0	0	TTTAGGG
Pcub-MSU1_019	1610000	0	0	TTTAGGG
Pcub-MSU1_019	1620000	0	0	TTTAGGG
Pcub-MSU1_019	1630000	0	0	TTTAGGG
Pcub-MSU1_019	1640000	0	0	TTTAGGG
Pcub-MSU1_019	1650000	0	0	TTTAGGG
Pcub-MSU1_019	1660000	0	0	TTTAGGG
Pcub-MSU1_019	1670000	0	0	TTTAGGG
Pcub-MSU1_019	1680000	0	0	TTTAGGG
Pcub-MSU1_019	1690000	0	0	TTTAGGG
Pcub-MSU1_019	1700000	0	0	TTTAGGG
Pcub-MSU1_019	1710000	0	0	TTTAGGG
Pcub-MSU1_019	1720000	0	0	TTTAGGG
Pcub-MSU1_019	1730000	0	0	TTTAGGG
Pcub-MSU1_019	1740000	0	0	TTTAGGG
Pcub-MSU1_019	1750000	0	0	TTTAGGG
Pcub-MSU1_019	1760000	0	0	TTTAGGG
Pcub-MSU1_019	1770000	0	0	TTTAGGG
Pcub-MSU1_019	1780000	0	0	TTTAGGG
Pcub-MSU1_019	1790000	0	0	TTTAGGG
Pcub-MSU1_019	1800000	0	0	TTTAGGG
Pcub-MSU1_019	1810000	0	0	TTTAGGG
Pcub-MSU1_019	1820000	0	0	TTTAGGG
Pcub-MSU1_019	1830000	1	0	TTTAGGG
Pcub-MSU1_019	1840000	0	0	TTTAGGG
Pcub-MSU1_019	1850000	0	0	TTTAGGG
Pcub-MSU1_019	1860000	0	0	TTTAGGG
Pcub-MSU1_019	1870000	0	0	TTTAGGG
Pcub-MSU1_019	1880000	0	0	TTTAGGG
Pcub-MSU1_019	1890000	0	0	TTTAGGG
Pcub-MSU1_019	1900000	0	0	TTTAGGG
Pcub-MSU1_019	1910000	1	0	TTTAGGG
Pcub-MSU1_019	1920000	0	0	TTTAGGG
Pcub-MSU1_019	1930000	0	0	TTTAGGG
Pcub-MSU1_019	1940000	0	0	TTTAGGG
Pcub-MSU1_019	1950000	0	0	TTTAGGG
Pcub-MSU1_019	1960000	1	0	TTTAGGG
Pcub-MSU1_019	1970000	1	1	TTTAGGG
Pcub-MSU1_019	1977918	48	0	TTTAGGG
Pcub-MSU1_020	10000	0	0	TTTAGGG
Pcub-MSU1_020	20000	0	0	TTTAGGG
Pcub-MSU1_020	30000	0	0	TTTAGGG
Pcub-MSU1_020	40000	0	1	TTTAGGG
Pcub-MSU1_020	50000	0	2	TTTAGGG
Pcub-MSU1_020	60000	0	0	TTTAGGG
Pcub-MSU1_020	70000	0	0	TTTAGGG
Pcub-MSU1_020	80000	0	0	TTTAGGG
Pcub-MSU1_020	90000	1	0	TTTAGGG
Pcub-MSU1_020	100000	1	0	TTTAGGG
Pcub-MSU1_020	110000	0	0	TTTAGGG
Pcub-MSU1_020	120000	1	0	TTTAGGG
Pcub-MSU1_020	130000	0	2	TTTAGGG
Pcub-MSU1_020	140000	0	0	TTTAGGG
Pcub-MSU1_020	150000	0	0	TTTAGGG
Pcub-MSU1_020	160000	1	0	TTTAGGG
Pcub-MSU1_020	170000	0	1	TTTAGGG
Pcub-MSU1_020	180000	0	0	TTTAGGG
Pcub-MSU1_020	190000	0	0	TTTAGGG
Pcub-MSU1_020	200000	0	0	TTTAGGG
Pcub-MSU1_020	210000	0	0	TTTAGGG
Pcub-MSU1_020	220000	0	0	TTTAGGG
Pcub-MSU1_020	230000	0	0	TTTAGGG
Pcub-MSU1_020	240000	0	0	TTTAGGG
Pcub-MSU1_020	250000	0	0	TTTAGGG
Pcub-MSU1_020	260000	0	0	TTTAGGG
Pcub-MSU1_020	270000	0	0	TTTAGGG
Pcub-MSU1_020	280000	0	0	TTTAGGG
Pcub-MSU1_020	290000	0	0	TTTAGGG
Pcub-MSU1_020	300000	0	0	TTTAGGG
Pcub-MSU1_020	310000	0	0	TTTAGGG
Pcub-MSU1_020	320000	0	0	TTTAGGG
Pcub-MSU1_020	330000	0	0	TTTAGGG
Pcub-MSU1_020	340000	0	0	TTTAGGG
Pcub-MSU1_020	350000	0	0	TTTAGGG
Pcub-MSU1_020	360000	0	0	TTTAGGG
Pcub-MSU1_020	370000	0	0	TTTAGGG
Pcub-MSU1_020	380000	0	0	TTTAGGG
Pcub-MSU1_020	390000	0	0	TTTAGGG
Pcub-MSU1_020	400000	0	0	TTTAGGG
Pcub-MSU1_020	410000	1	0	TTTAGGG
Pcub-MSU1_020	420000	0	0	TTTAGGG
Pcub-MSU1_020	430000	0	0	TTTAGGG
Pcub-MSU1_020	440000	0	0	TTTAGGG
Pcub-MSU1_020	450000	0	0	TTTAGGG
Pcub-MSU1_020	460000	0	0	TTTAGGG
Pcub-MSU1_020	470000	0	0	TTTAGGG
Pcub-MSU1_020	480000	0	0	TTTAGGG
Pcub-MSU1_020	490000	0	0	TTTAGGG
Pcub-MSU1_020	500000	0	0	TTTAGGG
Pcub-MSU1_020	510000	0	0	TTTAGGG
Pcub-MSU1_020	520000	1	0	TTTAGGG
Pcub-MSU1_020	530000	0	0	TTTAGGG
Pcub-MSU1_020	540000	0	0	TTTAGGG
Pcub-MSU1_020	550000	0	0	TTTAGGG
Pcub-MSU1_020	560000	1	1	TTTAGGG
Pcub-MSU1_020	570000	0	1	TTTAGGG
Pcub-MSU1_020	580000	1	0	TTTAGGG
Pcub-MSU1_020	590000	0	0	TTTAGGG
Pcub-MSU1_020	600000	0	0	TTTAGGG
Pcub-MSU1_020	610000	0	0	TTTAGGG
Pcub-MSU1_020	620000	0	0	TTTAGGG
Pcub-MSU1_020	630000	1	0	TTTAGGG
Pcub-MSU1_020	640000	0	1	TTTAGGG
Pcub-MSU1_020	650000	0	0	TTTAGGG
Pcub-MSU1_020	660000	0	0	TTTAGGG
Pcub-MSU1_020	670000	0	0	TTTAGGG
Pcub-MSU1_020	680000	0	0	TTTAGGG
Pcub-MSU1_020	690000	0	0	TTTAGGG
Pcub-MSU1_020	700000	0	0	TTTAGGG
Pcub-MSU1_020	710000	0	0	TTTAGGG
Pcub-MSU1_020	720000	0	0	TTTAGGG
Pcub-MSU1_020	730000	0	0	TTTAGGG
Pcub-MSU1_020	740000	0	0	TTTAGGG
Pcub-MSU1_020	750000	0	0	TTTAGGG
Pcub-MSU1_020	760000	0	0	TTTAGGG
Pcub-MSU1_020	770000	0	0	TTTAGGG
Pcub-MSU1_020	780000	0	0	TTTAGGG
Pcub-MSU1_020	790000	0	0	TTTAGGG
Pcub-MSU1_020	800000	0	0	TTTAGGG
Pcub-MSU1_020	810000	0	0	TTTAGGG
Pcub-MSU1_020	820000	0	0	TTTAGGG
Pcub-MSU1_020	830000	0	0	TTTAGGG
Pcub-MSU1_020	840000	0	0	TTTAGGG
Pcub-MSU1_020	850000	0	0	TTTAGGG
Pcub-MSU1_020	860000	0	0	TTTAGGG
Pcub-MSU1_020	870000	0	0	TTTAGGG
Pcub-MSU1_020	880000	0	0	TTTAGGG
Pcub-MSU1_020	890000	0	0	TTTAGGG
Pcub-MSU1_020	900000	0	0	TTTAGGG
Pcub-MSU1_020	910000	1	0	TTTAGGG
Pcub-MSU1_020	920000	0	0	TTTAGGG
Pcub-MSU1_020	930000	0	0	TTTAGGG
Pcub-MSU1_020	940000	0	1	TTTAGGG
Pcub-MSU1_020	950000	0	0	TTTAGGG
Pcub-MSU1_020	960000	0	0	TTTAGGG
Pcub-MSU1_020	970000	0	0	TTTAGGG
Pcub-MSU1_020	980000	0	0	TTTAGGG
Pcub-MSU1_020	990000	0	0	TTTAGGG
Pcub-MSU1_020	1000000	0	0	TTTAGGG
Pcub-MSU1_020	1010000	0	0	TTTAGGG
Pcub-MSU1_020	1020000	0	0	TTTAGGG
Pcub-MSU1_020	1030000	0	0	TTTAGGG
Pcub-MSU1_020	1040000	0	0	TTTAGGG
Pcub-MSU1_020	1050000	3	0	TTTAGGG
Pcub-MSU1_020	1060000	0	0	TTTAGGG
Pcub-MSU1_020	1070000	0	0	TTTAGGG
Pcub-MSU1_020	1080000	0	0	TTTAGGG
Pcub-MSU1_020	1090000	0	0	TTTAGGG
Pcub-MSU1_020	1100000	0	0	TTTAGGG
Pcub-MSU1_020	1110000	0	0	TTTAGGG
Pcub-MSU1_020	1120000	0	0	TTTAGGG
Pcub-MSU1_020	1130000	0	0	TTTAGGG
Pcub-MSU1_020	1140000	0	0	TTTAGGG
Pcub-MSU1_020	1150000	0	0	TTTAGGG
Pcub-MSU1_020	1160000	0	0	TTTAGGG
Pcub-MSU1_020	1170000	0	0	TTTAGGG
Pcub-MSU1_020	1180000	0	0	TTTAGGG
Pcub-MSU1_020	1190000	0	0	TTTAGGG
Pcub-MSU1_020	1200000	0	0	TTTAGGG
Pcub-MSU1_020	1210000	0	0	TTTAGGG
Pcub-MSU1_020	1220000	0	0	TTTAGGG
Pcub-MSU1_020	1230000	0	0	TTTAGGG
Pcub-MSU1_020	1240000	0	0	TTTAGGG
Pcub-MSU1_020	1250000	0	0	TTTAGGG
Pcub-MSU1_020	1260000	0	0	TTTAGGG
Pcub-MSU1_020	1270000	0	0	TTTAGGG
Pcub-MSU1_020	1280000	0	0	TTTAGGG
Pcub-MSU1_020	1290000	0	0	TTTAGGG
Pcub-MSU1_020	1300000	0	0	TTTAGGG
Pcub-MSU1_020	1310000	0	0	TTTAGGG
Pcub-MSU1_020	1320000	0	0	TTTAGGG
Pcub-MSU1_020	1330000	0	0	TTTAGGG
Pcub-MSU1_020	1340000	0	0	TTTAGGG
Pcub-MSU1_020	1350000	0	0	TTTAGGG
Pcub-MSU1_020	1360000	0	0	TTTAGGG
Pcub-MSU1_020	1370000	0	0	TTTAGGG
Pcub-MSU1_020	1380000	0	0	TTTAGGG
Pcub-MSU1_020	1390000	0	0	TTTAGGG
Pcub-MSU1_020	1400000	0	0	TTTAGGG
Pcub-MSU1_020	1410000	0	0	TTTAGGG
Pcub-MSU1_020	1420000	0	0	TTTAGGG
Pcub-MSU1_020	1430000	0	0	TTTAGGG
Pcub-MSU1_020	1440000	0	0	TTTAGGG
Pcub-MSU1_020	1450000	0	0	TTTAGGG
Pcub-MSU1_020	1460000	0	0	TTTAGGG
Pcub-MSU1_020	1470000	0	1	TTTAGGG
Pcub-MSU1_020	1480000	0	0	TTTAGGG
Pcub-MSU1_020	1490000	0	0	TTTAGGG
Pcub-MSU1_020	1500000	0	0	TTTAGGG
Pcub-MSU1_020	1510000	0	0	TTTAGGG
Pcub-MSU1_020	1520000	0	0	TTTAGGG
Pcub-MSU1_020	1530000	1	0	TTTAGGG
Pcub-MSU1_020	1540000	0	0	TTTAGGG
Pcub-MSU1_020	1550000	0	0	TTTAGGG
Pcub-MSU1_020	1560000	0	0	TTTAGGG
Pcub-MSU1_020	1570000	0	0	TTTAGGG
Pcub-MSU1_020	1580000	0	1	TTTAGGG
Pcub-MSU1_020	1590000	0	0	TTTAGGG
Pcub-MSU1_020	1600000	0	0	TTTAGGG
Pcub-MSU1_020	1610000	0	0	TTTAGGG
Pcub-MSU1_020	1620000	0	0	TTTAGGG
Pcub-MSU1_020	1630000	0	0	TTTAGGG
Pcub-MSU1_020	1640000	0	0	TTTAGGG
Pcub-MSU1_020	1650000	0	0	TTTAGGG
Pcub-MSU1_020	1660000	0	0	TTTAGGG
Pcub-MSU1_020	1670000	0	0	TTTAGGG
Pcub-MSU1_020	1680000	0	0	TTTAGGG
Pcub-MSU1_020	1690000	0	1	TTTAGGG
Pcub-MSU1_020	1700000	0	0	TTTAGGG
Pcub-MSU1_020	1710000	0	0	TTTAGGG
Pcub-MSU1_020	1720000	0	0	TTTAGGG
Pcub-MSU1_020	1730000	0	0	TTTAGGG
Pcub-MSU1_020	1740000	0	0	TTTAGGG
Pcub-MSU1_020	1750000	0	0	TTTAGGG
Pcub-MSU1_020	1760000	0	0	TTTAGGG
Pcub-MSU1_020	1770000	0	1	TTTAGGG
Pcub-MSU1_020	1780000	0	0	TTTAGGG
Pcub-MSU1_020	1790000	0	1	TTTAGGG
Pcub-MSU1_020	1800000	0	0	TTTAGGG
Pcub-MSU1_020	1810000	0	0	TTTAGGG
Pcub-MSU1_020	1820000	0	0	TTTAGGG
Pcub-MSU1_020	1830000	0	0	TTTAGGG
Pcub-MSU1_020	1840000	0	0	TTTAGGG
Pcub-MSU1_020	1850000	0	0	TTTAGGG
Pcub-MSU1_020	1860000	0	0	TTTAGGG
Pcub-MSU1_020	1870000	0	1	TTTAGGG
Pcub-MSU1_020	1880000	0	0	TTTAGGG
Pcub-MSU1_020	1890000	0	0	TTTAGGG
Pcub-MSU1_020	1900000	0	0	TTTAGGG
Pcub-MSU1_020	1910000	0	0	TTTAGGG
Pcub-MSU1_020	1920000	0	0	TTTAGGG
Pcub-MSU1_020	1925590	0	0	TTTAGGG
Pcub-MSU1_021	10000	0	0	TTTAGGG
Pcub-MSU1_021	20000	0	0	TTTAGGG
Pcub-MSU1_021	30000	0	0	TTTAGGG
Pcub-MSU1_021	40000	0	0	TTTAGGG
Pcub-MSU1_021	50000	0	0	TTTAGGG
Pcub-MSU1_021	60000	0	0	TTTAGGG
Pcub-MSU1_021	70000	0	0	TTTAGGG
Pcub-MSU1_021	80000	0	0	TTTAGGG
Pcub-MSU1_021	90000	0	0	TTTAGGG
Pcub-MSU1_021	100000	0	0	TTTAGGG
Pcub-MSU1_021	110000	0	0	TTTAGGG
Pcub-MSU1_021	120000	0	0	TTTAGGG
Pcub-MSU1_021	130000	0	0	TTTAGGG
Pcub-MSU1_021	140000	0	11	TTTAGGG
Pcub-MSU1_021	150000	0	6	TTTAGGG
Pcub-MSU1_021	160000	0	0	TTTAGGG
Pcub-MSU1_021	170000	0	0	TTTAGGG
Pcub-MSU1_021	180000	0	3	TTTAGGG
Pcub-MSU1_021	190000	0	13	TTTAGGG
Pcub-MSU1_021	200000	0	0	TTTAGGG
Pcub-MSU1_021	210000	0	0	TTTAGGG
Pcub-MSU1_021	220000	0	0	TTTAGGG
Pcub-MSU1_021	230000	0	0	TTTAGGG
Pcub-MSU1_021	240000	0	0	TTTAGGG
Pcub-MSU1_021	250000	0	0	TTTAGGG
Pcub-MSU1_021	260000	0	0	TTTAGGG
Pcub-MSU1_021	270000	0	0	TTTAGGG
Pcub-MSU1_021	280000	0	0	TTTAGGG
Pcub-MSU1_021	290000	0	0	TTTAGGG
Pcub-MSU1_021	300000	0	0	TTTAGGG
Pcub-MSU1_021	310000	0	0	TTTAGGG
Pcub-MSU1_021	320000	0	1	TTTAGGG
Pcub-MSU1_021	330000	0	0	TTTAGGG
Pcub-MSU1_021	340000	0	0	TTTAGGG
Pcub-MSU1_021	350000	0	0	TTTAGGG
Pcub-MSU1_021	360000	0	0	TTTAGGG
Pcub-MSU1_021	370000	0	2	TTTAGGG
Pcub-MSU1_021	380000	0	0	TTTAGGG
Pcub-MSU1_021	390000	0	0	TTTAGGG
Pcub-MSU1_021	400000	0	0	TTTAGGG
Pcub-MSU1_021	410000	0	0	TTTAGGG
Pcub-MSU1_021	420000	0	0	TTTAGGG
Pcub-MSU1_021	430000	0	0	TTTAGGG
Pcub-MSU1_021	440000	0	0	TTTAGGG
Pcub-MSU1_021	450000	0	0	TTTAGGG
Pcub-MSU1_021	460000	0	0	TTTAGGG
Pcub-MSU1_021	470000	0	0	TTTAGGG
Pcub-MSU1_021	480000	0	0	TTTAGGG
Pcub-MSU1_021	490000	0	0	TTTAGGG
Pcub-MSU1_021	500000	0	0	TTTAGGG
Pcub-MSU1_021	510000	0	0	TTTAGGG
Pcub-MSU1_021	520000	0	0	TTTAGGG
Pcub-MSU1_021	530000	0	0	TTTAGGG
Pcub-MSU1_021	540000	0	0	TTTAGGG
Pcub-MSU1_021	550000	0	0	TTTAGGG
Pcub-MSU1_021	560000	0	0	TTTAGGG
Pcub-MSU1_021	570000	0	0	TTTAGGG
Pcub-MSU1_021	580000	0	0	TTTAGGG
Pcub-MSU1_021	590000	0	0	TTTAGGG
Pcub-MSU1_021	600000	0	0	TTTAGGG
Pcub-MSU1_021	610000	0	0	TTTAGGG
Pcub-MSU1_021	620000	0	0	TTTAGGG
Pcub-MSU1_021	630000	0	0	TTTAGGG
Pcub-MSU1_021	640000	0	0	TTTAGGG
Pcub-MSU1_021	650000	0	0	TTTAGGG
Pcub-MSU1_021	660000	0	0	TTTAGGG
Pcub-MSU1_021	670000	0	0	TTTAGGG
Pcub-MSU1_021	680000	0	0	TTTAGGG
Pcub-MSU1_021	690000	0	0	TTTAGGG
Pcub-MSU1_021	700000	0	0	TTTAGGG
Pcub-MSU1_021	710000	0	0	TTTAGGG
Pcub-MSU1_021	720000	0	0	TTTAGGG
Pcub-MSU1_021	730000	0	0	TTTAGGG
Pcub-MSU1_021	740000	0	0	TTTAGGG
Pcub-MSU1_021	750000	0	0	TTTAGGG
Pcub-MSU1_021	760000	0	0	TTTAGGG
Pcub-MSU1_021	770000	0	0	TTTAGGG
Pcub-MSU1_021	780000	0	0	TTTAGGG
Pcub-MSU1_021	790000	0	0	TTTAGGG
Pcub-MSU1_021	800000	0	0	TTTAGGG
Pcub-MSU1_021	810000	0	0	TTTAGGG
Pcub-MSU1_021	820000	0	0	TTTAGGG
Pcub-MSU1_021	830000	0	0	TTTAGGG
Pcub-MSU1_021	840000	0	0	TTTAGGG
Pcub-MSU1_021	850000	0	0	TTTAGGG
Pcub-MSU1_021	860000	0	0	TTTAGGG
Pcub-MSU1_021	870000	0	0	TTTAGGG
Pcub-MSU1_021	880000	0	0	TTTAGGG
Pcub-MSU1_021	890000	0	0	TTTAGGG
Pcub-MSU1_021	900000	0	0	TTTAGGG
Pcub-MSU1_021	910000	0	3	TTTAGGG
Pcub-MSU1_021	920000	0	0	TTTAGGG
Pcub-MSU1_021	930000	0	0	TTTAGGG
Pcub-MSU1_021	940000	0	0	TTTAGGG
Pcub-MSU1_021	950000	0	0	TTTAGGG
Pcub-MSU1_021	960000	0	0	TTTAGGG
Pcub-MSU1_021	970000	0	0	TTTAGGG
Pcub-MSU1_021	980000	0	0	TTTAGGG
Pcub-MSU1_021	990000	0	0	TTTAGGG
Pcub-MSU1_021	1000000	0	0	TTTAGGG
Pcub-MSU1_021	1010000	0	0	TTTAGGG
Pcub-MSU1_021	1020000	0	0	TTTAGGG
Pcub-MSU1_021	1030000	0	0	TTTAGGG
Pcub-MSU1_021	1040000	0	0	TTTAGGG
Pcub-MSU1_021	1050000	0	0	TTTAGGG
Pcub-MSU1_021	1060000	0	0	TTTAGGG
Pcub-MSU1_021	1070000	0	0	TTTAGGG
Pcub-MSU1_021	1080000	0	0	TTTAGGG
Pcub-MSU1_021	1090000	0	0	TTTAGGG
Pcub-MSU1_021	1100000	0	0	TTTAGGG
Pcub-MSU1_021	1110000	0	0	TTTAGGG
Pcub-MSU1_021	1120000	0	0	TTTAGGG
Pcub-MSU1_021	1130000	0	0	TTTAGGG
Pcub-MSU1_021	1140000	0	0	TTTAGGG
Pcub-MSU1_021	1150000	0	0	TTTAGGG
Pcub-MSU1_021	1160000	0	0	TTTAGGG
Pcub-MSU1_021	1170000	0	0	TTTAGGG
Pcub-MSU1_021	1180000	0	0	TTTAGGG
Pcub-MSU1_021	1190000	0	0	TTTAGGG
Pcub-MSU1_021	1200000	0	0	TTTAGGG
Pcub-MSU1_021	1210000	0	0	TTTAGGG
Pcub-MSU1_021	1220000	0	0	TTTAGGG
Pcub-MSU1_021	1230000	0	0	TTTAGGG
Pcub-MSU1_021	1240000	0	0	TTTAGGG
Pcub-MSU1_021	1250000	0	0	TTTAGGG
Pcub-MSU1_021	1260000	0	0	TTTAGGG
Pcub-MSU1_021	1270000	0	0	TTTAGGG
Pcub-MSU1_021	1280000	0	0	TTTAGGG
Pcub-MSU1_021	1290000	0	0	TTTAGGG
Pcub-MSU1_021	1300000	0	0	TTTAGGG
Pcub-MSU1_021	1310000	0	0	TTTAGGG
Pcub-MSU1_021	1320000	0	0	TTTAGGG
Pcub-MSU1_021	1330000	0	0	TTTAGGG
Pcub-MSU1_021	1340000	0	0	TTTAGGG
Pcub-MSU1_021	1350000	0	0	TTTAGGG
Pcub-MSU1_021	1360000	0	0	TTTAGGG
Pcub-MSU1_021	1370000	0	0	TTTAGGG
Pcub-MSU1_021	1380000	0	0	TTTAGGG
Pcub-MSU1_021	1390000	0	0	TTTAGGG
Pcub-MSU1_021	1400000	0	0	TTTAGGG
Pcub-MSU1_021	1410000	0	0	TTTAGGG
Pcub-MSU1_021	1420000	0	0	TTTAGGG
Pcub-MSU1_021	1430000	0	0	TTTAGGG
Pcub-MSU1_021	1440000	0	0	TTTAGGG
Pcub-MSU1_021	1450000	0	0	TTTAGGG
Pcub-MSU1_021	1460000	0	0	TTTAGGG
Pcub-MSU1_021	1470000	0	0	TTTAGGG
Pcub-MSU1_021	1480000	0	0	TTTAGGG
Pcub-MSU1_021	1490000	0	0	TTTAGGG
Pcub-MSU1_021	1500000	0	0	TTTAGGG
Pcub-MSU1_021	1510000	0	0	TTTAGGG
Pcub-MSU1_021	1520000	0	0	TTTAGGG
Pcub-MSU1_021	1530000	1	0	TTTAGGG
Pcub-MSU1_021	1540000	1	0	TTTAGGG
Pcub-MSU1_021	1550000	0	0	TTTAGGG
Pcub-MSU1_021	1560000	0	0	TTTAGGG
Pcub-MSU1_021	1570000	0	0	TTTAGGG
Pcub-MSU1_021	1580000	0	0	TTTAGGG
Pcub-MSU1_021	1590000	0	0	TTTAGGG
Pcub-MSU1_021	1600000	0	0	TTTAGGG
Pcub-MSU1_021	1610000	0	0	TTTAGGG
Pcub-MSU1_021	1620000	0	0	TTTAGGG
Pcub-MSU1_021	1630000	0	0	TTTAGGG
Pcub-MSU1_021	1635711	0	0	TTTAGGG
Pcub-MSU1_022	10000	0	0	TTTAGGG
Pcub-MSU1_022	20000	0	0	TTTAGGG
Pcub-MSU1_022	30000	0	0	TTTAGGG
Pcub-MSU1_022	40000	0	0	TTTAGGG
Pcub-MSU1_022	50000	0	0	TTTAGGG
Pcub-MSU1_022	60000	0	0	TTTAGGG
Pcub-MSU1_022	70000	0	0	TTTAGGG
Pcub-MSU1_022	80000	0	0	TTTAGGG
Pcub-MSU1_022	90000	0	0	TTTAGGG
Pcub-MSU1_022	100000	0	0	TTTAGGG
Pcub-MSU1_022	110000	0	0	TTTAGGG
Pcub-MSU1_022	120000	0	0	TTTAGGG
Pcub-MSU1_022	130000	0	0	TTTAGGG
Pcub-MSU1_022	140000	0	0	TTTAGGG
Pcub-MSU1_022	150000	0	0	TTTAGGG
Pcub-MSU1_022	160000	0	0	TTTAGGG
Pcub-MSU1_022	170000	0	0	TTTAGGG
Pcub-MSU1_022	180000	0	0	TTTAGGG
Pcub-MSU1_022	190000	0	0	TTTAGGG
Pcub-MSU1_022	200000	0	0	TTTAGGG
Pcub-MSU1_022	210000	0	0	TTTAGGG
Pcub-MSU1_022	220000	0	1	TTTAGGG
Pcub-MSU1_022	230000	0	0	TTTAGGG
Pcub-MSU1_022	240000	0	0	TTTAGGG
Pcub-MSU1_022	250000	0	0	TTTAGGG
Pcub-MSU1_022	260000	0	0	TTTAGGG
Pcub-MSU1_022	270000	0	0	TTTAGGG
Pcub-MSU1_022	280000	0	0	TTTAGGG
Pcub-MSU1_022	290000	0	0	TTTAGGG
Pcub-MSU1_022	300000	0	0	TTTAGGG
Pcub-MSU1_022	310000	0	0	TTTAGGG
Pcub-MSU1_022	320000	0	0	TTTAGGG
Pcub-MSU1_022	330000	0	0	TTTAGGG
Pcub-MSU1_022	340000	0	0	TTTAGGG
Pcub-MSU1_022	350000	0	0	TTTAGGG
Pcub-MSU1_022	360000	0	0	TTTAGGG
Pcub-MSU1_022	370000	0	0	TTTAGGG
Pcub-MSU1_022	380000	0	1	TTTAGGG
Pcub-MSU1_022	390000	1	0	TTTAGGG
Pcub-MSU1_022	400000	0	0	TTTAGGG
Pcub-MSU1_022	410000	0	0	TTTAGGG
Pcub-MSU1_022	420000	1	0	TTTAGGG
Pcub-MSU1_022	430000	0	0	TTTAGGG
Pcub-MSU1_022	440000	0	0	TTTAGGG
Pcub-MSU1_022	450000	0	0	TTTAGGG
Pcub-MSU1_022	460000	0	0	TTTAGGG
Pcub-MSU1_022	470000	0	0	TTTAGGG
Pcub-MSU1_022	480000	0	0	TTTAGGG
Pcub-MSU1_022	490000	0	0	TTTAGGG
Pcub-MSU1_022	500000	1	0	TTTAGGG
Pcub-MSU1_022	510000	0	0	TTTAGGG
Pcub-MSU1_022	520000	0	0	TTTAGGG
Pcub-MSU1_022	530000	0	0	TTTAGGG
Pcub-MSU1_022	540000	0	0	TTTAGGG
Pcub-MSU1_022	550000	0	0	TTTAGGG
Pcub-MSU1_022	560000	0	0	TTTAGGG
Pcub-MSU1_022	570000	0	0	TTTAGGG
Pcub-MSU1_022	580000	0	0	TTTAGGG
Pcub-MSU1_022	590000	1	0	TTTAGGG
Pcub-MSU1_022	600000	0	0	TTTAGGG
Pcub-MSU1_022	610000	0	0	TTTAGGG
Pcub-MSU1_022	620000	1	0	TTTAGGG
Pcub-MSU1_022	630000	0	0	TTTAGGG
Pcub-MSU1_022	640000	0	0	TTTAGGG
Pcub-MSU1_022	650000	0	1	TTTAGGG
Pcub-MSU1_022	660000	0	0	TTTAGGG
Pcub-MSU1_022	670000	0	0	TTTAGGG
Pcub-MSU1_022	680000	0	0	TTTAGGG
Pcub-MSU1_022	690000	0	0	TTTAGGG
Pcub-MSU1_022	700000	0	0	TTTAGGG
Pcub-MSU1_022	710000	0	0	TTTAGGG
Pcub-MSU1_022	720000	0	0	TTTAGGG
Pcub-MSU1_022	730000	1	0	TTTAGGG
Pcub-MSU1_022	740000	0	0	TTTAGGG
Pcub-MSU1_022	750000	0	0	TTTAGGG
Pcub-MSU1_022	760000	0	0	TTTAGGG
Pcub-MSU1_022	770000	0	0	TTTAGGG
Pcub-MSU1_022	780000	0	0	TTTAGGG
Pcub-MSU1_022	790000	0	0	TTTAGGG
Pcub-MSU1_022	800000	0	0	TTTAGGG
Pcub-MSU1_022	810000	0	0	TTTAGGG
Pcub-MSU1_022	820000	1	0	TTTAGGG
Pcub-MSU1_022	830000	0	0	TTTAGGG
Pcub-MSU1_022	840000	0	0	TTTAGGG
Pcub-MSU1_022	850000	0	0	TTTAGGG
Pcub-MSU1_022	860000	0	0	TTTAGGG
Pcub-MSU1_022	870000	0	0	TTTAGGG
Pcub-MSU1_022	880000	1	0	TTTAGGG
Pcub-MSU1_022	890000	0	0	TTTAGGG
Pcub-MSU1_022	900000	0	0	TTTAGGG
Pcub-MSU1_022	910000	0	0	TTTAGGG
Pcub-MSU1_022	920000	0	0	TTTAGGG
Pcub-MSU1_022	930000	0	0	TTTAGGG
Pcub-MSU1_022	940000	0	0	TTTAGGG
Pcub-MSU1_022	950000	0	0	TTTAGGG
Pcub-MSU1_022	960000	0	0	TTTAGGG
Pcub-MSU1_022	970000	0	0	TTTAGGG
Pcub-MSU1_022	980000	0	0	TTTAGGG
Pcub-MSU1_022	990000	0	0	TTTAGGG
Pcub-MSU1_022	1000000	0	0	TTTAGGG
Pcub-MSU1_022	1010000	0	0	TTTAGGG
Pcub-MSU1_022	1020000	0	0	TTTAGGG
Pcub-MSU1_022	1030000	0	0	TTTAGGG
Pcub-MSU1_022	1040000	0	0	TTTAGGG
Pcub-MSU1_022	1050000	0	0	TTTAGGG
Pcub-MSU1_022	1060000	0	0	TTTAGGG
Pcub-MSU1_022	1070000	0	0	TTTAGGG
Pcub-MSU1_022	1080000	0	0	TTTAGGG
Pcub-MSU1_022	1090000	0	0	TTTAGGG
Pcub-MSU1_022	1100000	0	0	TTTAGGG
Pcub-MSU1_022	1110000	0	0	TTTAGGG
Pcub-MSU1_022	1120000	1	0	TTTAGGG
Pcub-MSU1_022	1130000	0	0	TTTAGGG
Pcub-MSU1_022	1140000	0	0	TTTAGGG
Pcub-MSU1_022	1150000	0	0	TTTAGGG
Pcub-MSU1_022	1160000	0	0	TTTAGGG
Pcub-MSU1_022	1170000	0	0	TTTAGGG
Pcub-MSU1_022	1180000	0	0	TTTAGGG
Pcub-MSU1_022	1190000	0	0	TTTAGGG
Pcub-MSU1_022	1200000	0	0	TTTAGGG
Pcub-MSU1_022	1210000	0	0	TTTAGGG
Pcub-MSU1_022	1220000	0	0	TTTAGGG
Pcub-MSU1_022	1230000	0	0	TTTAGGG
Pcub-MSU1_022	1240000	0	0	TTTAGGG
Pcub-MSU1_022	1250000	0	0	TTTAGGG
Pcub-MSU1_022	1260000	0	0	TTTAGGG
Pcub-MSU1_022	1270000	0	0	TTTAGGG
Pcub-MSU1_022	1280000	0	0	TTTAGGG
Pcub-MSU1_022	1290000	0	0	TTTAGGG
Pcub-MSU1_022	1300000	0	0	TTTAGGG
Pcub-MSU1_022	1310000	0	0	TTTAGGG
Pcub-MSU1_022	1320000	0	1	TTTAGGG
Pcub-MSU1_022	1330000	0	0	TTTAGGG
Pcub-MSU1_022	1340000	1	0	TTTAGGG
Pcub-MSU1_022	1350000	0	0	TTTAGGG
Pcub-MSU1_022	1360000	0	0	TTTAGGG
Pcub-MSU1_022	1370000	0	0	TTTAGGG
Pcub-MSU1_022	1380000	0	0	TTTAGGG
Pcub-MSU1_022	1390000	0	1	TTTAGGG
Pcub-MSU1_022	1400000	0	0	TTTAGGG
Pcub-MSU1_022	1410000	0	0	TTTAGGG
Pcub-MSU1_022	1420000	0	0	TTTAGGG
Pcub-MSU1_022	1430000	0	0	TTTAGGG
Pcub-MSU1_022	1440000	0	0	TTTAGGG
Pcub-MSU1_022	1450000	0	0	TTTAGGG
Pcub-MSU1_022	1460000	0	0	TTTAGGG
Pcub-MSU1_022	1470000	0	0	TTTAGGG
Pcub-MSU1_022	1480000	0	0	TTTAGGG
Pcub-MSU1_022	1490000	0	0	TTTAGGG
Pcub-MSU1_022	1500000	0	0	TTTAGGG
Pcub-MSU1_022	1510000	0	0	TTTAGGG
Pcub-MSU1_022	1520000	1	1	TTTAGGG
Pcub-MSU1_022	1530000	0	0	TTTAGGG
Pcub-MSU1_022	1540000	0	0	TTTAGGG
Pcub-MSU1_022	1550000	0	0	TTTAGGG
Pcub-MSU1_022	1552423	44	0	TTTAGGG
Pcub-MSU1_023	10000	0	1	TTTAGGG
Pcub-MSU1_023	20000	0	1	TTTAGGG
Pcub-MSU1_023	30000	0	0	TTTAGGG
Pcub-MSU1_023	40000	0	0	TTTAGGG
Pcub-MSU1_023	50000	0	0	TTTAGGG
Pcub-MSU1_023	60000	0	0	TTTAGGG
Pcub-MSU1_023	70000	0	0	TTTAGGG
Pcub-MSU1_023	80000	0	0	TTTAGGG
Pcub-MSU1_023	90000	0	0	TTTAGGG
Pcub-MSU1_023	100000	0	0	TTTAGGG
Pcub-MSU1_023	110000	0	0	TTTAGGG
Pcub-MSU1_023	120000	0	0	TTTAGGG
Pcub-MSU1_023	130000	0	0	TTTAGGG
Pcub-MSU1_023	140000	0	0	TTTAGGG
Pcub-MSU1_023	150000	0	0	TTTAGGG
Pcub-MSU1_023	160000	0	0	TTTAGGG
Pcub-MSU1_023	170000	0	0	TTTAGGG
Pcub-MSU1_023	180000	0	0	TTTAGGG
Pcub-MSU1_023	190000	0	0	TTTAGGG
Pcub-MSU1_023	200000	0	0	TTTAGGG
Pcub-MSU1_023	210000	0	0	TTTAGGG
Pcub-MSU1_023	220000	0	1	TTTAGGG
Pcub-MSU1_023	230000	0	0	TTTAGGG
Pcub-MSU1_023	240000	0	0	TTTAGGG
Pcub-MSU1_023	250000	0	0	TTTAGGG
Pcub-MSU1_023	260000	0	0	TTTAGGG
Pcub-MSU1_023	270000	0	0	TTTAGGG
Pcub-MSU1_023	280000	0	0	TTTAGGG
Pcub-MSU1_023	290000	0	0	TTTAGGG
Pcub-MSU1_023	300000	0	0	TTTAGGG
Pcub-MSU1_023	310000	0	0	TTTAGGG
Pcub-MSU1_023	320000	0	0	TTTAGGG
Pcub-MSU1_023	330000	0	0	TTTAGGG
Pcub-MSU1_023	340000	0	0	TTTAGGG
Pcub-MSU1_023	350000	0	0	TTTAGGG
Pcub-MSU1_023	360000	0	0	TTTAGGG
Pcub-MSU1_023	370000	0	0	TTTAGGG
Pcub-MSU1_023	380000	0	0	TTTAGGG
Pcub-MSU1_023	390000	0	0	TTTAGGG
Pcub-MSU1_023	400000	0	0	TTTAGGG
Pcub-MSU1_023	410000	0	0	TTTAGGG
Pcub-MSU1_023	420000	0	0	TTTAGGG
Pcub-MSU1_023	430000	0	0	TTTAGGG
Pcub-MSU1_023	440000	0	0	TTTAGGG
Pcub-MSU1_023	450000	0	0	TTTAGGG
Pcub-MSU1_023	460000	0	0	TTTAGGG
Pcub-MSU1_023	470000	0	0	TTTAGGG
Pcub-MSU1_023	480000	0	0	TTTAGGG
Pcub-MSU1_023	490000	0	0	TTTAGGG
Pcub-MSU1_023	500000	0	0	TTTAGGG
Pcub-MSU1_023	510000	0	0	TTTAGGG
Pcub-MSU1_023	520000	0	0	TTTAGGG
Pcub-MSU1_023	530000	0	0	TTTAGGG
Pcub-MSU1_023	540000	0	0	TTTAGGG
Pcub-MSU1_023	550000	0	0	TTTAGGG
Pcub-MSU1_023	560000	0	0	TTTAGGG
Pcub-MSU1_023	570000	0	0	TTTAGGG
Pcub-MSU1_023	580000	0	0	TTTAGGG
Pcub-MSU1_023	590000	0	0	TTTAGGG
Pcub-MSU1_023	600000	0	0	TTTAGGG
Pcub-MSU1_023	610000	0	0	TTTAGGG
Pcub-MSU1_023	620000	0	0	TTTAGGG
Pcub-MSU1_023	630000	0	0	TTTAGGG
Pcub-MSU1_023	640000	0	0	TTTAGGG
Pcub-MSU1_023	650000	0	0	TTTAGGG
Pcub-MSU1_023	660000	0	0	TTTAGGG
Pcub-MSU1_023	670000	0	0	TTTAGGG
Pcub-MSU1_023	680000	0	0	TTTAGGG
Pcub-MSU1_023	690000	0	0	TTTAGGG
Pcub-MSU1_023	700000	0	0	TTTAGGG
Pcub-MSU1_023	710000	0	0	TTTAGGG
Pcub-MSU1_023	720000	0	0	TTTAGGG
Pcub-MSU1_023	730000	0	0	TTTAGGG
Pcub-MSU1_023	740000	0	0	TTTAGGG
Pcub-MSU1_023	750000	0	0	TTTAGGG
Pcub-MSU1_023	760000	0	0	TTTAGGG
Pcub-MSU1_023	770000	0	0	TTTAGGG
Pcub-MSU1_023	780000	0	0	TTTAGGG
Pcub-MSU1_023	790000	0	0	TTTAGGG
Pcub-MSU1_023	800000	0	0	TTTAGGG
Pcub-MSU1_023	810000	0	0	TTTAGGG
Pcub-MSU1_023	820000	0	0	TTTAGGG
Pcub-MSU1_023	830000	0	0	TTTAGGG
Pcub-MSU1_023	840000	0	0	TTTAGGG
Pcub-MSU1_023	850000	0	0	TTTAGGG
Pcub-MSU1_023	860000	0	0	TTTAGGG
Pcub-MSU1_023	870000	0	0	TTTAGGG
Pcub-MSU1_023	880000	0	0	TTTAGGG
Pcub-MSU1_023	890000	0	0	TTTAGGG
Pcub-MSU1_023	900000	0	0	TTTAGGG
Pcub-MSU1_023	910000	0	0	TTTAGGG
Pcub-MSU1_023	920000	0	0	TTTAGGG
Pcub-MSU1_023	930000	0	0	TTTAGGG
Pcub-MSU1_023	940000	0	0	TTTAGGG
Pcub-MSU1_023	950000	0	0	TTTAGGG
Pcub-MSU1_023	960000	0	0	TTTAGGG
Pcub-MSU1_023	970000	0	0	TTTAGGG
Pcub-MSU1_023	980000	0	0	TTTAGGG
Pcub-MSU1_023	990000	0	0	TTTAGGG
Pcub-MSU1_023	1000000	0	0	TTTAGGG
Pcub-MSU1_023	1010000	0	0	TTTAGGG
Pcub-MSU1_023	1020000	0	0	TTTAGGG
Pcub-MSU1_023	1030000	1	0	TTTAGGG
Pcub-MSU1_023	1040000	0	2	TTTAGGG
Pcub-MSU1_023	1050000	0	2	TTTAGGG
Pcub-MSU1_023	1060000	0	0	TTTAGGG
Pcub-MSU1_023	1070000	0	0	TTTAGGG
Pcub-MSU1_023	1080000	0	0	TTTAGGG
Pcub-MSU1_023	1090000	0	0	TTTAGGG
Pcub-MSU1_023	1100000	0	0	TTTAGGG
Pcub-MSU1_023	1110000	0	0	TTTAGGG
Pcub-MSU1_023	1120000	0	0	TTTAGGG
Pcub-MSU1_023	1130000	0	0	TTTAGGG
Pcub-MSU1_023	1140000	0	0	TTTAGGG
Pcub-MSU1_023	1150000	0	0	TTTAGGG
Pcub-MSU1_023	1160000	0	0	TTTAGGG
Pcub-MSU1_023	1170000	0	0	TTTAGGG
Pcub-MSU1_023	1180000	0	0	TTTAGGG
Pcub-MSU1_023	1190000	0	0	TTTAGGG
Pcub-MSU1_023	1200000	0	0	TTTAGGG
Pcub-MSU1_023	1210000	0	0	TTTAGGG
Pcub-MSU1_023	1220000	0	0	TTTAGGG
Pcub-MSU1_023	1230000	0	0	TTTAGGG
Pcub-MSU1_023	1240000	0	0	TTTAGGG
Pcub-MSU1_023	1250000	0	0	TTTAGGG
Pcub-MSU1_023	1260000	0	0	TTTAGGG
Pcub-MSU1_023	1270000	0	0	TTTAGGG
Pcub-MSU1_023	1280000	0	0	TTTAGGG
Pcub-MSU1_023	1290000	0	0	TTTAGGG
Pcub-MSU1_023	1300000	0	0	TTTAGGG
Pcub-MSU1_023	1310000	0	0	TTTAGGG
Pcub-MSU1_023	1320000	0	0	TTTAGGG
Pcub-MSU1_023	1330000	0	0	TTTAGGG
Pcub-MSU1_023	1340000	0	0	TTTAGGG
Pcub-MSU1_023	1350000	0	0	TTTAGGG
Pcub-MSU1_023	1360000	0	0	TTTAGGG
Pcub-MSU1_023	1370000	0	0	TTTAGGG
Pcub-MSU1_023	1380000	0	0	TTTAGGG
Pcub-MSU1_023	1390000	0	0	TTTAGGG
Pcub-MSU1_023	1400000	0	0	TTTAGGG
Pcub-MSU1_023	1410000	0	0	TTTAGGG
Pcub-MSU1_023	1418058	0	0	TTTAGGG
Pcub-MSU1_024	10000	0	53	TTTAGGG
Pcub-MSU1_024	20000	0	1	TTTAGGG
Pcub-MSU1_024	30000	0	1	TTTAGGG
Pcub-MSU1_024	40000	0	0	TTTAGGG
Pcub-MSU1_024	50000	0	1	TTTAGGG
Pcub-MSU1_024	60000	0	0	TTTAGGG
Pcub-MSU1_024	70000	0	0	TTTAGGG
Pcub-MSU1_024	80000	0	0	TTTAGGG
Pcub-MSU1_024	90000	0	0	TTTAGGG
Pcub-MSU1_024	100000	0	0	TTTAGGG
Pcub-MSU1_024	110000	0	0	TTTAGGG
Pcub-MSU1_024	120000	0	0	TTTAGGG
Pcub-MSU1_024	130000	0	0	TTTAGGG
Pcub-MSU1_024	140000	0	1	TTTAGGG
Pcub-MSU1_024	150000	1	1	TTTAGGG
Pcub-MSU1_024	160000	1	1	TTTAGGG
Pcub-MSU1_024	170000	0	0	TTTAGGG
Pcub-MSU1_024	180000	0	0	TTTAGGG
Pcub-MSU1_024	190000	0	0	TTTAGGG
Pcub-MSU1_024	200000	0	0	TTTAGGG
Pcub-MSU1_024	210000	0	0	TTTAGGG
Pcub-MSU1_024	220000	0	0	TTTAGGG
Pcub-MSU1_024	230000	1	0	TTTAGGG
Pcub-MSU1_024	240000	0	0	TTTAGGG
Pcub-MSU1_024	250000	0	0	TTTAGGG
Pcub-MSU1_024	260000	1	0	TTTAGGG
Pcub-MSU1_024	270000	0	0	TTTAGGG
Pcub-MSU1_024	280000	0	0	TTTAGGG
Pcub-MSU1_024	290000	0	0	TTTAGGG
Pcub-MSU1_024	300000	0	0	TTTAGGG
Pcub-MSU1_024	310000	0	0	TTTAGGG
Pcub-MSU1_024	320000	0	0	TTTAGGG
Pcub-MSU1_024	330000	0	0	TTTAGGG
Pcub-MSU1_024	340000	0	0	TTTAGGG
Pcub-MSU1_024	350000	0	0	TTTAGGG
Pcub-MSU1_024	360000	0	0	TTTAGGG
Pcub-MSU1_024	370000	0	0	TTTAGGG
Pcub-MSU1_024	380000	0	0	TTTAGGG
Pcub-MSU1_024	390000	0	0	TTTAGGG
Pcub-MSU1_024	400000	0	2	TTTAGGG
Pcub-MSU1_024	410000	0	0	TTTAGGG
Pcub-MSU1_024	420000	1	0	TTTAGGG
Pcub-MSU1_024	430000	0	0	TTTAGGG
Pcub-MSU1_024	440000	0	1	TTTAGGG
Pcub-MSU1_024	450000	0	0	TTTAGGG
Pcub-MSU1_024	460000	1	0	TTTAGGG
Pcub-MSU1_024	470000	0	0	TTTAGGG
Pcub-MSU1_024	480000	0	0	TTTAGGG
Pcub-MSU1_024	490000	0	0	TTTAGGG
Pcub-MSU1_024	500000	0	0	TTTAGGG
Pcub-MSU1_024	510000	0	0	TTTAGGG
Pcub-MSU1_024	520000	0	0	TTTAGGG
Pcub-MSU1_024	530000	0	0	TTTAGGG
Pcub-MSU1_024	540000	0	0	TTTAGGG
Pcub-MSU1_024	550000	0	0	TTTAGGG
Pcub-MSU1_024	560000	0	0	TTTAGGG
Pcub-MSU1_024	570000	0	0	TTTAGGG
Pcub-MSU1_024	580000	0	0	TTTAGGG
Pcub-MSU1_024	590000	0	0	TTTAGGG
Pcub-MSU1_024	600000	0	0	TTTAGGG
Pcub-MSU1_024	610000	0	0	TTTAGGG
Pcub-MSU1_024	620000	0	0	TTTAGGG
Pcub-MSU1_024	630000	0	0	TTTAGGG
Pcub-MSU1_024	640000	0	0	TTTAGGG
Pcub-MSU1_024	650000	0	0	TTTAGGG
Pcub-MSU1_024	660000	0	0	TTTAGGG
Pcub-MSU1_024	670000	0	0	TTTAGGG
Pcub-MSU1_024	680000	0	0	TTTAGGG
Pcub-MSU1_024	690000	0	0	TTTAGGG
Pcub-MSU1_024	700000	0	0	TTTAGGG
Pcub-MSU1_024	710000	0	0	TTTAGGG
Pcub-MSU1_024	720000	0	0	TTTAGGG
Pcub-MSU1_024	730000	0	0	TTTAGGG
Pcub-MSU1_024	740000	0	0	TTTAGGG
Pcub-MSU1_024	750000	0	0	TTTAGGG
Pcub-MSU1_024	760000	0	0	TTTAGGG
Pcub-MSU1_024	770000	0	0	TTTAGGG
Pcub-MSU1_024	780000	0	0	TTTAGGG
Pcub-MSU1_024	790000	0	0	TTTAGGG
Pcub-MSU1_024	800000	0	0	TTTAGGG
Pcub-MSU1_024	810000	2	1	TTTAGGG
Pcub-MSU1_024	820000	0	0	TTTAGGG
Pcub-MSU1_024	830000	1	1	TTTAGGG
Pcub-MSU1_024	840000	0	1	TTTAGGG
Pcub-MSU1_024	850000	0	0	TTTAGGG
Pcub-MSU1_024	860000	1	0	TTTAGGG
Pcub-MSU1_024	870000	0	0	TTTAGGG
Pcub-MSU1_024	880000	0	0	TTTAGGG
Pcub-MSU1_024	890000	0	0	TTTAGGG
Pcub-MSU1_024	900000	0	0	TTTAGGG
Pcub-MSU1_024	910000	0	0	TTTAGGG
Pcub-MSU1_024	920000	0	0	TTTAGGG
Pcub-MSU1_024	930000	0	0	TTTAGGG
Pcub-MSU1_024	940000	0	0	TTTAGGG
Pcub-MSU1_024	950000	0	1	TTTAGGG
Pcub-MSU1_024	960000	0	0	TTTAGGG
Pcub-MSU1_024	970000	0	0	TTTAGGG
Pcub-MSU1_024	980000	0	0	TTTAGGG
Pcub-MSU1_024	990000	0	0	TTTAGGG
Pcub-MSU1_024	1000000	0	0	TTTAGGG
Pcub-MSU1_024	1010000	1	0	TTTAGGG
Pcub-MSU1_024	1020000	0	0	TTTAGGG
Pcub-MSU1_024	1030000	0	0	TTTAGGG
Pcub-MSU1_024	1040000	0	0	TTTAGGG
Pcub-MSU1_024	1050000	0	0	TTTAGGG
Pcub-MSU1_024	1060000	0	0	TTTAGGG
Pcub-MSU1_024	1070000	0	0	TTTAGGG
Pcub-MSU1_024	1080000	0	0	TTTAGGG
Pcub-MSU1_024	1090000	0	1	TTTAGGG
Pcub-MSU1_024	1100000	0	0	TTTAGGG
Pcub-MSU1_024	1110000	0	0	TTTAGGG
Pcub-MSU1_024	1116827	0	0	TTTAGGG
Pcub-MSU1_025	10000	0	0	TTTAGGG
Pcub-MSU1_025	20000	0	0	TTTAGGG
Pcub-MSU1_025	30000	1	0	TTTAGGG
Pcub-MSU1_025	40000	0	0	TTTAGGG
Pcub-MSU1_025	50000	0	0	TTTAGGG
Pcub-MSU1_025	60000	0	0	TTTAGGG
Pcub-MSU1_025	70000	0	0	TTTAGGG
Pcub-MSU1_025	80000	0	0	TTTAGGG
Pcub-MSU1_025	90000	0	0	TTTAGGG
Pcub-MSU1_025	100000	0	0	TTTAGGG
Pcub-MSU1_025	110000	0	0	TTTAGGG
Pcub-MSU1_025	120000	0	0	TTTAGGG
Pcub-MSU1_025	130000	0	0	TTTAGGG
Pcub-MSU1_025	140000	0	0	TTTAGGG
Pcub-MSU1_025	150000	0	0	TTTAGGG
Pcub-MSU1_025	160000	0	0	TTTAGGG
Pcub-MSU1_025	170000	0	0	TTTAGGG
Pcub-MSU1_025	180000	0	0	TTTAGGG
Pcub-MSU1_025	190000	0	0	TTTAGGG
Pcub-MSU1_025	200000	0	0	TTTAGGG
Pcub-MSU1_025	210000	0	1	TTTAGGG
Pcub-MSU1_025	220000	0	0	TTTAGGG
Pcub-MSU1_025	230000	0	0	TTTAGGG
Pcub-MSU1_025	240000	0	0	TTTAGGG
Pcub-MSU1_025	250000	0	0	TTTAGGG
Pcub-MSU1_025	260000	1	1	TTTAGGG
Pcub-MSU1_025	270000	0	0	TTTAGGG
Pcub-MSU1_025	280000	0	0	TTTAGGG
Pcub-MSU1_025	290000	0	1	TTTAGGG
Pcub-MSU1_025	300000	0	0	TTTAGGG
Pcub-MSU1_025	310000	0	0	TTTAGGG
Pcub-MSU1_025	320000	0	0	TTTAGGG
Pcub-MSU1_025	330000	0	0	TTTAGGG
Pcub-MSU1_025	340000	0	0	TTTAGGG
Pcub-MSU1_025	350000	0	0	TTTAGGG
Pcub-MSU1_025	360000	0	0	TTTAGGG
Pcub-MSU1_025	370000	0	0	TTTAGGG
Pcub-MSU1_025	380000	0	0	TTTAGGG
Pcub-MSU1_025	390000	0	0	TTTAGGG
Pcub-MSU1_025	400000	0	0	TTTAGGG
Pcub-MSU1_025	410000	2	1	TTTAGGG
Pcub-MSU1_025	420000	0	0	TTTAGGG
Pcub-MSU1_025	430000	0	0	TTTAGGG
Pcub-MSU1_025	440000	0	0	TTTAGGG
Pcub-MSU1_025	450000	0	0	TTTAGGG
Pcub-MSU1_025	460000	0	0	TTTAGGG
Pcub-MSU1_025	470000	0	0	TTTAGGG
Pcub-MSU1_025	480000	0	0	TTTAGGG
Pcub-MSU1_025	490000	0	0	TTTAGGG
Pcub-MSU1_025	500000	0	0	TTTAGGG
Pcub-MSU1_025	510000	0	0	TTTAGGG
Pcub-MSU1_025	520000	0	0	TTTAGGG
Pcub-MSU1_025	530000	0	0	TTTAGGG
Pcub-MSU1_025	540000	0	0	TTTAGGG
Pcub-MSU1_025	550000	0	0	TTTAGGG
Pcub-MSU1_025	560000	0	0	TTTAGGG
Pcub-MSU1_025	570000	0	0	TTTAGGG
Pcub-MSU1_025	580000	0	0	TTTAGGG
Pcub-MSU1_025	590000	0	0	TTTAGGG
Pcub-MSU1_025	600000	0	0	TTTAGGG
Pcub-MSU1_025	610000	0	0	TTTAGGG
Pcub-MSU1_025	620000	0	0	TTTAGGG
Pcub-MSU1_025	630000	0	0	TTTAGGG
Pcub-MSU1_025	640000	0	0	TTTAGGG
Pcub-MSU1_025	650000	1	0	TTTAGGG
Pcub-MSU1_025	660000	0	0	TTTAGGG
Pcub-MSU1_025	670000	0	0	TTTAGGG
Pcub-MSU1_025	680000	0	0	TTTAGGG
Pcub-MSU1_025	690000	0	0	TTTAGGG
Pcub-MSU1_025	700000	1	1	TTTAGGG
Pcub-MSU1_025	710000	0	0	TTTAGGG
Pcub-MSU1_025	720000	0	0	TTTAGGG
Pcub-MSU1_025	730000	0	0	TTTAGGG
Pcub-MSU1_025	740000	0	0	TTTAGGG
Pcub-MSU1_025	750000	0	0	TTTAGGG
Pcub-MSU1_025	760000	0	0	TTTAGGG
Pcub-MSU1_025	770000	0	0	TTTAGGG
Pcub-MSU1_025	780000	0	0	TTTAGGG
Pcub-MSU1_025	790000	0	0	TTTAGGG
Pcub-MSU1_025	800000	1	0	TTTAGGG
Pcub-MSU1_025	810000	0	0	TTTAGGG
Pcub-MSU1_025	820000	0	0	TTTAGGG
Pcub-MSU1_025	830000	0	0	TTTAGGG
Pcub-MSU1_025	840000	0	0	TTTAGGG
Pcub-MSU1_025	850000	0	0	TTTAGGG
Pcub-MSU1_025	860000	0	0	TTTAGGG
Pcub-MSU1_025	870000	2	1	TTTAGGG
Pcub-MSU1_025	880000	1	0	TTTAGGG
Pcub-MSU1_025	890000	0	0	TTTAGGG
Pcub-MSU1_025	900000	1	1	TTTAGGG
Pcub-MSU1_025	910000	0	0	TTTAGGG
Pcub-MSU1_025	920000	1	0	TTTAGGG
Pcub-MSU1_025	930000	0	0	TTTAGGG
Pcub-MSU1_025	940000	0	0	TTTAGGG
Pcub-MSU1_025	950000	0	0	TTTAGGG
Pcub-MSU1_025	960000	0	1	TTTAGGG
Pcub-MSU1_025	970000	0	0	TTTAGGG
Pcub-MSU1_025	980000	0	0	TTTAGGG
Pcub-MSU1_025	990000	0	0	TTTAGGG
Pcub-MSU1_025	1000000	1	0	TTTAGGG
Pcub-MSU1_025	1008183	34	0	TTTAGGG
