qseqid	sseqid	pident	length	qlen	slen	evalue	bitscore	qcovhsp	staxids	sphylums	sgenus	sspecies	stitle
Pcub-MSU1_004_001132.1	POM58885.1	70.2	487	491	518	9.73e-138	411	98.0	4796	Oomycota	Phytophthora	Phytophthora palmivora	POM58885.1 Ankyrin repeat-containing protein [Phytophthora palmivora]
Pcub-MSU1_004_001132.1	KAK1944621.1	62.8	339	491	530	1.14e-136	409	67.8	4793	Oomycota	Phytophthora	Phytophthora citrophthora	KAK1944621.1 Ankyrin-3 [Phytophthora citrophthora]
Pcub-MSU1_004_001132.1	KAG1693690.1	62.2	339	491	530	5.19e-135	404	67.8	4784	Oomycota	Phytophthora	Phytophthora capsici	KAG1693690.1 hypothetical protein DVH05_023092 [Phytophthora capsici]
Pcub-MSU1_004_001132.1	KAG2790717.1	62.2	339	491	523	3.42e-131	394	67.8	29920	Oomycota	Phytophthora	Phytophthora cactorum	KAG2790717.1 hypothetical protein Pcac1_g152 [Phytophthora cactorum]
Pcub-MSU1_004_001132.1	GMF34149.1	68.2	487	491	527	5.48e-131	394	98.0	1490495	Oomycota	Phytophthora	Phytophthora fragariaefolia	GMF34149.1 unnamed protein product [Phytophthora fragariaefolia]
Pcub-MSU1_004_001132.1	KAG6618873.1	67.8	487	491	531	3.51e-130	392	98.0	4785	Oomycota	Phytophthora	Phytophthora cinnamomi	KAG6618873.1 Ankyrin repeat-containing protein [Phytophthora cinnamomi]
Pcub-MSU1_004_001132.1	KAG6977094.1	61.7	339	491	523	1.09e-129	390	67.8	2496075	Oomycota	Phytophthora	Phytophthora aleatoria	KAG6977094.1 hypothetical protein JG688_00000715 [Phytophthora aleatoria]
Pcub-MSU1_004_001132.1	KAG3120734.1	61.7	339	491	523	4.37e-129	389	67.8	53986	Oomycota	Phytophthora	Phytophthora idaei	KAG3120734.1 hypothetical protein PI125_g906 [Phytophthora idaei]
Pcub-MSU1_004_001132.1	CAH0473965.1	67.8	491	491	527	1.58e-127	385	98.0	622444	Oomycota	Peronospora	Peronospora belbahrii	CAH0473965.1 unnamed protein product [Peronospora belbahrii]
Pcub-MSU1_004_001132.1	KAH7479821.1	59.3	339	491	510	2.11e-126	382	67.8	164328	Oomycota	Phytophthora	Phytophthora ramorum	KAH7479821.1 Ankyrin-2 [Phytophthora ramorum]
Pcub-MSU1_004_001132.1	OWZ02170.1	67.8	487	491	523	5.03e-125	379	98.0	4795	Oomycota	Phytophthora	Phytophthora megakarya	OWZ02170.1 hypothetical protein PHMEG_00026311 [Phytophthora megakarya]
Pcub-MSU1_004_001132.1	RQM13839.1	66.5	490	491	541	6.19e-125	379	98.0	542832	Oomycota	Peronospora	Peronospora effusa	RQM13839.1 hypothetical protein DD237_001998 [Peronospora effusa]
Pcub-MSU1_004_001132.1	RMX67239.1	66.5	490	491	541	8.74e-125	379	98.0	542832	Oomycota	Peronospora	Peronospora effusa	RMX67239.1 hypothetical protein DD238_001116 [Peronospora effusa]
Pcub-MSU1_004_001132.1	CAH0490546.1	66.5	490	491	541	1.24e-124	378	98.0	134698	Oomycota	Peronospora	Peronospora farinosa	CAH0490546.1 unnamed protein product [Peronospora farinosa]
Pcub-MSU1_004_001132.1	XP_008895249.1	59.0	339	491	522	6.20e-123	373	67.8	761204	Oomycota	Phytophthora	Phytophthora nicotianae	XP_008895249.1 hypothetical protein PPTG_04723 [Phytophthora nicotianae INRA-310]
Pcub-MSU1_004_001132.1	ETM38651.1	59.0	339	491	522	8.77e-123	373	67.8	4792	Oomycota	Phytophthora	Phytophthora nicotianae	ETM38651.1 hypothetical protein L914_15096 [Phytophthora nicotianae]
Pcub-MSU1_004_001132.1	KAG7401989.1	65.4	489	491	523	7.21e-122	370	98.0	109152	Oomycota	Phytophthora	Phytophthora boehmeriae	KAG7401989.1 hypothetical protein PHYBOEH_008510 [Phytophthora boehmeriae]
Pcub-MSU1_004_001132.1	ETI38622.1	58.4	339	491	522	3.94e-121	369	67.8	1317065	Oomycota	Phytophthora	Phytophthora nicotianae	ETI38622.1 hypothetical protein F443_15699 [Phytophthora nicotianae P1569]
Pcub-MSU1_004_001132.1	ETL85496.1	58.1	339	491	522	1.57e-120	367	67.8	4792	Oomycota	Phytophthora	Phytophthora nicotianae	ETL85496.1 hypothetical protein L917_14961 [Phytophthora nicotianae]
Pcub-MSU1_004_001132.1	ETP36555.1	58.1	339	491	522	2.22e-120	367	67.8	1317064	Oomycota	Phytophthora	Phytophthora nicotianae	ETP36555.1 hypothetical protein F442_15534 [Phytophthora nicotianae P10297]
Pcub-MSU1_004_001132.1	ETK78821.1	58.1	339	491	522	4.43e-120	366	67.8	4792;1317063	Oomycota	Phytophthora	Phytophthora nicotianae	ETK78821.1 hypothetical protein L915_15239 [Phytophthora nicotianae]
Pcub-MSU1_004_001132.1	ETO67377.1	58.1	339	491	522	6.27e-120	365	67.8	1317066	Oomycota	Phytophthora	Phytophthora nicotianae	ETO67377.1 hypothetical protein F444_15677 [Phytophthora nicotianae P1976]
Pcub-MSU1_004_001132.1	KUF89474.1	57.8	339	491	522	7.05e-119	363	67.8	4792	Oomycota	Phytophthora	Phytophthora nicotianae	KUF89474.1 hypothetical protein AM588_10005040 [Phytophthora nicotianae]
Pcub-MSU1_004_001132.1	CAH0520593.1	71.4	447	491	491	3.07e-118	360	89.4	622444	Oomycota	Peronospora	Peronospora belbahrii	CAH0520593.1 unnamed protein product [Peronospora belbahrii]
Pcub-MSU1_004_001132.1	KAE8883351.1	65.1	487	491	489	1.30e-116	356	98.0	53985	Oomycota	Phytophthora	Phytophthora fragariae	KAE8883351.1 hypothetical protein PF003_g32514 [Phytophthora fragariae]
Pcub-MSU1_004_000028.1	KAK1944615.1	46.1	141	533	953	9.46e-21	101	18.0	4793	Oomycota	Phytophthora	Phytophthora citrophthora	KAK1944615.1 Cilia- and flagella-associated protein 52 [Phytophthora citrophthora]
Pcub-MSU1_004_000028.1	XP_009538857.1	45.0	140	533	657	2.13e-20	100	18.0	67593	Oomycota	Phytophthora	Phytophthora sojae	XP_009538857.1 hypothetical protein PHYSODRAFT_532549 [Phytophthora sojae]
Pcub-MSU1_004_000028.1	KAE9357244.1	44.3	140	533	657	6.65e-20	98.6	18.0	129364	Oomycota	Phytophthora	Phytophthora rubi	KAE9357244.1 hypothetical protein PR003_g1893 [Phytophthora rubi]
Pcub-MSU1_004_000028.1	KAE9362448.1	44.3	140	533	657	6.65e-20	98.6	18.0	53985	Oomycota	Phytophthora	Phytophthora fragariae	KAE9362448.1 hypothetical protein PF008_g60 [Phytophthora fragariae]
Pcub-MSU1_004_000028.1	KAE8950374.1	44.3	140	533	657	6.65e-20	98.6	18.0	53985	Oomycota	Phytophthora	Phytophthora fragariae	KAE8950374.1 hypothetical protein PF009_g74 [Phytophthora fragariae]
Pcub-MSU1_004_000028.1	KAG2791016.1	42.9	140	533	656	8.82e-20	98.2	18.0	29920	Oomycota	Phytophthora	Phytophthora cactorum	KAG2791016.1 hypothetical protein Pcac1_g143 [Phytophthora cactorum]
Pcub-MSU1_004_000028.1	KAG1693698.1	42.9	140	533	657	8.84e-20	98.2	18.0	4784	Oomycota	Phytophthora	Phytophthora capsici	KAG1693698.1 hypothetical protein DVH05_023099 [Phytophthora capsici]
Pcub-MSU1_004_000028.1	KAE8883446.1	44.3	140	533	949	9.13e-20	98.6	18.0	53985	Oomycota	Phytophthora	Phytophthora fragariae	KAE8883446.1 hypothetical protein PF003_g32521 [Phytophthora fragariae]
Pcub-MSU1_004_000028.1	KAE9046264.1	44.3	140	533	956	9.17e-20	98.6	18.0	129364	Oomycota	Phytophthora	Phytophthora rubi	KAE9046264.1 hypothetical protein PR002_g1755 [Phytophthora rubi]
Pcub-MSU1_004_000028.1	KAE9140849.1	44.3	140	533	956	9.17e-20	98.6	18.0	53985	Oomycota	Phytophthora	Phytophthora fragariae	KAE9140849.1 hypothetical protein PF010_g58 [Phytophthora fragariae]
Pcub-MSU1_004_000028.1	KAG3120702.1	44.2	138	533	654	1.17e-19	97.8	18.0	53986	Oomycota	Phytophthora	Phytophthora idaei	KAG3120702.1 hypothetical protein PI125_g915 [Phytophthora idaei]
Pcub-MSU1_004_000028.1	KAH7479814.1	45.4	130	533	647	1.53e-19	97.4	18.0	164328	Oomycota	Phytophthora	Phytophthora ramorum	KAH7479814.1 Cilia- and flagella-associated protein 52 [Phytophthora ramorum]
Pcub-MSU1_004_000028.1	GMF34158.1	42.9	140	533	837	2.61e-19	97.1	18.0	1490495	Oomycota	Phytophthora	Phytophthora fragariaefolia	GMF34158.1 unnamed protein product [Phytophthora fragariaefolia]
Pcub-MSU1_004_000028.1	XP_002905542.1	45.7	140	533	657	1.14e-18	94.7	18.0	4787;403677	Oomycota	Phytophthora	Phytophthora infestans	XP_002905542.1 cleavage induced conserved hypothetical protein [Phytophthora infestans T30-4]
Pcub-MSU1_004_000028.1	KAF1793231.1	41.4	140	533	2107	1.16e-18	95.5	18.0	29920	Oomycota	Phytophthora	Phytophthora cactorum	KAF1793231.1 WD40 repeat, conserved site [Phytophthora cactorum]
Pcub-MSU1_004_000028.1	GMF12022.1	40.7	140	533	656	3.55e-18	93.2	18.0	2077276	Oomycota	Phytophthora	Phytophthora lilii	GMF12022.1 unnamed protein product [Phytophthora lilii]
Pcub-MSU1_004_000028.1	KAF1788334.1	72.1	61	533	500	7.20e-18	91.7	11.3	29920	Oomycota	Phytophthora	Phytophthora cactorum	KAF1788334.1 G-protein beta WD-40 repeat [Phytophthora cactorum]
Pcub-MSU1_004_000028.1	ETI38632.1	43.6	140	533	656	1.10e-17	91.7	18.0	1317064;1317065	Oomycota	Phytophthora	Phytophthora nicotianae	ETI38632.1 hypothetical protein F443_15707 [Phytophthora nicotianae P1569]
Pcub-MSU1_004_000028.1	ETM38661.1	43.6	140	533	656	1.10e-17	91.7	18.0	4792	Oomycota	Phytophthora	Phytophthora nicotianae	ETM38661.1 hypothetical protein L914_15104 [Phytophthora nicotianae]
Pcub-MSU1_004_000028.1	ETK78832.1	43.6	140	533	656	1.10e-17	91.7	18.0	4792;1317063	Oomycota	Phytophthora	Phytophthora nicotianae	ETK78832.1 hypothetical protein L915_15248 [Phytophthora nicotianae]
Pcub-MSU1_004_000028.1	KUF97973.1	42.9	140	533	656	4.54e-17	89.7	18.0	4792	Oomycota	Phytophthora	Phytophthora nicotianae	KUF97973.1 Clathrin heavy chain [Phytophthora nicotianae]
Pcub-MSU1_004_000028.1	KUF80240.1	42.9	140	533	950	6.01e-17	89.7	18.0	4792	Oomycota	Phytophthora	Phytophthora nicotianae	KUF80240.1 WD repeat-containing protein 16 [Phytophthora nicotianae]
Pcub-MSU1_004_000028.1	XP_008895259.1	42.9	140	533	656	6.02e-17	89.4	18.0	761204	Oomycota	Phytophthora	Phytophthora nicotianae	XP_008895259.1 hypothetical protein PPTG_04731 [Phytophthora nicotianae INRA-310]
Pcub-MSU1_004_000028.1	ETO67387.1	42.9	140	533	656	1.06e-16	88.6	18.0	1317066	Oomycota	Phytophthora	Phytophthora nicotianae	ETO67387.1 hypothetical protein F444_15685 [Phytophthora nicotianae P1976]
Pcub-MSU1_004_000028.1	RLN32275.1	46.5	101	533	889	1.19e-14	82.4	12.8	2483409	Oomycota	Nothophytophthora	Nothophytophthora sp. Chile5	RLN32275.1 hypothetical protein BBJ28_00012065, partial [Nothophytophthora sp. Chile5]
Pcub-MSU1_004_000030.1	KAG4220899.1	26.4	159	299	259	4.09e-05	49.3	52.8	29920	Oomycota	Phytophthora	Phytophthora cactorum	KAG4220899.1 hypothetical protein PC116_g30622 [Phytophthora cactorum]
Pcub-MSU1_004_001131.1	KAG4220899.1	25.8	159	299	259	2.38e-04	47.0	52.8	29920	Oomycota	Phytophthora	Phytophthora cactorum	KAG4220899.1 hypothetical protein PC116_g30622 [Phytophthora cactorum]
Pcub-MSU1_004_001128.1	RLN51069.1	25.9	293	292	327	3.91e-04	46.6	96.2	325452	Oomycota	Phytophthora	Phytophthora kernoviae	RLN51069.1 hypothetical protein BBP00_00009975 [Phytophthora kernoviae]
Pcub-MSU1_004_001128.1	KAG1690465.1	25.9	259	292	299	4.82e-04	46.2	86.3	4784	Oomycota	Phytophthora	Phytophthora capsici	KAG1690465.1 hypothetical protein DVH05_028140 [Phytophthora capsici]
Pcub-MSU1_004_001126.1	XP_009538857.1	76.1	234	313	657	5.77e-118	358	71.2	67593	Oomycota	Phytophthora	Phytophthora sojae	XP_009538857.1 hypothetical protein PHYSODRAFT_532549 [Phytophthora sojae]
Pcub-MSU1_004_001126.1	KAG3120702.1	75.4	232	313	654	4.22e-117	355	71.2	53986	Oomycota	Phytophthora	Phytophthora idaei	KAG3120702.1 hypothetical protein PI125_g915 [Phytophthora idaei]
Pcub-MSU1_004_001126.1	KAE9357244.1	75.2	234	313	657	9.13e-117	355	71.2	129364	Oomycota	Phytophthora	Phytophthora rubi	KAE9357244.1 hypothetical protein PR003_g1893 [Phytophthora rubi]
Pcub-MSU1_004_001126.1	KAE9362448.1	75.2	234	313	657	9.13e-117	355	71.2	53985	Oomycota	Phytophthora	Phytophthora fragariae	KAE9362448.1 hypothetical protein PF008_g60 [Phytophthora fragariae]
Pcub-MSU1_004_001126.1	KAE8950374.1	75.2	234	313	657	9.13e-117	355	71.2	53985	Oomycota	Phytophthora	Phytophthora fragariae	KAE8950374.1 hypothetical protein PF009_g74 [Phytophthora fragariae]
Pcub-MSU1_004_001126.1	KAG2791016.1	73.9	234	313	656	1.25e-116	354	71.2	29920	Oomycota	Phytophthora	Phytophthora cactorum	KAG2791016.1 hypothetical protein Pcac1_g143 [Phytophthora cactorum]
Pcub-MSU1_004_001126.1	GMF34158.1	74.6	236	313	837	1.33e-116	359	71.9	1490495	Oomycota	Phytophthora	Phytophthora fragariaefolia	GMF34158.1 unnamed protein product [Phytophthora fragariaefolia]
Pcub-MSU1_004_001126.1	GMF12022.1	73.9	234	313	656	7.04e-116	352	71.2	2077276	Oomycota	Phytophthora	Phytophthora lilii	GMF12022.1 unnamed protein product [Phytophthora lilii]
Pcub-MSU1_004_001126.1	KAG1693698.1	73.5	234	313	657	1.44e-115	352	71.2	4784	Oomycota	Phytophthora	Phytophthora capsici	KAG1693698.1 hypothetical protein DVH05_023099 [Phytophthora capsici]
Pcub-MSU1_004_001126.1	KAH7479814.1	76.2	223	313	647	4.38e-115	350	70.9	164328	Oomycota	Phytophthora	Phytophthora ramorum	KAH7479814.1 Cilia- and flagella-associated protein 52 [Phytophthora ramorum]
Pcub-MSU1_004_001126.1	XP_002905542.1	74.8	234	313	657	5.73e-115	350	71.2	4787;403677	Oomycota	Phytophthora	Phytophthora infestans	XP_002905542.1 cleavage induced conserved hypothetical protein [Phytophthora infestans T30-4]
Pcub-MSU1_004_001126.1	KAE8883446.1	74.0	242	313	949	2.28e-114	356	73.8	53985	Oomycota	Phytophthora	Phytophthora fragariae	KAE8883446.1 hypothetical protein PF003_g32521 [Phytophthora fragariae]
Pcub-MSU1_004_001126.1	KAE9046264.1	74.0	242	313	956	2.62e-114	356	73.8	129364	Oomycota	Phytophthora	Phytophthora rubi	KAE9046264.1 hypothetical protein PR002_g1755 [Phytophthora rubi]
Pcub-MSU1_004_001126.1	KAE9140849.1	74.0	242	313	956	2.62e-114	356	73.8	53985	Oomycota	Phytophthora	Phytophthora fragariae	KAE9140849.1 hypothetical protein PF010_g58 [Phytophthora fragariae]
Pcub-MSU1_004_001126.1	KAK1944615.1	74.3	237	313	953	2.65e-113	353	71.9	4793	Oomycota	Phytophthora	Phytophthora citrophthora	KAK1944615.1 Cilia- and flagella-associated protein 52 [Phytophthora citrophthora]
Pcub-MSU1_004_001126.1	ETI38632.1	74.4	234	313	656	1.39e-112	344	71.2	1317064;1317065	Oomycota	Phytophthora	Phytophthora nicotianae	ETI38632.1 hypothetical protein F443_15707 [Phytophthora nicotianae P1569]
Pcub-MSU1_004_001126.1	ETM38661.1	74.4	234	313	656	1.39e-112	344	71.2	4792	Oomycota	Phytophthora	Phytophthora nicotianae	ETM38661.1 hypothetical protein L914_15104 [Phytophthora nicotianae]
Pcub-MSU1_004_001126.1	ETK78832.1	74.4	234	313	656	1.39e-112	344	71.2	4792;1317063	Oomycota	Phytophthora	Phytophthora nicotianae	ETK78832.1 hypothetical protein L915_15248 [Phytophthora nicotianae]
Pcub-MSU1_004_001126.1	KUF97973.1	73.9	234	313	656	7.79e-112	342	71.2	4792	Oomycota	Phytophthora	Phytophthora nicotianae	KUF97973.1 Clathrin heavy chain [Phytophthora nicotianae]
Pcub-MSU1_004_001126.1	XP_008895259.1	73.9	234	313	656	1.10e-111	342	71.2	761204	Oomycota	Phytophthora	Phytophthora nicotianae	XP_008895259.1 hypothetical protein PPTG_04731 [Phytophthora nicotianae INRA-310]
Pcub-MSU1_004_001126.1	ETO67387.1	73.9	234	313	656	2.19e-111	341	71.2	1317066	Oomycota	Phytophthora	Phytophthora nicotianae	ETO67387.1 hypothetical protein F444_15685 [Phytophthora nicotianae P1976]
Pcub-MSU1_004_001126.1	KAF1793231.1	63.0	284	313	2107	4.22e-109	353	87.2	29920	Oomycota	Phytophthora	Phytophthora cactorum	KAF1793231.1 WD40 repeat, conserved site [Phytophthora cactorum]
Pcub-MSU1_004_001126.1	KUF80240.1	73.9	234	313	950	6.39e-109	342	71.2	4792	Oomycota	Phytophthora	Phytophthora nicotianae	KUF80240.1 WD repeat-containing protein 16 [Phytophthora nicotianae]
Pcub-MSU1_004_001126.1	RLN32275.1	67.3	254	313	889	1.11e-107	337	77.0	2483409	Oomycota	Nothophytophthora	Nothophytophthora sp. Chile5	RLN32275.1 hypothetical protein BBJ28_00012065, partial [Nothophytophthora sp. Chile5]
Pcub-MSU1_004_001126.1	RLN91111.1	84.6	188	313	712	9.77e-107	330	60.1	2483409	Oomycota	Nothophytophthora	Nothophytophthora sp. Chile5	RLN91111.1 hypothetical protein BBJ28_00011668, partial [Nothophytophthora sp. Chile5]
Pcub-MSU1_004_001125.1	XP_009538855.1	65.1	1740	1705	1686	0.0	1829	100	67593	Oomycota	Phytophthora	Phytophthora sojae	XP_009538855.1 hypothetical protein PHYSODRAFT_320063 [Phytophthora sojae]
Pcub-MSU1_004_001125.1	KAG6974455.1	63.8	1708	1705	1696	0.0	1782	99.4	29920	Oomycota	Phytophthora	Phytophthora cactorum	KAG6974455.1 hypothetical protein JG687_00000307 [Phytophthora cactorum]
Pcub-MSU1_004_001125.1	KAG4064182.1	63.4	1718	1705	1661	0.0	1781	100	29920	Oomycota	Phytophthora	Phytophthora cactorum	KAG4064182.1 hypothetical protein PC123_g1063 [Phytophthora cactorum]
Pcub-MSU1_004_001125.1	KAG6977070.1	63.4	1707	1705	1708	0.0	1779	99.4	2496075	Oomycota	Phytophthora	Phytophthora aleatoria	KAG6977070.1 hypothetical protein JG688_00000721 [Phytophthora aleatoria]
Pcub-MSU1_004_001125.1	KAG2791011.1	63.3	1718	1705	1661	0.0	1776	100	29920	Oomycota	Phytophthora	Phytophthora cactorum	KAG2791011.1 hypothetical protein Pcac1_g146 [Phytophthora cactorum]
Pcub-MSU1_004_001125.1	KAG2955408.1	63.3	1718	1705	1661	0.0	1774	100	29920	Oomycota	Phytophthora	Phytophthora cactorum	KAG2955408.1 hypothetical protein PC117_g481 [Phytophthora cactorum]
Pcub-MSU1_004_001125.1	KAG3206392.1	63.3	1718	1705	1661	0.0	1774	100	29920	Oomycota	Phytophthora	Phytophthora cactorum	KAG3206392.1 hypothetical protein PC128_g803 [Phytophthora cactorum]
Pcub-MSU1_004_001125.1	KAG3035316.1	63.2	1718	1705	1661	0.0	1772	100	29920	Oomycota	Phytophthora	Phytophthora cactorum	KAG3035316.1 hypothetical protein PC120_g905 [Phytophthora cactorum]
Pcub-MSU1_004_001125.1	KAG3120697.1	63.0	1718	1705	1660	0.0	1771	100	53986	Oomycota	Phytophthora	Phytophthora idaei	KAG3120697.1 hypothetical protein PI125_g912 [Phytophthora idaei]
Pcub-MSU1_004_001125.1	KAE9046265.1	64.8	1720	1705	1680	0.0	1754	100	129364	Oomycota	Phytophthora	Phytophthora rubi	KAE9046265.1 hypothetical protein PR002_g1754 [Phytophthora rubi]
Pcub-MSU1_004_001125.1	KAE9031453.1	64.7	1720	1705	1680	0.0	1749	100	53985	Oomycota	Phytophthora	Phytophthora fragariae	KAE9031453.1 hypothetical protein PF011_g67 [Phytophthora fragariae]
Pcub-MSU1_004_001125.1	KAE8883447.1	64.7	1720	1705	1680	0.0	1747	100	53985	Oomycota	Phytophthora	Phytophthora fragariae	KAE8883447.1 hypothetical protein PF003_g32520 [Phytophthora fragariae]
Pcub-MSU1_004_001125.1	CAI5732132.1	63.1	1689	1705	1687	0.0	1740	96.8	134698	Oomycota	Peronospora	Peronospora farinosa	CAI5732132.1 unnamed protein product [Peronospora farinosa]
Pcub-MSU1_004_001125.1	KAE9362472.1	64.0	1736	1705	1699	0.0	1731	100	53985	Oomycota	Phytophthora	Phytophthora fragariae	KAE9362472.1 hypothetical protein PF008_g58 [Phytophthora fragariae]
Pcub-MSU1_004_001125.1	CAH0520597.1	61.7	1727	1705	1690	0.0	1725	99.9	622444	Oomycota	Peronospora	Peronospora belbahrii	CAH0520597.1 unnamed protein product [Peronospora belbahrii]
Pcub-MSU1_004_001125.1	CAI5712028.1	60.9	1743	1705	1687	0.0	1716	99.9	86335	Oomycota	Peronospora	Peronospora destructor	CAI5712028.1 unnamed protein product [Peronospora destructor]
Pcub-MSU1_004_001125.1	CAH0473961.1	60.7	1725	1705	1663	0.0	1712	99.9	622444	Oomycota	Peronospora	Peronospora belbahrii	CAH0473961.1 unnamed protein product [Peronospora belbahrii]
Pcub-MSU1_004_001125.1	CAI5711307.1	62.6	1689	1705	1685	0.0	1700	96.8	542832	Oomycota	Peronospora	Peronospora effusa	CAI5711307.1 unnamed protein product [Peronospora effusa]
Pcub-MSU1_004_001125.1	ETP36561.1	63.2	1729	1705	1643	0.0	1691	100	1317064	Oomycota	Phytophthora	Phytophthora nicotianae	ETP36561.1 hypothetical protein F442_15540 [Phytophthora nicotianae P10297]
Pcub-MSU1_004_001125.1	KAG1693695.1	64.3	1719	1705	1656	0.0	1679	100	4784	Oomycota	Phytophthora	Phytophthora capsici	KAG1693695.1 hypothetical protein DVH05_023097 [Phytophthora capsici]
Pcub-MSU1_004_001125.1	OWZ13955.1	62.9	1726	1705	1663	0.0	1675	100	4795	Oomycota	Phytophthora	Phytophthora megakarya	OWZ13955.1 hypothetical protein PHMEG_00012635 [Phytophthora megakarya]
Pcub-MSU1_004_001125.1	ETO67383.1	62.9	1714	1705	1643	0.0	1670	100	1317066	Oomycota	Phytophthora	Phytophthora nicotianae	ETO67383.1 hypothetical protein F444_15683 [Phytophthora nicotianae P1976]
Pcub-MSU1_004_001125.1	ETP08536.1	62.8	1714	1705	1643	0.0	1669	100	1317063	Oomycota	Phytophthora	Phytophthora nicotianae	ETP08536.1 hypothetical protein F441_15524 [Phytophthora nicotianae CJ01A1]
Pcub-MSU1_004_001125.1	ETI38628.1	62.8	1714	1705	1643	0.0	1668	100	1317065	Oomycota	Phytophthora	Phytophthora nicotianae	ETI38628.1 hypothetical protein F443_15705 [Phytophthora nicotianae P1569]
Pcub-MSU1_004_001125.1	ETM38657.1	62.8	1714	1705	1643	0.0	1667	100	4792	Oomycota	Phytophthora	Phytophthora nicotianae	ETM38657.1 hypothetical protein L914_15102 [Phytophthora nicotianae]
Pcub-MSU1_004_000038.1	KAG6618596.1	97.1	205	206	205	4.90e-133	375	99.5	4785	Oomycota	Phytophthora	Phytophthora cinnamomi	KAG6618596.1 60S ribosomal protein L13 [Phytophthora cinnamomi]
Pcub-MSU1_004_000038.1	KAG6618595.1	97.1	205	206	211	6.06e-133	375	99.5	4785	Oomycota	Phytophthora	Phytophthora cinnamomi	KAG6618595.1 60S ribosomal protein L13 [Phytophthora cinnamomi]
Pcub-MSU1_004_000038.1	XP_009538854.1	97.1	205	206	205	9.88e-133	375	99.5	67593	Oomycota	Phytophthora	Phytophthora sojae	XP_009538854.1 hypothetical protein PHYSODRAFT_356191 [Phytophthora sojae]
Pcub-MSU1_004_000038.1	CAI5743812.1	95.6	206	206	206	2.07e-132	374	100	86335	Oomycota	Peronospora	Peronospora destructor	CAI5743812.1 unnamed protein product [Peronospora destructor]
Pcub-MSU1_004_000038.1	CAH0490553.1	95.6	206	206	206	2.94e-132	374	100	134698	Oomycota	Peronospora	Peronospora farinosa	CAH0490553.1 unnamed protein product [Peronospora farinosa]
Pcub-MSU1_004_000038.1	KAK1944617.1	96.1	206	206	206	1.70e-131	372	100	4793	Oomycota	Phytophthora	Phytophthora citrophthora	KAK1944617.1 60S ribosomal protein L13-1 [Phytophthora citrophthora]
Pcub-MSU1_004_000038.1	GMF34154.1	95.6	205	206	205	2.33e-131	371	99.5	1490495	Oomycota	Phytophthora	Phytophthora fragariaefolia	GMF34154.1 unnamed protein product [Phytophthora fragariaefolia]
Pcub-MSU1_004_000038.1	CAI5711302.1	95.1	206	206	206	2.41e-131	371	100	542832	Oomycota	Peronospora	Peronospora effusa	CAI5711302.1 unnamed protein product [Peronospora effusa]
Pcub-MSU1_004_000038.1	KAE9141738.1	96.6	205	206	235	3.34e-131	372	99.5	53985	Oomycota	Phytophthora	Phytophthora fragariae	KAE9141738.1 hypothetical protein PF007_g14 [Phytophthora fragariae]
Pcub-MSU1_004_000038.1	KAG1693694.1	96.1	206	206	206	3.42e-131	371	100	4784	Oomycota	Phytophthora	Phytophthora capsici	KAG1693694.1 hypothetical protein DVH05_023096 [Phytophthora capsici]
Pcub-MSU1_004_000038.1	KAE9031447.1	96.6	205	206	237	3.59e-131	372	99.5	53985	Oomycota	Phytophthora	Phytophthora fragariae	KAE9031447.1 hypothetical protein PF011_g68 [Phytophthora fragariae]
Pcub-MSU1_004_000038.1	KAE8883350.1	96.6	205	206	237	3.59e-131	372	99.5	53985	Oomycota	Phytophthora	Phytophthora fragariae	KAE8883350.1 hypothetical protein PF003_g32519 [Phytophthora fragariae]
Pcub-MSU1_004_000038.1	KAI9994887.1	96.1	205	206	205	6.67e-131	370	99.5	4787	Oomycota	Phytophthora	Phytophthora infestans	KAI9994887.1 hypothetical protein PInf_011727 [Phytophthora infestans]
Pcub-MSU1_004_000038.1	KAE9051193.1	95.6	205	206	205	1.91e-130	369	99.5	129364	Oomycota	Phytophthora	Phytophthora rubi	KAE9051193.1 hypothetical protein PR001_g1671 [Phytophthora rubi]
Pcub-MSU1_004_000038.1	XP_002905546.1	95.6	205	206	205	1.91e-130	369	99.5	4787;403677	Oomycota	Phytophthora	Phytophthora infestans	XP_002905546.1 60S ribosomal protein L13, putative [Phytophthora infestans T30-4]
Pcub-MSU1_004_000038.1	KAF1793250.1	95.1	205	206	205	3.86e-130	368	99.5	29920;53986;2496075	Oomycota	Phytophthora	Phytophthora cactorum;Phytophthora idaei;Phytophthora aleatoria	KAF1793250.1 Ribosomal protein L13e, conserved site [Phytophthora cactorum]
Pcub-MSU1_004_000038.1	GMF12020.1	96.6	206	206	206	4.00e-130	368	99.5	2077276	Oomycota	Phytophthora	Phytophthora lilii	GMF12020.1 unnamed protein product [Phytophthora lilii]
Pcub-MSU1_004_000038.1	XP_008895254.1	95.1	205	206	205	5.48e-130	368	99.5	4792;761204;1317063;1317064;1317065;1317066	Oomycota	Phytophthora	Phytophthora nicotianae	XP_008895254.1 hypothetical protein PPTG_04728 [Phytophthora nicotianae INRA-310]
Pcub-MSU1_004_000038.1	CAI5742278.1	94.7	206	206	206	5.68e-130	368	100	162125	Oomycota	Hyaloperonospora	Hyaloperonospora brassicae	CAI5742278.1 unnamed protein product [Hyaloperonospora brassicae]
Pcub-MSU1_004_000038.1	KAE9046262.1	95.6	205	206	237	5.94e-130	369	99.5	129364	Oomycota	Phytophthora	Phytophthora rubi	KAE9046262.1 hypothetical protein PR002_g1753 [Phytophthora rubi]
Pcub-MSU1_004_000038.1	KAI9907118.1	94.7	206	206	205	1.11e-129	367	100	230839	Oomycota	Peronosclerospora	Peronosclerospora sorghi	KAI9907118.1 hypothetical protein PsorP6_003510 [Peronosclerospora sorghi]
Pcub-MSU1_004_000038.1	CAH0473962.1	94.2	206	206	206	1.15e-129	367	100	622444	Oomycota	Peronospora	Peronospora belbahrii	CAH0473962.1 unnamed protein product [Peronospora belbahrii]
Pcub-MSU1_004_000038.1	OWZ13958.1	94.6	205	206	205	1.57e-129	367	99.5	4795	Oomycota	Phytophthora	Phytophthora megakarya	OWZ13958.1 60S ribosomal protein L13 [Phytophthora megakarya]
Pcub-MSU1_004_000038.1	KAG7401993.1	96.1	206	206	206	1.63e-129	367	99.5	109152	Oomycota	Phytophthora	Phytophthora boehmeriae	KAG7401993.1 60S ribosomal protein L13 [Phytophthora boehmeriae]
Pcub-MSU1_004_000038.1	KAG4064183.1	94.6	205	206	205	3.17e-129	366	99.5	29920	Oomycota	Phytophthora	Phytophthora cactorum	KAG4064183.1 hypothetical protein PC123_g1062 [Phytophthora cactorum]
Pcub-MSU1_004_000039.1	POM58883.1	75.5	436	410	432	9.08e-213	595	100	4796	Oomycota	Phytophthora	Phytophthora palmivora	POM58883.1 Traub family protein [Phytophthora palmivora]
Pcub-MSU1_004_000039.1	KAE8883354.1	74.1	440	410	437	5.95e-210	588	100	53985	Oomycota	Phytophthora	Phytophthora fragariae	KAE8883354.1 hypothetical protein PF003_g32517 [Phytophthora fragariae]
Pcub-MSU1_004_000039.1	KAG3120726.1	75.2	431	410	431	6.80e-210	588	98.8	53986	Oomycota	Phytophthora	Phytophthora idaei	KAG3120726.1 hypothetical protein PI125_g908 [Phytophthora idaei]
Pcub-MSU1_004_000039.1	KAG6977092.1	75.3	430	410	430	9.31e-210	587	98.8	2496075	Oomycota	Phytophthora	Phytophthora aleatoria	KAG6977092.1 hypothetical protein JG688_00000717 [Phytophthora aleatoria]
Pcub-MSU1_004_000039.1	KAG2790719.1	74.7	431	410	431	1.94e-209	587	98.8	29920	Oomycota	Phytophthora	Phytophthora cactorum	KAG2790719.1 hypothetical protein Pcac1_g150 [Phytophthora cactorum]
Pcub-MSU1_004_000039.1	KAH7479819.1	73.4	440	410	436	1.90e-208	584	100	164328	Oomycota	Phytophthora	Phytophthora ramorum	KAH7479819.1 hypothetical protein KRP23_6604 [Phytophthora ramorum]
Pcub-MSU1_004_000039.1	XP_002905548.1	74.8	432	410	428	3.33e-207	581	98.8	4787;403677	Oomycota	Phytophthora	Phytophthora infestans	XP_002905548.1 uncharacterized protein PITG_04845 [Phytophthora infestans T30-4]
Pcub-MSU1_004_000039.1	KAE9031487.1	73.0	440	410	438	1.94e-206	579	100	53985	Oomycota	Phytophthora	Phytophthora fragariae	KAE9031487.1 hypothetical protein PF011_g70 [Phytophthora fragariae]
Pcub-MSU1_004_000039.1	ETM38653.1	75.6	430	410	425	3.47e-206	578	98.8	4792	Oomycota	Phytophthora	Phytophthora nicotianae	ETM38653.1 hypothetical protein L914_15098 [Phytophthora nicotianae]
Pcub-MSU1_004_000039.1	KAE9046260.1	73.4	436	410	434	4.80e-206	578	100	129364	Oomycota	Phytophthora	Phytophthora rubi	KAE9046260.1 hypothetical protein PR002_g1751 [Phytophthora rubi]
Pcub-MSU1_004_000039.1	ETI38624.1	75.3	430	410	425	5.72e-205	575	98.8	1317065	Oomycota	Phytophthora	Phytophthora nicotianae	ETI38624.1 hypothetical protein F443_15701 [Phytophthora nicotianae P1569]
Pcub-MSU1_004_000039.1	KAI9994885.1	73.2	437	410	433	1.08e-204	575	98.8	4787	Oomycota	Phytophthora	Phytophthora infestans	KAI9994885.1 hypothetical protein PInf_011725 [Phytophthora infestans]
Pcub-MSU1_004_000039.1	XP_009538852.1	72.7	439	410	437	1.45e-203	572	100	67593	Oomycota	Phytophthora	Phytophthora sojae	XP_009538852.1 hypothetical protein PHYSODRAFT_566444 [Phytophthora sojae]
Pcub-MSU1_004_000039.1	KAK1944619.1	72.8	437	410	433	3.59e-203	571	100	4793	Oomycota	Phytophthora	Phytophthora citrophthora	KAK1944619.1 hypothetical protein P3T76_004531 [Phytophthora citrophthora]
Pcub-MSU1_004_000039.1	KAG1693692.1	73.2	436	410	432	4.91e-203	570	100	4784	Oomycota	Phytophthora	Phytophthora capsici	KAG1693692.1 hypothetical protein DVH05_023094 [Phytophthora capsici]
Pcub-MSU1_004_000039.1	ETP08532.1	74.9	430	410	425	3.12e-202	568	98.8	1317063	Oomycota	Phytophthora	Phytophthora nicotianae	ETP08532.1 hypothetical protein F441_15520 [Phytophthora nicotianae CJ01A1]
Pcub-MSU1_004_000039.1	ETK78824.1	74.9	430	410	425	3.12e-202	568	98.8	4792;1317066	Oomycota	Phytophthora	Phytophthora nicotianae	ETK78824.1 hypothetical protein L915_15242 [Phytophthora nicotianae]
Pcub-MSU1_004_000039.1	ETP36557.1	74.7	430	410	425	1.80e-201	566	98.8	1317064	Oomycota	Phytophthora	Phytophthora nicotianae	ETP36557.1 hypothetical protein F442_15536 [Phytophthora nicotianae P10297]
Pcub-MSU1_004_000039.1	ETL32258.1	74.7	430	410	425	5.14e-201	565	98.8	4792	Oomycota	Phytophthora	Phytophthora nicotianae	ETL32258.1 hypothetical protein L916_15133 [Phytophthora nicotianae]
Pcub-MSU1_004_000039.1	XP_008895251.1	74.7	430	410	425	5.14e-201	565	98.8	4792;761204	Oomycota	Phytophthora	Phytophthora nicotianae	XP_008895251.1 hypothetical protein PPTG_04725 [Phytophthora nicotianae INRA-310]
Pcub-MSU1_004_000039.1	CAH0520595.1	70.0	434	410	434	6.72e-199	560	100	622444	Oomycota	Peronospora	Peronospora belbahrii	CAH0520595.1 unnamed protein product [Peronospora belbahrii]
Pcub-MSU1_004_000039.1	CAH0473963.1	69.9	435	410	435	9.89e-199	560	100	622444	Oomycota	Peronospora	Peronospora belbahrii	CAH0473963.1 unnamed protein product [Peronospora belbahrii]
Pcub-MSU1_004_000039.1	RLN44295.1	71.2	441	410	461	3.54e-198	559	100	325452	Oomycota	Phytophthora	Phytophthora kernoviae	RLN44295.1 hypothetical protein BBI17_001096 [Phytophthora kernoviae]
Pcub-MSU1_004_000039.1	KAF4322149.1	70.9	443	410	463	7.66e-198	558	100	325452;1284355	Oomycota	Phytophthora	Phytophthora kernoviae	KAF4322149.1 hypothetical protein G195_004762 [Phytophthora kernoviae 00238/432]
Pcub-MSU1_004_000039.1	GMF34152.1	70.4	446	410	465	1.65e-197	558	100	1490495	Oomycota	Phytophthora	Phytophthora fragariaefolia	GMF34152.1 unnamed protein product [Phytophthora fragariaefolia]
Pcub-MSU1_004_001124.1	KAG2790718.1	67.7	784	688	778	0.0	926	100	29920	Oomycota	Phytophthora	Phytophthora cactorum	KAG2790718.1 hypothetical protein Pcac1_g151 [Phytophthora cactorum]
Pcub-MSU1_004_001124.1	ETM38652.1	67.0	781	688	777	0.0	924	100	4792	Oomycota	Phytophthora	Phytophthora nicotianae	ETM38652.1 hypothetical protein L914_15097 [Phytophthora nicotianae]
Pcub-MSU1_004_001124.1	XP_008895250.1	66.8	781	688	777	0.0	924	100	761204	Oomycota	Phytophthora	Phytophthora nicotianae	XP_008895250.1 hypothetical protein PPTG_04724 [Phytophthora nicotianae INRA-310]
Pcub-MSU1_004_001124.1	ETP36556.1	67.1	782	688	777	0.0	924	100	1317064	Oomycota	Phytophthora	Phytophthora nicotianae	ETP36556.1 hypothetical protein F442_15535 [Phytophthora nicotianae P10297]
Pcub-MSU1_004_001124.1	ETI38623.1	67.0	782	688	777	0.0	922	100	1317065	Oomycota	Phytophthora	Phytophthora nicotianae	ETI38623.1 hypothetical protein F443_15700 [Phytophthora nicotianae P1569]
Pcub-MSU1_004_001124.1	ETP08531.1	66.7	781	688	777	0.0	922	100	1317063	Oomycota	Phytophthora	Phytophthora nicotianae	ETP08531.1 hypothetical protein F441_15519 [Phytophthora nicotianae CJ01A1]
Pcub-MSU1_004_001124.1	ETO67378.1	67.0	782	688	777	0.0	920	100	1317066	Oomycota	Phytophthora	Phytophthora nicotianae	ETO67378.1 hypothetical protein F444_15678 [Phytophthora nicotianae P1976]
Pcub-MSU1_004_001124.1	KAG6977091.1	67.3	787	688	781	0.0	920	100	2496075	Oomycota	Phytophthora	Phytophthora aleatoria	KAG6977091.1 hypothetical protein JG688_00000716 [Phytophthora aleatoria]
Pcub-MSU1_004_001124.1	KAG3120735.1	67.3	784	688	778	0.0	919	100	53986	Oomycota	Phytophthora	Phytophthora idaei	KAG3120735.1 hypothetical protein PI125_g907 [Phytophthora idaei]
Pcub-MSU1_004_001124.1	KAG6974445.1	67.3	787	688	781	0.0	918	100	29920	Oomycota	Phytophthora	Phytophthora cactorum	KAG6974445.1 hypothetical protein JG687_00000312 [Phytophthora cactorum]
Pcub-MSU1_004_001124.1	POM58884.1	67.1	784	688	776	0.0	915	100	4796	Oomycota	Phytophthora	Phytophthora palmivora	POM58884.1 Formin-2 domain containing hypothetical protein [Phytophthora palmivora]
Pcub-MSU1_004_001124.1	KAG6618889.1	67.1	781	688	777	0.0	910	100	4785	Oomycota	Phytophthora	Phytophthora cinnamomi	KAG6618889.1 WASH complex, subunit CCDC53 [Phytophthora cinnamomi]
Pcub-MSU1_004_001124.1	KAF4146389.1	65.4	781	688	778	0.0	902	100	4787	Oomycota	Phytophthora	Phytophthora infestans	KAF4146389.1 Subunit CCDC53 of WASH complex [Phytophthora infestans]
Pcub-MSU1_004_001124.1	KAI9994884.1	65.3	781	688	778	0.0	901	100	4787	Oomycota	Phytophthora	Phytophthora infestans	KAI9994884.1 hypothetical protein PInf_011724 [Phytophthora infestans]
Pcub-MSU1_004_001124.1	XP_009538851.1	66.1	796	688	792	0.0	899	100	67593	Oomycota	Phytophthora	Phytophthora sojae	XP_009538851.1 hypothetical protein PHYSODRAFT_362528 [Phytophthora sojae]
Pcub-MSU1_004_001124.1	KAE9256565.1	65.8	786	688	774	0.0	890	100	53985	Oomycota	Phytophthora	Phytophthora fragariae	KAE9256565.1 hypothetical protein PF004_g55 [Phytophthora fragariae]
Pcub-MSU1_004_001124.1	KAE8883353.1	65.6	786	688	774	0.0	890	100	53985	Oomycota	Phytophthora	Phytophthora fragariae	KAE8883353.1 hypothetical protein PF003_g32516 [Phytophthora fragariae]
Pcub-MSU1_004_001124.1	KAE9140840.1	65.6	786	688	774	0.0	890	100	53985	Oomycota	Phytophthora	Phytophthora fragariae	KAE9140840.1 hypothetical protein PF010_g53 [Phytophthora fragariae]
Pcub-MSU1_004_001124.1	KAE9046261.1	65.6	786	688	774	0.0	890	100	129364	Oomycota	Phytophthora	Phytophthora rubi	KAE9046261.1 hypothetical protein PR002_g1750 [Phytophthora rubi]
Pcub-MSU1_004_001124.1	XP_002905549.1	64.5	784	688	781	0.0	889	100	403677	Oomycota	Phytophthora	Phytophthora infestans	XP_002905549.1 uncharacterized protein PITG_04846 [Phytophthora infestans T30-4]
Pcub-MSU1_004_001124.1	KAE9031486.1	65.6	786	688	774	0.0	888	100	53985	Oomycota	Phytophthora	Phytophthora fragariae	KAE9031486.1 hypothetical protein PF011_g71 [Phytophthora fragariae]
Pcub-MSU1_004_001124.1	KAF4046121.1	64.5	784	688	819	4.07e-318	889	100	4787	Oomycota	Phytophthora	Phytophthora infestans	KAF4046121.1 Subunit CCDC53 of WASH complex [Phytophthora infestans]
Pcub-MSU1_004_001124.1	KAK1944620.1	65.4	781	688	775	2.15e-317	885	100	4793	Oomycota	Phytophthora	Phytophthora citrophthora	KAK1944620.1 WASH complex subunit 3 [Phytophthora citrophthora]
Pcub-MSU1_004_001124.1	KAH7479820.1	65.5	777	688	764	3.05e-317	885	100	164328	Oomycota	Phytophthora	Phytophthora ramorum	KAH7479820.1 hypothetical protein KRP23_6605 [Phytophthora ramorum]
Pcub-MSU1_004_001124.1	CAH0473964.1	64.5	798	688	793	4.22e-315	880	100	622444	Oomycota	Peronospora	Peronospora belbahrii	CAH0473964.1 unnamed protein product [Peronospora belbahrii]
Pcub-MSU1_004_000040.1	KAG1708203.1	80.4	46	255	1416	1.47e-13	75.1	18.0	4784	Oomycota	Phytophthora	Phytophthora capsici	KAG1708203.1 hypothetical protein DVH05_024885 [Phytophthora capsici]
Pcub-MSU1_004_000040.1	KAF1783533.1	80.4	46	255	995	1.87e-13	74.7	18.0	29920	Oomycota	Phytophthora	Phytophthora cactorum	KAF1783533.1 Immunoglobulin E-set [Phytophthora cactorum]
Pcub-MSU1_004_000040.1	KAG3116271.1	80.4	46	255	1460	1.99e-13	74.7	18.0	53986	Oomycota	Phytophthora	Phytophthora idaei	KAG3116271.1 hypothetical protein PI125_g4805 [Phytophthora idaei]
Pcub-MSU1_004_000040.1	KAG3250092.1	80.4	46	255	1503	2.00e-13	74.7	18.0	53986	Oomycota	Phytophthora	Phytophthora idaei	KAG3250092.1 hypothetical protein PI124_g5260 [Phytophthora idaei]
Pcub-MSU1_004_000040.1	KAG7388730.1	80.4	46	255	8363	2.99e-13	74.3	18.0	221518	Oomycota	Phytophthora	Phytophthora pseudosyringae	KAG7388730.1 hypothetical protein PHYPSEUDO_011923 [Phytophthora pseudosyringae]
Pcub-MSU1_004_000040.1	KAE9319165.1	76.1	46	255	694	5.65e-13	73.2	18.0	53985	Oomycota	Phytophthora	Phytophthora fragariae	KAE9319165.1 hypothetical protein PF001_g6023 [Phytophthora fragariae]
Pcub-MSU1_004_000040.1	KAE9228698.1	76.1	46	255	736	5.75e-13	73.2	18.0	53985	Oomycota	Phytophthora	Phytophthora fragariae	KAE9228698.1 hypothetical protein PF004_g11007 [Phytophthora fragariae]
Pcub-MSU1_004_000040.1	KAE8943274.1	76.1	46	255	737	5.76e-13	73.2	18.0	53985	Oomycota	Phytophthora	Phytophthora fragariae	KAE8943274.1 hypothetical protein PF009_g6996 [Phytophthora fragariae]
Pcub-MSU1_004_000040.1	KAE9134164.1	76.1	46	255	754	5.80e-13	73.2	18.0	53985	Oomycota	Phytophthora	Phytophthora fragariae	KAE9134164.1 hypothetical protein PF007_g3041 [Phytophthora fragariae]
Pcub-MSU1_004_000040.1	KAE9020098.1	76.1	46	255	891	6.06e-13	73.2	18.0	53985	Oomycota	Phytophthora	Phytophthora fragariae	KAE9020098.1 hypothetical protein PF011_g5560 [Phytophthora fragariae]
Pcub-MSU1_004_000040.1	KAE9045700.1	76.1	46	255	1113	6.34e-13	73.2	18.0	129364	Oomycota	Phytophthora	Phytophthora rubi	KAE9045700.1 hypothetical protein PR001_g4856 [Phytophthora rubi]
Pcub-MSU1_004_000040.1	KAE9354552.1	76.1	46	255	1125	6.35e-13	73.2	18.0	129364	Oomycota	Phytophthora	Phytophthora rubi	KAE9354552.1 hypothetical protein PR003_g3307 [Phytophthora rubi]
Pcub-MSU1_004_000040.1	KAE9254029.1	76.1	46	255	1133	6.36e-13	73.2	18.0	53985	Oomycota	Phytophthora	Phytophthora fragariae	KAE9254029.1 hypothetical protein PF002_g3055 [Phytophthora fragariae]
Pcub-MSU1_004_000040.1	KAE9040283.1	76.1	46	255	1136	6.36e-13	73.2	18.0	129364	Oomycota	Phytophthora	Phytophthora rubi	KAE9040283.1 hypothetical protein PR002_g5040 [Phytophthora rubi]
Pcub-MSU1_004_000040.1	KAE9351235.1	76.1	46	255	1141	6.37e-13	73.2	18.0	53985	Oomycota	Phytophthora	Phytophthora fragariae	KAE9351235.1 hypothetical protein PF008_g6039 [Phytophthora fragariae]
Pcub-MSU1_004_000040.1	KAE9236623.1	76.1	46	255	1141	6.37e-13	73.2	18.0	53985	Oomycota	Phytophthora	Phytophthora fragariae	KAE9236623.1 hypothetical protein PF005_g987 [Phytophthora fragariae]
Pcub-MSU1_004_000040.1	KAE9124582.1	76.1	46	255	1161	6.39e-13	73.2	18.0	53985	Oomycota	Phytophthora	Phytophthora fragariae	KAE9124582.1 hypothetical protein PF010_g5952 [Phytophthora fragariae]
Pcub-MSU1_004_000040.1	KAG3188880.1	78.3	46	255	1459	1.20e-12	72.4	18.0	29920	Oomycota	Phytophthora	Phytophthora cactorum	KAG3188880.1 hypothetical protein PC128_g12011 [Phytophthora cactorum]
Pcub-MSU1_004_000040.1	KAG4055319.1	78.3	46	255	1459	1.20e-12	72.4	18.0	29920	Oomycota	Phytophthora	Phytophthora cactorum	KAG4055319.1 hypothetical protein PC123_g9595 [Phytophthora cactorum]
Pcub-MSU1_004_000040.1	KAG3088543.1	78.3	46	255	1460	1.20e-12	72.4	18.0	29920	Oomycota	Phytophthora	Phytophthora cactorum	KAG3088543.1 hypothetical protein PC121_g4413 [Phytophthora cactorum]
Pcub-MSU1_004_000040.1	KAG3019796.1	78.3	46	255	1476	1.21e-12	72.4	18.0	29920	Oomycota	Phytophthora	Phytophthora cactorum	KAG3019796.1 hypothetical protein PC120_g9653 [Phytophthora cactorum]
Pcub-MSU1_004_000040.1	XP_009519090.1	76.1	46	255	934	2.03e-12	71.6	18.0	67593	Oomycota	Phytophthora	Phytophthora sojae	XP_009519090.1 hypothetical protein PHYSODRAFT_484858 [Phytophthora sojae]
Pcub-MSU1_004_000040.1	OWZ24395.1	76.1	46	255	922	3.68e-12	70.9	18.0	4795	Oomycota	Phytophthora	Phytophthora megakarya	OWZ24395.1 hypothetical protein PHMEG_000575 [Phytophthora megakarya]
Pcub-MSU1_004_000040.1	KAK1939200.1	73.9	46	255	6582	4.39e-12	70.9	18.0	4793	Oomycota	Phytophthora	Phytophthora citrophthora	KAK1939200.1 Fibrocystin-L [Phytophthora citrophthora]
Pcub-MSU1_004_000040.1	XP_024571557.1	73.3	45	255	8738	8.02e-12	70.1	17.6	4781	Oomycota	Plasmopara	Plasmopara halstedii	XP_024571557.1 IPT domain [Plasmopara halstedii]
Pcub-MSU1_004_000042.1	KAG6618455.1	65.7	239	328	885	3.18e-98	313	72.9	4785	Oomycota	Phytophthora	Phytophthora cinnamomi	KAG6618455.1 Dysferlin protein [Phytophthora cinnamomi]
Pcub-MSU1_004_000042.1	KAI9994889.1	65.3	239	328	763	4.03e-98	310	72.9	4787	Oomycota	Phytophthora	Phytophthora infestans	KAI9994889.1 hypothetical protein PInf_011729 [Phytophthora infestans]
Pcub-MSU1_004_000042.1	KAJ8542723.1	65.7	239	328	1124	1.31e-96	313	72.9	4785	Oomycota	Phytophthora	Phytophthora cinnamomi	KAJ8542723.1 hypothetical protein ON010_g12089 [Phytophthora cinnamomi]
Pcub-MSU1_004_000042.1	KUF97974.1	67.4	239	328	1310	2.26e-95	312	72.9	4792	Oomycota	Phytophthora	Phytophthora nicotianae	KUF97974.1 Dysferlin protein [Phytophthora nicotianae]
Pcub-MSU1_004_000042.1	KAG3035316.1	66.5	239	328	1661	5.43e-95	313	72.9	29920	Oomycota	Phytophthora	Phytophthora cactorum	KAG3035316.1 hypothetical protein PC120_g905 [Phytophthora cactorum]
Pcub-MSU1_004_000042.1	KAG3206392.1	66.5	239	328	1661	5.43e-95	313	72.9	29920	Oomycota	Phytophthora	Phytophthora cactorum	KAG3206392.1 hypothetical protein PC128_g803 [Phytophthora cactorum]
Pcub-MSU1_004_000042.1	KAG4064182.1	66.5	239	328	1661	5.43e-95	313	72.9	29920	Oomycota	Phytophthora	Phytophthora cactorum	KAG4064182.1 hypothetical protein PC123_g1063 [Phytophthora cactorum]
Pcub-MSU1_004_000042.1	KAG6974455.1	66.5	239	328	1696	5.70e-95	313	72.9	29920	Oomycota	Phytophthora	Phytophthora cactorum	KAG6974455.1 hypothetical protein JG687_00000307 [Phytophthora cactorum]
Pcub-MSU1_004_000042.1	ETP08537.1	67.4	239	328	1512	6.98e-95	312	72.9	1317063	Oomycota	Phytophthora	Phytophthora nicotianae	ETP08537.1 hypothetical protein, variant 1 [Phytophthora nicotianae CJ01A1]
Pcub-MSU1_004_000042.1	ETI38629.1	67.4	239	328	1512	6.98e-95	312	72.9	1317065	Oomycota	Phytophthora	Phytophthora nicotianae	ETI38629.1 hypothetical protein, variant 1 [Phytophthora nicotianae P1569]
Pcub-MSU1_004_000042.1	ETP36562.1	67.4	239	328	1512	6.98e-95	312	72.9	1317064	Oomycota	Phytophthora	Phytophthora nicotianae	ETP36562.1 hypothetical protein, variant 1 [Phytophthora nicotianae P10297]
Pcub-MSU1_004_000042.1	ETM38658.1	67.4	239	328	1512	6.98e-95	312	72.9	4792	Oomycota	Phytophthora	Phytophthora nicotianae	ETM38658.1 hypothetical protein, variant 1 [Phytophthora nicotianae]
Pcub-MSU1_004_000042.1	ETL85504.1	67.4	239	328	1512	6.98e-95	312	72.9	4792	Oomycota	Phytophthora	Phytophthora nicotianae	ETL85504.1 hypothetical protein, variant 1 [Phytophthora nicotianae]
Pcub-MSU1_004_000042.1	ETL32263.1	67.4	239	328	1512	6.98e-95	312	72.9	4792;1317066	Oomycota	Phytophthora	Phytophthora nicotianae	ETL32263.1 hypothetical protein, variant 1 [Phytophthora nicotianae]
Pcub-MSU1_004_000042.1	ETK78829.1	67.4	239	328	1512	6.98e-95	312	72.9	4792	Oomycota	Phytophthora	Phytophthora nicotianae	ETK78829.1 hypothetical protein, variant 1 [Phytophthora nicotianae]
Pcub-MSU1_004_000042.1	ETK78828.1	67.4	239	328	1643	9.83e-95	312	72.9	4792	Oomycota	Phytophthora	Phytophthora nicotianae	ETK78828.1 hypothetical protein L915_15246 [Phytophthora nicotianae]
Pcub-MSU1_004_000042.1	ETI38628.1	67.4	239	328	1643	9.83e-95	312	72.9	1317065	Oomycota	Phytophthora	Phytophthora nicotianae	ETI38628.1 hypothetical protein F443_15705 [Phytophthora nicotianae P1569]
Pcub-MSU1_004_000042.1	ETP08536.1	67.4	239	328	1643	9.83e-95	312	72.9	1317063	Oomycota	Phytophthora	Phytophthora nicotianae	ETP08536.1 hypothetical protein F441_15524 [Phytophthora nicotianae CJ01A1]
Pcub-MSU1_004_000042.1	ETL85503.1	67.4	239	328	1643	9.83e-95	312	72.9	4792	Oomycota	Phytophthora	Phytophthora nicotianae	ETL85503.1 hypothetical protein L917_14968 [Phytophthora nicotianae]
Pcub-MSU1_004_000042.1	ETL32262.1	67.4	239	328	1643	9.83e-95	312	72.9	4792	Oomycota	Phytophthora	Phytophthora nicotianae	ETL32262.1 hypothetical protein L916_15137 [Phytophthora nicotianae]
Pcub-MSU1_004_000042.1	ETO67383.1	67.4	239	328	1643	9.83e-95	312	72.9	1317066	Oomycota	Phytophthora	Phytophthora nicotianae	ETO67383.1 hypothetical protein F444_15683 [Phytophthora nicotianae P1976]
Pcub-MSU1_004_000042.1	ETM38657.1	67.4	239	328	1643	9.83e-95	312	72.9	4792	Oomycota	Phytophthora	Phytophthora nicotianae	ETM38657.1 hypothetical protein L914_15102 [Phytophthora nicotianae]
Pcub-MSU1_004_000042.1	ETP36561.1	67.4	239	328	1643	9.83e-95	312	72.9	1317064	Oomycota	Phytophthora	Phytophthora nicotianae	ETP36561.1 hypothetical protein F442_15540 [Phytophthora nicotianae P10297]
Pcub-MSU1_004_000042.1	KAG2955408.1	66.5	239	328	1661	1.01e-94	312	72.9	29920	Oomycota	Phytophthora	Phytophthora cactorum	KAG2955408.1 hypothetical protein PC117_g481 [Phytophthora cactorum]
Pcub-MSU1_004_000042.1	CAH0473961.1	67.6	238	328	1663	1.39e-94	311	72.6	622444	Oomycota	Peronospora	Peronospora belbahrii	CAH0473961.1 unnamed protein product [Peronospora belbahrii]
Pcub-MSU1_004_000043.1	KAE9046264.1	82.1	664	742	956	0.0	945	88.0	129364	Oomycota	Phytophthora	Phytophthora rubi	KAE9046264.1 hypothetical protein PR002_g1755 [Phytophthora rubi]
Pcub-MSU1_004_000043.1	KAE9357244.1	82.6	656	742	657	0.0	943	86.9	129364	Oomycota	Phytophthora	Phytophthora rubi	KAE9357244.1 hypothetical protein PR003_g1893 [Phytophthora rubi]
Pcub-MSU1_004_000043.1	GMF12022.1	82.8	656	742	656	0.0	942	86.9	2077276	Oomycota	Phytophthora	Phytophthora lilii	GMF12022.1 unnamed protein product [Phytophthora lilii]
Pcub-MSU1_004_000043.1	KAE8883446.1	81.8	664	742	949	0.0	941	88.0	53985	Oomycota	Phytophthora	Phytophthora fragariae	KAE8883446.1 hypothetical protein PF003_g32521 [Phytophthora fragariae]
Pcub-MSU1_004_000043.1	KAE9140849.1	81.8	664	742	956	0.0	941	88.0	53985	Oomycota	Phytophthora	Phytophthora fragariae	KAE9140849.1 hypothetical protein PF010_g58 [Phytophthora fragariae]
Pcub-MSU1_004_000043.1	KAE9362448.1	82.5	656	742	657	0.0	941	86.9	53985	Oomycota	Phytophthora	Phytophthora fragariae	KAE9362448.1 hypothetical protein PF008_g60 [Phytophthora fragariae]
Pcub-MSU1_004_000043.1	KAG3120702.1	83.0	654	742	654	0.0	941	86.9	53986	Oomycota	Phytophthora	Phytophthora idaei	KAG3120702.1 hypothetical protein PI125_g915 [Phytophthora idaei]
Pcub-MSU1_004_000043.1	KAG2791016.1	82.5	656	742	656	0.0	941	86.9	29920	Oomycota	Phytophthora	Phytophthora cactorum	KAG2791016.1 hypothetical protein Pcac1_g143 [Phytophthora cactorum]
Pcub-MSU1_004_000043.1	KAE8950374.1	82.3	656	742	657	0.0	939	86.9	53985	Oomycota	Phytophthora	Phytophthora fragariae	KAE8950374.1 hypothetical protein PF009_g74 [Phytophthora fragariae]
Pcub-MSU1_004_000043.1	KAH7479814.1	83.6	647	742	647	0.0	938	87.1	164328	Oomycota	Phytophthora	Phytophthora ramorum	KAH7479814.1 Cilia- and flagella-associated protein 52 [Phytophthora ramorum]
Pcub-MSU1_004_000043.1	ETI38632.1	82.8	656	742	656	0.0	937	86.9	1317064;1317065	Oomycota	Phytophthora	Phytophthora nicotianae	ETI38632.1 hypothetical protein F443_15707 [Phytophthora nicotianae P1569]
Pcub-MSU1_004_000043.1	XP_002905542.1	83.4	656	742	657	0.0	937	86.9	4787;403677	Oomycota	Phytophthora	Phytophthora infestans	XP_002905542.1 cleavage induced conserved hypothetical protein [Phytophthora infestans T30-4]
Pcub-MSU1_004_000043.1	ETM38661.1	82.8	656	742	656	0.0	937	86.9	4792	Oomycota	Phytophthora	Phytophthora nicotianae	ETM38661.1 hypothetical protein L914_15104 [Phytophthora nicotianae]
Pcub-MSU1_004_000043.1	KUF97973.1	82.8	656	742	656	0.0	936	86.9	4792	Oomycota	Phytophthora	Phytophthora nicotianae	KUF97973.1 Clathrin heavy chain [Phytophthora nicotianae]
Pcub-MSU1_004_000043.1	KUF80240.1	82.8	656	742	950	0.0	936	86.9	4792	Oomycota	Phytophthora	Phytophthora nicotianae	KUF80240.1 WD repeat-containing protein 16 [Phytophthora nicotianae]
Pcub-MSU1_004_000043.1	ETK78832.1	82.8	656	742	656	0.0	936	86.9	4792;1317063	Oomycota	Phytophthora	Phytophthora nicotianae	ETK78832.1 hypothetical protein L915_15248 [Phytophthora nicotianae]
Pcub-MSU1_004_000043.1	XP_008895259.1	82.6	656	742	656	0.0	935	86.9	761204	Oomycota	Phytophthora	Phytophthora nicotianae	XP_008895259.1 hypothetical protein PPTG_04731 [Phytophthora nicotianae INRA-310]
Pcub-MSU1_004_000043.1	ETO67387.1	82.8	656	742	656	0.0	934	86.9	1317066	Oomycota	Phytophthora	Phytophthora nicotianae	ETO67387.1 hypothetical protein F444_15685 [Phytophthora nicotianae P1976]
Pcub-MSU1_004_000043.1	XP_009538857.1	82.6	656	742	657	0.0	934	86.9	67593	Oomycota	Phytophthora	Phytophthora sojae	XP_009538857.1 hypothetical protein PHYSODRAFT_532549 [Phytophthora sojae]
Pcub-MSU1_004_000043.1	GMF34158.1	81.6	658	742	837	0.0	933	87.2	1490495	Oomycota	Phytophthora	Phytophthora fragariaefolia	GMF34158.1 unnamed protein product [Phytophthora fragariaefolia]
Pcub-MSU1_004_000043.1	KAG1693698.1	81.1	656	742	657	0.0	922	86.9	4784	Oomycota	Phytophthora	Phytophthora capsici	KAG1693698.1 hypothetical protein DVH05_023099 [Phytophthora capsici]
Pcub-MSU1_004_000043.1	KAK1944615.1	81.0	659	742	953	0.0	918	87.2	4793	Oomycota	Phytophthora	Phytophthora citrophthora	KAK1944615.1 Cilia- and flagella-associated protein 52 [Phytophthora citrophthora]
Pcub-MSU1_004_000043.1	KAF1793231.1	71.5	656	742	2107	4.74e-318	934	86.9	29920	Oomycota	Phytophthora	Phytophthora cactorum	KAF1793231.1 WD40 repeat, conserved site [Phytophthora cactorum]
Pcub-MSU1_004_000043.1	XP_024581138.1	74.5	655	742	655	6.92e-296	828	86.8	4781	Oomycota	Plasmopara	Plasmopara halstedii	XP_024581138.1 wd40 repeat protein [Plasmopara halstedii]
Pcub-MSU1_004_000043.1	TMW68430.1	74.9	609	742	619	3.24e-280	787	82.1	41045	Oomycota	Pythium	Pythium oligandrum	TMW68430.1 hypothetical protein Poli38472_005898 [Pythium oligandrum]
Pcub-MSU1_004_001123.1	KAG1693699.1	86.4	521	523	522	0.0	885	99.6	4784	Oomycota	Phytophthora	Phytophthora capsici	KAG1693699.1 hypothetical protein DVH05_023100 [Phytophthora capsici]
Pcub-MSU1_004_001123.1	KAK1944614.1	86.2	521	523	522	0.0	885	99.6	4793	Oomycota	Phytophthora	Phytophthora citrophthora	KAK1944614.1 putative cytosol aminopeptidase [Phytophthora citrophthora]
Pcub-MSU1_004_001123.1	CAH0490556.1	87.0	523	523	524	0.0	883	99.6	134698	Oomycota	Peronospora	Peronospora farinosa	CAH0490556.1 unnamed protein product [Peronospora farinosa]
Pcub-MSU1_004_001123.1	KAG6977073.1	86.6	521	523	519	0.0	877	99.6	2496075	Oomycota	Phytophthora	Phytophthora aleatoria	KAG6977073.1 hypothetical protein JG688_00000723 [Phytophthora aleatoria]
Pcub-MSU1_004_001123.1	KAG3120701.1	86.4	521	523	519	0.0	877	99.6	53986	Oomycota	Phytophthora	Phytophthora idaei	KAG3120701.1 hypothetical protein PI125_g916 [Phytophthora idaei]
Pcub-MSU1_004_001123.1	KAG2791015.1	86.4	521	523	519	0.0	876	99.6	29920	Oomycota	Phytophthora	Phytophthora cactorum	KAG2791015.1 hypothetical protein Pcac1_g142 [Phytophthora cactorum]
Pcub-MSU1_004_001123.1	KAG6974441.1	86.4	521	523	532	0.0	876	99.6	29920	Oomycota	Phytophthora	Phytophthora cactorum	KAG6974441.1 hypothetical protein JG687_00000305, partial [Phytophthora cactorum]
Pcub-MSU1_004_001123.1	XP_009538858.1	85.6	526	523	527	0.0	875	99.8	67593	Oomycota	Phytophthora	Phytophthora sojae	XP_009538858.1 hypothetical protein PHYSODRAFT_353200 [Phytophthora sojae]
Pcub-MSU1_004_001123.1	KAE9046267.1	85.5	525	523	524	0.0	873	100	129364	Oomycota	Phytophthora	Phytophthora rubi	KAE9046267.1 hypothetical protein PR002_g1756 [Phytophthora rubi]
Pcub-MSU1_004_001123.1	RMX67245.1	86.4	523	523	524	0.0	872	99.6	542832	Oomycota	Peronospora	Peronospora effusa	RMX67245.1 hypothetical protein DD238_001111 [Peronospora effusa]
Pcub-MSU1_004_001123.1	KAE9051188.1	85.5	524	523	523	0.0	871	99.8	129364	Oomycota	Phytophthora	Phytophthora rubi	KAE9051188.1 hypothetical protein PR001_g1674 [Phytophthora rubi]
Pcub-MSU1_004_001123.1	CAI5712040.1	86.2	521	523	519	0.0	871	99.6	86335	Oomycota	Peronospora	Peronospora destructor	CAI5712040.1 unnamed protein product [Peronospora destructor]
Pcub-MSU1_004_001123.1	KAE9362449.1	85.1	525	523	524	1.27e-317	869	100	53985	Oomycota	Phytophthora	Phytophthora fragariae	KAE9362449.1 hypothetical protein PF008_g61 [Phytophthora fragariae]
Pcub-MSU1_004_001123.1	CAI5712023.1	85.8	521	523	519	1.28e-317	869	99.6	86335	Oomycota	Peronospora	Peronospora destructor	CAI5712023.1 unnamed protein product [Peronospora destructor]
Pcub-MSU1_004_001123.1	KAE8883449.1	85.1	525	523	524	1.14e-316	867	100	53985	Oomycota	Phytophthora	Phytophthora fragariae	KAE8883449.1 hypothetical protein PF003_g32522 [Phytophthora fragariae]
Pcub-MSU1_004_001123.1	KAF4046130.1	85.2	521	523	519	1.93e-316	866	99.6	4787	Oomycota	Phytophthora	Phytophthora infestans	KAF4046130.1 Cytosol aminopeptidase family catalytic domain [Phytophthora infestans]
Pcub-MSU1_004_001123.1	KUF90067.1	85.0	521	523	519	2.70e-316	865	99.6	4792	Oomycota	Phytophthora	Phytophthora nicotianae	KUF90067.1 cytosol aminopeptidase [Phytophthora nicotianae]
Pcub-MSU1_004_001123.1	KAE9141742.1	85.1	524	523	523	4.46e-316	865	99.8	53985	Oomycota	Phytophthora	Phytophthora fragariae	KAE9141742.1 hypothetical protein PF007_g10 [Phytophthora fragariae]
Pcub-MSU1_004_001123.1	XP_008895260.1	85.0	521	523	549	8.32e-316	865	99.6	4792;761204;1317063;1317064;1317065;1317066	Oomycota	Phytophthora	Phytophthora nicotianae	XP_008895260.1 hypothetical protein PPTG_04732 [Phytophthora nicotianae INRA-310]
Pcub-MSU1_004_001123.1	XP_002905541.1	85.2	521	523	519	2.21e-315	863	99.6	403677	Oomycota	Phytophthora	Phytophthora infestans	XP_002905541.1 cytosol aminopeptidase, putative [Phytophthora infestans T30-4]
Pcub-MSU1_004_001123.1	KAG6618453.1	85.2	507	523	527	5.75e-313	857	96.9	4785	Oomycota	Phytophthora	Phytophthora cinnamomi	KAG6618453.1 cytosol aminopeptidase [Phytophthora cinnamomi]
Pcub-MSU1_004_001123.1	CAH0520599.1	83.3	521	523	522	6.45e-311	852	99.6	622444	Oomycota	Peronospora	Peronospora belbahrii	CAH0520599.1 unnamed protein product [Peronospora belbahrii]
Pcub-MSU1_004_001123.1	KAH7479813.1	83.7	521	523	518	7.89e-311	852	99.6	164328	Oomycota	Phytophthora	Phytophthora ramorum	KAH7479813.1 putative cytosol aminopeptidase [Phytophthora ramorum]
Pcub-MSU1_004_001123.1	KAF1793242.1	86.3	504	523	512	6.99e-308	844	96.4	29920	Oomycota	Phytophthora	Phytophthora cactorum	KAF1793242.1 Peptidase M17, leucine aminopeptidase/peptidase B [Phytophthora cactorum]
Pcub-MSU1_004_001123.1	KAF4322166.1	81.2	522	523	523	3.19e-302	830	99.6	325452;1284355	Oomycota	Phytophthora	Phytophthora kernoviae	KAF4322166.1 hypothetical protein G195_004757 [Phytophthora kernoviae 00238/432]
Pcub-MSU1_004_000044.1	KAE8883448.1	51.0	339	329	356	2.10e-85	265	98.8	53985	Oomycota	Phytophthora	Phytophthora fragariae	KAE8883448.1 hypothetical protein PF003_g32523 [Phytophthora fragariae]
Pcub-MSU1_004_000044.1	KAK1944613.1	51.2	344	329	368	2.14e-85	266	97.0	4793	Oomycota	Phytophthora	Phytophthora citrophthora	KAK1944613.1 hypothetical protein P3T76_004525 [Phytophthora citrophthora]
Pcub-MSU1_004_000044.1	KAE8950380.1	51.0	339	329	362	2.52e-85	265	98.8	53985	Oomycota	Phytophthora	Phytophthora fragariae	KAE8950380.1 hypothetical protein PF009_g72 [Phytophthora fragariae]
Pcub-MSU1_004_000044.1	KAE9046266.1	50.6	336	329	356	1.19e-84	263	98.2	129364	Oomycota	Phytophthora	Phytophthora rubi	KAE9046266.1 hypothetical protein PR002_g1757 [Phytophthora rubi]
Pcub-MSU1_004_000044.1	KAE9362446.1	50.7	339	329	356	3.37e-84	262	98.8	53985	Oomycota	Phytophthora	Phytophthora fragariae	KAE9362446.1 hypothetical protein PF008_g62 [Phytophthora fragariae]
Pcub-MSU1_004_000044.1	KAF4043965.1	49.6	345	329	372	9.86e-82	256	96.4	4787	Oomycota	Phytophthora	Phytophthora infestans	KAF4043965.1 hypothetical protein GN244_ATG03840 [Phytophthora infestans]
Pcub-MSU1_004_000044.1	KAF4129106.1	49.6	345	329	372	2.79e-81	255	96.4	4787	Oomycota	Phytophthora	Phytophthora infestans	KAF4129106.1 hypothetical protein GN958_ATG21661 [Phytophthora infestans]
Pcub-MSU1_004_000044.1	KAG1693700.1	48.2	353	329	365	4.52e-81	254	99.1	4784	Oomycota	Phytophthora	Phytophthora capsici	KAG1693700.1 hypothetical protein DVH05_023101 [Phytophthora capsici]
Pcub-MSU1_004_000044.1	KAH7479812.1	48.8	330	329	355	3.41e-78	247	96.4	164328	Oomycota	Phytophthora	Phytophthora ramorum	KAH7479812.1 hypothetical protein KRP23_6597 [Phytophthora ramorum]
Pcub-MSU1_004_000044.1	ETP38530.1	48.9	348	329	377	1.03e-76	244	97.0	1317064	Oomycota	Phytophthora	Phytophthora nicotianae	ETP38530.1 hypothetical protein F442_13888 [Phytophthora nicotianae P10297]
Pcub-MSU1_004_000044.1	XP_008909514.1	48.6	348	329	377	5.82e-76	242	97.0	4792;761204;1317063;1317066	Oomycota	Phytophthora	Phytophthora nicotianae	XP_008909514.1 hypothetical protein PPTG_14748 [Phytophthora nicotianae INRA-310]
Pcub-MSU1_004_000044.1	ETI40608.1	48.6	348	329	377	5.82e-76	242	97.0	1317065	Oomycota	Phytophthora	Phytophthora nicotianae	ETI40608.1 hypothetical protein F443_14047 [Phytophthora nicotianae P1569]
Pcub-MSU1_004_000044.1	KAG2769620.1	48.4	349	329	379	8.71e-76	241	96.4	29920	Oomycota	Phytophthora	Phytophthora cactorum	KAG2769620.1 hypothetical protein Pcac1_g19217 [Phytophthora cactorum]
Pcub-MSU1_004_000044.1	KAG7401999.1	45.9	351	329	371	9.76e-76	241	97.0	109152	Oomycota	Phytophthora	Phytophthora boehmeriae	KAG7401999.1 hypothetical protein PHYBOEH_008520 [Phytophthora boehmeriae]
Pcub-MSU1_004_000044.1	KAG6973331.1	56.7	247	329	279	6.32e-71	226	69.3	29920	Oomycota	Phytophthora	Phytophthora cactorum	KAG6973331.1 hypothetical protein JG687_00000949 [Phytophthora cactorum]
Pcub-MSU1_004_000044.1	KAG6976836.1	55.8	251	329	297	3.50e-69	222	70.5	2496075	Oomycota	Phytophthora	Phytophthora aleatoria	KAG6976836.1 hypothetical protein JG688_00000963 [Phytophthora aleatoria]
Pcub-MSU1_004_000044.1	RLN90137.1	43.0	370	329	389	2.49e-68	223	97.0	2483409	Oomycota	Nothophytophthora	Nothophytophthora sp. Chile5	RLN90137.1 hypothetical protein BBJ28_00005849 [Nothophytophthora sp. Chile5]
Pcub-MSU1_004_000044.1	RLN98741.1	43.4	369	329	403	3.64e-68	223	96.7	2483409	Oomycota	Nothophytophthora	Nothophytophthora sp. Chile5	RLN98741.1 hypothetical protein BBJ28_00005344 [Nothophytophthora sp. Chile5]
Pcub-MSU1_004_000044.1	GMF12025.1	47.3	351	329	3213	1.27e-66	231	99.4	2077276	Oomycota	Phytophthora	Phytophthora lilii	GMF12025.1 unnamed protein product [Phytophthora lilii]
Pcub-MSU1_004_000044.1	XP_024572564.1	43.8	356	329	369	3.09e-64	211	99.4	4781	Oomycota	Plasmopara	Plasmopara halstedii	XP_024572564.1 uncharacterized protein PHALS_00517 [Plasmopara halstedii]
Pcub-MSU1_004_000044.1	KAG6618452.1	44.4	342	329	357	4.41e-64	211	98.5	4785	Oomycota	Phytophthora	Phytophthora cinnamomi	KAG6618452.1 Thioredoxin-dependent peroxide reductase [Phytophthora cinnamomi]
Pcub-MSU1_004_000044.1	KUF86516.1	48.4	283	329	287	4.64e-61	201	77.8	4792	Oomycota	Phytophthora	Phytophthora nicotianae	KUF86516.1 Thioredoxin-dependent peroxide reductase [Phytophthora nicotianae]
Pcub-MSU1_004_000044.1	GMF34161.1	51.4	243	329	5656	8.60e-58	206	73.6	1490495	Oomycota	Phytophthora	Phytophthora fragariaefolia	GMF34161.1 unnamed protein product [Phytophthora fragariaefolia]
Pcub-MSU1_004_000044.1	KAF1795556.1	45.4	324	329	323	7.77e-56	188	96.4	29920	Oomycota	Phytophthora	Phytophthora cactorum	KAF1795556.1 hypothetical protein GQ600_21333 [Phytophthora cactorum]
Pcub-MSU1_004_000044.1	TYZ58724.1	47.2	176	329	175	3.61e-45	156	53.2	1485010	Oomycota	Globisporangium	[Pythium] brassicae (nom. inval.)	TYZ58724.1 hypothetical protein PybrP1_004099 [[Pythium] brassicae (nom. inval.)]
Pcub-MSU1_004_001122.1	XP_009538863.1	63.0	584	513	579	9.06e-126	383	99.6	67593	Oomycota	Phytophthora	Phytophthora sojae	XP_009538863.1 hypothetical protein PHYSODRAFT_532690 [Phytophthora sojae]
Pcub-MSU1_004_001122.1	KAG3254035.1	62.7	584	513	573	7.55e-123	375	99.6	53986	Oomycota	Phytophthora	Phytophthora idaei	KAG3254035.1 hypothetical protein PI124_g1439 [Phytophthora idaei]
Pcub-MSU1_004_001122.1	KAG3120741.1	62.8	584	513	573	7.55e-123	375	99.6	53986	Oomycota	Phytophthora	Phytophthora idaei	KAG3120741.1 hypothetical protein PI125_g922 [Phytophthora idaei]
Pcub-MSU1_004_001122.1	XP_008895263.1	62.8	576	513	567	2.51e-122	374	99.6	761204	Oomycota	Phytophthora	Phytophthora nicotianae	XP_008895263.1 hypothetical protein PPTG_04734 [Phytophthora nicotianae INRA-310]
Pcub-MSU1_004_001122.1	ETO67391.1	61.3	576	513	567	2.51e-122	374	99.6	1317066	Oomycota	Phytophthora	Phytophthora nicotianae	ETO67391.1 hypothetical protein F444_15688 [Phytophthora nicotianae P1976]
Pcub-MSU1_004_001122.1	ETL32270.1	62.7	576	513	567	3.97e-121	371	99.6	4792	Oomycota	Phytophthora	Phytophthora nicotianae	ETL32270.1 hypothetical protein L916_15142 [Phytophthora nicotianae]
Pcub-MSU1_004_001122.1	KAH7479810.1	59.6	581	513	576	5.19e-121	371	99.6	164328	Oomycota	Phytophthora	Phytophthora ramorum	KAH7479810.1 hypothetical protein KRP23_6595 [Phytophthora ramorum]
Pcub-MSU1_004_001122.1	KAG1693701.1	60.2	571	513	559	6.25e-121	370	99.6	4784	Oomycota	Phytophthora	Phytophthora capsici	KAG1693701.1 hypothetical protein DVH05_023102 [Phytophthora capsici]
Pcub-MSU1_004_001122.1	ETP08544.1	60.1	576	513	567	1.58e-120	369	99.6	1317063	Oomycota	Phytophthora	Phytophthora nicotianae	ETP08544.1 hypothetical protein F441_15529 [Phytophthora nicotianae CJ01A1]
Pcub-MSU1_004_001122.1	ETP36840.1	60.2	576	513	567	1.58e-120	369	99.6	1317064	Oomycota	Phytophthora	Phytophthora nicotianae	ETP36840.1 hypothetical protein F442_15289 [Phytophthora nicotianae P10297]
Pcub-MSU1_004_001122.1	ETM38665.1	60.1	576	513	567	1.58e-120	369	99.6	4792	Oomycota	Phytophthora	Phytophthora nicotianae	ETM38665.1 hypothetical protein L914_15107 [Phytophthora nicotianae]
Pcub-MSU1_004_001122.1	ETI38636.1	62.7	576	513	567	2.23e-120	369	99.6	4792;1317065	Oomycota	Phytophthora	Phytophthora nicotianae	ETI38636.1 hypothetical protein F443_15710 [Phytophthora nicotianae P1569]
Pcub-MSU1_004_001122.1	ETL85511.1	62.7	576	513	567	4.45e-120	368	99.6	4792	Oomycota	Phytophthora	Phytophthora nicotianae	ETL85511.1 hypothetical protein L917_14973 [Phytophthora nicotianae]
Pcub-MSU1_004_001122.1	KAF1788184.1	59.8	582	513	571	5.01e-120	368	99.6	29920	Oomycota	Phytophthora	Phytophthora cactorum	KAF1788184.1 Variant SH3 domain [Phytophthora cactorum]
Pcub-MSU1_004_001122.1	RLN69458.1	49.5	535	513	448	2.31e-118	360	99.6	325452	Oomycota	Phytophthora	Phytophthora kernoviae	RLN69458.1 hypothetical protein BBP00_00000320 [Phytophthora kernoviae]
Pcub-MSU1_004_001122.1	KAE9357241.1	63.4	573	513	568	2.87e-118	363	99.6	129364	Oomycota	Phytophthora	Phytophthora rubi	KAE9357241.1 hypothetical protein PR003_g1898 [Phytophthora rubi]
Pcub-MSU1_004_001122.1	KUF80238.1	59.4	594	513	585	9.40e-118	363	99.6	4792	Oomycota	Phytophthora	Phytophthora nicotianae	KUF80238.1 hypothetical protein AM587_10016978 [Phytophthora nicotianae]
Pcub-MSU1_004_001122.1	KAE9046258.1	63.2	573	513	568	2.27e-117	361	99.6	129364	Oomycota	Phytophthora	Phytophthora rubi	KAE9046258.1 hypothetical protein PR002_g1759 [Phytophthora rubi]
Pcub-MSU1_004_001122.1	KAG3035288.1	61.0	580	513	571	1.96e-116	359	100	29920	Oomycota	Phytophthora	Phytophthora cactorum	KAG3035288.1 hypothetical protein PC120_g914 [Phytophthora cactorum]
Pcub-MSU1_004_001122.1	KAG2790553.1	61.0	580	513	571	2.77e-116	358	100	29920	Oomycota	Phytophthora	Phytophthora cactorum	KAG2790553.1 hypothetical protein Pcac1_g136 [Phytophthora cactorum]
Pcub-MSU1_004_001122.1	KAG6618592.1	60.1	582	513	580	3.60e-116	358	99.6	4785	Oomycota	Phytophthora	Phytophthora cinnamomi	KAG6618592.1 Variant SH3 domain [Phytophthora cinnamomi]
Pcub-MSU1_004_001122.1	KAG6964765.1	57.9	582	513	571	1.10e-115	357	99.6	2496075	Oomycota	Phytophthora	Phytophthora aleatoria	KAG6964765.1 hypothetical protein JG688_00007555 [Phytophthora aleatoria]
Pcub-MSU1_004_001122.1	RLN70742.1	56.0	588	513	585	1.83e-114	354	99.6	325452	Oomycota	Phytophthora	Phytophthora kernoviae	RLN70742.1 hypothetical protein BBJ29_008303 [Phytophthora kernoviae]
Pcub-MSU1_004_001122.1	KAK1944612.1	59.5	571	513	561	3.63e-114	353	99.6	4793	Oomycota	Phytophthora	Phytophthora citrophthora	KAK1944612.1 hypothetical protein P3T76_004524 [Phytophthora citrophthora]
Pcub-MSU1_004_001122.1	KAE8883450.1	62.8	570	513	560	1.10e-112	349	99.6	53985	Oomycota	Phytophthora	Phytophthora fragariae	KAE8883450.1 hypothetical protein PF003_g32525 [Phytophthora fragariae]
Pcub-MSU1_013_000114.1	KAG6612066.1	90.1	203	239	196	3.49e-128	364	84.9	4785	Oomycota	Phytophthora	Phytophthora cinnamomi	KAG6612066.1 ubiquitin-conjugating enzyme [Phytophthora cinnamomi]
Pcub-MSU1_013_000114.1	XP_008900048.1	90.1	203	239	196	2.02e-127	362	84.9	4792;761204;1317063;1317065	Oomycota	Phytophthora	Phytophthora nicotianae	XP_008900048.1 hypothetical protein, variant [Phytophthora nicotianae INRA-310]
Pcub-MSU1_013_000114.1	ETO83061.1	89.7	203	239	196	8.21e-127	361	84.9	1317066	Oomycota	Phytophthora	Phytophthora nicotianae	ETO83061.1 hypothetical protein, variant [Phytophthora nicotianae P1976]
Pcub-MSU1_013_000114.1	ETP52116.1	89.7	203	239	196	2.35e-126	360	84.9	1317064	Oomycota	Phytophthora	Phytophthora nicotianae	ETP52116.1 hypothetical protein, variant [Phytophthora nicotianae P10297]
Pcub-MSU1_013_000114.1	KAG2782836.1	88.7	203	239	196	1.93e-125	357	84.9	29920	Oomycota	Phytophthora	Phytophthora cactorum	KAG2782836.1 hypothetical protein Pcac1_g7479 [Phytophthora cactorum]
Pcub-MSU1_013_000114.1	KAG3022271.1	88.7	203	239	196	1.93e-125	357	84.9	29920;53986;2496075	Oomycota	Phytophthora	Phytophthora cactorum;Phytophthora idaei;Phytophthora aleatoria	KAG3022271.1 hypothetical protein PC120_g8232 [Phytophthora cactorum]
Pcub-MSU1_013_000114.1	KAG2816772.1	88.7	203	239	209	3.06e-125	357	84.9	29920	Oomycota	Phytophthora	Phytophthora cactorum	KAG2816772.1 hypothetical protein PC111_g12997 [Phytophthora cactorum]
Pcub-MSU1_013_000114.1	KAG3179377.1	88.7	203	239	209	3.06e-125	357	84.9	29920	Oomycota	Phytophthora	Phytophthora cactorum	KAG3179377.1 hypothetical protein PC128_g15968 [Phytophthora cactorum]
Pcub-MSU1_013_000114.1	XP_009533974.1	89.1	202	239	195	3.76e-125	357	84.5	67593	Oomycota	Phytophthora	Phytophthora sojae	XP_009533974.1 hypothetical protein PHYSODRAFT_518543, partial [Phytophthora sojae]
Pcub-MSU1_013_000114.1	KAG7384712.1	88.7	203	239	196	5.53e-125	356	84.9	221518	Oomycota	Phytophthora	Phytophthora pseudosyringae	KAG7384712.1 ubiquitin-conjugating enzyme E2 K [Phytophthora pseudosyringae]
Pcub-MSU1_013_000114.1	KAH7487668.1	88.7	203	239	196	7.85e-125	356	84.9	164328	Oomycota	Phytophthora	Phytophthora ramorum	KAH7487668.1 Ubiquitin-conjugating enzyme E2 27 [Phytophthora ramorum]
Pcub-MSU1_013_000114.1	XP_008900047.1	90.0	200	239	217	1.16e-124	356	83.7	4792;761204	Oomycota	Phytophthora	Phytophthora nicotianae	XP_008900047.1 hypothetical protein PPTG_07524 [Phytophthora nicotianae INRA-310]
Pcub-MSU1_013_000114.1	ETI54309.1	90.0	200	239	217	1.16e-124	356	83.7	4792;1317063;1317065	Oomycota	Phytophthora	Phytophthora nicotianae	ETI54309.1 hypothetical protein F443_02851 [Phytophthora nicotianae P1569]
Pcub-MSU1_013_000114.1	XP_002906044.1	88.7	203	239	196	1.58e-124	355	84.9	4787;403677	Oomycota	Phytophthora	Phytophthora infestans	XP_002906044.1 ubiquitin-conjugating enzyme E2, putative [Phytophthora infestans T30-4]
Pcub-MSU1_013_000114.1	KAE9015643.1	88.2	203	239	196	1.58e-124	355	84.9	129364	Oomycota	Phytophthora	Phytophthora rubi	KAE9015643.1 hypothetical protein PR001_g14845 [Phytophthora rubi]
Pcub-MSU1_013_000114.1	XP_009533884.1	88.6	202	239	195	3.08e-124	354	84.5	67593	Oomycota	Phytophthora	Phytophthora sojae	XP_009533884.1 hypothetical protein PHYSODRAFT_518528, partial [Phytophthora sojae]
Pcub-MSU1_013_000114.1	ETO83060.1	89.5	200	239	217	4.72e-124	355	83.7	1317066	Oomycota	Phytophthora	Phytophthora nicotianae	ETO83060.1 hypothetical protein F444_02862 [Phytophthora nicotianae P1976]
Pcub-MSU1_013_000114.1	KAG1685432.1	87.2	203	239	196	1.30e-123	353	84.9	4784	Oomycota	Phytophthora	Phytophthora capsici	KAG1685432.1 hypothetical protein DVH05_008370 [Phytophthora capsici]
Pcub-MSU1_013_000114.1	ETP52115.1	89.5	200	239	217	1.35e-123	353	83.7	1317064	Oomycota	Phytophthora	Phytophthora nicotianae	ETP52115.1 hypothetical protein F442_02826 [Phytophthora nicotianae P10297]
Pcub-MSU1_013_000114.1	KAE9333796.1	87.7	203	239	196	2.62e-123	352	84.9	53985	Oomycota	Phytophthora	Phytophthora fragariae	KAE9333796.1 hypothetical protein PF008_g14272 [Phytophthora fragariae]
Pcub-MSU1_013_000114.1	KAF1774980.1	86.1	209	239	208	5.68e-123	352	87.0	29920	Oomycota	Phytophthora	Phytophthora cactorum	KAF1774980.1 Ubiquitin-conjugating enzyme, active site [Phytophthora cactorum]
Pcub-MSU1_013_000114.1	KAE8898367.1	87.2	203	239	196	1.07e-122	350	84.9	53985	Oomycota	Phytophthora	Phytophthora fragariae	KAE8898367.1 hypothetical protein PF003_g17721 [Phytophthora fragariae]
Pcub-MSU1_013_000114.1	KUF84409.1	89.2	203	239	406	2.59e-122	357	84.9	4792	Oomycota	Phytophthora	Phytophthora nicotianae	KUF84409.1 Ubiquitin-conjugating enzyme E2 27 [Phytophthora nicotianae]
Pcub-MSU1_013_000114.1	CAI5700817.1	87.2	203	239	196	3.05e-122	349	84.9	542832	Oomycota	Peronospora	Peronospora effusa	CAI5700817.1 unnamed protein product [Peronospora effusa]
Pcub-MSU1_013_000114.1	OWZ15988.1	87.7	203	239	195	4.19e-122	349	84.9	4795	Oomycota	Phytophthora	Phytophthora megakarya	OWZ15988.1 Ubiquitin-conjugating enzyme E2 [Phytophthora megakarya]
Pcub-MSU1_013_000478.1	KAG6960141.1	74.8	994	991	985	0.0	1332	99.3	2496075	Oomycota	Phytophthora	Phytophthora aleatoria	KAG6960141.1 hypothetical protein JG688_00009737 [Phytophthora aleatoria]
Pcub-MSU1_013_000478.1	KAG2782835.1	74.6	994	991	985	0.0	1329	99.3	29920	Oomycota	Phytophthora	Phytophthora cactorum	KAG2782835.1 DNA-binding protein [Phytophthora cactorum]
Pcub-MSU1_013_000478.1	KAG3117801.1	74.9	998	991	981	0.0	1328	99.3	53986	Oomycota	Phytophthora	Phytophthora idaei	KAG3117801.1 DNA-binding protein [Phytophthora idaei]
Pcub-MSU1_013_000478.1	KAG3179374.1	74.5	994	991	985	0.0	1327	99.3	29920	Oomycota	Phytophthora	Phytophthora cactorum	KAG3179374.1 DNA-binding protein [Phytophthora cactorum]
Pcub-MSU1_013_000478.1	KAG3244536.1	74.8	998	991	981	0.0	1325	99.3	53986	Oomycota	Phytophthora	Phytophthora idaei	KAG3244536.1 DNA-binding protein [Phytophthora idaei]
Pcub-MSU1_013_000478.1	KAG6612050.1	74.2	1009	991	1007	0.0	1323	99.7	4785	Oomycota	Phytophthora	Phytophthora cinnamomi	KAG6612050.1 DNA-binding protein SMUBP-2 [Phytophthora cinnamomi]
Pcub-MSU1_013_000478.1	KAE9015640.1	73.6	1006	991	998	0.0	1319	99.7	129364	Oomycota	Phytophthora	Phytophthora rubi	KAE9015640.1 DNA-binding protein [Phytophthora rubi]
Pcub-MSU1_013_000478.1	KAE8982968.1	73.6	1006	991	998	0.0	1317	99.7	53985	Oomycota	Phytophthora	Phytophthora fragariae	KAE8982968.1 DNA-binding protein [Phytophthora fragariae]
Pcub-MSU1_013_000478.1	KAE9218355.1	73.5	1006	991	998	0.0	1315	99.7	53985	Oomycota	Phytophthora	Phytophthora fragariae	KAE9218355.1 DNA-binding protein [Phytophthora fragariae]
Pcub-MSU1_013_000478.1	KAE8898364.1	73.5	1006	991	998	0.0	1315	99.7	53985	Oomycota	Phytophthora	Phytophthora fragariae	KAE8898364.1 DNA-binding protein [Phytophthora fragariae]
Pcub-MSU1_013_000478.1	KAE9333793.1	73.5	1006	991	998	0.0	1315	99.7	53985	Oomycota	Phytophthora	Phytophthora fragariae	KAE9333793.1 DNA-binding protein [Phytophthora fragariae]
Pcub-MSU1_013_000478.1	GMF42080.1	74.8	990	991	1004	0.0	1311	98.1	1490495	Oomycota	Phytophthora	Phytophthora fragariaefolia	GMF42080.1 unnamed protein product [Phytophthora fragariaefolia]
Pcub-MSU1_013_000478.1	KAG7384713.1	74.4	999	991	983	0.0	1300	99.2	221518	Oomycota	Phytophthora	Phytophthora pseudosyringae	KAG7384713.1 DNA-binding protein SMUBP-2 [Phytophthora pseudosyringae]
Pcub-MSU1_013_000478.1	KAF1774993.1	74.0	976	991	910	0.0	1298	97.9	29920	Oomycota	Phytophthora	Phytophthora cactorum	KAF1774993.1 P-loop containing nucleoside triphosphate hydrolase [Phytophthora cactorum]
Pcub-MSU1_013_000478.1	OWZ15994.1	74.4	984	991	980	0.0	1286	97.6	4795	Oomycota	Phytophthora	Phytophthora megakarya	OWZ15994.1 DNA polymerase alpha-associated DNA helicase A [Phytophthora megakarya]
Pcub-MSU1_013_000478.1	RLN56207.1	73.3	996	991	1004	0.0	1284	98.0	325452	Oomycota	Phytophthora	Phytophthora kernoviae	RLN56207.1 hypothetical protein BBP00_00008117 [Phytophthora kernoviae]
Pcub-MSU1_013_000478.1	KAF4317090.1	73.1	994	991	1004	0.0	1284	98.0	325452;1284355	Oomycota	Phytophthora	Phytophthora kernoviae	KAF4317090.1 hypothetical protein G195_009508 [Phytophthora kernoviae 00238/432]
Pcub-MSU1_013_000478.1	KAG2511645.1	73.1	994	991	1004	0.0	1283	98.0	325452	Oomycota	Phytophthora	Phytophthora kernoviae	KAG2511645.1 hypothetical protein JM16_008189 [Phytophthora kernoviae]
Pcub-MSU1_013_000478.1	KAG1685431.1	73.8	978	991	955	0.0	1283	97.6	4784	Oomycota	Phytophthora	Phytophthora capsici	KAG1685431.1 hypothetical protein DVH05_008369 [Phytophthora capsici]
Pcub-MSU1_013_000478.1	KAG1696861.1	73.8	978	991	955	0.0	1282	97.6	4784	Oomycota	Phytophthora	Phytophthora capsici	KAG1696861.1 hypothetical protein DVH05_017770 [Phytophthora capsici]
Pcub-MSU1_013_000478.1	ETP24130.1	73.2	994	991	974	0.0	1282	99.6	1317063	Oomycota	Phytophthora	Phytophthora nicotianae	ETP24130.1 hypothetical protein F441_02830 [Phytophthora nicotianae CJ01A1]
Pcub-MSU1_013_000478.1	ETK94163.1	72.7	1006	991	979	0.0	1282	99.6	4792	Oomycota	Phytophthora	Phytophthora nicotianae	ETK94163.1 hypothetical protein L915_02738 [Phytophthora nicotianae]
Pcub-MSU1_013_000478.1	ETO83062.1	73.1	994	991	974	0.0	1280	99.6	1317066	Oomycota	Phytophthora	Phytophthora nicotianae	ETO83062.1 hypothetical protein F444_02863 [Phytophthora nicotianae P1976]
Pcub-MSU1_013_000478.1	ETM00647.1	72.9	998	991	974	0.0	1278	99.6	4792	Oomycota	Phytophthora	Phytophthora nicotianae	ETM00647.1 hypothetical protein L917_02650 [Phytophthora nicotianae]
Pcub-MSU1_013_000478.1	KAK1942486.1	74.6	985	991	957	0.0	1278	98.0	4793	Oomycota	Phytophthora	Phytophthora citrophthora	KAK1942486.1 DNA-binding protein SMUBP-2 [Phytophthora citrophthora]
Pcub-MSU1_013_000115.1	XP_008900051.1	79.4	378	359	389	1.34e-181	512	97.2	4792;761204;1317063;1317064;1317065;1317066	Oomycota	Phytophthora	Phytophthora nicotianae	XP_008900051.1 hypothetical protein, variant [Phytophthora nicotianae INRA-310]
Pcub-MSU1_013_000115.1	XP_008900050.1	79.5	375	359	393	5.12e-180	508	96.4	4792;761204;1317063;1317064;1317065;1317066	Oomycota	Phytophthora	Phytophthora nicotianae	XP_008900050.1 hypothetical protein PPTG_07526 [Phytophthora nicotianae INRA-310]
Pcub-MSU1_013_000115.1	KAH7487670.1	75.7	383	359	394	2.15e-179	507	98.6	164328	Oomycota	Phytophthora	Phytophthora ramorum	KAH7487670.1 FAS-associated factor 2-B [Phytophthora ramorum]
Pcub-MSU1_013_000115.1	KAG1685430.1	77.3	383	359	398	5.80e-178	503	98.6	4784	Oomycota	Phytophthora	Phytophthora capsici	KAG1685430.1 hypothetical protein DVH05_008368 [Phytophthora capsici]
Pcub-MSU1_013_000115.1	KAE8898369.1	75.7	383	359	397	1.60e-177	502	98.6	53985	Oomycota	Phytophthora	Phytophthora fragariae	KAE8898369.1 hypothetical protein PF003_g17729 [Phytophthora fragariae]
Pcub-MSU1_013_000115.1	KAE8971507.1	75.7	383	359	397	2.27e-177	502	98.6	53985	Oomycota	Phytophthora	Phytophthora fragariae	KAE8971507.1 hypothetical protein PF011_g26007 [Phytophthora fragariae]
Pcub-MSU1_013_000115.1	KAF4134162.1	78.7	375	359	393	2.80e-177	501	96.4	4787	Oomycota	Phytophthora	Phytophthora infestans	KAF4134162.1 UBX domain-containing protein [Phytophthora infestans]
Pcub-MSU1_013_000115.1	KAE9015647.1	75.5	383	359	397	6.49e-177	501	98.6	129364	Oomycota	Phytophthora	Phytophthora rubi	KAE9015647.1 hypothetical protein PR001_g14852 [Phytophthora rubi]
Pcub-MSU1_013_000115.1	XP_009536129.1	77.0	383	359	397	9.21e-177	500	98.6	67593	Oomycota	Phytophthora	Phytophthora sojae	XP_009536129.1 hypothetical protein PHYSODRAFT_348097 [Phytophthora sojae]
Pcub-MSU1_013_000115.1	KAF4029926.1	78.4	375	359	393	4.60e-176	498	96.4	4787	Oomycota	Phytophthora	Phytophthora infestans	KAF4029926.1 UBX domain-containing protein [Phytophthora infestans]
Pcub-MSU1_013_000115.1	KAK1942487.1	76.8	383	359	398	5.49e-176	498	98.6	4793	Oomycota	Phytophthora	Phytophthora citrophthora	KAK1942487.1 FAS-associated factor 2-B [Phytophthora citrophthora]
Pcub-MSU1_013_000115.1	KAG6960142.1	78.2	372	359	383	1.86e-175	496	95.5	2496075	Oomycota	Phytophthora	Phytophthora aleatoria	KAG6960142.1 hypothetical protein JG688_00009736 [Phytophthora aleatoria]
Pcub-MSU1_013_000115.1	XP_002906046.1	78.1	375	359	393	3.76e-175	496	96.4	403677	Oomycota	Phytophthora	Phytophthora infestans	XP_002906046.1 uncharacterized protein PITG_04427 [Phytophthora infestans T30-4]
Pcub-MSU1_013_000115.1	KAG2782828.1	78.0	372	359	383	5.31e-175	495	95.5	29920	Oomycota	Phytophthora	Phytophthora cactorum	KAG2782828.1 hypothetical protein Pcac1_g7477 [Phytophthora cactorum]
Pcub-MSU1_013_000115.1	KAG3117800.1	77.7	372	359	383	1.76e-173	491	95.5	53986	Oomycota	Phytophthora	Phytophthora idaei	KAG3117800.1 hypothetical protein PI125_g3436 [Phytophthora idaei]
Pcub-MSU1_013_000115.1	KAG6612022.1	75.7	383	359	396	5.61e-173	491	98.6	4785	Oomycota	Phytophthora	Phytophthora cinnamomi	KAG6612022.1 putative regulator of the ubiquitin pathway (contains UAS and UBX domains) [Phytophthora cinnamomi]
Pcub-MSU1_013_000115.1	CAH0485896.1	76.0	371	359	387	3.33e-172	488	95.3	134698	Oomycota	Peronospora	Peronospora farinosa	CAH0485896.1 unnamed protein product [Peronospora farinosa]
Pcub-MSU1_013_000115.1	KAI9985261.1	72.5	375	359	375	2.93e-170	483	96.4	4787	Oomycota	Phytophthora	Phytophthora infestans	KAI9985261.1 hypothetical protein PInf_004587 [Phytophthora infestans]
Pcub-MSU1_013_000115.1	UIZ21947.1	76.8	371	359	387	3.66e-169	481	95.3	542832	Oomycota	Peronospora	Peronospora effusa	UIZ21947.1 hypothetical protein KXD40_008758 [Peronospora effusa]
Pcub-MSU1_013_000115.1	KAG7384714.1	70.5	410	359	426	4.10e-168	479	98.6	221518	Oomycota	Phytophthora	Phytophthora pseudosyringae	KAG7384714.1 hypothetical protein PHYPSEUDO_002359 [Phytophthora pseudosyringae]
Pcub-MSU1_013_000115.1	CAI5735984.1	75.7	371	359	384	6.26e-167	475	95.3	86335	Oomycota	Peronospora	Peronospora destructor	CAI5735984.1 unnamed protein product [Peronospora destructor]
Pcub-MSU1_013_000115.1	CAI5735976.1	76.0	371	359	388	8.35e-166	472	95.3	86335	Oomycota	Peronospora	Peronospora destructor	CAI5735976.1 unnamed protein product [Peronospora destructor]
Pcub-MSU1_013_000115.1	KAG7397993.1	72.8	383	359	391	4.11e-162	463	98.6	109152	Oomycota	Phytophthora	Phytophthora boehmeriae	KAG7397993.1 hypothetical protein PHYBOEH_011825 [Phytophthora boehmeriae]
Pcub-MSU1_013_000115.1	KAF4317091.1	73.3	375	359	394	1.06e-160	459	96.4	325452;1284355	Oomycota	Phytophthora	Phytophthora kernoviae	KAF4317091.1 hypothetical protein G195_009509 [Phytophthora kernoviae 00238/432]
Pcub-MSU1_013_000115.1	RLN56203.1	73.1	375	359	394	2.48e-159	456	96.4	325452	Oomycota	Phytophthora	Phytophthora kernoviae	RLN56203.1 hypothetical protein BBP00_00008116 [Phytophthora kernoviae]
Pcub-MSU1_013_000477.1	KAH7487671.1	84.8	361	361	363	3.52e-220	609	100	164328	Oomycota	Phytophthora	Phytophthora ramorum	KAH7487671.1 Threonylcarbamoyl-AMP synthase [Phytophthora ramorum]
Pcub-MSU1_013_000477.1	KAG6960143.1	84.2	361	361	363	7.10e-220	608	100	2496075	Oomycota	Phytophthora	Phytophthora aleatoria	KAG6960143.1 hypothetical protein JG688_00009735 [Phytophthora aleatoria]
Pcub-MSU1_013_000477.1	KAG1685429.1	84.8	361	361	362	1.38e-219	607	100	4784	Oomycota	Phytophthora	Phytophthora capsici	KAG1685429.1 hypothetical protein DVH05_008367 [Phytophthora capsici]
Pcub-MSU1_013_000477.1	KAF1790117.1	83.9	361	361	363	2.03e-219	607	100	29920	Oomycota	Phytophthora	Phytophthora cactorum	KAF1790117.1 DHBP synthase RibB-like alpha/beta domain [Phytophthora cactorum]
Pcub-MSU1_013_000477.1	KAG2782827.1	83.9	361	361	363	2.03e-219	607	100	29920	Oomycota	Phytophthora	Phytophthora cactorum	KAG2782827.1 hypothetical protein Pcac1_g7476 [Phytophthora cactorum]
Pcub-MSU1_013_000477.1	KAK1942488.1	85.0	361	361	362	2.78e-219	607	100	4793	Oomycota	Phytophthora	Phytophthora citrophthora	KAK1942488.1 Threonylcarbamoyl-AMP synthase [Phytophthora citrophthora]
Pcub-MSU1_013_000477.1	KAG3117776.1	83.9	361	361	363	4.10e-219	606	100	53986	Oomycota	Phytophthora	Phytophthora idaei	KAG3117776.1 hypothetical protein PI125_g3435 [Phytophthora idaei]
Pcub-MSU1_013_000477.1	CAI5735986.1	84.8	361	361	363	6.78e-218	603	100	86335	Oomycota	Peronospora	Peronospora destructor	CAI5735986.1 unnamed protein product [Peronospora destructor]
Pcub-MSU1_013_000477.1	KAE8898368.1	83.7	361	361	363	1.37e-217	602	100	53985;129364	Oomycota	Phytophthora	Phytophthora fragariae;Phytophthora rubi	KAE8898368.1 hypothetical protein PF003_g17728 [Phytophthora fragariae]
Pcub-MSU1_013_000477.1	XP_009536128.1	83.7	361	361	363	5.56e-217	601	100	67593	Oomycota	Phytophthora	Phytophthora sojae	XP_009536128.1 hypothetical protein PHYSODRAFT_549986 [Phytophthora sojae]
Pcub-MSU1_013_000477.1	CAH0485895.1	83.9	361	361	363	7.89e-217	600	100	134698	Oomycota	Peronospora	Peronospora farinosa	CAH0485895.1 unnamed protein product [Peronospora farinosa]
Pcub-MSU1_013_000477.1	ETI54314.1	82.8	361	361	363	4.56e-216	598	100	4792;1317064;1317065	Oomycota	Phytophthora	Phytophthora nicotianae	ETI54314.1 Sua5/YciO/YrdC/YwlC family protein [Phytophthora nicotianae P1569]
Pcub-MSU1_013_000477.1	XP_008900052.1	82.5	361	361	363	1.30e-215	597	100	761204	Oomycota	Phytophthora	Phytophthora nicotianae	XP_008900052.1 Sua5/YciO/YrdC/YwlC family protein [Phytophthora nicotianae INRA-310]
Pcub-MSU1_013_000477.1	ETM53831.1	82.8	361	361	363	2.63e-215	597	100	4792	Oomycota	Phytophthora	Phytophthora nicotianae	ETM53831.1 Sua5/YciO/YrdC/YwlC family protein [Phytophthora nicotianae]
Pcub-MSU1_013_000477.1	ETK94166.1	82.5	361	361	363	3.74e-215	596	100	4792;1317063;1317066	Oomycota	Phytophthora	Phytophthora nicotianae	ETK94166.1 Sua5/YciO/YrdC/YwlC family protein [Phytophthora nicotianae]
Pcub-MSU1_013_000477.1	KUF76439.1	82.5	361	361	363	3.74e-215	596	100	4792	Oomycota	Phytophthora	Phytophthora nicotianae	KUF76439.1 Threonylcarbamoyl-AMP synthase [Phytophthora nicotianae]
Pcub-MSU1_013_000477.1	KAG7397994.1	82.0	361	361	363	1.07e-214	595	100	109152	Oomycota	Phytophthora	Phytophthora boehmeriae	KAG7397994.1 hypothetical protein PHYBOEH_011826 [Phytophthora boehmeriae]
Pcub-MSU1_013_000477.1	CAI5735978.1	83.4	361	361	363	1.07e-214	595	100	86335	Oomycota	Peronospora	Peronospora destructor	CAI5735978.1 unnamed protein product [Peronospora destructor]
Pcub-MSU1_013_000477.1	XP_002906047.1	82.5	361	361	363	1.52e-214	595	100	4787;403677	Oomycota	Phytophthora	Phytophthora infestans	XP_002906047.1 uncharacterized protein PITG_04428 [Phytophthora infestans T30-4]
Pcub-MSU1_013_000477.1	RMX66995.1	83.4	361	361	363	3.06e-214	594	100	542832	Oomycota	Peronospora	Peronospora effusa	RMX66995.1 hypothetical protein DD238_001638 [Peronospora effusa]
Pcub-MSU1_013_000477.1	CAI5731744.1	81.2	361	361	364	7.46e-213	590	100	162125	Oomycota	Hyaloperonospora	Hyaloperonospora brassicae	CAI5731744.1 unnamed protein product [Hyaloperonospora brassicae]
Pcub-MSU1_013_000477.1	KAG6611990.1	82.0	361	361	363	4.15e-212	588	100	4785	Oomycota	Phytophthora	Phytophthora cinnamomi	KAG6611990.1 Sua5/YciO/YrdC/YwlC family protein [Phytophthora cinnamomi]
Pcub-MSU1_013_000477.1	KAG7384715.1	81.7	361	361	363	3.40e-211	586	100	221518	Oomycota	Phytophthora	Phytophthora pseudosyringae	KAG7384715.1 hypothetical protein PHYPSEUDO_002360 [Phytophthora pseudosyringae]
Pcub-MSU1_013_000477.1	OWZ15995.1	81.2	361	361	362	9.39e-211	585	100	4795	Oomycota	Phytophthora	Phytophthora megakarya	OWZ15995.1 Sua5/YciO/YrdC/YwlC family protein [Phytophthora megakarya]
Pcub-MSU1_013_000477.1	CAH0478271.1	81.2	362	361	364	1.37e-208	580	100	622444	Oomycota	Peronospora	Peronospora belbahrii	CAH0478271.1 unnamed protein product [Peronospora belbahrii]
Pcub-MSU1_013_000116.1	KAE8884357.1	92.1	266	267	267	1.67e-175	488	99.6	53985	Oomycota	Phytophthora	Phytophthora fragariae	KAE8884357.1 hypothetical protein PF003_g31503 [Phytophthora fragariae]
Pcub-MSU1_013_000116.1	KAE9344642.1	91.7	266	267	267	4.79e-175	487	99.6	129364	Oomycota	Phytophthora	Phytophthora rubi	KAE9344642.1 hypothetical protein PR003_g8364 [Phytophthora rubi]
Pcub-MSU1_013_000116.1	KAK1929896.1	92.1	267	267	267	6.80e-175	486	100	4793	Oomycota	Phytophthora	Phytophthora citrophthora	KAK1929896.1 Membrane steroid-binding protein 2 [Phytophthora citrophthora]
Pcub-MSU1_013_000116.1	KAE9038368.1	91.7	266	267	267	9.66e-175	486	99.6	129364	Oomycota	Phytophthora	Phytophthora rubi	KAE9038368.1 hypothetical protein PR001_g7983 [Phytophthora rubi]
Pcub-MSU1_013_000116.1	KAG1691381.1	91.8	267	267	267	9.66e-175	486	100	4784	Oomycota	Phytophthora	Phytophthora capsici	KAG1691381.1 hypothetical protein DVH05_027043 [Phytophthora capsici]
Pcub-MSU1_013_000116.1	ETI33500.1	91.4	267	267	267	1.37e-174	486	100	4792;1317063;1317064;1317065;1317066	Oomycota	Phytophthora	Phytophthora nicotianae	ETI33500.1 hypothetical protein F443_19810 [Phytophthora nicotianae P1569]
Pcub-MSU1_013_000116.1	KAG2764020.1	92.1	267	267	267	1.37e-174	486	100	29920	Oomycota	Phytophthora	Phytophthora cactorum	KAG2764020.1 hypothetical protein Pcac1_g24305 [Phytophthora cactorum]
Pcub-MSU1_013_000116.1	KAG6621447.1	90.6	267	267	267	2.27e-173	483	100	4785	Oomycota	Phytophthora	Phytophthora cinnamomi	KAG6621447.1 putative heme/steroid binding domain-containing protein [Phytophthora cinnamomi]
Pcub-MSU1_013_000116.1	XP_002896280.1	91.4	266	267	267	9.25e-173	481	99.6	4787;403677	Oomycota	Phytophthora	Phytophthora infestans	XP_002896280.1 heme/steroid binding domain-containing protein, putative [Phytophthora infestans T30-4]
Pcub-MSU1_013_000116.1	KAG3113527.1	91.8	267	267	265	7.06e-172	479	100	53986	Oomycota	Phytophthora	Phytophthora idaei	KAG3113527.1 hypothetical protein PI125_g7245 [Phytophthora idaei]
Pcub-MSU1_013_000116.1	KAE9012243.1	92.1	266	267	538	2.28e-171	488	99.6	53985	Oomycota	Phytophthora	Phytophthora fragariae	KAE9012243.1 hypothetical protein PF011_g8997 [Phytophthora fragariae]
Pcub-MSU1_013_000116.1	RLN64960.1	91.7	266	267	465	3.16e-171	485	99.6	325452	Oomycota	Phytophthora	Phytophthora kernoviae	RLN64960.1 hypothetical protein BBP00_00003107 [Phytophthora kernoviae]
Pcub-MSU1_013_000116.1	KAF4324375.1	91.4	266	267	455	4.51e-171	484	99.6	325452;1284355	Oomycota	Phytophthora	Phytophthora kernoviae	KAF4324375.1 hypothetical protein G195_001119 [Phytophthora kernoviae 00238/432]
Pcub-MSU1_013_000116.1	KAE9345629.1	91.7	266	267	538	3.73e-170	485	99.6	53985	Oomycota	Phytophthora	Phytophthora fragariae	KAE9345629.1 hypothetical protein PF008_g8668 [Phytophthora fragariae]
Pcub-MSU1_013_000116.1	GMF41288.1	89.6	269	267	269	3.88e-170	474	100	1490495	Oomycota	Phytophthora	Phytophthora fragariaefolia	GMF41288.1 unnamed protein product [Phytophthora fragariaefolia]
Pcub-MSU1_013_000116.1	KAG7384290.1	88.8	267	267	267	2.08e-169	473	100	221518	Oomycota	Phytophthora	Phytophthora pseudosyringae	KAG7384290.1 hypothetical protein PHYPSEUDO_002819 [Phytophthora pseudosyringae]
Pcub-MSU1_013_000116.1	KAG7398908.1	91.4	266	267	521	3.46e-169	482	99.6	109152	Oomycota	Phytophthora	Phytophthora boehmeriae	KAG7398908.1 hypothetical protein PHYBOEH_010126 [Phytophthora boehmeriae]
Pcub-MSU1_013_000116.1	RLN51319.1	91.4	266	267	527	4.23e-169	482	99.6	325452	Oomycota	Phytophthora	Phytophthora kernoviae	RLN51319.1 hypothetical protein BBJ29_005117 [Phytophthora kernoviae]
Pcub-MSU1_013_000116.1	KAG2528422.1	91.0	266	267	527	8.51e-169	481	99.6	325452	Oomycota	Phytophthora	Phytophthora kernoviae	KAG2528422.1 hypothetical protein JM16_002846 [Phytophthora kernoviae]
Pcub-MSU1_013_000116.1	KAH7479934.1	91.9	258	267	260	9.34e-169	471	96.6	164328	Oomycota	Phytophthora	Phytophthora ramorum	KAH7479934.1 putative steroid-binding protein 3 [Phytophthora ramorum]
Pcub-MSU1_013_000116.1	CAI5729184.1	88.8	267	267	267	1.71e-168	470	100	134698	Oomycota	Peronospora	Peronospora farinosa	CAI5729184.1 unnamed protein product [Peronospora farinosa]
Pcub-MSU1_013_000116.1	CAI5724739.1	88.8	267	267	267	1.71e-168	470	100	542832	Oomycota	Peronospora	Peronospora effusa	CAI5724739.1 unnamed protein product [Peronospora effusa]
Pcub-MSU1_013_000116.1	CAH0490908.1	88.4	267	267	267	4.90e-168	469	100	134698	Oomycota	Peronospora	Peronospora farinosa	CAH0490908.1 unnamed protein product [Peronospora farinosa]
Pcub-MSU1_013_000116.1	CAI5715068.1	88.8	267	267	267	2.83e-167	467	100	86335	Oomycota	Peronospora	Peronospora destructor	CAI5715068.1 unnamed protein product [Peronospora destructor]
Pcub-MSU1_013_000116.1	GMF19050.1	91.0	266	267	690	1.11e-166	481	99.6	2077276	Oomycota	Phytophthora	Phytophthora lilii	GMF19050.1 unnamed protein product [Phytophthora lilii]
Pcub-MSU1_013_000476.1	KAG6611989.1	87.4	484	484	484	1.82e-309	845	100	4785	Oomycota	Phytophthora	Phytophthora cinnamomi	KAG6611989.1 Amino Acid/Auxin Permease (AAAP) Family [Phytophthora cinnamomi]
Pcub-MSU1_013_000476.1	CAH0478270.1	88.4	484	484	484	5.21e-309	844	99.8	622444	Oomycota	Peronospora	Peronospora belbahrii	CAH0478270.1 unnamed protein product [Peronospora belbahrii]
Pcub-MSU1_013_000476.1	XP_009536127.1	87.4	484	484	483	1.18e-307	840	100	67593	Oomycota	Phytophthora	Phytophthora sojae	XP_009536127.1 hypothetical protein PHYSODRAFT_255937 [Phytophthora sojae]
Pcub-MSU1_013_000476.1	KAE9218353.1	86.5	483	484	484	2.88e-306	837	99.8	53985	Oomycota	Phytophthora	Phytophthora fragariae	KAE9218353.1 hypothetical protein PF004_g13885 [Phytophthora fragariae]
Pcub-MSU1_013_000476.1	KAE9015645.1	86.5	483	484	484	5.80e-306	836	99.8	129364	Oomycota	Phytophthora	Phytophthora rubi	KAE9015645.1 hypothetical protein PR001_g14850 [Phytophthora rubi]
Pcub-MSU1_013_000476.1	KAE8898360.1	86.3	483	484	484	1.17e-305	835	99.8	53985	Oomycota	Phytophthora	Phytophthora fragariae	KAE8898360.1 hypothetical protein PF003_g17726 [Phytophthora fragariae]
Pcub-MSU1_013_000476.1	KAE9333800.1	86.3	483	484	484	1.66e-305	835	99.8	53985	Oomycota	Phytophthora	Phytophthora fragariae	KAE9333800.1 hypothetical protein PF008_g14267 [Phytophthora fragariae]
Pcub-MSU1_013_000476.1	GMF42075.1	87.0	484	484	484	3.35e-305	834	100	1490495	Oomycota	Phytophthora	Phytophthora fragariaefolia	GMF42075.1 unnamed protein product [Phytophthora fragariaefolia]
Pcub-MSU1_013_000476.1	KAG1685426.1	87.2	485	484	482	5.99e-303	828	100	4784	Oomycota	Phytophthora	Phytophthora capsici	KAG1685426.1 hypothetical protein DVH05_008364 [Phytophthora capsici]
Pcub-MSU1_013_000476.1	GMF32045.1	86.2	485	484	485	1.92e-302	827	100	2077276	Oomycota	Phytophthora	Phytophthora lilii	GMF32045.1 unnamed protein product [Phytophthora lilii]
Pcub-MSU1_013_000476.1	KAK1942491.1	86.8	484	484	482	5.72e-301	823	99.8	4793	Oomycota	Phytophthora	Phytophthora citrophthora	KAK1942491.1 Amino acid transporter ANT1 [Phytophthora citrophthora]
Pcub-MSU1_013_000476.1	KAI9985243.1	86.0	486	484	479	8.45e-300	820	100	4787	Oomycota	Phytophthora	Phytophthora infestans	KAI9985243.1 hypothetical protein PInf_004568 [Phytophthora infestans]
Pcub-MSU1_013_000476.1	KAF4138181.1	86.0	486	484	479	8.45e-300	820	100	4787	Oomycota	Phytophthora	Phytophthora infestans	KAF4138181.1 Transmembrane amino acid transporter protein [Phytophthora infestans]
Pcub-MSU1_013_000476.1	XP_008900059.1	86.0	486	484	532	2.14e-299	822	100	4792;761204;1317063;1317064;1317065;1317066	Oomycota	Phytophthora	Phytophthora nicotianae	XP_008900059.1 hypothetical protein PPTG_07534 [Phytophthora nicotianae INRA-310]
Pcub-MSU1_013_000476.1	XP_002906028.1	86.0	486	484	535	6.85e-299	820	100	403677	Oomycota	Phytophthora	Phytophthora infestans	XP_002906028.1 Amino Acid/Auxin Permease (AAAP) Family [Phytophthora infestans T30-4]
Pcub-MSU1_013_000476.1	ETK94153.1	85.8	486	484	532	8.70e-299	820	100	4792	Oomycota	Phytophthora	Phytophthora nicotianae	ETK94153.1 hypothetical protein L915_02744 [Phytophthora nicotianae]
Pcub-MSU1_013_000476.1	KAG3081203.1	85.6	486	484	480	1.19e-297	815	100	29920	Oomycota	Phytophthora	Phytophthora cactorum	KAG3081203.1 hypothetical protein PC121_g6519 [Phytophthora cactorum]
Pcub-MSU1_013_000476.1	KAG2816782.1	85.4	486	484	480	4.83e-297	813	100	29920	Oomycota	Phytophthora	Phytophthora cactorum	KAG2816782.1 hypothetical protein PC111_g13004 [Phytophthora cactorum]
Pcub-MSU1_013_000476.1	KAG3142572.1	85.4	486	484	480	4.83e-297	813	100	29920	Oomycota	Phytophthora	Phytophthora cactorum	KAG3142572.1 hypothetical protein PC128_g24751 [Phytophthora cactorum]
Pcub-MSU1_013_000476.1	KAG3129770.1	85.2	486	484	480	1.97e-296	812	100	53986;2496075	Oomycota	Phytophthora	Phytophthora idaei;Phytophthora aleatoria	KAG3129770.1 hypothetical protein PI126_g20812 [Phytophthora idaei]
Pcub-MSU1_013_000476.1	CAH0485894.1	82.8	483	484	484	5.95e-292	801	99.8	134698	Oomycota	Peronospora	Peronospora farinosa	CAH0485894.1 unnamed protein product [Peronospora farinosa]
Pcub-MSU1_013_000476.1	CAI5735988.1	83.4	483	484	483	2.71e-290	796	99.8	86335	Oomycota	Peronospora	Peronospora destructor	CAI5735988.1 unnamed protein product [Peronospora destructor]
Pcub-MSU1_013_000476.1	UIZ21770.1	82.6	483	484	484	2.82e-290	796	99.8	542832	Oomycota	Peronospora	Peronospora effusa	UIZ21770.1 hypothetical protein KXD40_008760 [Peronospora effusa]
Pcub-MSU1_013_000476.1	RMX66990.1	82.4	483	484	484	1.63e-289	795	99.8	542832	Oomycota	Peronospora	Peronospora effusa	RMX66990.1 hypothetical protein DD238_001637 [Peronospora effusa]
Pcub-MSU1_013_000476.1	CAI5735980.1	82.5	481	484	482	2.04e-287	789	99.4	86335	Oomycota	Peronospora	Peronospora destructor	CAI5735980.1 unnamed protein product [Peronospora destructor]
Pcub-MSU1_013_000117.1	KAG6611989.1	87.4	484	484	484	1.82e-309	845	100	4785	Oomycota	Phytophthora	Phytophthora cinnamomi	KAG6611989.1 Amino Acid/Auxin Permease (AAAP) Family [Phytophthora cinnamomi]
Pcub-MSU1_013_000117.1	CAH0478270.1	88.4	484	484	484	5.21e-309	844	99.8	622444	Oomycota	Peronospora	Peronospora belbahrii	CAH0478270.1 unnamed protein product [Peronospora belbahrii]
Pcub-MSU1_013_000117.1	XP_009536127.1	87.4	484	484	483	1.18e-307	840	100	67593	Oomycota	Phytophthora	Phytophthora sojae	XP_009536127.1 hypothetical protein PHYSODRAFT_255937 [Phytophthora sojae]
Pcub-MSU1_013_000117.1	KAE9218353.1	86.5	483	484	484	2.88e-306	837	99.8	53985	Oomycota	Phytophthora	Phytophthora fragariae	KAE9218353.1 hypothetical protein PF004_g13885 [Phytophthora fragariae]
Pcub-MSU1_013_000117.1	KAE9015645.1	86.5	483	484	484	5.80e-306	836	99.8	129364	Oomycota	Phytophthora	Phytophthora rubi	KAE9015645.1 hypothetical protein PR001_g14850 [Phytophthora rubi]
Pcub-MSU1_013_000117.1	KAE8898360.1	86.3	483	484	484	1.17e-305	835	99.8	53985	Oomycota	Phytophthora	Phytophthora fragariae	KAE8898360.1 hypothetical protein PF003_g17726 [Phytophthora fragariae]
Pcub-MSU1_013_000117.1	KAE9333800.1	86.3	483	484	484	1.66e-305	835	99.8	53985	Oomycota	Phytophthora	Phytophthora fragariae	KAE9333800.1 hypothetical protein PF008_g14267 [Phytophthora fragariae]
Pcub-MSU1_013_000117.1	GMF42075.1	87.0	484	484	484	3.35e-305	834	100	1490495	Oomycota	Phytophthora	Phytophthora fragariaefolia	GMF42075.1 unnamed protein product [Phytophthora fragariaefolia]
Pcub-MSU1_013_000117.1	KAG1685426.1	87.2	485	484	482	5.99e-303	828	100	4784	Oomycota	Phytophthora	Phytophthora capsici	KAG1685426.1 hypothetical protein DVH05_008364 [Phytophthora capsici]
Pcub-MSU1_013_000117.1	GMF32045.1	86.2	485	484	485	1.92e-302	827	100	2077276	Oomycota	Phytophthora	Phytophthora lilii	GMF32045.1 unnamed protein product [Phytophthora lilii]
Pcub-MSU1_013_000117.1	KAK1942491.1	86.8	484	484	482	5.72e-301	823	99.8	4793	Oomycota	Phytophthora	Phytophthora citrophthora	KAK1942491.1 Amino acid transporter ANT1 [Phytophthora citrophthora]
Pcub-MSU1_013_000117.1	KAI9985243.1	86.0	486	484	479	8.45e-300	820	100	4787	Oomycota	Phytophthora	Phytophthora infestans	KAI9985243.1 hypothetical protein PInf_004568 [Phytophthora infestans]
Pcub-MSU1_013_000117.1	KAF4138181.1	86.0	486	484	479	8.45e-300	820	100	4787	Oomycota	Phytophthora	Phytophthora infestans	KAF4138181.1 Transmembrane amino acid transporter protein [Phytophthora infestans]
Pcub-MSU1_013_000117.1	XP_008900059.1	86.0	486	484	532	2.14e-299	822	100	4792;761204;1317063;1317064;1317065;1317066	Oomycota	Phytophthora	Phytophthora nicotianae	XP_008900059.1 hypothetical protein PPTG_07534 [Phytophthora nicotianae INRA-310]
Pcub-MSU1_013_000117.1	XP_002906028.1	86.0	486	484	535	6.85e-299	820	100	403677	Oomycota	Phytophthora	Phytophthora infestans	XP_002906028.1 Amino Acid/Auxin Permease (AAAP) Family [Phytophthora infestans T30-4]
Pcub-MSU1_013_000117.1	ETK94153.1	85.8	486	484	532	8.70e-299	820	100	4792	Oomycota	Phytophthora	Phytophthora nicotianae	ETK94153.1 hypothetical protein L915_02744 [Phytophthora nicotianae]
Pcub-MSU1_013_000117.1	KAG3081203.1	85.6	486	484	480	1.19e-297	815	100	29920	Oomycota	Phytophthora	Phytophthora cactorum	KAG3081203.1 hypothetical protein PC121_g6519 [Phytophthora cactorum]
Pcub-MSU1_013_000117.1	KAG2816782.1	85.4	486	484	480	4.83e-297	813	100	29920	Oomycota	Phytophthora	Phytophthora cactorum	KAG2816782.1 hypothetical protein PC111_g13004 [Phytophthora cactorum]
Pcub-MSU1_013_000117.1	KAG3142572.1	85.4	486	484	480	4.83e-297	813	100	29920	Oomycota	Phytophthora	Phytophthora cactorum	KAG3142572.1 hypothetical protein PC128_g24751 [Phytophthora cactorum]
Pcub-MSU1_013_000117.1	KAG3129770.1	85.2	486	484	480	1.97e-296	812	100	53986;2496075	Oomycota	Phytophthora	Phytophthora idaei;Phytophthora aleatoria	KAG3129770.1 hypothetical protein PI126_g20812 [Phytophthora idaei]
Pcub-MSU1_013_000117.1	CAH0485894.1	82.8	483	484	484	5.95e-292	801	99.8	134698	Oomycota	Peronospora	Peronospora farinosa	CAH0485894.1 unnamed protein product [Peronospora farinosa]
Pcub-MSU1_013_000117.1	CAI5735988.1	83.4	483	484	483	2.71e-290	796	99.8	86335	Oomycota	Peronospora	Peronospora destructor	CAI5735988.1 unnamed protein product [Peronospora destructor]
Pcub-MSU1_013_000117.1	UIZ21770.1	82.6	483	484	484	2.82e-290	796	99.8	542832	Oomycota	Peronospora	Peronospora effusa	UIZ21770.1 hypothetical protein KXD40_008760 [Peronospora effusa]
Pcub-MSU1_013_000117.1	RMX66990.1	82.4	483	484	484	1.63e-289	795	99.8	542832	Oomycota	Peronospora	Peronospora effusa	RMX66990.1 hypothetical protein DD238_001637 [Peronospora effusa]
Pcub-MSU1_013_000117.1	CAI5735980.1	82.5	481	484	482	2.04e-287	789	99.4	86335	Oomycota	Peronospora	Peronospora destructor	CAI5735980.1 unnamed protein product [Peronospora destructor]
Pcub-MSU1_013_000475.1	KAE8884357.1	92.1	266	267	267	1.67e-175	488	99.6	53985	Oomycota	Phytophthora	Phytophthora fragariae	KAE8884357.1 hypothetical protein PF003_g31503 [Phytophthora fragariae]
Pcub-MSU1_013_000475.1	KAE9344642.1	91.7	266	267	267	4.79e-175	487	99.6	129364	Oomycota	Phytophthora	Phytophthora rubi	KAE9344642.1 hypothetical protein PR003_g8364 [Phytophthora rubi]
Pcub-MSU1_013_000475.1	KAK1929896.1	92.1	267	267	267	6.80e-175	486	100	4793	Oomycota	Phytophthora	Phytophthora citrophthora	KAK1929896.1 Membrane steroid-binding protein 2 [Phytophthora citrophthora]
Pcub-MSU1_013_000475.1	KAE9038368.1	91.7	266	267	267	9.66e-175	486	99.6	129364	Oomycota	Phytophthora	Phytophthora rubi	KAE9038368.1 hypothetical protein PR001_g7983 [Phytophthora rubi]
Pcub-MSU1_013_000475.1	KAG1691381.1	91.8	267	267	267	9.66e-175	486	100	4784	Oomycota	Phytophthora	Phytophthora capsici	KAG1691381.1 hypothetical protein DVH05_027043 [Phytophthora capsici]
Pcub-MSU1_013_000475.1	ETI33500.1	91.4	267	267	267	1.37e-174	486	100	4792;1317063;1317064;1317065;1317066	Oomycota	Phytophthora	Phytophthora nicotianae	ETI33500.1 hypothetical protein F443_19810 [Phytophthora nicotianae P1569]
Pcub-MSU1_013_000475.1	KAG2764020.1	92.1	267	267	267	1.37e-174	486	100	29920	Oomycota	Phytophthora	Phytophthora cactorum	KAG2764020.1 hypothetical protein Pcac1_g24305 [Phytophthora cactorum]
Pcub-MSU1_013_000475.1	KAG6621447.1	90.6	267	267	267	2.27e-173	483	100	4785	Oomycota	Phytophthora	Phytophthora cinnamomi	KAG6621447.1 putative heme/steroid binding domain-containing protein [Phytophthora cinnamomi]
Pcub-MSU1_013_000475.1	XP_002896280.1	91.4	266	267	267	9.25e-173	481	99.6	4787;403677	Oomycota	Phytophthora	Phytophthora infestans	XP_002896280.1 heme/steroid binding domain-containing protein, putative [Phytophthora infestans T30-4]
Pcub-MSU1_013_000475.1	KAG3113527.1	91.8	267	267	265	7.06e-172	479	100	53986	Oomycota	Phytophthora	Phytophthora idaei	KAG3113527.1 hypothetical protein PI125_g7245 [Phytophthora idaei]
Pcub-MSU1_013_000475.1	KAE9012243.1	92.1	266	267	538	2.28e-171	488	99.6	53985	Oomycota	Phytophthora	Phytophthora fragariae	KAE9012243.1 hypothetical protein PF011_g8997 [Phytophthora fragariae]
Pcub-MSU1_013_000475.1	RLN64960.1	91.7	266	267	465	3.16e-171	485	99.6	325452	Oomycota	Phytophthora	Phytophthora kernoviae	RLN64960.1 hypothetical protein BBP00_00003107 [Phytophthora kernoviae]
Pcub-MSU1_013_000475.1	KAF4324375.1	91.4	266	267	455	4.51e-171	484	99.6	325452;1284355	Oomycota	Phytophthora	Phytophthora kernoviae	KAF4324375.1 hypothetical protein G195_001119 [Phytophthora kernoviae 00238/432]
Pcub-MSU1_013_000475.1	KAE9345629.1	91.7	266	267	538	3.73e-170	485	99.6	53985	Oomycota	Phytophthora	Phytophthora fragariae	KAE9345629.1 hypothetical protein PF008_g8668 [Phytophthora fragariae]
Pcub-MSU1_013_000475.1	GMF41288.1	89.6	269	267	269	3.88e-170	474	100	1490495	Oomycota	Phytophthora	Phytophthora fragariaefolia	GMF41288.1 unnamed protein product [Phytophthora fragariaefolia]
Pcub-MSU1_013_000475.1	KAG7384290.1	88.8	267	267	267	2.08e-169	473	100	221518	Oomycota	Phytophthora	Phytophthora pseudosyringae	KAG7384290.1 hypothetical protein PHYPSEUDO_002819 [Phytophthora pseudosyringae]
Pcub-MSU1_013_000475.1	KAG7398908.1	91.4	266	267	521	3.46e-169	482	99.6	109152	Oomycota	Phytophthora	Phytophthora boehmeriae	KAG7398908.1 hypothetical protein PHYBOEH_010126 [Phytophthora boehmeriae]
Pcub-MSU1_013_000475.1	RLN51319.1	91.4	266	267	527	4.23e-169	482	99.6	325452	Oomycota	Phytophthora	Phytophthora kernoviae	RLN51319.1 hypothetical protein BBJ29_005117 [Phytophthora kernoviae]
Pcub-MSU1_013_000475.1	KAG2528422.1	91.0	266	267	527	8.51e-169	481	99.6	325452	Oomycota	Phytophthora	Phytophthora kernoviae	KAG2528422.1 hypothetical protein JM16_002846 [Phytophthora kernoviae]
Pcub-MSU1_013_000475.1	KAH7479934.1	91.9	258	267	260	9.34e-169	471	96.6	164328	Oomycota	Phytophthora	Phytophthora ramorum	KAH7479934.1 putative steroid-binding protein 3 [Phytophthora ramorum]
Pcub-MSU1_013_000475.1	CAI5729184.1	88.8	267	267	267	1.71e-168	470	100	134698	Oomycota	Peronospora	Peronospora farinosa	CAI5729184.1 unnamed protein product [Peronospora farinosa]
Pcub-MSU1_013_000475.1	CAI5724739.1	88.8	267	267	267	1.71e-168	470	100	542832	Oomycota	Peronospora	Peronospora effusa	CAI5724739.1 unnamed protein product [Peronospora effusa]
Pcub-MSU1_013_000475.1	CAH0490908.1	88.4	267	267	267	4.90e-168	469	100	134698	Oomycota	Peronospora	Peronospora farinosa	CAH0490908.1 unnamed protein product [Peronospora farinosa]
Pcub-MSU1_013_000475.1	CAI5715068.1	88.8	267	267	267	2.83e-167	467	100	86335	Oomycota	Peronospora	Peronospora destructor	CAI5715068.1 unnamed protein product [Peronospora destructor]
Pcub-MSU1_013_000475.1	GMF19050.1	91.0	266	267	690	1.11e-166	481	99.6	2077276	Oomycota	Phytophthora	Phytophthora lilii	GMF19050.1 unnamed protein product [Phytophthora lilii]
Pcub-MSU1_013_000118.1	KAH7487671.1	85.0	361	361	363	1.23e-220	610	100	164328	Oomycota	Phytophthora	Phytophthora ramorum	KAH7487671.1 Threonylcarbamoyl-AMP synthase [Phytophthora ramorum]
Pcub-MSU1_013_000118.1	KAG6960143.1	84.5	361	361	363	2.48e-220	609	100	2496075	Oomycota	Phytophthora	Phytophthora aleatoria	KAG6960143.1 hypothetical protein JG688_00009735 [Phytophthora aleatoria]
Pcub-MSU1_013_000118.1	KAG1685429.1	85.0	361	361	362	4.82e-220	608	100	4784	Oomycota	Phytophthora	Phytophthora capsici	KAG1685429.1 hypothetical protein DVH05_008367 [Phytophthora capsici]
Pcub-MSU1_013_000118.1	KAF1790117.1	84.2	361	361	363	7.10e-220	608	100	29920	Oomycota	Phytophthora	Phytophthora cactorum	KAF1790117.1 DHBP synthase RibB-like alpha/beta domain [Phytophthora cactorum]
Pcub-MSU1_013_000118.1	KAG2782827.1	84.2	361	361	363	7.10e-220	608	100	29920	Oomycota	Phytophthora	Phytophthora cactorum	KAG2782827.1 hypothetical protein Pcac1_g7476 [Phytophthora cactorum]
Pcub-MSU1_013_000118.1	KAK1942488.1	85.3	361	361	362	9.71e-220	608	100	4793	Oomycota	Phytophthora	Phytophthora citrophthora	KAK1942488.1 Threonylcarbamoyl-AMP synthase [Phytophthora citrophthora]
Pcub-MSU1_013_000118.1	KAG3117776.1	84.2	361	361	363	1.43e-219	607	100	53986	Oomycota	Phytophthora	Phytophthora idaei	KAG3117776.1 hypothetical protein PI125_g3435 [Phytophthora idaei]
Pcub-MSU1_013_000118.1	CAI5735986.1	85.0	361	361	363	2.37e-218	604	100	86335	Oomycota	Peronospora	Peronospora destructor	CAI5735986.1 unnamed protein product [Peronospora destructor]
Pcub-MSU1_013_000118.1	KAE8898368.1	83.9	361	361	363	4.77e-218	603	100	53985;129364	Oomycota	Phytophthora	Phytophthora fragariae;Phytophthora rubi	KAE8898368.1 hypothetical protein PF003_g17728 [Phytophthora fragariae]
Pcub-MSU1_013_000118.1	XP_009536128.1	83.9	361	361	363	1.94e-217	602	100	67593	Oomycota	Phytophthora	Phytophthora sojae	XP_009536128.1 hypothetical protein PHYSODRAFT_549986 [Phytophthora sojae]
Pcub-MSU1_013_000118.1	CAH0485895.1	84.2	361	361	363	2.76e-217	602	100	134698	Oomycota	Peronospora	Peronospora farinosa	CAH0485895.1 unnamed protein product [Peronospora farinosa]
Pcub-MSU1_013_000118.1	ETI54314.1	83.1	361	361	363	1.59e-216	600	100	4792;1317064;1317065	Oomycota	Phytophthora	Phytophthora nicotianae	ETI54314.1 Sua5/YciO/YrdC/YwlC family protein [Phytophthora nicotianae P1569]
Pcub-MSU1_013_000118.1	XP_008900052.1	82.8	361	361	363	4.56e-216	598	100	761204	Oomycota	Phytophthora	Phytophthora nicotianae	XP_008900052.1 Sua5/YciO/YrdC/YwlC family protein [Phytophthora nicotianae INRA-310]
Pcub-MSU1_013_000118.1	ETM53831.1	83.1	361	361	363	9.19e-216	598	100	4792	Oomycota	Phytophthora	Phytophthora nicotianae	ETM53831.1 Sua5/YciO/YrdC/YwlC family protein [Phytophthora nicotianae]
Pcub-MSU1_013_000118.1	ETK94166.1	82.8	361	361	363	1.30e-215	597	100	4792;1317063;1317066	Oomycota	Phytophthora	Phytophthora nicotianae	ETK94166.1 Sua5/YciO/YrdC/YwlC family protein [Phytophthora nicotianae]
Pcub-MSU1_013_000118.1	KUF76439.1	82.8	361	361	363	1.30e-215	597	100	4792	Oomycota	Phytophthora	Phytophthora nicotianae	KUF76439.1 Threonylcarbamoyl-AMP synthase [Phytophthora nicotianae]
Pcub-MSU1_013_000118.1	KAG7397994.1	82.3	361	361	363	3.74e-215	596	100	109152	Oomycota	Phytophthora	Phytophthora boehmeriae	KAG7397994.1 hypothetical protein PHYBOEH_011826 [Phytophthora boehmeriae]
Pcub-MSU1_013_000118.1	CAI5735978.1	83.7	361	361	363	3.74e-215	596	100	86335	Oomycota	Peronospora	Peronospora destructor	CAI5735978.1 unnamed protein product [Peronospora destructor]
Pcub-MSU1_013_000118.1	XP_002906047.1	82.8	361	361	363	5.31e-215	596	100	4787;403677	Oomycota	Phytophthora	Phytophthora infestans	XP_002906047.1 uncharacterized protein PITG_04428 [Phytophthora infestans T30-4]
Pcub-MSU1_013_000118.1	RMX66995.1	83.7	361	361	363	1.07e-214	595	100	542832	Oomycota	Peronospora	Peronospora effusa	RMX66995.1 hypothetical protein DD238_001638 [Peronospora effusa]
Pcub-MSU1_013_000118.1	CAI5731744.1	81.4	361	361	364	2.61e-213	592	100	162125	Oomycota	Hyaloperonospora	Hyaloperonospora brassicae	CAI5731744.1 unnamed protein product [Hyaloperonospora brassicae]
Pcub-MSU1_013_000118.1	KAG6611990.1	82.3	361	361	363	1.45e-212	590	100	4785	Oomycota	Phytophthora	Phytophthora cinnamomi	KAG6611990.1 Sua5/YciO/YrdC/YwlC family protein [Phytophthora cinnamomi]
Pcub-MSU1_013_000118.1	OWZ15995.1	81.4	361	361	362	3.28e-211	586	100	4795	Oomycota	Phytophthora	Phytophthora megakarya	OWZ15995.1 Sua5/YciO/YrdC/YwlC family protein [Phytophthora megakarya]
Pcub-MSU1_013_000118.1	KAG7384715.1	81.4	361	361	363	1.96e-210	584	100	221518	Oomycota	Phytophthora	Phytophthora pseudosyringae	KAG7384715.1 hypothetical protein PHYPSEUDO_002360 [Phytophthora pseudosyringae]
Pcub-MSU1_013_000118.1	CAH0478271.1	81.5	362	361	364	4.78e-209	581	100	622444	Oomycota	Peronospora	Peronospora belbahrii	CAH0478271.1 unnamed protein product [Peronospora belbahrii]
Pcub-MSU1_013_000119.1	KAH7487672.1	85.3	191	307	193	1.01e-99	295	61.6	164328	Oomycota	Phytophthora	Phytophthora ramorum	KAH7487672.1 Vesicle transport protein SFT2B [Phytophthora ramorum]
Pcub-MSU1_013_000119.1	KAG6612049.1	85.3	191	307	194	2.81e-97	289	61.2	4785	Oomycota	Phytophthora	Phytophthora cinnamomi	KAG6612049.1 Transmembrane protein [Phytophthora cinnamomi]
Pcub-MSU1_013_000119.1	KAI9985245.1	81.4	194	307	196	1.99e-95	284	61.6	4787	Oomycota	Phytophthora	Phytophthora infestans	KAI9985245.1 hypothetical protein PInf_004570 [Phytophthora infestans]
Pcub-MSU1_013_000119.1	KAG3071834.1	81.0	195	307	197	1.18e-94	282	61.6	53986	Oomycota	Phytophthora	Phytophthora idaei	KAG3071834.1 hypothetical protein PI125_g22650 [Phytophthora idaei]
Pcub-MSU1_013_000119.1	KAF4045521.1	80.9	194	307	196	2.30e-94	281	61.6	4787	Oomycota	Phytophthora	Phytophthora infestans	KAF4045521.1 Got1/Sft2-like family [Phytophthora infestans]
Pcub-MSU1_013_000119.1	KAG2782829.1	81.0	195	307	197	2.38e-94	281	61.6	29920	Oomycota	Phytophthora	Phytophthora cactorum	KAG2782829.1 hypothetical protein Pcac1_g7474 [Phytophthora cactorum]
Pcub-MSU1_013_000119.1	ETM00638.1	81.3	193	307	195	4.47e-94	281	61.6	4792	Oomycota	Phytophthora	Phytophthora nicotianae	ETM00638.1 hypothetical protein L917_02659 [Phytophthora nicotianae]
Pcub-MSU1_013_000119.1	XP_008900061.1	80.8	193	307	195	9.00e-94	280	61.6	4792;761204;1317063;1317064;1317065;1317066	Oomycota	Phytophthora	Phytophthora nicotianae	XP_008900061.1 hypothetical protein PPTG_07536 [Phytophthora nicotianae INRA-310]
Pcub-MSU1_013_000119.1	KAG1685428.1	82.7	191	307	193	2.40e-93	279	61.6	4784	Oomycota	Phytophthora	Phytophthora capsici	KAG1685428.1 hypothetical protein DVH05_008366 [Phytophthora capsici]
Pcub-MSU1_013_000119.1	KAG2816768.1	78.3	203	307	216	2.12e-92	277	64.2	29920	Oomycota	Phytophthora	Phytophthora cactorum	KAG2816768.1 hypothetical protein PC111_g13002 [Phytophthora cactorum]
Pcub-MSU1_013_000119.1	KAG7384718.1	82.7	191	307	193	6.42e-91	273	61.6	221518	Oomycota	Phytophthora	Phytophthora pseudosyringae	KAG7384718.1 hypothetical protein PHYPSEUDO_002363 [Phytophthora pseudosyringae]
Pcub-MSU1_013_000119.1	KAF4315140.1	80.2	192	307	195	9.74e-91	272	61.2	325452;1284355	Oomycota	Phytophthora	Phytophthora kernoviae	KAF4315140.1 hypothetical protein G195_011348 [Phytophthora kernoviae 00238/432]
Pcub-MSU1_013_000119.1	KAG6960144.1	78.7	202	307	380	6.11e-90	277	61.6	2496075	Oomycota	Phytophthora	Phytophthora aleatoria	KAG6960144.1 hypothetical protein JG688_00009734 [Phytophthora aleatoria]
Pcub-MSU1_013_000119.1	XP_024572198.1	76.3	190	307	193	9.83e-88	265	61.2	4781	Oomycota	Plasmopara	Plasmopara halstedii	XP_024572198.1 vesicle transport protein sft2a [Plasmopara halstedii]
Pcub-MSU1_013_000119.1	POM59392.1	87.1	170	307	173	1.33e-85	258	54.7	4796	Oomycota	Phytophthora	Phytophthora palmivora	POM59392.1 Transmembrane protein [Phytophthora palmivora]
Pcub-MSU1_013_000119.1	CAI5739199.1	77.6	192	307	195	1.98e-85	259	61.2	162125	Oomycota	Hyaloperonospora	Hyaloperonospora brassicae	CAI5739199.1 unnamed protein product [Hyaloperonospora brassicae]
Pcub-MSU1_013_000119.1	POM71009.1	85.9	170	307	173	2.18e-84	255	54.7	4796	Oomycota	Phytophthora	Phytophthora palmivora	POM71009.1 Transmembrane protein [Phytophthora palmivora]
Pcub-MSU1_013_000119.1	KAE9015641.1	76.2	193	307	196	6.71e-84	255	61.2	129364	Oomycota	Phytophthora	Phytophthora rubi	KAE9015641.1 hypothetical protein PR001_g14847 [Phytophthora rubi]
Pcub-MSU1_013_000119.1	KAG7397996.1	77.7	188	307	722	1.84e-82	267	61.2	109152	Oomycota	Phytophthora	Phytophthora boehmeriae	KAG7397996.1 SNW domain-containing protein 1 [Phytophthora boehmeriae]
Pcub-MSU1_013_000119.1	KAE8898365.1	74.6	193	307	196	2.52e-81	248	61.2	53985	Oomycota	Phytophthora	Phytophthora fragariae	KAE8898365.1 hypothetical protein PF003_g17723 [Phytophthora fragariae]
Pcub-MSU1_013_000119.1	OWZ21650.1	76.6	197	307	191	1.73e-80	246	61.9	4795	Oomycota	Phytophthora	Phytophthora megakarya	OWZ21650.1 putative membrane protein [Phytophthora megakarya]
Pcub-MSU1_013_000119.1	RMX66991.1	75.0	192	307	195	1.98e-80	246	61.2	542832	Oomycota	Peronospora	Peronospora effusa	RMX66991.1 hypothetical protein DD238_001636 [Peronospora effusa]
Pcub-MSU1_013_000119.1	CAH0478269.1	69.8	192	307	194	1.09e-79	244	61.6	622444	Oomycota	Peronospora	Peronospora belbahrii	CAH0478269.1 unnamed protein product [Peronospora belbahrii]
Pcub-MSU1_013_000119.1	KUF97536.1	81.8	170	307	170	5.63e-79	241	54.1	4792	Oomycota	Phytophthora	Phytophthora nicotianae	KUF97536.1 Vesicle transport protein SFT2B [Phytophthora nicotianae]
Pcub-MSU1_013_000119.1	CAI5735982.1	72.8	191	307	195	2.99e-77	238	61.2	86335	Oomycota	Peronospora	Peronospora destructor	CAI5735982.1 unnamed protein product [Peronospora destructor]
Pcub-MSU1_013_000474.1	RMX66992.1	82.5	297	293	298	9.57e-157	443	99.7	542832	Oomycota	Peronospora	Peronospora effusa	RMX66992.1 hypothetical protein DD238_001635 [Peronospora effusa]
Pcub-MSU1_013_000474.1	CAI5736053.1	82.4	296	293	297	3.07e-155	439	99.7	86335	Oomycota	Peronospora	Peronospora destructor	CAI5736053.1 unnamed protein product [Peronospora destructor]
Pcub-MSU1_013_000474.1	CAH0485892.1	81.5	297	293	298	2.14e-153	434	99.7	134698	Oomycota	Peronospora	Peronospora farinosa	CAH0485892.1 unnamed protein product [Peronospora farinosa]
Pcub-MSU1_013_000474.1	KAE8898300.1	82.2	275	293	296	4.90e-147	418	93.9	53985	Oomycota	Phytophthora	Phytophthora fragariae	KAE8898300.1 hypothetical protein PF003_g17719 [Phytophthora fragariae]
Pcub-MSU1_013_000474.1	KAG6960146.1	84.5	264	293	282	1.72e-146	416	90.1	2496075	Oomycota	Phytophthora	Phytophthora aleatoria	KAG6960146.1 hypothetical protein JG688_00009740 [Phytophthora aleatoria]
Pcub-MSU1_013_000474.1	KAE9333790.1	81.8	275	293	296	1.99e-146	417	93.9	53985	Oomycota	Phytophthora	Phytophthora fragariae	KAE9333790.1 hypothetical protein PF008_g14275 [Phytophthora fragariae]
Pcub-MSU1_013_000474.1	OWZ15992.1	81.8	269	293	286	3.27e-145	413	91.8	4795	Oomycota	Phytophthora	Phytophthora megakarya	OWZ15992.1 SNARE associated Golgi protein [Phytophthora megakarya]
Pcub-MSU1_013_000474.1	XP_009536123.1	83.6	262	293	265	1.27e-144	411	89.4	67593	Oomycota	Phytophthora	Phytophthora sojae	XP_009536123.1 hypothetical protein PHYSODRAFT_419340, partial [Phytophthora sojae]
Pcub-MSU1_013_000474.1	KAG2782956.1	83.0	264	293	282	2.32e-144	411	90.1	29920	Oomycota	Phytophthora	Phytophthora cactorum	KAG2782956.1 hypothetical protein Pcac1_g7481 [Phytophthora cactorum]
Pcub-MSU1_013_000474.1	XP_002906043.1	83.7	263	293	282	2.32e-144	411	89.8	4787;403677	Oomycota	Phytophthora	Phytophthora infestans	XP_002906043.1 SNARE associated Golgi protein, putative [Phytophthora infestans T30-4]
Pcub-MSU1_013_000474.1	KAI9985258.1	83.3	263	293	282	9.42e-144	409	89.8	4787	Oomycota	Phytophthora	Phytophthora infestans	KAI9985258.1 hypothetical protein PInf_004584 [Phytophthora infestans]
Pcub-MSU1_013_000474.1	KAG3117786.1	82.6	264	293	282	1.34e-143	409	90.1	53986	Oomycota	Phytophthora	Phytophthora idaei	KAG3117786.1 hypothetical protein PI125_g3440 [Phytophthora idaei]
Pcub-MSU1_013_000474.1	KAG6612053.1	84.4	257	293	295	2.12e-143	409	87.7	4785	Oomycota	Phytophthora	Phytophthora cinnamomi	KAG6612053.1 SNARE associated Golgi protein [Phytophthora cinnamomi]
Pcub-MSU1_013_000474.1	KAH7487666.1	80.8	271	293	293	6.56e-142	405	92.5	164328	Oomycota	Phytophthora	Phytophthora ramorum	KAH7487666.1 Transmembrane protein 41A-A [Phytophthora ramorum]
Pcub-MSU1_013_000474.1	KAG7397990.1	75.8	293	293	286	1.03e-141	404	100	109152	Oomycota	Phytophthora	Phytophthora boehmeriae	KAG7397990.1 Transmembrane protein 41A [Phytophthora boehmeriae]
Pcub-MSU1_013_000474.1	ETI54308.1	81.7	268	293	277	6.14e-141	402	91.5	1317065	Oomycota	Phytophthora	Phytophthora nicotianae	ETI54308.1 hypothetical protein F443_02850 [Phytophthora nicotianae P1569]
Pcub-MSU1_013_000474.1	ETL47552.1	81.7	268	293	277	8.71e-141	402	91.5	4792	Oomycota	Phytophthora	Phytophthora nicotianae	ETL47552.1 hypothetical protein L916_02710 [Phytophthora nicotianae]
Pcub-MSU1_013_000474.1	XP_008900046.1	81.7	268	293	277	1.24e-140	401	91.5	761204	Oomycota	Phytophthora	Phytophthora nicotianae	XP_008900046.1 hypothetical protein PPTG_07523 [Phytophthora nicotianae INRA-310]
Pcub-MSU1_013_000474.1	ETM53825.1	81.3	268	293	277	2.49e-140	400	91.5	4792	Oomycota	Phytophthora	Phytophthora nicotianae	ETM53825.1 hypothetical protein L914_02730 [Phytophthora nicotianae]
Pcub-MSU1_013_000474.1	ETM00644.1	81.3	268	293	277	3.54e-140	400	91.5	4792	Oomycota	Phytophthora	Phytophthora nicotianae	ETM00644.1 hypothetical protein L917_02648 [Phytophthora nicotianae]
Pcub-MSU1_013_000474.1	ETK94160.1	81.3	268	293	277	3.54e-140	400	91.5	4792	Oomycota	Phytophthora	Phytophthora nicotianae	ETK94160.1 hypothetical protein L915_02736 [Phytophthora nicotianae]
Pcub-MSU1_013_000474.1	ETO83059.1	81.3	268	293	277	3.54e-140	400	91.5	1317063;1317066	Oomycota	Phytophthora	Phytophthora nicotianae	ETO83059.1 hypothetical protein F444_02861 [Phytophthora nicotianae P1976]
Pcub-MSU1_013_000474.1	KAG1685434.1	80.5	262	293	282	2.43e-139	398	89.4	4784	Oomycota	Phytophthora	Phytophthora capsici	KAG1685434.1 hypothetical protein DVH05_008372 [Phytophthora capsici]
Pcub-MSU1_013_000474.1	KAG1696863.1	80.2	262	293	282	3.45e-139	398	89.4	4784	Oomycota	Phytophthora	Phytophthora capsici	KAG1696863.1 hypothetical protein DVH05_017772 [Phytophthora capsici]
Pcub-MSU1_013_000474.1	RLN56210.1	76.1	285	293	295	1.10e-138	397	97.3	325452	Oomycota	Phytophthora	Phytophthora kernoviae	RLN56210.1 hypothetical protein BBP00_00008119 [Phytophthora kernoviae]
Pcub-MSU1_013_000473.1	KAE8936502.1	60.8	74	76	174	3.19e-23	90.9	97.4	53985	Oomycota	Phytophthora	Phytophthora fragariae	KAE8936502.1 hypothetical protein PF009_g13573 [Phytophthora fragariae]
Pcub-MSU1_013_000473.1	KAE9315424.1	60.8	74	76	191	4.76e-23	90.9	97.4	53985	Oomycota	Phytophthora	Phytophthora fragariae	KAE9315424.1 hypothetical protein PF008_g19250 [Phytophthora fragariae]
Pcub-MSU1_013_000473.1	KAE8880292.1	60.8	74	76	191	4.76e-23	90.9	97.4	53985	Oomycota	Phytophthora	Phytophthora fragariae	KAE8880292.1 hypothetical protein PF003_g35714 [Phytophthora fragariae]
Pcub-MSU1_013_000473.1	KAE8885789.1	59.5	74	76	188	8.86e-23	90.1	97.4	53985	Oomycota	Phytophthora	Phytophthora fragariae	KAE8885789.1 hypothetical protein PF003_g30160 [Phytophthora fragariae]
Pcub-MSU1_013_000473.1	GMF43906.1	57.9	76	76	133	2.60e-22	87.4	100	1490495	Oomycota	Phytophthora	Phytophthora fragariaefolia	GMF43906.1 unnamed protein product [Phytophthora fragariaefolia]
Pcub-MSU1_013_000473.1	GMG16978.1	58.1	74	76	174	1.44e-21	86.7	97.4	1490495	Oomycota	Phytophthora	Phytophthora fragariaefolia	GMG16978.1 unnamed protein product [Phytophthora fragariaefolia]
Pcub-MSU1_013_000473.1	KAE9112541.1	59.5	74	76	373	1.57e-21	90.1	97.4	53985	Oomycota	Phytophthora	Phytophthora fragariae	KAE9112541.1 hypothetical protein PF010_g10412 [Phytophthora fragariae]
Pcub-MSU1_013_000473.1	KAE9344078.1	59.5	74	76	373	1.57e-21	90.1	97.4	53985	Oomycota	Phytophthora	Phytophthora fragariae	KAE9344078.1 hypothetical protein PF008_g9395 [Phytophthora fragariae]
Pcub-MSU1_013_000473.1	KAK1935651.1	55.4	74	76	202	2.69e-21	86.7	97.4	4793	Oomycota	Phytophthora	Phytophthora citrophthora	KAK1935651.1 hypothetical protein P3T76_010346 [Phytophthora citrophthora]
Pcub-MSU1_013_000473.1	GMF18153.1	54.1	74	76	157	7.70e-21	84.3	97.4	2077276	Oomycota	Phytophthora	Phytophthora lilii	GMF18153.1 unnamed protein product [Phytophthora lilii]
Pcub-MSU1_013_000473.1	GMF13643.1	55.4	74	76	262	1.61e-20	85.9	97.4	2077276	Oomycota	Phytophthora	Phytophthora lilii	GMF13643.1 unnamed protein product [Phytophthora lilii]
Pcub-MSU1_013_000473.1	KAK1929780.1	55.4	74	76	422	2.07e-20	87.4	97.4	4793	Oomycota	Phytophthora	Phytophthora citrophthora	KAK1929780.1 Gag-Pol polyprotein [Phytophthora citrophthora]
Pcub-MSU1_013_000473.1	GMG16209.1	59.5	74	76	1173	2.85e-20	87.4	97.4	1490495	Oomycota	Phytophthora	Phytophthora fragariaefolia	GMG16209.1 unnamed protein product [Phytophthora fragariaefolia]
Pcub-MSU1_013_000473.1	KAE9034915.1	58.9	73	76	373	5.66e-20	85.9	96.1	129364	Oomycota	Phytophthora	Phytophthora rubi	KAE9034915.1 hypothetical protein PR002_g7864 [Phytophthora rubi]
Pcub-MSU1_013_000473.1	KAE9180667.1	54.1	74	76	849	1.34e-19	85.5	97.4	53985	Oomycota	Phytophthora	Phytophthora fragariae	KAE9180667.1 hypothetical protein PF004_g24771 [Phytophthora fragariae]
Pcub-MSU1_013_000473.1	KAE9293045.1	54.1	74	76	895	1.35e-19	85.5	97.4	53985	Oomycota	Phytophthora	Phytophthora fragariae	KAE9293045.1 hypothetical protein PF008_g24906 [Phytophthora fragariae]
Pcub-MSU1_013_000473.1	KAE8909345.1	54.1	74	76	895	1.35e-19	85.5	97.4	53985	Oomycota	Phytophthora	Phytophthora fragariae	KAE8909345.1 hypothetical protein PF003_g6753 [Phytophthora fragariae]
Pcub-MSU1_013_000473.1	KAE8972393.1	54.1	74	76	895	1.35e-19	85.5	97.4	53985	Oomycota	Phytophthora	Phytophthora fragariae	KAE8972393.1 hypothetical protein PF011_g25654 [Phytophthora fragariae]
Pcub-MSU1_013_000473.1	KAJ0392800.1	50.0	74	76	787	6.36e-19	83.6	97.4	114742	Oomycota	Pythium	Pythium insidiosum	KAJ0392800.1 hypothetical protein ATCC90586_000007 [Pythium insidiosum]
Pcub-MSU1_013_000473.1	KAE8969903.1	52.7	74	76	1091	1.20e-18	82.8	97.4	129364	Oomycota	Phytophthora	Phytophthora rubi	KAE8969903.1 hypothetical protein PR001_g27363, partial [Phytophthora rubi]
Pcub-MSU1_013_000473.1	KAE8990619.1	52.7	74	76	1092	1.20e-18	82.8	97.4	129364	Oomycota	Phytophthora	Phytophthora rubi	KAE8990619.1 hypothetical protein PR002_g21105 [Phytophthora rubi]
Pcub-MSU1_013_000473.1	KAJ0393400.1	50.7	69	76	1497	4.19e-18	81.3	90.8	114742	Oomycota	Pythium	Pythium insidiosum	KAJ0393400.1 hypothetical protein ATCC90586_004654 [Pythium insidiosum]
Pcub-MSU1_013_000473.1	GMF23687.1	51.4	74	76	430	8.34e-17	77.4	97.4	2077276	Oomycota	Phytophthora	Phytophthora lilii	GMF23687.1 unnamed protein product [Phytophthora lilii]
Pcub-MSU1_013_000473.1	DAZ94213.1	47.2	72	76	515	1.11e-15	74.3	94.7	4803	Oomycota	Lagenidium	Lagenidium giganteum	DAZ94213.1 TPA: hypothetical protein N0F65_001063 [Lagenidium giganteum]
Pcub-MSU1_013_000473.1	XP_009526321.1	48.6	70	76	174	1.99e-15	70.9	92.1	67593	Oomycota	Phytophthora	Phytophthora sojae	XP_009526321.1 hypothetical protein PHYSODRAFT_503830 [Phytophthora sojae]
Pcub-MSU1_013_000469.1	XP_008619546.1	53.3	246	346	278	6.08e-89	272	68.8	1156394	Oomycota	Saprolegnia	Saprolegnia diclina	XP_008619546.1 lathosterol oxidase [Saprolegnia diclina VS20]
Pcub-MSU1_013_000469.1	OQR92105.1	52.0	246	346	278	5.60e-87	267	68.8	1202772	Oomycota	Achlya	Achlya hypogyna	OQR92105.1 sterol-C5-desaturase [Achlya hypogyna]
Pcub-MSU1_013_000469.1	RHY25242.1	52.5	255	346	279	4.66e-86	265	71.4	157072	Oomycota	Aphanomyces	Aphanomyces invadans	RHY25242.1 hypothetical protein DYB32_008439 [Aphanomyces invadans]
Pcub-MSU1_013_000469.1	XP_008871409.1	52.4	250	346	279	1.87e-85	263	69.9	157072	Oomycota	Aphanomyces	Aphanomyces invadans	XP_008871409.1 hypothetical protein H310_07440 [Aphanomyces invadans]
Pcub-MSU1_013_000469.1	XP_009839931.1	50.8	250	346	279	8.57e-84	259	69.9	112090	Oomycota	Aphanomyces	Aphanomyces astaci	XP_009839931.1 hypothetical protein H257_13934 [Aphanomyces astaci]
Pcub-MSU1_013_000469.1	RHY02056.1	50.8	250	346	304	1.91e-83	259	69.9	112090	Oomycota	Aphanomyces	Aphanomyces astaci	RHY02056.1 hypothetical protein DYB25_010867, partial [Aphanomyces astaci]
Pcub-MSU1_013_000469.1	RQM27279.1	50.8	250	346	314	2.62e-83	259	69.9	112090	Oomycota	Aphanomyces	Aphanomyces astaci	RQM27279.1 hypothetical protein B5M09_008499, partial [Aphanomyces astaci]
Pcub-MSU1_013_000469.1	KAF0722303.1	50.0	246	346	279	3.44e-83	258	68.8	100861	Oomycota	Aphanomyces	Aphanomyces euteiches	KAF0722303.1 hypothetical protein Ae201684_018519 [Aphanomyces euteiches]
Pcub-MSU1_013_000469.1	KAH9092419.1	50.0	246	346	279	3.44e-83	258	68.8	100861	Oomycota	Aphanomyces	Aphanomyces euteiches	KAH9092419.1 hypothetical protein LEN26_018412 [Aphanomyces euteiches]
Pcub-MSU1_013_000469.1	OQR92172.1	49.6	252	346	279	3.44e-83	258	69.9	74557	Oomycota	Thraustotheca	Thraustotheca clavata	OQR92172.1 sterol-C5-desaturase [Thraustotheca clavata]
Pcub-MSU1_013_000469.1	KAG9403680.1	48.6	257	346	275	2.43e-82	255	72.0	112091	Oomycota	Aphanomyces	Aphanomyces cochlioides	KAG9403680.1 Lathosterol oxidase [Aphanomyces cochlioides]
Pcub-MSU1_013_000469.1	KAJ0407272.1	49.0	241	346	261	4.38e-82	254	69.7	114742	Oomycota	Pythium	Pythium insidiosum	KAJ0407272.1 hypothetical protein P43SY_008047 [Pythium insidiosum]
Pcub-MSU1_013_000469.1	DBA03113.1	46.4	239	346	267	5.32e-82	254	69.1	4803	Oomycota	Lagenidium	Lagenidium giganteum	DBA03113.1 TPA: hypothetical protein N0F65_003360 [Lagenidium giganteum]
Pcub-MSU1_013_000469.1	KAJ0411403.1	49.4	241	346	261	6.20e-82	254	69.7	114742	Oomycota	Pythium	Pythium insidiosum	KAJ0411403.1 hypothetical protein ATCC90586_004389 [Pythium insidiosum]
Pcub-MSU1_013_000469.1	KAH9127678.1	49.6	246	346	279	1.11e-81	254	68.8	100861	Oomycota	Aphanomyces	Aphanomyces euteiches	KAH9127678.1 hypothetical protein AeMF1_002064 [Aphanomyces euteiches]
Pcub-MSU1_013_000469.1	KAF0690516.1	49.6	250	346	392	6.30e-81	256	69.9	120398	Oomycota	Aphanomyces	Aphanomyces stellatus	KAF0690516.1 hypothetical protein As57867_018044 [Aphanomyces stellatus]
Pcub-MSU1_013_000469.1	RHZ01420.1	50.8	250	346	562	2.66e-80	259	69.9	112090	Oomycota	Aphanomyces	Aphanomyces astaci	RHZ01420.1 hypothetical protein DYB35_003369 [Aphanomyces astaci]
Pcub-MSU1_013_000469.1	ETK84092.1	49.4	243	346	264	8.85e-80	248	69.9	4792	Oomycota	Phytophthora	Phytophthora nicotianae	ETK84092.1 hypothetical protein L915_10895 [Phytophthora nicotianae]
Pcub-MSU1_013_000469.1	ETL90662.1	49.4	243	346	264	8.85e-80	248	69.9	4792;1317063	Oomycota	Phytophthora	Phytophthora nicotianae	ETL90662.1 hypothetical protein L917_10697 [Phytophthora nicotianae]
Pcub-MSU1_013_000469.1	KUF80748.1	49.4	243	346	264	8.85e-80	248	69.9	4792	Oomycota	Phytophthora	Phytophthora nicotianae	KUF80748.1 Lathosterol oxidase [Phytophthora nicotianae]
Pcub-MSU1_013_000469.1	XP_008907175.1	49.4	243	346	264	1.77e-79	248	69.9	4792;761204;1317064;1317065	Oomycota	Phytophthora	Phytophthora nicotianae	XP_008907175.1 hypothetical protein PPTG_13327 [Phytophthora nicotianae INRA-310]
Pcub-MSU1_013_000469.1	ETL37531.1	49.4	243	346	264	1.77e-79	248	69.9	4792	Oomycota	Phytophthora	Phytophthora nicotianae	ETL37531.1 hypothetical protein L916_10787 [Phytophthora nicotianae]
Pcub-MSU1_013_000469.1	RLN94485.1	46.4	252	346	274	6.93e-79	246	72.3	2483409	Oomycota	Nothophytophthora	Nothophytophthora sp. Chile5	RLN94485.1 hypothetical protein BBJ28_00006215 [Nothophytophthora sp. Chile5]
Pcub-MSU1_013_000469.1	ETO72742.1	49.4	243	346	264	7.11e-79	246	69.9	1317066	Oomycota	Phytophthora	Phytophthora nicotianae	ETO72742.1 hypothetical protein F444_11242 [Phytophthora nicotianae P1976]
Pcub-MSU1_013_000469.1	RLN72747.1	48.0	252	346	274	9.80e-79	246	72.3	2483409	Oomycota	Nothophytophthora	Nothophytophthora sp. Chile5	RLN72747.1 hypothetical protein BBJ28_00016671 [Nothophytophthora sp. Chile5]
Pcub-MSU1_013_000120.1	XP_012213374.1	55.2	67	184	272	3.63e-13	70.5	36.4	695850	Oomycota	Saprolegnia	Saprolegnia parasitica	XP_012213374.1 hypothetical protein SPRG_18544 [Saprolegnia parasitica CBS 223.65]
Pcub-MSU1_013_000120.1	XP_012206366.1	53.7	67	184	270	9.37e-13	69.3	36.4	695850	Oomycota	Saprolegnia	Saprolegnia parasitica	XP_012206366.1 hypothetical protein SPRG_11773 [Saprolegnia parasitica CBS 223.65]
Pcub-MSU1_013_000120.1	XP_008619546.1	52.2	67	184	278	1.40e-12	68.9	36.4	1156394	Oomycota	Saprolegnia	Saprolegnia diclina	XP_008619546.1 lathosterol oxidase [Saprolegnia diclina VS20]
Pcub-MSU1_013_000120.1	OQR92105.1	52.2	67	184	278	6.93e-12	67.0	36.4	1202772	Oomycota	Achlya	Achlya hypogyna	OQR92105.1 sterol-C5-desaturase [Achlya hypogyna]
Pcub-MSU1_013_000120.1	OQR92172.1	46.5	71	184	279	1.23e-10	63.5	38.6	74557	Oomycota	Thraustotheca	Thraustotheca clavata	OQR92172.1 sterol-C5-desaturase [Thraustotheca clavata]
Pcub-MSU1_013_000120.1	DBA03113.1	40.0	70	184	267	1.53e-10	63.2	38.0	4803	Oomycota	Lagenidium	Lagenidium giganteum	DBA03113.1 TPA: hypothetical protein N0F65_003360 [Lagenidium giganteum]
Pcub-MSU1_013_000120.1	RLN72747.1	47.1	70	184	274	2.23e-10	62.8	38.0	2483409	Oomycota	Nothophytophthora	Nothophytophthora sp. Chile5	RLN72747.1 hypothetical protein BBJ28_00016671 [Nothophytophthora sp. Chile5]
Pcub-MSU1_013_000120.1	RHY25242.1	50.7	71	184	279	2.31e-10	62.8	38.6	157072	Oomycota	Aphanomyces	Aphanomyces invadans	RHY25242.1 hypothetical protein DYB32_008439 [Aphanomyces invadans]
Pcub-MSU1_013_000120.1	XP_008871409.1	50.7	71	184	279	3.17e-10	62.4	38.6	157072	Oomycota	Aphanomyces	Aphanomyces invadans	XP_008871409.1 hypothetical protein H310_07440 [Aphanomyces invadans]
Pcub-MSU1_013_000120.1	XP_009839931.1	47.9	71	184	279	4.34e-10	62.0	38.6	112090	Oomycota	Aphanomyces	Aphanomyces astaci	XP_009839931.1 hypothetical protein H257_13934 [Aphanomyces astaci]
Pcub-MSU1_013_000120.1	RHY02056.1	47.9	71	184	304	5.03e-10	62.0	38.6	112090	Oomycota	Aphanomyces	Aphanomyces astaci	RHY02056.1 hypothetical protein DYB25_010867, partial [Aphanomyces astaci]
Pcub-MSU1_013_000120.1	KAJ0407272.1	42.9	70	184	261	5.21e-10	61.6	38.0	114742	Oomycota	Pythium	Pythium insidiosum	KAJ0407272.1 hypothetical protein P43SY_008047 [Pythium insidiosum]
Pcub-MSU1_013_000120.1	RQM27279.1	47.9	71	184	314	5.27e-10	62.0	38.6	112090	Oomycota	Aphanomyces	Aphanomyces astaci	RQM27279.1 hypothetical protein B5M09_008499, partial [Aphanomyces astaci]
Pcub-MSU1_013_000120.1	RHY87517.1	47.9	71	184	331	5.63e-10	62.0	38.6	112090	Oomycota	Aphanomyces	Aphanomyces astaci	RHY87517.1 hypothetical protein DYB31_016390 [Aphanomyces astaci]
Pcub-MSU1_013_000120.1	DBA03114.1	41.4	70	184	261	7.16e-10	61.2	38.0	4803	Oomycota	Lagenidium	Lagenidium giganteum	DBA03114.1 TPA: hypothetical protein N0F65_003361 [Lagenidium giganteum]
Pcub-MSU1_013_000120.1	RHZ01420.1	47.9	71	184	562	7.40e-10	62.0	38.6	112090	Oomycota	Aphanomyces	Aphanomyces astaci	RHZ01420.1 hypothetical protein DYB35_003369 [Aphanomyces astaci]
Pcub-MSU1_013_000120.1	KAJ0411403.1	42.9	70	184	261	1.85e-09	60.1	38.0	114742	Oomycota	Pythium	Pythium insidiosum	KAJ0411403.1 hypothetical protein ATCC90586_004389 [Pythium insidiosum]
Pcub-MSU1_013_000120.1	TMW66660.1	42.9	70	184	261	1.85e-09	60.1	38.0	41045	Oomycota	Pythium	Pythium oligandrum	TMW66660.1 hypothetical protein Poli38472_013972 [Pythium oligandrum]
Pcub-MSU1_013_000120.1	KAF0690516.1	46.2	65	184	392	2.21e-09	60.5	35.3	120398	Oomycota	Aphanomyces	Aphanomyces stellatus	KAF0690516.1 hypothetical protein As57867_018044 [Aphanomyces stellatus]
Pcub-MSU1_013_000120.1	KAH9127678.1	43.3	67	184	279	3.92e-09	59.3	36.4	100861	Oomycota	Aphanomyces	Aphanomyces euteiches	KAH9127678.1 hypothetical protein AeMF1_002064 [Aphanomyces euteiches]
Pcub-MSU1_013_000120.1	KAF0722303.1	43.3	67	184	279	3.92e-09	59.3	36.4	100861	Oomycota	Aphanomyces	Aphanomyces euteiches	KAF0722303.1 hypothetical protein Ae201684_018519 [Aphanomyces euteiches]
Pcub-MSU1_013_000120.1	KAH9092419.1	43.3	67	184	279	3.92e-09	59.3	36.4	100861	Oomycota	Aphanomyces	Aphanomyces euteiches	KAH9092419.1 hypothetical protein LEN26_018412 [Aphanomyces euteiches]
Pcub-MSU1_013_000120.1	KAF4038914.1	44.3	70	184	264	4.88e-09	58.9	38.0	4787	Oomycota	Phytophthora	Phytophthora infestans	KAF4038914.1 Fatty acid hydroxylase superfamily [Phytophthora infestans]
Pcub-MSU1_013_000120.1	KAI9996034.1	44.3	70	184	264	4.88e-09	58.9	38.0	4787	Oomycota	Phytophthora	Phytophthora infestans	KAI9996034.1 hypothetical protein PInf_013212 [Phytophthora infestans]
Pcub-MSU1_013_000120.1	XP_002894944.1	44.3	70	184	275	5.24e-09	58.9	38.0	403677	Oomycota	Phytophthora	Phytophthora infestans	XP_002894944.1 C-5 sterol desaturase, putative [Phytophthora infestans T30-4]
Pcub-MSU1_013_000121.1	XP_012213374.1	55.2	67	184	272	3.63e-13	70.5	36.4	695850	Oomycota	Saprolegnia	Saprolegnia parasitica	XP_012213374.1 hypothetical protein SPRG_18544 [Saprolegnia parasitica CBS 223.65]
Pcub-MSU1_013_000121.1	XP_012206366.1	53.7	67	184	270	9.37e-13	69.3	36.4	695850	Oomycota	Saprolegnia	Saprolegnia parasitica	XP_012206366.1 hypothetical protein SPRG_11773 [Saprolegnia parasitica CBS 223.65]
Pcub-MSU1_013_000121.1	XP_008619546.1	52.2	67	184	278	1.40e-12	68.9	36.4	1156394	Oomycota	Saprolegnia	Saprolegnia diclina	XP_008619546.1 lathosterol oxidase [Saprolegnia diclina VS20]
Pcub-MSU1_013_000121.1	OQR92105.1	52.2	67	184	278	6.93e-12	67.0	36.4	1202772	Oomycota	Achlya	Achlya hypogyna	OQR92105.1 sterol-C5-desaturase [Achlya hypogyna]
Pcub-MSU1_013_000121.1	OQR92172.1	46.5	71	184	279	1.23e-10	63.5	38.6	74557	Oomycota	Thraustotheca	Thraustotheca clavata	OQR92172.1 sterol-C5-desaturase [Thraustotheca clavata]
Pcub-MSU1_013_000121.1	DBA03113.1	40.0	70	184	267	1.53e-10	63.2	38.0	4803	Oomycota	Lagenidium	Lagenidium giganteum	DBA03113.1 TPA: hypothetical protein N0F65_003360 [Lagenidium giganteum]
Pcub-MSU1_013_000121.1	RLN72747.1	47.1	70	184	274	2.23e-10	62.8	38.0	2483409	Oomycota	Nothophytophthora	Nothophytophthora sp. Chile5	RLN72747.1 hypothetical protein BBJ28_00016671 [Nothophytophthora sp. Chile5]
Pcub-MSU1_013_000121.1	RHY25242.1	50.7	71	184	279	2.31e-10	62.8	38.6	157072	Oomycota	Aphanomyces	Aphanomyces invadans	RHY25242.1 hypothetical protein DYB32_008439 [Aphanomyces invadans]
Pcub-MSU1_013_000121.1	XP_008871409.1	50.7	71	184	279	3.17e-10	62.4	38.6	157072	Oomycota	Aphanomyces	Aphanomyces invadans	XP_008871409.1 hypothetical protein H310_07440 [Aphanomyces invadans]
Pcub-MSU1_013_000121.1	XP_009839931.1	47.9	71	184	279	4.34e-10	62.0	38.6	112090	Oomycota	Aphanomyces	Aphanomyces astaci	XP_009839931.1 hypothetical protein H257_13934 [Aphanomyces astaci]
Pcub-MSU1_013_000121.1	RHY02056.1	47.9	71	184	304	5.03e-10	62.0	38.6	112090	Oomycota	Aphanomyces	Aphanomyces astaci	RHY02056.1 hypothetical protein DYB25_010867, partial [Aphanomyces astaci]
Pcub-MSU1_013_000121.1	KAJ0407272.1	42.9	70	184	261	5.21e-10	61.6	38.0	114742	Oomycota	Pythium	Pythium insidiosum	KAJ0407272.1 hypothetical protein P43SY_008047 [Pythium insidiosum]
Pcub-MSU1_013_000121.1	RQM27279.1	47.9	71	184	314	5.27e-10	62.0	38.6	112090	Oomycota	Aphanomyces	Aphanomyces astaci	RQM27279.1 hypothetical protein B5M09_008499, partial [Aphanomyces astaci]
Pcub-MSU1_013_000121.1	RHY87517.1	47.9	71	184	331	5.63e-10	62.0	38.6	112090	Oomycota	Aphanomyces	Aphanomyces astaci	RHY87517.1 hypothetical protein DYB31_016390 [Aphanomyces astaci]
Pcub-MSU1_013_000121.1	DBA03114.1	41.4	70	184	261	7.16e-10	61.2	38.0	4803	Oomycota	Lagenidium	Lagenidium giganteum	DBA03114.1 TPA: hypothetical protein N0F65_003361 [Lagenidium giganteum]
Pcub-MSU1_013_000121.1	RHZ01420.1	47.9	71	184	562	7.40e-10	62.0	38.6	112090	Oomycota	Aphanomyces	Aphanomyces astaci	RHZ01420.1 hypothetical protein DYB35_003369 [Aphanomyces astaci]
Pcub-MSU1_013_000121.1	KAJ0411403.1	42.9	70	184	261	1.85e-09	60.1	38.0	114742	Oomycota	Pythium	Pythium insidiosum	KAJ0411403.1 hypothetical protein ATCC90586_004389 [Pythium insidiosum]
Pcub-MSU1_013_000121.1	TMW66660.1	42.9	70	184	261	1.85e-09	60.1	38.0	41045	Oomycota	Pythium	Pythium oligandrum	TMW66660.1 hypothetical protein Poli38472_013972 [Pythium oligandrum]
Pcub-MSU1_013_000121.1	KAF0690516.1	46.2	65	184	392	2.21e-09	60.5	35.3	120398	Oomycota	Aphanomyces	Aphanomyces stellatus	KAF0690516.1 hypothetical protein As57867_018044 [Aphanomyces stellatus]
Pcub-MSU1_013_000121.1	KAH9127678.1	43.3	67	184	279	3.92e-09	59.3	36.4	100861	Oomycota	Aphanomyces	Aphanomyces euteiches	KAH9127678.1 hypothetical protein AeMF1_002064 [Aphanomyces euteiches]
Pcub-MSU1_013_000121.1	KAF0722303.1	43.3	67	184	279	3.92e-09	59.3	36.4	100861	Oomycota	Aphanomyces	Aphanomyces euteiches	KAF0722303.1 hypothetical protein Ae201684_018519 [Aphanomyces euteiches]
Pcub-MSU1_013_000121.1	KAH9092419.1	43.3	67	184	279	3.92e-09	59.3	36.4	100861	Oomycota	Aphanomyces	Aphanomyces euteiches	KAH9092419.1 hypothetical protein LEN26_018412 [Aphanomyces euteiches]
Pcub-MSU1_013_000121.1	KAF4038914.1	44.3	70	184	264	4.88e-09	58.9	38.0	4787	Oomycota	Phytophthora	Phytophthora infestans	KAF4038914.1 Fatty acid hydroxylase superfamily [Phytophthora infestans]
Pcub-MSU1_013_000121.1	KAI9996034.1	44.3	70	184	264	4.88e-09	58.9	38.0	4787	Oomycota	Phytophthora	Phytophthora infestans	KAI9996034.1 hypothetical protein PInf_013212 [Phytophthora infestans]
Pcub-MSU1_013_000121.1	XP_002894944.1	44.3	70	184	275	5.24e-09	58.9	38.0	403677	Oomycota	Phytophthora	Phytophthora infestans	XP_002894944.1 C-5 sterol desaturase, putative [Phytophthora infestans T30-4]
Pcub-MSU1_013_000122.1	XP_012213374.1	55.2	67	184	272	3.63e-13	70.5	36.4	695850	Oomycota	Saprolegnia	Saprolegnia parasitica	XP_012213374.1 hypothetical protein SPRG_18544 [Saprolegnia parasitica CBS 223.65]
Pcub-MSU1_013_000122.1	XP_012206366.1	53.7	67	184	270	9.37e-13	69.3	36.4	695850	Oomycota	Saprolegnia	Saprolegnia parasitica	XP_012206366.1 hypothetical protein SPRG_11773 [Saprolegnia parasitica CBS 223.65]
Pcub-MSU1_013_000122.1	XP_008619546.1	52.2	67	184	278	1.40e-12	68.9	36.4	1156394	Oomycota	Saprolegnia	Saprolegnia diclina	XP_008619546.1 lathosterol oxidase [Saprolegnia diclina VS20]
Pcub-MSU1_013_000122.1	OQR92105.1	52.2	67	184	278	6.93e-12	67.0	36.4	1202772	Oomycota	Achlya	Achlya hypogyna	OQR92105.1 sterol-C5-desaturase [Achlya hypogyna]
Pcub-MSU1_013_000122.1	OQR92172.1	46.5	71	184	279	1.23e-10	63.5	38.6	74557	Oomycota	Thraustotheca	Thraustotheca clavata	OQR92172.1 sterol-C5-desaturase [Thraustotheca clavata]
Pcub-MSU1_013_000122.1	DBA03113.1	40.0	70	184	267	1.53e-10	63.2	38.0	4803	Oomycota	Lagenidium	Lagenidium giganteum	DBA03113.1 TPA: hypothetical protein N0F65_003360 [Lagenidium giganteum]
Pcub-MSU1_013_000122.1	RLN72747.1	47.1	70	184	274	2.23e-10	62.8	38.0	2483409	Oomycota	Nothophytophthora	Nothophytophthora sp. Chile5	RLN72747.1 hypothetical protein BBJ28_00016671 [Nothophytophthora sp. Chile5]
Pcub-MSU1_013_000122.1	RHY25242.1	50.7	71	184	279	2.31e-10	62.8	38.6	157072	Oomycota	Aphanomyces	Aphanomyces invadans	RHY25242.1 hypothetical protein DYB32_008439 [Aphanomyces invadans]
Pcub-MSU1_013_000122.1	XP_008871409.1	50.7	71	184	279	3.17e-10	62.4	38.6	157072	Oomycota	Aphanomyces	Aphanomyces invadans	XP_008871409.1 hypothetical protein H310_07440 [Aphanomyces invadans]
Pcub-MSU1_013_000122.1	XP_009839931.1	47.9	71	184	279	4.34e-10	62.0	38.6	112090	Oomycota	Aphanomyces	Aphanomyces astaci	XP_009839931.1 hypothetical protein H257_13934 [Aphanomyces astaci]
Pcub-MSU1_013_000122.1	RHY02056.1	47.9	71	184	304	5.03e-10	62.0	38.6	112090	Oomycota	Aphanomyces	Aphanomyces astaci	RHY02056.1 hypothetical protein DYB25_010867, partial [Aphanomyces astaci]
Pcub-MSU1_013_000122.1	KAJ0407272.1	42.9	70	184	261	5.21e-10	61.6	38.0	114742	Oomycota	Pythium	Pythium insidiosum	KAJ0407272.1 hypothetical protein P43SY_008047 [Pythium insidiosum]
Pcub-MSU1_013_000122.1	RQM27279.1	47.9	71	184	314	5.27e-10	62.0	38.6	112090	Oomycota	Aphanomyces	Aphanomyces astaci	RQM27279.1 hypothetical protein B5M09_008499, partial [Aphanomyces astaci]
Pcub-MSU1_013_000122.1	RHY87517.1	47.9	71	184	331	5.63e-10	62.0	38.6	112090	Oomycota	Aphanomyces	Aphanomyces astaci	RHY87517.1 hypothetical protein DYB31_016390 [Aphanomyces astaci]
Pcub-MSU1_013_000122.1	DBA03114.1	41.4	70	184	261	7.16e-10	61.2	38.0	4803	Oomycota	Lagenidium	Lagenidium giganteum	DBA03114.1 TPA: hypothetical protein N0F65_003361 [Lagenidium giganteum]
Pcub-MSU1_013_000122.1	RHZ01420.1	47.9	71	184	562	7.40e-10	62.0	38.6	112090	Oomycota	Aphanomyces	Aphanomyces astaci	RHZ01420.1 hypothetical protein DYB35_003369 [Aphanomyces astaci]
Pcub-MSU1_013_000122.1	KAJ0411403.1	42.9	70	184	261	1.85e-09	60.1	38.0	114742	Oomycota	Pythium	Pythium insidiosum	KAJ0411403.1 hypothetical protein ATCC90586_004389 [Pythium insidiosum]
Pcub-MSU1_013_000122.1	TMW66660.1	42.9	70	184	261	1.85e-09	60.1	38.0	41045	Oomycota	Pythium	Pythium oligandrum	TMW66660.1 hypothetical protein Poli38472_013972 [Pythium oligandrum]
Pcub-MSU1_013_000122.1	KAF0690516.1	46.2	65	184	392	2.21e-09	60.5	35.3	120398	Oomycota	Aphanomyces	Aphanomyces stellatus	KAF0690516.1 hypothetical protein As57867_018044 [Aphanomyces stellatus]
Pcub-MSU1_013_000122.1	KAH9127678.1	43.3	67	184	279	3.92e-09	59.3	36.4	100861	Oomycota	Aphanomyces	Aphanomyces euteiches	KAH9127678.1 hypothetical protein AeMF1_002064 [Aphanomyces euteiches]
Pcub-MSU1_013_000122.1	KAF0722303.1	43.3	67	184	279	3.92e-09	59.3	36.4	100861	Oomycota	Aphanomyces	Aphanomyces euteiches	KAF0722303.1 hypothetical protein Ae201684_018519 [Aphanomyces euteiches]
Pcub-MSU1_013_000122.1	KAH9092419.1	43.3	67	184	279	3.92e-09	59.3	36.4	100861	Oomycota	Aphanomyces	Aphanomyces euteiches	KAH9092419.1 hypothetical protein LEN26_018412 [Aphanomyces euteiches]
Pcub-MSU1_013_000122.1	KAF4038914.1	44.3	70	184	264	4.88e-09	58.9	38.0	4787	Oomycota	Phytophthora	Phytophthora infestans	KAF4038914.1 Fatty acid hydroxylase superfamily [Phytophthora infestans]
Pcub-MSU1_013_000122.1	KAI9996034.1	44.3	70	184	264	4.88e-09	58.9	38.0	4787	Oomycota	Phytophthora	Phytophthora infestans	KAI9996034.1 hypothetical protein PInf_013212 [Phytophthora infestans]
Pcub-MSU1_013_000122.1	XP_002894944.1	44.3	70	184	275	5.24e-09	58.9	38.0	403677	Oomycota	Phytophthora	Phytophthora infestans	XP_002894944.1 C-5 sterol desaturase, putative [Phytophthora infestans T30-4]
Pcub-MSU1_013_000123.1	XP_012213374.1	55.2	67	184	272	3.63e-13	70.5	36.4	695850	Oomycota	Saprolegnia	Saprolegnia parasitica	XP_012213374.1 hypothetical protein SPRG_18544 [Saprolegnia parasitica CBS 223.65]
Pcub-MSU1_013_000123.1	XP_012206366.1	53.7	67	184	270	9.37e-13	69.3	36.4	695850	Oomycota	Saprolegnia	Saprolegnia parasitica	XP_012206366.1 hypothetical protein SPRG_11773 [Saprolegnia parasitica CBS 223.65]
Pcub-MSU1_013_000123.1	XP_008619546.1	52.2	67	184	278	1.40e-12	68.9	36.4	1156394	Oomycota	Saprolegnia	Saprolegnia diclina	XP_008619546.1 lathosterol oxidase [Saprolegnia diclina VS20]
Pcub-MSU1_013_000123.1	OQR92105.1	52.2	67	184	278	6.93e-12	67.0	36.4	1202772	Oomycota	Achlya	Achlya hypogyna	OQR92105.1 sterol-C5-desaturase [Achlya hypogyna]
Pcub-MSU1_013_000123.1	OQR92172.1	46.5	71	184	279	1.23e-10	63.5	38.6	74557	Oomycota	Thraustotheca	Thraustotheca clavata	OQR92172.1 sterol-C5-desaturase [Thraustotheca clavata]
Pcub-MSU1_013_000123.1	DBA03113.1	40.0	70	184	267	1.53e-10	63.2	38.0	4803	Oomycota	Lagenidium	Lagenidium giganteum	DBA03113.1 TPA: hypothetical protein N0F65_003360 [Lagenidium giganteum]
Pcub-MSU1_013_000123.1	RLN72747.1	47.1	70	184	274	2.23e-10	62.8	38.0	2483409	Oomycota	Nothophytophthora	Nothophytophthora sp. Chile5	RLN72747.1 hypothetical protein BBJ28_00016671 [Nothophytophthora sp. Chile5]
Pcub-MSU1_013_000123.1	RHY25242.1	50.7	71	184	279	2.31e-10	62.8	38.6	157072	Oomycota	Aphanomyces	Aphanomyces invadans	RHY25242.1 hypothetical protein DYB32_008439 [Aphanomyces invadans]
Pcub-MSU1_013_000123.1	XP_008871409.1	50.7	71	184	279	3.17e-10	62.4	38.6	157072	Oomycota	Aphanomyces	Aphanomyces invadans	XP_008871409.1 hypothetical protein H310_07440 [Aphanomyces invadans]
Pcub-MSU1_013_000123.1	XP_009839931.1	47.9	71	184	279	4.34e-10	62.0	38.6	112090	Oomycota	Aphanomyces	Aphanomyces astaci	XP_009839931.1 hypothetical protein H257_13934 [Aphanomyces astaci]
Pcub-MSU1_013_000123.1	RHY02056.1	47.9	71	184	304	5.03e-10	62.0	38.6	112090	Oomycota	Aphanomyces	Aphanomyces astaci	RHY02056.1 hypothetical protein DYB25_010867, partial [Aphanomyces astaci]
Pcub-MSU1_013_000123.1	KAJ0407272.1	42.9	70	184	261	5.21e-10	61.6	38.0	114742	Oomycota	Pythium	Pythium insidiosum	KAJ0407272.1 hypothetical protein P43SY_008047 [Pythium insidiosum]
Pcub-MSU1_013_000123.1	RQM27279.1	47.9	71	184	314	5.27e-10	62.0	38.6	112090	Oomycota	Aphanomyces	Aphanomyces astaci	RQM27279.1 hypothetical protein B5M09_008499, partial [Aphanomyces astaci]
Pcub-MSU1_013_000123.1	RHY87517.1	47.9	71	184	331	5.63e-10	62.0	38.6	112090	Oomycota	Aphanomyces	Aphanomyces astaci	RHY87517.1 hypothetical protein DYB31_016390 [Aphanomyces astaci]
Pcub-MSU1_013_000123.1	DBA03114.1	41.4	70	184	261	7.16e-10	61.2	38.0	4803	Oomycota	Lagenidium	Lagenidium giganteum	DBA03114.1 TPA: hypothetical protein N0F65_003361 [Lagenidium giganteum]
Pcub-MSU1_013_000123.1	RHZ01420.1	47.9	71	184	562	7.40e-10	62.0	38.6	112090	Oomycota	Aphanomyces	Aphanomyces astaci	RHZ01420.1 hypothetical protein DYB35_003369 [Aphanomyces astaci]
Pcub-MSU1_013_000123.1	KAJ0411403.1	42.9	70	184	261	1.85e-09	60.1	38.0	114742	Oomycota	Pythium	Pythium insidiosum	KAJ0411403.1 hypothetical protein ATCC90586_004389 [Pythium insidiosum]
Pcub-MSU1_013_000123.1	TMW66660.1	42.9	70	184	261	1.85e-09	60.1	38.0	41045	Oomycota	Pythium	Pythium oligandrum	TMW66660.1 hypothetical protein Poli38472_013972 [Pythium oligandrum]
Pcub-MSU1_013_000123.1	KAF0690516.1	46.2	65	184	392	2.21e-09	60.5	35.3	120398	Oomycota	Aphanomyces	Aphanomyces stellatus	KAF0690516.1 hypothetical protein As57867_018044 [Aphanomyces stellatus]
Pcub-MSU1_013_000123.1	KAH9127678.1	43.3	67	184	279	3.92e-09	59.3	36.4	100861	Oomycota	Aphanomyces	Aphanomyces euteiches	KAH9127678.1 hypothetical protein AeMF1_002064 [Aphanomyces euteiches]
Pcub-MSU1_013_000123.1	KAF0722303.1	43.3	67	184	279	3.92e-09	59.3	36.4	100861	Oomycota	Aphanomyces	Aphanomyces euteiches	KAF0722303.1 hypothetical protein Ae201684_018519 [Aphanomyces euteiches]
Pcub-MSU1_013_000123.1	KAH9092419.1	43.3	67	184	279	3.92e-09	59.3	36.4	100861	Oomycota	Aphanomyces	Aphanomyces euteiches	KAH9092419.1 hypothetical protein LEN26_018412 [Aphanomyces euteiches]
Pcub-MSU1_013_000123.1	KAF4038914.1	44.3	70	184	264	4.88e-09	58.9	38.0	4787	Oomycota	Phytophthora	Phytophthora infestans	KAF4038914.1 Fatty acid hydroxylase superfamily [Phytophthora infestans]
Pcub-MSU1_013_000123.1	KAI9996034.1	44.3	70	184	264	4.88e-09	58.9	38.0	4787	Oomycota	Phytophthora	Phytophthora infestans	KAI9996034.1 hypothetical protein PInf_013212 [Phytophthora infestans]
Pcub-MSU1_013_000123.1	XP_002894944.1	44.3	70	184	275	5.24e-09	58.9	38.0	403677	Oomycota	Phytophthora	Phytophthora infestans	XP_002894944.1 C-5 sterol desaturase, putative [Phytophthora infestans T30-4]
Pcub-MSU1_013_000124.1	XP_012213374.1	55.2	67	184	272	3.63e-13	70.5	36.4	695850	Oomycota	Saprolegnia	Saprolegnia parasitica	XP_012213374.1 hypothetical protein SPRG_18544 [Saprolegnia parasitica CBS 223.65]
Pcub-MSU1_013_000124.1	XP_012206366.1	53.7	67	184	270	9.37e-13	69.3	36.4	695850	Oomycota	Saprolegnia	Saprolegnia parasitica	XP_012206366.1 hypothetical protein SPRG_11773 [Saprolegnia parasitica CBS 223.65]
Pcub-MSU1_013_000124.1	XP_008619546.1	52.2	67	184	278	1.40e-12	68.9	36.4	1156394	Oomycota	Saprolegnia	Saprolegnia diclina	XP_008619546.1 lathosterol oxidase [Saprolegnia diclina VS20]
Pcub-MSU1_013_000124.1	OQR92105.1	52.2	67	184	278	6.93e-12	67.0	36.4	1202772	Oomycota	Achlya	Achlya hypogyna	OQR92105.1 sterol-C5-desaturase [Achlya hypogyna]
Pcub-MSU1_013_000124.1	OQR92172.1	46.5	71	184	279	1.23e-10	63.5	38.6	74557	Oomycota	Thraustotheca	Thraustotheca clavata	OQR92172.1 sterol-C5-desaturase [Thraustotheca clavata]
Pcub-MSU1_013_000124.1	DBA03113.1	40.0	70	184	267	1.53e-10	63.2	38.0	4803	Oomycota	Lagenidium	Lagenidium giganteum	DBA03113.1 TPA: hypothetical protein N0F65_003360 [Lagenidium giganteum]
Pcub-MSU1_013_000124.1	RLN72747.1	47.1	70	184	274	2.23e-10	62.8	38.0	2483409	Oomycota	Nothophytophthora	Nothophytophthora sp. Chile5	RLN72747.1 hypothetical protein BBJ28_00016671 [Nothophytophthora sp. Chile5]
Pcub-MSU1_013_000124.1	RHY25242.1	50.7	71	184	279	2.31e-10	62.8	38.6	157072	Oomycota	Aphanomyces	Aphanomyces invadans	RHY25242.1 hypothetical protein DYB32_008439 [Aphanomyces invadans]
Pcub-MSU1_013_000124.1	XP_008871409.1	50.7	71	184	279	3.17e-10	62.4	38.6	157072	Oomycota	Aphanomyces	Aphanomyces invadans	XP_008871409.1 hypothetical protein H310_07440 [Aphanomyces invadans]
Pcub-MSU1_013_000124.1	XP_009839931.1	47.9	71	184	279	4.34e-10	62.0	38.6	112090	Oomycota	Aphanomyces	Aphanomyces astaci	XP_009839931.1 hypothetical protein H257_13934 [Aphanomyces astaci]
Pcub-MSU1_013_000124.1	RHY02056.1	47.9	71	184	304	5.03e-10	62.0	38.6	112090	Oomycota	Aphanomyces	Aphanomyces astaci	RHY02056.1 hypothetical protein DYB25_010867, partial [Aphanomyces astaci]
Pcub-MSU1_013_000124.1	KAJ0407272.1	42.9	70	184	261	5.21e-10	61.6	38.0	114742	Oomycota	Pythium	Pythium insidiosum	KAJ0407272.1 hypothetical protein P43SY_008047 [Pythium insidiosum]
Pcub-MSU1_013_000124.1	RQM27279.1	47.9	71	184	314	5.27e-10	62.0	38.6	112090	Oomycota	Aphanomyces	Aphanomyces astaci	RQM27279.1 hypothetical protein B5M09_008499, partial [Aphanomyces astaci]
Pcub-MSU1_013_000124.1	RHY87517.1	47.9	71	184	331	5.63e-10	62.0	38.6	112090	Oomycota	Aphanomyces	Aphanomyces astaci	RHY87517.1 hypothetical protein DYB31_016390 [Aphanomyces astaci]
Pcub-MSU1_013_000124.1	DBA03114.1	41.4	70	184	261	7.16e-10	61.2	38.0	4803	Oomycota	Lagenidium	Lagenidium giganteum	DBA03114.1 TPA: hypothetical protein N0F65_003361 [Lagenidium giganteum]
Pcub-MSU1_013_000124.1	RHZ01420.1	47.9	71	184	562	7.40e-10	62.0	38.6	112090	Oomycota	Aphanomyces	Aphanomyces astaci	RHZ01420.1 hypothetical protein DYB35_003369 [Aphanomyces astaci]
Pcub-MSU1_013_000124.1	KAJ0411403.1	42.9	70	184	261	1.85e-09	60.1	38.0	114742	Oomycota	Pythium	Pythium insidiosum	KAJ0411403.1 hypothetical protein ATCC90586_004389 [Pythium insidiosum]
Pcub-MSU1_013_000124.1	TMW66660.1	42.9	70	184	261	1.85e-09	60.1	38.0	41045	Oomycota	Pythium	Pythium oligandrum	TMW66660.1 hypothetical protein Poli38472_013972 [Pythium oligandrum]
Pcub-MSU1_013_000124.1	KAF0690516.1	46.2	65	184	392	2.21e-09	60.5	35.3	120398	Oomycota	Aphanomyces	Aphanomyces stellatus	KAF0690516.1 hypothetical protein As57867_018044 [Aphanomyces stellatus]
Pcub-MSU1_013_000124.1	KAH9127678.1	43.3	67	184	279	3.92e-09	59.3	36.4	100861	Oomycota	Aphanomyces	Aphanomyces euteiches	KAH9127678.1 hypothetical protein AeMF1_002064 [Aphanomyces euteiches]
Pcub-MSU1_013_000124.1	KAF0722303.1	43.3	67	184	279	3.92e-09	59.3	36.4	100861	Oomycota	Aphanomyces	Aphanomyces euteiches	KAF0722303.1 hypothetical protein Ae201684_018519 [Aphanomyces euteiches]
Pcub-MSU1_013_000124.1	KAH9092419.1	43.3	67	184	279	3.92e-09	59.3	36.4	100861	Oomycota	Aphanomyces	Aphanomyces euteiches	KAH9092419.1 hypothetical protein LEN26_018412 [Aphanomyces euteiches]
Pcub-MSU1_013_000124.1	KAF4038914.1	44.3	70	184	264	4.88e-09	58.9	38.0	4787	Oomycota	Phytophthora	Phytophthora infestans	KAF4038914.1 Fatty acid hydroxylase superfamily [Phytophthora infestans]
Pcub-MSU1_013_000124.1	KAI9996034.1	44.3	70	184	264	4.88e-09	58.9	38.0	4787	Oomycota	Phytophthora	Phytophthora infestans	KAI9996034.1 hypothetical protein PInf_013212 [Phytophthora infestans]
Pcub-MSU1_013_000124.1	XP_002894944.1	44.3	70	184	275	5.24e-09	58.9	38.0	403677	Oomycota	Phytophthora	Phytophthora infestans	XP_002894944.1 C-5 sterol desaturase, putative [Phytophthora infestans T30-4]
Pcub-MSU1_013_000125.1	XP_012213374.1	55.2	67	184	272	3.63e-13	70.5	36.4	695850	Oomycota	Saprolegnia	Saprolegnia parasitica	XP_012213374.1 hypothetical protein SPRG_18544 [Saprolegnia parasitica CBS 223.65]
Pcub-MSU1_013_000125.1	XP_012206366.1	53.7	67	184	270	9.37e-13	69.3	36.4	695850	Oomycota	Saprolegnia	Saprolegnia parasitica	XP_012206366.1 hypothetical protein SPRG_11773 [Saprolegnia parasitica CBS 223.65]
Pcub-MSU1_013_000125.1	XP_008619546.1	52.2	67	184	278	1.40e-12	68.9	36.4	1156394	Oomycota	Saprolegnia	Saprolegnia diclina	XP_008619546.1 lathosterol oxidase [Saprolegnia diclina VS20]
Pcub-MSU1_013_000125.1	OQR92105.1	52.2	67	184	278	6.93e-12	67.0	36.4	1202772	Oomycota	Achlya	Achlya hypogyna	OQR92105.1 sterol-C5-desaturase [Achlya hypogyna]
Pcub-MSU1_013_000125.1	OQR92172.1	46.5	71	184	279	1.23e-10	63.5	38.6	74557	Oomycota	Thraustotheca	Thraustotheca clavata	OQR92172.1 sterol-C5-desaturase [Thraustotheca clavata]
Pcub-MSU1_013_000125.1	DBA03113.1	40.0	70	184	267	1.53e-10	63.2	38.0	4803	Oomycota	Lagenidium	Lagenidium giganteum	DBA03113.1 TPA: hypothetical protein N0F65_003360 [Lagenidium giganteum]
Pcub-MSU1_013_000125.1	RLN72747.1	47.1	70	184	274	2.23e-10	62.8	38.0	2483409	Oomycota	Nothophytophthora	Nothophytophthora sp. Chile5	RLN72747.1 hypothetical protein BBJ28_00016671 [Nothophytophthora sp. Chile5]
Pcub-MSU1_013_000125.1	RHY25242.1	50.7	71	184	279	2.31e-10	62.8	38.6	157072	Oomycota	Aphanomyces	Aphanomyces invadans	RHY25242.1 hypothetical protein DYB32_008439 [Aphanomyces invadans]
Pcub-MSU1_013_000125.1	XP_008871409.1	50.7	71	184	279	3.17e-10	62.4	38.6	157072	Oomycota	Aphanomyces	Aphanomyces invadans	XP_008871409.1 hypothetical protein H310_07440 [Aphanomyces invadans]
Pcub-MSU1_013_000125.1	XP_009839931.1	47.9	71	184	279	4.34e-10	62.0	38.6	112090	Oomycota	Aphanomyces	Aphanomyces astaci	XP_009839931.1 hypothetical protein H257_13934 [Aphanomyces astaci]
Pcub-MSU1_013_000125.1	RHY02056.1	47.9	71	184	304	5.03e-10	62.0	38.6	112090	Oomycota	Aphanomyces	Aphanomyces astaci	RHY02056.1 hypothetical protein DYB25_010867, partial [Aphanomyces astaci]
Pcub-MSU1_013_000125.1	KAJ0407272.1	42.9	70	184	261	5.21e-10	61.6	38.0	114742	Oomycota	Pythium	Pythium insidiosum	KAJ0407272.1 hypothetical protein P43SY_008047 [Pythium insidiosum]
Pcub-MSU1_013_000125.1	RQM27279.1	47.9	71	184	314	5.27e-10	62.0	38.6	112090	Oomycota	Aphanomyces	Aphanomyces astaci	RQM27279.1 hypothetical protein B5M09_008499, partial [Aphanomyces astaci]
Pcub-MSU1_013_000125.1	RHY87517.1	47.9	71	184	331	5.63e-10	62.0	38.6	112090	Oomycota	Aphanomyces	Aphanomyces astaci	RHY87517.1 hypothetical protein DYB31_016390 [Aphanomyces astaci]
Pcub-MSU1_013_000125.1	DBA03114.1	41.4	70	184	261	7.16e-10	61.2	38.0	4803	Oomycota	Lagenidium	Lagenidium giganteum	DBA03114.1 TPA: hypothetical protein N0F65_003361 [Lagenidium giganteum]
Pcub-MSU1_013_000125.1	RHZ01420.1	47.9	71	184	562	7.40e-10	62.0	38.6	112090	Oomycota	Aphanomyces	Aphanomyces astaci	RHZ01420.1 hypothetical protein DYB35_003369 [Aphanomyces astaci]
Pcub-MSU1_013_000125.1	KAJ0411403.1	42.9	70	184	261	1.85e-09	60.1	38.0	114742	Oomycota	Pythium	Pythium insidiosum	KAJ0411403.1 hypothetical protein ATCC90586_004389 [Pythium insidiosum]
Pcub-MSU1_013_000125.1	TMW66660.1	42.9	70	184	261	1.85e-09	60.1	38.0	41045	Oomycota	Pythium	Pythium oligandrum	TMW66660.1 hypothetical protein Poli38472_013972 [Pythium oligandrum]
Pcub-MSU1_013_000125.1	KAF0690516.1	46.2	65	184	392	2.21e-09	60.5	35.3	120398	Oomycota	Aphanomyces	Aphanomyces stellatus	KAF0690516.1 hypothetical protein As57867_018044 [Aphanomyces stellatus]
Pcub-MSU1_013_000125.1	KAH9127678.1	43.3	67	184	279	3.92e-09	59.3	36.4	100861	Oomycota	Aphanomyces	Aphanomyces euteiches	KAH9127678.1 hypothetical protein AeMF1_002064 [Aphanomyces euteiches]
Pcub-MSU1_013_000125.1	KAF0722303.1	43.3	67	184	279	3.92e-09	59.3	36.4	100861	Oomycota	Aphanomyces	Aphanomyces euteiches	KAF0722303.1 hypothetical protein Ae201684_018519 [Aphanomyces euteiches]
Pcub-MSU1_013_000125.1	KAH9092419.1	43.3	67	184	279	3.92e-09	59.3	36.4	100861	Oomycota	Aphanomyces	Aphanomyces euteiches	KAH9092419.1 hypothetical protein LEN26_018412 [Aphanomyces euteiches]
Pcub-MSU1_013_000125.1	KAF4038914.1	44.3	70	184	264	4.88e-09	58.9	38.0	4787	Oomycota	Phytophthora	Phytophthora infestans	KAF4038914.1 Fatty acid hydroxylase superfamily [Phytophthora infestans]
Pcub-MSU1_013_000125.1	KAI9996034.1	44.3	70	184	264	4.88e-09	58.9	38.0	4787	Oomycota	Phytophthora	Phytophthora infestans	KAI9996034.1 hypothetical protein PInf_013212 [Phytophthora infestans]
Pcub-MSU1_013_000125.1	XP_002894944.1	44.3	70	184	275	5.24e-09	58.9	38.0	403677	Oomycota	Phytophthora	Phytophthora infestans	XP_002894944.1 C-5 sterol desaturase, putative [Phytophthora infestans T30-4]
Pcub-MSU1_013_000468.1	XP_012213374.1	55.2	67	184	272	5.02e-13	70.1	36.4	695850	Oomycota	Saprolegnia	Saprolegnia parasitica	XP_012213374.1 hypothetical protein SPRG_18544 [Saprolegnia parasitica CBS 223.65]
Pcub-MSU1_013_000468.1	XP_012206366.1	53.7	67	184	270	1.29e-12	68.9	36.4	695850	Oomycota	Saprolegnia	Saprolegnia parasitica	XP_012206366.1 hypothetical protein SPRG_11773 [Saprolegnia parasitica CBS 223.65]
Pcub-MSU1_013_000468.1	XP_008619546.1	52.2	67	184	278	1.93e-12	68.6	36.4	1156394	Oomycota	Saprolegnia	Saprolegnia diclina	XP_008619546.1 lathosterol oxidase [Saprolegnia diclina VS20]
Pcub-MSU1_013_000468.1	OQR92105.1	52.2	67	184	278	9.54e-12	66.6	36.4	1202772	Oomycota	Achlya	Achlya hypogyna	OQR92105.1 sterol-C5-desaturase [Achlya hypogyna]
Pcub-MSU1_013_000468.1	OQR92172.1	47.8	67	184	279	2.31e-10	62.8	36.4	74557	Oomycota	Thraustotheca	Thraustotheca clavata	OQR92172.1 sterol-C5-desaturase [Thraustotheca clavata]
Pcub-MSU1_013_000468.1	RHY25242.1	50.7	71	184	279	2.31e-10	62.8	38.6	157072	Oomycota	Aphanomyces	Aphanomyces invadans	RHY25242.1 hypothetical protein DYB32_008439 [Aphanomyces invadans]
Pcub-MSU1_013_000468.1	DBA03113.1	41.8	67	184	267	2.90e-10	62.4	36.4	4803	Oomycota	Lagenidium	Lagenidium giganteum	DBA03113.1 TPA: hypothetical protein N0F65_003360 [Lagenidium giganteum]
Pcub-MSU1_013_000468.1	XP_008871409.1	50.7	71	184	279	3.17e-10	62.4	38.6	157072	Oomycota	Aphanomyces	Aphanomyces invadans	XP_008871409.1 hypothetical protein H310_07440 [Aphanomyces invadans]
Pcub-MSU1_013_000468.1	XP_009839931.1	47.9	71	184	279	4.34e-10	62.0	38.6	112090	Oomycota	Aphanomyces	Aphanomyces astaci	XP_009839931.1 hypothetical protein H257_13934 [Aphanomyces astaci]
Pcub-MSU1_013_000468.1	RHY02056.1	47.9	71	184	304	5.03e-10	62.0	38.6	112090	Oomycota	Aphanomyces	Aphanomyces astaci	RHY02056.1 hypothetical protein DYB25_010867, partial [Aphanomyces astaci]
Pcub-MSU1_013_000468.1	RQM27279.1	47.9	71	184	314	5.27e-10	62.0	38.6	112090	Oomycota	Aphanomyces	Aphanomyces astaci	RQM27279.1 hypothetical protein B5M09_008499, partial [Aphanomyces astaci]
Pcub-MSU1_013_000468.1	RHY87517.1	47.9	71	184	331	5.63e-10	62.0	38.6	112090	Oomycota	Aphanomyces	Aphanomyces astaci	RHY87517.1 hypothetical protein DYB31_016390 [Aphanomyces astaci]
Pcub-MSU1_013_000468.1	RHZ01420.1	47.9	71	184	562	7.40e-10	62.0	38.6	112090	Oomycota	Aphanomyces	Aphanomyces astaci	RHZ01420.1 hypothetical protein DYB35_003369 [Aphanomyces astaci]
Pcub-MSU1_013_000468.1	DBA03114.1	43.3	67	184	261	1.35e-09	60.5	36.4	4803	Oomycota	Lagenidium	Lagenidium giganteum	DBA03114.1 TPA: hypothetical protein N0F65_003361 [Lagenidium giganteum]
Pcub-MSU1_013_000468.1	RLN72747.1	50.8	61	184	274	1.48e-09	60.5	33.2	2483409	Oomycota	Nothophytophthora	Nothophytophthora sp. Chile5	RLN72747.1 hypothetical protein BBJ28_00016671 [Nothophytophthora sp. Chile5]
Pcub-MSU1_013_000468.1	KAF0690516.1	46.2	65	184	392	2.21e-09	60.5	35.3	120398	Oomycota	Aphanomyces	Aphanomyces stellatus	KAF0690516.1 hypothetical protein As57867_018044 [Aphanomyces stellatus]
Pcub-MSU1_013_000468.1	KAJ0407272.1	43.3	67	184	261	3.48e-09	59.3	36.4	114742	Oomycota	Pythium	Pythium insidiosum	KAJ0407272.1 hypothetical protein P43SY_008047 [Pythium insidiosum]
Pcub-MSU1_013_000468.1	KAH9127678.1	43.3	67	184	279	5.37e-09	58.9	36.4	100861	Oomycota	Aphanomyces	Aphanomyces euteiches	KAH9127678.1 hypothetical protein AeMF1_002064 [Aphanomyces euteiches]
Pcub-MSU1_013_000468.1	KAF0722303.1	43.3	67	184	279	5.37e-09	58.9	36.4	100861	Oomycota	Aphanomyces	Aphanomyces euteiches	KAF0722303.1 hypothetical protein Ae201684_018519 [Aphanomyces euteiches]
Pcub-MSU1_013_000468.1	KAH9092419.1	43.3	67	184	279	5.37e-09	58.9	36.4	100861	Oomycota	Aphanomyces	Aphanomyces euteiches	KAH9092419.1 hypothetical protein LEN26_018412 [Aphanomyces euteiches]
Pcub-MSU1_013_000468.1	KAJ0411403.1	43.3	67	184	261	1.23e-08	57.8	36.4	114742	Oomycota	Pythium	Pythium insidiosum	KAJ0411403.1 hypothetical protein ATCC90586_004389 [Pythium insidiosum]
Pcub-MSU1_013_000468.1	TMW66660.1	43.3	67	184	261	1.23e-08	57.8	36.4	41045	Oomycota	Pythium	Pythium oligandrum	TMW66660.1 hypothetical protein Poli38472_013972 [Pythium oligandrum]
Pcub-MSU1_013_000468.1	KAG9403680.1	43.3	67	184	275	2.50e-08	57.0	36.4	112091	Oomycota	Aphanomyces	Aphanomyces cochlioides	KAG9403680.1 Lathosterol oxidase [Aphanomyces cochlioides]
Pcub-MSU1_013_000468.1	KAF4038914.1	44.8	67	184	264	3.21e-08	56.6	36.4	4787	Oomycota	Phytophthora	Phytophthora infestans	KAF4038914.1 Fatty acid hydroxylase superfamily [Phytophthora infestans]
Pcub-MSU1_013_000468.1	KAI9996034.1	44.8	67	184	264	3.21e-08	56.6	36.4	4787	Oomycota	Phytophthora	Phytophthora infestans	KAI9996034.1 hypothetical protein PInf_013212 [Phytophthora infestans]
Pcub-MSU1_013_000126.1	XP_012213374.1	55.2	67	184	272	3.63e-13	70.5	36.4	695850	Oomycota	Saprolegnia	Saprolegnia parasitica	XP_012213374.1 hypothetical protein SPRG_18544 [Saprolegnia parasitica CBS 223.65]
Pcub-MSU1_013_000126.1	XP_012206366.1	53.7	67	184	270	9.37e-13	69.3	36.4	695850	Oomycota	Saprolegnia	Saprolegnia parasitica	XP_012206366.1 hypothetical protein SPRG_11773 [Saprolegnia parasitica CBS 223.65]
Pcub-MSU1_013_000126.1	XP_008619546.1	52.2	67	184	278	1.40e-12	68.9	36.4	1156394	Oomycota	Saprolegnia	Saprolegnia diclina	XP_008619546.1 lathosterol oxidase [Saprolegnia diclina VS20]
Pcub-MSU1_013_000126.1	OQR92105.1	52.2	67	184	278	6.93e-12	67.0	36.4	1202772	Oomycota	Achlya	Achlya hypogyna	OQR92105.1 sterol-C5-desaturase [Achlya hypogyna]
Pcub-MSU1_013_000126.1	OQR92172.1	46.5	71	184	279	1.23e-10	63.5	38.6	74557	Oomycota	Thraustotheca	Thraustotheca clavata	OQR92172.1 sterol-C5-desaturase [Thraustotheca clavata]
Pcub-MSU1_013_000126.1	DBA03113.1	40.0	70	184	267	1.53e-10	63.2	38.0	4803	Oomycota	Lagenidium	Lagenidium giganteum	DBA03113.1 TPA: hypothetical protein N0F65_003360 [Lagenidium giganteum]
Pcub-MSU1_013_000126.1	RLN72747.1	47.1	70	184	274	2.23e-10	62.8	38.0	2483409	Oomycota	Nothophytophthora	Nothophytophthora sp. Chile5	RLN72747.1 hypothetical protein BBJ28_00016671 [Nothophytophthora sp. Chile5]
Pcub-MSU1_013_000126.1	RHY25242.1	50.7	71	184	279	2.31e-10	62.8	38.6	157072	Oomycota	Aphanomyces	Aphanomyces invadans	RHY25242.1 hypothetical protein DYB32_008439 [Aphanomyces invadans]
Pcub-MSU1_013_000126.1	XP_008871409.1	50.7	71	184	279	3.17e-10	62.4	38.6	157072	Oomycota	Aphanomyces	Aphanomyces invadans	XP_008871409.1 hypothetical protein H310_07440 [Aphanomyces invadans]
Pcub-MSU1_013_000126.1	XP_009839931.1	47.9	71	184	279	4.34e-10	62.0	38.6	112090	Oomycota	Aphanomyces	Aphanomyces astaci	XP_009839931.1 hypothetical protein H257_13934 [Aphanomyces astaci]
Pcub-MSU1_013_000126.1	RHY02056.1	47.9	71	184	304	5.03e-10	62.0	38.6	112090	Oomycota	Aphanomyces	Aphanomyces astaci	RHY02056.1 hypothetical protein DYB25_010867, partial [Aphanomyces astaci]
Pcub-MSU1_013_000126.1	KAJ0407272.1	42.9	70	184	261	5.21e-10	61.6	38.0	114742	Oomycota	Pythium	Pythium insidiosum	KAJ0407272.1 hypothetical protein P43SY_008047 [Pythium insidiosum]
Pcub-MSU1_013_000126.1	RQM27279.1	47.9	71	184	314	5.27e-10	62.0	38.6	112090	Oomycota	Aphanomyces	Aphanomyces astaci	RQM27279.1 hypothetical protein B5M09_008499, partial [Aphanomyces astaci]
Pcub-MSU1_013_000126.1	RHY87517.1	47.9	71	184	331	5.63e-10	62.0	38.6	112090	Oomycota	Aphanomyces	Aphanomyces astaci	RHY87517.1 hypothetical protein DYB31_016390 [Aphanomyces astaci]
Pcub-MSU1_013_000126.1	DBA03114.1	41.4	70	184	261	7.16e-10	61.2	38.0	4803	Oomycota	Lagenidium	Lagenidium giganteum	DBA03114.1 TPA: hypothetical protein N0F65_003361 [Lagenidium giganteum]
Pcub-MSU1_013_000126.1	RHZ01420.1	47.9	71	184	562	7.40e-10	62.0	38.6	112090	Oomycota	Aphanomyces	Aphanomyces astaci	RHZ01420.1 hypothetical protein DYB35_003369 [Aphanomyces astaci]
Pcub-MSU1_013_000126.1	KAJ0411403.1	42.9	70	184	261	1.85e-09	60.1	38.0	114742	Oomycota	Pythium	Pythium insidiosum	KAJ0411403.1 hypothetical protein ATCC90586_004389 [Pythium insidiosum]
Pcub-MSU1_013_000126.1	TMW66660.1	42.9	70	184	261	1.85e-09	60.1	38.0	41045	Oomycota	Pythium	Pythium oligandrum	TMW66660.1 hypothetical protein Poli38472_013972 [Pythium oligandrum]
Pcub-MSU1_013_000126.1	KAF0690516.1	46.2	65	184	392	2.21e-09	60.5	35.3	120398	Oomycota	Aphanomyces	Aphanomyces stellatus	KAF0690516.1 hypothetical protein As57867_018044 [Aphanomyces stellatus]
Pcub-MSU1_013_000126.1	KAH9127678.1	43.3	67	184	279	3.92e-09	59.3	36.4	100861	Oomycota	Aphanomyces	Aphanomyces euteiches	KAH9127678.1 hypothetical protein AeMF1_002064 [Aphanomyces euteiches]
Pcub-MSU1_013_000126.1	KAF0722303.1	43.3	67	184	279	3.92e-09	59.3	36.4	100861	Oomycota	Aphanomyces	Aphanomyces euteiches	KAF0722303.1 hypothetical protein Ae201684_018519 [Aphanomyces euteiches]
Pcub-MSU1_013_000126.1	KAH9092419.1	43.3	67	184	279	3.92e-09	59.3	36.4	100861	Oomycota	Aphanomyces	Aphanomyces euteiches	KAH9092419.1 hypothetical protein LEN26_018412 [Aphanomyces euteiches]
Pcub-MSU1_013_000126.1	KAF4038914.1	44.3	70	184	264	4.88e-09	58.9	38.0	4787	Oomycota	Phytophthora	Phytophthora infestans	KAF4038914.1 Fatty acid hydroxylase superfamily [Phytophthora infestans]
Pcub-MSU1_013_000126.1	KAI9996034.1	44.3	70	184	264	4.88e-09	58.9	38.0	4787	Oomycota	Phytophthora	Phytophthora infestans	KAI9996034.1 hypothetical protein PInf_013212 [Phytophthora infestans]
Pcub-MSU1_013_000126.1	XP_002894944.1	44.3	70	184	275	5.24e-09	58.9	38.0	403677	Oomycota	Phytophthora	Phytophthora infestans	XP_002894944.1 C-5 sterol desaturase, putative [Phytophthora infestans T30-4]
Pcub-MSU1_013_000127.1	XP_012213374.1	53.7	67	184	272	1.82e-12	68.6	36.4	695850	Oomycota	Saprolegnia	Saprolegnia parasitica	XP_012213374.1 hypothetical protein SPRG_18544 [Saprolegnia parasitica CBS 223.65]
Pcub-MSU1_013_000127.1	XP_012206366.1	52.2	67	184	270	4.68e-12	67.4	36.4	695850	Oomycota	Saprolegnia	Saprolegnia parasitica	XP_012206366.1 hypothetical protein SPRG_11773 [Saprolegnia parasitica CBS 223.65]
Pcub-MSU1_013_000127.1	XP_008619546.1	50.7	67	184	278	6.93e-12	67.0	36.4	1156394	Oomycota	Saprolegnia	Saprolegnia diclina	XP_008619546.1 lathosterol oxidase [Saprolegnia diclina VS20]
Pcub-MSU1_013_000127.1	OQR92105.1	50.7	67	184	278	3.41e-11	65.1	36.4	1202772	Oomycota	Achlya	Achlya hypogyna	OQR92105.1 sterol-C5-desaturase [Achlya hypogyna]
Pcub-MSU1_013_000127.1	OQR92172.1	45.1	71	184	279	5.95e-10	61.6	38.6	74557	Oomycota	Thraustotheca	Thraustotheca clavata	OQR92172.1 sterol-C5-desaturase [Thraustotheca clavata]
Pcub-MSU1_013_000127.1	DBA03113.1	38.6	70	184	267	7.50e-10	61.2	38.0	4803	Oomycota	Lagenidium	Lagenidium giganteum	DBA03113.1 TPA: hypothetical protein N0F65_003360 [Lagenidium giganteum]
Pcub-MSU1_013_000127.1	RLN72747.1	45.7	70	184	274	1.08e-09	60.8	38.0	2483409	Oomycota	Nothophytophthora	Nothophytophthora sp. Chile5	RLN72747.1 hypothetical protein BBJ28_00016671 [Nothophytophthora sp. Chile5]
Pcub-MSU1_013_000127.1	RHY25242.1	49.3	71	184	279	1.12e-09	60.8	38.6	157072	Oomycota	Aphanomyces	Aphanomyces invadans	RHY25242.1 hypothetical protein DYB32_008439 [Aphanomyces invadans]
Pcub-MSU1_013_000127.1	XP_008871409.1	49.3	71	184	279	1.53e-09	60.5	38.6	157072	Oomycota	Aphanomyces	Aphanomyces invadans	XP_008871409.1 hypothetical protein H310_07440 [Aphanomyces invadans]
Pcub-MSU1_013_000127.1	DBA03114.1	41.4	70	184	261	1.85e-09	60.1	38.0	4803	Oomycota	Lagenidium	Lagenidium giganteum	DBA03114.1 TPA: hypothetical protein N0F65_003361 [Lagenidium giganteum]
Pcub-MSU1_013_000127.1	XP_009839931.1	46.5	71	184	279	2.10e-09	60.1	38.6	112090	Oomycota	Aphanomyces	Aphanomyces astaci	XP_009839931.1 hypothetical protein H257_13934 [Aphanomyces astaci]
Pcub-MSU1_013_000127.1	RHY02056.1	46.5	71	184	304	2.39e-09	60.1	38.6	112090	Oomycota	Aphanomyces	Aphanomyces astaci	RHY02056.1 hypothetical protein DYB25_010867, partial [Aphanomyces astaci]
Pcub-MSU1_013_000127.1	RQM27279.1	46.5	71	184	314	2.49e-09	60.1	38.6	112090	Oomycota	Aphanomyces	Aphanomyces astaci	RQM27279.1 hypothetical protein B5M09_008499, partial [Aphanomyces astaci]
Pcub-MSU1_013_000127.1	KAJ0407272.1	41.4	70	184	261	2.54e-09	59.7	38.0	114742	Oomycota	Pythium	Pythium insidiosum	KAJ0407272.1 hypothetical protein P43SY_008047 [Pythium insidiosum]
Pcub-MSU1_013_000127.1	RHY87517.1	46.5	71	184	331	2.64e-09	60.1	38.6	112090	Oomycota	Aphanomyces	Aphanomyces astaci	RHY87517.1 hypothetical protein DYB31_016390 [Aphanomyces astaci]
Pcub-MSU1_013_000127.1	RHZ01420.1	46.5	71	184	562	3.39e-09	60.1	38.6	112090	Oomycota	Aphanomyces	Aphanomyces astaci	RHZ01420.1 hypothetical protein DYB35_003369 [Aphanomyces astaci]
Pcub-MSU1_013_000127.1	KAJ0411403.1	41.4	70	184	261	8.97e-09	58.2	38.0	114742	Oomycota	Pythium	Pythium insidiosum	KAJ0411403.1 hypothetical protein ATCC90586_004389 [Pythium insidiosum]
Pcub-MSU1_013_000127.1	TMW66660.1	41.4	70	184	261	8.97e-09	58.2	38.0	41045	Oomycota	Pythium	Pythium oligandrum	TMW66660.1 hypothetical protein Poli38472_013972 [Pythium oligandrum]
Pcub-MSU1_013_000127.1	KAF0690516.1	44.6	65	184	392	1.02e-08	58.5	35.3	120398	Oomycota	Aphanomyces	Aphanomyces stellatus	KAF0690516.1 hypothetical protein As57867_018044 [Aphanomyces stellatus]
Pcub-MSU1_013_000127.1	KAH9127678.1	41.8	67	184	279	1.87e-08	57.4	36.4	100861	Oomycota	Aphanomyces	Aphanomyces euteiches	KAH9127678.1 hypothetical protein AeMF1_002064 [Aphanomyces euteiches]
Pcub-MSU1_013_000127.1	KAF0722303.1	41.8	67	184	279	1.87e-08	57.4	36.4	100861	Oomycota	Aphanomyces	Aphanomyces euteiches	KAF0722303.1 hypothetical protein Ae201684_018519 [Aphanomyces euteiches]
Pcub-MSU1_013_000127.1	KAH9092419.1	41.8	67	184	279	1.87e-08	57.4	36.4	100861	Oomycota	Aphanomyces	Aphanomyces euteiches	KAH9092419.1 hypothetical protein LEN26_018412 [Aphanomyces euteiches]
Pcub-MSU1_013_000127.1	KAF4038914.1	42.9	70	184	264	2.35e-08	57.0	38.0	4787	Oomycota	Phytophthora	Phytophthora infestans	KAF4038914.1 Fatty acid hydroxylase superfamily [Phytophthora infestans]
Pcub-MSU1_013_000127.1	KAI9996034.1	42.9	70	184	264	2.35e-08	57.0	38.0	4787	Oomycota	Phytophthora	Phytophthora infestans	KAI9996034.1 hypothetical protein PInf_013212 [Phytophthora infestans]
Pcub-MSU1_013_000127.1	XP_002894944.1	42.9	70	184	275	2.50e-08	57.0	38.0	403677	Oomycota	Phytophthora	Phytophthora infestans	XP_002894944.1 C-5 sterol desaturase, putative [Phytophthora infestans T30-4]
Pcub-MSU1_013_000128.1	XP_012213374.1	55.2	67	184	272	3.63e-13	70.5	36.4	695850	Oomycota	Saprolegnia	Saprolegnia parasitica	XP_012213374.1 hypothetical protein SPRG_18544 [Saprolegnia parasitica CBS 223.65]
Pcub-MSU1_013_000128.1	XP_012206366.1	53.7	67	184	270	9.37e-13	69.3	36.4	695850	Oomycota	Saprolegnia	Saprolegnia parasitica	XP_012206366.1 hypothetical protein SPRG_11773 [Saprolegnia parasitica CBS 223.65]
Pcub-MSU1_013_000128.1	XP_008619546.1	52.2	67	184	278	1.40e-12	68.9	36.4	1156394	Oomycota	Saprolegnia	Saprolegnia diclina	XP_008619546.1 lathosterol oxidase [Saprolegnia diclina VS20]
Pcub-MSU1_013_000128.1	OQR92105.1	52.2	67	184	278	6.93e-12	67.0	36.4	1202772	Oomycota	Achlya	Achlya hypogyna	OQR92105.1 sterol-C5-desaturase [Achlya hypogyna]
Pcub-MSU1_013_000128.1	OQR92172.1	46.5	71	184	279	1.23e-10	63.5	38.6	74557	Oomycota	Thraustotheca	Thraustotheca clavata	OQR92172.1 sterol-C5-desaturase [Thraustotheca clavata]
Pcub-MSU1_013_000128.1	DBA03113.1	40.0	70	184	267	1.53e-10	63.2	38.0	4803	Oomycota	Lagenidium	Lagenidium giganteum	DBA03113.1 TPA: hypothetical protein N0F65_003360 [Lagenidium giganteum]
Pcub-MSU1_013_000128.1	RLN72747.1	47.1	70	184	274	2.23e-10	62.8	38.0	2483409	Oomycota	Nothophytophthora	Nothophytophthora sp. Chile5	RLN72747.1 hypothetical protein BBJ28_00016671 [Nothophytophthora sp. Chile5]
Pcub-MSU1_013_000128.1	RHY25242.1	50.7	71	184	279	2.31e-10	62.8	38.6	157072	Oomycota	Aphanomyces	Aphanomyces invadans	RHY25242.1 hypothetical protein DYB32_008439 [Aphanomyces invadans]
Pcub-MSU1_013_000128.1	XP_008871409.1	50.7	71	184	279	3.17e-10	62.4	38.6	157072	Oomycota	Aphanomyces	Aphanomyces invadans	XP_008871409.1 hypothetical protein H310_07440 [Aphanomyces invadans]
Pcub-MSU1_013_000128.1	XP_009839931.1	47.9	71	184	279	4.34e-10	62.0	38.6	112090	Oomycota	Aphanomyces	Aphanomyces astaci	XP_009839931.1 hypothetical protein H257_13934 [Aphanomyces astaci]
Pcub-MSU1_013_000128.1	RHY02056.1	47.9	71	184	304	5.03e-10	62.0	38.6	112090	Oomycota	Aphanomyces	Aphanomyces astaci	RHY02056.1 hypothetical protein DYB25_010867, partial [Aphanomyces astaci]
Pcub-MSU1_013_000128.1	KAJ0407272.1	42.9	70	184	261	5.21e-10	61.6	38.0	114742	Oomycota	Pythium	Pythium insidiosum	KAJ0407272.1 hypothetical protein P43SY_008047 [Pythium insidiosum]
Pcub-MSU1_013_000128.1	RQM27279.1	47.9	71	184	314	5.27e-10	62.0	38.6	112090	Oomycota	Aphanomyces	Aphanomyces astaci	RQM27279.1 hypothetical protein B5M09_008499, partial [Aphanomyces astaci]
Pcub-MSU1_013_000128.1	RHY87517.1	47.9	71	184	331	5.63e-10	62.0	38.6	112090	Oomycota	Aphanomyces	Aphanomyces astaci	RHY87517.1 hypothetical protein DYB31_016390 [Aphanomyces astaci]
Pcub-MSU1_013_000128.1	DBA03114.1	41.4	70	184	261	7.16e-10	61.2	38.0	4803	Oomycota	Lagenidium	Lagenidium giganteum	DBA03114.1 TPA: hypothetical protein N0F65_003361 [Lagenidium giganteum]
Pcub-MSU1_013_000128.1	RHZ01420.1	47.9	71	184	562	7.40e-10	62.0	38.6	112090	Oomycota	Aphanomyces	Aphanomyces astaci	RHZ01420.1 hypothetical protein DYB35_003369 [Aphanomyces astaci]
Pcub-MSU1_013_000128.1	KAJ0411403.1	42.9	70	184	261	1.85e-09	60.1	38.0	114742	Oomycota	Pythium	Pythium insidiosum	KAJ0411403.1 hypothetical protein ATCC90586_004389 [Pythium insidiosum]
Pcub-MSU1_013_000128.1	TMW66660.1	42.9	70	184	261	1.85e-09	60.1	38.0	41045	Oomycota	Pythium	Pythium oligandrum	TMW66660.1 hypothetical protein Poli38472_013972 [Pythium oligandrum]
Pcub-MSU1_013_000128.1	KAF0690516.1	46.2	65	184	392	2.21e-09	60.5	35.3	120398	Oomycota	Aphanomyces	Aphanomyces stellatus	KAF0690516.1 hypothetical protein As57867_018044 [Aphanomyces stellatus]
Pcub-MSU1_013_000128.1	KAH9127678.1	43.3	67	184	279	3.92e-09	59.3	36.4	100861	Oomycota	Aphanomyces	Aphanomyces euteiches	KAH9127678.1 hypothetical protein AeMF1_002064 [Aphanomyces euteiches]
Pcub-MSU1_013_000128.1	KAF0722303.1	43.3	67	184	279	3.92e-09	59.3	36.4	100861	Oomycota	Aphanomyces	Aphanomyces euteiches	KAF0722303.1 hypothetical protein Ae201684_018519 [Aphanomyces euteiches]
Pcub-MSU1_013_000128.1	KAH9092419.1	43.3	67	184	279	3.92e-09	59.3	36.4	100861	Oomycota	Aphanomyces	Aphanomyces euteiches	KAH9092419.1 hypothetical protein LEN26_018412 [Aphanomyces euteiches]
Pcub-MSU1_013_000128.1	KAF4038914.1	44.3	70	184	264	4.88e-09	58.9	38.0	4787	Oomycota	Phytophthora	Phytophthora infestans	KAF4038914.1 Fatty acid hydroxylase superfamily [Phytophthora infestans]
Pcub-MSU1_013_000128.1	KAI9996034.1	44.3	70	184	264	4.88e-09	58.9	38.0	4787	Oomycota	Phytophthora	Phytophthora infestans	KAI9996034.1 hypothetical protein PInf_013212 [Phytophthora infestans]
Pcub-MSU1_013_000128.1	XP_002894944.1	44.3	70	184	275	5.24e-09	58.9	38.0	403677	Oomycota	Phytophthora	Phytophthora infestans	XP_002894944.1 C-5 sterol desaturase, putative [Phytophthora infestans T30-4]
Pcub-MSU1_013_000129.1	XP_012213374.1	53.7	67	184	272	1.82e-12	68.6	36.4	695850	Oomycota	Saprolegnia	Saprolegnia parasitica	XP_012213374.1 hypothetical protein SPRG_18544 [Saprolegnia parasitica CBS 223.65]
Pcub-MSU1_013_000129.1	XP_012206366.1	52.2	67	184	270	4.68e-12	67.4	36.4	695850	Oomycota	Saprolegnia	Saprolegnia parasitica	XP_012206366.1 hypothetical protein SPRG_11773 [Saprolegnia parasitica CBS 223.65]
Pcub-MSU1_013_000129.1	XP_008619546.1	50.7	67	184	278	6.93e-12	67.0	36.4	1156394	Oomycota	Saprolegnia	Saprolegnia diclina	XP_008619546.1 lathosterol oxidase [Saprolegnia diclina VS20]
Pcub-MSU1_013_000129.1	OQR92105.1	50.7	67	184	278	3.41e-11	65.1	36.4	1202772	Oomycota	Achlya	Achlya hypogyna	OQR92105.1 sterol-C5-desaturase [Achlya hypogyna]
Pcub-MSU1_013_000129.1	OQR92172.1	45.1	71	184	279	5.95e-10	61.6	38.6	74557	Oomycota	Thraustotheca	Thraustotheca clavata	OQR92172.1 sterol-C5-desaturase [Thraustotheca clavata]
Pcub-MSU1_013_000129.1	DBA03113.1	38.6	70	184	267	7.50e-10	61.2	38.0	4803	Oomycota	Lagenidium	Lagenidium giganteum	DBA03113.1 TPA: hypothetical protein N0F65_003360 [Lagenidium giganteum]
Pcub-MSU1_013_000129.1	RLN72747.1	45.7	70	184	274	1.08e-09	60.8	38.0	2483409	Oomycota	Nothophytophthora	Nothophytophthora sp. Chile5	RLN72747.1 hypothetical protein BBJ28_00016671 [Nothophytophthora sp. Chile5]
Pcub-MSU1_013_000129.1	RHY25242.1	49.3	71	184	279	1.12e-09	60.8	38.6	157072	Oomycota	Aphanomyces	Aphanomyces invadans	RHY25242.1 hypothetical protein DYB32_008439 [Aphanomyces invadans]
Pcub-MSU1_013_000129.1	XP_008871409.1	49.3	71	184	279	1.53e-09	60.5	38.6	157072	Oomycota	Aphanomyces	Aphanomyces invadans	XP_008871409.1 hypothetical protein H310_07440 [Aphanomyces invadans]
Pcub-MSU1_013_000129.1	DBA03114.1	41.4	70	184	261	1.85e-09	60.1	38.0	4803	Oomycota	Lagenidium	Lagenidium giganteum	DBA03114.1 TPA: hypothetical protein N0F65_003361 [Lagenidium giganteum]
Pcub-MSU1_013_000129.1	XP_009839931.1	46.5	71	184	279	2.10e-09	60.1	38.6	112090	Oomycota	Aphanomyces	Aphanomyces astaci	XP_009839931.1 hypothetical protein H257_13934 [Aphanomyces astaci]
Pcub-MSU1_013_000129.1	RHY02056.1	46.5	71	184	304	2.39e-09	60.1	38.6	112090	Oomycota	Aphanomyces	Aphanomyces astaci	RHY02056.1 hypothetical protein DYB25_010867, partial [Aphanomyces astaci]
Pcub-MSU1_013_000129.1	RQM27279.1	46.5	71	184	314	2.49e-09	60.1	38.6	112090	Oomycota	Aphanomyces	Aphanomyces astaci	RQM27279.1 hypothetical protein B5M09_008499, partial [Aphanomyces astaci]
Pcub-MSU1_013_000129.1	KAJ0407272.1	41.4	70	184	261	2.54e-09	59.7	38.0	114742	Oomycota	Pythium	Pythium insidiosum	KAJ0407272.1 hypothetical protein P43SY_008047 [Pythium insidiosum]
Pcub-MSU1_013_000129.1	RHY87517.1	46.5	71	184	331	2.64e-09	60.1	38.6	112090	Oomycota	Aphanomyces	Aphanomyces astaci	RHY87517.1 hypothetical protein DYB31_016390 [Aphanomyces astaci]
Pcub-MSU1_013_000129.1	RHZ01420.1	46.5	71	184	562	3.39e-09	60.1	38.6	112090	Oomycota	Aphanomyces	Aphanomyces astaci	RHZ01420.1 hypothetical protein DYB35_003369 [Aphanomyces astaci]
Pcub-MSU1_013_000129.1	KAJ0411403.1	41.4	70	184	261	8.97e-09	58.2	38.0	114742	Oomycota	Pythium	Pythium insidiosum	KAJ0411403.1 hypothetical protein ATCC90586_004389 [Pythium insidiosum]
Pcub-MSU1_013_000129.1	TMW66660.1	41.4	70	184	261	8.97e-09	58.2	38.0	41045	Oomycota	Pythium	Pythium oligandrum	TMW66660.1 hypothetical protein Poli38472_013972 [Pythium oligandrum]
Pcub-MSU1_013_000129.1	KAF0690516.1	44.6	65	184	392	1.02e-08	58.5	35.3	120398	Oomycota	Aphanomyces	Aphanomyces stellatus	KAF0690516.1 hypothetical protein As57867_018044 [Aphanomyces stellatus]
Pcub-MSU1_013_000129.1	KAH9127678.1	41.8	67	184	279	1.87e-08	57.4	36.4	100861	Oomycota	Aphanomyces	Aphanomyces euteiches	KAH9127678.1 hypothetical protein AeMF1_002064 [Aphanomyces euteiches]
Pcub-MSU1_013_000129.1	KAF0722303.1	41.8	67	184	279	1.87e-08	57.4	36.4	100861	Oomycota	Aphanomyces	Aphanomyces euteiches	KAF0722303.1 hypothetical protein Ae201684_018519 [Aphanomyces euteiches]
Pcub-MSU1_013_000129.1	KAH9092419.1	41.8	67	184	279	1.87e-08	57.4	36.4	100861	Oomycota	Aphanomyces	Aphanomyces euteiches	KAH9092419.1 hypothetical protein LEN26_018412 [Aphanomyces euteiches]
Pcub-MSU1_013_000129.1	KAF4038914.1	42.9	70	184	264	2.35e-08	57.0	38.0	4787	Oomycota	Phytophthora	Phytophthora infestans	KAF4038914.1 Fatty acid hydroxylase superfamily [Phytophthora infestans]
Pcub-MSU1_013_000129.1	KAI9996034.1	42.9	70	184	264	2.35e-08	57.0	38.0	4787	Oomycota	Phytophthora	Phytophthora infestans	KAI9996034.1 hypothetical protein PInf_013212 [Phytophthora infestans]
Pcub-MSU1_013_000129.1	XP_002894944.1	42.9	70	184	275	2.50e-08	57.0	38.0	403677	Oomycota	Phytophthora	Phytophthora infestans	XP_002894944.1 C-5 sterol desaturase, putative [Phytophthora infestans T30-4]
Pcub-MSU1_013_000130.1	XP_012213374.1	55.2	67	184	272	3.63e-13	70.5	36.4	695850	Oomycota	Saprolegnia	Saprolegnia parasitica	XP_012213374.1 hypothetical protein SPRG_18544 [Saprolegnia parasitica CBS 223.65]
Pcub-MSU1_013_000130.1	XP_012206366.1	53.7	67	184	270	9.37e-13	69.3	36.4	695850	Oomycota	Saprolegnia	Saprolegnia parasitica	XP_012206366.1 hypothetical protein SPRG_11773 [Saprolegnia parasitica CBS 223.65]
Pcub-MSU1_013_000130.1	XP_008619546.1	52.2	67	184	278	1.40e-12	68.9	36.4	1156394	Oomycota	Saprolegnia	Saprolegnia diclina	XP_008619546.1 lathosterol oxidase [Saprolegnia diclina VS20]
Pcub-MSU1_013_000130.1	OQR92105.1	52.2	67	184	278	6.93e-12	67.0	36.4	1202772	Oomycota	Achlya	Achlya hypogyna	OQR92105.1 sterol-C5-desaturase [Achlya hypogyna]
Pcub-MSU1_013_000130.1	OQR92172.1	46.5	71	184	279	1.23e-10	63.5	38.6	74557	Oomycota	Thraustotheca	Thraustotheca clavata	OQR92172.1 sterol-C5-desaturase [Thraustotheca clavata]
Pcub-MSU1_013_000130.1	DBA03113.1	40.0	70	184	267	1.53e-10	63.2	38.0	4803	Oomycota	Lagenidium	Lagenidium giganteum	DBA03113.1 TPA: hypothetical protein N0F65_003360 [Lagenidium giganteum]
Pcub-MSU1_013_000130.1	RLN72747.1	47.1	70	184	274	2.23e-10	62.8	38.0	2483409	Oomycota	Nothophytophthora	Nothophytophthora sp. Chile5	RLN72747.1 hypothetical protein BBJ28_00016671 [Nothophytophthora sp. Chile5]
Pcub-MSU1_013_000130.1	RHY25242.1	50.7	71	184	279	2.31e-10	62.8	38.6	157072	Oomycota	Aphanomyces	Aphanomyces invadans	RHY25242.1 hypothetical protein DYB32_008439 [Aphanomyces invadans]
Pcub-MSU1_013_000130.1	XP_008871409.1	50.7	71	184	279	3.17e-10	62.4	38.6	157072	Oomycota	Aphanomyces	Aphanomyces invadans	XP_008871409.1 hypothetical protein H310_07440 [Aphanomyces invadans]
Pcub-MSU1_013_000130.1	XP_009839931.1	47.9	71	184	279	4.34e-10	62.0	38.6	112090	Oomycota	Aphanomyces	Aphanomyces astaci	XP_009839931.1 hypothetical protein H257_13934 [Aphanomyces astaci]
Pcub-MSU1_013_000130.1	RHY02056.1	47.9	71	184	304	5.03e-10	62.0	38.6	112090	Oomycota	Aphanomyces	Aphanomyces astaci	RHY02056.1 hypothetical protein DYB25_010867, partial [Aphanomyces astaci]
Pcub-MSU1_013_000130.1	KAJ0407272.1	42.9	70	184	261	5.21e-10	61.6	38.0	114742	Oomycota	Pythium	Pythium insidiosum	KAJ0407272.1 hypothetical protein P43SY_008047 [Pythium insidiosum]
Pcub-MSU1_013_000130.1	RQM27279.1	47.9	71	184	314	5.27e-10	62.0	38.6	112090	Oomycota	Aphanomyces	Aphanomyces astaci	RQM27279.1 hypothetical protein B5M09_008499, partial [Aphanomyces astaci]
Pcub-MSU1_013_000130.1	RHY87517.1	47.9	71	184	331	5.63e-10	62.0	38.6	112090	Oomycota	Aphanomyces	Aphanomyces astaci	RHY87517.1 hypothetical protein DYB31_016390 [Aphanomyces astaci]
Pcub-MSU1_013_000130.1	DBA03114.1	41.4	70	184	261	7.16e-10	61.2	38.0	4803	Oomycota	Lagenidium	Lagenidium giganteum	DBA03114.1 TPA: hypothetical protein N0F65_003361 [Lagenidium giganteum]
Pcub-MSU1_013_000130.1	RHZ01420.1	47.9	71	184	562	7.40e-10	62.0	38.6	112090	Oomycota	Aphanomyces	Aphanomyces astaci	RHZ01420.1 hypothetical protein DYB35_003369 [Aphanomyces astaci]
Pcub-MSU1_013_000130.1	KAJ0411403.1	42.9	70	184	261	1.85e-09	60.1	38.0	114742	Oomycota	Pythium	Pythium insidiosum	KAJ0411403.1 hypothetical protein ATCC90586_004389 [Pythium insidiosum]
Pcub-MSU1_013_000130.1	TMW66660.1	42.9	70	184	261	1.85e-09	60.1	38.0	41045	Oomycota	Pythium	Pythium oligandrum	TMW66660.1 hypothetical protein Poli38472_013972 [Pythium oligandrum]
Pcub-MSU1_013_000130.1	KAF0690516.1	46.2	65	184	392	2.21e-09	60.5	35.3	120398	Oomycota	Aphanomyces	Aphanomyces stellatus	KAF0690516.1 hypothetical protein As57867_018044 [Aphanomyces stellatus]
Pcub-MSU1_013_000130.1	KAH9127678.1	43.3	67	184	279	3.92e-09	59.3	36.4	100861	Oomycota	Aphanomyces	Aphanomyces euteiches	KAH9127678.1 hypothetical protein AeMF1_002064 [Aphanomyces euteiches]
Pcub-MSU1_013_000130.1	KAF0722303.1	43.3	67	184	279	3.92e-09	59.3	36.4	100861	Oomycota	Aphanomyces	Aphanomyces euteiches	KAF0722303.1 hypothetical protein Ae201684_018519 [Aphanomyces euteiches]
Pcub-MSU1_013_000130.1	KAH9092419.1	43.3	67	184	279	3.92e-09	59.3	36.4	100861	Oomycota	Aphanomyces	Aphanomyces euteiches	KAH9092419.1 hypothetical protein LEN26_018412 [Aphanomyces euteiches]
Pcub-MSU1_013_000130.1	KAF4038914.1	44.3	70	184	264	4.88e-09	58.9	38.0	4787	Oomycota	Phytophthora	Phytophthora infestans	KAF4038914.1 Fatty acid hydroxylase superfamily [Phytophthora infestans]
Pcub-MSU1_013_000130.1	KAI9996034.1	44.3	70	184	264	4.88e-09	58.9	38.0	4787	Oomycota	Phytophthora	Phytophthora infestans	KAI9996034.1 hypothetical protein PInf_013212 [Phytophthora infestans]
Pcub-MSU1_013_000130.1	XP_002894944.1	44.3	70	184	275	5.24e-09	58.9	38.0	403677	Oomycota	Phytophthora	Phytophthora infestans	XP_002894944.1 C-5 sterol desaturase, putative [Phytophthora infestans T30-4]
Pcub-MSU1_013_000131.1	XP_012213374.1	55.2	67	184	272	3.63e-13	70.5	36.4	695850	Oomycota	Saprolegnia	Saprolegnia parasitica	XP_012213374.1 hypothetical protein SPRG_18544 [Saprolegnia parasitica CBS 223.65]
Pcub-MSU1_013_000131.1	XP_012206366.1	53.7	67	184	270	9.37e-13	69.3	36.4	695850	Oomycota	Saprolegnia	Saprolegnia parasitica	XP_012206366.1 hypothetical protein SPRG_11773 [Saprolegnia parasitica CBS 223.65]
Pcub-MSU1_013_000131.1	XP_008619546.1	52.2	67	184	278	1.40e-12	68.9	36.4	1156394	Oomycota	Saprolegnia	Saprolegnia diclina	XP_008619546.1 lathosterol oxidase [Saprolegnia diclina VS20]
Pcub-MSU1_013_000131.1	OQR92105.1	52.2	67	184	278	6.93e-12	67.0	36.4	1202772	Oomycota	Achlya	Achlya hypogyna	OQR92105.1 sterol-C5-desaturase [Achlya hypogyna]
Pcub-MSU1_013_000131.1	OQR92172.1	46.5	71	184	279	1.23e-10	63.5	38.6	74557	Oomycota	Thraustotheca	Thraustotheca clavata	OQR92172.1 sterol-C5-desaturase [Thraustotheca clavata]
Pcub-MSU1_013_000131.1	DBA03113.1	40.0	70	184	267	1.53e-10	63.2	38.0	4803	Oomycota	Lagenidium	Lagenidium giganteum	DBA03113.1 TPA: hypothetical protein N0F65_003360 [Lagenidium giganteum]
Pcub-MSU1_013_000131.1	RLN72747.1	47.1	70	184	274	2.23e-10	62.8	38.0	2483409	Oomycota	Nothophytophthora	Nothophytophthora sp. Chile5	RLN72747.1 hypothetical protein BBJ28_00016671 [Nothophytophthora sp. Chile5]
Pcub-MSU1_013_000131.1	RHY25242.1	50.7	71	184	279	2.31e-10	62.8	38.6	157072	Oomycota	Aphanomyces	Aphanomyces invadans	RHY25242.1 hypothetical protein DYB32_008439 [Aphanomyces invadans]
Pcub-MSU1_013_000131.1	XP_008871409.1	50.7	71	184	279	3.17e-10	62.4	38.6	157072	Oomycota	Aphanomyces	Aphanomyces invadans	XP_008871409.1 hypothetical protein H310_07440 [Aphanomyces invadans]
Pcub-MSU1_013_000131.1	XP_009839931.1	47.9	71	184	279	4.34e-10	62.0	38.6	112090	Oomycota	Aphanomyces	Aphanomyces astaci	XP_009839931.1 hypothetical protein H257_13934 [Aphanomyces astaci]
Pcub-MSU1_013_000131.1	RHY02056.1	47.9	71	184	304	5.03e-10	62.0	38.6	112090	Oomycota	Aphanomyces	Aphanomyces astaci	RHY02056.1 hypothetical protein DYB25_010867, partial [Aphanomyces astaci]
Pcub-MSU1_013_000131.1	KAJ0407272.1	42.9	70	184	261	5.21e-10	61.6	38.0	114742	Oomycota	Pythium	Pythium insidiosum	KAJ0407272.1 hypothetical protein P43SY_008047 [Pythium insidiosum]
Pcub-MSU1_013_000131.1	RQM27279.1	47.9	71	184	314	5.27e-10	62.0	38.6	112090	Oomycota	Aphanomyces	Aphanomyces astaci	RQM27279.1 hypothetical protein B5M09_008499, partial [Aphanomyces astaci]
Pcub-MSU1_013_000131.1	RHY87517.1	47.9	71	184	331	5.63e-10	62.0	38.6	112090	Oomycota	Aphanomyces	Aphanomyces astaci	RHY87517.1 hypothetical protein DYB31_016390 [Aphanomyces astaci]
Pcub-MSU1_013_000131.1	DBA03114.1	41.4	70	184	261	7.16e-10	61.2	38.0	4803	Oomycota	Lagenidium	Lagenidium giganteum	DBA03114.1 TPA: hypothetical protein N0F65_003361 [Lagenidium giganteum]
Pcub-MSU1_013_000131.1	RHZ01420.1	47.9	71	184	562	7.40e-10	62.0	38.6	112090	Oomycota	Aphanomyces	Aphanomyces astaci	RHZ01420.1 hypothetical protein DYB35_003369 [Aphanomyces astaci]
Pcub-MSU1_013_000131.1	KAJ0411403.1	42.9	70	184	261	1.85e-09	60.1	38.0	114742	Oomycota	Pythium	Pythium insidiosum	KAJ0411403.1 hypothetical protein ATCC90586_004389 [Pythium insidiosum]
Pcub-MSU1_013_000131.1	TMW66660.1	42.9	70	184	261	1.85e-09	60.1	38.0	41045	Oomycota	Pythium	Pythium oligandrum	TMW66660.1 hypothetical protein Poli38472_013972 [Pythium oligandrum]
Pcub-MSU1_013_000131.1	KAF0690516.1	46.2	65	184	392	2.21e-09	60.5	35.3	120398	Oomycota	Aphanomyces	Aphanomyces stellatus	KAF0690516.1 hypothetical protein As57867_018044 [Aphanomyces stellatus]
Pcub-MSU1_013_000131.1	KAH9127678.1	43.3	67	184	279	3.92e-09	59.3	36.4	100861	Oomycota	Aphanomyces	Aphanomyces euteiches	KAH9127678.1 hypothetical protein AeMF1_002064 [Aphanomyces euteiches]
Pcub-MSU1_013_000131.1	KAF0722303.1	43.3	67	184	279	3.92e-09	59.3	36.4	100861	Oomycota	Aphanomyces	Aphanomyces euteiches	KAF0722303.1 hypothetical protein Ae201684_018519 [Aphanomyces euteiches]
Pcub-MSU1_013_000131.1	KAH9092419.1	43.3	67	184	279	3.92e-09	59.3	36.4	100861	Oomycota	Aphanomyces	Aphanomyces euteiches	KAH9092419.1 hypothetical protein LEN26_018412 [Aphanomyces euteiches]
Pcub-MSU1_013_000131.1	KAF4038914.1	44.3	70	184	264	4.88e-09	58.9	38.0	4787	Oomycota	Phytophthora	Phytophthora infestans	KAF4038914.1 Fatty acid hydroxylase superfamily [Phytophthora infestans]
Pcub-MSU1_013_000131.1	KAI9996034.1	44.3	70	184	264	4.88e-09	58.9	38.0	4787	Oomycota	Phytophthora	Phytophthora infestans	KAI9996034.1 hypothetical protein PInf_013212 [Phytophthora infestans]
Pcub-MSU1_013_000131.1	XP_002894944.1	44.3	70	184	275	5.24e-09	58.9	38.0	403677	Oomycota	Phytophthora	Phytophthora infestans	XP_002894944.1 C-5 sterol desaturase, putative [Phytophthora infestans T30-4]
Pcub-MSU1_013_000132.1	XP_012213374.1	53.7	67	184	272	1.32e-12	68.9	36.4	695850	Oomycota	Saprolegnia	Saprolegnia parasitica	XP_012213374.1 hypothetical protein SPRG_18544 [Saprolegnia parasitica CBS 223.65]
Pcub-MSU1_013_000132.1	XP_012206366.1	52.2	67	184	270	3.39e-12	67.8	36.4	695850	Oomycota	Saprolegnia	Saprolegnia parasitica	XP_012206366.1 hypothetical protein SPRG_11773 [Saprolegnia parasitica CBS 223.65]
Pcub-MSU1_013_000132.1	XP_008619546.1	50.7	67	184	278	5.03e-12	67.4	36.4	1156394	Oomycota	Saprolegnia	Saprolegnia diclina	XP_008619546.1 lathosterol oxidase [Saprolegnia diclina VS20]
Pcub-MSU1_013_000132.1	OQR92105.1	50.7	67	184	278	2.48e-11	65.5	36.4	1202772	Oomycota	Achlya	Achlya hypogyna	OQR92105.1 sterol-C5-desaturase [Achlya hypogyna]
Pcub-MSU1_013_000132.1	OQR92172.1	46.3	67	184	279	5.95e-10	61.6	36.4	74557	Oomycota	Thraustotheca	Thraustotheca clavata	OQR92172.1 sterol-C5-desaturase [Thraustotheca clavata]
Pcub-MSU1_013_000132.1	RHY25242.1	49.3	71	184	279	5.95e-10	61.6	38.6	157072	Oomycota	Aphanomyces	Aphanomyces invadans	RHY25242.1 hypothetical protein DYB32_008439 [Aphanomyces invadans]
Pcub-MSU1_013_000132.1	DBA03113.1	40.3	67	184	267	7.50e-10	61.2	36.4	4803	Oomycota	Lagenidium	Lagenidium giganteum	DBA03113.1 TPA: hypothetical protein N0F65_003360 [Lagenidium giganteum]
Pcub-MSU1_013_000132.1	XP_008871409.1	49.3	71	184	279	8.16e-10	61.2	38.6	157072	Oomycota	Aphanomyces	Aphanomyces invadans	XP_008871409.1 hypothetical protein H310_07440 [Aphanomyces invadans]
Pcub-MSU1_013_000132.1	XP_009839931.1	46.5	71	184	279	1.12e-09	60.8	38.6	112090	Oomycota	Aphanomyces	Aphanomyces astaci	XP_009839931.1 hypothetical protein H257_13934 [Aphanomyces astaci]
Pcub-MSU1_013_000132.1	RHY02056.1	46.5	71	184	304	1.28e-09	60.8	38.6	112090	Oomycota	Aphanomyces	Aphanomyces astaci	RHY02056.1 hypothetical protein DYB25_010867, partial [Aphanomyces astaci]
Pcub-MSU1_013_000132.1	RQM27279.1	46.5	71	184	314	1.34e-09	60.8	38.6	112090	Oomycota	Aphanomyces	Aphanomyces astaci	RQM27279.1 hypothetical protein B5M09_008499, partial [Aphanomyces astaci]
Pcub-MSU1_013_000132.1	RHY87517.1	46.5	71	184	331	1.43e-09	60.8	38.6	112090	Oomycota	Aphanomyces	Aphanomyces astaci	RHY87517.1 hypothetical protein DYB31_016390 [Aphanomyces astaci]
Pcub-MSU1_013_000132.1	RHZ01420.1	46.5	71	184	562	1.85e-09	60.8	38.6	112090	Oomycota	Aphanomyces	Aphanomyces astaci	RHZ01420.1 hypothetical protein DYB35_003369 [Aphanomyces astaci]
Pcub-MSU1_013_000132.1	DBA03114.1	43.3	67	184	261	1.85e-09	60.1	36.4	4803	Oomycota	Lagenidium	Lagenidium giganteum	DBA03114.1 TPA: hypothetical protein N0F65_003361 [Lagenidium giganteum]
Pcub-MSU1_013_000132.1	RLN72747.1	49.2	61	184	274	3.81e-09	59.3	33.2	2483409	Oomycota	Nothophytophthora	Nothophytophthora sp. Chile5	RLN72747.1 hypothetical protein BBJ28_00016671 [Nothophytophthora sp. Chile5]
Pcub-MSU1_013_000132.1	KAF0690516.1	44.6	65	184	392	5.52e-09	59.3	35.3	120398	Oomycota	Aphanomyces	Aphanomyces stellatus	KAF0690516.1 hypothetical protein As57867_018044 [Aphanomyces stellatus]
Pcub-MSU1_013_000132.1	KAJ0407272.1	41.8	67	184	261	8.97e-09	58.2	36.4	114742	Oomycota	Pythium	Pythium insidiosum	KAJ0407272.1 hypothetical protein P43SY_008047 [Pythium insidiosum]
Pcub-MSU1_013_000132.1	KAH9127678.1	41.8	67	184	279	1.37e-08	57.8	36.4	100861	Oomycota	Aphanomyces	Aphanomyces euteiches	KAH9127678.1 hypothetical protein AeMF1_002064 [Aphanomyces euteiches]
Pcub-MSU1_013_000132.1	KAF0722303.1	41.8	67	184	279	1.37e-08	57.8	36.4	100861	Oomycota	Aphanomyces	Aphanomyces euteiches	KAF0722303.1 hypothetical protein Ae201684_018519 [Aphanomyces euteiches]
Pcub-MSU1_013_000132.1	KAH9092419.1	41.8	67	184	279	1.37e-08	57.8	36.4	100861	Oomycota	Aphanomyces	Aphanomyces euteiches	KAH9092419.1 hypothetical protein LEN26_018412 [Aphanomyces euteiches]
Pcub-MSU1_013_000132.1	KAJ0411403.1	41.8	67	184	261	3.15e-08	56.6	36.4	114742	Oomycota	Pythium	Pythium insidiosum	KAJ0411403.1 hypothetical protein ATCC90586_004389 [Pythium insidiosum]
Pcub-MSU1_013_000132.1	TMW66660.1	41.8	67	184	261	3.15e-08	56.6	36.4	41045	Oomycota	Pythium	Pythium oligandrum	TMW66660.1 hypothetical protein Poli38472_013972 [Pythium oligandrum]
Pcub-MSU1_013_000132.1	KAG9403680.1	41.8	67	184	275	6.37e-08	55.8	36.4	112091	Oomycota	Aphanomyces	Aphanomyces cochlioides	KAG9403680.1 Lathosterol oxidase [Aphanomyces cochlioides]
Pcub-MSU1_013_000132.1	KAF4038914.1	43.3	67	184	264	8.20e-08	55.5	36.4	4787	Oomycota	Phytophthora	Phytophthora infestans	KAF4038914.1 Fatty acid hydroxylase superfamily [Phytophthora infestans]
Pcub-MSU1_013_000132.1	KAI9996034.1	43.3	67	184	264	8.20e-08	55.5	36.4	4787	Oomycota	Phytophthora	Phytophthora infestans	KAI9996034.1 hypothetical protein PInf_013212 [Phytophthora infestans]
Pcub-MSU1_013_000133.1	XP_012213374.1	53.7	67	184	272	1.32e-12	68.9	36.4	695850	Oomycota	Saprolegnia	Saprolegnia parasitica	XP_012213374.1 hypothetical protein SPRG_18544 [Saprolegnia parasitica CBS 223.65]
Pcub-MSU1_013_000133.1	XP_012206366.1	52.2	67	184	270	3.39e-12	67.8	36.4	695850	Oomycota	Saprolegnia	Saprolegnia parasitica	XP_012206366.1 hypothetical protein SPRG_11773 [Saprolegnia parasitica CBS 223.65]
Pcub-MSU1_013_000133.1	XP_008619546.1	50.7	67	184	278	5.03e-12	67.4	36.4	1156394	Oomycota	Saprolegnia	Saprolegnia diclina	XP_008619546.1 lathosterol oxidase [Saprolegnia diclina VS20]
Pcub-MSU1_013_000133.1	OQR92105.1	50.7	67	184	278	2.48e-11	65.5	36.4	1202772	Oomycota	Achlya	Achlya hypogyna	OQR92105.1 sterol-C5-desaturase [Achlya hypogyna]
Pcub-MSU1_013_000133.1	OQR92172.1	46.3	67	184	279	5.95e-10	61.6	36.4	74557	Oomycota	Thraustotheca	Thraustotheca clavata	OQR92172.1 sterol-C5-desaturase [Thraustotheca clavata]
Pcub-MSU1_013_000133.1	RHY25242.1	49.3	71	184	279	5.95e-10	61.6	38.6	157072	Oomycota	Aphanomyces	Aphanomyces invadans	RHY25242.1 hypothetical protein DYB32_008439 [Aphanomyces invadans]
Pcub-MSU1_013_000133.1	DBA03113.1	40.3	67	184	267	7.50e-10	61.2	36.4	4803	Oomycota	Lagenidium	Lagenidium giganteum	DBA03113.1 TPA: hypothetical protein N0F65_003360 [Lagenidium giganteum]
Pcub-MSU1_013_000133.1	XP_008871409.1	49.3	71	184	279	8.16e-10	61.2	38.6	157072	Oomycota	Aphanomyces	Aphanomyces invadans	XP_008871409.1 hypothetical protein H310_07440 [Aphanomyces invadans]
Pcub-MSU1_013_000133.1	XP_009839931.1	46.5	71	184	279	1.12e-09	60.8	38.6	112090	Oomycota	Aphanomyces	Aphanomyces astaci	XP_009839931.1 hypothetical protein H257_13934 [Aphanomyces astaci]
Pcub-MSU1_013_000133.1	RHY02056.1	46.5	71	184	304	1.28e-09	60.8	38.6	112090	Oomycota	Aphanomyces	Aphanomyces astaci	RHY02056.1 hypothetical protein DYB25_010867, partial [Aphanomyces astaci]
Pcub-MSU1_013_000133.1	RQM27279.1	46.5	71	184	314	1.34e-09	60.8	38.6	112090	Oomycota	Aphanomyces	Aphanomyces astaci	RQM27279.1 hypothetical protein B5M09_008499, partial [Aphanomyces astaci]
Pcub-MSU1_013_000133.1	RHY87517.1	46.5	71	184	331	1.43e-09	60.8	38.6	112090	Oomycota	Aphanomyces	Aphanomyces astaci	RHY87517.1 hypothetical protein DYB31_016390 [Aphanomyces astaci]
Pcub-MSU1_013_000133.1	RHZ01420.1	46.5	71	184	562	1.85e-09	60.8	38.6	112090	Oomycota	Aphanomyces	Aphanomyces astaci	RHZ01420.1 hypothetical protein DYB35_003369 [Aphanomyces astaci]
Pcub-MSU1_013_000133.1	DBA03114.1	43.3	67	184	261	1.85e-09	60.1	36.4	4803	Oomycota	Lagenidium	Lagenidium giganteum	DBA03114.1 TPA: hypothetical protein N0F65_003361 [Lagenidium giganteum]
Pcub-MSU1_013_000133.1	RLN72747.1	49.2	61	184	274	3.81e-09	59.3	33.2	2483409	Oomycota	Nothophytophthora	Nothophytophthora sp. Chile5	RLN72747.1 hypothetical protein BBJ28_00016671 [Nothophytophthora sp. Chile5]
Pcub-MSU1_013_000133.1	KAF0690516.1	44.6	65	184	392	5.52e-09	59.3	35.3	120398	Oomycota	Aphanomyces	Aphanomyces stellatus	KAF0690516.1 hypothetical protein As57867_018044 [Aphanomyces stellatus]
Pcub-MSU1_013_000133.1	KAJ0407272.1	41.8	67	184	261	8.97e-09	58.2	36.4	114742	Oomycota	Pythium	Pythium insidiosum	KAJ0407272.1 hypothetical protein P43SY_008047 [Pythium insidiosum]
Pcub-MSU1_013_000133.1	KAH9127678.1	41.8	67	184	279	1.37e-08	57.8	36.4	100861	Oomycota	Aphanomyces	Aphanomyces euteiches	KAH9127678.1 hypothetical protein AeMF1_002064 [Aphanomyces euteiches]
Pcub-MSU1_013_000133.1	KAF0722303.1	41.8	67	184	279	1.37e-08	57.8	36.4	100861	Oomycota	Aphanomyces	Aphanomyces euteiches	KAF0722303.1 hypothetical protein Ae201684_018519 [Aphanomyces euteiches]
Pcub-MSU1_013_000133.1	KAH9092419.1	41.8	67	184	279	1.37e-08	57.8	36.4	100861	Oomycota	Aphanomyces	Aphanomyces euteiches	KAH9092419.1 hypothetical protein LEN26_018412 [Aphanomyces euteiches]
Pcub-MSU1_013_000133.1	KAJ0411403.1	41.8	67	184	261	3.15e-08	56.6	36.4	114742	Oomycota	Pythium	Pythium insidiosum	KAJ0411403.1 hypothetical protein ATCC90586_004389 [Pythium insidiosum]
Pcub-MSU1_013_000133.1	TMW66660.1	41.8	67	184	261	3.15e-08	56.6	36.4	41045	Oomycota	Pythium	Pythium oligandrum	TMW66660.1 hypothetical protein Poli38472_013972 [Pythium oligandrum]
Pcub-MSU1_013_000133.1	KAG9403680.1	41.8	67	184	275	6.37e-08	55.8	36.4	112091	Oomycota	Aphanomyces	Aphanomyces cochlioides	KAG9403680.1 Lathosterol oxidase [Aphanomyces cochlioides]
Pcub-MSU1_013_000133.1	KAF4038914.1	43.3	67	184	264	8.20e-08	55.5	36.4	4787	Oomycota	Phytophthora	Phytophthora infestans	KAF4038914.1 Fatty acid hydroxylase superfamily [Phytophthora infestans]
Pcub-MSU1_013_000133.1	KAI9996034.1	43.3	67	184	264	8.20e-08	55.5	36.4	4787	Oomycota	Phytophthora	Phytophthora infestans	KAI9996034.1 hypothetical protein PInf_013212 [Phytophthora infestans]
Pcub-MSU1_013_000134.1	XP_012213374.1	53.7	67	184	272	1.32e-12	68.9	36.4	695850	Oomycota	Saprolegnia	Saprolegnia parasitica	XP_012213374.1 hypothetical protein SPRG_18544 [Saprolegnia parasitica CBS 223.65]
Pcub-MSU1_013_000134.1	XP_012206366.1	52.2	67	184	270	3.39e-12	67.8	36.4	695850	Oomycota	Saprolegnia	Saprolegnia parasitica	XP_012206366.1 hypothetical protein SPRG_11773 [Saprolegnia parasitica CBS 223.65]
Pcub-MSU1_013_000134.1	XP_008619546.1	50.7	67	184	278	5.03e-12	67.4	36.4	1156394	Oomycota	Saprolegnia	Saprolegnia diclina	XP_008619546.1 lathosterol oxidase [Saprolegnia diclina VS20]
Pcub-MSU1_013_000134.1	OQR92105.1	50.7	67	184	278	2.48e-11	65.5	36.4	1202772	Oomycota	Achlya	Achlya hypogyna	OQR92105.1 sterol-C5-desaturase [Achlya hypogyna]
Pcub-MSU1_013_000134.1	OQR92172.1	46.3	67	184	279	5.95e-10	61.6	36.4	74557	Oomycota	Thraustotheca	Thraustotheca clavata	OQR92172.1 sterol-C5-desaturase [Thraustotheca clavata]
Pcub-MSU1_013_000134.1	RHY25242.1	49.3	71	184	279	5.95e-10	61.6	38.6	157072	Oomycota	Aphanomyces	Aphanomyces invadans	RHY25242.1 hypothetical protein DYB32_008439 [Aphanomyces invadans]
Pcub-MSU1_013_000134.1	DBA03113.1	40.3	67	184	267	7.50e-10	61.2	36.4	4803	Oomycota	Lagenidium	Lagenidium giganteum	DBA03113.1 TPA: hypothetical protein N0F65_003360 [Lagenidium giganteum]
Pcub-MSU1_013_000134.1	XP_008871409.1	49.3	71	184	279	8.16e-10	61.2	38.6	157072	Oomycota	Aphanomyces	Aphanomyces invadans	XP_008871409.1 hypothetical protein H310_07440 [Aphanomyces invadans]
Pcub-MSU1_013_000134.1	XP_009839931.1	46.5	71	184	279	1.12e-09	60.8	38.6	112090	Oomycota	Aphanomyces	Aphanomyces astaci	XP_009839931.1 hypothetical protein H257_13934 [Aphanomyces astaci]
Pcub-MSU1_013_000134.1	RHY02056.1	46.5	71	184	304	1.28e-09	60.8	38.6	112090	Oomycota	Aphanomyces	Aphanomyces astaci	RHY02056.1 hypothetical protein DYB25_010867, partial [Aphanomyces astaci]
Pcub-MSU1_013_000134.1	RQM27279.1	46.5	71	184	314	1.34e-09	60.8	38.6	112090	Oomycota	Aphanomyces	Aphanomyces astaci	RQM27279.1 hypothetical protein B5M09_008499, partial [Aphanomyces astaci]
Pcub-MSU1_013_000134.1	RHY87517.1	46.5	71	184	331	1.43e-09	60.8	38.6	112090	Oomycota	Aphanomyces	Aphanomyces astaci	RHY87517.1 hypothetical protein DYB31_016390 [Aphanomyces astaci]
Pcub-MSU1_013_000134.1	RHZ01420.1	46.5	71	184	562	1.85e-09	60.8	38.6	112090	Oomycota	Aphanomyces	Aphanomyces astaci	RHZ01420.1 hypothetical protein DYB35_003369 [Aphanomyces astaci]
Pcub-MSU1_013_000134.1	DBA03114.1	43.3	67	184	261	1.85e-09	60.1	36.4	4803	Oomycota	Lagenidium	Lagenidium giganteum	DBA03114.1 TPA: hypothetical protein N0F65_003361 [Lagenidium giganteum]
Pcub-MSU1_013_000134.1	RLN72747.1	49.2	61	184	274	3.81e-09	59.3	33.2	2483409	Oomycota	Nothophytophthora	Nothophytophthora sp. Chile5	RLN72747.1 hypothetical protein BBJ28_00016671 [Nothophytophthora sp. Chile5]
Pcub-MSU1_013_000134.1	KAF0690516.1	44.6	65	184	392	5.52e-09	59.3	35.3	120398	Oomycota	Aphanomyces	Aphanomyces stellatus	KAF0690516.1 hypothetical protein As57867_018044 [Aphanomyces stellatus]
Pcub-MSU1_013_000134.1	KAJ0407272.1	41.8	67	184	261	8.97e-09	58.2	36.4	114742	Oomycota	Pythium	Pythium insidiosum	KAJ0407272.1 hypothetical protein P43SY_008047 [Pythium insidiosum]
Pcub-MSU1_013_000134.1	KAH9127678.1	41.8	67	184	279	1.37e-08	57.8	36.4	100861	Oomycota	Aphanomyces	Aphanomyces euteiches	KAH9127678.1 hypothetical protein AeMF1_002064 [Aphanomyces euteiches]
Pcub-MSU1_013_000134.1	KAF0722303.1	41.8	67	184	279	1.37e-08	57.8	36.4	100861	Oomycota	Aphanomyces	Aphanomyces euteiches	KAF0722303.1 hypothetical protein Ae201684_018519 [Aphanomyces euteiches]
Pcub-MSU1_013_000134.1	KAH9092419.1	41.8	67	184	279	1.37e-08	57.8	36.4	100861	Oomycota	Aphanomyces	Aphanomyces euteiches	KAH9092419.1 hypothetical protein LEN26_018412 [Aphanomyces euteiches]
Pcub-MSU1_013_000134.1	KAJ0411403.1	41.8	67	184	261	3.15e-08	56.6	36.4	114742	Oomycota	Pythium	Pythium insidiosum	KAJ0411403.1 hypothetical protein ATCC90586_004389 [Pythium insidiosum]
Pcub-MSU1_013_000134.1	TMW66660.1	41.8	67	184	261	3.15e-08	56.6	36.4	41045	Oomycota	Pythium	Pythium oligandrum	TMW66660.1 hypothetical protein Poli38472_013972 [Pythium oligandrum]
Pcub-MSU1_013_000134.1	KAG9403680.1	41.8	67	184	275	6.37e-08	55.8	36.4	112091	Oomycota	Aphanomyces	Aphanomyces cochlioides	KAG9403680.1 Lathosterol oxidase [Aphanomyces cochlioides]
Pcub-MSU1_013_000134.1	KAF4038914.1	43.3	67	184	264	8.20e-08	55.5	36.4	4787	Oomycota	Phytophthora	Phytophthora infestans	KAF4038914.1 Fatty acid hydroxylase superfamily [Phytophthora infestans]
Pcub-MSU1_013_000134.1	KAI9996034.1	43.3	67	184	264	8.20e-08	55.5	36.4	4787	Oomycota	Phytophthora	Phytophthora infestans	KAI9996034.1 hypothetical protein PInf_013212 [Phytophthora infestans]
Pcub-MSU1_013_000135.1	XP_012213374.1	52.2	67	184	272	2.36e-11	65.5	36.4	695850	Oomycota	Saprolegnia	Saprolegnia parasitica	XP_012213374.1 hypothetical protein SPRG_18544 [Saprolegnia parasitica CBS 223.65]
Pcub-MSU1_013_000135.1	XP_012206366.1	50.7	67	184	270	6.05e-11	64.3	36.4	695850	Oomycota	Saprolegnia	Saprolegnia parasitica	XP_012206366.1 hypothetical protein SPRG_11773 [Saprolegnia parasitica CBS 223.65]
Pcub-MSU1_013_000135.1	XP_008619546.1	49.3	67	184	278	8.86e-11	63.9	36.4	1156394	Oomycota	Saprolegnia	Saprolegnia diclina	XP_008619546.1 lathosterol oxidase [Saprolegnia diclina VS20]
Pcub-MSU1_013_000135.1	OQR92105.1	49.3	67	184	278	4.31e-10	62.0	36.4	1202772	Oomycota	Achlya	Achlya hypogyna	OQR92105.1 sterol-C5-desaturase [Achlya hypogyna]
Pcub-MSU1_013_000135.1	OQR92172.1	44.8	67	184	279	1.00e-08	58.2	36.4	74557	Oomycota	Thraustotheca	Thraustotheca clavata	OQR92172.1 sterol-C5-desaturase [Thraustotheca clavata]
Pcub-MSU1_013_000135.1	RHY25242.1	47.9	71	184	279	1.00e-08	58.2	38.6	157072	Oomycota	Aphanomyces	Aphanomyces invadans	RHY25242.1 hypothetical protein DYB32_008439 [Aphanomyces invadans]
Pcub-MSU1_013_000135.1	DBA03113.1	38.8	67	184	267	1.28e-08	57.8	36.4	4803	Oomycota	Lagenidium	Lagenidium giganteum	DBA03113.1 TPA: hypothetical protein N0F65_003360 [Lagenidium giganteum]
Pcub-MSU1_013_000135.1	XP_008871409.1	47.9	71	184	279	1.37e-08	57.8	38.6	157072	Oomycota	Aphanomyces	Aphanomyces invadans	XP_008871409.1 hypothetical protein H310_07440 [Aphanomyces invadans]
Pcub-MSU1_013_000135.1	XP_009839931.1	45.1	71	184	279	1.87e-08	57.4	38.6	112090	Oomycota	Aphanomyces	Aphanomyces astaci	XP_009839931.1 hypothetical protein H257_13934 [Aphanomyces astaci]
Pcub-MSU1_013_000135.1	RHY02056.1	45.1	71	184	304	2.10e-08	57.4	38.6	112090	Oomycota	Aphanomyces	Aphanomyces astaci	RHY02056.1 hypothetical protein DYB25_010867, partial [Aphanomyces astaci]
Pcub-MSU1_013_000135.1	RQM27279.1	45.1	71	184	314	2.17e-08	57.4	38.6	112090	Oomycota	Aphanomyces	Aphanomyces astaci	RQM27279.1 hypothetical protein B5M09_008499, partial [Aphanomyces astaci]
Pcub-MSU1_013_000135.1	RHY87517.1	45.1	71	184	331	2.28e-08	57.4	38.6	112090	Oomycota	Aphanomyces	Aphanomyces astaci	RHY87517.1 hypothetical protein DYB31_016390 [Aphanomyces astaci]
Pcub-MSU1_013_000135.1	RHZ01420.1	45.1	71	184	562	2.85e-08	57.4	38.6	112090	Oomycota	Aphanomyces	Aphanomyces astaci	RHZ01420.1 hypothetical protein DYB35_003369 [Aphanomyces astaci]
Pcub-MSU1_013_000135.1	DBA03114.1	41.8	67	184	261	3.15e-08	56.6	36.4	4803	Oomycota	Lagenidium	Lagenidium giganteum	DBA03114.1 TPA: hypothetical protein N0F65_003361 [Lagenidium giganteum]
Pcub-MSU1_013_000135.1	RLN72747.1	47.5	61	184	274	6.34e-08	55.8	33.2	2483409	Oomycota	Nothophytophthora	Nothophytophthora sp. Chile5	RLN72747.1 hypothetical protein BBJ28_00016671 [Nothophytophthora sp. Chile5]
Pcub-MSU1_013_000135.1	KAF0690516.1	43.1	65	184	392	8.57e-08	55.8	35.3	120398	Oomycota	Aphanomyces	Aphanomyces stellatus	KAF0690516.1 hypothetical protein As57867_018044 [Aphanomyces stellatus]
Pcub-MSU1_013_000135.1	KAJ0407272.1	40.3	67	184	261	1.50e-07	54.7	36.4	114742	Oomycota	Pythium	Pythium insidiosum	KAJ0407272.1 hypothetical protein P43SY_008047 [Pythium insidiosum]
Pcub-MSU1_013_000135.1	KAH9127678.1	40.3	67	184	279	2.25e-07	54.3	36.4	100861	Oomycota	Aphanomyces	Aphanomyces euteiches	KAH9127678.1 hypothetical protein AeMF1_002064 [Aphanomyces euteiches]
Pcub-MSU1_013_000135.1	KAF0722303.1	40.3	67	184	279	2.25e-07	54.3	36.4	100861	Oomycota	Aphanomyces	Aphanomyces euteiches	KAF0722303.1 hypothetical protein Ae201684_018519 [Aphanomyces euteiches]
Pcub-MSU1_013_000135.1	KAH9092419.1	40.3	67	184	279	2.25e-07	54.3	36.4	100861	Oomycota	Aphanomyces	Aphanomyces euteiches	KAH9092419.1 hypothetical protein LEN26_018412 [Aphanomyces euteiches]
Pcub-MSU1_013_000135.1	KAJ0411403.1	40.3	67	184	261	5.22e-07	53.1	36.4	114742	Oomycota	Pythium	Pythium insidiosum	KAJ0411403.1 hypothetical protein ATCC90586_004389 [Pythium insidiosum]
Pcub-MSU1_013_000135.1	TMW66660.1	40.3	67	184	261	5.22e-07	53.1	36.4	41045	Oomycota	Pythium	Pythium oligandrum	TMW66660.1 hypothetical protein Poli38472_013972 [Pythium oligandrum]
Pcub-MSU1_013_000135.1	KAG9403680.1	40.3	67	184	275	1.03e-06	52.4	36.4	112091	Oomycota	Aphanomyces	Aphanomyces cochlioides	KAG9403680.1 Lathosterol oxidase [Aphanomyces cochlioides]
Pcub-MSU1_013_000135.1	KAF4038914.1	41.8	67	184	264	1.34e-06	52.0	36.4	4787	Oomycota	Phytophthora	Phytophthora infestans	KAF4038914.1 Fatty acid hydroxylase superfamily [Phytophthora infestans]
Pcub-MSU1_013_000135.1	KAI9996034.1	41.8	67	184	264	1.34e-06	52.0	36.4	4787	Oomycota	Phytophthora	Phytophthora infestans	KAI9996034.1 hypothetical protein PInf_013212 [Phytophthora infestans]
Pcub-MSU1_013_000136.1	XP_012213374.1	53.7	67	184	272	1.82e-12	68.6	36.4	695850	Oomycota	Saprolegnia	Saprolegnia parasitica	XP_012213374.1 hypothetical protein SPRG_18544 [Saprolegnia parasitica CBS 223.65]
Pcub-MSU1_013_000136.1	XP_012206366.1	52.2	67	184	270	4.68e-12	67.4	36.4	695850	Oomycota	Saprolegnia	Saprolegnia parasitica	XP_012206366.1 hypothetical protein SPRG_11773 [Saprolegnia parasitica CBS 223.65]
Pcub-MSU1_013_000136.1	XP_008619546.1	50.7	67	184	278	6.93e-12	67.0	36.4	1156394	Oomycota	Saprolegnia	Saprolegnia diclina	XP_008619546.1 lathosterol oxidase [Saprolegnia diclina VS20]
Pcub-MSU1_013_000136.1	OQR92105.1	50.7	67	184	278	3.41e-11	65.1	36.4	1202772	Oomycota	Achlya	Achlya hypogyna	OQR92105.1 sterol-C5-desaturase [Achlya hypogyna]
Pcub-MSU1_013_000136.1	OQR92172.1	45.1	71	184	279	5.95e-10	61.6	38.6	74557	Oomycota	Thraustotheca	Thraustotheca clavata	OQR92172.1 sterol-C5-desaturase [Thraustotheca clavata]
Pcub-MSU1_013_000136.1	DBA03113.1	38.6	70	184	267	7.50e-10	61.2	38.0	4803	Oomycota	Lagenidium	Lagenidium giganteum	DBA03113.1 TPA: hypothetical protein N0F65_003360 [Lagenidium giganteum]
Pcub-MSU1_013_000136.1	RLN72747.1	45.7	70	184	274	1.08e-09	60.8	38.0	2483409	Oomycota	Nothophytophthora	Nothophytophthora sp. Chile5	RLN72747.1 hypothetical protein BBJ28_00016671 [Nothophytophthora sp. Chile5]
Pcub-MSU1_013_000136.1	RHY25242.1	49.3	71	184	279	1.12e-09	60.8	38.6	157072	Oomycota	Aphanomyces	Aphanomyces invadans	RHY25242.1 hypothetical protein DYB32_008439 [Aphanomyces invadans]
Pcub-MSU1_013_000136.1	XP_008871409.1	49.3	71	184	279	1.53e-09	60.5	38.6	157072	Oomycota	Aphanomyces	Aphanomyces invadans	XP_008871409.1 hypothetical protein H310_07440 [Aphanomyces invadans]
Pcub-MSU1_013_000136.1	DBA03114.1	41.4	70	184	261	1.85e-09	60.1	38.0	4803	Oomycota	Lagenidium	Lagenidium giganteum	DBA03114.1 TPA: hypothetical protein N0F65_003361 [Lagenidium giganteum]
Pcub-MSU1_013_000136.1	XP_009839931.1	46.5	71	184	279	2.10e-09	60.1	38.6	112090	Oomycota	Aphanomyces	Aphanomyces astaci	XP_009839931.1 hypothetical protein H257_13934 [Aphanomyces astaci]
Pcub-MSU1_013_000136.1	RHY02056.1	46.5	71	184	304	2.39e-09	60.1	38.6	112090	Oomycota	Aphanomyces	Aphanomyces astaci	RHY02056.1 hypothetical protein DYB25_010867, partial [Aphanomyces astaci]
Pcub-MSU1_013_000136.1	RQM27279.1	46.5	71	184	314	2.49e-09	60.1	38.6	112090	Oomycota	Aphanomyces	Aphanomyces astaci	RQM27279.1 hypothetical protein B5M09_008499, partial [Aphanomyces astaci]
Pcub-MSU1_013_000136.1	KAJ0407272.1	41.4	70	184	261	2.54e-09	59.7	38.0	114742	Oomycota	Pythium	Pythium insidiosum	KAJ0407272.1 hypothetical protein P43SY_008047 [Pythium insidiosum]
Pcub-MSU1_013_000136.1	RHY87517.1	46.5	71	184	331	2.64e-09	60.1	38.6	112090	Oomycota	Aphanomyces	Aphanomyces astaci	RHY87517.1 hypothetical protein DYB31_016390 [Aphanomyces astaci]
Pcub-MSU1_013_000136.1	RHZ01420.1	46.5	71	184	562	3.39e-09	60.1	38.6	112090	Oomycota	Aphanomyces	Aphanomyces astaci	RHZ01420.1 hypothetical protein DYB35_003369 [Aphanomyces astaci]
Pcub-MSU1_013_000136.1	KAJ0411403.1	41.4	70	184	261	8.97e-09	58.2	38.0	114742	Oomycota	Pythium	Pythium insidiosum	KAJ0411403.1 hypothetical protein ATCC90586_004389 [Pythium insidiosum]
Pcub-MSU1_013_000136.1	TMW66660.1	41.4	70	184	261	8.97e-09	58.2	38.0	41045	Oomycota	Pythium	Pythium oligandrum	TMW66660.1 hypothetical protein Poli38472_013972 [Pythium oligandrum]
Pcub-MSU1_013_000136.1	KAF0690516.1	44.6	65	184	392	1.02e-08	58.5	35.3	120398	Oomycota	Aphanomyces	Aphanomyces stellatus	KAF0690516.1 hypothetical protein As57867_018044 [Aphanomyces stellatus]
Pcub-MSU1_013_000136.1	KAH9127678.1	41.8	67	184	279	1.87e-08	57.4	36.4	100861	Oomycota	Aphanomyces	Aphanomyces euteiches	KAH9127678.1 hypothetical protein AeMF1_002064 [Aphanomyces euteiches]
Pcub-MSU1_013_000136.1	KAF0722303.1	41.8	67	184	279	1.87e-08	57.4	36.4	100861	Oomycota	Aphanomyces	Aphanomyces euteiches	KAF0722303.1 hypothetical protein Ae201684_018519 [Aphanomyces euteiches]
Pcub-MSU1_013_000136.1	KAH9092419.1	41.8	67	184	279	1.87e-08	57.4	36.4	100861	Oomycota	Aphanomyces	Aphanomyces euteiches	KAH9092419.1 hypothetical protein LEN26_018412 [Aphanomyces euteiches]
Pcub-MSU1_013_000136.1	KAF4038914.1	42.9	70	184	264	2.35e-08	57.0	38.0	4787	Oomycota	Phytophthora	Phytophthora infestans	KAF4038914.1 Fatty acid hydroxylase superfamily [Phytophthora infestans]
Pcub-MSU1_013_000136.1	KAI9996034.1	42.9	70	184	264	2.35e-08	57.0	38.0	4787	Oomycota	Phytophthora	Phytophthora infestans	KAI9996034.1 hypothetical protein PInf_013212 [Phytophthora infestans]
Pcub-MSU1_013_000136.1	XP_002894944.1	42.9	70	184	275	2.50e-08	57.0	38.0	403677	Oomycota	Phytophthora	Phytophthora infestans	XP_002894944.1 C-5 sterol desaturase, putative [Phytophthora infestans T30-4]
Pcub-MSU1_013_000137.1	XP_012213374.1	52.2	67	184	272	2.36e-11	65.5	36.4	695850	Oomycota	Saprolegnia	Saprolegnia parasitica	XP_012213374.1 hypothetical protein SPRG_18544 [Saprolegnia parasitica CBS 223.65]
Pcub-MSU1_013_000137.1	XP_012206366.1	50.7	67	184	270	6.05e-11	64.3	36.4	695850	Oomycota	Saprolegnia	Saprolegnia parasitica	XP_012206366.1 hypothetical protein SPRG_11773 [Saprolegnia parasitica CBS 223.65]
Pcub-MSU1_013_000137.1	XP_008619546.1	49.3	67	184	278	8.86e-11	63.9	36.4	1156394	Oomycota	Saprolegnia	Saprolegnia diclina	XP_008619546.1 lathosterol oxidase [Saprolegnia diclina VS20]
Pcub-MSU1_013_000137.1	OQR92105.1	49.3	67	184	278	4.31e-10	62.0	36.4	1202772	Oomycota	Achlya	Achlya hypogyna	OQR92105.1 sterol-C5-desaturase [Achlya hypogyna]
Pcub-MSU1_013_000137.1	OQR92172.1	44.8	67	184	279	1.00e-08	58.2	36.4	74557	Oomycota	Thraustotheca	Thraustotheca clavata	OQR92172.1 sterol-C5-desaturase [Thraustotheca clavata]
Pcub-MSU1_013_000137.1	RHY25242.1	47.9	71	184	279	1.00e-08	58.2	38.6	157072	Oomycota	Aphanomyces	Aphanomyces invadans	RHY25242.1 hypothetical protein DYB32_008439 [Aphanomyces invadans]
Pcub-MSU1_013_000137.1	DBA03113.1	38.8	67	184	267	1.28e-08	57.8	36.4	4803	Oomycota	Lagenidium	Lagenidium giganteum	DBA03113.1 TPA: hypothetical protein N0F65_003360 [Lagenidium giganteum]
Pcub-MSU1_013_000137.1	XP_008871409.1	47.9	71	184	279	1.37e-08	57.8	38.6	157072	Oomycota	Aphanomyces	Aphanomyces invadans	XP_008871409.1 hypothetical protein H310_07440 [Aphanomyces invadans]
Pcub-MSU1_013_000137.1	XP_009839931.1	45.1	71	184	279	1.87e-08	57.4	38.6	112090	Oomycota	Aphanomyces	Aphanomyces astaci	XP_009839931.1 hypothetical protein H257_13934 [Aphanomyces astaci]
Pcub-MSU1_013_000137.1	RHY02056.1	45.1	71	184	304	2.10e-08	57.4	38.6	112090	Oomycota	Aphanomyces	Aphanomyces astaci	RHY02056.1 hypothetical protein DYB25_010867, partial [Aphanomyces astaci]
Pcub-MSU1_013_000137.1	RQM27279.1	45.1	71	184	314	2.17e-08	57.4	38.6	112090	Oomycota	Aphanomyces	Aphanomyces astaci	RQM27279.1 hypothetical protein B5M09_008499, partial [Aphanomyces astaci]
Pcub-MSU1_013_000137.1	RHY87517.1	45.1	71	184	331	2.28e-08	57.4	38.6	112090	Oomycota	Aphanomyces	Aphanomyces astaci	RHY87517.1 hypothetical protein DYB31_016390 [Aphanomyces astaci]
Pcub-MSU1_013_000137.1	RHZ01420.1	45.1	71	184	562	2.85e-08	57.4	38.6	112090	Oomycota	Aphanomyces	Aphanomyces astaci	RHZ01420.1 hypothetical protein DYB35_003369 [Aphanomyces astaci]
Pcub-MSU1_013_000137.1	DBA03114.1	41.8	67	184	261	3.15e-08	56.6	36.4	4803	Oomycota	Lagenidium	Lagenidium giganteum	DBA03114.1 TPA: hypothetical protein N0F65_003361 [Lagenidium giganteum]
Pcub-MSU1_013_000137.1	RLN72747.1	47.5	61	184	274	6.34e-08	55.8	33.2	2483409	Oomycota	Nothophytophthora	Nothophytophthora sp. Chile5	RLN72747.1 hypothetical protein BBJ28_00016671 [Nothophytophthora sp. Chile5]
Pcub-MSU1_013_000137.1	KAF0690516.1	43.1	65	184	392	8.57e-08	55.8	35.3	120398	Oomycota	Aphanomyces	Aphanomyces stellatus	KAF0690516.1 hypothetical protein As57867_018044 [Aphanomyces stellatus]
Pcub-MSU1_013_000137.1	KAJ0407272.1	40.3	67	184	261	1.50e-07	54.7	36.4	114742	Oomycota	Pythium	Pythium insidiosum	KAJ0407272.1 hypothetical protein P43SY_008047 [Pythium insidiosum]
Pcub-MSU1_013_000137.1	KAH9127678.1	40.3	67	184	279	2.25e-07	54.3	36.4	100861	Oomycota	Aphanomyces	Aphanomyces euteiches	KAH9127678.1 hypothetical protein AeMF1_002064 [Aphanomyces euteiches]
Pcub-MSU1_013_000137.1	KAF0722303.1	40.3	67	184	279	2.25e-07	54.3	36.4	100861	Oomycota	Aphanomyces	Aphanomyces euteiches	KAF0722303.1 hypothetical protein Ae201684_018519 [Aphanomyces euteiches]
Pcub-MSU1_013_000137.1	KAH9092419.1	40.3	67	184	279	2.25e-07	54.3	36.4	100861	Oomycota	Aphanomyces	Aphanomyces euteiches	KAH9092419.1 hypothetical protein LEN26_018412 [Aphanomyces euteiches]
Pcub-MSU1_013_000137.1	KAJ0411403.1	40.3	67	184	261	5.22e-07	53.1	36.4	114742	Oomycota	Pythium	Pythium insidiosum	KAJ0411403.1 hypothetical protein ATCC90586_004389 [Pythium insidiosum]
Pcub-MSU1_013_000137.1	TMW66660.1	40.3	67	184	261	5.22e-07	53.1	36.4	41045	Oomycota	Pythium	Pythium oligandrum	TMW66660.1 hypothetical protein Poli38472_013972 [Pythium oligandrum]
Pcub-MSU1_013_000137.1	KAG9403680.1	40.3	67	184	275	1.03e-06	52.4	36.4	112091	Oomycota	Aphanomyces	Aphanomyces cochlioides	KAG9403680.1 Lathosterol oxidase [Aphanomyces cochlioides]
Pcub-MSU1_013_000137.1	KAF4038914.1	41.8	67	184	264	1.34e-06	52.0	36.4	4787	Oomycota	Phytophthora	Phytophthora infestans	KAF4038914.1 Fatty acid hydroxylase superfamily [Phytophthora infestans]
Pcub-MSU1_013_000137.1	KAI9996034.1	41.8	67	184	264	1.34e-06	52.0	36.4	4787	Oomycota	Phytophthora	Phytophthora infestans	KAI9996034.1 hypothetical protein PInf_013212 [Phytophthora infestans]
Pcub-MSU1_013_000138.1	XP_012213374.1	52.2	67	184	272	1.16e-10	63.5	36.4	695850	Oomycota	Saprolegnia	Saprolegnia parasitica	XP_012213374.1 hypothetical protein SPRG_18544 [Saprolegnia parasitica CBS 223.65]
Pcub-MSU1_013_000138.1	XP_012206366.1	50.7	67	184	270	2.96e-10	62.4	36.4	695850	Oomycota	Saprolegnia	Saprolegnia parasitica	XP_012206366.1 hypothetical protein SPRG_11773 [Saprolegnia parasitica CBS 223.65]
Pcub-MSU1_013_000138.1	XP_008619546.1	49.3	67	184	278	4.31e-10	62.0	36.4	1156394	Oomycota	Saprolegnia	Saprolegnia diclina	XP_008619546.1 lathosterol oxidase [Saprolegnia diclina VS20]
Pcub-MSU1_013_000138.1	OQR92105.1	49.3	67	184	278	2.08e-09	60.1	36.4	1202772	Oomycota	Achlya	Achlya hypogyna	OQR92105.1 sterol-C5-desaturase [Achlya hypogyna]
Pcub-MSU1_013_000138.1	OQR92172.1	45.1	71	184	279	3.92e-09	59.3	38.6	74557	Oomycota	Thraustotheca	Thraustotheca clavata	OQR92172.1 sterol-C5-desaturase [Thraustotheca clavata]
Pcub-MSU1_013_000138.1	DBA03113.1	38.6	70	184	267	9.34e-09	58.2	38.0	4803	Oomycota	Lagenidium	Lagenidium giganteum	DBA03113.1 TPA: hypothetical protein N0F65_003360 [Lagenidium giganteum]
Pcub-MSU1_013_000138.1	RHY25242.1	47.9	71	184	279	3.49e-08	56.6	38.6	157072	Oomycota	Aphanomyces	Aphanomyces invadans	RHY25242.1 hypothetical protein DYB32_008439 [Aphanomyces invadans]
Pcub-MSU1_013_000138.1	XP_008871409.1	47.9	71	184	279	4.77e-08	56.2	38.6	157072	Oomycota	Aphanomyces	Aphanomyces invadans	XP_008871409.1 hypothetical protein H310_07440 [Aphanomyces invadans]
Pcub-MSU1_013_000138.1	XP_009839931.1	45.1	71	184	279	6.50e-08	55.8	38.6	112090	Oomycota	Aphanomyces	Aphanomyces astaci	XP_009839931.1 hypothetical protein H257_13934 [Aphanomyces astaci]
Pcub-MSU1_013_000138.1	RHY02056.1	45.1	71	184	304	7.20e-08	55.8	38.6	112090	Oomycota	Aphanomyces	Aphanomyces astaci	RHY02056.1 hypothetical protein DYB25_010867, partial [Aphanomyces astaci]
Pcub-MSU1_013_000138.1	RQM27279.1	45.1	71	184	314	7.43e-08	55.8	38.6	112090	Oomycota	Aphanomyces	Aphanomyces astaci	RQM27279.1 hypothetical protein B5M09_008499, partial [Aphanomyces astaci]
Pcub-MSU1_013_000138.1	RHY87517.1	45.1	71	184	331	7.77e-08	55.8	38.6	112090	Oomycota	Aphanomyces	Aphanomyces astaci	RHY87517.1 hypothetical protein DYB31_016390 [Aphanomyces astaci]
Pcub-MSU1_013_000138.1	RHZ01420.1	45.1	71	184	562	9.62e-08	55.8	38.6	112090	Oomycota	Aphanomyces	Aphanomyces astaci	RHZ01420.1 hypothetical protein DYB35_003369 [Aphanomyces astaci]
Pcub-MSU1_013_000138.1	DBA03114.1	41.8	67	184	261	1.50e-07	54.7	36.4	4803	Oomycota	Lagenidium	Lagenidium giganteum	DBA03114.1 TPA: hypothetical protein N0F65_003361 [Lagenidium giganteum]
Pcub-MSU1_013_000138.1	RLN72747.1	47.5	61	184	274	2.20e-07	54.3	33.2	2483409	Oomycota	Nothophytophthora	Nothophytophthora sp. Chile5	RLN72747.1 hypothetical protein BBJ28_00016671 [Nothophytophthora sp. Chile5]
Pcub-MSU1_013_000138.1	KAF0690516.1	43.1	65	184	392	2.89e-07	54.3	35.3	120398	Oomycota	Aphanomyces	Aphanomyces stellatus	KAF0690516.1 hypothetical protein As57867_018044 [Aphanomyces stellatus]
Pcub-MSU1_013_000138.1	KAJ0407272.1	42.6	61	184	261	7.11e-07	52.8	33.2	114742	Oomycota	Pythium	Pythium insidiosum	KAJ0407272.1 hypothetical protein P43SY_008047 [Pythium insidiosum]
Pcub-MSU1_013_000138.1	KAH9127678.1	40.3	67	184	279	1.05e-06	52.4	36.4	100861	Oomycota	Aphanomyces	Aphanomyces euteiches	KAH9127678.1 hypothetical protein AeMF1_002064 [Aphanomyces euteiches]
Pcub-MSU1_013_000138.1	KAF0722303.1	40.3	67	184	279	1.05e-06	52.4	36.4	100861	Oomycota	Aphanomyces	Aphanomyces euteiches	KAF0722303.1 hypothetical protein Ae201684_018519 [Aphanomyces euteiches]
Pcub-MSU1_013_000138.1	KAH9092419.1	40.3	67	184	279	1.05e-06	52.4	36.4	100861	Oomycota	Aphanomyces	Aphanomyces euteiches	KAH9092419.1 hypothetical protein LEN26_018412 [Aphanomyces euteiches]
Pcub-MSU1_013_000138.1	KAJ0411403.1	42.6	61	184	261	2.45e-06	51.2	33.2	114742	Oomycota	Pythium	Pythium insidiosum	KAJ0411403.1 hypothetical protein ATCC90586_004389 [Pythium insidiosum]
Pcub-MSU1_013_000138.1	TMW66660.1	40.3	67	184	261	2.45e-06	51.2	36.4	41045	Oomycota	Pythium	Pythium oligandrum	TMW66660.1 hypothetical protein Poli38472_013972 [Pythium oligandrum]
Pcub-MSU1_013_000138.1	KAG9403680.1	44.1	59	184	275	3.53e-06	50.8	32.1	112091	Oomycota	Aphanomyces	Aphanomyces cochlioides	KAG9403680.1 Lathosterol oxidase [Aphanomyces cochlioides]
Pcub-MSU1_013_000138.1	KAF4038914.1	41.8	67	184	264	6.25e-06	50.1	36.4	4787	Oomycota	Phytophthora	Phytophthora infestans	KAF4038914.1 Fatty acid hydroxylase superfamily [Phytophthora infestans]
Pcub-MSU1_013_000138.1	KAI9996034.1	41.8	67	184	264	6.25e-06	50.1	36.4	4787	Oomycota	Phytophthora	Phytophthora infestans	KAI9996034.1 hypothetical protein PInf_013212 [Phytophthora infestans]
Pcub-MSU1_013_000139.1	XP_012213374.1	53.7	67	184	272	1.32e-12	68.9	36.4	695850	Oomycota	Saprolegnia	Saprolegnia parasitica	XP_012213374.1 hypothetical protein SPRG_18544 [Saprolegnia parasitica CBS 223.65]
Pcub-MSU1_013_000139.1	XP_012206366.1	52.2	67	184	270	3.39e-12	67.8	36.4	695850	Oomycota	Saprolegnia	Saprolegnia parasitica	XP_012206366.1 hypothetical protein SPRG_11773 [Saprolegnia parasitica CBS 223.65]
Pcub-MSU1_013_000139.1	XP_008619546.1	50.7	67	184	278	5.03e-12	67.4	36.4	1156394	Oomycota	Saprolegnia	Saprolegnia diclina	XP_008619546.1 lathosterol oxidase [Saprolegnia diclina VS20]
Pcub-MSU1_013_000139.1	OQR92105.1	50.7	67	184	278	2.48e-11	65.5	36.4	1202772	Oomycota	Achlya	Achlya hypogyna	OQR92105.1 sterol-C5-desaturase [Achlya hypogyna]
Pcub-MSU1_013_000139.1	OQR92172.1	46.3	67	184	279	5.95e-10	61.6	36.4	74557	Oomycota	Thraustotheca	Thraustotheca clavata	OQR92172.1 sterol-C5-desaturase [Thraustotheca clavata]
Pcub-MSU1_013_000139.1	RHY25242.1	49.3	71	184	279	5.95e-10	61.6	38.6	157072	Oomycota	Aphanomyces	Aphanomyces invadans	RHY25242.1 hypothetical protein DYB32_008439 [Aphanomyces invadans]
Pcub-MSU1_013_000139.1	DBA03113.1	40.3	67	184	267	7.50e-10	61.2	36.4	4803	Oomycota	Lagenidium	Lagenidium giganteum	DBA03113.1 TPA: hypothetical protein N0F65_003360 [Lagenidium giganteum]
Pcub-MSU1_013_000139.1	XP_008871409.1	49.3	71	184	279	8.16e-10	61.2	38.6	157072	Oomycota	Aphanomyces	Aphanomyces invadans	XP_008871409.1 hypothetical protein H310_07440 [Aphanomyces invadans]
Pcub-MSU1_013_000139.1	XP_009839931.1	46.5	71	184	279	1.12e-09	60.8	38.6	112090	Oomycota	Aphanomyces	Aphanomyces astaci	XP_009839931.1 hypothetical protein H257_13934 [Aphanomyces astaci]
Pcub-MSU1_013_000139.1	RHY02056.1	46.5	71	184	304	1.28e-09	60.8	38.6	112090	Oomycota	Aphanomyces	Aphanomyces astaci	RHY02056.1 hypothetical protein DYB25_010867, partial [Aphanomyces astaci]
Pcub-MSU1_013_000139.1	RQM27279.1	46.5	71	184	314	1.34e-09	60.8	38.6	112090	Oomycota	Aphanomyces	Aphanomyces astaci	RQM27279.1 hypothetical protein B5M09_008499, partial [Aphanomyces astaci]
Pcub-MSU1_013_000139.1	RHY87517.1	46.5	71	184	331	1.43e-09	60.8	38.6	112090	Oomycota	Aphanomyces	Aphanomyces astaci	RHY87517.1 hypothetical protein DYB31_016390 [Aphanomyces astaci]
Pcub-MSU1_013_000139.1	RHZ01420.1	46.5	71	184	562	1.85e-09	60.8	38.6	112090	Oomycota	Aphanomyces	Aphanomyces astaci	RHZ01420.1 hypothetical protein DYB35_003369 [Aphanomyces astaci]
Pcub-MSU1_013_000139.1	DBA03114.1	43.3	67	184	261	1.85e-09	60.1	36.4	4803	Oomycota	Lagenidium	Lagenidium giganteum	DBA03114.1 TPA: hypothetical protein N0F65_003361 [Lagenidium giganteum]
Pcub-MSU1_013_000139.1	RLN72747.1	49.2	61	184	274	3.81e-09	59.3	33.2	2483409	Oomycota	Nothophytophthora	Nothophytophthora sp. Chile5	RLN72747.1 hypothetical protein BBJ28_00016671 [Nothophytophthora sp. Chile5]
Pcub-MSU1_013_000139.1	KAF0690516.1	44.6	65	184	392	5.52e-09	59.3	35.3	120398	Oomycota	Aphanomyces	Aphanomyces stellatus	KAF0690516.1 hypothetical protein As57867_018044 [Aphanomyces stellatus]
Pcub-MSU1_013_000139.1	KAJ0407272.1	41.8	67	184	261	8.97e-09	58.2	36.4	114742	Oomycota	Pythium	Pythium insidiosum	KAJ0407272.1 hypothetical protein P43SY_008047 [Pythium insidiosum]
Pcub-MSU1_013_000139.1	KAH9127678.1	41.8	67	184	279	1.37e-08	57.8	36.4	100861	Oomycota	Aphanomyces	Aphanomyces euteiches	KAH9127678.1 hypothetical protein AeMF1_002064 [Aphanomyces euteiches]
Pcub-MSU1_013_000139.1	KAF0722303.1	41.8	67	184	279	1.37e-08	57.8	36.4	100861	Oomycota	Aphanomyces	Aphanomyces euteiches	KAF0722303.1 hypothetical protein Ae201684_018519 [Aphanomyces euteiches]
Pcub-MSU1_013_000139.1	KAH9092419.1	41.8	67	184	279	1.37e-08	57.8	36.4	100861	Oomycota	Aphanomyces	Aphanomyces euteiches	KAH9092419.1 hypothetical protein LEN26_018412 [Aphanomyces euteiches]
Pcub-MSU1_013_000139.1	KAJ0411403.1	41.8	67	184	261	3.15e-08	56.6	36.4	114742	Oomycota	Pythium	Pythium insidiosum	KAJ0411403.1 hypothetical protein ATCC90586_004389 [Pythium insidiosum]
Pcub-MSU1_013_000139.1	TMW66660.1	41.8	67	184	261	3.15e-08	56.6	36.4	41045	Oomycota	Pythium	Pythium oligandrum	TMW66660.1 hypothetical protein Poli38472_013972 [Pythium oligandrum]
Pcub-MSU1_013_000139.1	KAG9403680.1	41.8	67	184	275	6.37e-08	55.8	36.4	112091	Oomycota	Aphanomyces	Aphanomyces cochlioides	KAG9403680.1 Lathosterol oxidase [Aphanomyces cochlioides]
Pcub-MSU1_013_000139.1	KAF4038914.1	43.3	67	184	264	8.20e-08	55.5	36.4	4787	Oomycota	Phytophthora	Phytophthora infestans	KAF4038914.1 Fatty acid hydroxylase superfamily [Phytophthora infestans]
Pcub-MSU1_013_000139.1	KAI9996034.1	43.3	67	184	264	8.20e-08	55.5	36.4	4787	Oomycota	Phytophthora	Phytophthora infestans	KAI9996034.1 hypothetical protein PInf_013212 [Phytophthora infestans]
Pcub-MSU1_013_000140.1	XP_012213374.1	53.7	67	184	272	1.32e-12	68.9	36.4	695850	Oomycota	Saprolegnia	Saprolegnia parasitica	XP_012213374.1 hypothetical protein SPRG_18544 [Saprolegnia parasitica CBS 223.65]
Pcub-MSU1_013_000140.1	XP_012206366.1	52.2	67	184	270	3.39e-12	67.8	36.4	695850	Oomycota	Saprolegnia	Saprolegnia parasitica	XP_012206366.1 hypothetical protein SPRG_11773 [Saprolegnia parasitica CBS 223.65]
Pcub-MSU1_013_000140.1	XP_008619546.1	50.7	67	184	278	5.03e-12	67.4	36.4	1156394	Oomycota	Saprolegnia	Saprolegnia diclina	XP_008619546.1 lathosterol oxidase [Saprolegnia diclina VS20]
Pcub-MSU1_013_000140.1	OQR92105.1	50.7	67	184	278	2.48e-11	65.5	36.4	1202772	Oomycota	Achlya	Achlya hypogyna	OQR92105.1 sterol-C5-desaturase [Achlya hypogyna]
Pcub-MSU1_013_000140.1	OQR92172.1	46.3	67	184	279	5.95e-10	61.6	36.4	74557	Oomycota	Thraustotheca	Thraustotheca clavata	OQR92172.1 sterol-C5-desaturase [Thraustotheca clavata]
Pcub-MSU1_013_000140.1	RHY25242.1	49.3	71	184	279	5.95e-10	61.6	38.6	157072	Oomycota	Aphanomyces	Aphanomyces invadans	RHY25242.1 hypothetical protein DYB32_008439 [Aphanomyces invadans]
Pcub-MSU1_013_000140.1	DBA03113.1	40.3	67	184	267	7.50e-10	61.2	36.4	4803	Oomycota	Lagenidium	Lagenidium giganteum	DBA03113.1 TPA: hypothetical protein N0F65_003360 [Lagenidium giganteum]
Pcub-MSU1_013_000140.1	XP_008871409.1	49.3	71	184	279	8.16e-10	61.2	38.6	157072	Oomycota	Aphanomyces	Aphanomyces invadans	XP_008871409.1 hypothetical protein H310_07440 [Aphanomyces invadans]
Pcub-MSU1_013_000140.1	XP_009839931.1	46.5	71	184	279	1.12e-09	60.8	38.6	112090	Oomycota	Aphanomyces	Aphanomyces astaci	XP_009839931.1 hypothetical protein H257_13934 [Aphanomyces astaci]
Pcub-MSU1_013_000140.1	RHY02056.1	46.5	71	184	304	1.28e-09	60.8	38.6	112090	Oomycota	Aphanomyces	Aphanomyces astaci	RHY02056.1 hypothetical protein DYB25_010867, partial [Aphanomyces astaci]
Pcub-MSU1_013_000140.1	RQM27279.1	46.5	71	184	314	1.34e-09	60.8	38.6	112090	Oomycota	Aphanomyces	Aphanomyces astaci	RQM27279.1 hypothetical protein B5M09_008499, partial [Aphanomyces astaci]
Pcub-MSU1_013_000140.1	RHY87517.1	46.5	71	184	331	1.43e-09	60.8	38.6	112090	Oomycota	Aphanomyces	Aphanomyces astaci	RHY87517.1 hypothetical protein DYB31_016390 [Aphanomyces astaci]
Pcub-MSU1_013_000140.1	RHZ01420.1	46.5	71	184	562	1.85e-09	60.8	38.6	112090	Oomycota	Aphanomyces	Aphanomyces astaci	RHZ01420.1 hypothetical protein DYB35_003369 [Aphanomyces astaci]
Pcub-MSU1_013_000140.1	DBA03114.1	43.3	67	184	261	1.85e-09	60.1	36.4	4803	Oomycota	Lagenidium	Lagenidium giganteum	DBA03114.1 TPA: hypothetical protein N0F65_003361 [Lagenidium giganteum]
Pcub-MSU1_013_000140.1	RLN72747.1	49.2	61	184	274	3.81e-09	59.3	33.2	2483409	Oomycota	Nothophytophthora	Nothophytophthora sp. Chile5	RLN72747.1 hypothetical protein BBJ28_00016671 [Nothophytophthora sp. Chile5]
Pcub-MSU1_013_000140.1	KAF0690516.1	44.6	65	184	392	5.52e-09	59.3	35.3	120398	Oomycota	Aphanomyces	Aphanomyces stellatus	KAF0690516.1 hypothetical protein As57867_018044 [Aphanomyces stellatus]
Pcub-MSU1_013_000140.1	KAJ0407272.1	41.8	67	184	261	8.97e-09	58.2	36.4	114742	Oomycota	Pythium	Pythium insidiosum	KAJ0407272.1 hypothetical protein P43SY_008047 [Pythium insidiosum]
Pcub-MSU1_013_000140.1	KAH9127678.1	41.8	67	184	279	1.37e-08	57.8	36.4	100861	Oomycota	Aphanomyces	Aphanomyces euteiches	KAH9127678.1 hypothetical protein AeMF1_002064 [Aphanomyces euteiches]
Pcub-MSU1_013_000140.1	KAF0722303.1	41.8	67	184	279	1.37e-08	57.8	36.4	100861	Oomycota	Aphanomyces	Aphanomyces euteiches	KAF0722303.1 hypothetical protein Ae201684_018519 [Aphanomyces euteiches]
Pcub-MSU1_013_000140.1	KAH9092419.1	41.8	67	184	279	1.37e-08	57.8	36.4	100861	Oomycota	Aphanomyces	Aphanomyces euteiches	KAH9092419.1 hypothetical protein LEN26_018412 [Aphanomyces euteiches]
Pcub-MSU1_013_000140.1	KAJ0411403.1	41.8	67	184	261	3.15e-08	56.6	36.4	114742	Oomycota	Pythium	Pythium insidiosum	KAJ0411403.1 hypothetical protein ATCC90586_004389 [Pythium insidiosum]
Pcub-MSU1_013_000140.1	TMW66660.1	41.8	67	184	261	3.15e-08	56.6	36.4	41045	Oomycota	Pythium	Pythium oligandrum	TMW66660.1 hypothetical protein Poli38472_013972 [Pythium oligandrum]
Pcub-MSU1_013_000140.1	KAG9403680.1	41.8	67	184	275	6.37e-08	55.8	36.4	112091	Oomycota	Aphanomyces	Aphanomyces cochlioides	KAG9403680.1 Lathosterol oxidase [Aphanomyces cochlioides]
Pcub-MSU1_013_000140.1	KAF4038914.1	43.3	67	184	264	8.20e-08	55.5	36.4	4787	Oomycota	Phytophthora	Phytophthora infestans	KAF4038914.1 Fatty acid hydroxylase superfamily [Phytophthora infestans]
Pcub-MSU1_013_000140.1	KAI9996034.1	43.3	67	184	264	8.20e-08	55.5	36.4	4787	Oomycota	Phytophthora	Phytophthora infestans	KAI9996034.1 hypothetical protein PInf_013212 [Phytophthora infestans]
Pcub-MSU1_013_000141.1	XP_012213374.1	53.7	67	184	272	1.32e-12	68.9	36.4	695850	Oomycota	Saprolegnia	Saprolegnia parasitica	XP_012213374.1 hypothetical protein SPRG_18544 [Saprolegnia parasitica CBS 223.65]
Pcub-MSU1_013_000141.1	XP_012206366.1	52.2	67	184	270	3.39e-12	67.8	36.4	695850	Oomycota	Saprolegnia	Saprolegnia parasitica	XP_012206366.1 hypothetical protein SPRG_11773 [Saprolegnia parasitica CBS 223.65]
Pcub-MSU1_013_000141.1	XP_008619546.1	50.7	67	184	278	5.03e-12	67.4	36.4	1156394	Oomycota	Saprolegnia	Saprolegnia diclina	XP_008619546.1 lathosterol oxidase [Saprolegnia diclina VS20]
Pcub-MSU1_013_000141.1	OQR92105.1	50.7	67	184	278	2.48e-11	65.5	36.4	1202772	Oomycota	Achlya	Achlya hypogyna	OQR92105.1 sterol-C5-desaturase [Achlya hypogyna]
Pcub-MSU1_013_000141.1	OQR92172.1	46.3	67	184	279	5.95e-10	61.6	36.4	74557	Oomycota	Thraustotheca	Thraustotheca clavata	OQR92172.1 sterol-C5-desaturase [Thraustotheca clavata]
Pcub-MSU1_013_000141.1	RHY25242.1	49.3	71	184	279	5.95e-10	61.6	38.6	157072	Oomycota	Aphanomyces	Aphanomyces invadans	RHY25242.1 hypothetical protein DYB32_008439 [Aphanomyces invadans]
Pcub-MSU1_013_000141.1	DBA03113.1	40.3	67	184	267	7.50e-10	61.2	36.4	4803	Oomycota	Lagenidium	Lagenidium giganteum	DBA03113.1 TPA: hypothetical protein N0F65_003360 [Lagenidium giganteum]
Pcub-MSU1_013_000141.1	XP_008871409.1	49.3	71	184	279	8.16e-10	61.2	38.6	157072	Oomycota	Aphanomyces	Aphanomyces invadans	XP_008871409.1 hypothetical protein H310_07440 [Aphanomyces invadans]
Pcub-MSU1_013_000141.1	XP_009839931.1	46.5	71	184	279	1.12e-09	60.8	38.6	112090	Oomycota	Aphanomyces	Aphanomyces astaci	XP_009839931.1 hypothetical protein H257_13934 [Aphanomyces astaci]
Pcub-MSU1_013_000141.1	RHY02056.1	46.5	71	184	304	1.28e-09	60.8	38.6	112090	Oomycota	Aphanomyces	Aphanomyces astaci	RHY02056.1 hypothetical protein DYB25_010867, partial [Aphanomyces astaci]
Pcub-MSU1_013_000141.1	RQM27279.1	46.5	71	184	314	1.34e-09	60.8	38.6	112090	Oomycota	Aphanomyces	Aphanomyces astaci	RQM27279.1 hypothetical protein B5M09_008499, partial [Aphanomyces astaci]
Pcub-MSU1_013_000141.1	RHY87517.1	46.5	71	184	331	1.43e-09	60.8	38.6	112090	Oomycota	Aphanomyces	Aphanomyces astaci	RHY87517.1 hypothetical protein DYB31_016390 [Aphanomyces astaci]
Pcub-MSU1_013_000141.1	RHZ01420.1	46.5	71	184	562	1.85e-09	60.8	38.6	112090	Oomycota	Aphanomyces	Aphanomyces astaci	RHZ01420.1 hypothetical protein DYB35_003369 [Aphanomyces astaci]
Pcub-MSU1_013_000141.1	DBA03114.1	43.3	67	184	261	1.85e-09	60.1	36.4	4803	Oomycota	Lagenidium	Lagenidium giganteum	DBA03114.1 TPA: hypothetical protein N0F65_003361 [Lagenidium giganteum]
Pcub-MSU1_013_000141.1	RLN72747.1	49.2	61	184	274	3.81e-09	59.3	33.2	2483409	Oomycota	Nothophytophthora	Nothophytophthora sp. Chile5	RLN72747.1 hypothetical protein BBJ28_00016671 [Nothophytophthora sp. Chile5]
Pcub-MSU1_013_000141.1	KAF0690516.1	44.6	65	184	392	5.52e-09	59.3	35.3	120398	Oomycota	Aphanomyces	Aphanomyces stellatus	KAF0690516.1 hypothetical protein As57867_018044 [Aphanomyces stellatus]
Pcub-MSU1_013_000141.1	KAJ0407272.1	41.8	67	184	261	8.97e-09	58.2	36.4	114742	Oomycota	Pythium	Pythium insidiosum	KAJ0407272.1 hypothetical protein P43SY_008047 [Pythium insidiosum]
Pcub-MSU1_013_000141.1	KAH9127678.1	41.8	67	184	279	1.37e-08	57.8	36.4	100861	Oomycota	Aphanomyces	Aphanomyces euteiches	KAH9127678.1 hypothetical protein AeMF1_002064 [Aphanomyces euteiches]
Pcub-MSU1_013_000141.1	KAF0722303.1	41.8	67	184	279	1.37e-08	57.8	36.4	100861	Oomycota	Aphanomyces	Aphanomyces euteiches	KAF0722303.1 hypothetical protein Ae201684_018519 [Aphanomyces euteiches]
Pcub-MSU1_013_000141.1	KAH9092419.1	41.8	67	184	279	1.37e-08	57.8	36.4	100861	Oomycota	Aphanomyces	Aphanomyces euteiches	KAH9092419.1 hypothetical protein LEN26_018412 [Aphanomyces euteiches]
Pcub-MSU1_013_000141.1	KAJ0411403.1	41.8	67	184	261	3.15e-08	56.6	36.4	114742	Oomycota	Pythium	Pythium insidiosum	KAJ0411403.1 hypothetical protein ATCC90586_004389 [Pythium insidiosum]
Pcub-MSU1_013_000141.1	TMW66660.1	41.8	67	184	261	3.15e-08	56.6	36.4	41045	Oomycota	Pythium	Pythium oligandrum	TMW66660.1 hypothetical protein Poli38472_013972 [Pythium oligandrum]
Pcub-MSU1_013_000141.1	KAG9403680.1	41.8	67	184	275	6.37e-08	55.8	36.4	112091	Oomycota	Aphanomyces	Aphanomyces cochlioides	KAG9403680.1 Lathosterol oxidase [Aphanomyces cochlioides]
Pcub-MSU1_013_000141.1	KAF4038914.1	43.3	67	184	264	8.20e-08	55.5	36.4	4787	Oomycota	Phytophthora	Phytophthora infestans	KAF4038914.1 Fatty acid hydroxylase superfamily [Phytophthora infestans]
Pcub-MSU1_013_000141.1	KAI9996034.1	43.3	67	184	264	8.20e-08	55.5	36.4	4787	Oomycota	Phytophthora	Phytophthora infestans	KAI9996034.1 hypothetical protein PInf_013212 [Phytophthora infestans]
Pcub-MSU1_013_000142.1	XP_012213374.1	53.7	67	184	272	1.32e-12	68.9	36.4	695850	Oomycota	Saprolegnia	Saprolegnia parasitica	XP_012213374.1 hypothetical protein SPRG_18544 [Saprolegnia parasitica CBS 223.65]
Pcub-MSU1_013_000142.1	XP_012206366.1	52.2	67	184	270	3.39e-12	67.8	36.4	695850	Oomycota	Saprolegnia	Saprolegnia parasitica	XP_012206366.1 hypothetical protein SPRG_11773 [Saprolegnia parasitica CBS 223.65]
Pcub-MSU1_013_000142.1	XP_008619546.1	50.7	67	184	278	5.03e-12	67.4	36.4	1156394	Oomycota	Saprolegnia	Saprolegnia diclina	XP_008619546.1 lathosterol oxidase [Saprolegnia diclina VS20]
Pcub-MSU1_013_000142.1	OQR92105.1	50.7	67	184	278	2.48e-11	65.5	36.4	1202772	Oomycota	Achlya	Achlya hypogyna	OQR92105.1 sterol-C5-desaturase [Achlya hypogyna]
Pcub-MSU1_013_000142.1	OQR92172.1	46.3	67	184	279	5.95e-10	61.6	36.4	74557	Oomycota	Thraustotheca	Thraustotheca clavata	OQR92172.1 sterol-C5-desaturase [Thraustotheca clavata]
Pcub-MSU1_013_000142.1	RHY25242.1	49.3	71	184	279	5.95e-10	61.6	38.6	157072	Oomycota	Aphanomyces	Aphanomyces invadans	RHY25242.1 hypothetical protein DYB32_008439 [Aphanomyces invadans]
Pcub-MSU1_013_000142.1	DBA03113.1	40.3	67	184	267	7.50e-10	61.2	36.4	4803	Oomycota	Lagenidium	Lagenidium giganteum	DBA03113.1 TPA: hypothetical protein N0F65_003360 [Lagenidium giganteum]
Pcub-MSU1_013_000142.1	XP_008871409.1	49.3	71	184	279	8.16e-10	61.2	38.6	157072	Oomycota	Aphanomyces	Aphanomyces invadans	XP_008871409.1 hypothetical protein H310_07440 [Aphanomyces invadans]
Pcub-MSU1_013_000142.1	XP_009839931.1	46.5	71	184	279	1.12e-09	60.8	38.6	112090	Oomycota	Aphanomyces	Aphanomyces astaci	XP_009839931.1 hypothetical protein H257_13934 [Aphanomyces astaci]
Pcub-MSU1_013_000142.1	RHY02056.1	46.5	71	184	304	1.28e-09	60.8	38.6	112090	Oomycota	Aphanomyces	Aphanomyces astaci	RHY02056.1 hypothetical protein DYB25_010867, partial [Aphanomyces astaci]
Pcub-MSU1_013_000142.1	RQM27279.1	46.5	71	184	314	1.34e-09	60.8	38.6	112090	Oomycota	Aphanomyces	Aphanomyces astaci	RQM27279.1 hypothetical protein B5M09_008499, partial [Aphanomyces astaci]
Pcub-MSU1_013_000142.1	RHY87517.1	46.5	71	184	331	1.43e-09	60.8	38.6	112090	Oomycota	Aphanomyces	Aphanomyces astaci	RHY87517.1 hypothetical protein DYB31_016390 [Aphanomyces astaci]
Pcub-MSU1_013_000142.1	RHZ01420.1	46.5	71	184	562	1.85e-09	60.8	38.6	112090	Oomycota	Aphanomyces	Aphanomyces astaci	RHZ01420.1 hypothetical protein DYB35_003369 [Aphanomyces astaci]
Pcub-MSU1_013_000142.1	DBA03114.1	43.3	67	184	261	1.85e-09	60.1	36.4	4803	Oomycota	Lagenidium	Lagenidium giganteum	DBA03114.1 TPA: hypothetical protein N0F65_003361 [Lagenidium giganteum]
Pcub-MSU1_013_000142.1	RLN72747.1	49.2	61	184	274	3.81e-09	59.3	33.2	2483409	Oomycota	Nothophytophthora	Nothophytophthora sp. Chile5	RLN72747.1 hypothetical protein BBJ28_00016671 [Nothophytophthora sp. Chile5]
Pcub-MSU1_013_000142.1	KAF0690516.1	44.6	65	184	392	5.52e-09	59.3	35.3	120398	Oomycota	Aphanomyces	Aphanomyces stellatus	KAF0690516.1 hypothetical protein As57867_018044 [Aphanomyces stellatus]
Pcub-MSU1_013_000142.1	KAJ0407272.1	41.8	67	184	261	8.97e-09	58.2	36.4	114742	Oomycota	Pythium	Pythium insidiosum	KAJ0407272.1 hypothetical protein P43SY_008047 [Pythium insidiosum]
Pcub-MSU1_013_000142.1	KAH9127678.1	41.8	67	184	279	1.37e-08	57.8	36.4	100861	Oomycota	Aphanomyces	Aphanomyces euteiches	KAH9127678.1 hypothetical protein AeMF1_002064 [Aphanomyces euteiches]
Pcub-MSU1_013_000142.1	KAF0722303.1	41.8	67	184	279	1.37e-08	57.8	36.4	100861	Oomycota	Aphanomyces	Aphanomyces euteiches	KAF0722303.1 hypothetical protein Ae201684_018519 [Aphanomyces euteiches]
Pcub-MSU1_013_000142.1	KAH9092419.1	41.8	67	184	279	1.37e-08	57.8	36.4	100861	Oomycota	Aphanomyces	Aphanomyces euteiches	KAH9092419.1 hypothetical protein LEN26_018412 [Aphanomyces euteiches]
Pcub-MSU1_013_000142.1	KAJ0411403.1	41.8	67	184	261	3.15e-08	56.6	36.4	114742	Oomycota	Pythium	Pythium insidiosum	KAJ0411403.1 hypothetical protein ATCC90586_004389 [Pythium insidiosum]
Pcub-MSU1_013_000142.1	TMW66660.1	41.8	67	184	261	3.15e-08	56.6	36.4	41045	Oomycota	Pythium	Pythium oligandrum	TMW66660.1 hypothetical protein Poli38472_013972 [Pythium oligandrum]
Pcub-MSU1_013_000142.1	KAG9403680.1	41.8	67	184	275	6.37e-08	55.8	36.4	112091	Oomycota	Aphanomyces	Aphanomyces cochlioides	KAG9403680.1 Lathosterol oxidase [Aphanomyces cochlioides]
Pcub-MSU1_013_000142.1	KAF4038914.1	43.3	67	184	264	8.20e-08	55.5	36.4	4787	Oomycota	Phytophthora	Phytophthora infestans	KAF4038914.1 Fatty acid hydroxylase superfamily [Phytophthora infestans]
Pcub-MSU1_013_000142.1	KAI9996034.1	43.3	67	184	264	8.20e-08	55.5	36.4	4787	Oomycota	Phytophthora	Phytophthora infestans	KAI9996034.1 hypothetical protein PInf_013212 [Phytophthora infestans]
Pcub-MSU1_013_000143.1	XP_012213374.1	53.7	67	184	272	2.51e-12	68.2	36.4	695850	Oomycota	Saprolegnia	Saprolegnia parasitica	XP_012213374.1 hypothetical protein SPRG_18544 [Saprolegnia parasitica CBS 223.65]
Pcub-MSU1_013_000143.1	XP_012206366.1	52.2	67	184	270	6.45e-12	67.0	36.4	695850	Oomycota	Saprolegnia	Saprolegnia parasitica	XP_012206366.1 hypothetical protein SPRG_11773 [Saprolegnia parasitica CBS 223.65]
Pcub-MSU1_013_000143.1	XP_008619546.1	50.7	67	184	278	9.54e-12	66.6	36.4	1156394	Oomycota	Saprolegnia	Saprolegnia diclina	XP_008619546.1 lathosterol oxidase [Saprolegnia diclina VS20]
Pcub-MSU1_013_000143.1	OQR92105.1	50.7	67	184	278	4.69e-11	64.7	36.4	1202772	Oomycota	Achlya	Achlya hypogyna	OQR92105.1 sterol-C5-desaturase [Achlya hypogyna]
Pcub-MSU1_013_000143.1	OQR92172.1	46.3	67	184	279	1.12e-09	60.8	36.4	74557	Oomycota	Thraustotheca	Thraustotheca clavata	OQR92172.1 sterol-C5-desaturase [Thraustotheca clavata]
Pcub-MSU1_013_000143.1	RHY25242.1	49.3	71	184	279	1.12e-09	60.8	38.6	157072	Oomycota	Aphanomyces	Aphanomyces invadans	RHY25242.1 hypothetical protein DYB32_008439 [Aphanomyces invadans]
Pcub-MSU1_013_000143.1	DBA03114.1	43.3	67	184	261	1.35e-09	60.5	36.4	4803	Oomycota	Lagenidium	Lagenidium giganteum	DBA03114.1 TPA: hypothetical protein N0F65_003361 [Lagenidium giganteum]
Pcub-MSU1_013_000143.1	DBA03113.1	40.3	67	184	267	1.41e-09	60.5	36.4	4803	Oomycota	Lagenidium	Lagenidium giganteum	DBA03113.1 TPA: hypothetical protein N0F65_003360 [Lagenidium giganteum]
Pcub-MSU1_013_000143.1	XP_008871409.1	49.3	71	184	279	1.53e-09	60.5	38.6	157072	Oomycota	Aphanomyces	Aphanomyces invadans	XP_008871409.1 hypothetical protein H310_07440 [Aphanomyces invadans]
Pcub-MSU1_013_000143.1	XP_009839931.1	46.5	71	184	279	2.10e-09	60.1	38.6	112090	Oomycota	Aphanomyces	Aphanomyces astaci	XP_009839931.1 hypothetical protein H257_13934 [Aphanomyces astaci]
Pcub-MSU1_013_000143.1	RHY02056.1	46.5	71	184	304	2.39e-09	60.1	38.6	112090	Oomycota	Aphanomyces	Aphanomyces astaci	RHY02056.1 hypothetical protein DYB25_010867, partial [Aphanomyces astaci]
Pcub-MSU1_013_000143.1	RQM27279.1	46.5	71	184	314	2.49e-09	60.1	38.6	112090	Oomycota	Aphanomyces	Aphanomyces astaci	RQM27279.1 hypothetical protein B5M09_008499, partial [Aphanomyces astaci]
Pcub-MSU1_013_000143.1	RHY87517.1	46.5	71	184	331	2.64e-09	60.1	38.6	112090	Oomycota	Aphanomyces	Aphanomyces astaci	RHY87517.1 hypothetical protein DYB31_016390 [Aphanomyces astaci]
Pcub-MSU1_013_000143.1	RHZ01420.1	46.5	71	184	562	3.39e-09	60.1	38.6	112090	Oomycota	Aphanomyces	Aphanomyces astaci	RHZ01420.1 hypothetical protein DYB35_003369 [Aphanomyces astaci]
Pcub-MSU1_013_000143.1	RLN72747.1	49.2	61	184	274	7.13e-09	58.5	33.2	2483409	Oomycota	Nothophytophthora	Nothophytophthora sp. Chile5	RLN72747.1 hypothetical protein BBJ28_00016671 [Nothophytophthora sp. Chile5]
Pcub-MSU1_013_000143.1	KAF0690516.1	44.6	65	184	392	1.02e-08	58.5	35.3	120398	Oomycota	Aphanomyces	Aphanomyces stellatus	KAF0690516.1 hypothetical protein As57867_018044 [Aphanomyces stellatus]
Pcub-MSU1_013_000143.1	KAJ0407272.1	41.8	67	184	261	1.68e-08	57.4	36.4	114742	Oomycota	Pythium	Pythium insidiosum	KAJ0407272.1 hypothetical protein P43SY_008047 [Pythium insidiosum]
Pcub-MSU1_013_000143.1	KAH9127678.1	41.8	67	184	279	2.56e-08	57.0	36.4	100861	Oomycota	Aphanomyces	Aphanomyces euteiches	KAH9127678.1 hypothetical protein AeMF1_002064 [Aphanomyces euteiches]
Pcub-MSU1_013_000143.1	KAF0722303.1	41.8	67	184	279	2.56e-08	57.0	36.4	100861	Oomycota	Aphanomyces	Aphanomyces euteiches	KAF0722303.1 hypothetical protein Ae201684_018519 [Aphanomyces euteiches]
Pcub-MSU1_013_000143.1	KAH9092419.1	41.8	67	184	279	2.56e-08	57.0	36.4	100861	Oomycota	Aphanomyces	Aphanomyces euteiches	KAH9092419.1 hypothetical protein LEN26_018412 [Aphanomyces euteiches]
Pcub-MSU1_013_000143.1	KAJ0411403.1	41.8	67	184	261	5.89e-08	55.8	36.4	114742	Oomycota	Pythium	Pythium insidiosum	KAJ0411403.1 hypothetical protein ATCC90586_004389 [Pythium insidiosum]
Pcub-MSU1_013_000143.1	TMW66660.1	41.8	67	184	261	5.89e-08	55.8	36.4	41045	Oomycota	Pythium	Pythium oligandrum	TMW66660.1 hypothetical protein Poli38472_013972 [Pythium oligandrum]
Pcub-MSU1_013_000143.1	KAG9403680.1	41.8	67	184	275	1.19e-07	55.1	36.4	112091	Oomycota	Aphanomyces	Aphanomyces cochlioides	KAG9403680.1 Lathosterol oxidase [Aphanomyces cochlioides]
Pcub-MSU1_013_000143.1	KAF4038914.1	43.3	67	184	264	1.53e-07	54.7	36.4	4787	Oomycota	Phytophthora	Phytophthora infestans	KAF4038914.1 Fatty acid hydroxylase superfamily [Phytophthora infestans]
Pcub-MSU1_013_000143.1	KAI9996034.1	43.3	67	184	264	1.53e-07	54.7	36.4	4787	Oomycota	Phytophthora	Phytophthora infestans	KAI9996034.1 hypothetical protein PInf_013212 [Phytophthora infestans]
Pcub-MSU1_013_000144.1	XP_012213374.1	53.7	67	184	272	2.51e-12	68.2	36.4	695850	Oomycota	Saprolegnia	Saprolegnia parasitica	XP_012213374.1 hypothetical protein SPRG_18544 [Saprolegnia parasitica CBS 223.65]
Pcub-MSU1_013_000144.1	XP_012206366.1	52.2	67	184	270	6.45e-12	67.0	36.4	695850	Oomycota	Saprolegnia	Saprolegnia parasitica	XP_012206366.1 hypothetical protein SPRG_11773 [Saprolegnia parasitica CBS 223.65]
Pcub-MSU1_013_000144.1	XP_008619546.1	50.7	67	184	278	9.54e-12	66.6	36.4	1156394	Oomycota	Saprolegnia	Saprolegnia diclina	XP_008619546.1 lathosterol oxidase [Saprolegnia diclina VS20]
Pcub-MSU1_013_000144.1	OQR92105.1	50.7	67	184	278	4.69e-11	64.7	36.4	1202772	Oomycota	Achlya	Achlya hypogyna	OQR92105.1 sterol-C5-desaturase [Achlya hypogyna]
Pcub-MSU1_013_000144.1	OQR92172.1	46.3	67	184	279	1.12e-09	60.8	36.4	74557	Oomycota	Thraustotheca	Thraustotheca clavata	OQR92172.1 sterol-C5-desaturase [Thraustotheca clavata]
Pcub-MSU1_013_000144.1	RHY25242.1	49.3	71	184	279	1.12e-09	60.8	38.6	157072	Oomycota	Aphanomyces	Aphanomyces invadans	RHY25242.1 hypothetical protein DYB32_008439 [Aphanomyces invadans]
Pcub-MSU1_013_000144.1	DBA03114.1	43.3	67	184	261	1.35e-09	60.5	36.4	4803	Oomycota	Lagenidium	Lagenidium giganteum	DBA03114.1 TPA: hypothetical protein N0F65_003361 [Lagenidium giganteum]
Pcub-MSU1_013_000144.1	DBA03113.1	40.3	67	184	267	1.41e-09	60.5	36.4	4803	Oomycota	Lagenidium	Lagenidium giganteum	DBA03113.1 TPA: hypothetical protein N0F65_003360 [Lagenidium giganteum]
Pcub-MSU1_013_000144.1	XP_008871409.1	49.3	71	184	279	1.53e-09	60.5	38.6	157072	Oomycota	Aphanomyces	Aphanomyces invadans	XP_008871409.1 hypothetical protein H310_07440 [Aphanomyces invadans]
Pcub-MSU1_013_000144.1	XP_009839931.1	46.5	71	184	279	2.10e-09	60.1	38.6	112090	Oomycota	Aphanomyces	Aphanomyces astaci	XP_009839931.1 hypothetical protein H257_13934 [Aphanomyces astaci]
Pcub-MSU1_013_000144.1	RHY02056.1	46.5	71	184	304	2.39e-09	60.1	38.6	112090	Oomycota	Aphanomyces	Aphanomyces astaci	RHY02056.1 hypothetical protein DYB25_010867, partial [Aphanomyces astaci]
Pcub-MSU1_013_000144.1	RQM27279.1	46.5	71	184	314	2.49e-09	60.1	38.6	112090	Oomycota	Aphanomyces	Aphanomyces astaci	RQM27279.1 hypothetical protein B5M09_008499, partial [Aphanomyces astaci]
Pcub-MSU1_013_000144.1	RHY87517.1	46.5	71	184	331	2.64e-09	60.1	38.6	112090	Oomycota	Aphanomyces	Aphanomyces astaci	RHY87517.1 hypothetical protein DYB31_016390 [Aphanomyces astaci]
Pcub-MSU1_013_000144.1	RHZ01420.1	46.5	71	184	562	3.39e-09	60.1	38.6	112090	Oomycota	Aphanomyces	Aphanomyces astaci	RHZ01420.1 hypothetical protein DYB35_003369 [Aphanomyces astaci]
Pcub-MSU1_013_000144.1	RLN72747.1	49.2	61	184	274	7.13e-09	58.5	33.2	2483409	Oomycota	Nothophytophthora	Nothophytophthora sp. Chile5	RLN72747.1 hypothetical protein BBJ28_00016671 [Nothophytophthora sp. Chile5]
Pcub-MSU1_013_000144.1	KAF0690516.1	44.6	65	184	392	1.02e-08	58.5	35.3	120398	Oomycota	Aphanomyces	Aphanomyces stellatus	KAF0690516.1 hypothetical protein As57867_018044 [Aphanomyces stellatus]
Pcub-MSU1_013_000144.1	KAJ0407272.1	41.8	67	184	261	1.68e-08	57.4	36.4	114742	Oomycota	Pythium	Pythium insidiosum	KAJ0407272.1 hypothetical protein P43SY_008047 [Pythium insidiosum]
Pcub-MSU1_013_000144.1	KAH9127678.1	41.8	67	184	279	2.56e-08	57.0	36.4	100861	Oomycota	Aphanomyces	Aphanomyces euteiches	KAH9127678.1 hypothetical protein AeMF1_002064 [Aphanomyces euteiches]
Pcub-MSU1_013_000144.1	KAF0722303.1	41.8	67	184	279	2.56e-08	57.0	36.4	100861	Oomycota	Aphanomyces	Aphanomyces euteiches	KAF0722303.1 hypothetical protein Ae201684_018519 [Aphanomyces euteiches]
Pcub-MSU1_013_000144.1	KAH9092419.1	41.8	67	184	279	2.56e-08	57.0	36.4	100861	Oomycota	Aphanomyces	Aphanomyces euteiches	KAH9092419.1 hypothetical protein LEN26_018412 [Aphanomyces euteiches]
Pcub-MSU1_013_000144.1	KAJ0411403.1	41.8	67	184	261	5.89e-08	55.8	36.4	114742	Oomycota	Pythium	Pythium insidiosum	KAJ0411403.1 hypothetical protein ATCC90586_004389 [Pythium insidiosum]
Pcub-MSU1_013_000144.1	TMW66660.1	41.8	67	184	261	5.89e-08	55.8	36.4	41045	Oomycota	Pythium	Pythium oligandrum	TMW66660.1 hypothetical protein Poli38472_013972 [Pythium oligandrum]
Pcub-MSU1_013_000144.1	KAG9403680.1	41.8	67	184	275	1.19e-07	55.1	36.4	112091	Oomycota	Aphanomyces	Aphanomyces cochlioides	KAG9403680.1 Lathosterol oxidase [Aphanomyces cochlioides]
Pcub-MSU1_013_000144.1	KAF4038914.1	43.3	67	184	264	1.53e-07	54.7	36.4	4787	Oomycota	Phytophthora	Phytophthora infestans	KAF4038914.1 Fatty acid hydroxylase superfamily [Phytophthora infestans]
Pcub-MSU1_013_000144.1	KAI9996034.1	43.3	67	184	264	1.53e-07	54.7	36.4	4787	Oomycota	Phytophthora	Phytophthora infestans	KAI9996034.1 hypothetical protein PInf_013212 [Phytophthora infestans]
Pcub-MSU1_013_000145.1	XP_012213374.1	53.7	67	184	272	1.32e-12	68.9	36.4	695850	Oomycota	Saprolegnia	Saprolegnia parasitica	XP_012213374.1 hypothetical protein SPRG_18544 [Saprolegnia parasitica CBS 223.65]
Pcub-MSU1_013_000145.1	XP_012206366.1	52.2	67	184	270	3.39e-12	67.8	36.4	695850	Oomycota	Saprolegnia	Saprolegnia parasitica	XP_012206366.1 hypothetical protein SPRG_11773 [Saprolegnia parasitica CBS 223.65]
Pcub-MSU1_013_000145.1	XP_008619546.1	50.7	67	184	278	5.03e-12	67.4	36.4	1156394	Oomycota	Saprolegnia	Saprolegnia diclina	XP_008619546.1 lathosterol oxidase [Saprolegnia diclina VS20]
Pcub-MSU1_013_000145.1	OQR92105.1	50.7	67	184	278	2.48e-11	65.5	36.4	1202772	Oomycota	Achlya	Achlya hypogyna	OQR92105.1 sterol-C5-desaturase [Achlya hypogyna]
Pcub-MSU1_013_000145.1	OQR92172.1	46.3	67	184	279	5.95e-10	61.6	36.4	74557	Oomycota	Thraustotheca	Thraustotheca clavata	OQR92172.1 sterol-C5-desaturase [Thraustotheca clavata]
Pcub-MSU1_013_000145.1	RHY25242.1	49.3	71	184	279	5.95e-10	61.6	38.6	157072	Oomycota	Aphanomyces	Aphanomyces invadans	RHY25242.1 hypothetical protein DYB32_008439 [Aphanomyces invadans]
Pcub-MSU1_013_000145.1	DBA03113.1	40.3	67	184	267	7.50e-10	61.2	36.4	4803	Oomycota	Lagenidium	Lagenidium giganteum	DBA03113.1 TPA: hypothetical protein N0F65_003360 [Lagenidium giganteum]
Pcub-MSU1_013_000145.1	XP_008871409.1	49.3	71	184	279	8.16e-10	61.2	38.6	157072	Oomycota	Aphanomyces	Aphanomyces invadans	XP_008871409.1 hypothetical protein H310_07440 [Aphanomyces invadans]
Pcub-MSU1_013_000145.1	XP_009839931.1	46.5	71	184	279	1.12e-09	60.8	38.6	112090	Oomycota	Aphanomyces	Aphanomyces astaci	XP_009839931.1 hypothetical protein H257_13934 [Aphanomyces astaci]
Pcub-MSU1_013_000145.1	RHY02056.1	46.5	71	184	304	1.28e-09	60.8	38.6	112090	Oomycota	Aphanomyces	Aphanomyces astaci	RHY02056.1 hypothetical protein DYB25_010867, partial [Aphanomyces astaci]
Pcub-MSU1_013_000145.1	RQM27279.1	46.5	71	184	314	1.34e-09	60.8	38.6	112090	Oomycota	Aphanomyces	Aphanomyces astaci	RQM27279.1 hypothetical protein B5M09_008499, partial [Aphanomyces astaci]
Pcub-MSU1_013_000145.1	RHY87517.1	46.5	71	184	331	1.43e-09	60.8	38.6	112090	Oomycota	Aphanomyces	Aphanomyces astaci	RHY87517.1 hypothetical protein DYB31_016390 [Aphanomyces astaci]
Pcub-MSU1_013_000145.1	RHZ01420.1	46.5	71	184	562	1.85e-09	60.8	38.6	112090	Oomycota	Aphanomyces	Aphanomyces astaci	RHZ01420.1 hypothetical protein DYB35_003369 [Aphanomyces astaci]
Pcub-MSU1_013_000145.1	DBA03114.1	43.3	67	184	261	1.85e-09	60.1	36.4	4803	Oomycota	Lagenidium	Lagenidium giganteum	DBA03114.1 TPA: hypothetical protein N0F65_003361 [Lagenidium giganteum]
Pcub-MSU1_013_000145.1	RLN72747.1	49.2	61	184	274	3.81e-09	59.3	33.2	2483409	Oomycota	Nothophytophthora	Nothophytophthora sp. Chile5	RLN72747.1 hypothetical protein BBJ28_00016671 [Nothophytophthora sp. Chile5]
Pcub-MSU1_013_000145.1	KAF0690516.1	44.6	65	184	392	5.52e-09	59.3	35.3	120398	Oomycota	Aphanomyces	Aphanomyces stellatus	KAF0690516.1 hypothetical protein As57867_018044 [Aphanomyces stellatus]
Pcub-MSU1_013_000145.1	KAJ0407272.1	41.8	67	184	261	8.97e-09	58.2	36.4	114742	Oomycota	Pythium	Pythium insidiosum	KAJ0407272.1 hypothetical protein P43SY_008047 [Pythium insidiosum]
Pcub-MSU1_013_000145.1	KAH9127678.1	41.8	67	184	279	1.37e-08	57.8	36.4	100861	Oomycota	Aphanomyces	Aphanomyces euteiches	KAH9127678.1 hypothetical protein AeMF1_002064 [Aphanomyces euteiches]
Pcub-MSU1_013_000145.1	KAF0722303.1	41.8	67	184	279	1.37e-08	57.8	36.4	100861	Oomycota	Aphanomyces	Aphanomyces euteiches	KAF0722303.1 hypothetical protein Ae201684_018519 [Aphanomyces euteiches]
Pcub-MSU1_013_000145.1	KAH9092419.1	41.8	67	184	279	1.37e-08	57.8	36.4	100861	Oomycota	Aphanomyces	Aphanomyces euteiches	KAH9092419.1 hypothetical protein LEN26_018412 [Aphanomyces euteiches]
Pcub-MSU1_013_000145.1	KAJ0411403.1	41.8	67	184	261	3.15e-08	56.6	36.4	114742	Oomycota	Pythium	Pythium insidiosum	KAJ0411403.1 hypothetical protein ATCC90586_004389 [Pythium insidiosum]
Pcub-MSU1_013_000145.1	TMW66660.1	41.8	67	184	261	3.15e-08	56.6	36.4	41045	Oomycota	Pythium	Pythium oligandrum	TMW66660.1 hypothetical protein Poli38472_013972 [Pythium oligandrum]
Pcub-MSU1_013_000145.1	KAG9403680.1	41.8	67	184	275	6.37e-08	55.8	36.4	112091	Oomycota	Aphanomyces	Aphanomyces cochlioides	KAG9403680.1 Lathosterol oxidase [Aphanomyces cochlioides]
Pcub-MSU1_013_000145.1	KAF4038914.1	43.3	67	184	264	8.20e-08	55.5	36.4	4787	Oomycota	Phytophthora	Phytophthora infestans	KAF4038914.1 Fatty acid hydroxylase superfamily [Phytophthora infestans]
Pcub-MSU1_013_000145.1	KAI9996034.1	43.3	67	184	264	8.20e-08	55.5	36.4	4787	Oomycota	Phytophthora	Phytophthora infestans	KAI9996034.1 hypothetical protein PInf_013212 [Phytophthora infestans]
Pcub-MSU1_013_000146.1	XP_012213374.1	53.7	67	184	272	2.51e-12	68.2	36.4	695850	Oomycota	Saprolegnia	Saprolegnia parasitica	XP_012213374.1 hypothetical protein SPRG_18544 [Saprolegnia parasitica CBS 223.65]
Pcub-MSU1_013_000146.1	XP_012206366.1	52.2	67	184	270	6.45e-12	67.0	36.4	695850	Oomycota	Saprolegnia	Saprolegnia parasitica	XP_012206366.1 hypothetical protein SPRG_11773 [Saprolegnia parasitica CBS 223.65]
Pcub-MSU1_013_000146.1	XP_008619546.1	50.7	67	184	278	9.54e-12	66.6	36.4	1156394	Oomycota	Saprolegnia	Saprolegnia diclina	XP_008619546.1 lathosterol oxidase [Saprolegnia diclina VS20]
Pcub-MSU1_013_000146.1	OQR92105.1	50.7	67	184	278	4.69e-11	64.7	36.4	1202772	Oomycota	Achlya	Achlya hypogyna	OQR92105.1 sterol-C5-desaturase [Achlya hypogyna]
Pcub-MSU1_013_000146.1	OQR92172.1	46.3	67	184	279	1.12e-09	60.8	36.4	74557	Oomycota	Thraustotheca	Thraustotheca clavata	OQR92172.1 sterol-C5-desaturase [Thraustotheca clavata]
Pcub-MSU1_013_000146.1	RHY25242.1	49.3	71	184	279	1.12e-09	60.8	38.6	157072	Oomycota	Aphanomyces	Aphanomyces invadans	RHY25242.1 hypothetical protein DYB32_008439 [Aphanomyces invadans]
Pcub-MSU1_013_000146.1	DBA03114.1	43.3	67	184	261	1.35e-09	60.5	36.4	4803	Oomycota	Lagenidium	Lagenidium giganteum	DBA03114.1 TPA: hypothetical protein N0F65_003361 [Lagenidium giganteum]
Pcub-MSU1_013_000146.1	DBA03113.1	40.3	67	184	267	1.41e-09	60.5	36.4	4803	Oomycota	Lagenidium	Lagenidium giganteum	DBA03113.1 TPA: hypothetical protein N0F65_003360 [Lagenidium giganteum]
Pcub-MSU1_013_000146.1	XP_008871409.1	49.3	71	184	279	1.53e-09	60.5	38.6	157072	Oomycota	Aphanomyces	Aphanomyces invadans	XP_008871409.1 hypothetical protein H310_07440 [Aphanomyces invadans]
Pcub-MSU1_013_000146.1	XP_009839931.1	46.5	71	184	279	2.10e-09	60.1	38.6	112090	Oomycota	Aphanomyces	Aphanomyces astaci	XP_009839931.1 hypothetical protein H257_13934 [Aphanomyces astaci]
Pcub-MSU1_013_000146.1	RHY02056.1	46.5	71	184	304	2.39e-09	60.1	38.6	112090	Oomycota	Aphanomyces	Aphanomyces astaci	RHY02056.1 hypothetical protein DYB25_010867, partial [Aphanomyces astaci]
Pcub-MSU1_013_000146.1	RQM27279.1	46.5	71	184	314	2.49e-09	60.1	38.6	112090	Oomycota	Aphanomyces	Aphanomyces astaci	RQM27279.1 hypothetical protein B5M09_008499, partial [Aphanomyces astaci]
Pcub-MSU1_013_000146.1	RHY87517.1	46.5	71	184	331	2.64e-09	60.1	38.6	112090	Oomycota	Aphanomyces	Aphanomyces astaci	RHY87517.1 hypothetical protein DYB31_016390 [Aphanomyces astaci]
Pcub-MSU1_013_000146.1	RHZ01420.1	46.5	71	184	562	3.39e-09	60.1	38.6	112090	Oomycota	Aphanomyces	Aphanomyces astaci	RHZ01420.1 hypothetical protein DYB35_003369 [Aphanomyces astaci]
Pcub-MSU1_013_000146.1	RLN72747.1	49.2	61	184	274	7.13e-09	58.5	33.2	2483409	Oomycota	Nothophytophthora	Nothophytophthora sp. Chile5	RLN72747.1 hypothetical protein BBJ28_00016671 [Nothophytophthora sp. Chile5]
Pcub-MSU1_013_000146.1	KAF0690516.1	44.6	65	184	392	1.02e-08	58.5	35.3	120398	Oomycota	Aphanomyces	Aphanomyces stellatus	KAF0690516.1 hypothetical protein As57867_018044 [Aphanomyces stellatus]
Pcub-MSU1_013_000146.1	KAJ0407272.1	41.8	67	184	261	1.68e-08	57.4	36.4	114742	Oomycota	Pythium	Pythium insidiosum	KAJ0407272.1 hypothetical protein P43SY_008047 [Pythium insidiosum]
Pcub-MSU1_013_000146.1	KAH9127678.1	41.8	67	184	279	2.56e-08	57.0	36.4	100861	Oomycota	Aphanomyces	Aphanomyces euteiches	KAH9127678.1 hypothetical protein AeMF1_002064 [Aphanomyces euteiches]
Pcub-MSU1_013_000146.1	KAF0722303.1	41.8	67	184	279	2.56e-08	57.0	36.4	100861	Oomycota	Aphanomyces	Aphanomyces euteiches	KAF0722303.1 hypothetical protein Ae201684_018519 [Aphanomyces euteiches]
Pcub-MSU1_013_000146.1	KAH9092419.1	41.8	67	184	279	2.56e-08	57.0	36.4	100861	Oomycota	Aphanomyces	Aphanomyces euteiches	KAH9092419.1 hypothetical protein LEN26_018412 [Aphanomyces euteiches]
Pcub-MSU1_013_000146.1	KAJ0411403.1	41.8	67	184	261	5.89e-08	55.8	36.4	114742	Oomycota	Pythium	Pythium insidiosum	KAJ0411403.1 hypothetical protein ATCC90586_004389 [Pythium insidiosum]
Pcub-MSU1_013_000146.1	TMW66660.1	41.8	67	184	261	5.89e-08	55.8	36.4	41045	Oomycota	Pythium	Pythium oligandrum	TMW66660.1 hypothetical protein Poli38472_013972 [Pythium oligandrum]
Pcub-MSU1_013_000146.1	KAG9403680.1	41.8	67	184	275	1.19e-07	55.1	36.4	112091	Oomycota	Aphanomyces	Aphanomyces cochlioides	KAG9403680.1 Lathosterol oxidase [Aphanomyces cochlioides]
Pcub-MSU1_013_000146.1	KAF4038914.1	43.3	67	184	264	1.53e-07	54.7	36.4	4787	Oomycota	Phytophthora	Phytophthora infestans	KAF4038914.1 Fatty acid hydroxylase superfamily [Phytophthora infestans]
Pcub-MSU1_013_000146.1	KAI9996034.1	43.3	67	184	264	1.53e-07	54.7	36.4	4787	Oomycota	Phytophthora	Phytophthora infestans	KAI9996034.1 hypothetical protein PInf_013212 [Phytophthora infestans]
Pcub-MSU1_013_000147.1	XP_012213374.1	53.7	67	184	272	1.32e-12	68.9	36.4	695850	Oomycota	Saprolegnia	Saprolegnia parasitica	XP_012213374.1 hypothetical protein SPRG_18544 [Saprolegnia parasitica CBS 223.65]
Pcub-MSU1_013_000147.1	XP_012206366.1	52.2	67	184	270	3.39e-12	67.8	36.4	695850	Oomycota	Saprolegnia	Saprolegnia parasitica	XP_012206366.1 hypothetical protein SPRG_11773 [Saprolegnia parasitica CBS 223.65]
Pcub-MSU1_013_000147.1	XP_008619546.1	50.7	67	184	278	5.03e-12	67.4	36.4	1156394	Oomycota	Saprolegnia	Saprolegnia diclina	XP_008619546.1 lathosterol oxidase [Saprolegnia diclina VS20]
Pcub-MSU1_013_000147.1	OQR92105.1	50.7	67	184	278	2.48e-11	65.5	36.4	1202772	Oomycota	Achlya	Achlya hypogyna	OQR92105.1 sterol-C5-desaturase [Achlya hypogyna]
Pcub-MSU1_013_000147.1	OQR92172.1	46.3	67	184	279	5.95e-10	61.6	36.4	74557	Oomycota	Thraustotheca	Thraustotheca clavata	OQR92172.1 sterol-C5-desaturase [Thraustotheca clavata]
Pcub-MSU1_013_000147.1	RHY25242.1	49.3	71	184	279	5.95e-10	61.6	38.6	157072	Oomycota	Aphanomyces	Aphanomyces invadans	RHY25242.1 hypothetical protein DYB32_008439 [Aphanomyces invadans]
Pcub-MSU1_013_000147.1	DBA03113.1	40.3	67	184	267	7.50e-10	61.2	36.4	4803	Oomycota	Lagenidium	Lagenidium giganteum	DBA03113.1 TPA: hypothetical protein N0F65_003360 [Lagenidium giganteum]
Pcub-MSU1_013_000147.1	XP_008871409.1	49.3	71	184	279	8.16e-10	61.2	38.6	157072	Oomycota	Aphanomyces	Aphanomyces invadans	XP_008871409.1 hypothetical protein H310_07440 [Aphanomyces invadans]
Pcub-MSU1_013_000147.1	XP_009839931.1	46.5	71	184	279	1.12e-09	60.8	38.6	112090	Oomycota	Aphanomyces	Aphanomyces astaci	XP_009839931.1 hypothetical protein H257_13934 [Aphanomyces astaci]
Pcub-MSU1_013_000147.1	RHY02056.1	46.5	71	184	304	1.28e-09	60.8	38.6	112090	Oomycota	Aphanomyces	Aphanomyces astaci	RHY02056.1 hypothetical protein DYB25_010867, partial [Aphanomyces astaci]
Pcub-MSU1_013_000147.1	RQM27279.1	46.5	71	184	314	1.34e-09	60.8	38.6	112090	Oomycota	Aphanomyces	Aphanomyces astaci	RQM27279.1 hypothetical protein B5M09_008499, partial [Aphanomyces astaci]
Pcub-MSU1_013_000147.1	RHY87517.1	46.5	71	184	331	1.43e-09	60.8	38.6	112090	Oomycota	Aphanomyces	Aphanomyces astaci	RHY87517.1 hypothetical protein DYB31_016390 [Aphanomyces astaci]
Pcub-MSU1_013_000147.1	RHZ01420.1	46.5	71	184	562	1.85e-09	60.8	38.6	112090	Oomycota	Aphanomyces	Aphanomyces astaci	RHZ01420.1 hypothetical protein DYB35_003369 [Aphanomyces astaci]
Pcub-MSU1_013_000147.1	DBA03114.1	43.3	67	184	261	1.85e-09	60.1	36.4	4803	Oomycota	Lagenidium	Lagenidium giganteum	DBA03114.1 TPA: hypothetical protein N0F65_003361 [Lagenidium giganteum]
Pcub-MSU1_013_000147.1	RLN72747.1	49.2	61	184	274	3.81e-09	59.3	33.2	2483409	Oomycota	Nothophytophthora	Nothophytophthora sp. Chile5	RLN72747.1 hypothetical protein BBJ28_00016671 [Nothophytophthora sp. Chile5]
Pcub-MSU1_013_000147.1	KAF0690516.1	44.6	65	184	392	5.52e-09	59.3	35.3	120398	Oomycota	Aphanomyces	Aphanomyces stellatus	KAF0690516.1 hypothetical protein As57867_018044 [Aphanomyces stellatus]
Pcub-MSU1_013_000147.1	KAJ0407272.1	41.8	67	184	261	8.97e-09	58.2	36.4	114742	Oomycota	Pythium	Pythium insidiosum	KAJ0407272.1 hypothetical protein P43SY_008047 [Pythium insidiosum]
Pcub-MSU1_013_000147.1	KAH9127678.1	41.8	67	184	279	1.37e-08	57.8	36.4	100861	Oomycota	Aphanomyces	Aphanomyces euteiches	KAH9127678.1 hypothetical protein AeMF1_002064 [Aphanomyces euteiches]
Pcub-MSU1_013_000147.1	KAF0722303.1	41.8	67	184	279	1.37e-08	57.8	36.4	100861	Oomycota	Aphanomyces	Aphanomyces euteiches	KAF0722303.1 hypothetical protein Ae201684_018519 [Aphanomyces euteiches]
Pcub-MSU1_013_000147.1	KAH9092419.1	41.8	67	184	279	1.37e-08	57.8	36.4	100861	Oomycota	Aphanomyces	Aphanomyces euteiches	KAH9092419.1 hypothetical protein LEN26_018412 [Aphanomyces euteiches]
Pcub-MSU1_013_000147.1	KAJ0411403.1	41.8	67	184	261	3.15e-08	56.6	36.4	114742	Oomycota	Pythium	Pythium insidiosum	KAJ0411403.1 hypothetical protein ATCC90586_004389 [Pythium insidiosum]
Pcub-MSU1_013_000147.1	TMW66660.1	41.8	67	184	261	3.15e-08	56.6	36.4	41045	Oomycota	Pythium	Pythium oligandrum	TMW66660.1 hypothetical protein Poli38472_013972 [Pythium oligandrum]
Pcub-MSU1_013_000147.1	KAG9403680.1	41.8	67	184	275	6.37e-08	55.8	36.4	112091	Oomycota	Aphanomyces	Aphanomyces cochlioides	KAG9403680.1 Lathosterol oxidase [Aphanomyces cochlioides]
Pcub-MSU1_013_000147.1	KAF4038914.1	43.3	67	184	264	8.20e-08	55.5	36.4	4787	Oomycota	Phytophthora	Phytophthora infestans	KAF4038914.1 Fatty acid hydroxylase superfamily [Phytophthora infestans]
Pcub-MSU1_013_000147.1	KAI9996034.1	43.3	67	184	264	8.20e-08	55.5	36.4	4787	Oomycota	Phytophthora	Phytophthora infestans	KAI9996034.1 hypothetical protein PInf_013212 [Phytophthora infestans]
Pcub-MSU1_013_000148.1	XP_012213374.1	53.7	67	184	272	1.32e-12	68.9	36.4	695850	Oomycota	Saprolegnia	Saprolegnia parasitica	XP_012213374.1 hypothetical protein SPRG_18544 [Saprolegnia parasitica CBS 223.65]
Pcub-MSU1_013_000148.1	XP_012206366.1	52.2	67	184	270	3.39e-12	67.8	36.4	695850	Oomycota	Saprolegnia	Saprolegnia parasitica	XP_012206366.1 hypothetical protein SPRG_11773 [Saprolegnia parasitica CBS 223.65]
Pcub-MSU1_013_000148.1	XP_008619546.1	50.7	67	184	278	5.03e-12	67.4	36.4	1156394	Oomycota	Saprolegnia	Saprolegnia diclina	XP_008619546.1 lathosterol oxidase [Saprolegnia diclina VS20]
Pcub-MSU1_013_000148.1	OQR92105.1	50.7	67	184	278	2.48e-11	65.5	36.4	1202772	Oomycota	Achlya	Achlya hypogyna	OQR92105.1 sterol-C5-desaturase [Achlya hypogyna]
Pcub-MSU1_013_000148.1	OQR92172.1	46.3	67	184	279	5.95e-10	61.6	36.4	74557	Oomycota	Thraustotheca	Thraustotheca clavata	OQR92172.1 sterol-C5-desaturase [Thraustotheca clavata]
Pcub-MSU1_013_000148.1	RHY25242.1	49.3	71	184	279	5.95e-10	61.6	38.6	157072	Oomycota	Aphanomyces	Aphanomyces invadans	RHY25242.1 hypothetical protein DYB32_008439 [Aphanomyces invadans]
Pcub-MSU1_013_000148.1	DBA03113.1	40.3	67	184	267	7.50e-10	61.2	36.4	4803	Oomycota	Lagenidium	Lagenidium giganteum	DBA03113.1 TPA: hypothetical protein N0F65_003360 [Lagenidium giganteum]
Pcub-MSU1_013_000148.1	XP_008871409.1	49.3	71	184	279	8.16e-10	61.2	38.6	157072	Oomycota	Aphanomyces	Aphanomyces invadans	XP_008871409.1 hypothetical protein H310_07440 [Aphanomyces invadans]
Pcub-MSU1_013_000148.1	XP_009839931.1	46.5	71	184	279	1.12e-09	60.8	38.6	112090	Oomycota	Aphanomyces	Aphanomyces astaci	XP_009839931.1 hypothetical protein H257_13934 [Aphanomyces astaci]
Pcub-MSU1_013_000148.1	RHY02056.1	46.5	71	184	304	1.28e-09	60.8	38.6	112090	Oomycota	Aphanomyces	Aphanomyces astaci	RHY02056.1 hypothetical protein DYB25_010867, partial [Aphanomyces astaci]
Pcub-MSU1_013_000148.1	RQM27279.1	46.5	71	184	314	1.34e-09	60.8	38.6	112090	Oomycota	Aphanomyces	Aphanomyces astaci	RQM27279.1 hypothetical protein B5M09_008499, partial [Aphanomyces astaci]
Pcub-MSU1_013_000148.1	RHY87517.1	46.5	71	184	331	1.43e-09	60.8	38.6	112090	Oomycota	Aphanomyces	Aphanomyces astaci	RHY87517.1 hypothetical protein DYB31_016390 [Aphanomyces astaci]
Pcub-MSU1_013_000148.1	RHZ01420.1	46.5	71	184	562	1.85e-09	60.8	38.6	112090	Oomycota	Aphanomyces	Aphanomyces astaci	RHZ01420.1 hypothetical protein DYB35_003369 [Aphanomyces astaci]
Pcub-MSU1_013_000148.1	DBA03114.1	43.3	67	184	261	1.85e-09	60.1	36.4	4803	Oomycota	Lagenidium	Lagenidium giganteum	DBA03114.1 TPA: hypothetical protein N0F65_003361 [Lagenidium giganteum]
Pcub-MSU1_013_000148.1	RLN72747.1	49.2	61	184	274	3.81e-09	59.3	33.2	2483409	Oomycota	Nothophytophthora	Nothophytophthora sp. Chile5	RLN72747.1 hypothetical protein BBJ28_00016671 [Nothophytophthora sp. Chile5]
Pcub-MSU1_013_000148.1	KAF0690516.1	44.6	65	184	392	5.52e-09	59.3	35.3	120398	Oomycota	Aphanomyces	Aphanomyces stellatus	KAF0690516.1 hypothetical protein As57867_018044 [Aphanomyces stellatus]
Pcub-MSU1_013_000148.1	KAJ0407272.1	41.8	67	184	261	8.97e-09	58.2	36.4	114742	Oomycota	Pythium	Pythium insidiosum	KAJ0407272.1 hypothetical protein P43SY_008047 [Pythium insidiosum]
Pcub-MSU1_013_000148.1	KAH9127678.1	41.8	67	184	279	1.37e-08	57.8	36.4	100861	Oomycota	Aphanomyces	Aphanomyces euteiches	KAH9127678.1 hypothetical protein AeMF1_002064 [Aphanomyces euteiches]
Pcub-MSU1_013_000148.1	KAF0722303.1	41.8	67	184	279	1.37e-08	57.8	36.4	100861	Oomycota	Aphanomyces	Aphanomyces euteiches	KAF0722303.1 hypothetical protein Ae201684_018519 [Aphanomyces euteiches]
Pcub-MSU1_013_000148.1	KAH9092419.1	41.8	67	184	279	1.37e-08	57.8	36.4	100861	Oomycota	Aphanomyces	Aphanomyces euteiches	KAH9092419.1 hypothetical protein LEN26_018412 [Aphanomyces euteiches]
Pcub-MSU1_013_000148.1	KAJ0411403.1	41.8	67	184	261	3.15e-08	56.6	36.4	114742	Oomycota	Pythium	Pythium insidiosum	KAJ0411403.1 hypothetical protein ATCC90586_004389 [Pythium insidiosum]
Pcub-MSU1_013_000148.1	TMW66660.1	41.8	67	184	261	3.15e-08	56.6	36.4	41045	Oomycota	Pythium	Pythium oligandrum	TMW66660.1 hypothetical protein Poli38472_013972 [Pythium oligandrum]
Pcub-MSU1_013_000148.1	KAG9403680.1	41.8	67	184	275	6.37e-08	55.8	36.4	112091	Oomycota	Aphanomyces	Aphanomyces cochlioides	KAG9403680.1 Lathosterol oxidase [Aphanomyces cochlioides]
Pcub-MSU1_013_000148.1	KAF4038914.1	43.3	67	184	264	8.20e-08	55.5	36.4	4787	Oomycota	Phytophthora	Phytophthora infestans	KAF4038914.1 Fatty acid hydroxylase superfamily [Phytophthora infestans]
Pcub-MSU1_013_000148.1	KAI9996034.1	43.3	67	184	264	8.20e-08	55.5	36.4	4787	Oomycota	Phytophthora	Phytophthora infestans	KAI9996034.1 hypothetical protein PInf_013212 [Phytophthora infestans]
Pcub-MSU1_013_000149.1	XP_012213374.1	53.7	67	184	272	1.32e-12	68.9	36.4	695850	Oomycota	Saprolegnia	Saprolegnia parasitica	XP_012213374.1 hypothetical protein SPRG_18544 [Saprolegnia parasitica CBS 223.65]
Pcub-MSU1_013_000149.1	XP_012206366.1	52.2	67	184	270	3.39e-12	67.8	36.4	695850	Oomycota	Saprolegnia	Saprolegnia parasitica	XP_012206366.1 hypothetical protein SPRG_11773 [Saprolegnia parasitica CBS 223.65]
Pcub-MSU1_013_000149.1	XP_008619546.1	50.7	67	184	278	5.03e-12	67.4	36.4	1156394	Oomycota	Saprolegnia	Saprolegnia diclina	XP_008619546.1 lathosterol oxidase [Saprolegnia diclina VS20]
Pcub-MSU1_013_000149.1	OQR92105.1	50.7	67	184	278	2.48e-11	65.5	36.4	1202772	Oomycota	Achlya	Achlya hypogyna	OQR92105.1 sterol-C5-desaturase [Achlya hypogyna]
Pcub-MSU1_013_000149.1	OQR92172.1	46.3	67	184	279	5.95e-10	61.6	36.4	74557	Oomycota	Thraustotheca	Thraustotheca clavata	OQR92172.1 sterol-C5-desaturase [Thraustotheca clavata]
Pcub-MSU1_013_000149.1	RHY25242.1	49.3	71	184	279	5.95e-10	61.6	38.6	157072	Oomycota	Aphanomyces	Aphanomyces invadans	RHY25242.1 hypothetical protein DYB32_008439 [Aphanomyces invadans]
Pcub-MSU1_013_000149.1	DBA03113.1	40.3	67	184	267	7.50e-10	61.2	36.4	4803	Oomycota	Lagenidium	Lagenidium giganteum	DBA03113.1 TPA: hypothetical protein N0F65_003360 [Lagenidium giganteum]
Pcub-MSU1_013_000149.1	XP_008871409.1	49.3	71	184	279	8.16e-10	61.2	38.6	157072	Oomycota	Aphanomyces	Aphanomyces invadans	XP_008871409.1 hypothetical protein H310_07440 [Aphanomyces invadans]
Pcub-MSU1_013_000149.1	XP_009839931.1	46.5	71	184	279	1.12e-09	60.8	38.6	112090	Oomycota	Aphanomyces	Aphanomyces astaci	XP_009839931.1 hypothetical protein H257_13934 [Aphanomyces astaci]
Pcub-MSU1_013_000149.1	RHY02056.1	46.5	71	184	304	1.28e-09	60.8	38.6	112090	Oomycota	Aphanomyces	Aphanomyces astaci	RHY02056.1 hypothetical protein DYB25_010867, partial [Aphanomyces astaci]
Pcub-MSU1_013_000149.1	RQM27279.1	46.5	71	184	314	1.34e-09	60.8	38.6	112090	Oomycota	Aphanomyces	Aphanomyces astaci	RQM27279.1 hypothetical protein B5M09_008499, partial [Aphanomyces astaci]
Pcub-MSU1_013_000149.1	RHY87517.1	46.5	71	184	331	1.43e-09	60.8	38.6	112090	Oomycota	Aphanomyces	Aphanomyces astaci	RHY87517.1 hypothetical protein DYB31_016390 [Aphanomyces astaci]
Pcub-MSU1_013_000149.1	RHZ01420.1	46.5	71	184	562	1.85e-09	60.8	38.6	112090	Oomycota	Aphanomyces	Aphanomyces astaci	RHZ01420.1 hypothetical protein DYB35_003369 [Aphanomyces astaci]
Pcub-MSU1_013_000149.1	DBA03114.1	43.3	67	184	261	1.85e-09	60.1	36.4	4803	Oomycota	Lagenidium	Lagenidium giganteum	DBA03114.1 TPA: hypothetical protein N0F65_003361 [Lagenidium giganteum]
Pcub-MSU1_013_000149.1	RLN72747.1	49.2	61	184	274	3.81e-09	59.3	33.2	2483409	Oomycota	Nothophytophthora	Nothophytophthora sp. Chile5	RLN72747.1 hypothetical protein BBJ28_00016671 [Nothophytophthora sp. Chile5]
Pcub-MSU1_013_000149.1	KAF0690516.1	44.6	65	184	392	5.52e-09	59.3	35.3	120398	Oomycota	Aphanomyces	Aphanomyces stellatus	KAF0690516.1 hypothetical protein As57867_018044 [Aphanomyces stellatus]
Pcub-MSU1_013_000149.1	KAJ0407272.1	41.8	67	184	261	8.97e-09	58.2	36.4	114742	Oomycota	Pythium	Pythium insidiosum	KAJ0407272.1 hypothetical protein P43SY_008047 [Pythium insidiosum]
Pcub-MSU1_013_000149.1	KAH9127678.1	41.8	67	184	279	1.37e-08	57.8	36.4	100861	Oomycota	Aphanomyces	Aphanomyces euteiches	KAH9127678.1 hypothetical protein AeMF1_002064 [Aphanomyces euteiches]
Pcub-MSU1_013_000149.1	KAF0722303.1	41.8	67	184	279	1.37e-08	57.8	36.4	100861	Oomycota	Aphanomyces	Aphanomyces euteiches	KAF0722303.1 hypothetical protein Ae201684_018519 [Aphanomyces euteiches]
Pcub-MSU1_013_000149.1	KAH9092419.1	41.8	67	184	279	1.37e-08	57.8	36.4	100861	Oomycota	Aphanomyces	Aphanomyces euteiches	KAH9092419.1 hypothetical protein LEN26_018412 [Aphanomyces euteiches]
Pcub-MSU1_013_000149.1	KAJ0411403.1	41.8	67	184	261	3.15e-08	56.6	36.4	114742	Oomycota	Pythium	Pythium insidiosum	KAJ0411403.1 hypothetical protein ATCC90586_004389 [Pythium insidiosum]
Pcub-MSU1_013_000149.1	TMW66660.1	41.8	67	184	261	3.15e-08	56.6	36.4	41045	Oomycota	Pythium	Pythium oligandrum	TMW66660.1 hypothetical protein Poli38472_013972 [Pythium oligandrum]
Pcub-MSU1_013_000149.1	KAG9403680.1	41.8	67	184	275	6.37e-08	55.8	36.4	112091	Oomycota	Aphanomyces	Aphanomyces cochlioides	KAG9403680.1 Lathosterol oxidase [Aphanomyces cochlioides]
Pcub-MSU1_013_000149.1	KAF4038914.1	43.3	67	184	264	8.20e-08	55.5	36.4	4787	Oomycota	Phytophthora	Phytophthora infestans	KAF4038914.1 Fatty acid hydroxylase superfamily [Phytophthora infestans]
Pcub-MSU1_013_000149.1	KAI9996034.1	43.3	67	184	264	8.20e-08	55.5	36.4	4787	Oomycota	Phytophthora	Phytophthora infestans	KAI9996034.1 hypothetical protein PInf_013212 [Phytophthora infestans]
Pcub-MSU1_013_000150.1	XP_012213374.1	53.7	67	184	272	1.32e-12	68.9	36.4	695850	Oomycota	Saprolegnia	Saprolegnia parasitica	XP_012213374.1 hypothetical protein SPRG_18544 [Saprolegnia parasitica CBS 223.65]
Pcub-MSU1_013_000150.1	XP_012206366.1	52.2	67	184	270	3.39e-12	67.8	36.4	695850	Oomycota	Saprolegnia	Saprolegnia parasitica	XP_012206366.1 hypothetical protein SPRG_11773 [Saprolegnia parasitica CBS 223.65]
Pcub-MSU1_013_000150.1	XP_008619546.1	50.7	67	184	278	5.03e-12	67.4	36.4	1156394	Oomycota	Saprolegnia	Saprolegnia diclina	XP_008619546.1 lathosterol oxidase [Saprolegnia diclina VS20]
Pcub-MSU1_013_000150.1	OQR92105.1	50.7	67	184	278	2.48e-11	65.5	36.4	1202772	Oomycota	Achlya	Achlya hypogyna	OQR92105.1 sterol-C5-desaturase [Achlya hypogyna]
Pcub-MSU1_013_000150.1	OQR92172.1	46.3	67	184	279	5.95e-10	61.6	36.4	74557	Oomycota	Thraustotheca	Thraustotheca clavata	OQR92172.1 sterol-C5-desaturase [Thraustotheca clavata]
Pcub-MSU1_013_000150.1	RHY25242.1	49.3	71	184	279	5.95e-10	61.6	38.6	157072	Oomycota	Aphanomyces	Aphanomyces invadans	RHY25242.1 hypothetical protein DYB32_008439 [Aphanomyces invadans]
Pcub-MSU1_013_000150.1	DBA03113.1	40.3	67	184	267	7.50e-10	61.2	36.4	4803	Oomycota	Lagenidium	Lagenidium giganteum	DBA03113.1 TPA: hypothetical protein N0F65_003360 [Lagenidium giganteum]
Pcub-MSU1_013_000150.1	XP_008871409.1	49.3	71	184	279	8.16e-10	61.2	38.6	157072	Oomycota	Aphanomyces	Aphanomyces invadans	XP_008871409.1 hypothetical protein H310_07440 [Aphanomyces invadans]
Pcub-MSU1_013_000150.1	XP_009839931.1	46.5	71	184	279	1.12e-09	60.8	38.6	112090	Oomycota	Aphanomyces	Aphanomyces astaci	XP_009839931.1 hypothetical protein H257_13934 [Aphanomyces astaci]
Pcub-MSU1_013_000150.1	RHY02056.1	46.5	71	184	304	1.28e-09	60.8	38.6	112090	Oomycota	Aphanomyces	Aphanomyces astaci	RHY02056.1 hypothetical protein DYB25_010867, partial [Aphanomyces astaci]
Pcub-MSU1_013_000150.1	RQM27279.1	46.5	71	184	314	1.34e-09	60.8	38.6	112090	Oomycota	Aphanomyces	Aphanomyces astaci	RQM27279.1 hypothetical protein B5M09_008499, partial [Aphanomyces astaci]
Pcub-MSU1_013_000150.1	RHY87517.1	46.5	71	184	331	1.43e-09	60.8	38.6	112090	Oomycota	Aphanomyces	Aphanomyces astaci	RHY87517.1 hypothetical protein DYB31_016390 [Aphanomyces astaci]
Pcub-MSU1_013_000150.1	RHZ01420.1	46.5	71	184	562	1.85e-09	60.8	38.6	112090	Oomycota	Aphanomyces	Aphanomyces astaci	RHZ01420.1 hypothetical protein DYB35_003369 [Aphanomyces astaci]
Pcub-MSU1_013_000150.1	DBA03114.1	43.3	67	184	261	1.85e-09	60.1	36.4	4803	Oomycota	Lagenidium	Lagenidium giganteum	DBA03114.1 TPA: hypothetical protein N0F65_003361 [Lagenidium giganteum]
Pcub-MSU1_013_000150.1	RLN72747.1	49.2	61	184	274	3.81e-09	59.3	33.2	2483409	Oomycota	Nothophytophthora	Nothophytophthora sp. Chile5	RLN72747.1 hypothetical protein BBJ28_00016671 [Nothophytophthora sp. Chile5]
Pcub-MSU1_013_000150.1	KAF0690516.1	44.6	65	184	392	5.52e-09	59.3	35.3	120398	Oomycota	Aphanomyces	Aphanomyces stellatus	KAF0690516.1 hypothetical protein As57867_018044 [Aphanomyces stellatus]
Pcub-MSU1_013_000150.1	KAJ0407272.1	41.8	67	184	261	8.97e-09	58.2	36.4	114742	Oomycota	Pythium	Pythium insidiosum	KAJ0407272.1 hypothetical protein P43SY_008047 [Pythium insidiosum]
Pcub-MSU1_013_000150.1	KAH9127678.1	41.8	67	184	279	1.37e-08	57.8	36.4	100861	Oomycota	Aphanomyces	Aphanomyces euteiches	KAH9127678.1 hypothetical protein AeMF1_002064 [Aphanomyces euteiches]
Pcub-MSU1_013_000150.1	KAF0722303.1	41.8	67	184	279	1.37e-08	57.8	36.4	100861	Oomycota	Aphanomyces	Aphanomyces euteiches	KAF0722303.1 hypothetical protein Ae201684_018519 [Aphanomyces euteiches]
Pcub-MSU1_013_000150.1	KAH9092419.1	41.8	67	184	279	1.37e-08	57.8	36.4	100861	Oomycota	Aphanomyces	Aphanomyces euteiches	KAH9092419.1 hypothetical protein LEN26_018412 [Aphanomyces euteiches]
Pcub-MSU1_013_000150.1	KAJ0411403.1	41.8	67	184	261	3.15e-08	56.6	36.4	114742	Oomycota	Pythium	Pythium insidiosum	KAJ0411403.1 hypothetical protein ATCC90586_004389 [Pythium insidiosum]
Pcub-MSU1_013_000150.1	TMW66660.1	41.8	67	184	261	3.15e-08	56.6	36.4	41045	Oomycota	Pythium	Pythium oligandrum	TMW66660.1 hypothetical protein Poli38472_013972 [Pythium oligandrum]
Pcub-MSU1_013_000150.1	KAG9403680.1	41.8	67	184	275	6.37e-08	55.8	36.4	112091	Oomycota	Aphanomyces	Aphanomyces cochlioides	KAG9403680.1 Lathosterol oxidase [Aphanomyces cochlioides]
Pcub-MSU1_013_000150.1	KAF4038914.1	43.3	67	184	264	8.20e-08	55.5	36.4	4787	Oomycota	Phytophthora	Phytophthora infestans	KAF4038914.1 Fatty acid hydroxylase superfamily [Phytophthora infestans]
Pcub-MSU1_013_000150.1	KAI9996034.1	43.3	67	184	264	8.20e-08	55.5	36.4	4787	Oomycota	Phytophthora	Phytophthora infestans	KAI9996034.1 hypothetical protein PInf_013212 [Phytophthora infestans]
Pcub-MSU1_013_000151.1	XP_012213374.1	53.7	67	184	272	1.32e-12	68.9	36.4	695850	Oomycota	Saprolegnia	Saprolegnia parasitica	XP_012213374.1 hypothetical protein SPRG_18544 [Saprolegnia parasitica CBS 223.65]
Pcub-MSU1_013_000151.1	XP_012206366.1	52.2	67	184	270	3.39e-12	67.8	36.4	695850	Oomycota	Saprolegnia	Saprolegnia parasitica	XP_012206366.1 hypothetical protein SPRG_11773 [Saprolegnia parasitica CBS 223.65]
Pcub-MSU1_013_000151.1	XP_008619546.1	50.7	67	184	278	5.03e-12	67.4	36.4	1156394	Oomycota	Saprolegnia	Saprolegnia diclina	XP_008619546.1 lathosterol oxidase [Saprolegnia diclina VS20]
Pcub-MSU1_013_000151.1	OQR92105.1	50.7	67	184	278	2.48e-11	65.5	36.4	1202772	Oomycota	Achlya	Achlya hypogyna	OQR92105.1 sterol-C5-desaturase [Achlya hypogyna]
Pcub-MSU1_013_000151.1	OQR92172.1	46.3	67	184	279	5.95e-10	61.6	36.4	74557	Oomycota	Thraustotheca	Thraustotheca clavata	OQR92172.1 sterol-C5-desaturase [Thraustotheca clavata]
Pcub-MSU1_013_000151.1	RHY25242.1	49.3	71	184	279	5.95e-10	61.6	38.6	157072	Oomycota	Aphanomyces	Aphanomyces invadans	RHY25242.1 hypothetical protein DYB32_008439 [Aphanomyces invadans]
Pcub-MSU1_013_000151.1	DBA03113.1	40.3	67	184	267	7.50e-10	61.2	36.4	4803	Oomycota	Lagenidium	Lagenidium giganteum	DBA03113.1 TPA: hypothetical protein N0F65_003360 [Lagenidium giganteum]
Pcub-MSU1_013_000151.1	XP_008871409.1	49.3	71	184	279	8.16e-10	61.2	38.6	157072	Oomycota	Aphanomyces	Aphanomyces invadans	XP_008871409.1 hypothetical protein H310_07440 [Aphanomyces invadans]
Pcub-MSU1_013_000151.1	XP_009839931.1	46.5	71	184	279	1.12e-09	60.8	38.6	112090	Oomycota	Aphanomyces	Aphanomyces astaci	XP_009839931.1 hypothetical protein H257_13934 [Aphanomyces astaci]
Pcub-MSU1_013_000151.1	RHY02056.1	46.5	71	184	304	1.28e-09	60.8	38.6	112090	Oomycota	Aphanomyces	Aphanomyces astaci	RHY02056.1 hypothetical protein DYB25_010867, partial [Aphanomyces astaci]
Pcub-MSU1_013_000151.1	RQM27279.1	46.5	71	184	314	1.34e-09	60.8	38.6	112090	Oomycota	Aphanomyces	Aphanomyces astaci	RQM27279.1 hypothetical protein B5M09_008499, partial [Aphanomyces astaci]
Pcub-MSU1_013_000151.1	RHY87517.1	46.5	71	184	331	1.43e-09	60.8	38.6	112090	Oomycota	Aphanomyces	Aphanomyces astaci	RHY87517.1 hypothetical protein DYB31_016390 [Aphanomyces astaci]
Pcub-MSU1_013_000151.1	RHZ01420.1	46.5	71	184	562	1.85e-09	60.8	38.6	112090	Oomycota	Aphanomyces	Aphanomyces astaci	RHZ01420.1 hypothetical protein DYB35_003369 [Aphanomyces astaci]
Pcub-MSU1_013_000151.1	DBA03114.1	43.3	67	184	261	1.85e-09	60.1	36.4	4803	Oomycota	Lagenidium	Lagenidium giganteum	DBA03114.1 TPA: hypothetical protein N0F65_003361 [Lagenidium giganteum]
Pcub-MSU1_013_000151.1	RLN72747.1	49.2	61	184	274	3.81e-09	59.3	33.2	2483409	Oomycota	Nothophytophthora	Nothophytophthora sp. Chile5	RLN72747.1 hypothetical protein BBJ28_00016671 [Nothophytophthora sp. Chile5]
Pcub-MSU1_013_000151.1	KAF0690516.1	44.6	65	184	392	5.52e-09	59.3	35.3	120398	Oomycota	Aphanomyces	Aphanomyces stellatus	KAF0690516.1 hypothetical protein As57867_018044 [Aphanomyces stellatus]
Pcub-MSU1_013_000151.1	KAJ0407272.1	41.8	67	184	261	8.97e-09	58.2	36.4	114742	Oomycota	Pythium	Pythium insidiosum	KAJ0407272.1 hypothetical protein P43SY_008047 [Pythium insidiosum]
Pcub-MSU1_013_000151.1	KAH9127678.1	41.8	67	184	279	1.37e-08	57.8	36.4	100861	Oomycota	Aphanomyces	Aphanomyces euteiches	KAH9127678.1 hypothetical protein AeMF1_002064 [Aphanomyces euteiches]
Pcub-MSU1_013_000151.1	KAF0722303.1	41.8	67	184	279	1.37e-08	57.8	36.4	100861	Oomycota	Aphanomyces	Aphanomyces euteiches	KAF0722303.1 hypothetical protein Ae201684_018519 [Aphanomyces euteiches]
Pcub-MSU1_013_000151.1	KAH9092419.1	41.8	67	184	279	1.37e-08	57.8	36.4	100861	Oomycota	Aphanomyces	Aphanomyces euteiches	KAH9092419.1 hypothetical protein LEN26_018412 [Aphanomyces euteiches]
Pcub-MSU1_013_000151.1	KAJ0411403.1	41.8	67	184	261	3.15e-08	56.6	36.4	114742	Oomycota	Pythium	Pythium insidiosum	KAJ0411403.1 hypothetical protein ATCC90586_004389 [Pythium insidiosum]
Pcub-MSU1_013_000151.1	TMW66660.1	41.8	67	184	261	3.15e-08	56.6	36.4	41045	Oomycota	Pythium	Pythium oligandrum	TMW66660.1 hypothetical protein Poli38472_013972 [Pythium oligandrum]
Pcub-MSU1_013_000151.1	KAG9403680.1	41.8	67	184	275	6.37e-08	55.8	36.4	112091	Oomycota	Aphanomyces	Aphanomyces cochlioides	KAG9403680.1 Lathosterol oxidase [Aphanomyces cochlioides]
Pcub-MSU1_013_000151.1	KAF4038914.1	43.3	67	184	264	8.20e-08	55.5	36.4	4787	Oomycota	Phytophthora	Phytophthora infestans	KAF4038914.1 Fatty acid hydroxylase superfamily [Phytophthora infestans]
Pcub-MSU1_013_000151.1	KAI9996034.1	43.3	67	184	264	8.20e-08	55.5	36.4	4787	Oomycota	Phytophthora	Phytophthora infestans	KAI9996034.1 hypothetical protein PInf_013212 [Phytophthora infestans]
Pcub-MSU1_013_000152.1	XP_012213374.1	53.7	67	184	272	1.32e-12	68.9	36.4	695850	Oomycota	Saprolegnia	Saprolegnia parasitica	XP_012213374.1 hypothetical protein SPRG_18544 [Saprolegnia parasitica CBS 223.65]
Pcub-MSU1_013_000152.1	XP_012206366.1	52.2	67	184	270	3.39e-12	67.8	36.4	695850	Oomycota	Saprolegnia	Saprolegnia parasitica	XP_012206366.1 hypothetical protein SPRG_11773 [Saprolegnia parasitica CBS 223.65]
Pcub-MSU1_013_000152.1	XP_008619546.1	50.7	67	184	278	5.03e-12	67.4	36.4	1156394	Oomycota	Saprolegnia	Saprolegnia diclina	XP_008619546.1 lathosterol oxidase [Saprolegnia diclina VS20]
Pcub-MSU1_013_000152.1	OQR92105.1	50.7	67	184	278	2.48e-11	65.5	36.4	1202772	Oomycota	Achlya	Achlya hypogyna	OQR92105.1 sterol-C5-desaturase [Achlya hypogyna]
Pcub-MSU1_013_000152.1	OQR92172.1	46.3	67	184	279	5.95e-10	61.6	36.4	74557	Oomycota	Thraustotheca	Thraustotheca clavata	OQR92172.1 sterol-C5-desaturase [Thraustotheca clavata]
Pcub-MSU1_013_000152.1	RHY25242.1	49.3	71	184	279	5.95e-10	61.6	38.6	157072	Oomycota	Aphanomyces	Aphanomyces invadans	RHY25242.1 hypothetical protein DYB32_008439 [Aphanomyces invadans]
Pcub-MSU1_013_000152.1	DBA03113.1	40.3	67	184	267	7.50e-10	61.2	36.4	4803	Oomycota	Lagenidium	Lagenidium giganteum	DBA03113.1 TPA: hypothetical protein N0F65_003360 [Lagenidium giganteum]
Pcub-MSU1_013_000152.1	XP_008871409.1	49.3	71	184	279	8.16e-10	61.2	38.6	157072	Oomycota	Aphanomyces	Aphanomyces invadans	XP_008871409.1 hypothetical protein H310_07440 [Aphanomyces invadans]
Pcub-MSU1_013_000152.1	XP_009839931.1	46.5	71	184	279	1.12e-09	60.8	38.6	112090	Oomycota	Aphanomyces	Aphanomyces astaci	XP_009839931.1 hypothetical protein H257_13934 [Aphanomyces astaci]
Pcub-MSU1_013_000152.1	RHY02056.1	46.5	71	184	304	1.28e-09	60.8	38.6	112090	Oomycota	Aphanomyces	Aphanomyces astaci	RHY02056.1 hypothetical protein DYB25_010867, partial [Aphanomyces astaci]
Pcub-MSU1_013_000152.1	RQM27279.1	46.5	71	184	314	1.34e-09	60.8	38.6	112090	Oomycota	Aphanomyces	Aphanomyces astaci	RQM27279.1 hypothetical protein B5M09_008499, partial [Aphanomyces astaci]
Pcub-MSU1_013_000152.1	RHY87517.1	46.5	71	184	331	1.43e-09	60.8	38.6	112090	Oomycota	Aphanomyces	Aphanomyces astaci	RHY87517.1 hypothetical protein DYB31_016390 [Aphanomyces astaci]
Pcub-MSU1_013_000152.1	RHZ01420.1	46.5	71	184	562	1.85e-09	60.8	38.6	112090	Oomycota	Aphanomyces	Aphanomyces astaci	RHZ01420.1 hypothetical protein DYB35_003369 [Aphanomyces astaci]
Pcub-MSU1_013_000152.1	DBA03114.1	43.3	67	184	261	1.85e-09	60.1	36.4	4803	Oomycota	Lagenidium	Lagenidium giganteum	DBA03114.1 TPA: hypothetical protein N0F65_003361 [Lagenidium giganteum]
Pcub-MSU1_013_000152.1	RLN72747.1	49.2	61	184	274	3.81e-09	59.3	33.2	2483409	Oomycota	Nothophytophthora	Nothophytophthora sp. Chile5	RLN72747.1 hypothetical protein BBJ28_00016671 [Nothophytophthora sp. Chile5]
Pcub-MSU1_013_000152.1	KAF0690516.1	44.6	65	184	392	5.52e-09	59.3	35.3	120398	Oomycota	Aphanomyces	Aphanomyces stellatus	KAF0690516.1 hypothetical protein As57867_018044 [Aphanomyces stellatus]
Pcub-MSU1_013_000152.1	KAJ0407272.1	41.8	67	184	261	8.97e-09	58.2	36.4	114742	Oomycota	Pythium	Pythium insidiosum	KAJ0407272.1 hypothetical protein P43SY_008047 [Pythium insidiosum]
Pcub-MSU1_013_000152.1	KAH9127678.1	41.8	67	184	279	1.37e-08	57.8	36.4	100861	Oomycota	Aphanomyces	Aphanomyces euteiches	KAH9127678.1 hypothetical protein AeMF1_002064 [Aphanomyces euteiches]
Pcub-MSU1_013_000152.1	KAF0722303.1	41.8	67	184	279	1.37e-08	57.8	36.4	100861	Oomycota	Aphanomyces	Aphanomyces euteiches	KAF0722303.1 hypothetical protein Ae201684_018519 [Aphanomyces euteiches]
Pcub-MSU1_013_000152.1	KAH9092419.1	41.8	67	184	279	1.37e-08	57.8	36.4	100861	Oomycota	Aphanomyces	Aphanomyces euteiches	KAH9092419.1 hypothetical protein LEN26_018412 [Aphanomyces euteiches]
Pcub-MSU1_013_000152.1	KAJ0411403.1	41.8	67	184	261	3.15e-08	56.6	36.4	114742	Oomycota	Pythium	Pythium insidiosum	KAJ0411403.1 hypothetical protein ATCC90586_004389 [Pythium insidiosum]
Pcub-MSU1_013_000152.1	TMW66660.1	41.8	67	184	261	3.15e-08	56.6	36.4	41045	Oomycota	Pythium	Pythium oligandrum	TMW66660.1 hypothetical protein Poli38472_013972 [Pythium oligandrum]
Pcub-MSU1_013_000152.1	KAG9403680.1	41.8	67	184	275	6.37e-08	55.8	36.4	112091	Oomycota	Aphanomyces	Aphanomyces cochlioides	KAG9403680.1 Lathosterol oxidase [Aphanomyces cochlioides]
Pcub-MSU1_013_000152.1	KAF4038914.1	43.3	67	184	264	8.20e-08	55.5	36.4	4787	Oomycota	Phytophthora	Phytophthora infestans	KAF4038914.1 Fatty acid hydroxylase superfamily [Phytophthora infestans]
Pcub-MSU1_013_000152.1	KAI9996034.1	43.3	67	184	264	8.20e-08	55.5	36.4	4787	Oomycota	Phytophthora	Phytophthora infestans	KAI9996034.1 hypothetical protein PInf_013212 [Phytophthora infestans]
Pcub-MSU1_013_000153.1	XP_012213374.1	53.7	67	184	272	1.32e-12	68.9	36.4	695850	Oomycota	Saprolegnia	Saprolegnia parasitica	XP_012213374.1 hypothetical protein SPRG_18544 [Saprolegnia parasitica CBS 223.65]
Pcub-MSU1_013_000153.1	XP_012206366.1	52.2	67	184	270	3.39e-12	67.8	36.4	695850	Oomycota	Saprolegnia	Saprolegnia parasitica	XP_012206366.1 hypothetical protein SPRG_11773 [Saprolegnia parasitica CBS 223.65]
Pcub-MSU1_013_000153.1	XP_008619546.1	50.7	67	184	278	5.03e-12	67.4	36.4	1156394	Oomycota	Saprolegnia	Saprolegnia diclina	XP_008619546.1 lathosterol oxidase [Saprolegnia diclina VS20]
Pcub-MSU1_013_000153.1	OQR92105.1	50.7	67	184	278	2.48e-11	65.5	36.4	1202772	Oomycota	Achlya	Achlya hypogyna	OQR92105.1 sterol-C5-desaturase [Achlya hypogyna]
Pcub-MSU1_013_000153.1	OQR92172.1	46.3	67	184	279	5.95e-10	61.6	36.4	74557	Oomycota	Thraustotheca	Thraustotheca clavata	OQR92172.1 sterol-C5-desaturase [Thraustotheca clavata]
Pcub-MSU1_013_000153.1	RHY25242.1	49.3	71	184	279	5.95e-10	61.6	38.6	157072	Oomycota	Aphanomyces	Aphanomyces invadans	RHY25242.1 hypothetical protein DYB32_008439 [Aphanomyces invadans]
Pcub-MSU1_013_000153.1	DBA03113.1	40.3	67	184	267	7.50e-10	61.2	36.4	4803	Oomycota	Lagenidium	Lagenidium giganteum	DBA03113.1 TPA: hypothetical protein N0F65_003360 [Lagenidium giganteum]
Pcub-MSU1_013_000153.1	XP_008871409.1	49.3	71	184	279	8.16e-10	61.2	38.6	157072	Oomycota	Aphanomyces	Aphanomyces invadans	XP_008871409.1 hypothetical protein H310_07440 [Aphanomyces invadans]
Pcub-MSU1_013_000153.1	XP_009839931.1	46.5	71	184	279	1.12e-09	60.8	38.6	112090	Oomycota	Aphanomyces	Aphanomyces astaci	XP_009839931.1 hypothetical protein H257_13934 [Aphanomyces astaci]
Pcub-MSU1_013_000153.1	RHY02056.1	46.5	71	184	304	1.28e-09	60.8	38.6	112090	Oomycota	Aphanomyces	Aphanomyces astaci	RHY02056.1 hypothetical protein DYB25_010867, partial [Aphanomyces astaci]
Pcub-MSU1_013_000153.1	RQM27279.1	46.5	71	184	314	1.34e-09	60.8	38.6	112090	Oomycota	Aphanomyces	Aphanomyces astaci	RQM27279.1 hypothetical protein B5M09_008499, partial [Aphanomyces astaci]
Pcub-MSU1_013_000153.1	RHY87517.1	46.5	71	184	331	1.43e-09	60.8	38.6	112090	Oomycota	Aphanomyces	Aphanomyces astaci	RHY87517.1 hypothetical protein DYB31_016390 [Aphanomyces astaci]
Pcub-MSU1_013_000153.1	RHZ01420.1	46.5	71	184	562	1.85e-09	60.8	38.6	112090	Oomycota	Aphanomyces	Aphanomyces astaci	RHZ01420.1 hypothetical protein DYB35_003369 [Aphanomyces astaci]
Pcub-MSU1_013_000153.1	DBA03114.1	43.3	67	184	261	1.85e-09	60.1	36.4	4803	Oomycota	Lagenidium	Lagenidium giganteum	DBA03114.1 TPA: hypothetical protein N0F65_003361 [Lagenidium giganteum]
Pcub-MSU1_013_000153.1	RLN72747.1	49.2	61	184	274	3.81e-09	59.3	33.2	2483409	Oomycota	Nothophytophthora	Nothophytophthora sp. Chile5	RLN72747.1 hypothetical protein BBJ28_00016671 [Nothophytophthora sp. Chile5]
Pcub-MSU1_013_000153.1	KAF0690516.1	44.6	65	184	392	5.52e-09	59.3	35.3	120398	Oomycota	Aphanomyces	Aphanomyces stellatus	KAF0690516.1 hypothetical protein As57867_018044 [Aphanomyces stellatus]
Pcub-MSU1_013_000153.1	KAJ0407272.1	41.8	67	184	261	8.97e-09	58.2	36.4	114742	Oomycota	Pythium	Pythium insidiosum	KAJ0407272.1 hypothetical protein P43SY_008047 [Pythium insidiosum]
Pcub-MSU1_013_000153.1	KAH9127678.1	41.8	67	184	279	1.37e-08	57.8	36.4	100861	Oomycota	Aphanomyces	Aphanomyces euteiches	KAH9127678.1 hypothetical protein AeMF1_002064 [Aphanomyces euteiches]
Pcub-MSU1_013_000153.1	KAF0722303.1	41.8	67	184	279	1.37e-08	57.8	36.4	100861	Oomycota	Aphanomyces	Aphanomyces euteiches	KAF0722303.1 hypothetical protein Ae201684_018519 [Aphanomyces euteiches]
Pcub-MSU1_013_000153.1	KAH9092419.1	41.8	67	184	279	1.37e-08	57.8	36.4	100861	Oomycota	Aphanomyces	Aphanomyces euteiches	KAH9092419.1 hypothetical protein LEN26_018412 [Aphanomyces euteiches]
Pcub-MSU1_013_000153.1	KAJ0411403.1	41.8	67	184	261	3.15e-08	56.6	36.4	114742	Oomycota	Pythium	Pythium insidiosum	KAJ0411403.1 hypothetical protein ATCC90586_004389 [Pythium insidiosum]
Pcub-MSU1_013_000153.1	TMW66660.1	41.8	67	184	261	3.15e-08	56.6	36.4	41045	Oomycota	Pythium	Pythium oligandrum	TMW66660.1 hypothetical protein Poli38472_013972 [Pythium oligandrum]
Pcub-MSU1_013_000153.1	KAG9403680.1	41.8	67	184	275	6.37e-08	55.8	36.4	112091	Oomycota	Aphanomyces	Aphanomyces cochlioides	KAG9403680.1 Lathosterol oxidase [Aphanomyces cochlioides]
Pcub-MSU1_013_000153.1	KAF4038914.1	43.3	67	184	264	8.20e-08	55.5	36.4	4787	Oomycota	Phytophthora	Phytophthora infestans	KAF4038914.1 Fatty acid hydroxylase superfamily [Phytophthora infestans]
Pcub-MSU1_013_000153.1	KAI9996034.1	43.3	67	184	264	8.20e-08	55.5	36.4	4787	Oomycota	Phytophthora	Phytophthora infestans	KAI9996034.1 hypothetical protein PInf_013212 [Phytophthora infestans]
Pcub-MSU1_013_000154.1	XP_012213374.1	53.7	67	184	272	1.82e-12	68.6	36.4	695850	Oomycota	Saprolegnia	Saprolegnia parasitica	XP_012213374.1 hypothetical protein SPRG_18544 [Saprolegnia parasitica CBS 223.65]
Pcub-MSU1_013_000154.1	XP_012206366.1	52.2	67	184	270	4.68e-12	67.4	36.4	695850	Oomycota	Saprolegnia	Saprolegnia parasitica	XP_012206366.1 hypothetical protein SPRG_11773 [Saprolegnia parasitica CBS 223.65]
Pcub-MSU1_013_000154.1	XP_008619546.1	50.7	67	184	278	6.93e-12	67.0	36.4	1156394	Oomycota	Saprolegnia	Saprolegnia diclina	XP_008619546.1 lathosterol oxidase [Saprolegnia diclina VS20]
Pcub-MSU1_013_000154.1	OQR92105.1	50.7	67	184	278	3.41e-11	65.1	36.4	1202772	Oomycota	Achlya	Achlya hypogyna	OQR92105.1 sterol-C5-desaturase [Achlya hypogyna]
Pcub-MSU1_013_000154.1	OQR92172.1	45.1	71	184	279	5.95e-10	61.6	38.6	74557	Oomycota	Thraustotheca	Thraustotheca clavata	OQR92172.1 sterol-C5-desaturase [Thraustotheca clavata]
Pcub-MSU1_013_000154.1	DBA03113.1	38.6	70	184	267	7.50e-10	61.2	38.0	4803	Oomycota	Lagenidium	Lagenidium giganteum	DBA03113.1 TPA: hypothetical protein N0F65_003360 [Lagenidium giganteum]
Pcub-MSU1_013_000154.1	RLN72747.1	45.7	70	184	274	1.08e-09	60.8	38.0	2483409	Oomycota	Nothophytophthora	Nothophytophthora sp. Chile5	RLN72747.1 hypothetical protein BBJ28_00016671 [Nothophytophthora sp. Chile5]
Pcub-MSU1_013_000154.1	RHY25242.1	49.3	71	184	279	1.12e-09	60.8	38.6	157072	Oomycota	Aphanomyces	Aphanomyces invadans	RHY25242.1 hypothetical protein DYB32_008439 [Aphanomyces invadans]
Pcub-MSU1_013_000154.1	XP_008871409.1	49.3	71	184	279	1.53e-09	60.5	38.6	157072	Oomycota	Aphanomyces	Aphanomyces invadans	XP_008871409.1 hypothetical protein H310_07440 [Aphanomyces invadans]
Pcub-MSU1_013_000154.1	DBA03114.1	41.4	70	184	261	1.85e-09	60.1	38.0	4803	Oomycota	Lagenidium	Lagenidium giganteum	DBA03114.1 TPA: hypothetical protein N0F65_003361 [Lagenidium giganteum]
Pcub-MSU1_013_000154.1	XP_009839931.1	46.5	71	184	279	2.10e-09	60.1	38.6	112090	Oomycota	Aphanomyces	Aphanomyces astaci	XP_009839931.1 hypothetical protein H257_13934 [Aphanomyces astaci]
Pcub-MSU1_013_000154.1	RHY02056.1	46.5	71	184	304	2.39e-09	60.1	38.6	112090	Oomycota	Aphanomyces	Aphanomyces astaci	RHY02056.1 hypothetical protein DYB25_010867, partial [Aphanomyces astaci]
Pcub-MSU1_013_000154.1	RQM27279.1	46.5	71	184	314	2.49e-09	60.1	38.6	112090	Oomycota	Aphanomyces	Aphanomyces astaci	RQM27279.1 hypothetical protein B5M09_008499, partial [Aphanomyces astaci]
Pcub-MSU1_013_000154.1	KAJ0407272.1	41.4	70	184	261	2.54e-09	59.7	38.0	114742	Oomycota	Pythium	Pythium insidiosum	KAJ0407272.1 hypothetical protein P43SY_008047 [Pythium insidiosum]
Pcub-MSU1_013_000154.1	RHY87517.1	46.5	71	184	331	2.64e-09	60.1	38.6	112090	Oomycota	Aphanomyces	Aphanomyces astaci	RHY87517.1 hypothetical protein DYB31_016390 [Aphanomyces astaci]
Pcub-MSU1_013_000154.1	RHZ01420.1	46.5	71	184	562	3.39e-09	60.1	38.6	112090	Oomycota	Aphanomyces	Aphanomyces astaci	RHZ01420.1 hypothetical protein DYB35_003369 [Aphanomyces astaci]
Pcub-MSU1_013_000154.1	KAJ0411403.1	41.4	70	184	261	8.97e-09	58.2	38.0	114742	Oomycota	Pythium	Pythium insidiosum	KAJ0411403.1 hypothetical protein ATCC90586_004389 [Pythium insidiosum]
Pcub-MSU1_013_000154.1	TMW66660.1	41.4	70	184	261	8.97e-09	58.2	38.0	41045	Oomycota	Pythium	Pythium oligandrum	TMW66660.1 hypothetical protein Poli38472_013972 [Pythium oligandrum]
Pcub-MSU1_013_000154.1	KAF0690516.1	44.6	65	184	392	1.02e-08	58.5	35.3	120398	Oomycota	Aphanomyces	Aphanomyces stellatus	KAF0690516.1 hypothetical protein As57867_018044 [Aphanomyces stellatus]
Pcub-MSU1_013_000154.1	KAH9127678.1	41.8	67	184	279	1.87e-08	57.4	36.4	100861	Oomycota	Aphanomyces	Aphanomyces euteiches	KAH9127678.1 hypothetical protein AeMF1_002064 [Aphanomyces euteiches]
Pcub-MSU1_013_000154.1	KAF0722303.1	41.8	67	184	279	1.87e-08	57.4	36.4	100861	Oomycota	Aphanomyces	Aphanomyces euteiches	KAF0722303.1 hypothetical protein Ae201684_018519 [Aphanomyces euteiches]
Pcub-MSU1_013_000154.1	KAH9092419.1	41.8	67	184	279	1.87e-08	57.4	36.4	100861	Oomycota	Aphanomyces	Aphanomyces euteiches	KAH9092419.1 hypothetical protein LEN26_018412 [Aphanomyces euteiches]
Pcub-MSU1_013_000154.1	KAF4038914.1	42.9	70	184	264	2.35e-08	57.0	38.0	4787	Oomycota	Phytophthora	Phytophthora infestans	KAF4038914.1 Fatty acid hydroxylase superfamily [Phytophthora infestans]
Pcub-MSU1_013_000154.1	KAI9996034.1	42.9	70	184	264	2.35e-08	57.0	38.0	4787	Oomycota	Phytophthora	Phytophthora infestans	KAI9996034.1 hypothetical protein PInf_013212 [Phytophthora infestans]
Pcub-MSU1_013_000154.1	XP_002894944.1	42.9	70	184	275	2.50e-08	57.0	38.0	403677	Oomycota	Phytophthora	Phytophthora infestans	XP_002894944.1 C-5 sterol desaturase, putative [Phytophthora infestans T30-4]
Pcub-MSU1_013_000155.1	XP_012213374.1	53.7	67	184	272	1.82e-12	68.6	36.4	695850	Oomycota	Saprolegnia	Saprolegnia parasitica	XP_012213374.1 hypothetical protein SPRG_18544 [Saprolegnia parasitica CBS 223.65]
Pcub-MSU1_013_000155.1	XP_012206366.1	52.2	67	184	270	4.68e-12	67.4	36.4	695850	Oomycota	Saprolegnia	Saprolegnia parasitica	XP_012206366.1 hypothetical protein SPRG_11773 [Saprolegnia parasitica CBS 223.65]
Pcub-MSU1_013_000155.1	XP_008619546.1	50.7	67	184	278	6.93e-12	67.0	36.4	1156394	Oomycota	Saprolegnia	Saprolegnia diclina	XP_008619546.1 lathosterol oxidase [Saprolegnia diclina VS20]
Pcub-MSU1_013_000155.1	OQR92105.1	50.7	67	184	278	3.41e-11	65.1	36.4	1202772	Oomycota	Achlya	Achlya hypogyna	OQR92105.1 sterol-C5-desaturase [Achlya hypogyna]
Pcub-MSU1_013_000155.1	OQR92172.1	49.2	61	184	279	8.16e-10	61.2	33.2	74557	Oomycota	Thraustotheca	Thraustotheca clavata	OQR92172.1 sterol-C5-desaturase [Thraustotheca clavata]
Pcub-MSU1_013_000155.1	RHY25242.1	50.7	67	184	279	8.16e-10	61.2	36.4	157072	Oomycota	Aphanomyces	Aphanomyces invadans	RHY25242.1 hypothetical protein DYB32_008439 [Aphanomyces invadans]
Pcub-MSU1_013_000155.1	DBA03113.1	40.3	67	184	267	1.03e-09	60.8	36.4	4803	Oomycota	Lagenidium	Lagenidium giganteum	DBA03113.1 TPA: hypothetical protein N0F65_003360 [Lagenidium giganteum]
Pcub-MSU1_013_000155.1	XP_008871409.1	50.7	67	184	279	1.12e-09	60.8	36.4	157072	Oomycota	Aphanomyces	Aphanomyces invadans	XP_008871409.1 hypothetical protein H310_07440 [Aphanomyces invadans]
Pcub-MSU1_013_000155.1	XP_009839931.1	47.8	67	184	279	1.53e-09	60.5	36.4	112090	Oomycota	Aphanomyces	Aphanomyces astaci	XP_009839931.1 hypothetical protein H257_13934 [Aphanomyces astaci]
Pcub-MSU1_013_000155.1	RHY02056.1	47.8	67	184	304	1.75e-09	60.5	36.4	112090	Oomycota	Aphanomyces	Aphanomyces astaci	RHY02056.1 hypothetical protein DYB25_010867, partial [Aphanomyces astaci]
Pcub-MSU1_013_000155.1	RQM27279.1	47.8	67	184	314	1.83e-09	60.5	36.4	112090	Oomycota	Aphanomyces	Aphanomyces astaci	RQM27279.1 hypothetical protein B5M09_008499, partial [Aphanomyces astaci]
Pcub-MSU1_013_000155.1	RHY87517.1	47.8	67	184	331	1.94e-09	60.5	36.4	112090	Oomycota	Aphanomyces	Aphanomyces astaci	RHY87517.1 hypothetical protein DYB31_016390 [Aphanomyces astaci]
Pcub-MSU1_013_000155.1	RHZ01420.1	47.8	67	184	562	2.50e-09	60.5	36.4	112090	Oomycota	Aphanomyces	Aphanomyces astaci	RHZ01420.1 hypothetical protein DYB35_003369 [Aphanomyces astaci]
Pcub-MSU1_013_000155.1	DBA03114.1	43.3	67	184	261	2.54e-09	59.7	36.4	4803	Oomycota	Lagenidium	Lagenidium giganteum	DBA03114.1 TPA: hypothetical protein N0F65_003361 [Lagenidium giganteum]
Pcub-MSU1_013_000155.1	RLN72747.1	49.2	61	184	274	5.21e-09	58.9	33.2	2483409	Oomycota	Nothophytophthora	Nothophytophthora sp. Chile5	RLN72747.1 hypothetical protein BBJ28_00016671 [Nothophytophthora sp. Chile5]
Pcub-MSU1_013_000155.1	KAF0690516.1	44.6	65	184	392	5.52e-09	59.3	35.3	120398	Oomycota	Aphanomyces	Aphanomyces stellatus	KAF0690516.1 hypothetical protein As57867_018044 [Aphanomyces stellatus]
Pcub-MSU1_013_000155.1	KAJ0407272.1	41.8	67	184	261	1.23e-08	57.8	36.4	114742	Oomycota	Pythium	Pythium insidiosum	KAJ0407272.1 hypothetical protein P43SY_008047 [Pythium insidiosum]
Pcub-MSU1_013_000155.1	KAH9127678.1	44.3	61	184	279	1.87e-08	57.4	33.2	100861	Oomycota	Aphanomyces	Aphanomyces euteiches	KAH9127678.1 hypothetical protein AeMF1_002064 [Aphanomyces euteiches]
Pcub-MSU1_013_000155.1	KAF0722303.1	44.3	61	184	279	1.87e-08	57.4	33.2	100861	Oomycota	Aphanomyces	Aphanomyces euteiches	KAF0722303.1 hypothetical protein Ae201684_018519 [Aphanomyces euteiches]
Pcub-MSU1_013_000155.1	KAH9092419.1	44.3	61	184	279	1.87e-08	57.4	33.2	100861	Oomycota	Aphanomyces	Aphanomyces euteiches	KAH9092419.1 hypothetical protein LEN26_018412 [Aphanomyces euteiches]
Pcub-MSU1_013_000155.1	KAJ0411403.1	41.8	67	184	261	4.31e-08	56.2	36.4	114742	Oomycota	Pythium	Pythium insidiosum	KAJ0411403.1 hypothetical protein ATCC90586_004389 [Pythium insidiosum]
Pcub-MSU1_013_000155.1	TMW66660.1	41.8	67	184	261	4.31e-08	56.2	36.4	41045	Oomycota	Pythium	Pythium oligandrum	TMW66660.1 hypothetical protein Poli38472_013972 [Pythium oligandrum]
Pcub-MSU1_013_000155.1	KAG9403680.1	44.3	61	184	275	8.70e-08	55.5	33.2	112091	Oomycota	Aphanomyces	Aphanomyces cochlioides	KAG9403680.1 Lathosterol oxidase [Aphanomyces cochlioides]
Pcub-MSU1_013_000155.1	KAF4038914.1	43.3	67	184	264	1.12e-07	55.1	36.4	4787	Oomycota	Phytophthora	Phytophthora infestans	KAF4038914.1 Fatty acid hydroxylase superfamily [Phytophthora infestans]
Pcub-MSU1_013_000155.1	KAI9996034.1	43.3	67	184	264	1.12e-07	55.1	36.4	4787	Oomycota	Phytophthora	Phytophthora infestans	KAI9996034.1 hypothetical protein PInf_013212 [Phytophthora infestans]
Pcub-MSU1_013_000452.1	ETP24089.1	38.6	70	288	190	8.46e-06	50.4	24.0	1317063	Oomycota	Phytophthora	Phytophthora nicotianae	ETP24089.1 hypothetical protein F441_02859 [Phytophthora nicotianae CJ01A1]
Pcub-MSU1_013_000452.1	ETL47522.1	38.6	70	288	190	8.46e-06	50.4	24.0	4792	Oomycota	Phytophthora	Phytophthora nicotianae	ETL47522.1 hypothetical protein L916_02734 [Phytophthora nicotianae]
Pcub-SC1982_008_000412.1	RMX66992.1	82.5	297	293	298	9.57e-157	443	99.7	542832	Oomycota	Peronospora	Peronospora effusa	RMX66992.1 hypothetical protein DD238_001635 [Peronospora effusa]
Pcub-SC1982_008_000412.1	CAI5736053.1	82.4	296	293	297	3.07e-155	439	99.7	86335	Oomycota	Peronospora	Peronospora destructor	CAI5736053.1 unnamed protein product [Peronospora destructor]
Pcub-SC1982_008_000412.1	CAH0485892.1	81.5	297	293	298	2.14e-153	434	99.7	134698	Oomycota	Peronospora	Peronospora farinosa	CAH0485892.1 unnamed protein product [Peronospora farinosa]
Pcub-SC1982_008_000412.1	KAE8898300.1	82.2	275	293	296	4.90e-147	418	93.9	53985	Oomycota	Phytophthora	Phytophthora fragariae	KAE8898300.1 hypothetical protein PF003_g17719 [Phytophthora fragariae]
Pcub-SC1982_008_000412.1	KAG6960146.1	84.5	264	293	282	1.72e-146	416	90.1	2496075	Oomycota	Phytophthora	Phytophthora aleatoria	KAG6960146.1 hypothetical protein JG688_00009740 [Phytophthora aleatoria]
Pcub-SC1982_008_000412.1	KAE9333790.1	81.8	275	293	296	1.99e-146	417	93.9	53985	Oomycota	Phytophthora	Phytophthora fragariae	KAE9333790.1 hypothetical protein PF008_g14275 [Phytophthora fragariae]
Pcub-SC1982_008_000412.1	OWZ15992.1	81.8	269	293	286	3.27e-145	413	91.8	4795	Oomycota	Phytophthora	Phytophthora megakarya	OWZ15992.1 SNARE associated Golgi protein [Phytophthora megakarya]
Pcub-SC1982_008_000412.1	XP_009536123.1	83.6	262	293	265	1.27e-144	411	89.4	67593	Oomycota	Phytophthora	Phytophthora sojae	XP_009536123.1 hypothetical protein PHYSODRAFT_419340, partial [Phytophthora sojae]
Pcub-SC1982_008_000412.1	KAG2782956.1	83.0	264	293	282	2.32e-144	411	90.1	29920	Oomycota	Phytophthora	Phytophthora cactorum	KAG2782956.1 hypothetical protein Pcac1_g7481 [Phytophthora cactorum]
Pcub-SC1982_008_000412.1	XP_002906043.1	83.7	263	293	282	2.32e-144	411	89.8	4787;403677	Oomycota	Phytophthora	Phytophthora infestans	XP_002906043.1 SNARE associated Golgi protein, putative [Phytophthora infestans T30-4]
Pcub-SC1982_008_000412.1	KAI9985258.1	83.3	263	293	282	9.42e-144	409	89.8	4787	Oomycota	Phytophthora	Phytophthora infestans	KAI9985258.1 hypothetical protein PInf_004584 [Phytophthora infestans]
Pcub-SC1982_008_000412.1	KAG3117786.1	82.6	264	293	282	1.34e-143	409	90.1	53986	Oomycota	Phytophthora	Phytophthora idaei	KAG3117786.1 hypothetical protein PI125_g3440 [Phytophthora idaei]
Pcub-SC1982_008_000412.1	KAG6612053.1	84.4	257	293	295	2.12e-143	409	87.7	4785	Oomycota	Phytophthora	Phytophthora cinnamomi	KAG6612053.1 SNARE associated Golgi protein [Phytophthora cinnamomi]
Pcub-SC1982_008_000412.1	KAH7487666.1	80.8	271	293	293	6.56e-142	405	92.5	164328	Oomycota	Phytophthora	Phytophthora ramorum	KAH7487666.1 Transmembrane protein 41A-A [Phytophthora ramorum]
Pcub-SC1982_008_000412.1	KAG7397990.1	75.8	293	293	286	1.03e-141	404	100	109152	Oomycota	Phytophthora	Phytophthora boehmeriae	KAG7397990.1 Transmembrane protein 41A [Phytophthora boehmeriae]
Pcub-SC1982_008_000412.1	ETI54308.1	81.7	268	293	277	6.14e-141	402	91.5	1317065	Oomycota	Phytophthora	Phytophthora nicotianae	ETI54308.1 hypothetical protein F443_02850 [Phytophthora nicotianae P1569]
Pcub-SC1982_008_000412.1	ETL47552.1	81.7	268	293	277	8.71e-141	402	91.5	4792	Oomycota	Phytophthora	Phytophthora nicotianae	ETL47552.1 hypothetical protein L916_02710 [Phytophthora nicotianae]
Pcub-SC1982_008_000412.1	XP_008900046.1	81.7	268	293	277	1.24e-140	401	91.5	761204	Oomycota	Phytophthora	Phytophthora nicotianae	XP_008900046.1 hypothetical protein PPTG_07523 [Phytophthora nicotianae INRA-310]
Pcub-SC1982_008_000412.1	ETM53825.1	81.3	268	293	277	2.49e-140	400	91.5	4792	Oomycota	Phytophthora	Phytophthora nicotianae	ETM53825.1 hypothetical protein L914_02730 [Phytophthora nicotianae]
Pcub-SC1982_008_000412.1	ETM00644.1	81.3	268	293	277	3.54e-140	400	91.5	4792	Oomycota	Phytophthora	Phytophthora nicotianae	ETM00644.1 hypothetical protein L917_02648 [Phytophthora nicotianae]
Pcub-SC1982_008_000412.1	ETK94160.1	81.3	268	293	277	3.54e-140	400	91.5	4792	Oomycota	Phytophthora	Phytophthora nicotianae	ETK94160.1 hypothetical protein L915_02736 [Phytophthora nicotianae]
Pcub-SC1982_008_000412.1	ETO83059.1	81.3	268	293	277	3.54e-140	400	91.5	1317063;1317066	Oomycota	Phytophthora	Phytophthora nicotianae	ETO83059.1 hypothetical protein F444_02861 [Phytophthora nicotianae P1976]
Pcub-SC1982_008_000412.1	KAG1685434.1	80.5	262	293	282	2.43e-139	398	89.4	4784	Oomycota	Phytophthora	Phytophthora capsici	KAG1685434.1 hypothetical protein DVH05_008372 [Phytophthora capsici]
Pcub-SC1982_008_000412.1	KAG1696863.1	80.2	262	293	282	3.45e-139	398	89.4	4784	Oomycota	Phytophthora	Phytophthora capsici	KAG1696863.1 hypothetical protein DVH05_017772 [Phytophthora capsici]
Pcub-SC1982_008_000412.1	RLN56210.1	76.1	285	293	295	1.10e-138	397	97.3	325452	Oomycota	Phytophthora	Phytophthora kernoviae	RLN56210.1 hypothetical protein BBP00_00008119 [Phytophthora kernoviae]
Pcub-SC1982_008_000411.1	KAE8936502.1	60.8	74	76	174	3.19e-23	90.9	97.4	53985	Oomycota	Phytophthora	Phytophthora fragariae	KAE8936502.1 hypothetical protein PF009_g13573 [Phytophthora fragariae]
Pcub-SC1982_008_000411.1	KAE9315424.1	60.8	74	76	191	4.76e-23	90.9	97.4	53985	Oomycota	Phytophthora	Phytophthora fragariae	KAE9315424.1 hypothetical protein PF008_g19250 [Phytophthora fragariae]
Pcub-SC1982_008_000411.1	KAE8880292.1	60.8	74	76	191	4.76e-23	90.9	97.4	53985	Oomycota	Phytophthora	Phytophthora fragariae	KAE8880292.1 hypothetical protein PF003_g35714 [Phytophthora fragariae]
Pcub-SC1982_008_000411.1	KAE8885789.1	59.5	74	76	188	8.86e-23	90.1	97.4	53985	Oomycota	Phytophthora	Phytophthora fragariae	KAE8885789.1 hypothetical protein PF003_g30160 [Phytophthora fragariae]
Pcub-SC1982_008_000411.1	GMF43906.1	57.9	76	76	133	2.60e-22	87.4	100	1490495	Oomycota	Phytophthora	Phytophthora fragariaefolia	GMF43906.1 unnamed protein product [Phytophthora fragariaefolia]
Pcub-SC1982_008_000411.1	GMG16978.1	58.1	74	76	174	1.44e-21	86.7	97.4	1490495	Oomycota	Phytophthora	Phytophthora fragariaefolia	GMG16978.1 unnamed protein product [Phytophthora fragariaefolia]
Pcub-SC1982_008_000411.1	KAE9112541.1	59.5	74	76	373	1.57e-21	90.1	97.4	53985	Oomycota	Phytophthora	Phytophthora fragariae	KAE9112541.1 hypothetical protein PF010_g10412 [Phytophthora fragariae]
Pcub-SC1982_008_000411.1	KAE9344078.1	59.5	74	76	373	1.57e-21	90.1	97.4	53985	Oomycota	Phytophthora	Phytophthora fragariae	KAE9344078.1 hypothetical protein PF008_g9395 [Phytophthora fragariae]
Pcub-SC1982_008_000411.1	KAK1935651.1	55.4	74	76	202	2.69e-21	86.7	97.4	4793	Oomycota	Phytophthora	Phytophthora citrophthora	KAK1935651.1 hypothetical protein P3T76_010346 [Phytophthora citrophthora]
Pcub-SC1982_008_000411.1	GMF18153.1	54.1	74	76	157	7.70e-21	84.3	97.4	2077276	Oomycota	Phytophthora	Phytophthora lilii	GMF18153.1 unnamed protein product [Phytophthora lilii]
Pcub-SC1982_008_000411.1	GMF13643.1	55.4	74	76	262	1.61e-20	85.9	97.4	2077276	Oomycota	Phytophthora	Phytophthora lilii	GMF13643.1 unnamed protein product [Phytophthora lilii]
Pcub-SC1982_008_000411.1	KAK1929780.1	55.4	74	76	422	2.07e-20	87.4	97.4	4793	Oomycota	Phytophthora	Phytophthora citrophthora	KAK1929780.1 Gag-Pol polyprotein [Phytophthora citrophthora]
Pcub-SC1982_008_000411.1	GMG16209.1	59.5	74	76	1173	2.85e-20	87.4	97.4	1490495	Oomycota	Phytophthora	Phytophthora fragariaefolia	GMG16209.1 unnamed protein product [Phytophthora fragariaefolia]
Pcub-SC1982_008_000411.1	KAE9034915.1	58.9	73	76	373	5.66e-20	85.9	96.1	129364	Oomycota	Phytophthora	Phytophthora rubi	KAE9034915.1 hypothetical protein PR002_g7864 [Phytophthora rubi]
Pcub-SC1982_008_000411.1	KAE9180667.1	54.1	74	76	849	1.34e-19	85.5	97.4	53985	Oomycota	Phytophthora	Phytophthora fragariae	KAE9180667.1 hypothetical protein PF004_g24771 [Phytophthora fragariae]
Pcub-SC1982_008_000411.1	KAE9293045.1	54.1	74	76	895	1.35e-19	85.5	97.4	53985	Oomycota	Phytophthora	Phytophthora fragariae	KAE9293045.1 hypothetical protein PF008_g24906 [Phytophthora fragariae]
Pcub-SC1982_008_000411.1	KAE8909345.1	54.1	74	76	895	1.35e-19	85.5	97.4	53985	Oomycota	Phytophthora	Phytophthora fragariae	KAE8909345.1 hypothetical protein PF003_g6753 [Phytophthora fragariae]
Pcub-SC1982_008_000411.1	KAE8972393.1	54.1	74	76	895	1.35e-19	85.5	97.4	53985	Oomycota	Phytophthora	Phytophthora fragariae	KAE8972393.1 hypothetical protein PF011_g25654 [Phytophthora fragariae]
Pcub-SC1982_008_000411.1	KAJ0392800.1	50.0	74	76	787	6.36e-19	83.6	97.4	114742	Oomycota	Pythium	Pythium insidiosum	KAJ0392800.1 hypothetical protein ATCC90586_000007 [Pythium insidiosum]
Pcub-SC1982_008_000411.1	KAE8969903.1	52.7	74	76	1091	1.20e-18	82.8	97.4	129364	Oomycota	Phytophthora	Phytophthora rubi	KAE8969903.1 hypothetical protein PR001_g27363, partial [Phytophthora rubi]
Pcub-SC1982_008_000411.1	KAE8990619.1	52.7	74	76	1092	1.20e-18	82.8	97.4	129364	Oomycota	Phytophthora	Phytophthora rubi	KAE8990619.1 hypothetical protein PR002_g21105 [Phytophthora rubi]
Pcub-SC1982_008_000411.1	KAJ0393400.1	50.7	69	76	1497	4.19e-18	81.3	90.8	114742	Oomycota	Pythium	Pythium insidiosum	KAJ0393400.1 hypothetical protein ATCC90586_004654 [Pythium insidiosum]
Pcub-SC1982_008_000411.1	GMF23687.1	51.4	74	76	430	8.34e-17	77.4	97.4	2077276	Oomycota	Phytophthora	Phytophthora lilii	GMF23687.1 unnamed protein product [Phytophthora lilii]
Pcub-SC1982_008_000411.1	DAZ94213.1	47.2	72	76	515	1.11e-15	74.3	94.7	4803	Oomycota	Lagenidium	Lagenidium giganteum	DAZ94213.1 TPA: hypothetical protein N0F65_001063 [Lagenidium giganteum]
Pcub-SC1982_008_000411.1	XP_009526321.1	48.6	70	76	174	1.99e-15	70.9	92.1	67593	Oomycota	Phytophthora	Phytophthora sojae	XP_009526321.1 hypothetical protein PHYSODRAFT_503830 [Phytophthora sojae]
Pcub-SC1982_008_000407.1	KAG4221181.1	68.4	136	215	143	4.95e-68	209	63.3	29920	Oomycota	Phytophthora	Phytophthora cactorum	KAG4221181.1 hypothetical protein PC116_g30342 [Phytophthora cactorum]
Pcub-SC1982_008_000407.1	XP_008619546.1	54.8	177	215	278	2.58e-66	209	78.6	1156394	Oomycota	Saprolegnia	Saprolegnia diclina	XP_008619546.1 lathosterol oxidase [Saprolegnia diclina VS20]
Pcub-SC1982_008_000407.1	RHY25242.1	54.4	182	215	279	5.34e-66	209	80.9	157072	Oomycota	Aphanomyces	Aphanomyces invadans	RHY25242.1 hypothetical protein DYB32_008439 [Aphanomyces invadans]
Pcub-SC1982_008_000407.1	XP_008871409.1	54.2	177	215	279	1.52e-65	207	78.6	157072	Oomycota	Aphanomyces	Aphanomyces invadans	XP_008871409.1 hypothetical protein H310_07440 [Aphanomyces invadans]
Pcub-SC1982_008_000407.1	OQR92105.1	53.1	177	215	278	5.91e-65	206	78.6	1202772	Oomycota	Achlya	Achlya hypogyna	OQR92105.1 sterol-C5-desaturase [Achlya hypogyna]
Pcub-SC1982_008_000407.1	KAF0722303.1	53.7	177	215	279	1.73e-64	205	78.6	100861	Oomycota	Aphanomyces	Aphanomyces euteiches	KAF0722303.1 hypothetical protein Ae201684_018519 [Aphanomyces euteiches]
Pcub-SC1982_008_000407.1	KAH9092419.1	53.7	177	215	279	1.73e-64	205	78.6	100861	Oomycota	Aphanomyces	Aphanomyces euteiches	KAH9092419.1 hypothetical protein LEN26_018412 [Aphanomyces euteiches]
Pcub-SC1982_008_000407.1	KAG9403680.1	51.6	188	215	275	2.17e-64	204	83.7	112091	Oomycota	Aphanomyces	Aphanomyces cochlioides	KAG9403680.1 Lathosterol oxidase [Aphanomyces cochlioides]
Pcub-SC1982_008_000407.1	XP_009839931.1	53.1	177	215	279	4.91e-64	204	78.6	112090	Oomycota	Aphanomyces	Aphanomyces astaci	XP_009839931.1 hypothetical protein H257_13934 [Aphanomyces astaci]
Pcub-SC1982_008_000407.1	RHY02056.1	53.1	177	215	304	1.03e-63	204	78.6	112090	Oomycota	Aphanomyces	Aphanomyces astaci	RHY02056.1 hypothetical protein DYB25_010867, partial [Aphanomyces astaci]
Pcub-SC1982_008_000407.1	RQM27279.1	53.1	177	215	314	1.37e-63	204	78.6	112090	Oomycota	Aphanomyces	Aphanomyces astaci	RQM27279.1 hypothetical protein B5M09_008499, partial [Aphanomyces astaci]
Pcub-SC1982_008_000407.1	KAH9127678.1	53.1	177	215	279	5.59e-63	201	78.6	100861	Oomycota	Aphanomyces	Aphanomyces euteiches	KAH9127678.1 hypothetical protein AeMF1_002064 [Aphanomyces euteiches]
Pcub-SC1982_008_000407.1	OQR92172.1	52.0	179	215	279	1.59e-62	200	78.6	74557	Oomycota	Thraustotheca	Thraustotheca clavata	OQR92172.1 sterol-C5-desaturase [Thraustotheca clavata]
Pcub-SC1982_008_000407.1	KAJ0411403.1	53.3	169	215	261	1.86e-62	199	78.6	114742	Oomycota	Pythium	Pythium insidiosum	KAJ0411403.1 hypothetical protein ATCC90586_004389 [Pythium insidiosum]
Pcub-SC1982_008_000407.1	KAG7399235.1	56.5	168	215	274	2.74e-62	199	77.7	109152	Oomycota	Phytophthora	Phytophthora boehmeriae	KAG7399235.1 Lathosterol oxidase [Phytophthora boehmeriae]
Pcub-SC1982_008_000407.1	ETK84092.1	55.2	163	215	264	2.88e-62	199	75.3	4792	Oomycota	Phytophthora	Phytophthora nicotianae	ETK84092.1 hypothetical protein L915_10895 [Phytophthora nicotianae]
Pcub-SC1982_008_000407.1	KUF80748.1	55.2	163	215	264	2.88e-62	199	75.3	4792	Oomycota	Phytophthora	Phytophthora nicotianae	KUF80748.1 Lathosterol oxidase [Phytophthora nicotianae]
Pcub-SC1982_008_000407.1	KAJ0407272.1	52.7	169	215	261	5.27e-62	198	78.6	114742	Oomycota	Pythium	Pythium insidiosum	KAJ0407272.1 hypothetical protein P43SY_008047 [Pythium insidiosum]
Pcub-SC1982_008_000407.1	XP_008907175.1	55.2	163	215	264	5.77e-62	198	75.3	4792;761204;1317064;1317065	Oomycota	Phytophthora	Phytophthora nicotianae	XP_008907175.1 hypothetical protein PPTG_13327 [Phytophthora nicotianae INRA-310]
Pcub-SC1982_008_000407.1	ETL37531.1	55.2	163	215	264	5.77e-62	198	75.3	4792	Oomycota	Phytophthora	Phytophthora nicotianae	ETL37531.1 hypothetical protein L916_10787 [Phytophthora nicotianae]
Pcub-SC1982_008_000407.1	ETO72742.1	55.2	163	215	264	5.77e-62	198	75.3	1317066	Oomycota	Phytophthora	Phytophthora nicotianae	ETO72742.1 hypothetical protein F444_11242 [Phytophthora nicotianae P1976]
Pcub-SC1982_008_000407.1	ETL90662.1	55.2	163	215	264	5.77e-62	198	75.3	4792;1317063	Oomycota	Phytophthora	Phytophthora nicotianae	ETL90662.1 hypothetical protein L917_10697 [Phytophthora nicotianae]
Pcub-SC1982_008_000407.1	KAF0690516.1	53.1	177	215	392	6.44e-62	202	78.6	120398	Oomycota	Aphanomyces	Aphanomyces stellatus	KAF0690516.1 hypothetical protein As57867_018044 [Aphanomyces stellatus]
Pcub-SC1982_008_000407.1	KAG2779332.1	54.7	159	215	288	1.17e-61	198	74.0	29920	Oomycota	Phytophthora	Phytophthora cactorum	KAG2779332.1 hypothetical protein Pcac1_g10553 [Phytophthora cactorum]
Pcub-SC1982_008_000407.1	KAG3116019.1	54.7	159	215	288	1.17e-61	198	74.0	53986	Oomycota	Phytophthora	Phytophthora idaei	KAG3116019.1 hypothetical protein PI125_g5004 [Phytophthora idaei]
Pcub-SC1982_037_000001.1	KAF4324913.1	42.9	119	215	132	2.01e-25	100	55.3	1284355	Oomycota	Phytophthora	Phytophthora kernoviae	KAF4324913.1 hypothetical protein G195_001746, partial [Phytophthora kernoviae 00238/432]
Pcub-SC1982_037_000001.1	KAF4319891.1	43.1	109	215	119	3.08e-24	97.1	50.7	1284355	Oomycota	Phytophthora	Phytophthora kernoviae	KAF4319891.1 hypothetical protein G195_006864 [Phytophthora kernoviae 00238/432]
Pcub-SC1982_037_000001.1	WP_056317465.1	39.8	113	215	198	4.86e-16	77.8	50.7	222;82926;85698;1736480;1915388	Pseudomonadota;Oomycota	Achromobacter;Globisporangium	Globisporangium splendens;Achromobacter xylosoxidans;Achromobacter sp. Root170;Achromobacter sp. KAs 3-5	WP_056317465.1 MULTISPECIES: C40 family peptidase [Achromobacter]
Pcub-SC1982_037_000001.1	KAF4325375.1	36.6	82	215	100	4.67e-12	64.7	38.1	1284355	Oomycota	Phytophthora	Phytophthora kernoviae	KAF4325375.1 hypothetical protein G195_000986 [Phytophthora kernoviae 00238/432]
Pcub-SC1982_037_000002.1	KAG2867596.1	34.6	240	972	239	1.49e-33	134	24.6	29920	Oomycota	Phytophthora	Phytophthora cactorum	KAG2867596.1 hypothetical protein PC115_g25439 [Phytophthora cactorum]
Pcub-SC1982_037_000002.1	KAF4326314.1	34.6	243	972	381	1.96e-33	138	24.9	1284355	Oomycota	Phytophthora	Phytophthora kernoviae	KAF4326314.1 hypothetical protein G195_000390 [Phytophthora kernoviae 00238/432]
Pcub-SC1982_037_000002.1	KAF4325471.1	28.9	187	972	254	1.52e-10	67.8	19.2	1284355	Oomycota	Phytophthora	Phytophthora kernoviae	KAF4325471.1 hypothetical protein G195_000892 [Phytophthora kernoviae 00238/432]
Pcub-SC1982_037_000002.1	DAZ96843.1	27.3	253	972	284	4.64e-06	54.7	24.5	4803	Oomycota	Lagenidium	Lagenidium giganteum	DAZ96843.1 TPA: hypothetical protein N0F65_008274 [Lagenidium giganteum]
Pcub-SC1982_037_000002.1	KAH9107703.1	26.4	258	972	273	4.31e-05	51.6	24.5	100861	Oomycota	Aphanomyces	Aphanomyces euteiches	KAH9107703.1 hypothetical protein AeMF1_016988 [Aphanomyces euteiches]
Pcub-SC1982_037_000002.1	OQR92000.1	24.0	258	972	274	4.34e-05	51.6	24.5	1202772	Oomycota	Achlya	Achlya hypogyna	OQR92000.1 2-dehydro-3-deoxyphosphooctonate aldolase [Achlya hypogyna]
Pcub-SC1982_037_000002.1	XP_008871162.1	25.6	258	972	279	8.01e-05	50.8	24.5	157072	Oomycota	Aphanomyces	Aphanomyces invadans	XP_008871162.1 3-deoxy-8-phosphooctulonate synthase [Aphanomyces invadans]
Pcub-SC1982_037_000002.1	KAF4324561.1	36.4	110	972	323	1.36e-04	50.4	11.2	1284355	Oomycota	Phytophthora	Phytophthora kernoviae	KAF4324561.1 hypothetical protein G195_002022 [Phytophthora kernoviae 00238/432]
Pcub-SC1982_037_000002.1	XP_009526578.1	25.7	253	972	278	1.42e-04	50.1	24.5	67593	Oomycota	Phytophthora	Phytophthora sojae	XP_009526578.1 hypothetical protein PHYSODRAFT_503232 [Phytophthora sojae]
Pcub-SC1982_037_000002.1	POM73502.1	25.7	253	972	278	2.51e-04	49.3	24.5	4796	Oomycota	Phytophthora	Phytophthora palmivora	POM73502.1 2-dehydro-3-deoxyphosphooctonate aldolase [Phytophthora palmivora]
Pcub-SC1982_037_000002.1	XP_008617766.1	26.7	258	972	271	4.27e-04	48.5	24.5	1156394	Oomycota	Saprolegnia	Saprolegnia diclina	XP_008617766.1 2-dehydro-3-deoxyphosphooctonate aldolase (KDO 8-P synthase) [Saprolegnia diclina VS20]
Pcub-SC1982_037_000002.1	KAF0739558.1	24.8	258	972	273	5.77e-04	48.1	24.5	100861	Oomycota	Aphanomyces	Aphanomyces euteiches	KAF0739558.1 hypothetical protein Ae201684_004739 [Aphanomyces euteiches]
Pcub-SC1982_037_000002.1	XP_009831125.1	25.5	263	972	276	5.88e-04	48.1	24.5	112090	Oomycota	Aphanomyces	Aphanomyces astaci	XP_009831125.1 3-deoxy-8-phosphooctulonate synthase [Aphanomyces astaci]
Pcub-SC1982_037_000002.1	KAE8916104.1	25.7	253	972	279	5.98e-04	48.1	24.5	53985	Oomycota	Phytophthora	Phytophthora fragariae	KAE8916104.1 hypothetical protein PF003_g1002 [Phytophthora fragariae]
Pcub-SC1982_037_000007.1	KAF4326047.1	45.2	210	830	330	6.63e-51	186	25.3	1284355	Oomycota	Phytophthora	Phytophthora kernoviae	KAF4326047.1 hypothetical protein G195_000340, partial [Phytophthora kernoviae 00238/432]
Pcub-SC1982_037_000007.1	KAG2504162.1	35.4	240	830	343	8.32e-37	146	28.7	325452	Oomycota	Phytophthora	Phytophthora kernoviae	KAG2504162.1 hypothetical protein JM16_009319, partial [Phytophthora kernoviae]
Pcub-SC1982_037_000007.1	KAG2506212.1	35.4	240	830	343	8.32e-37	146	28.7	325452	Oomycota	Phytophthora	Phytophthora kernoviae	KAG2506212.1 hypothetical protein JM18_009330, partial [Phytophthora kernoviae]
Pcub-SC1982_037_000007.1	XP_008603994.1	38.8	227	830	1904	4.39e-36	153	27.1	1156394	Oomycota	Saprolegnia	Saprolegnia diclina	XP_008603994.1 hypothetical protein SDRG_00301 [Saprolegnia diclina VS20]
Pcub-SC1982_037_000007.1	XP_012199281.1	37.4	246	830	1843	1.74e-35	151	29.4	695850	Oomycota	Saprolegnia	Saprolegnia parasitica	XP_012199281.1 hypothetical protein SPRG_05291 [Saprolegnia parasitica CBS 223.65]
Pcub-SC1982_037_000007.1	KAG3127356.1	34.7	242	830	423	1.95e-35	144	28.9	29920	Oomycota	Phytophthora	Phytophthora cactorum	KAG3127356.1 hypothetical protein PC128_g27114, partial [Phytophthora cactorum]
Pcub-SC1982_037_000007.1	KAG3044624.1	34.7	242	830	424	1.99e-35	144	28.9	29920	Oomycota	Phytophthora	Phytophthora cactorum	KAG3044624.1 hypothetical protein PC122_g24797, partial [Phytophthora cactorum]
Pcub-SC1982_037_000007.1	RAW21490.1	34.7	242	830	436	2.46e-35	144	28.9	29920	Oomycota	Phytophthora	Phytophthora cactorum	RAW21490.1 hypothetical protein PC110_g22067, partial [Phytophthora cactorum]
Pcub-SC1982_037_000007.1	RAW22113.1	34.7	242	830	438	2.55e-35	144	28.9	29920	Oomycota	Phytophthora	Phytophthora cactorum	RAW22113.1 hypothetical protein PC110_g21443, partial [Phytophthora cactorum]
Pcub-SC1982_037_000007.1	RLN96000.1	36.4	231	830	401	3.20e-35	143	27.6	2483409	Oomycota	Nothophytophthora	Nothophytophthora sp. Chile5	RLN96000.1 hypothetical protein BBJ28_00025174 [Nothophytophthora sp. Chile5]
Pcub-SC1982_037_000007.1	TDH71046.1	34.0	256	830	1967	4.15e-35	150	30.6	4779	Oomycota	Bremia	Bremia lactucae	TDH71046.1 hypothetical protein CCR75_004636 [Bremia lactucae]
Pcub-SC1982_037_000007.1	XP_008610634.1	37.4	246	830	1857	7.06e-35	149	29.4	1156394	Oomycota	Saprolegnia	Saprolegnia diclina	XP_008610634.1 hypothetical protein SDRG_06622 [Saprolegnia diclina VS20]
Pcub-SC1982_037_000007.1	KAF4322477.1	36.8	212	830	501	9.30e-35	144	25.3	1284355	Oomycota	Phytophthora	Phytophthora kernoviae	KAF4322477.1 hypothetical protein G195_004594 [Phytophthora kernoviae 00238/432]
Pcub-SC1982_037_000007.1	RQM10698.1	36.0	236	830	1953	9.55e-35	149	28.2	542832	Oomycota	Peronospora	Peronospora effusa	RQM10698.1 hypothetical protein DD237_002265 [Peronospora effusa]
Pcub-SC1982_037_000007.1	CAI5718847.1	36.0	236	830	1953	9.55e-35	149	28.2	542832	Oomycota	Peronospora	Peronospora effusa	CAI5718847.1 unnamed protein product [Peronospora effusa]
Pcub-SC1982_037_000007.1	UIZ24934.1	36.0	236	830	1953	9.55e-35	149	28.2	542832	Oomycota	Peronospora	Peronospora effusa	UIZ24934.1 hypothetical protein KXD40_006777 [Peronospora effusa]
Pcub-SC1982_037_000007.1	KAF4319996.1	36.7	229	830	1959	9.56e-35	149	27.2	325452;1284355	Oomycota	Phytophthora	Phytophthora kernoviae	KAF4319996.1 hypothetical protein G195_005909 [Phytophthora kernoviae 00238/432]
Pcub-SC1982_037_000007.1	KAG2525718.1	36.7	229	830	1959	9.56e-35	149	27.2	325452	Oomycota	Phytophthora	Phytophthora kernoviae	KAG2525718.1 hypothetical protein JM18_004740 [Phytophthora kernoviae]
Pcub-SC1982_037_000007.1	RLN60234.1	36.7	229	830	2002	9.65e-35	149	27.2	325452	Oomycota	Phytophthora	Phytophthora kernoviae	RLN60234.1 hypothetical protein BBP00_00006105 [Phytophthora kernoviae]
Pcub-SC1982_037_000007.1	KAE9004679.1	35.4	237	830	903	1.08e-34	147	28.3	53985	Oomycota	Phytophthora	Phytophthora fragariae	KAE9004679.1 ABC transporter A family member 1 [Phytophthora fragariae]
Pcub-SC1982_037_000007.1	KAE8935286.1	35.4	237	830	903	1.08e-34	147	28.3	53985	Oomycota	Phytophthora	Phytophthora fragariae	KAE8935286.1 ABC transporter A family member 1 [Phytophthora fragariae]
Pcub-SC1982_037_000007.1	KAE9336964.1	35.4	237	830	903	1.08e-34	147	28.3	53985	Oomycota	Phytophthora	Phytophthora fragariae	KAE9336964.1 ABC transporter A family member 1 [Phytophthora fragariae]
Pcub-SC1982_037_000007.1	KAF1321194.1	36.0	247	830	1909	1.25e-34	148	29.4	82926	Oomycota	Globisporangium	Globisporangium splendens	KAF1321194.1 Abc transporter a family member 1, partial [Globisporangium splendens]
Pcub-SC1982_037_000007.1	KAF1315592.1	36.0	247	830	1965	1.26e-34	148	29.4	82926	Oomycota	Globisporangium	Globisporangium splendens	KAF1315592.1 Abc transporter a family member 1, partial [Globisporangium splendens]
Pcub-SC1982_037_000007.1	POM74841.1	35.3	238	830	574	1.28e-34	145	28.4	4796	Oomycota	Phytophthora	Phytophthora palmivora	POM74841.1 ABC transporter lipid exporter ABCA1 family, partial [Phytophthora palmivora]
Pcub-SC1982_037_000285.1	OQR81209.1	34.5	226	266	324	6.55e-28	113	83.5	1202772	Oomycota	Achlya	Achlya hypogyna	OQR81209.1 3-ketodihydrosphingosine reductase [Achlya hypogyna]
Pcub-SC1982_037_000285.1	KAF4324736.1	32.0	253	266	433	8.51e-28	115	85.3	1284355	Oomycota	Phytophthora	Phytophthora kernoviae	KAF4324736.1 hypothetical protein G195_001924 [Phytophthora kernoviae 00238/432]
Pcub-SC1982_037_000285.1	TMW67847.1	33.2	226	266	285	1.23e-26	109	82.3	41045	Oomycota	Pythium	Pythium oligandrum	TMW67847.1 hypothetical protein Poli38472_007519 [Pythium oligandrum]
Pcub-SC1982_037_000285.1	XP_009827525.1	39.4	180	266	315	1.54e-26	109	66.9	112090	Oomycota	Aphanomyces	Aphanomyces astaci	XP_009827525.1 hypothetical protein H257_04631 [Aphanomyces astaci]
Pcub-SC1982_037_000285.1	KAF0754193.1	40.0	180	266	314	2.11e-26	109	66.9	112090	Oomycota	Aphanomyces	Aphanomyces astaci	KAF0754193.1 hypothetical protein AaE_005429 [Aphanomyces astaci]
Pcub-SC1982_037_000285.1	XP_008861750.1	37.4	187	266	314	1.53e-25	107	69.5	157072	Oomycota	Aphanomyces	Aphanomyces invadans	XP_008861750.1 hypothetical protein H310_00663 [Aphanomyces invadans]
Pcub-SC1982_037_000285.1	KAH7492439.1	35.9	198	266	258	1.06e-24	103	72.9	164328	Oomycota	Phytophthora	Phytophthora ramorum	KAH7492439.1 putative oxidoreductase [Phytophthora ramorum]
Pcub-SC1982_037_000285.1	XP_024578825.1	35.9	195	266	260	1.11e-24	103	71.8	4781	Oomycota	Plasmopara	Plasmopara halstedii	XP_024578825.1 non ribosomal peptide synthase [Plasmopara halstedii]
Pcub-SC1982_037_000285.1	TMW67881.1	30.9	233	266	285	1.80e-24	103	84.2	41045	Oomycota	Pythium	Pythium oligandrum	TMW67881.1 hypothetical protein Poli38472_007553 [Pythium oligandrum]
Pcub-SC1982_037_000285.1	XP_002904942.1	36.9	198	266	258	2.07e-24	102	72.9	4787;403677	Oomycota	Phytophthora	Phytophthora infestans	XP_002904942.1 oxidoreductase, putative [Phytophthora infestans T30-4]
Pcub-SC1982_037_000285.1	TYZ57870.1	35.0	234	266	316	2.22e-24	103	84.6	1485010	Oomycota	Globisporangium	[Pythium] brassicae (nom. inval.)	TYZ57870.1 hypothetical protein PybrP1_010270, partial [[Pythium] brassicae (nom. inval.)]
Pcub-SC1982_037_000285.1	KAE8901406.1	35.4	198	266	259	5.73e-24	101	72.9	53985	Oomycota	Phytophthora	Phytophthora fragariae	KAE8901406.1 hypothetical protein PF003_g14604 [Phytophthora fragariae]
Pcub-SC1982_037_000285.1	GMF52434.1	34.3	236	266	337	5.92e-24	103	84.6	1490495	Oomycota	Phytophthora	Phytophthora fragariaefolia	GMF52434.1 unnamed protein product [Phytophthora fragariaefolia]
Pcub-SC1982_037_000285.1	KAE9347473.1	35.4	198	266	259	8.00e-24	101	72.9	53985	Oomycota	Phytophthora	Phytophthora fragariae	KAE9347473.1 hypothetical protein PF008_g7800 [Phytophthora fragariae]
Pcub-SC1982_037_000285.1	KAI9921921.1	34.1	229	266	304	9.42e-24	102	83.1	230839	Oomycota	Peronosclerospora	Peronosclerospora sorghi	KAI9921921.1 hypothetical protein PsorP6_000741 [Peronosclerospora sorghi]
Pcub-SC1982_037_000285.1	KAF1772207.1	35.9	198	266	258	1.09e-23	100	72.9	29920	Oomycota	Phytophthora	Phytophthora cactorum	KAF1772207.1 Short-chain dehydrogenase/reductase, conserved site [Phytophthora cactorum]
Pcub-SC1982_037_000285.1	KAE8999931.1	35.4	198	266	259	1.12e-23	100	72.9	129364	Oomycota	Phytophthora	Phytophthora rubi	KAE8999931.1 hypothetical protein PR002_g18322 [Phytophthora rubi]
Pcub-SC1982_037_000285.1	CAH0480383.1	37.0	189	266	258	1.52e-23	100	69.5	622444	Oomycota	Peronospora	Peronospora belbahrii	CAH0480383.1 unnamed protein product [Peronospora belbahrii]
Pcub-SC1982_037_000285.1	OWZ18331.1	34.5	235	266	336	2.15e-23	101	84.6	4795	Oomycota	Phytophthora	Phytophthora megakarya	OWZ18331.1 3-ketodihydrosphingosine reductase [Phytophthora megakarya]
Pcub-SC1982_037_000285.1	KAG2786643.1	33.5	236	266	337	2.18e-23	101	84.6	29920	Oomycota	Phytophthora	Phytophthora cactorum	KAG2786643.1 hypothetical protein Pcac1_g3791 [Phytophthora cactorum]
Pcub-SC1982_037_000285.1	CAI5730533.1	33.5	236	266	337	2.18e-23	101	84.6	86335	Oomycota	Peronospora	Peronospora destructor	CAI5730533.1 unnamed protein product [Peronospora destructor]
Pcub-SC1982_037_000285.1	GMF30357.1	33.5	236	266	331	2.78e-23	101	84.6	2077276	Oomycota	Phytophthora	Phytophthora lilii	GMF30357.1 unnamed protein product [Phytophthora lilii]
Pcub-SC1982_037_000285.1	KAG9402997.1	36.6	194	266	314	4.12e-23	100	72.2	112091	Oomycota	Aphanomyces	Aphanomyces cochlioides	KAG9402997.1 hypothetical protein AC1031_006532 [Aphanomyces cochlioides]
Pcub-SC1982_037_000285.1	KAG2780210.1	35.4	198	266	258	4.13e-23	99.4	72.9	29920	Oomycota	Phytophthora	Phytophthora cactorum	KAG2780210.1 hypothetical protein Pcac1_g9732 [Phytophthora cactorum]
Pcub-SC1982_037_000285.1	KAG3120529.1	33.5	236	266	337	4.19e-23	100	84.6	53986	Oomycota	Phytophthora	Phytophthora idaei	KAG3120529.1 hypothetical protein PI125_g1079 [Phytophthora idaei]
Pcub-SC1982_037_000283.1	KAF4321250.1	44.6	240	256	438	3.04e-68	221	90.2	1284355	Oomycota	Phytophthora	Phytophthora kernoviae	KAF4321250.1 hypothetical protein G195_005631 [Phytophthora kernoviae 00238/432]
Pcub-SC1982_037_000283.1	WP_064703516.1	44.6	258	256	262	6.02e-67	212	97.3	53335;134698	Pseudomonadota;Oomycota	Pantoea;Peronospora	Peronospora farinosa	WP_064703516.1 MULTISPECIES: nucleoside triphosphate pyrophosphohydrolase [Pantoea]
Pcub-SC1982_037_000282.1	KAG4219731.1	31.5	197	234	256	2.50e-04	46.2	78.2	29920	Oomycota	Phytophthora	Phytophthora cactorum	KAG4219731.1 hypothetical protein PC116_g31790, partial [Phytophthora cactorum]
Pcub-SC1982_037_000009.1	TDH66987.1	45.3	693	1240	769	2.31e-156	491	54.5	4779	Oomycota	Bremia	Bremia lactucae	TDH66987.1 hypothetical protein CCR75_005954 [Bremia lactucae]
Pcub-SC1982_037_000009.1	GMF16810.1	43.7	693	1240	769	1.01e-146	466	54.5	1490495	Oomycota	Phytophthora	Phytophthora fragariaefolia	GMF16810.1 unnamed protein product [Phytophthora fragariaefolia]
Pcub-SC1982_037_000009.1	KAG6590679.1	43.6	693	1240	769	2.77e-146	465	54.5	4785	Oomycota	Phytophthora	Phytophthora cinnamomi	KAG6590679.1 V-type H(+)-translocating pyrophosphatase [Phytophthora cinnamomi]
Pcub-SC1982_037_000009.1	KAH7476694.1	43.9	693	1240	769	5.43e-146	464	54.5	164328	Oomycota	Phytophthora	Phytophthora ramorum	KAH7476694.1 Pyrophosphate-energized vacuolar membrane proton pump [Phytophthora ramorum]
Pcub-SC1982_037_000009.1	XP_009518929.1	43.4	693	1240	740	6.39e-146	463	54.5	67593	Oomycota	Phytophthora	Phytophthora sojae	XP_009518929.1 pyrophosphatase [Phytophthora sojae]
Pcub-SC1982_037_000009.1	KAE8895798.1	43.7	693	1240	769	7.59e-146	464	54.5	53985;129364	Oomycota	Phytophthora	Phytophthora fragariae;Phytophthora rubi	KAE8895798.1 Pyrophosphate-energized vacuolar membrane proton pump [Phytophthora fragariae]
Pcub-SC1982_037_000009.1	GMF09229.1	43.7	693	1240	769	2.90e-145	462	54.5	2077276	Oomycota	Phytophthora	Phytophthora lilii	GMF09229.1 unnamed protein product [Phytophthora lilii]
Pcub-SC1982_037_000009.1	KAG2765163.1	43.7	693	1240	768	3.94e-145	462	54.5	29920	Oomycota	Phytophthora	Phytophthora cactorum	KAG2765163.1 Pyrophosphate-energized vacuolar membrane proton pump [Phytophthora cactorum]
Pcub-SC1982_037_000009.1	KAG3119280.1	43.7	693	1240	768	5.51e-145	461	54.5	53986	Oomycota	Phytophthora	Phytophthora idaei	KAG3119280.1 Pyrophosphate-energized vacuolar membrane proton pump [Phytophthora idaei]
Pcub-SC1982_037_000009.1	KAG6966302.1	43.7	693	1240	768	5.51e-145	461	54.5	2496075	Oomycota	Phytophthora	Phytophthora aleatoria	KAG6966302.1 hypothetical protein JG688_00006839 [Phytophthora aleatoria]
Pcub-SC1982_037_000009.1	XP_008892299.1	43.6	693	1240	768	1.08e-144	461	54.5	4792;761204;1317063;1317064;1317065;1317066	Oomycota	Phytophthora	Phytophthora nicotianae	XP_008892299.1 V-type H(+)-translocating pyrophosphatase [Phytophthora nicotianae INRA-310]
Pcub-SC1982_037_000009.1	KUF91624.1	43.6	693	1240	780	1.52e-144	461	54.5	4792	Oomycota	Phytophthora	Phytophthora nicotianae	KUF91624.1 Serine/threonine-protein phosphatase [Phytophthora nicotianae]
Pcub-SC1982_037_000009.1	KAK1939343.1	43.5	697	1240	769	5.93e-144	459	54.5	4793	Oomycota	Phytophthora	Phytophthora citrophthora	KAK1939343.1 Pyrophosphate-energized vacuolar membrane proton pump [Phytophthora citrophthora]
Pcub-SC1982_037_000009.1	KAG7387283.1	43.0	693	1240	765	7.38e-144	458	54.5	221518	Oomycota	Phytophthora	Phytophthora pseudosyringae	KAG7387283.1 hypothetical protein PHYPSEUDO_014462 [Phytophthora pseudosyringae]
Pcub-SC1982_037_000009.1	ETL95939.1	43.4	693	1240	768	8.05e-144	458	54.5	4792	Oomycota	Phytophthora	Phytophthora nicotianae	ETL95939.1 V-type H(+)-translocating pyrophosphatase [Phytophthora nicotianae]
Pcub-SC1982_037_000009.1	KAG1708377.1	43.3	693	1240	769	8.28e-144	458	54.5	4784	Oomycota	Phytophthora	Phytophthora capsici	KAG1708377.1 hypothetical protein DVH05_025055 [Phytophthora capsici]
Pcub-SC1982_037_000009.1	KUF72818.1	43.4	693	1240	768	1.57e-143	457	54.5	4792	Oomycota	Phytophthora	Phytophthora nicotianae	KUF72818.1 Pyrophosphate-energized vacuolar membrane proton pump [Phytophthora nicotianae]
Pcub-SC1982_037_000009.1	UIZ21463.1	43.1	693	1240	769	1.62e-143	457	54.5	542832	Oomycota	Peronospora	Peronospora effusa	UIZ21463.1 hypothetical protein KXD40_001400 [Peronospora effusa]
Pcub-SC1982_037_000009.1	XP_002999240.1	43.3	693	1240	767	2.14e-143	457	54.5	4787;403677	Oomycota	Phytophthora	Phytophthora infestans	XP_002999240.1 pyrophosphate-energized vacuolar membrane proton pump, putative [Phytophthora infestans T30-4]
Pcub-SC1982_037_000009.1	KAI9920934.1	43.6	693	1240	768	2.20e-143	457	54.5	230839	Oomycota	Peronosclerospora	Peronosclerospora sorghi	KAI9920934.1 hypothetical protein PsorP6_002617 [Peronosclerospora sorghi]
Pcub-SC1982_037_000009.1	RMX70127.1	43.1	693	1240	769	4.42e-143	456	54.5	542832	Oomycota	Peronospora	Peronospora effusa	RMX70127.1 hypothetical protein DD238_000245 [Peronospora effusa]
Pcub-SC1982_037_000009.1	RQM09025.1	43.1	693	1240	769	4.42e-143	456	54.5	542832	Oomycota	Peronospora	Peronospora effusa	RQM09025.1 hypothetical protein DD237_000497 [Peronospora effusa]
Pcub-SC1982_037_000009.1	CAH0491316.1	43.1	693	1240	769	4.42e-143	456	54.5	134698	Oomycota	Peronospora	Peronospora farinosa	CAH0491316.1 unnamed protein product [Peronospora farinosa]
Pcub-SC1982_037_000009.1	CAH0516727.1	42.9	693	1240	768	1.17e-142	455	54.5	622444	Oomycota	Peronospora	Peronospora belbahrii	CAH0516727.1 unnamed protein product [Peronospora belbahrii]
Pcub-SC1982_037_000009.1	CAH0477805.1	42.9	693	1240	774	1.39e-142	455	54.5	622444	Oomycota	Peronospora	Peronospora belbahrii	CAH0477805.1 unnamed protein product [Peronospora belbahrii]
Pcub-SC1982_037_000275.1	KAF4324940.1	42.4	170	231	964	7.07e-36	139	73.6	1284355	Oomycota	Phytophthora	Phytophthora kernoviae	KAF4324940.1 hypothetical protein G195_001662 [Phytophthora kernoviae 00238/432]
Pcub-SC1982_037_000275.1	WP_024631339.1	28.2	170	231	175	6.22e-13	69.3	73.6	44249;1284355;1395586;1395587;1945581	Bacteroidota;Bacillota;Oomycota	Phytophthora;Paenibacillus;Chryseobacterium	Phytophthora kernoviae;Paenibacillus sp. MAEPY1;Paenibacillus sp. MAEPY2;Chryseobacterium mucoviscidosis	WP_024631339.1 MULTISPECIES: RNA polymerase sigma factor SigY [Paenibacillus]
Pcub-SC1982_037_000274.1	KAF1326751.1	30.3	89	315	778	5.50e-06	53.1	28.3	82926	Oomycota	Globisporangium	Globisporangium splendens	KAF1326751.1 putative Glycosyll transferase family 2, partial [Globisporangium splendens]
Pcub-SC1982_037_000274.1	TMW64434.1	31.4	102	315	811	5.56e-06	53.1	32.1	41045	Oomycota	Pythium	Pythium oligandrum	TMW64434.1 hypothetical protein Poli38472_013056 [Pythium oligandrum]
Pcub-SC1982_037_000274.1	GLE00696.1	31.4	102	315	813	1.31e-05	52.0	32.1	114742	Oomycota	Pythium	Pythium insidiosum	GLE00696.1 hypothetical protein PINS_up009484 [Pythium insidiosum]
Pcub-SC1982_037_000274.1	TYZ65589.1	28.1	89	315	1935	4.68e-05	50.4	28.3	1485010	Oomycota	Globisporangium	[Pythium] brassicae (nom. inval.)	TYZ65589.1 hypothetical protein PybrP1_000555 [[Pythium] brassicae (nom. inval.)]
Pcub-SC1982_037_000274.1	CCA14548.1	31.3	99	315	762	9.41e-05	49.3	28.3	890382	Oomycota	Albugo	Albugo laibachii	CCA14548.1 proline iminopeptidase putative [Albugo laibachii Nc14]
Pcub-SC1982_037_000274.1	DAZ98908.1	31.5	89	315	704	1.62e-04	48.5	28.3	4803	Oomycota	Lagenidium	Lagenidium giganteum	DAZ98908.1 TPA: hypothetical protein N0F65_001347 [Lagenidium giganteum]
Pcub-SC1982_037_000274.1	CAI5734133.1	25.7	148	315	350	2.72e-04	47.4	41.3	162125	Oomycota	Hyaloperonospora	Hyaloperonospora brassicae	CAI5734133.1 unnamed protein product [Hyaloperonospora brassicae]
Pcub-SC1982_037_000274.1	CCA24176.1	27.4	113	315	742	3.86e-04	47.4	35.6	890382	Oomycota	Albugo	Albugo laibachii	CCA24176.1 glycosyl transferase family 2 putative [Albugo laibachii Nc14]
Pcub-SC1982_037_000274.1	KAJ0404627.1	29.4	102	315	772	3.90e-04	47.4	32.1	114742	Oomycota	Pythium	Pythium insidiosum	KAJ0404627.1 hypothetical protein ATCC90586_001196 [Pythium insidiosum]
Pcub-SC1982_037_000274.1	KAJ0401632.1	29.4	102	315	778	3.91e-04	47.4	32.1	114742	Oomycota	Pythium	Pythium insidiosum	KAJ0401632.1 hypothetical protein P43SY_006011 [Pythium insidiosum]
Pcub-SC1982_037_000274.1	KAE9333264.1	24.3	144	315	337	4.68e-04	46.6	40.3	129364	Oomycota	Phytophthora	Phytophthora rubi	KAE9333264.1 hypothetical protein PR003_g14109 [Phytophthora rubi]
Pcub-SC1982_037_000274.1	ETO61074.1	24.8	141	315	297	5.55e-04	46.2	40.3	1317066	Oomycota	Phytophthora	Phytophthora nicotianae	ETO61074.1 hypothetical protein, variant [Phytophthora nicotianae P1976]
Pcub-SC1982_037_000274.1	ETO61073.1	24.8	141	315	334	6.20e-04	46.2	40.3	1317066	Oomycota	Phytophthora	Phytophthora nicotianae	ETO61073.1 hypothetical protein F444_20830 [Phytophthora nicotianae P1976]
Pcub-SC1982_037_000274.1	KAF0742645.1	32.0	100	315	603	6.39e-04	46.6	31.4	100861	Oomycota	Aphanomyces	Aphanomyces euteiches	KAF0742645.1 hypothetical protein Ae201684_002348 [Aphanomyces euteiches]
Pcub-SC1982_037_000274.1	KAH9100369.1	32.0	100	315	624	6.46e-04	46.6	31.4	100861	Oomycota	Aphanomyces	Aphanomyces euteiches	KAH9100369.1 hypothetical protein LEN26_015890 [Aphanomyces euteiches]
Pcub-SC1982_037_000274.1	KAH9086599.1	32.0	100	315	624	6.46e-04	46.6	31.4	100861	Oomycota	Aphanomyces	Aphanomyces euteiches	KAH9086599.1 hypothetical protein Ae201684P_000021 [Aphanomyces euteiches]
Pcub-SC1982_037_000274.1	KAE9015556.1	24.3	144	315	641	6.52e-04	46.6	40.3	129364	Oomycota	Phytophthora	Phytophthora rubi	KAE9015556.1 hypothetical protein PR002_g13897 [Phytophthora rubi]
Pcub-SC1982_037_000274.1	KAE8901439.1	28.3	99	315	641	6.52e-04	46.6	28.3	53985	Oomycota	Phytophthora	Phytophthora fragariae	KAE8901439.1 hypothetical protein PF003_g14491 [Phytophthora fragariae]
Pcub-SC1982_037_000274.1	KAE9007521.1	28.3	99	315	641	6.52e-04	46.6	28.3	53985	Oomycota	Phytophthora	Phytophthora fragariae	KAE9007521.1 hypothetical protein PF011_g11092 [Phytophthora fragariae]
Pcub-SC1982_037_000274.1	KAE9339921.1	28.3	99	315	658	6.57e-04	46.6	28.3	53985	Oomycota	Phytophthora	Phytophthora fragariae	KAE9339921.1 hypothetical protein PF008_g11343 [Phytophthora fragariae]
Pcub-SC1982_037_000274.1	KAG9414665.1	33.0	100	315	478	7.74e-04	46.2	31.4	112091	Oomycota	Aphanomyces	Aphanomyces cochlioides	KAG9414665.1 hypothetical protein AC1031_008066 [Aphanomyces cochlioides]
Pcub-SC1982_037_000274.1	KAG9414664.1	33.0	100	315	615	8.54e-04	46.2	31.4	112091	Oomycota	Aphanomyces	Aphanomyces cochlioides	KAG9414664.1 hypothetical protein AC1031_008066 [Aphanomyces cochlioides]
Pcub-SC1982_037_000011.1	DAZ98174.1	39.8	362	376	498	8.34e-83	265	94.9	4803	Oomycota	Lagenidium	Lagenidium giganteum	DAZ98174.1 TPA: hypothetical protein N0F65_005640 [Lagenidium giganteum]
Pcub-SC1982_037_000011.1	XP_008611673.1	40.1	364	376	414	7.18e-82	260	95.2	1156394	Oomycota	Saprolegnia	Saprolegnia diclina	XP_008611673.1 queuine tRNA-ribosyltransferase [Saprolegnia diclina VS20]
Pcub-SC1982_037_000011.1	KAF1321457.1	40.6	355	376	534	1.29e-80	260	92.8	82926	Oomycota	Globisporangium	Globisporangium splendens	KAF1321457.1 Queuine trna-ribosyltransferase, partial [Globisporangium splendens]
Pcub-SC1982_037_000011.1	XP_008871550.1	40.5	368	376	412	1.68e-79	254	96.3	157072	Oomycota	Aphanomyces	Aphanomyces invadans	XP_008871550.1 queuine tRNA-ribosyltransferase [Aphanomyces invadans]
Pcub-SC1982_037_000011.1	XP_009839724.1	41.9	358	376	414	1.78e-79	254	93.6	112090	Oomycota	Aphanomyces	Aphanomyces astaci	XP_009839724.1 queuine tRNA-ribosyltransferase [Aphanomyces astaci]
Pcub-SC1982_037_000011.1	OQR82818.1	40.1	364	376	415	3.65e-79	253	95.2	1202772	Oomycota	Achlya	Achlya hypogyna	OQR82818.1 queuine tRNA-ribosyltransferase [Achlya hypogyna]
Pcub-SC1982_037_000011.1	TMW59936.1	39.0	354	376	417	3.86e-79	253	92.8	41045	Oomycota	Pythium	Pythium oligandrum	TMW59936.1 hypothetical protein Poli38472_005005 [Pythium oligandrum]
Pcub-SC1982_037_000011.1	KAG9407148.1	39.6	374	376	407	8.16e-79	252	97.9	112091	Oomycota	Aphanomyces	Aphanomyces cochlioides	KAG9407148.1 Queuine tRNA-ribosyltransferase catalytic subunit 1 [Aphanomyces cochlioides]
Pcub-SC1982_037_000011.1	KAH9082961.1	39.6	374	376	407	8.16e-79	252	97.9	100861	Oomycota	Aphanomyces	Aphanomyces euteiches	KAH9082961.1 hypothetical protein Ae201684P_013864 [Aphanomyces euteiches]
Pcub-SC1982_037_000011.1	KAH7465494.1	38.8	376	376	407	1.15e-78	251	96.0	164328	Oomycota	Phytophthora	Phytophthora ramorum	KAH7465494.1 Queuine tRNA-ribosyltransferase catalytic subunit 1 [Phytophthora ramorum]
Pcub-SC1982_037_000011.1	GLE03599.1	39.4	368	376	428	4.14e-78	251	95.5	114742	Oomycota	Pythium	Pythium insidiosum	GLE03599.1 hypothetical protein PINS_up012501 [Pythium insidiosum]
Pcub-SC1982_037_000011.1	OQR89747.1	40.6	355	376	681	2.94e-77	255	92.8	74557	Oomycota	Thraustotheca	Thraustotheca clavata	OQR89747.1 queuine tRNA-ribosyltransferase [Thraustotheca clavata]
Pcub-SC1982_037_000011.1	KAH9127550.1	38.0	389	376	422	1.09e-76	247	97.9	100861	Oomycota	Aphanomyces	Aphanomyces euteiches	KAH9127550.1 hypothetical protein AeMF1_002181 [Aphanomyces euteiches]
Pcub-SC1982_037_000011.1	KAG7381973.1	38.2	377	376	407	1.43e-76	246	96.0	109152	Oomycota	Phytophthora	Phytophthora boehmeriae	KAG7381973.1 Queuine tRNA-ribosyltransferase catalytic subunit 1 [Phytophthora boehmeriae]
Pcub-SC1982_037_000011.1	KAF0722595.1	38.0	389	376	422	2.17e-76	246	97.9	100861	Oomycota	Aphanomyces	Aphanomyces euteiches	KAF0722595.1 hypothetical protein Ae201684_018328 [Aphanomyces euteiches]
Pcub-SC1982_037_000011.1	XP_009839723.1	42.9	336	376	359	2.82e-76	244	87.8	112090	Oomycota	Aphanomyces	Aphanomyces astaci	XP_009839723.1 queuine tRNA-ribosyltransferase, variant [Aphanomyces astaci]
Pcub-SC1982_037_000011.1	POM70362.1	38.5	377	376	407	2.84e-76	245	96.0	4796	Oomycota	Phytophthora	Phytophthora palmivora	POM70362.1 Queuine tRNA-ribosyltransferase [Phytophthora palmivora]
Pcub-SC1982_037_000011.1	KAJ0406007.1	38.6	368	376	433	4.14e-76	246	95.5	114742	Oomycota	Pythium	Pythium insidiosum	KAJ0406007.1 hypothetical protein ATCC90586_001353 [Pythium insidiosum]
Pcub-SC1982_037_000011.1	KAJ0403124.1	38.6	368	376	439	4.88e-76	246	95.5	114742	Oomycota	Pythium	Pythium insidiosum	KAJ0403124.1 hypothetical protein P43SY_009554 [Pythium insidiosum]
Pcub-SC1982_037_000011.1	KAG7377956.1	38.6	378	376	407	7.97e-76	244	96.0	221518	Oomycota	Phytophthora	Phytophthora pseudosyringae	KAG7377956.1 Queuine tRNA-ribosyltransferase catalytic subunit 1 [Phytophthora pseudosyringae]
Pcub-SC1982_037_000011.1	OWZ03610.1	38.6	365	376	409	8.43e-76	244	92.8	4795	Oomycota	Phytophthora	Phytophthora megakarya	OWZ03610.1 Queuine tRNA-ribosyltransferase [Phytophthora megakarya]
Pcub-SC1982_037_000011.1	RHY24250.1	36.8	386	376	409	1.19e-75	244	95.2	112090	Oomycota	Aphanomyces	Aphanomyces astaci	RHY24250.1 hypothetical protein DYB36_012359 [Aphanomyces astaci]
Pcub-SC1982_037_000011.1	GMF55172.1	38.9	378	376	410	1.22e-75	244	96.0	1490495	Oomycota	Phytophthora	Phytophthora fragariaefolia	GMF55172.1 unnamed protein product [Phytophthora fragariaefolia]
Pcub-SC1982_037_000011.1	KAG2808901.1	38.6	378	376	407	1.59e-75	243	96.0	29920	Oomycota	Phytophthora	Phytophthora cactorum	KAG2808901.1 Queuine tRNA-ribosyltransferase catalytic subunit 1 [Phytophthora cactorum]
Pcub-SC1982_037_000011.1	KAG3107726.1	38.6	378	376	407	1.59e-75	243	96.0	53986	Oomycota	Phytophthora	Phytophthora idaei	KAG3107726.1 Queuine tRNA-ribosyltransferase catalytic subunit 1 [Phytophthora idaei]
Pcub-SC1982_037_000012.1	KAF4324741.1	33.5	194	304	257	1.35e-12	71.2	59.5	1284355	Oomycota	Phytophthora	Phytophthora kernoviae	KAF4324741.1 hypothetical protein G195_001921 [Phytophthora kernoviae 00238/432]
Pcub-SC1982_037_000012.1	KAF4323090.1	30.4	161	304	267	1.81e-11	68.2	53.0	1284355	Oomycota	Phytophthora	Phytophthora kernoviae	KAF4323090.1 hypothetical protein G195_003885 [Phytophthora kernoviae 00238/432]
Pcub-SC1982_037_000012.1	KAG3093680.1	29.2	168	304	323	2.91e-11	68.2	55.3	29920	Oomycota	Phytophthora	Phytophthora cactorum	KAG3093680.1 Sulfatase-modifying factor 1 [Phytophthora cactorum]
Pcub-SC1982_037_000272.1	ETI47659.1	27.0	237	253	252	1.35e-06	53.1	89.3	4792;1317065	Oomycota	Phytophthora	Phytophthora nicotianae	ETI47659.1 succinate dehydrogenase [ubiquinone] iron-sulfur subunit [Phytophthora nicotianae P1569]
Pcub-SC1982_037_000272.1	KUF77264.1	27.1	236	253	273	1.53e-06	53.1	88.9	4792	Oomycota	Phytophthora	Phytophthora nicotianae	KUF77264.1 Succinate dehydrogenase iron-sulfur subunit [Phytophthora nicotianae]
Pcub-SC1982_037_000272.1	XP_008904929.1	27.1	236	253	274	1.54e-06	53.1	88.9	4792;761204;1317066	Oomycota	Phytophthora	Phytophthora nicotianae	XP_008904929.1 hypothetical protein PPTG_11382 [Phytophthora nicotianae INRA-310]
Pcub-SC1982_037_000272.1	ETL94171.1	27.1	236	253	274	1.54e-06	53.1	88.9	4792;1317063;1317064	Oomycota	Phytophthora	Phytophthora nicotianae	ETL94171.1 hypothetical protein L917_07823 [Phytophthora nicotianae]
Pcub-SC1982_037_000272.1	CCA27092.1	27.3	187	253	270	1.64e-05	50.1	71.5	890382	Oomycota	Albugo	Albugo laibachii	CCA27092.1 unnamed protein product [Albugo laibachii Nc14]
Pcub-SC1982_037_000272.1	CCI44712.1	26.2	187	253	305	3.57e-04	46.2	71.5	65357	Oomycota	Albugo	Albugo candida	CCI44712.1 unnamed protein product [Albugo candida]
Pcub-SC1982_037_000272.1	XP_008869953.1	40.3	77	253	262	4.14e-04	45.8	30.0	157072	Oomycota	Aphanomyces	Aphanomyces invadans	XP_008869953.1 hypothetical protein H310_06603 [Aphanomyces invadans]
Pcub-SC1982_037_000272.1	TDH65827.1	25.8	190	253	270	4.28e-04	45.8	71.5	4779	Oomycota	Bremia	Bremia lactucae	TDH65827.1 hypothetical protein CCR75_002049 [Bremia lactucae]
Pcub-SC1982_037_000272.1	GMF10884.1	24.9	193	253	1409	4.36e-04	46.6	73.1	2077276	Oomycota	Phytophthora	Phytophthora lilii	GMF10884.1 unnamed protein product [Phytophthora lilii]
Pcub-SC1982_037_000272.1	CCD28191.1	25.8	198	253	281	5.98e-04	45.4	73.1	143451	Oomycota	Plasmopara	Plasmopara viticola	CCD28191.1 succinate dehydrogenase, partial [Plasmopara viticola]
Pcub-SC1982_037_000272.1	KAE9325857.1	24.9	193	253	271	7.74e-04	45.1	73.1	129364	Oomycota	Phytophthora	Phytophthora rubi	KAE9325857.1 Succinate dehydrogenase [ubiquinone] iron-sulfur subunit [Phytophthora rubi]
Pcub-SC1982_037_000271.1	KAF0745452.1	25.9	633	875	625	1.96e-40	163	68.5	100861	Oomycota	Aphanomyces	Aphanomyces euteiches	KAF0745452.1 hypothetical protein Ae201684_000468 [Aphanomyces euteiches]
Pcub-SC1982_037_000271.1	KAH9092153.1	25.8	633	875	625	4.74e-40	162	68.5	100861	Oomycota	Aphanomyces	Aphanomyces euteiches	KAH9092153.1 hypothetical protein LEN26_018712 [Aphanomyces euteiches]
Pcub-SC1982_037_000271.1	KAG9405904.1	25.8	633	875	625	4.74e-40	162	68.5	112091	Oomycota	Aphanomyces	Aphanomyces cochlioides	KAG9405904.1 succinate dehydrogenase flavoprotein subunit [Aphanomyces cochlioides]
Pcub-SC1982_037_000271.1	XP_009822820.1	26.0	635	875	628	2.14e-39	160	68.5	112090	Oomycota	Aphanomyces	Aphanomyces astaci	XP_009822820.1 succinate dehydrogenase [ubiquinone] flavoprotein subunit, mitochondrial [Aphanomyces astaci]
Pcub-SC1982_037_000271.1	RHY41583.1	26.0	635	875	629	2.16e-39	160	68.5	112090	Oomycota	Aphanomyces	Aphanomyces astaci	RHY41583.1 hypothetical protein DYB30_004419, partial [Aphanomyces astaci]
Pcub-SC1982_037_000271.1	GLE03992.1	25.4	630	875	642	4.46e-39	159	68.2	114742	Oomycota	Pythium	Pythium insidiosum	GLE03992.1 hypothetical protein PINS_up012903 [Pythium insidiosum]
Pcub-SC1982_037_000271.1	KAJ0393917.1	25.2	630	875	643	4.51e-39	159	68.2	114742	Oomycota	Pythium	Pythium insidiosum	KAJ0393917.1 hypothetical protein P43SY_011470 [Pythium insidiosum]
Pcub-SC1982_037_000271.1	XP_008870100.1	25.5	635	875	628	5.16e-39	159	68.5	157072	Oomycota	Aphanomyces	Aphanomyces invadans	XP_008870100.1 succinate dehydrogenase [ubiquinone] flavoprotein subunit 1, mitochondrial [Aphanomyces invadans]
Pcub-SC1982_037_000271.1	KAF0686547.1	25.2	631	875	628	5.16e-39	159	68.5	120398	Oomycota	Aphanomyces	Aphanomyces stellatus	KAF0686547.1 hypothetical protein As57867_021572 [Aphanomyces stellatus]
Pcub-SC1982_037_000271.1	RHY31055.1	25.5	635	875	690	9.33e-39	159	68.5	157072	Oomycota	Aphanomyces	Aphanomyces invadans	RHY31055.1 hypothetical protein DYB32_003808 [Aphanomyces invadans]
Pcub-SC1982_037_000271.1	RHZ22520.1	26.0	635	875	962	1.41e-38	160	68.5	112090	Oomycota	Aphanomyces	Aphanomyces astaci	RHZ22520.1 hypothetical protein DYB37_000427 [Aphanomyces astaci]
Pcub-SC1982_037_000271.1	TMW55478.1	26.0	634	875	643	1.95e-38	157	68.5	41045	Oomycota	Pythium	Pythium oligandrum	TMW55478.1 hypothetical protein Poli38472_010360 [Pythium oligandrum]
Pcub-SC1982_037_000271.1	DAZ95057.1	25.8	628	875	643	4.68e-38	156	68.2	4803	Oomycota	Lagenidium	Lagenidium giganteum	DAZ95057.1 TPA: hypothetical protein N0F65_002791 [Lagenidium giganteum]
Pcub-SC1982_037_000271.1	KAE9333325.1	25.0	629	875	639	6.02e-38	156	68.2	53985	Oomycota	Phytophthora	Phytophthora fragariae	KAE9333325.1 Succinate dehydrogenase [ubiquinone] flavoprotein subunit [Phytophthora fragariae]
Pcub-SC1982_037_000271.1	KAE9019964.1	25.0	629	875	645	1.14e-37	155	68.2	129364	Oomycota	Phytophthora	Phytophthora rubi	KAE9019964.1 Succinate dehydrogenase [ubiquinone] flavoprotein subunit 1 [Phytophthora rubi]
Pcub-SC1982_037_000271.1	CAI5710382.1	25.8	631	875	646	1.16e-37	155	68.2	86335	Oomycota	Peronospora	Peronospora destructor	CAI5710382.1 unnamed protein product [Peronospora destructor]
Pcub-SC1982_037_000271.1	CCI44157.1	25.3	629	875	643	1.50e-37	155	68.2	65357	Oomycota	Albugo	Albugo candida	CCI44157.1 unnamed protein product [Albugo candida]
Pcub-SC1982_037_000271.1	KAG2780371.1	25.1	629	875	645	1.53e-37	155	68.2	29920	Oomycota	Phytophthora	Phytophthora cactorum	KAG2780371.1 Succinate dehydrogenase [ubiquinone] flavoprotein subunit [Phytophthora cactorum]
Pcub-SC1982_037_000271.1	KAE8905292.1	25.0	629	875	639	1.94e-37	154	68.2	53985	Oomycota	Phytophthora	Phytophthora fragariae	KAE8905292.1 Succinate dehydrogenase [ubiquinone] flavoprotein subunit [Phytophthora fragariae]
Pcub-SC1982_037_000271.1	KAG3090845.1	25.0	619	875	645	2.05e-37	154	67.1	53986	Oomycota	Phytophthora	Phytophthora idaei	KAG3090845.1 Succinate dehydrogenase [ubiquinone] flavoprotein subunit [Phytophthora idaei]
Pcub-SC1982_037_000271.1	KAG6584562.1	24.9	663	875	645	2.05e-37	154	72.1	4785	Oomycota	Phytophthora	Phytophthora cinnamomi	KAG6584562.1 succinate dehydrogenase [ubiquinone] flavoprotein subunit 1, mitochondrial [Phytophthora cinnamomi]
Pcub-SC1982_037_000271.1	KAE9001395.1	25.0	629	875	645	2.05e-37	154	68.2	53985	Oomycota	Phytophthora	Phytophthora fragariae	KAE9001395.1 Succinate dehydrogenase [ubiquinone] flavoprotein subunit [Phytophthora fragariae]
Pcub-SC1982_037_000271.1	XP_012207965.1	25.2	631	875	632	2.42e-37	154	68.5	695850	Oomycota	Saprolegnia	Saprolegnia parasitica	XP_012207965.1 succinate dehydrogenase flavoprotein subunit [Saprolegnia parasitica CBS 223.65]
Pcub-SC1982_037_000271.1	OQR99957.1	25.3	633	875	632	2.42e-37	154	68.5	1202772	Oomycota	Achlya	Achlya hypogyna	OQR99957.1 succinate dehydrogenase flavoprotein subunit, mitochondrial precursor [Achlya hypogyna]
Pcub-SC1982_037_000271.1	OQS04518.1	25.1	633	875	632	2.42e-37	154	68.5	74557	Oomycota	Thraustotheca	Thraustotheca clavata	OQS04518.1 succinate dehydrogenase flavoprotein [Thraustotheca clavata]
Pcub-SC1982_037_000270.1	KAF4326166.1	30.1	186	232	268	1.60e-15	78.2	79.7	1284355	Oomycota	Phytophthora	Phytophthora kernoviae	KAF4326166.1 hypothetical protein G195_000017 [Phytophthora kernoviae 00238/432]
Pcub-SC1982_037_000270.1	DAZ95213.1	28.7	223	232	659	4.22e-08	58.2	87.1	4803	Oomycota	Lagenidium	Lagenidium giganteum	DAZ95213.1 TPA: hypothetical protein N0F65_013058 [Lagenidium giganteum]
Pcub-SC1982_037_000270.1	KAH9064635.1	23.9	230	232	233	7.22e-04	44.7	97.0	100861	Oomycota	Aphanomyces	Aphanomyces euteiches	KAH9064635.1 hypothetical protein Ae201684P_003427 [Aphanomyces euteiches]
Pcub-SC1982_037_000269.1	TYZ60127.1	31.9	204	352	237	2.36e-19	90.5	57.1	1485010	Oomycota	Globisporangium	[Pythium] brassicae (nom. inval.)	TYZ60127.1 hypothetical protein PybrP1_005874 [[Pythium] brassicae (nom. inval.)]
Pcub-SC1982_037_000269.1	RLN47944.1	31.7	186	352	237	2.84e-17	84.7	52.8	325452	Oomycota	Phytophthora	Phytophthora kernoviae	RLN47944.1 hypothetical protein BBJ29_006779 [Phytophthora kernoviae]
Pcub-SC1982_037_000269.1	KAF4322087.1	31.7	186	352	237	2.84e-17	84.7	52.8	325452;1284355	Oomycota	Phytophthora	Phytophthora kernoviae	KAF4322087.1 hypothetical protein G195_002953 [Phytophthora kernoviae 00238/432]
Pcub-SC1982_037_000269.1	XP_009526406.1	31.7	186	352	223	4.14e-17	84.0	52.8	67593	Oomycota	Phytophthora	Phytophthora sojae	XP_009526406.1 hypothetical protein PHYSODRAFT_544971, partial [Phytophthora sojae]
Pcub-SC1982_037_000269.1	RMX66105.1	32.8	189	352	239	1.05e-16	83.2	52.8	542832	Oomycota	Peronospora	Peronospora effusa	RMX66105.1 hypothetical protein DD238_001159 [Peronospora effusa]
Pcub-SC1982_037_000269.1	KAG2780922.1	32.6	187	352	236	1.36e-16	82.8	52.8	29920	Oomycota	Phytophthora	Phytophthora cactorum	KAG2780922.1 hypothetical protein Pcac1_g8991 [Phytophthora cactorum]
Pcub-SC1982_037_000269.1	KAG3120055.1	32.6	187	352	236	1.36e-16	82.8	52.8	53986	Oomycota	Phytophthora	Phytophthora idaei	KAG3120055.1 hypothetical protein PI125_g1470 [Phytophthora idaei]
Pcub-SC1982_037_000269.1	KAG6623642.1	31.7	186	352	239	1.44e-16	82.8	52.8	4785	Oomycota	Phytophthora	Phytophthora cinnamomi	KAG6623642.1 uracil phosphoribosyltransferase [Phytophthora cinnamomi]
Pcub-SC1982_037_000269.1	ETK85480.1	33.9	189	352	241	1.49e-16	82.8	52.8	4792	Oomycota	Phytophthora	Phytophthora nicotianae	ETK85480.1 uracil phosphoribosyltransferase [Phytophthora nicotianae]
Pcub-SC1982_037_000269.1	ETI45526.1	33.9	189	352	241	1.49e-16	82.8	52.8	4792;1317063;1317064;1317065;1317066	Oomycota	Phytophthora	Phytophthora nicotianae	ETI45526.1 uracil phosphoribosyltransferase [Phytophthora nicotianae P1569]
Pcub-SC1982_037_000269.1	GLD95356.1	29.3	188	352	236	1.87e-16	82.4	52.8	114742	Oomycota	Pythium	Pythium insidiosum	GLD95356.1 hypothetical protein PINS_up004000 [Pythium insidiosum]
Pcub-SC1982_037_000269.1	CAH0488094.1	32.3	189	352	239	1.97e-16	82.4	52.8	134698	Oomycota	Peronospora	Peronospora farinosa	CAH0488094.1 unnamed protein product [Peronospora farinosa]
Pcub-SC1982_037_000269.1	KAH7484483.1	31.2	186	352	239	1.97e-16	82.4	52.8	164328	Oomycota	Phytophthora	Phytophthora ramorum	KAH7484483.1 Uracil phosphoribosyltransferase [Phytophthora ramorum]
Pcub-SC1982_037_000269.1	KAE9036141.1	33.2	187	352	239	3.71e-16	81.6	52.8	53985;129364	Oomycota	Phytophthora	Phytophthora fragariae;Phytophthora rubi	KAE9036141.1 hypothetical protein PR002_g7225 [Phytophthora rubi]
Pcub-SC1982_037_000269.1	KAE8949996.1	33.2	187	352	239	3.71e-16	81.6	52.8	53985	Oomycota	Phytophthora	Phytophthora fragariae	KAE8949996.1 hypothetical protein PF009_g459 [Phytophthora fragariae]
Pcub-SC1982_037_000269.1	RQM18022.1	32.3	189	352	239	3.71e-16	81.6	52.8	542832	Oomycota	Peronospora	Peronospora effusa	RQM18022.1 hypothetical protein DD237_001894 [Peronospora effusa]
Pcub-SC1982_037_000269.1	KUF85926.1	33.9	189	352	241	3.84e-16	81.6	52.8	4792	Oomycota	Phytophthora	Phytophthora nicotianae	KUF85926.1 Uracil phosphoribosyltransferase [Phytophthora nicotianae]
Pcub-SC1982_037_000269.1	XP_024572906.1	32.6	187	352	235	4.74e-16	81.3	52.8	4781	Oomycota	Plasmopara	Plasmopara halstedii	XP_024572906.1 uracil phosphoribosyltransferase [Plasmopara halstedii]
Pcub-SC1982_037_000269.1	KAG7391059.1	31.2	186	352	237	4.91e-16	81.3	52.8	109152	Oomycota	Phytophthora	Phytophthora boehmeriae	KAG7391059.1 hypothetical protein PHYBOEH_006794 [Phytophthora boehmeriae]
Pcub-SC1982_037_000269.1	KAF4042594.1	32.3	189	352	239	5.09e-16	81.3	52.8	4787	Oomycota	Phytophthora	Phytophthora infestans	KAF4042594.1 Uracil phosphoribosyltransferase [Phytophthora infestans]
Pcub-SC1982_037_000269.1	KAG6969691.1	32.6	187	352	371	7.25e-16	82.8	52.8	29920	Oomycota	Phytophthora	Phytophthora cactorum	KAG6969691.1 hypothetical protein JG687_00003064 [Phytophthora cactorum]
Pcub-SC1982_037_000269.1	KAG6975895.1	32.6	187	352	394	8.47e-16	82.8	52.8	2496075	Oomycota	Phytophthora	Phytophthora aleatoria	KAG6975895.1 hypothetical protein JG688_00001916 [Phytophthora aleatoria]
Pcub-SC1982_037_000269.1	CAI5736294.1	31.9	188	352	239	9.55e-16	80.5	52.8	86335	Oomycota	Peronospora	Peronospora destructor	CAI5736294.1 unnamed protein product [Peronospora destructor]
Pcub-SC1982_037_000269.1	DAZ99661.1	31.6	190	352	1018	1.07e-15	83.6	53.4	4803	Oomycota	Lagenidium	Lagenidium giganteum	DAZ99661.1 TPA: hypothetical protein N0F65_001898 [Lagenidium giganteum]
Pcub-SC1982_037_000269.1	OQS06806.1	32.3	189	352	231	1.56e-15	79.7	52.8	74557	Oomycota	Thraustotheca	Thraustotheca clavata	OQS06806.1 uracil phosphoribosyltransferase [Thraustotheca clavata]
Pcub-SC1982_037_000266.1	KAJ0399295.1	33.0	640	757	675	5.31e-98	322	78.9	114742	Oomycota	Pythium	Pythium insidiosum	KAJ0399295.1 hypothetical protein ATCC90586_005218 [Pythium insidiosum]
Pcub-SC1982_037_000266.1	KAJ0396390.1	32.8	640	757	675	7.78e-97	319	78.9	114742	Oomycota	Pythium	Pythium insidiosum	KAJ0396390.1 hypothetical protein P43SY_004147 [Pythium insidiosum]
Pcub-SC1982_037_000266.1	KAF1322643.1	33.9	638	757	678	1.22e-95	316	78.9	82926	Oomycota	Globisporangium	Globisporangium splendens	KAF1322643.1 Dipeptidyl aminopeptidase/acylaminoacyl peptidase, partial [Globisporangium splendens]
Pcub-SC1982_037_000266.1	TMW55334.1	32.0	616	757	665	1.24e-95	315	77.3	41045	Oomycota	Pythium	Pythium oligandrum	TMW55334.1 hypothetical protein Poli38472_013225 [Pythium oligandrum]
Pcub-SC1982_037_000266.1	TYZ66710.1	32.6	651	757	678	1.02e-91	305	80.1	1485010	Oomycota	Globisporangium	[Pythium] brassicae (nom. inval.)	TYZ66710.1 hypothetical protein PybrP1_000849 [[Pythium] brassicae (nom. inval.)]
Pcub-SC1982_037_000266.1	GLD94506.1	32.5	633	757	676	1.07e-88	297	78.9	114742	Oomycota	Pythium	Pythium insidiosum	GLD94506.1 hypothetical protein PINS_up003117 [Pythium insidiosum]
Pcub-SC1982_037_000266.1	OQR93999.1	32.4	621	757	1150	2.56e-87	303	78.7	74557	Oomycota	Thraustotheca	Thraustotheca clavata	OQR93999.1 acylamino acid-releasing enzyme [Thraustotheca clavata]
Pcub-SC1982_037_000266.1	KAG9406761.1	30.9	643	757	675	1.60e-84	286	78.7	112091	Oomycota	Aphanomyces	Aphanomyces cochlioides	KAG9406761.1 hypothetical protein AC1031_003084 [Aphanomyces cochlioides]
Pcub-SC1982_037_000266.1	OQR94610.1	31.8	617	757	649	6.78e-81	276	78.7	1202772	Oomycota	Achlya	Achlya hypogyna	OQR94610.1 acylamino acid-releasing enzyme [Achlya hypogyna]
Pcub-SC1982_037_000266.1	XP_009837716.1	30.6	648	757	664	4.98e-79	271	82.2	112090	Oomycota	Aphanomyces	Aphanomyces astaci	XP_009837716.1 hypothetical protein H257_12259 [Aphanomyces astaci]
Pcub-SC1982_037_000266.1	GLD94492.1	32.5	588	757	607	5.12e-79	270	71.7	114742	Oomycota	Pythium	Pythium insidiosum	GLD94492.1 hypothetical protein PINS_up003103 [Pythium insidiosum]
Pcub-SC1982_037_000266.1	DAZ92398.1	30.3	638	757	664	6.92e-79	271	78.9	4803	Oomycota	Lagenidium	Lagenidium giganteum	DAZ92398.1 TPA: hypothetical protein N0F65_003781 [Lagenidium giganteum]
Pcub-SC1982_037_000266.1	RHY80981.1	31.6	610	757	640	4.09e-78	268	77.1	112090	Oomycota	Aphanomyces	Aphanomyces astaci	RHY80981.1 hypothetical protein DYB31_013244 [Aphanomyces astaci]
Pcub-SC1982_037_000266.1	RQM12134.1	31.0	610	757	640	7.91e-78	267	77.1	112090	Oomycota	Aphanomyces	Aphanomyces astaci	RQM12134.1 hypothetical protein B5M09_012200 [Aphanomyces astaci]
Pcub-SC1982_037_000266.1	RHZ30909.1	31.6	613	757	640	7.91e-78	267	77.5	112090	Oomycota	Aphanomyces	Aphanomyces astaci	RHZ30909.1 hypothetical protein DYB37_009901 [Aphanomyces astaci]
Pcub-SC1982_037_000266.1	RHY71162.1	31.5	612	757	642	8.27e-78	267	77.1	112090	Oomycota	Aphanomyces	Aphanomyces astaci	RHY71162.1 hypothetical protein DYB38_008612 [Aphanomyces astaci]
Pcub-SC1982_037_000266.1	KAF0707405.1	30.8	603	757	640	1.53e-77	266	77.1	112090	Oomycota	Aphanomyces	Aphanomyces astaci	KAF0707405.1 hypothetical protein AaE_013619 [Aphanomyces astaci]
Pcub-SC1982_037_000266.1	RHY94495.1	31.4	609	757	640	7.94e-77	265	77.1	112090	Oomycota	Aphanomyces	Aphanomyces astaci	RHY94495.1 hypothetical protein DYB35_010824 [Aphanomyces astaci]
Pcub-SC1982_037_000266.1	RHY01907.1	31.9	612	757	656	8.11e-77	265	77.1	112090	Oomycota	Aphanomyces	Aphanomyces astaci	RHY01907.1 hypothetical protein DYB36_013078, partial [Aphanomyces astaci]
Pcub-SC1982_037_000266.1	XP_009837727.1	30.7	649	757	665	9.84e-77	265	82.2	112090	Oomycota	Aphanomyces	Aphanomyces astaci	XP_009837727.1 hypothetical protein H257_12272 [Aphanomyces astaci]
Pcub-SC1982_037_000266.1	XP_008611495.1	33.2	615	757	646	1.75e-76	264	77.3	1156394	Oomycota	Saprolegnia	Saprolegnia diclina	XP_008611495.1 hypothetical protein SDRG_07440 [Saprolegnia diclina VS20]
Pcub-SC1982_037_000266.1	KAF0699052.1	30.0	624	757	654	2.89e-76	263	78.7	120398	Oomycota	Aphanomyces	Aphanomyces stellatus	KAF0699052.1 hypothetical protein As57867_010326 [Aphanomyces stellatus]
Pcub-SC1982_037_000266.1	XP_009837732.1	31.4	612	757	666	5.19e-76	263	77.1	112090	Oomycota	Aphanomyces	Aphanomyces astaci	XP_009837732.1 hypothetical protein H257_12277 [Aphanomyces astaci]
Pcub-SC1982_037_000266.1	XP_012209439.1	31.0	603	757	591	1.36e-75	260	77.3	695850	Oomycota	Saprolegnia	Saprolegnia parasitica	XP_012209439.1 hypothetical protein SPRG_21469 [Saprolegnia parasitica CBS 223.65]
Pcub-SC1982_037_000266.1	RQM30746.1	30.4	612	757	632	1.23e-70	248	77.1	112090	Oomycota	Aphanomyces	Aphanomyces astaci	RQM30746.1 hypothetical protein B5M09_009215 [Aphanomyces astaci]
Pcub-SC1982_037_000017.1	XP_012195821.1	26.6	552	503	638	1.69e-36	147	97.2	695850	Oomycota	Saprolegnia	Saprolegnia parasitica	XP_012195821.1 hypothetical protein SPRG_01865 [Saprolegnia parasitica CBS 223.65]
Pcub-SC1982_037_000017.1	XP_008612343.1	26.8	552	503	638	3.13e-36	147	97.2	1156394	Oomycota	Saprolegnia	Saprolegnia diclina	XP_008612343.1 hypothetical protein, variant 2 [Saprolegnia diclina VS20]
Pcub-SC1982_037_000017.1	XP_008612342.1	26.8	552	503	817	7.02e-36	147	97.2	1156394	Oomycota	Saprolegnia	Saprolegnia diclina	XP_008612342.1 hypothetical protein SDRG_08246 [Saprolegnia diclina VS20]
Pcub-SC1982_037_000017.1	OQS06625.1	24.9	542	503	638	1.60e-32	136	97.0	74557	Oomycota	Thraustotheca	Thraustotheca clavata	OQS06625.1 hypothetical protein THRCLA_01337 [Thraustotheca clavata]
Pcub-SC1982_037_000017.1	OQR99276.1	25.2	552	503	841	2.32e-31	133	97.4	1202772	Oomycota	Achlya	Achlya hypogyna	OQR99276.1 hypothetical protein ACHHYP_07096 [Achlya hypogyna]
Pcub-SC1982_037_000017.1	KAF0742991.1	24.9	515	503	594	9.36e-30	127	96.2	100861	Oomycota	Aphanomyces	Aphanomyces euteiches	KAF0742991.1 hypothetical protein Ae201684_002055 [Aphanomyces euteiches]
Pcub-SC1982_037_000017.1	KAH9086901.1	25.5	521	503	591	1.37e-28	124	96.2	100861	Oomycota	Aphanomyces	Aphanomyces euteiches	KAH9086901.1 hypothetical protein Ae201684P_000316 [Aphanomyces euteiches]
Pcub-SC1982_037_000017.1	KAF0743048.1	25.1	521	503	593	1.51e-27	121	96.2	100861	Oomycota	Aphanomyces	Aphanomyces euteiches	KAF0743048.1 hypothetical protein Ae201684_002107 [Aphanomyces euteiches]
Pcub-SC1982_037_000017.1	KAH9145224.1	25.1	521	503	655	1.94e-27	121	96.2	100861	Oomycota	Aphanomyces	Aphanomyces euteiches	KAH9145224.1 hypothetical protein AeRB84_010857 [Aphanomyces euteiches]
Pcub-SC1982_037_000017.1	KAG9414990.1	24.8	517	503	571	4.40e-27	119	95.6	112091	Oomycota	Aphanomyces	Aphanomyces cochlioides	KAG9414990.1 hypothetical protein AC1031_008412 [Aphanomyces cochlioides]
Pcub-SC1982_037_000017.1	KAH9125769.1	23.9	514	503	1283	1.99e-26	119	96.2	100861	Oomycota	Aphanomyces	Aphanomyces euteiches	KAH9125769.1 hypothetical protein AeMF1_003671 [Aphanomyces euteiches]
Pcub-SC1982_037_000017.1	KAH9162818.1	23.9	514	503	1283	1.99e-26	119	96.2	100861	Oomycota	Aphanomyces	Aphanomyces euteiches	KAH9162818.1 hypothetical protein LEN26_000782 [Aphanomyces euteiches]
Pcub-SC1982_037_000017.1	KAF0743049.1	23.7	514	503	589	3.86e-26	117	96.2	100861	Oomycota	Aphanomyces	Aphanomyces euteiches	KAF0743049.1 hypothetical protein Ae201684_002108 [Aphanomyces euteiches]
Pcub-SC1982_037_000017.1	KAH9087031.1	23.6	513	503	586	5.12e-26	116	96.2	100861	Oomycota	Aphanomyces	Aphanomyces euteiches	KAH9087031.1 hypothetical protein Ae201684P_000445 [Aphanomyces euteiches]
Pcub-SC1982_037_000017.1	KAF0742993.1	24.4	517	503	549	7.61e-26	115	95.6	100861	Oomycota	Aphanomyces	Aphanomyces euteiches	KAF0742993.1 hypothetical protein Ae201684_002057 [Aphanomyces euteiches]
Pcub-SC1982_037_000017.1	KAH9125768.1	24.6	517	503	549	1.02e-25	115	95.6	100861	Oomycota	Aphanomyces	Aphanomyces euteiches	KAH9125768.1 hypothetical protein AeMF1_003670 [Aphanomyces euteiches]
Pcub-SC1982_037_000017.1	KAH9162819.1	24.6	517	503	549	1.02e-25	115	95.6	100861	Oomycota	Aphanomyces	Aphanomyces euteiches	KAH9162819.1 hypothetical protein LEN26_000783 [Aphanomyces euteiches]
Pcub-SC1982_037_000017.1	KAG9414992.1	23.6	513	503	593	1.28e-25	115	96.2	112091	Oomycota	Aphanomyces	Aphanomyces cochlioides	KAG9414992.1 hypothetical protein AC1031_008414 [Aphanomyces cochlioides]
Pcub-SC1982_037_000017.1	KAH9125766.1	24.5	514	503	596	1.74e-25	115	96.2	100861	Oomycota	Aphanomyces	Aphanomyces euteiches	KAH9125766.1 hypothetical protein AeMF1_003668 [Aphanomyces euteiches]
Pcub-SC1982_037_000017.1	KAH9087134.1	24.7	519	503	546	1.82e-25	114	95.6	100861	Oomycota	Aphanomyces	Aphanomyces euteiches	KAH9087134.1 hypothetical protein Ae201684P_000546 [Aphanomyces euteiches]
Pcub-SC1982_037_000017.1	KAF0687382.1	25.0	528	503	593	5.82e-24	110	97.0	120398	Oomycota	Aphanomyces	Aphanomyces stellatus	KAF0687382.1 hypothetical protein As57867_020797 [Aphanomyces stellatus]
Pcub-SC1982_037_000017.1	XP_008869523.1	24.1	515	503	590	4.44e-23	107	96.2	157072	Oomycota	Aphanomyces	Aphanomyces invadans	XP_008869523.1 hypothetical protein H310_06296 [Aphanomyces invadans]
Pcub-SC1982_037_000017.1	OQR87872.1	24.3	506	503	551	2.20e-22	105	96.2	1202772	Oomycota	Achlya	Achlya hypogyna	OQR87872.1 hypothetical protein ACHHYP_20346 [Achlya hypogyna]
Pcub-SC1982_037_000017.1	OQS02560.1	23.4	531	503	584	4.46e-22	104	96.8	74557	Oomycota	Thraustotheca	Thraustotheca clavata	OQS02560.1 hypothetical protein THRCLA_05078 [Thraustotheca clavata]
Pcub-SC1982_037_000017.1	KAF0716834.1	24.0	516	503	595	8.24e-22	103	96.2	120398	Oomycota	Aphanomyces	Aphanomyces stellatus	KAF0716834.1 hypothetical protein As57867_002622 [Aphanomyces stellatus]
Pcub-SC1982_037_000263.1	KAF0689110.1	33.2	199	190	267	3.04e-18	84.3	90.5	120398	Oomycota	Aphanomyces	Aphanomyces stellatus	KAF0689110.1 hypothetical protein As57867_019318 [Aphanomyces stellatus]
Pcub-SC1982_037_000263.1	KAG7394586.1	30.8	208	190	279	6.91e-16	78.2	90.5	109152	Oomycota	Phytophthora	Phytophthora boehmeriae	KAG7394586.1 hypothetical protein PHYBOEH_005004 [Phytophthora boehmeriae]
Pcub-SC1982_037_000263.1	TMW61985.1	30.9	207	190	270	3.16e-15	76.3	90.5	41045	Oomycota	Pythium	Pythium oligandrum	TMW61985.1 hypothetical protein Poli38472_009478 [Pythium oligandrum]
Pcub-SC1982_037_000263.1	KAG7383865.1	27.9	204	190	1017	3.48e-15	77.8	90.5	109152	Oomycota	Phytophthora	Phytophthora boehmeriae	KAG7383865.1 Bifunctional 3'-phosphoadenosine 5'-phosphosulfate synthase 1 [Phytophthora boehmeriae]
Pcub-SC1982_037_000263.1	XP_009831968.1	31.0	200	190	265	5.70e-15	75.5	90.5	112090	Oomycota	Aphanomyces	Aphanomyces astaci	XP_009831968.1 hypothetical protein, variant 2 [Aphanomyces astaci]
Pcub-SC1982_037_000263.1	XP_009831971.1	32.5	169	190	262	7.61e-15	75.1	76.3	112090	Oomycota	Aphanomyces	Aphanomyces astaci	XP_009831971.1 hypothetical protein, variant 3 [Aphanomyces astaci]
Pcub-SC1982_037_000263.1	KAF4325331.1	27.2	206	190	1026	8.74e-15	76.6	90.5	325452;1284355	Oomycota	Phytophthora	Phytophthora kernoviae	KAF4325331.1 hypothetical protein G195_001229 [Phytophthora kernoviae 00238/432]
Pcub-SC1982_037_000263.1	XP_008866562.1	30.5	200	190	266	1.11e-14	74.7	90.5	157072	Oomycota	Aphanomyces	Aphanomyces invadans	XP_008866562.1 hypothetical protein H310_04143 [Aphanomyces invadans]
Pcub-SC1982_037_000263.1	RMX64595.1	28.8	208	190	273	1.21e-14	74.7	90.5	542832	Oomycota	Peronospora	Peronospora effusa	RMX64595.1 hypothetical protein DD238_005804 [Peronospora effusa]
Pcub-SC1982_037_000263.1	CAH0492526.1	28.8	208	190	273	1.21e-14	74.7	90.5	134698	Oomycota	Peronospora	Peronospora farinosa	CAH0492526.1 unnamed protein product [Peronospora farinosa]
Pcub-SC1982_037_000263.1	KAK1930440.1	28.8	208	190	289	1.44e-14	74.7	90.5	4793	Oomycota	Phytophthora	Phytophthora citrophthora	KAK1930440.1 Inorganic pyrophosphatase [Phytophthora citrophthora]
Pcub-SC1982_037_000263.1	KAF4317176.1	30.3	211	190	289	1.44e-14	74.7	90.5	325452;1284355	Oomycota	Phytophthora	Phytophthora kernoviae	KAF4317176.1 hypothetical protein G195_007653 [Phytophthora kernoviae 00238/432]
Pcub-SC1982_037_000263.1	KAF0722847.1	32.1	212	190	265	1.52e-14	74.3	95.8	100861	Oomycota	Aphanomyces	Aphanomyces euteiches	KAF0722847.1 hypothetical protein Ae201684_018079 [Aphanomyces euteiches]
Pcub-SC1982_037_000263.1	RLN47692.1	27.2	206	190	991	1.60e-14	75.9	90.5	325452	Oomycota	Phytophthora	Phytophthora kernoviae	RLN47692.1 hypothetical protein BBJ29_000557 [Phytophthora kernoviae]
Pcub-SC1982_037_000263.1	RLN55810.1	30.3	211	190	289	1.99e-14	74.3	90.5	325452	Oomycota	Phytophthora	Phytophthora kernoviae	RLN55810.1 hypothetical protein BBP00_00008349 [Phytophthora kernoviae]
Pcub-SC1982_037_000263.1	KAJ0402818.1	29.9	214	190	265	2.10e-14	73.9	97.4	114742	Oomycota	Pythium	Pythium insidiosum	KAJ0402818.1 hypothetical protein P43SY_007360 [Pythium insidiosum]
Pcub-SC1982_037_000263.1	CCA14452.1	30.1	173	190	1926	2.33e-14	75.5	79.5	890382	Oomycota	Albugo	Albugo laibachii	CCA14452.1 APS kinase/ATP sulfurlyase/pyrophosphatase fusion protein putative [Albugo laibachii Nc14]
Pcub-SC1982_037_000263.1	CCA14450.1	30.1	173	190	1934	2.33e-14	75.5	79.5	890382	Oomycota	Albugo	Albugo laibachii	CCA14450.1 APS kinase/ATP sulfurlyase/pyrophosphatase fusion protein putative [Albugo laibachii Nc14]
Pcub-SC1982_037_000263.1	CCA14451.1	30.1	173	190	1935	2.33e-14	75.5	79.5	890382	Oomycota	Albugo	Albugo laibachii	CCA14451.1 APS kinase/ATP sulfurlyase/pyrophosphatase fusion protein putative [Albugo laibachii Nc14]
Pcub-SC1982_037_000263.1	CCA14430.1	30.1	173	190	1936	2.33e-14	75.5	79.5	890382	Oomycota	Albugo	Albugo laibachii	CCA14430.1 APS kinase/ATP sulfurlyase/pyrophosphatase fusion protein putative [Albugo laibachii Nc14]
Pcub-SC1982_037_000263.1	CCA14454.1	30.1	173	190	1937	2.33e-14	75.5	79.5	890382	Oomycota	Albugo	Albugo laibachii	CCA14454.1 APS kinase/ATP sulfurlyase/pyrophosphatase fusion protein putative [Albugo laibachii Nc14]
Pcub-SC1982_037_000263.1	CCA14455.1	30.1	173	190	1943	2.33e-14	75.5	79.5	890382	Oomycota	Albugo	Albugo laibachii	CCA14455.1 APS kinase/ATP sulfurlyase/pyrophosphatase fusion protein putative [Albugo laibachii Nc14]
Pcub-SC1982_037_000263.1	CCA14433.1	30.1	173	190	1944	2.33e-14	75.5	79.5	890382	Oomycota	Albugo	Albugo laibachii	CCA14433.1 APS kinase/ATP sulfurlyase/pyrophosphatase fusion protein putative [Albugo laibachii Nc14]
Pcub-SC1982_037_000263.1	CCA14444.1	30.1	173	190	1944	2.33e-14	75.5	79.5	890382	Oomycota	Albugo	Albugo laibachii	CCA14444.1 APS kinase/ATP sulfurlyase/pyrophosphatase fusion protein putative [Albugo laibachii Nc14]
Pcub-SC1982_037_000263.1	CCA14434.1	30.1	173	190	1945	2.33e-14	75.5	79.5	890382	Oomycota	Albugo	Albugo laibachii	CCA14434.1 APS kinase/ATP sulfurlyase/pyrophosphatase fusion protein putative [Albugo laibachii Nc14]
Pcub-SC1982_037_000020.1	DAZ95628.1	34.5	87	204	181	3.00e-05	47.8	41.2	4803	Oomycota	Lagenidium	Lagenidium giganteum	DAZ95628.1 TPA: hypothetical protein N0F65_002257 [Lagenidium giganteum]
Pcub-SC1982_037_000020.1	DAZ99243.1	33.1	121	204	219	1.96e-04	45.8	56.9	4803	Oomycota	Lagenidium	Lagenidium giganteum	DAZ99243.1 TPA: hypothetical protein N0F65_008110 [Lagenidium giganteum]
Pcub-SC1982_037_000020.1	DAZ99242.1	35.5	62	204	240	9.97e-04	43.9	30.4	4803	Oomycota	Lagenidium	Lagenidium giganteum	DAZ99242.1 TPA: hypothetical protein N0F65_008109 [Lagenidium giganteum]
Pcub-SC1982_037_000261.1	XP_008604294.1	39.0	105	130	385	3.51e-15	75.1	80.0	1156394	Oomycota	Saprolegnia	Saprolegnia diclina	XP_008604294.1 hypothetical protein SDRG_00590 [Saprolegnia diclina VS20]
Pcub-SC1982_037_000261.1	XP_012201291.1	39.0	105	130	387	4.86e-15	74.7	80.0	695850	Oomycota	Saprolegnia	Saprolegnia parasitica	XP_012201291.1 hypothetical protein SPRG_07104 [Saprolegnia parasitica CBS 223.65]
Pcub-SC1982_037_000261.1	XP_012211823.1	39.0	105	130	387	4.86e-15	74.7	80.0	695850	Oomycota	Saprolegnia	Saprolegnia parasitica	XP_012211823.1 hypothetical protein SPRG_16971 [Saprolegnia parasitica CBS 223.65]
Pcub-SC1982_037_000261.1	KAJ0401362.1	37.3	110	130	1523	1.66e-14	73.6	83.8	114742	Oomycota	Pythium	Pythium insidiosum	KAJ0401362.1 hypothetical protein ATCC90586_000969 [Pythium insidiosum]
Pcub-SC1982_037_000261.1	GLD96743.1	37.3	110	130	410	1.83e-14	73.2	83.8	114742	Oomycota	Pythium	Pythium insidiosum	GLD96743.1 hypothetical protein PINS_up005426 [Pythium insidiosum]
Pcub-SC1982_037_000261.1	KAH9085384.1	37.0	100	130	357	2.90e-14	72.4	76.2	100861	Oomycota	Aphanomyces	Aphanomyces euteiches	KAH9085384.1 hypothetical protein Ae201684P_005092 [Aphanomyces euteiches]
Pcub-SC1982_037_000261.1	KAF0733336.1	37.0	100	130	377	3.13e-14	72.4	76.2	100861	Oomycota	Aphanomyces	Aphanomyces euteiches	KAF0733336.1 hypothetical protein Ae201684_009586 [Aphanomyces euteiches]
Pcub-SC1982_037_000261.1	OQR83619.1	37.1	105	130	388	3.24e-14	72.4	80.0	1202772	Oomycota	Achlya	Achlya hypogyna	OQR83619.1 ATP-binding Cassette (ABC) superfamily [Achlya hypogyna]
Pcub-SC1982_037_000261.1	KAH9117030.1	37.0	100	130	377	4.30e-14	72.0	76.2	100861	Oomycota	Aphanomyces	Aphanomyces euteiches	KAH9117030.1 hypothetical protein AeMF1_009132 [Aphanomyces euteiches]
Pcub-SC1982_037_000261.1	KAH9137910.1	37.0	100	130	377	4.30e-14	72.0	76.2	100861	Oomycota	Aphanomyces	Aphanomyces euteiches	KAH9137910.1 hypothetical protein LEN26_005494 [Aphanomyces euteiches]
Pcub-SC1982_037_000261.1	OQS06808.1	38.1	105	130	1725	7.87e-14	71.6	80.0	74557	Oomycota	Thraustotheca	Thraustotheca clavata	OQS06808.1 DNA replication licensing factor MCM8 [Thraustotheca clavata]
Pcub-SC1982_037_000261.1	XP_008604295.1	38.6	101	130	387	8.32e-14	71.2	76.9	1156394	Oomycota	Saprolegnia	Saprolegnia diclina	XP_008604295.1 hypothetical protein SDRG_00591 [Saprolegnia diclina VS20]
Pcub-SC1982_037_000261.1	KAF1322132.1	34.4	128	130	382	1.12e-13	70.9	96.2	82926	Oomycota	Globisporangium	Globisporangium splendens	KAF1322132.1 Atp-binding protein, partial [Globisporangium splendens]
Pcub-SC1982_037_000261.1	XP_012201290.1	38.6	101	130	387	1.14e-13	70.9	76.9	695850	Oomycota	Saprolegnia	Saprolegnia parasitica	XP_012201290.1 hypothetical protein SPRG_07103 [Saprolegnia parasitica CBS 223.65]
Pcub-SC1982_037_000261.1	OQR83607.1	37.6	101	130	380	1.53e-13	70.5	76.9	1202772	Oomycota	Achlya	Achlya hypogyna	OQR83607.1 ATP-binding Cassette (ABC) superfamily [Achlya hypogyna]
Pcub-SC1982_037_000261.1	ETP28583.1	33.1	121	130	322	3.12e-13	69.3	90.8	1317064	Oomycota	Phytophthora	Phytophthora nicotianae	ETP28583.1 hypothetical protein, variant 1 [Phytophthora nicotianae P10297]
Pcub-SC1982_037_000261.1	ETL77702.1	33.1	121	130	322	3.12e-13	69.3	90.8	4792	Oomycota	Phytophthora	Phytophthora nicotianae	ETL77702.1 hypothetical protein, variant 1 [Phytophthora nicotianae]
Pcub-SC1982_037_000261.1	ETL77701.1	33.1	121	130	376	3.90e-13	69.3	90.8	4792	Oomycota	Phytophthora	Phytophthora nicotianae	ETL77701.1 hypothetical protein L917_21362 [Phytophthora nicotianae]
Pcub-SC1982_037_000261.1	ETP28582.1	33.1	121	130	376	3.90e-13	69.3	90.8	1317064	Oomycota	Phytophthora	Phytophthora nicotianae	ETP28582.1 hypothetical protein F442_22122 [Phytophthora nicotianae P10297]
Pcub-SC1982_037_000261.1	ETO59386.1	33.1	121	130	322	4.30e-13	68.9	90.8	1317066	Oomycota	Phytophthora	Phytophthora nicotianae	ETO59386.1 hypothetical protein, variant 1 [Phytophthora nicotianae P1976]
Pcub-SC1982_037_000261.1	XP_008915518.1	33.1	121	130	322	4.30e-13	68.9	90.8	761204	Oomycota	Phytophthora	Phytophthora nicotianae	XP_008915518.1 hypothetical protein, variant 1 [Phytophthora nicotianae INRA-310]
Pcub-SC1982_037_000261.1	ETK71037.1	33.1	121	130	322	4.30e-13	68.9	90.8	4792;1317063	Oomycota	Phytophthora	Phytophthora nicotianae	ETK71037.1 hypothetical protein, variant 1 [Phytophthora nicotianae]
Pcub-SC1982_037_000261.1	KUF88742.1	33.1	121	130	376	5.34e-13	68.9	90.8	4792	Oomycota	Phytophthora	Phytophthora nicotianae	KUF88742.1 ATP-binding Cassette (ABC) superfamily [Phytophthora nicotianae]
Pcub-SC1982_037_000261.1	XP_008915517.1	33.1	121	130	376	5.34e-13	68.9	90.8	761204	Oomycota	Phytophthora	Phytophthora nicotianae	XP_008915517.1 hypothetical protein PPTG_18947 [Phytophthora nicotianae INRA-310]
Pcub-SC1982_037_000261.1	ETO59385.1	33.1	121	130	376	5.34e-13	68.9	90.8	1317066	Oomycota	Phytophthora	Phytophthora nicotianae	ETO59385.1 hypothetical protein F444_22244 [Phytophthora nicotianae P1976]
Pcub-SC1982_037_000258.1	KAG9398589.1	24.9	185	217	492	4.36e-07	54.7	82.0	112091	Oomycota	Aphanomyces	Aphanomyces cochlioides	KAG9398589.1 hypothetical protein AC1031_014369 [Aphanomyces cochlioides]
Pcub-SC1982_037_000258.1	XP_008862970.1	30.0	120	217	255	2.19e-06	52.0	54.4	157072	Oomycota	Aphanomyces	Aphanomyces invadans	XP_008862970.1 hypothetical protein H310_01597 [Aphanomyces invadans]
Pcub-SC1982_037_000258.1	OQS02797.1	27.9	122	217	498	2.62e-06	52.4	56.2	74557	Oomycota	Thraustotheca	Thraustotheca clavata	OQS02797.1 phosphoethanolamine N-methyltransferase [Thraustotheca clavata]
Pcub-SC1982_037_000258.1	GLD91995.1	25.7	171	217	491	3.52e-06	52.0	76.5	114742	Oomycota	Pythium	Pythium insidiosum	GLD91995.1 hypothetical protein PINS_up000527 [Pythium insidiosum]
Pcub-SC1982_037_000258.1	KAF4136771.1	27.5	167	217	491	3.52e-06	52.0	73.7	4787	Oomycota	Phytophthora	Phytophthora infestans	KAF4136771.1 Methyltransferase domain [Phytophthora infestans]
Pcub-SC1982_037_000258.1	KAI9992735.1	27.5	167	217	491	3.52e-06	52.0	73.7	4787	Oomycota	Phytophthora	Phytophthora infestans	KAI9992735.1 hypothetical protein PInf_014603 [Phytophthora infestans]
Pcub-SC1982_037_000258.1	XP_002898136.1	27.5	167	217	498	3.53e-06	52.0	73.7	403677	Oomycota	Phytophthora	Phytophthora infestans	XP_002898136.1 phosphoethanolamine N-methyltransferase [Phytophthora infestans T30-4]
Pcub-SC1982_037_000258.1	KAI9992734.1	27.5	167	217	498	3.53e-06	52.0	73.7	4787	Oomycota	Phytophthora	Phytophthora infestans	KAI9992734.1 hypothetical protein PInf_014602 [Phytophthora infestans]
Pcub-SC1982_037_000258.1	KAF4044258.1	27.5	167	217	500	3.54e-06	52.0	73.7	4787	Oomycota	Phytophthora	Phytophthora infestans	KAF4044258.1 Methyltransferase domain [Phytophthora infestans]
Pcub-SC1982_037_000258.1	KAF4044257.1	27.5	167	217	516	3.58e-06	52.0	73.7	4787	Oomycota	Phytophthora	Phytophthora infestans	KAF4044257.1 Methyltransferase domain [Phytophthora infestans]
Pcub-SC1982_037_000258.1	XP_002898137.1	27.5	167	217	531	3.61e-06	52.0	73.7	403677	Oomycota	Phytophthora	Phytophthora infestans	XP_002898137.1 phosphoethanolamine N-methyltransferase, putative [Phytophthora infestans T30-4]
Pcub-SC1982_037_000258.1	OQR95234.1	30.6	98	217	539	3.63e-06	52.0	45.2	1202772	Oomycota	Achlya	Achlya hypogyna	OQR95234.1 sterol 24c-methyltransferase [Achlya hypogyna]
Pcub-SC1982_037_000258.1	KAJ0392952.1	25.9	174	217	477	6.31e-06	51.2	77.9	114742	Oomycota	Pythium	Pythium insidiosum	KAJ0392952.1 hypothetical protein P43SY_005972 [Pythium insidiosum]
Pcub-SC1982_037_000258.1	KAJ0397192.1	25.9	174	217	491	6.38e-06	51.2	77.9	114742	Oomycota	Pythium	Pythium insidiosum	KAJ0397192.1 hypothetical protein ATCC90586_007630 [Pythium insidiosum]
Pcub-SC1982_037_000258.1	KAH9091276.1	23.8	185	217	492	6.38e-06	51.2	82.0	100861	Oomycota	Aphanomyces	Aphanomyces euteiches	KAH9091276.1 hypothetical protein LEN26_018808 [Aphanomyces euteiches]
Pcub-SC1982_037_000258.1	KAF0689356.1	30.8	104	217	528	6.54e-06	51.2	47.5	120398	Oomycota	Aphanomyces	Aphanomyces stellatus	KAF0689356.1 hypothetical protein As57867_019118 [Aphanomyces stellatus]
Pcub-SC1982_037_000258.1	KAF0729608.1	23.8	185	217	492	8.59e-06	50.8	82.0	100861	Oomycota	Aphanomyces	Aphanomyces euteiches	KAF0729608.1 hypothetical protein Ae201684_012873 [Aphanomyces euteiches]
Pcub-SC1982_037_000258.1	DAZ96530.1	27.3	176	217	493	8.60e-06	50.8	77.9	4803	Oomycota	Lagenidium	Lagenidium giganteum	DAZ96530.1 TPA: hypothetical protein N0F65_011207 [Lagenidium giganteum]
Pcub-SC1982_037_000258.1	KAH9121149.1	30.6	98	217	531	1.19e-05	50.4	45.2	100861	Oomycota	Aphanomyces	Aphanomyces euteiches	KAH9121149.1 hypothetical protein LEN26_010792 [Aphanomyces euteiches]
Pcub-SC1982_037_000258.1	KAG9410378.1	30.6	98	217	531	1.19e-05	50.4	45.2	112091	Oomycota	Aphanomyces	Aphanomyces cochlioides	KAG9410378.1 Delta(24)-sterol C-methyltransferase [Aphanomyces cochlioides]
Pcub-SC1982_037_000258.1	KAF0699610.1	31.0	100	217	492	1.56e-05	50.1	45.6	120398	Oomycota	Aphanomyces	Aphanomyces stellatus	KAF0699610.1 hypothetical protein As57867_009787 [Aphanomyces stellatus]
Pcub-SC1982_037_000258.1	XP_024575968.1	25.3	170	217	498	3.81e-05	48.9	75.1	4781	Oomycota	Plasmopara	Plasmopara halstedii	XP_024575968.1 phosphoethanolamine n-methyltransferase [Plasmopara halstedii]
Pcub-SC1982_037_000258.1	CAI5730069.1	24.1	170	217	501	5.13e-05	48.5	75.1	162125	Oomycota	Hyaloperonospora	Hyaloperonospora brassicae	CAI5730069.1 unnamed protein product [Hyaloperonospora brassicae]
Pcub-SC1982_037_000258.1	RHZ10619.1	26.7	180	217	507	5.15e-05	48.5	79.7	112090	Oomycota	Aphanomyces	Aphanomyces astaci	RHZ10619.1 hypothetical protein DYB31_009156 [Aphanomyces astaci]
Pcub-SC1982_037_000258.1	RHY81399.1	26.7	180	217	507	5.15e-05	48.5	79.7	112090	Oomycota	Aphanomyces	Aphanomyces astaci	RHY81399.1 hypothetical protein DYB35_004611 [Aphanomyces astaci]
Pcub-SC1982_037_000254.1	KAF4324997.1	44.3	174	180	175	6.48e-34	122	95.0	1284355	Oomycota	Phytophthora	Phytophthora kernoviae	KAF4324997.1 hypothetical protein G195_001689, partial [Phytophthora kernoviae 00238/432]
Pcub-SC1982_037_000254.1	KAG4252054.1	33.7	95	180	114	1.92e-09	57.4	52.8	29920	Oomycota	Phytophthora	Phytophthora cactorum	KAG4252054.1 hypothetical protein PC116_g181 [Phytophthora cactorum]
Pcub-SC1982_037_000253.1	CAI5716738.1	29.9	164	199	269	9.32e-09	58.5	78.4	162125	Oomycota	Hyaloperonospora	Hyaloperonospora brassicae	CAI5716738.1 unnamed protein product [Hyaloperonospora brassicae]
Pcub-SC1982_037_000251.1	KAF4322907.1	28.4	204	406	233	1.61e-14	77.4	49.3	1284355	Oomycota	Phytophthora	Phytophthora kernoviae	KAF4322907.1 hypothetical protein G195_004112 [Phytophthora kernoviae 00238/432]
Pcub-SC1982_037_000251.1	KAG3106578.1	26.7	131	406	117	2.93e-06	50.8	31.3	29920	Oomycota	Phytophthora	Phytophthora cactorum	KAG3106578.1 hypothetical protein PC122_g167 [Phytophthora cactorum]
Pcub-SC1982_037_000251.1	YP_009327279.1	40.0	60	406	271	4.20e-05	50.1	14.8	157072	Oomycota	Aphanomyces	Aphanomyces invadans	YP_009327279.1 cytochrome c oxidase subunit 3 [Aphanomyces invadans]
Pcub-SC1982_037_000251.1	YP_009327233.1	38.3	60	406	269	5.55e-05	49.7	14.8	112090	Oomycota	Aphanomyces	Aphanomyces astaci	YP_009327233.1 cytochrome c oxidase subunit 3 [Aphanomyces astaci]
Pcub-SC1982_037_000251.1	YP_008475346.1	38.3	60	406	270	5.58e-05	49.7	14.8	1202772	Oomycota	Achlya	Achlya hypogyna	YP_008475346.1 cytochrome c oxidase subunit 3 [Achlya hypogyna]
Pcub-SC1982_037_000251.1	YP_008475410.1	36.7	60	406	270	5.58e-05	49.7	14.8	74557	Oomycota	Thraustotheca	Thraustotheca clavata	YP_008475410.1 cytochrome c oxidase subunit 3 [Thraustotheca clavata]
Pcub-SC1982_037_000251.1	YP_052912.1	38.3	60	406	270	7.46e-05	49.3	14.8	4770;695850	Oomycota	Saprolegnia	Saprolegnia ferax;Saprolegnia parasitica	YP_052912.1 cytochrome c oxidase subunit 3 [Saprolegnia ferax]
Pcub-SC1982_037_000251.1	YP_009547895.1	38.3	60	406	304	8.88e-05	49.3	14.8	4779	Oomycota	Bremia	Bremia lactucae	YP_009547895.1 cytochrome c oxidase subunit 3 [Bremia lactucae]
Pcub-SC1982_037_000251.1	YP_010508015.1	38.3	60	406	305	8.92e-05	49.3	14.8	89334	Oomycota	Phytophthora	Phytophthora clandestina	YP_010508015.1 cytochrome c oxidase subunit 3 [Phytophthora clandestina]
Pcub-SC1982_037_000251.1	RLN96713.1	36.7	60	406	180	1.05e-04	47.8	14.8	2483409	Oomycota	Nothophytophthora	Nothophytophthora sp. Chile5	RLN96713.1 hypothetical protein BBJ28_00006889 [Nothophytophthora sp. Chile5]
Pcub-SC1982_037_000251.1	YP_010886792.1	35.6	59	406	299	1.16e-04	48.9	14.5	1440115	Oomycota	Paralagenidium	Paralagenidium karlingii	YP_010886792.1 cytochrome c oxidase subunit 3 [Paralagenidium karlingii]
Pcub-SC1982_037_000251.1	YP_010394114.1	38.3	60	406	304	1.18e-04	48.9	14.8	100870	Oomycota	Phytophthora	Phytophthora litchii	YP_010394114.1 cytochrome c oxidase subunit 3 [Phytophthora litchii]
Pcub-SC1982_037_000251.1	AZL92983.1	36.8	76	406	304	1.18e-04	48.9	18.7	542832	Oomycota	Peronospora	Peronospora effusa	AZL92983.1 cytochrome c oxidase subunit 3 [Peronospora effusa]
Pcub-SC1982_037_000251.1	YP_010394036.1	36.7	60	406	304	1.58e-04	48.5	14.8	622444	Oomycota	Peronospora	Peronospora belbahrii	YP_010394036.1 cytochrome c oxidase subunit 3 [Peronospora belbahrii]
Pcub-SC1982_037_000251.1	YP_009729742.1	38.3	60	406	304	2.10e-04	48.1	14.8	143451	Oomycota	Plasmopara	Plasmopara viticola	YP_009729742.1 cytochrome c oxidase subunit 3 [Plasmopara viticola]
Pcub-SC1982_037_000251.1	UXG19051.1	38.3	60	406	305	2.11e-04	48.1	14.8	29920	Oomycota	Phytophthora	Phytophthora cactorum	UXG19051.1 cytochrome c oxidase subunit 3 [Phytophthora cactorum]
Pcub-SC1982_037_000251.1	YP_010508092.1	38.3	60	406	305	2.11e-04	48.1	14.8	53987	Oomycota	Phytophthora	Phytophthora pseudotsugae	YP_010508092.1 cytochrome c oxidase subunit 3 [Phytophthora pseudotsugae]
Pcub-SC1982_037_000251.1	YP_009167044.1	36.7	60	406	305	2.11e-04	48.1	14.8	114742	Oomycota	Pythium	Pythium insidiosum	YP_009167044.1 cytochrome c oxidase subunit 3 [Pythium insidiosum]
Pcub-SC1982_037_000251.1	YP_010394899.1	38.3	60	406	305	2.11e-04	48.1	14.8	2496075	Oomycota	Phytophthora	Phytophthora aleatoria	YP_010394899.1 cytochrome c oxidase subunit 3 [Phytophthora aleatoria]
Pcub-SC1982_037_000251.1	UXG56014.1	38.3	60	406	305	2.11e-04	48.1	14.8	29920	Oomycota	Phytophthora	Phytophthora cactorum	UXG56014.1 cytochrome c oxidase subunit 3 [Phytophthora cactorum]
Pcub-SC1982_037_000251.1	YP_010394743.1	36.7	60	406	301	2.77e-04	47.8	14.8	1985166	Oomycota	Phytophthora	Phytophthora tubulina	YP_010394743.1 cytochrome c oxidase subunit 3 [Phytophthora tubulina]
Pcub-SC1982_037_000251.1	YP_010394314.1	36.7	60	406	304	2.80e-04	47.8	14.8	53985	Oomycota	Phytophthora	Phytophthora fragariae	YP_010394314.1 cytochrome c oxidase subunit 3 [Phytophthora fragariae]
Pcub-SC1982_037_000251.1	YP_010394468.1	36.7	60	406	304	2.80e-04	47.8	14.8	538568	Oomycota	Phytophthora	Phytophthora pinifolia	YP_010394468.1 cytochrome c oxidase subunit 3 [Phytophthora pinifolia]
Pcub-SC1982_037_000251.1	YP_010117872.1	36.7	60	406	304	2.80e-04	47.8	14.8	1642465	Oomycota	Phytophthora	Phytophthora castaneae	YP_010117872.1 cytochrome c oxidase subunit 3 [Phytophthora castaneae]
Pcub-SC1982_037_000251.1	YP_009233099.1	36.7	60	406	304	2.80e-04	47.8	14.8	374175	Oomycota	Phytophthora	Phytophthora polonica	YP_009233099.1 cytochrome c oxidase subunit 3 [Phytophthora polonica]
Pcub-SC1982_037_000250.1	TMW66410.1	32.8	293	486	453	5.36e-38	149	58.8	41045	Oomycota	Pythium	Pythium oligandrum	TMW66410.1 hypothetical protein Poli38472_004175 [Pythium oligandrum]
Pcub-SC1982_037_000250.1	GLD98627.1	31.8	305	486	445	8.91e-38	148	61.9	114742	Oomycota	Pythium	Pythium insidiosum	GLD98627.1 hypothetical protein PINS_up007344 [Pythium insidiosum]
Pcub-SC1982_037_000250.1	KAJ0402652.1	31.8	305	486	451	1.87e-37	147	61.9	114742	Oomycota	Pythium	Pythium insidiosum	KAJ0402652.1 hypothetical protein P43SY_007517 [Pythium insidiosum]
Pcub-SC1982_037_000250.1	KAJ0410125.1	31.8	305	486	453	2.67e-37	147	61.9	114742	Oomycota	Pythium	Pythium insidiosum	KAJ0410125.1 hypothetical protein ATCC90586_001610 [Pythium insidiosum]
Pcub-SC1982_037_000250.1	RQM18876.1	31.9	276	486	393	6.33e-37	144	56.6	542832	Oomycota	Peronospora	Peronospora effusa	RQM18876.1 hypothetical protein DD237_007501 [Peronospora effusa]
Pcub-SC1982_037_000250.1	CAI5705322.1	31.3	284	486	458	1.04e-36	145	58.2	542832	Oomycota	Peronospora	Peronospora effusa	CAI5705322.1 unnamed protein product [Peronospora effusa]
Pcub-SC1982_037_000250.1	RMX68344.1	31.3	284	486	458	1.04e-36	145	58.2	542832	Oomycota	Peronospora	Peronospora effusa	RMX68344.1 hypothetical protein DD238_004456 [Peronospora effusa]
Pcub-SC1982_037_000250.1	TYZ58858.1	33.1	290	486	469	1.24e-36	145	58.8	1485010	Oomycota	Globisporangium	[Pythium] brassicae (nom. inval.)	TYZ58858.1 hypothetical protein PybrP1_000494 [[Pythium] brassicae (nom. inval.)]
Pcub-SC1982_037_000250.1	RLN48788.1	32.0	284	486	437	2.66e-36	144	58.2	2483409	Oomycota	Nothophytophthora	Nothophytophthora sp. Chile5	RLN48788.1 hypothetical protein BBJ28_00008797 [Nothophytophthora sp. Chile5]
Pcub-SC1982_037_000250.1	CAH0486967.1	31.3	284	486	459	3.80e-36	144	58.2	134698	Oomycota	Peronospora	Peronospora farinosa	CAH0486967.1 unnamed protein product [Peronospora farinosa]
Pcub-SC1982_037_000250.1	RLN91107.1	31.7	284	486	464	7.77e-36	143	58.2	2483409	Oomycota	Nothophytophthora	Nothophytophthora sp. Chile5	RLN91107.1 hypothetical protein BBJ28_00006072 [Nothophytophthora sp. Chile5]
Pcub-SC1982_037_000250.1	KAF1316922.1	32.0	297	486	460	1.38e-35	142	59.7	82926	Oomycota	Globisporangium	Globisporangium splendens	KAF1316922.1 Protoheme ix farnesyltransferase, partial [Globisporangium splendens]
Pcub-SC1982_037_000250.1	KAG6622926.1	33.1	269	486	459	1.73e-34	139	55.1	4785	Oomycota	Phytophthora	Phytophthora cinnamomi	KAG6622926.1 Protoheme IX farnesyltransferase [Phytophthora cinnamomi]
Pcub-SC1982_037_000250.1	POM78387.1	32.2	276	486	457	2.31e-34	139	56.6	4796	Oomycota	Phytophthora	Phytophthora palmivora	POM78387.1 Protoheme IX farnesyltransferase [Phytophthora palmivora]
Pcub-SC1982_037_000250.1	POM76849.1	32.2	276	486	457	2.31e-34	139	56.6	4796	Oomycota	Phytophthora	Phytophthora palmivora	POM76849.1 Protoheme IX farnesyltransferase [Phytophthora palmivora]
Pcub-SC1982_037_000250.1	KAK1930630.1	31.6	294	486	458	2.34e-34	139	59.3	4793	Oomycota	Phytophthora	Phytophthora citrophthora	KAK1930630.1 Protoheme IX farnesyltransferase [Phytophthora citrophthora]
Pcub-SC1982_037_000250.1	XP_008610636.1	32.4	321	486	491	2.70e-34	139	64.4	1156394	Oomycota	Saprolegnia	Saprolegnia diclina	XP_008610636.1 hypothetical protein SDRG_06624 [Saprolegnia diclina VS20]
Pcub-SC1982_037_000250.1	KAH7492037.1	32.7	269	486	456	5.88e-34	137	55.1	164328	Oomycota	Phytophthora	Phytophthora ramorum	KAH7492037.1 Protoheme IX farnesyltransferase, mitochondrial [Phytophthora ramorum]
Pcub-SC1982_037_000250.1	XP_024581808.1	33.1	269	486	514	9.22e-34	138	55.1	4781	Oomycota	Plasmopara	Plasmopara halstedii	XP_024581808.1 protoheme ix farnesyltransferase [Plasmopara halstedii]
Pcub-SC1982_037_000250.1	GMF11279.1	32.3	269	486	393	1.04e-33	135	55.1	2077276	Oomycota	Phytophthora	Phytophthora lilii	GMF11279.1 unnamed protein product [Phytophthora lilii]
Pcub-SC1982_037_000250.1	KAI9920616.1	33.5	272	486	405	1.28e-33	135	55.1	230839	Oomycota	Peronosclerospora	Peronosclerospora sorghi	KAI9920616.1 hypothetical protein PsorP6_000243 [Peronosclerospora sorghi]
Pcub-SC1982_037_000250.1	OWZ04952.1	31.9	276	486	455	1.50e-33	136	56.6	4795	Oomycota	Phytophthora	Phytophthora megakarya	OWZ04952.1 Protoheme IX farnesyltransferase [Phytophthora megakarya]
Pcub-SC1982_037_000250.1	KAG1707328.1	31.0	294	486	458	1.57e-33	136	59.3	4784	Oomycota	Phytophthora	Phytophthora capsici	KAG1707328.1 hypothetical protein DVH05_026519 [Phytophthora capsici]
Pcub-SC1982_037_000250.1	OQS03710.1	34.2	275	486	422	1.70e-33	135	54.9	74557	Oomycota	Thraustotheca	Thraustotheca clavata	OQS03710.1 protoheme IX farnesyltransferase [Thraustotheca clavata]
Pcub-SC1982_037_000250.1	XP_012199279.1	34.5	275	486	435	2.09e-33	135	54.9	695850	Oomycota	Saprolegnia	Saprolegnia parasitica	XP_012199279.1 hypothetical protein SPRG_05289 [Saprolegnia parasitica CBS 223.65]
Pcub-SC1982_037_000022.1	RQM22428.1	27.9	458	476	854	9.60e-38	152	94.3	112090	Oomycota	Aphanomyces	Aphanomyces astaci	RQM22428.1 hypothetical protein B5M09_008105 [Aphanomyces astaci]
Pcub-SC1982_037_000022.1	CAH0513231.1	27.5	466	476	758	9.88e-38	151	96.0	622444	Oomycota	Peronospora	Peronospora belbahrii	CAH0513231.1 unnamed protein product [Peronospora belbahrii]
Pcub-SC1982_037_000022.1	CAH0480303.1	27.5	466	476	758	9.88e-38	151	96.0	622444	Oomycota	Peronospora	Peronospora belbahrii	CAH0480303.1 unnamed protein product [Peronospora belbahrii]
Pcub-SC1982_037_000022.1	KAH9156341.1	27.3	472	476	740	4.20e-37	149	97.1	100861	Oomycota	Aphanomyces	Aphanomyces euteiches	KAH9156341.1 hypothetical protein AeRB84_001734 [Aphanomyces euteiches]
Pcub-SC1982_037_000022.1	KAG9406193.1	27.3	472	476	741	4.22e-37	149	97.1	112091	Oomycota	Aphanomyces	Aphanomyces cochlioides	KAG9406193.1 Cleavage and polyadenylation specificity factor subunit 3 [Aphanomyces cochlioides]
Pcub-SC1982_037_000022.1	KAF0722160.1	27.3	472	476	741	4.22e-37	149	97.1	100861	Oomycota	Aphanomyces	Aphanomyces euteiches	KAF0722160.1 hypothetical protein Ae201684_018640 [Aphanomyces euteiches]
Pcub-SC1982_037_000022.1	KAH9094565.1	27.3	472	476	741	4.22e-37	149	97.1	100861	Oomycota	Aphanomyces	Aphanomyces euteiches	KAH9094565.1 hypothetical protein LEN26_018238 [Aphanomyces euteiches]
Pcub-SC1982_037_000022.1	KAH9109203.1	27.3	472	476	745	4.29e-37	149	97.1	100861	Oomycota	Aphanomyces	Aphanomyces euteiches	KAH9109203.1 hypothetical protein AeMF1_015693 [Aphanomyces euteiches]
Pcub-SC1982_037_000022.1	OQS04954.1	28.3	474	476	1318	7.82e-37	149	97.1	74557	Oomycota	Thraustotheca	Thraustotheca clavata	OQS04954.1 cleavage and polyadenylation specificity factor subunit 3 [Thraustotheca clavata]
Pcub-SC1982_037_000022.1	XP_012206861.1	27.8	472	476	744	7.84e-37	149	97.1	695850	Oomycota	Saprolegnia	Saprolegnia parasitica	XP_012206861.1 hypothetical protein SPRG_12757 [Saprolegnia parasitica CBS 223.65]
Pcub-SC1982_037_000022.1	XP_008620646.1	27.8	472	476	744	7.84e-37	149	97.1	1156394	Oomycota	Saprolegnia	Saprolegnia diclina	XP_008620646.1 hypothetical protein SDRG_16223 [Saprolegnia diclina VS20]
Pcub-SC1982_037_000022.1	XP_008875001.1	27.7	458	476	630	1.01e-36	147	94.3	157072	Oomycota	Aphanomyces	Aphanomyces invadans	XP_008875001.1 hypothetical protein, variant 3 [Aphanomyces invadans]
Pcub-SC1982_037_000022.1	XP_009828673.1	27.7	458	476	740	1.05e-36	148	94.3	112090	Oomycota	Aphanomyces	Aphanomyces astaci	XP_009828673.1 hypothetical protein H257_05475 [Aphanomyces astaci]
Pcub-SC1982_037_000022.1	XP_008875002.1	27.7	458	476	646	1.14e-36	147	94.3	157072	Oomycota	Aphanomyces	Aphanomyces invadans	XP_008875002.1 hypothetical protein, variant 2 [Aphanomyces invadans]
Pcub-SC1982_037_000022.1	CAI5746032.1	27.0	466	476	755	1.50e-36	148	96.0	86335	Oomycota	Peronospora	Peronospora destructor	CAI5746032.1 unnamed protein product [Peronospora destructor]
Pcub-SC1982_037_000022.1	CAI5713809.1	27.0	466	476	758	1.52e-36	148	96.0	542832	Oomycota	Peronospora	Peronospora effusa	CAI5713809.1 unnamed protein product [Peronospora effusa]
Pcub-SC1982_037_000022.1	CAH0491669.1	27.0	466	476	758	1.52e-36	148	96.0	134698	Oomycota	Peronospora	Peronospora farinosa	CAH0491669.1 unnamed protein product [Peronospora farinosa]
Pcub-SC1982_037_000022.1	RMX65915.1	27.0	466	476	758	1.52e-36	148	96.0	542832	Oomycota	Peronospora	Peronospora effusa	RMX65915.1 hypothetical protein DD238_004931 [Peronospora effusa]
Pcub-SC1982_037_000022.1	KAF0699795.1	27.2	474	476	738	1.90e-36	147	97.1	120398	Oomycota	Aphanomyces	Aphanomyces stellatus	KAF0699795.1 hypothetical protein As57867_009598 [Aphanomyces stellatus]
Pcub-SC1982_037_000022.1	XP_008875000.1	27.7	458	476	742	1.93e-36	147	94.3	157072	Oomycota	Aphanomyces	Aphanomyces invadans	XP_008875000.1 hypothetical protein, variant 1 [Aphanomyces invadans]
Pcub-SC1982_037_000022.1	CAI5724818.1	27.0	466	476	755	2.03e-36	147	96.0	86335	Oomycota	Peronospora	Peronospora destructor	CAI5724818.1 unnamed protein product [Peronospora destructor]
Pcub-SC1982_037_000022.1	XP_008874999.1	27.7	458	476	758	2.05e-36	147	94.3	157072	Oomycota	Aphanomyces	Aphanomyces invadans	XP_008874999.1 hypothetical protein H310_10400 [Aphanomyces invadans]
Pcub-SC1982_037_000022.1	CAI5733244.1	27.5	466	476	830	4.53e-36	147	96.0	162125	Oomycota	Hyaloperonospora	Hyaloperonospora brassicae	CAI5733244.1 unnamed protein product [Hyaloperonospora brassicae]
Pcub-SC1982_037_000022.1	CCI46934.1	27.1	458	476	755	5.03e-36	146	94.3	65357	Oomycota	Albugo	Albugo candida	CCI46934.1 unnamed protein product [Albugo candida]
Pcub-SC1982_037_000022.1	OQR83063.1	27.3	479	476	756	5.05e-36	146	97.1	1202772	Oomycota	Achlya	Achlya hypogyna	OQR83063.1 cleavage and polyadenylation specificity factor subunit 3 [Achlya hypogyna]
Pcub-SC1982_037_000246.1	XP_008903678.1	23.1	264	271	360	9.84e-08	57.4	84.9	4792;761204	Oomycota	Phytophthora	Phytophthora nicotianae	XP_008903678.1 hypothetical protein, variant [Phytophthora nicotianae INRA-310]
Pcub-SC1982_037_000246.1	XP_008903677.1	23.1	264	271	366	9.99e-08	57.4	84.9	4792;761204	Oomycota	Phytophthora	Phytophthora nicotianae	XP_008903677.1 hypothetical protein PPTG_10149 [Phytophthora nicotianae INRA-310]
Pcub-SC1982_037_000246.1	ETK88823.1	23.1	264	271	360	1.32e-07	57.0	84.9	4792;1317063;1317064;1317066	Oomycota	Phytophthora	Phytophthora nicotianae	ETK88823.1 hypothetical protein, variant [Phytophthora nicotianae]
Pcub-SC1982_037_000246.1	ETK88822.1	23.1	264	271	366	1.34e-07	57.0	84.9	4792;1317063;1317064;1317066	Oomycota	Phytophthora	Phytophthora nicotianae	ETK88822.1 hypothetical protein L915_06962 [Phytophthora nicotianae]
Pcub-SC1982_037_000246.1	ETI48960.1	23.5	247	271	360	1.77e-07	56.6	78.6	4792;1317065	Oomycota	Phytophthora	Phytophthora nicotianae	ETI48960.1 hypothetical protein, variant [Phytophthora nicotianae P1569]
Pcub-SC1982_037_000246.1	ETI48959.1	23.5	247	271	366	1.80e-07	56.6	78.6	4792;1317065	Oomycota	Phytophthora	Phytophthora nicotianae	ETI48959.1 hypothetical protein F443_07063 [Phytophthora nicotianae P1569]
Pcub-SC1982_037_000246.1	KAF4150772.1	28.9	114	271	366	1.12e-04	48.1	42.1	4787	Oomycota	Phytophthora	Phytophthora infestans	KAF4150772.1 alpha/beta hydrolase fold [Phytophthora infestans]
Pcub-SC1982_037_000246.1	KAF4028834.1	28.9	114	271	366	1.12e-04	48.1	42.1	4787	Oomycota	Phytophthora	Phytophthora infestans	KAF4028834.1 alpha/beta hydrolase fold [Phytophthora infestans]
Pcub-SC1982_037_000246.1	KAE8909281.1	27.7	112	271	495	1.32e-04	48.1	41.3	53985	Oomycota	Phytophthora	Phytophthora fragariae	KAE8909281.1 hypothetical protein PF003_g7323 [Phytophthora fragariae]
Pcub-SC1982_037_000246.1	KAI9995364.1	28.9	114	271	517	1.34e-04	48.1	42.1	4787	Oomycota	Phytophthora	Phytophthora infestans	KAI9995364.1 hypothetical protein PInf_012421 [Phytophthora infestans]
Pcub-SC1982_037_000246.1	KAE9120966.1	27.7	112	271	916	1.57e-04	48.1	41.3	53985	Oomycota	Phytophthora	Phytophthora fragariae	KAE9120966.1 hypothetical protein PF007_g7977 [Phytophthora fragariae]
Pcub-SC1982_037_000246.1	KAG7380630.1	27.9	111	271	518	1.79e-04	47.8	41.0	221518	Oomycota	Phytophthora	Phytophthora pseudosyringae	KAG7380630.1 Alpha/beta hydrolase domain-containing protein 4 [Phytophthora pseudosyringae]
Pcub-SC1982_037_000246.1	KAI9995842.1	29.5	105	271	369	2.02e-04	47.4	38.7	4787	Oomycota	Phytophthora	Phytophthora infestans	KAI9995842.1 hypothetical protein PInf_012910 [Phytophthora infestans]
Pcub-SC1982_037_000246.1	XP_012196528.1	28.7	108	271	474	2.31e-04	47.4	39.9	695850	Oomycota	Saprolegnia	Saprolegnia parasitica	XP_012196528.1 hypothetical protein SPRG_02569 [Saprolegnia parasitica CBS 223.65]
Pcub-SC1982_037_000246.1	KAF4137205.1	26.8	112	271	494	2.35e-04	47.4	41.3	4787	Oomycota	Phytophthora	Phytophthora infestans	KAF4137205.1 alpha/beta hydrolase fold [Phytophthora infestans]
Pcub-SC1982_037_000246.1	KAI9999282.1	26.8	112	271	494	2.35e-04	47.4	41.3	4787	Oomycota	Phytophthora	Phytophthora infestans	KAI9999282.1 hypothetical protein PInf_004102 [Phytophthora infestans]
Pcub-SC1982_037_000246.1	KAF4035664.1	26.8	112	271	494	2.35e-04	47.4	41.3	4787	Oomycota	Phytophthora	Phytophthora infestans	KAF4035664.1 alpha/beta hydrolase fold [Phytophthora infestans]
Pcub-SC1982_037_000246.1	XP_002906592.1	30.5	118	271	376	2.73e-04	47.0	42.1	403677	Oomycota	Phytophthora	Phytophthora infestans	XP_002906592.1 cleavage induced serine protease family S33, putative [Phytophthora infestans T30-4]
Pcub-SC1982_037_000246.1	XP_008609609.1	27.8	108	271	472	3.07e-04	47.0	39.9	1156394	Oomycota	Saprolegnia	Saprolegnia diclina	XP_008609609.1 hypothetical protein SDRG_05660 [Saprolegnia diclina VS20]
Pcub-SC1982_037_000246.1	ETI36372.1	26.8	112	271	497	3.14e-04	47.0	41.3	4792;1317063;1317065	Oomycota	Phytophthora	Phytophthora nicotianae	ETI36372.1 hypothetical protein F443_17485 [Phytophthora nicotianae P1569]
Pcub-SC1982_037_000246.1	ETK76618.1	26.8	112	271	497	3.14e-04	47.0	41.3	4792;1317064;1317066	Oomycota	Phytophthora	Phytophthora nicotianae	ETK76618.1 hypothetical protein L915_17016 [Phytophthora nicotianae]
Pcub-SC1982_037_000246.1	XP_009521706.1	28.0	118	271	438	3.96e-04	46.6	42.4	67593	Oomycota	Phytophthora	Phytophthora sojae	XP_009521706.1 hypothetical protein PHYSODRAFT_484709 [Phytophthora sojae]
Pcub-SC1982_037_000246.1	KAE9038170.1	27.7	112	271	492	4.17e-04	46.6	41.3	129364	Oomycota	Phytophthora	Phytophthora rubi	KAE9038170.1 hypothetical protein PR002_g6166 [Phytophthora rubi]
Pcub-SC1982_037_000246.1	OWY96368.1	27.7	112	271	334	6.02e-04	45.8	41.3	4795	Oomycota	Phytophthora	Phytophthora megakarya	OWY96368.1 Serine protease, partial [Phytophthora megakarya]
Pcub-SC1982_037_000246.1	KAG6582816.1	28.7	115	271	492	7.42e-04	45.8	42.4	4785	Oomycota	Phytophthora	Phytophthora cinnamomi	KAG6582816.1 putative serine protease family S33 [Phytophthora cinnamomi]
Pcub-SC1982_037_000025.1	KAF4325847.1	49.0	908	948	1655	1.64e-296	874	94.4	1284355	Oomycota	Phytophthora	Phytophthora kernoviae	KAF4325847.1 hypothetical protein G195_000419 [Phytophthora kernoviae 00238/432]
Pcub-SC1982_037_000025.1	GLD91510.1	40.5	950	948	1514	3.23e-240	724	98.0	114742	Oomycota	Pythium	Pythium insidiosum	GLD91510.1 hypothetical protein PINS_up000043 [Pythium insidiosum]
Pcub-SC1982_037_000025.1	KAG7384233.1	40.4	958	948	1511	6.47e-239	720	98.8	221518	Oomycota	Phytophthora	Phytophthora pseudosyringae	KAG7384233.1 hypothetical protein PHYPSEUDO_002836 [Phytophthora pseudosyringae]
Pcub-SC1982_037_000025.1	KAG4063114.1	40.0	958	948	1511	1.08e-236	714	98.8	29920	Oomycota	Phytophthora	Phytophthora cactorum	KAG4063114.1 Carbamoyl-phosphate synthase [ammonia] [Phytophthora cactorum]
Pcub-SC1982_037_000025.1	KAG2779175.1	40.0	958	948	1511	1.08e-236	714	98.8	29920	Oomycota	Phytophthora	Phytophthora cactorum	KAG2779175.1 Carbamoyl-phosphate synthase [ammonia] [Phytophthora cactorum]
Pcub-SC1982_037_000025.1	KAG6949540.1	40.0	958	948	1511	1.08e-236	714	98.8	2496075	Oomycota	Phytophthora	Phytophthora aleatoria	KAG6949540.1 hypothetical protein JG688_00014574 [Phytophthora aleatoria]
Pcub-SC1982_037_000025.1	KAG3108749.1	40.0	958	948	1511	1.08e-236	714	98.8	53986	Oomycota	Phytophthora	Phytophthora idaei	KAG3108749.1 Carbamoyl-phosphate synthase [ammonia] [Phytophthora idaei]
Pcub-SC1982_037_000025.1	CAI5735783.1	40.0	950	948	1492	1.87e-236	713	98.0	86335	Oomycota	Peronospora	Peronospora destructor	CAI5735783.1 unnamed protein product [Peronospora destructor]
Pcub-SC1982_037_000025.1	KAG1703317.1	40.1	958	948	1511	3.02e-236	713	98.8	4784	Oomycota	Phytophthora	Phytophthora capsici	KAG1703317.1 hypothetical protein DVH05_008226 [Phytophthora capsici]
Pcub-SC1982_037_000025.1	KAJ0404756.1	39.9	951	948	1503	3.47e-236	713	98.0	114742	Oomycota	Pythium	Pythium insidiosum	KAJ0404756.1 hypothetical protein P43SY_005580 [Pythium insidiosum]
Pcub-SC1982_037_000025.1	XP_009515155.1	40.1	958	948	1495	3.99e-236	712	98.8	67593	Oomycota	Phytophthora	Phytophthora sojae	XP_009515155.1 hypothetical protein PHYSODRAFT_348996 [Phytophthora sojae]
Pcub-SC1982_037_000025.1	KAJ0407936.1	39.9	951	948	1513	4.46e-236	713	98.0	114742	Oomycota	Pythium	Pythium insidiosum	KAJ0407936.1 hypothetical protein ATCC90586_006308 [Pythium insidiosum]
Pcub-SC1982_037_000025.1	KAG6609667.1	40.1	958	948	1511	8.40e-236	712	98.8	4785	Oomycota	Phytophthora	Phytophthora cinnamomi	KAG6609667.1 carbamoyl-phosphate synthase, large subunit [Phytophthora cinnamomi]
Pcub-SC1982_037_000025.1	KAE9010824.1	39.9	958	948	1511	1.18e-235	712	98.8	129364	Oomycota	Phytophthora	Phytophthora rubi	KAE9010824.1 Carbamoyl-phosphate synthase ammonia [Phytophthora rubi]
Pcub-SC1982_037_000025.1	KAE9015763.1	39.9	958	948	1511	1.18e-235	712	98.8	129364	Oomycota	Phytophthora	Phytophthora rubi	KAE9015763.1 Carbamoyl-phosphate synthase ammonia [Phytophthora rubi]
Pcub-SC1982_037_000025.1	KAI9908200.1	40.3	949	948	1511	1.66e-235	711	98.0	230839	Oomycota	Peronosclerospora	Peronosclerospora sorghi	KAI9908200.1 hypothetical protein PsorP6_004550 [Peronosclerospora sorghi]
Pcub-SC1982_037_000025.1	KAG9414930.1	39.7	958	948	1447	1.80e-235	709	98.8	112091	Oomycota	Aphanomyces	Aphanomyces cochlioides	KAG9414930.1 hypothetical protein AC1031_008345 [Aphanomyces cochlioides]
Pcub-SC1982_037_000025.1	GMF19176.1	39.8	958	948	1449	1.89e-235	709	98.8	1490495	Oomycota	Phytophthora	Phytophthora fragariaefolia	GMF19176.1 unnamed protein product [Phytophthora fragariaefolia]
Pcub-SC1982_037_000025.1	UIZ26685.1	39.7	958	948	1428	2.18e-235	709	98.8	542832	Oomycota	Peronospora	Peronospora effusa	UIZ26685.1 hypothetical protein KXD40_002224 [Peronospora effusa]
Pcub-SC1982_037_000025.1	ETK80125.1	39.8	958	948	1511	2.34e-235	711	98.8	4792	Oomycota	Phytophthora	Phytophthora nicotianae	ETK80125.1 carbamoyl-phosphate synthase, large subunit [Phytophthora nicotianae]
Pcub-SC1982_037_000025.1	ETL86829.1	39.8	958	948	1511	3.29e-235	711	98.8	4792	Oomycota	Phytophthora	Phytophthora nicotianae	ETL86829.1 carbamoyl-phosphate synthase, large subunit [Phytophthora nicotianae]
Pcub-SC1982_037_000025.1	KAE9293910.1	39.8	958	948	1511	4.63e-235	710	98.8	53985	Oomycota	Phytophthora	Phytophthora fragariae	KAE9293910.1 Carbamoyl-phosphate synthase ammonia [Phytophthora fragariae]
Pcub-SC1982_037_000025.1	KAE8888850.1	39.8	958	948	1511	4.63e-235	710	98.8	53985	Oomycota	Phytophthora	Phytophthora fragariae	KAE8888850.1 Carbamoyl-phosphate synthase ammonia [Phytophthora fragariae]
Pcub-SC1982_037_000025.1	KAF1335410.1	39.6	957	948	1512	6.67e-235	710	98.8	82926	Oomycota	Globisporangium	Globisporangium splendens	KAF1335410.1 Carbamoyl-phosphate synthase, large subunit, partial [Globisporangium splendens]
Pcub-SC1982_037_000025.1	OWZ20817.1	39.6	957	948	1511	9.15e-235	709	98.8	4795	Oomycota	Phytophthora	Phytophthora megakarya	OWZ20817.1 Carbamoyl-phosphate synthase [Phytophthora megakarya]
Pcub-SC1982_037_000242.1	TMW64434.1	24.2	198	488	811	4.27e-05	51.6	40.6	41045	Oomycota	Pythium	Pythium oligandrum	TMW64434.1 hypothetical protein Poli38472_013056 [Pythium oligandrum]
Pcub-SC1982_037_000242.1	GLE00696.1	28.6	126	488	813	1.70e-04	49.7	25.8	114742	Oomycota	Pythium	Pythium insidiosum	GLE00696.1 hypothetical protein PINS_up009484 [Pythium insidiosum]
Pcub-SC1982_037_000242.1	KAF0742645.1	32.2	121	488	603	2.02e-04	49.3	24.8	100861	Oomycota	Aphanomyces	Aphanomyces euteiches	KAF0742645.1 hypothetical protein Ae201684_002348 [Aphanomyces euteiches]
Pcub-SC1982_037_000242.1	KAH9100369.1	32.2	121	488	624	2.05e-04	49.3	24.8	100861	Oomycota	Aphanomyces	Aphanomyces euteiches	KAH9100369.1 hypothetical protein LEN26_015890 [Aphanomyces euteiches]
Pcub-SC1982_037_000242.1	KAH9086599.1	32.2	121	488	624	2.05e-04	49.3	24.8	100861	Oomycota	Aphanomyces	Aphanomyces euteiches	KAH9086599.1 hypothetical protein Ae201684P_000021 [Aphanomyces euteiches]
Pcub-SC1982_037_000242.1	XP_008620520.1	25.8	155	488	330	2.32e-04	48.5	30.1	1156394	Oomycota	Saprolegnia	Saprolegnia diclina	XP_008620520.1 dolichyl-phosphate beta-glucosyltransferase [Saprolegnia diclina VS20]
Pcub-SC1982_037_000242.1	KAH9126664.1	32.2	121	488	624	3.57e-04	48.5	24.8	100861	Oomycota	Aphanomyces	Aphanomyces euteiches	KAH9126664.1 hypothetical protein AeMF1_002926 [Aphanomyces euteiches]
Pcub-SC1982_037_000240.1	KAF4325852.1	30.9	472	715	547	3.32e-56	205	66.0	1284355	Oomycota	Phytophthora	Phytophthora kernoviae	KAF4325852.1 hypothetical protein G195_000584 [Phytophthora kernoviae 00238/432]
Pcub-SC1982_037_000240.1	KAF4324719.1	30.9	514	715	968	3.19e-50	194	70.8	1284355	Oomycota	Phytophthora	Phytophthora kernoviae	KAF4324719.1 hypothetical protein G195_001947 [Phytophthora kernoviae 00238/432]
Pcub-SC1982_037_000240.1	WP_064703507.1	27.7	249	715	853	8.26e-19	96.7	34.4	549;53335;134698	Pseudomonadota;Oomycota	Pantoea;Peronospora	Pantoea agglomerans;Peronospora farinosa	WP_064703507.1 MULTISPECIES: DNA mismatch repair protein MutS [Pantoea]
Pcub-SC1982_037_000240.1	KAH9100519.1	26.1	253	715	418	3.31e-18	92.8	35.2	100861	Oomycota	Aphanomyces	Aphanomyces euteiches	KAH9100519.1 hypothetical protein Ae201684P_006716 [Aphanomyces euteiches]
Pcub-SC1982_037_000240.1	CCI48498.1	30.4	289	715	576	6.12e-18	93.2	37.2	65357	Oomycota	Albugo	Albugo candida	CCI48498.1 unnamed protein product [Albugo candida]
Pcub-SC1982_037_000240.1	KAF0736490.1	26.1	253	715	804	1.25e-17	92.8	35.2	100861	Oomycota	Aphanomyces	Aphanomyces euteiches	KAF0736490.1 hypothetical protein Ae201684_007501 [Aphanomyces euteiches]
Pcub-SC1982_037_000240.1	KAG9405460.1	24.9	273	715	806	1.25e-17	92.8	38.0	112091	Oomycota	Aphanomyces	Aphanomyces cochlioides	KAG9405460.1 DNA mismatch repair ATPase msh1 [Aphanomyces cochlioides]
Pcub-SC1982_037_000240.1	KAE9036097.1	29.5	302	715	835	1.29e-17	92.8	37.6	129364	Oomycota	Phytophthora	Phytophthora rubi	KAE9036097.1 hypothetical protein PR002_g7241 [Phytophthora rubi]
Pcub-SC1982_037_000240.1	KAE9346744.1	29.5	302	715	840	1.30e-17	92.8	37.6	129364	Oomycota	Phytophthora	Phytophthora rubi	KAE9346744.1 DNA mismatch repair protein [Phytophthora rubi]
Pcub-SC1982_037_000240.1	KAE9040795.1	29.5	302	715	857	1.32e-17	92.8	37.6	129364	Oomycota	Phytophthora	Phytophthora rubi	KAE9040795.1 DNA mismatch repair protein [Phytophthora rubi]
Pcub-SC1982_037_000240.1	KAE8886714.1	29.1	302	715	835	1.70e-17	92.4	37.6	53985	Oomycota	Phytophthora	Phytophthora fragariae	KAE8886714.1 hypothetical protein PF003_g29238 [Phytophthora fragariae]
Pcub-SC1982_037_000240.1	KAE9220608.1	29.1	302	715	875	1.77e-17	92.4	37.6	53985	Oomycota	Phytophthora	Phytophthora fragariae	KAE9220608.1 hypothetical protein PF005_g7419 [Phytophthora fragariae]
Pcub-SC1982_037_000240.1	KAH9161753.1	26.1	253	715	804	2.18e-17	92.0	35.2	100861	Oomycota	Aphanomyces	Aphanomyces euteiches	KAH9161753.1 hypothetical protein LEN26_001270 [Aphanomyces euteiches]
Pcub-SC1982_037_000240.1	KAH9188217.1	26.1	253	715	804	2.18e-17	92.0	35.2	100861	Oomycota	Aphanomyces	Aphanomyces euteiches	KAH9188217.1 hypothetical protein AeNC1_009807 [Aphanomyces euteiches]
Pcub-SC1982_037_000240.1	KAH9115059.1	26.1	253	715	804	2.18e-17	92.0	35.2	100861	Oomycota	Aphanomyces	Aphanomyces euteiches	KAH9115059.1 hypothetical protein AeMF1_010876 [Aphanomyces euteiches]
Pcub-SC1982_037_000240.1	KAG6598070.1	28.5	302	715	724	2.59e-17	91.7	37.6	4785	Oomycota	Phytophthora	Phytophthora cinnamomi	KAG6598070.1 hypothetical protein IUM83_09358 [Phytophthora cinnamomi]
Pcub-SC1982_037_000240.1	KAH7476366.1	27.5	305	715	810	3.48e-16	88.2	37.6	164328	Oomycota	Phytophthora	Phytophthora ramorum	KAH7476366.1 DNA mismatch repair protein MSH5 [Phytophthora ramorum]
Pcub-SC1982_037_000240.1	KAF0701389.1	24.7	275	715	837	4.71e-16	87.8	38.2	120398	Oomycota	Aphanomyces	Aphanomyces stellatus	KAF0701389.1 hypothetical protein As57867_008061 [Aphanomyces stellatus]
Pcub-SC1982_037_000240.1	KAG6598069.1	28.1	302	715	721	5.46e-16	87.4	37.6	4785	Oomycota	Phytophthora	Phytophthora cinnamomi	KAG6598069.1 hypothetical protein IUM83_09358 [Phytophthora cinnamomi]
Pcub-SC1982_037_000240.1	KAG3033565.1	25.3	308	715	839	5.65e-15	84.3	38.0	29920	Oomycota	Phytophthora	Phytophthora cactorum	KAG3033565.1 hypothetical protein PC120_g1857 [Phytophthora cactorum]
Pcub-SC1982_037_000240.1	KAG3114792.1	25.0	308	715	839	7.44e-15	84.0	38.0	53986	Oomycota	Phytophthora	Phytophthora idaei	KAG3114792.1 hypothetical protein PI125_g6121 [Phytophthora idaei]
Pcub-SC1982_037_000240.1	CAI5731863.1	25.6	305	715	856	7.54e-15	84.0	37.6	86335	Oomycota	Peronospora	Peronospora destructor	CAI5731863.1 unnamed protein product [Peronospora destructor]
Pcub-SC1982_037_000240.1	KAF0685200.1	27.4	230	715	410	7.61e-15	82.4	31.3	120398	Oomycota	Aphanomyces	Aphanomyces stellatus	KAF0685200.1 hypothetical protein As57867_022831 [Aphanomyces stellatus]
Pcub-SC1982_037_000240.1	OQS03695.1	24.3	255	715	766	9.17e-15	83.6	35.4	74557	Oomycota	Thraustotheca	Thraustotheca clavata	OQS03695.1 DNA mismatch repair protein Msh2 [Thraustotheca clavata]
Pcub-SC1982_037_000240.1	CAI5728086.1	25.6	305	715	833	9.76e-15	83.6	37.6	542832	Oomycota	Peronospora	Peronospora effusa	CAI5728086.1 unnamed protein product [Peronospora effusa]
Pcub-SC1982_037_000238.1	WP_094938594.1	28.6	423	521	479	5.73e-57	201	80.4	44249;484184;1284355	Bacillota;Oomycota	Phytophthora;Paenibacillus	Phytophthora kernoviae;Paenibacillus taichungensis	WP_094938594.1 MULTISPECIES: DHA2 family efflux MFS transporter permease subunit [Paenibacillus]
Pcub-SC1982_037_000238.1	KAF4325420.1	27.7	401	521	483	2.45e-54	194	76.2	1284355	Oomycota	Phytophthora	Phytophthora kernoviae	KAF4325420.1 hypothetical protein G195_001001 [Phytophthora kernoviae 00238/432]
Pcub-SC1982_037_000238.1	KAF4323820.1	26.9	431	521	474	7.75e-49	179	82.0	1284355	Oomycota	Phytophthora	Phytophthora kernoviae	KAF4323820.1 hypothetical protein G195_003026 [Phytophthora kernoviae 00238/432]
Pcub-SC1982_037_000238.1	KAF4323380.1	26.6	334	521	909	2.75e-25	115	62.2	1284355	Oomycota	Phytophthora	Phytophthora kernoviae	KAF4323380.1 hypothetical protein G195_003538 [Phytophthora kernoviae 00238/432]
Pcub-SC1982_037_000238.1	KAF4326229.1	26.7	292	521	330	3.45e-22	102	55.7	1284355	Oomycota	Phytophthora	Phytophthora kernoviae	KAF4326229.1 hypothetical protein G195_000372 [Phytophthora kernoviae 00238/432]
Pcub-SC1982_037_000238.1	KAG4217328.1	28.3	113	521	149	1.84e-11	67.0	21.7	29920	Oomycota	Phytophthora	Phytophthora cactorum	KAG4217328.1 hypothetical protein PC116_g34191 [Phytophthora cactorum]
Pcub-SC1982_037_000238.1	KAF4325631.1	24.0	366	521	416	2.31e-09	64.7	62.6	1284355	Oomycota	Phytophthora	Phytophthora kernoviae	KAF4325631.1 hypothetical protein G195_000593 [Phytophthora kernoviae 00238/432]
Pcub-SC1982_037_000238.1	KAF0717083.1	27.1	107	521	351	7.18e-08	59.7	20.5	120398	Oomycota	Aphanomyces	Aphanomyces stellatus	KAF0717083.1 hypothetical protein As57867_002495, partial [Aphanomyces stellatus]
Pcub-SC1982_037_000238.1	RLO12070.1	26.7	105	521	315	2.48e-07	57.8	20.2	112090	Oomycota	Aphanomyces	Aphanomyces astaci	RLO12070.1 hypothetical protein DYB28_011490, partial [Aphanomyces astaci]
Pcub-SC1982_037_000238.1	RHZ11238.1	26.7	105	521	500	4.43e-07	57.8	20.2	112090	Oomycota	Aphanomyces	Aphanomyces astaci	RHZ11238.1 hypothetical protein DYB31_003091 [Aphanomyces astaci]
Pcub-SC1982_037_000238.1	RHY14953.1	26.7	105	521	500	4.43e-07	57.8	20.2	112090	Oomycota	Aphanomyces	Aphanomyces astaci	RHY14953.1 hypothetical protein DYB36_002603 [Aphanomyces astaci]
Pcub-SC1982_037_000238.1	RHZ01708.1	26.7	105	521	500	4.43e-07	57.8	20.2	112090	Oomycota	Aphanomyces	Aphanomyces astaci	RHZ01708.1 hypothetical protein DYB26_011413 [Aphanomyces astaci]
Pcub-SC1982_037_000238.1	RHY92897.1	26.7	105	521	500	4.43e-07	57.8	20.2	112090	Oomycota	Aphanomyces	Aphanomyces astaci	RHY92897.1 hypothetical protein DYB35_001160 [Aphanomyces astaci]
Pcub-SC1982_037_000238.1	RHZ08729.1	26.7	105	521	500	4.43e-07	57.8	20.2	112090	Oomycota	Aphanomyces	Aphanomyces astaci	RHZ08729.1 hypothetical protein DYB37_011785 [Aphanomyces astaci]
Pcub-SC1982_037_000238.1	XP_009839841.1	26.7	105	521	500	4.43e-07	57.8	20.2	112090	Oomycota	Aphanomyces	Aphanomyces astaci	XP_009839841.1 hypothetical protein H257_13860 [Aphanomyces astaci]
Pcub-SC1982_037_000238.1	RHY77504.1	26.7	105	521	500	4.43e-07	57.8	20.2	112090	Oomycota	Aphanomyces	Aphanomyces astaci	RHY77504.1 hypothetical protein DYB30_014086 [Aphanomyces astaci]
Pcub-SC1982_037_000238.1	XP_008871421.1	22.8	127	521	486	5.73e-07	57.4	24.4	157072	Oomycota	Aphanomyces	Aphanomyces invadans	XP_008871421.1 hypothetical protein H310_07714 [Aphanomyces invadans]
Pcub-SC1982_037_000238.1	KAF0691718.1	24.3	107	521	486	7.59e-07	57.0	20.5	120398	Oomycota	Aphanomyces	Aphanomyces stellatus	KAF0691718.1 hypothetical protein As57867_017071 [Aphanomyces stellatus]
Pcub-SC1982_037_000238.1	KAG9401291.1	24.3	107	521	504	1.36e-06	56.2	20.5	112091	Oomycota	Aphanomyces	Aphanomyces cochlioides	KAG9401291.1 hypothetical protein AC1031_010050 [Aphanomyces cochlioides]
Pcub-SC1982_037_000238.1	KAF0717087.1	24.3	107	521	352	1.66e-06	55.5	20.5	120398	Oomycota	Aphanomyces	Aphanomyces stellatus	KAF0717087.1 hypothetical protein As57867_002499, partial [Aphanomyces stellatus]
Pcub-SC1982_037_000238.1	KAF0721538.1	25.2	107	521	481	1.74e-06	55.8	20.5	100861	Oomycota	Aphanomyces	Aphanomyces euteiches	KAF0721538.1 hypothetical protein Ae201684_019092 [Aphanomyces euteiches]
Pcub-SC1982_037_000238.1	KAH9104088.1	25.2	107	521	484	1.75e-06	55.8	20.5	100861	Oomycota	Aphanomyces	Aphanomyces euteiches	KAH9104088.1 hypothetical protein AeMF1_019709 [Aphanomyces euteiches]
Pcub-SC1982_037_000238.1	KAH9122337.1	25.2	107	521	484	1.75e-06	55.8	20.5	100861	Oomycota	Aphanomyces	Aphanomyces euteiches	KAH9122337.1 hypothetical protein LEN26_010279 [Aphanomyces euteiches]
Pcub-SC1982_037_000238.1	KAH9186193.1	25.2	107	521	447	2.87e-06	55.1	20.5	100861	Oomycota	Aphanomyces	Aphanomyces euteiches	KAH9186193.1 hypothetical protein AeNC1_011824 [Aphanomyces euteiches]
Pcub-SC1982_037_000238.1	KAF0717085.1	19.1	335	521	495	3.11e-06	55.1	60.3	120398	Oomycota	Aphanomyces	Aphanomyces stellatus	KAF0717085.1 hypothetical protein As57867_002497 [Aphanomyces stellatus]
Pcub-SC1982_037_000237.1	KAG2870535.1	29.4	126	351	125	3.31e-13	70.5	35.9	29920	Oomycota	Phytophthora	Phytophthora cactorum	KAG2870535.1 hypothetical protein PC115_g25091 [Phytophthora cactorum]
Pcub-SC1982_037_000236.1	KAF4324755.1	33.3	183	575	442	7.40e-26	115	31.0	1284355	Oomycota	Phytophthora	Phytophthora kernoviae	KAF4324755.1 hypothetical protein G195_001108 [Phytophthora kernoviae 00238/432]
Pcub-SC1982_037_000236.1	KAF4325382.1	31.1	180	575	252	1.03e-18	90.9	30.6	1284355	Oomycota	Phytophthora	Phytophthora kernoviae	KAF4325382.1 hypothetical protein G195_000907 [Phytophthora kernoviae 00238/432]
Pcub-SC1982_037_000236.1	KAF4325885.1	34.8	184	575	530	2.18e-15	84.3	29.9	1284355	Oomycota	Phytophthora	Phytophthora kernoviae	KAF4325885.1 hypothetical protein G195_000501 [Phytophthora kernoviae 00238/432]
Pcub-SC1982_037_000236.1	KAF4325671.1	30.9	191	575	246	8.30e-15	79.3	31.1	1284355	Oomycota	Phytophthora	Phytophthora kernoviae	KAF4325671.1 hypothetical protein G195_000736 [Phytophthora kernoviae 00238/432]
Pcub-SC1982_037_000236.1	KAJ0394257.1	26.0	204	575	308	1.11e-09	65.1	29.0	114742	Oomycota	Pythium	Pythium insidiosum	KAJ0394257.1 hypothetical protein P43SY_004735 [Pythium insidiosum]
Pcub-SC1982_037_000236.1	KAJ0396646.1	26.0	204	575	245	1.83e-09	63.5	29.0	114742	Oomycota	Pythium	Pythium insidiosum	KAJ0396646.1 hypothetical protein ATCC90586_002034 [Pythium insidiosum]
Pcub-SC1982_037_000236.1	KAF0685022.1	28.4	232	575	286	9.42e-09	62.0	39.5	120398	Oomycota	Aphanomyces	Aphanomyces stellatus	KAF0685022.1 hypothetical protein As57867_022980 [Aphanomyces stellatus]
Pcub-SC1982_037_000236.1	GLE06081.1	29.9	197	575	265	1.02e-08	61.6	29.0	114742	Oomycota	Pythium	Pythium insidiosum	GLE06081.1 hypothetical protein PINS_up015292 [Pythium insidiosum]
Pcub-SC1982_037_000236.1	KAI9912895.1	35.3	102	575	303	8.45e-07	56.2	16.5	230839	Oomycota	Peronosclerospora	Peronosclerospora sorghi	KAI9912895.1 hypothetical protein PsorP6_006318 [Peronosclerospora sorghi]
Pcub-SC1982_037_000236.1	CAI5720017.1	25.0	208	575	308	2.07e-06	55.1	29.9	86335	Oomycota	Peronospora	Peronospora destructor	CAI5720017.1 unnamed protein product [Peronospora destructor]
Pcub-SC1982_037_000236.1	TMW55148.1	28.3	205	575	309	2.08e-06	55.1	29.4	41045	Oomycota	Pythium	Pythium oligandrum	TMW55148.1 hypothetical protein Poli38472_013910 [Pythium oligandrum]
Pcub-SC1982_037_000236.1	KAF1322436.1	35.3	116	575	315	2.87e-06	54.7	20.2	82926	Oomycota	Globisporangium	Globisporangium splendens	KAF1322436.1 Carbohydrate esterase, partial [Globisporangium splendens]
Pcub-SC1982_037_000236.1	KAG9402320.1	28.8	170	575	289	7.77e-06	53.1	29.4	112091	Oomycota	Aphanomyces	Aphanomyces cochlioides	KAG9402320.1 hypothetical protein AC1031_006945 [Aphanomyces cochlioides]
Pcub-SC1982_037_000236.1	KAG9402321.1	28.8	170	575	292	7.92e-06	53.1	29.4	112091	Oomycota	Aphanomyces	Aphanomyces cochlioides	KAG9402321.1 hypothetical protein AC1031_006945 [Aphanomyces cochlioides]
Pcub-SC1982_037_000236.1	KAG7386503.1	41.2	68	575	321	1.65e-05	52.4	11.8	221518	Oomycota	Phytophthora	Phytophthora pseudosyringae	KAG7386503.1 hypothetical protein PHYPSEUDO_015603 [Phytophthora pseudosyringae]
Pcub-SC1982_037_000236.1	KAF0733720.1	28.2	170	575	289	1.85e-05	52.0	29.4	100861	Oomycota	Aphanomyces	Aphanomyces euteiches	KAF0733720.1 hypothetical protein Ae201684_009292 [Aphanomyces euteiches]
Pcub-SC1982_037_000236.1	KAH9069935.1	28.2	170	575	292	1.88e-05	52.0	29.4	100861	Oomycota	Aphanomyces	Aphanomyces euteiches	KAH9069935.1 hypothetical protein Ae201684P_002309 [Aphanomyces euteiches]
Pcub-SC1982_037_000236.1	XP_002903952.1	25.5	192	575	280	2.33e-05	51.6	28.5	403677	Oomycota	Phytophthora	Phytophthora infestans	XP_002903952.1 carbohydrate esterase, putative [Phytophthora infestans T30-4]
Pcub-SC1982_037_000236.1	KAH9105542.1	28.2	170	575	289	2.46e-05	51.6	29.4	100861	Oomycota	Aphanomyces	Aphanomyces euteiches	KAH9105542.1 hypothetical protein LEN26_014723 [Aphanomyces euteiches]
Pcub-SC1982_037_000236.1	KAJ0389754.1	43.1	58	575	169	3.04e-05	49.7	10.1	114742	Oomycota	Pythium	Pythium insidiosum	KAJ0389754.1 hypothetical protein P43SY_011420 [Pythium insidiosum]
Pcub-SC1982_037_000236.1	KAJ0407663.1	44.8	58	575	277	3.05e-05	51.2	10.1	114742	Oomycota	Pythium	Pythium insidiosum	KAJ0407663.1 hypothetical protein ATCC90586_001845 [Pythium insidiosum]
Pcub-SC1982_037_000236.1	XP_009524771.1	24.9	177	575	260	3.60e-05	50.8	27.0	67593	Oomycota	Phytophthora	Phytophthora sojae	XP_009524771.1 hypothetical protein PHYSODRAFT_444636, partial [Phytophthora sojae]
Pcub-SC1982_037_000236.1	CAI5744754.1	24.2	211	575	317	3.81e-05	51.2	28.9	86335	Oomycota	Peronospora	Peronospora destructor	CAI5744754.1 unnamed protein product [Peronospora destructor]
Pcub-SC1982_037_000236.1	KAJ0394258.1	44.8	58	575	361	5.96e-05	50.8	10.1	114742	Oomycota	Pythium	Pythium insidiosum	KAJ0394258.1 hypothetical protein P43SY_004736 [Pythium insidiosum]
Pcub-SC1982_037_000236.1	GLD99886.1	44.8	58	575	308	6.46e-05	50.4	10.1	114742	Oomycota	Pythium	Pythium insidiosum	GLD99886.1 hypothetical protein PINS_up008614 [Pythium insidiosum]
Pcub-SC1982_037_000032.1	KAE9014768.1	36.5	307	627	350	3.03e-41	157	47.2	129364	Oomycota	Phytophthora	Phytophthora rubi	KAE9014768.1 putative voltage-gated potassium channel subunit beta [Phytophthora rubi]
Pcub-SC1982_037_000032.1	KAE9019893.1	36.5	307	627	350	4.18e-41	157	47.2	129364	Oomycota	Phytophthora	Phytophthora rubi	KAE9019893.1 putative voltage-gated potassium channel subunit beta [Phytophthora rubi]
Pcub-SC1982_037_000032.1	POM60227.1	35.8	307	627	350	1.03e-39	153	47.2	4796	Oomycota	Phytophthora	Phytophthora palmivora	POM60227.1 Voltage-gated potassium channel subunit beta [Phytophthora palmivora]
Pcub-SC1982_037_000032.1	GMF23938.1	35.5	307	627	350	1.03e-39	153	47.2	2077276	Oomycota	Phytophthora	Phytophthora lilii	GMF23938.1 unnamed protein product [Phytophthora lilii]
Pcub-SC1982_037_000032.1	KAE8885146.1	35.5	307	627	349	2.61e-39	152	47.2	53985	Oomycota	Phytophthora	Phytophthora fragariae	KAE8885146.1 putative voltage-gated potassium channel subunit beta [Phytophthora fragariae]
Pcub-SC1982_037_000032.1	CAH0477166.1	35.5	307	627	350	2.67e-39	152	47.2	622444	Oomycota	Peronospora	Peronospora belbahrii	CAH0477166.1 unnamed protein product [Peronospora belbahrii]
Pcub-SC1982_037_000032.1	KAJ8571311.1	35.5	307	627	349	3.59e-39	152	47.2	4785	Oomycota	Phytophthora	Phytophthora cinnamomi	KAJ8571311.1 hypothetical protein ON010_g5527 [Phytophthora cinnamomi]
Pcub-SC1982_037_000032.1	KAG6976640.1	35.5	307	627	348	4.83e-39	151	47.2	2496075	Oomycota	Phytophthora	Phytophthora aleatoria	KAG6976640.1 hypothetical protein JG688_00001153 [Phytophthora aleatoria]
Pcub-SC1982_037_000032.1	KAG2856398.1	35.5	307	627	349	4.94e-39	151	47.2	29920;53986	Oomycota	Phytophthora	Phytophthora cactorum;Phytophthora idaei	KAG2856398.1 putative voltage-gated potassium channel subunit beta [Phytophthora cactorum]
Pcub-SC1982_037_000032.1	GMF52556.1	35.2	307	627	349	9.34e-39	150	47.2	1490495	Oomycota	Phytophthora	Phytophthora fragariaefolia	GMF52556.1 unnamed protein product [Phytophthora fragariaefolia]
Pcub-SC1982_037_000032.1	KAF4324611.1	33.6	327	627	329	1.12e-38	150	49.9	1284355	Oomycota	Phytophthora	Phytophthora kernoviae	KAF4324611.1 hypothetical protein G195_002058 [Phytophthora kernoviae 00238/432]
Pcub-SC1982_037_000032.1	KAG7393738.1	35.5	307	627	350	1.31e-38	150	47.2	221518	Oomycota	Phytophthora	Phytophthora pseudosyringae	KAG7393738.1 Voltage-gated potassium channel subunit beta-2 [Phytophthora pseudosyringae]
Pcub-SC1982_037_000032.1	CAI5739256.1	35.5	307	627	353	1.40e-38	150	47.2	162125	Oomycota	Hyaloperonospora	Hyaloperonospora brassicae	CAI5739256.1 unnamed protein product [Hyaloperonospora brassicae]
Pcub-SC1982_037_000032.1	CAI5744548.1	34.9	307	627	349	1.76e-38	150	47.2	86335	Oomycota	Peronospora	Peronospora destructor	CAI5744548.1 unnamed protein product [Peronospora destructor]
Pcub-SC1982_037_000032.1	KAG7395251.1	35.2	307	627	349	1.76e-38	150	47.2	109152	Oomycota	Phytophthora	Phytophthora boehmeriae	KAG7395251.1 Voltage-gated potassium channel subunit beta-2 [Phytophthora boehmeriae]
Pcub-SC1982_037_000032.1	KAF4133926.1	35.5	307	627	349	2.43e-38	149	47.2	4787	Oomycota	Phytophthora	Phytophthora infestans	KAF4133926.1 Aldo/keto reductase family [Phytophthora infestans]
Pcub-SC1982_037_000032.1	AAN31464.1	35.5	307	627	349	3.33e-38	149	47.2	4787	Oomycota	Phytophthora	Phytophthora infestans	AAN31464.1 K+ channel protein [Phytophthora infestans]
Pcub-SC1982_037_000032.1	XP_009515798.1	34.9	307	627	349	3.33e-38	149	47.2	67593	Oomycota	Phytophthora	Phytophthora sojae	XP_009515798.1 hypothetical protein PHYSODRAFT_552261 [Phytophthora sojae]
Pcub-SC1982_037_000032.1	XP_002906768.1	35.5	307	627	349	3.33e-38	149	47.2	403677	Oomycota	Phytophthora	Phytophthora infestans	XP_002906768.1 voltage-gated potassium channel subunit beta, putative [Phytophthora infestans T30-4]
Pcub-SC1982_037_000032.1	ETM43550.1	35.5	307	627	333	4.38e-38	148	47.2	4792	Oomycota	Phytophthora	Phytophthora nicotianae	ETM43550.1 hypothetical protein L914_11027, partial [Phytophthora nicotianae]
Pcub-SC1982_037_000032.1	ETK83664.1	35.5	307	627	349	4.58e-38	149	47.2	4792;1317063;1317066	Oomycota	Phytophthora	Phytophthora nicotianae	ETK83664.1 hypothetical protein L915_11201 [Phytophthora nicotianae]
Pcub-SC1982_037_000032.1	ETI43592.1	35.5	307	627	349	4.58e-38	149	47.2	1317065	Oomycota	Phytophthora	Phytophthora nicotianae	ETI43592.1 hypothetical protein F443_11505 [Phytophthora nicotianae P1569]
Pcub-SC1982_037_000032.1	CAI5739253.1	35.2	307	627	353	5.00e-38	149	47.2	162125	Oomycota	Hyaloperonospora	Hyaloperonospora brassicae	CAI5739253.1 unnamed protein product [Hyaloperonospora brassicae]
Pcub-SC1982_037_000032.1	KUF77106.1	35.5	307	627	349	6.29e-38	148	47.2	4792	Oomycota	Phytophthora	Phytophthora nicotianae	KUF77106.1 K+ channel protein [Phytophthora nicotianae]
Pcub-SC1982_037_000032.1	RLN49799.1	35.8	307	627	703	2.03e-37	153	47.2	325452	Oomycota	Phytophthora	Phytophthora kernoviae	RLN49799.1 hypothetical protein BBJ29_007376 [Phytophthora kernoviae]
Pcub-SC1982_037_000235.1	KAF4325705.1	32.9	401	1149	1580	2.53e-44	181	33.5	1284355	Oomycota	Phytophthora	Phytophthora kernoviae	KAF4325705.1 hypothetical protein G195_000617 [Phytophthora kernoviae 00238/432]
Pcub-SC1982_037_000235.1	DBA04067.1	34.8	336	1149	449	4.48e-43	168	27.8	4803	Oomycota	Lagenidium	Lagenidium giganteum	DBA04067.1 TPA: hypothetical protein N0F65_009414 [Lagenidium giganteum]
Pcub-SC1982_037_000235.1	TYZ56904.1	31.2	414	1149	453	1.20e-42	167	33.7	1485010	Oomycota	Globisporangium	[Pythium] brassicae (nom. inval.)	TYZ56904.1 hypothetical protein PybrP1_006070 [[Pythium] brassicae (nom. inval.)]
Pcub-SC1982_037_000235.1	KAG3120641.1	39.4	251	1149	441	3.14e-42	166	20.9	53986	Oomycota	Phytophthora	Phytophthora idaei	KAG3120641.1 3-oxoacyl-[acyl-carrier-protein] synthase [Phytophthora idaei]
Pcub-SC1982_037_000235.1	XP_009529751.1	39.8	251	1149	461	4.69e-42	166	20.9	67593	Oomycota	Phytophthora	Phytophthora sojae	XP_009529751.1 hypothetical protein PHYSODRAFT_351670 [Phytophthora sojae]
Pcub-SC1982_037_000235.1	KAF0730611.1	31.1	411	1149	425	7.51e-42	164	33.8	100861	Oomycota	Aphanomyces	Aphanomyces euteiches	KAF0730611.1 hypothetical protein Ae201684_012030 [Aphanomyces euteiches]
Pcub-SC1982_037_000235.1	OQR81773.1	38.5	252	1149	265	7.75e-42	159	21.0	74557	Oomycota	Thraustotheca	Thraustotheca clavata	OQR81773.1 betaketoacyl-acyl-carrier-protein synthase II [Thraustotheca clavata]
Pcub-SC1982_037_000235.1	CAI5703141.1	35.0	340	1149	444	8.24e-42	164	27.7	542832	Oomycota	Peronospora	Peronospora effusa	CAI5703141.1 unnamed protein product [Peronospora effusa]
Pcub-SC1982_037_000235.1	KAG1711054.1	39.4	251	1149	444	8.24e-42	164	20.9	4784	Oomycota	Phytophthora	Phytophthora capsici	KAG1711054.1 hypothetical protein DVH05_013771 [Phytophthora capsici]
Pcub-SC1982_037_000235.1	CAH0485547.1	35.3	340	1149	444	8.24e-42	164	27.7	134698	Oomycota	Peronospora	Peronospora farinosa	CAH0485547.1 unnamed protein product [Peronospora farinosa]
Pcub-SC1982_037_000235.1	KAF4320135.1	33.3	336	1149	448	8.93e-42	164	27.8	325452;1284355	Oomycota	Phytophthora	Phytophthora kernoviae	KAF4320135.1 hypothetical protein G195_004213 [Phytophthora kernoviae 00238/432]
Pcub-SC1982_037_000235.1	KAF1328394.1	39.4	251	1149	458	1.47e-41	164	20.9	82926	Oomycota	Globisporangium	Globisporangium splendens	KAF1328394.1 Beta-ketoacyl-acyl-carrier-protein synthase ii, partial [Globisporangium splendens]
Pcub-SC1982_037_000235.1	KAJ0411483.1	33.3	336	1149	452	2.39e-41	163	27.8	114742	Oomycota	Pythium	Pythium insidiosum	KAJ0411483.1 hypothetical protein ATCC90586_008532 [Pythium insidiosum]
Pcub-SC1982_037_000235.1	KAJ0408020.1	33.3	336	1149	452	2.39e-41	163	27.8	114742	Oomycota	Pythium	Pythium insidiosum	KAJ0408020.1 hypothetical protein P43SY_000224 [Pythium insidiosum]
Pcub-SC1982_037_000235.1	XP_009835459.1	39.5	253	1149	425	2.51e-41	162	21.1	112090	Oomycota	Aphanomyces	Aphanomyces astaci	XP_009835459.1 beta-ketoacyl-acyl-carrier-protein synthase II [Aphanomyces astaci]
Pcub-SC1982_037_000235.1	XP_008904607.1	39.4	251	1149	445	3.79e-41	162	20.9	4792;761204;1317063;1317064;1317065;1317066	Oomycota	Phytophthora	Phytophthora nicotianae	XP_008904607.1 beta-ketoacyl-acyl-carrier-protein synthase II [Phytophthora nicotianae INRA-310]
Pcub-SC1982_037_000235.1	CAI5726622.1	39.0	251	1149	435	4.18e-41	162	20.9	162125	Oomycota	Hyaloperonospora	Hyaloperonospora brassicae	CAI5726622.1 unnamed protein product [Hyaloperonospora brassicae]
Pcub-SC1982_037_000235.1	KAH9116396.1	30.9	411	1149	425	4.60e-41	162	33.8	100861	Oomycota	Aphanomyces	Aphanomyces euteiches	KAH9116396.1 hypothetical protein AeMF1_009645 [Aphanomyces euteiches]
Pcub-SC1982_037_000235.1	KAH7474671.1	39.0	251	1149	444	5.02e-41	162	20.9	164328	Oomycota	Phytophthora	Phytophthora ramorum	KAH7474671.1 3-oxoacyl-[acyl-carrier-protein] synthase, mitochondrial [Phytophthora ramorum]
Pcub-SC1982_037_000235.1	RLN61031.1	33.0	336	1149	448	5.43e-41	162	27.8	325452	Oomycota	Phytophthora	Phytophthora kernoviae	RLN61031.1 hypothetical protein BBJ29_004159 [Phytophthora kernoviae]
Pcub-SC1982_037_000235.1	TMW56389.1	39.1	258	1149	449	5.54e-41	162	20.9	41045	Oomycota	Pythium	Pythium oligandrum	TMW56389.1 hypothetical protein Poli38472_006399 [Pythium oligandrum]
Pcub-SC1982_037_000235.1	KAG2769549.1	39.0	251	1149	441	6.38e-41	162	20.9	29920	Oomycota	Phytophthora	Phytophthora cactorum	KAG2769549.1 3-oxoacyl-[acyl-carrier-protein] synthase [Phytophthora cactorum]
Pcub-SC1982_037_000235.1	KAE9042567.1	34.7	340	1149	444	6.78e-41	162	27.7	129364	Oomycota	Phytophthora	Phytophthora rubi	KAE9042567.1 3-oxoacyl-[acyl-carrier-protein] synthase [Phytophthora rubi]
Pcub-SC1982_037_000235.1	XP_009529752.1	33.0	342	1149	444	6.78e-41	162	27.9	67593	Oomycota	Phytophthora	Phytophthora sojae	XP_009529752.1 3-oxoacyl carrier protein synthase [Phytophthora sojae]
Pcub-SC1982_037_000235.1	KAE9130944.1	34.7	340	1149	444	6.78e-41	162	27.7	53985	Oomycota	Phytophthora	Phytophthora fragariae	KAE9130944.1 3-oxoacyl-[acyl-carrier-protein] synthase [Phytophthora fragariae]
Pcub-SC1982_037_000233.1	KAF4325253.1	33.9	115	431	374	2.27e-13	76.3	26.7	1284355	Oomycota	Phytophthora	Phytophthora kernoviae	KAF4325253.1 hypothetical protein G195_001348 [Phytophthora kernoviae 00238/432]
Pcub-SC1982_037_000232.1	KAG4064999.1	26.9	531	726	524	2.44e-40	160	66.0	29920	Oomycota	Phytophthora	Phytophthora cactorum	KAG4064999.1 hypothetical protein PC123_g10 [Phytophthora cactorum]
Pcub-SC1982_037_000232.1	KAF4325832.1	28.7	474	726	554	4.85e-38	154	62.9	1284355	Oomycota	Phytophthora	Phytophthora kernoviae	KAF4325832.1 hypothetical protein G195_000436 [Phytophthora kernoviae 00238/432]
Pcub-SC1982_037_000232.1	KAG3106293.1	25.2	489	726	624	3.39e-26	119	60.2	29920	Oomycota	Phytophthora	Phytophthora cactorum	KAG3106293.1 hypothetical protein PC122_g465 [Phytophthora cactorum]
Pcub-SC1982_037_000230.1	XP_002897553.1	26.3	217	303	561	5.69e-09	62.0	66.3	4787;403677	Oomycota	Phytophthora	Phytophthora infestans	XP_002897553.1 hsp70-like protein [Phytophthora infestans T30-4]
Pcub-SC1982_037_000230.1	KAF4325809.1	24.9	241	303	959	3.90e-08	59.7	73.6	1284355	Oomycota	Phytophthora	Phytophthora kernoviae	KAF4325809.1 hypothetical protein G195_000473 [Phytophthora kernoviae 00238/432]
Pcub-SC1982_037_000230.1	KAH7460769.1	27.2	217	303	563	7.86e-07	55.5	66.3	164328	Oomycota	Phytophthora	Phytophthora ramorum	KAH7460769.1 Heat shock cognate 70 kDa protein 1 [Phytophthora ramorum]
Pcub-SC1982_037_000230.1	KAI9915402.1	29.5	129	303	659	8.36e-07	55.5	38.9	230839	Oomycota	Peronosclerospora	Peronosclerospora sorghi	KAI9915402.1 hypothetical protein PsorP6_008122 [Peronosclerospora sorghi]
Pcub-SC1982_037_000230.1	XP_024582176.1	23.6	220	303	786	1.57e-06	54.7	66.0	4781	Oomycota	Plasmopara	Plasmopara halstedii	XP_024582176.1 chaperone [Plasmopara halstedii]
Pcub-SC1982_037_000230.1	RHY62384.1	21.5	251	303	786	1.57e-06	54.7	75.9	112090	Oomycota	Aphanomyces	Aphanomyces astaci	RHY62384.1 hypothetical protein DYB30_001670 [Aphanomyces astaci]
Pcub-SC1982_037_000230.1	XP_009846324.1	21.5	251	303	786	1.57e-06	54.7	75.9	112090	Oomycota	Aphanomyces	Aphanomyces astaci	XP_009846324.1 chaperone DnaK [Aphanomyces astaci]
Pcub-SC1982_037_000230.1	RHY81373.1	21.5	251	303	787	1.57e-06	54.7	75.9	112090	Oomycota	Aphanomyces	Aphanomyces astaci	RHY81373.1 hypothetical protein DYB35_003110 [Aphanomyces astaci]
Pcub-SC1982_037_000230.1	KAF0758133.1	21.5	251	303	825	1.59e-06	54.7	75.9	112090	Oomycota	Aphanomyces	Aphanomyces astaci	KAF0758133.1 hypothetical protein AaE_004033 [Aphanomyces astaci]
Pcub-SC1982_037_000230.1	RHY59794.1	21.5	251	303	786	2.10e-06	54.3	75.9	112090	Oomycota	Aphanomyces	Aphanomyces astaci	RHY59794.1 hypothetical protein DYB38_004233 [Aphanomyces astaci]
Pcub-SC1982_037_000230.1	XP_009820772.1	21.5	251	303	787	2.10e-06	54.3	75.9	112090	Oomycota	Aphanomyces	Aphanomyces astaci	XP_009820772.1 chaperone DnaK [Aphanomyces astaci]
Pcub-SC1982_037_000230.1	CAH0518454.1	27.5	160	303	660	2.64e-06	53.9	44.9	622444	Oomycota	Peronospora	Peronospora belbahrii	CAH0518454.1 unnamed protein product [Peronospora belbahrii]
Pcub-SC1982_037_000230.1	KAE9357048.1	24.5	220	303	562	3.31e-06	53.5	66.3	129364	Oomycota	Phytophthora	Phytophthora rubi	KAE9357048.1 Heat shock cognate protein 1 [Phytophthora rubi]
Pcub-SC1982_037_000230.1	KAE9044118.1	24.5	220	303	562	3.31e-06	53.5	66.3	129364	Oomycota	Phytophthora	Phytophthora rubi	KAE9044118.1 Heat shock cognate protein 1 [Phytophthora rubi]
Pcub-SC1982_037_000230.1	KAF1325314.1	22.9	249	303	786	3.72e-06	53.5	75.2	82926	Oomycota	Globisporangium	Globisporangium splendens	KAF1325314.1 Chaperone dnak, partial [Globisporangium splendens]
Pcub-SC1982_037_000230.1	CAA53368.1	26.9	134	303	501	4.19e-06	53.1	37.6	4785	Oomycota	Phytophthora	Phytophthora cinnamomi	CAA53368.1 glucose regulated protein/BiP, partial [Phytophthora cinnamomi]
Pcub-SC1982_037_000230.1	RLN87641.1	22.5	253	303	569	4.44e-06	53.1	73.9	2483409	Oomycota	Nothophytophthora	Nothophytophthora sp. Chile5	RLN87641.1 hypothetical protein BBJ28_00001115 [Nothophytophthora sp. Chile5]
Pcub-SC1982_037_000230.1	KUF95635.1	26.9	134	303	633	4.63e-06	53.1	37.6	4792	Oomycota	Phytophthora	Phytophthora nicotianae	KUF95635.1 Luminal-binding protein 5 [Phytophthora nicotianae]
Pcub-SC1982_037_000230.1	XP_024580838.1	26.1	165	303	652	4.68e-06	53.1	46.5	4781	Oomycota	Plasmopara	Plasmopara halstedii	XP_024580838.1 luminal-binding protein [Plasmopara halstedii]
Pcub-SC1982_037_000230.1	KAH7474482.1	26.9	134	303	654	4.68e-06	53.1	37.6	164328	Oomycota	Phytophthora	Phytophthora ramorum	KAH7474482.1 Luminal-binding protein 5 [Phytophthora ramorum]
Pcub-SC1982_037_000230.1	GMF54131.1	26.9	134	303	658	4.69e-06	53.1	37.6	1490495	Oomycota	Phytophthora	Phytophthora fragariaefolia	GMF54131.1 unnamed protein product [Phytophthora fragariaefolia]
Pcub-SC1982_037_000230.1	CAA53369.1	26.9	134	303	658	4.69e-06	53.1	37.6	4785	Oomycota	Phytophthora	Phytophthora cinnamomi	CAA53369.1 glucose regulated protein /BiP [Phytophthora cinnamomi]
Pcub-SC1982_037_000230.1	XP_008901435.1	26.9	134	303	658	4.69e-06	53.1	37.6	4792;761204;1317063;1317064;1317065;1317066	Oomycota	Phytophthora	Phytophthora nicotianae	XP_008901435.1 luminal-binding protein [Phytophthora nicotianae INRA-310]
Pcub-SC1982_037_000230.1	GMF10125.1	26.9	134	303	658	4.69e-06	53.1	37.6	2077276	Oomycota	Phytophthora	Phytophthora lilii	GMF10125.1 unnamed protein product [Phytophthora lilii]
Pcub-SC1982_037_000230.1	KAK1944953.1	26.9	134	303	659	4.69e-06	53.1	37.6	4793	Oomycota	Phytophthora	Phytophthora citrophthora	KAK1944953.1 Luminal-binding protein 5 [Phytophthora citrophthora]
Pcub-SC1982_037_000229.1	OQR92074.1	33.4	595	510	611	2.93e-80	266	98.4	1202772	Oomycota	Achlya	Achlya hypogyna	OQR92074.1 bifunctional purine biosynthesis protein PURH [Achlya hypogyna]
Pcub-SC1982_037_000229.1	KAG9410198.1	33.1	595	510	611	4.36e-79	263	98.4	112091	Oomycota	Aphanomyces	Aphanomyces cochlioides	KAG9410198.1 hypothetical protein AC1031_018227 [Aphanomyces cochlioides]
Pcub-SC1982_037_000229.1	RHY30966.1	33.4	595	510	626	1.68e-78	262	98.4	157072	Oomycota	Aphanomyces	Aphanomyces invadans	RHY30966.1 hypothetical protein DYB32_003877 [Aphanomyces invadans]
Pcub-SC1982_037_000229.1	DBA04039.1	32.9	596	510	614	6.92e-78	260	98.4	4803	Oomycota	Lagenidium	Lagenidium giganteum	DBA04039.1 TPA: hypothetical protein N0F65_009386 [Lagenidium giganteum]
Pcub-SC1982_037_000229.1	KAF0732921.1	33.3	597	510	611	9.05e-78	259	98.4	100861	Oomycota	Aphanomyces	Aphanomyces euteiches	KAF0732921.1 hypothetical protein Ae201684_010030 [Aphanomyces euteiches]
Pcub-SC1982_037_000229.1	XP_008865764.1	33.8	595	510	611	9.05e-78	259	98.4	157072	Oomycota	Aphanomyces	Aphanomyces invadans	XP_008865764.1 phosphoribosylaminoimidazolecarboxamide formyltransferase/IMP cyclohydrolase [Aphanomyces invadans]
Pcub-SC1982_037_000229.1	KAH9119035.1	33.4	595	510	611	9.05e-78	259	98.4	100861	Oomycota	Aphanomyces	Aphanomyces euteiches	KAH9119035.1 hypothetical protein LEN26_011822 [Aphanomyces euteiches]
Pcub-SC1982_037_000229.1	KAF0684393.1	33.4	595	510	611	1.78e-77	259	98.4	120398	Oomycota	Aphanomyces	Aphanomyces stellatus	KAF0684393.1 hypothetical protein As57867_023556 [Aphanomyces stellatus]
Pcub-SC1982_037_000229.1	XP_012195046.1	33.1	595	510	611	1.78e-77	259	98.4	695850	Oomycota	Saprolegnia	Saprolegnia parasitica	XP_012195046.1 phosphoribosylaminoimidazolecarboxamide formyltransferase/IMP cyclohydrolase [Saprolegnia parasitica CBS 223.65]
Pcub-SC1982_037_000229.1	OQS04571.1	33.8	595	510	1036	4.54e-77	266	98.4	74557	Oomycota	Thraustotheca	Thraustotheca clavata	OQS04571.1 bifunctional purine biosynthesis protein PURH [Thraustotheca clavata]
Pcub-SC1982_037_000229.1	TYZ62201.1	33.4	596	510	615	1.05e-76	257	98.4	1485010	Oomycota	Globisporangium	[Pythium] brassicae (nom. inval.)	TYZ62201.1 hypothetical protein PybrP1_009794 [[Pythium] brassicae (nom. inval.)]
Pcub-SC1982_037_000229.1	TMW56473.1	33.4	596	510	614	1.43e-76	256	98.4	41045	Oomycota	Pythium	Pythium oligandrum	TMW56473.1 hypothetical protein Poli38472_006483 [Pythium oligandrum]
Pcub-SC1982_037_000229.1	XP_008611941.1	32.8	595	510	611	1.87e-76	256	98.4	1156394	Oomycota	Saprolegnia	Saprolegnia diclina	XP_008611941.1 phosphoribosylaminoimidazolecarboxamide formyltransferase/IMP cyclohydrolase [Saprolegnia diclina VS20]
Pcub-SC1982_037_000229.1	CCA14380.1	32.7	609	510	645	2.81e-76	256	99.8	890382	Oomycota	Albugo	Albugo laibachii	CCA14380.1 probable bifunctional purine synthesis protein putat [Albugo laibachii Nc14]
Pcub-SC1982_037_000229.1	RHY48678.1	33.2	597	510	612	5.26e-76	255	98.4	112090	Oomycota	Aphanomyces	Aphanomyces astaci	RHY48678.1 hypothetical protein DYB38_003896 [Aphanomyces astaci]
Pcub-SC1982_037_000229.1	RHY92629.1	33.2	597	510	612	7.36e-76	254	98.4	112090	Oomycota	Aphanomyces	Aphanomyces astaci	RHY92629.1 hypothetical protein DYB35_005063 [Aphanomyces astaci]
Pcub-SC1982_037_000229.1	XP_009844454.1	33.2	597	510	612	1.03e-75	254	98.4	112090	Oomycota	Aphanomyces	Aphanomyces astaci	XP_009844454.1 phosphoribosylaminoimidazolecarboxamide formyltransferase/IMP cyclohydrolase [Aphanomyces astaci]
Pcub-SC1982_037_000229.1	KAJ0397876.1	32.6	596	510	614	2.21e-74	251	98.4	114742	Oomycota	Pythium	Pythium insidiosum	KAJ0397876.1 hypothetical protein ATCC90586_006462 [Pythium insidiosum]
Pcub-SC1982_037_000229.1	KAF1334649.1	32.5	603	510	614	8.47e-74	249	99.8	82926	Oomycota	Globisporangium	Globisporangium splendens	KAF1334649.1 Phosphoribosylaminoimidazolecarboxamide formyltransferase/imp cyclohydrolase, partial [Globisporangium splendens]
Pcub-SC1982_037_000229.1	CCI41090.1	32.5	607	510	648	3.39e-73	248	98.6	65357	Oomycota	Albugo	Albugo candida	CCI41090.1 unnamed protein product [Albugo candida]
Pcub-SC1982_037_000229.1	KAJ0391758.1	32.6	596	510	766	4.15e-73	251	98.4	114742	Oomycota	Pythium	Pythium insidiosum	KAJ0391758.1 hypothetical protein P43SY_001840 [Pythium insidiosum]
Pcub-SC1982_037_000229.1	KAI9914815.1	32.7	599	510	616	1.40e-70	241	98.4	230839	Oomycota	Peronosclerospora	Peronosclerospora sorghi	KAI9914815.1 hypothetical protein PsorP6_008037 [Peronosclerospora sorghi]
Pcub-SC1982_037_000229.1	CAH0475927.1	32.2	599	510	600	3.81e-70	239	98.4	622444	Oomycota	Peronospora	Peronospora belbahrii	CAH0475927.1 unnamed protein product [Peronospora belbahrii]
Pcub-SC1982_037_000229.1	XP_008901370.1	32.7	600	510	616	5.33e-70	239	98.4	4792;761204;1317063;1317064;1317065;1317066	Oomycota	Phytophthora	Phytophthora nicotianae	XP_008901370.1 phosphoribosylaminoimidazolecarboxamide formyltransferase/IMP cyclohydrolase [Phytophthora nicotianae INRA-310]
Pcub-SC1982_037_000229.1	KUF89246.1	32.7	600	510	616	5.33e-70	239	98.4	4792	Oomycota	Phytophthora	Phytophthora nicotianae	KUF89246.1 hypothetical protein AM587_10007764 [Phytophthora nicotianae]
Pcub-SC1982_037_000033.1	KAF4325600.1	26.8	164	414	654	1.91e-07	58.5	36.7	1284355	Oomycota	Phytophthora	Phytophthora kernoviae	KAF4325600.1 hypothetical protein G195_000745 [Phytophthora kernoviae 00238/432]
Pcub-SC1982_037_000228.1	OQR93821.1	35.0	157	556	361	2.99e-17	88.6	28.1	74557	Oomycota	Thraustotheca	Thraustotheca clavata	OQR93821.1 hypothetical protein THRCLA_08338 [Thraustotheca clavata]
Pcub-SC1982_037_000228.1	XP_008618364.1	33.8	157	556	396	5.61e-17	88.2	28.1	1156394	Oomycota	Saprolegnia	Saprolegnia diclina	XP_008618364.1 hypothetical protein SDRG_14039 [Saprolegnia diclina VS20]
Pcub-SC1982_037_000228.1	XP_012204389.1	33.5	155	556	370	1.06e-16	87.0	27.7	695850	Oomycota	Saprolegnia	Saprolegnia parasitica	XP_012204389.1 hypothetical protein SPRG_09573 [Saprolegnia parasitica CBS 223.65]
Pcub-SC1982_037_000228.1	KAH9089245.1	34.4	157	556	380	1.57e-16	86.7	28.1	100861	Oomycota	Aphanomyces	Aphanomyces euteiches	KAH9089245.1 hypothetical protein Ae201684P_001449 [Aphanomyces euteiches]
Pcub-SC1982_037_000228.1	KAG9401012.1	34.4	157	556	380	3.77e-16	85.5	28.1	112091	Oomycota	Aphanomyces	Aphanomyces cochlioides	KAG9401012.1 hypothetical protein AC1031_009767 [Aphanomyces cochlioides]
Pcub-SC1982_037_000228.1	XP_012212353.1	36.1	133	556	260	8.94e-16	82.4	23.7	695850	Oomycota	Saprolegnia	Saprolegnia parasitica	XP_012212353.1 hypothetical protein SPRG_17604 [Saprolegnia parasitica CBS 223.65]
Pcub-SC1982_037_000228.1	KAF0695658.1	33.1	157	556	391	9.93e-16	84.3	28.1	120398	Oomycota	Aphanomyces	Aphanomyces stellatus	KAF0695658.1 hypothetical protein As57867_013502 [Aphanomyces stellatus]
Pcub-SC1982_037_000228.1	OQR87266.1	36.1	147	556	366	1.07e-15	84.0	25.9	1202772	Oomycota	Achlya	Achlya hypogyna	OQR87266.1 membrane protein [Achlya hypogyna]
Pcub-SC1982_037_000228.1	KAF0730748.1	34.4	151	556	299	1.62e-15	82.4	27.0	100861	Oomycota	Aphanomyces	Aphanomyces euteiches	KAF0730748.1 hypothetical protein Ae201684_011858 [Aphanomyces euteiches]
Pcub-SC1982_037_000228.1	KAH9141006.1	34.4	157	556	844	2.43e-15	84.7	28.1	100861	Oomycota	Aphanomyces	Aphanomyces euteiches	KAH9141006.1 hypothetical protein AeRB84_014800 [Aphanomyces euteiches]
Pcub-SC1982_037_000228.1	KAH9111863.1	34.4	157	556	844	3.21e-15	84.3	28.1	100861	Oomycota	Aphanomyces	Aphanomyces euteiches	KAH9111863.1 hypothetical protein AeMF1_013677 [Aphanomyces euteiches]
Pcub-SC1982_037_000228.1	KAG9401011.1	34.2	149	556	271	3.56e-15	80.9	26.6	112091	Oomycota	Aphanomyces	Aphanomyces cochlioides	KAG9401011.1 hypothetical protein AC1031_009767 [Aphanomyces cochlioides]
Pcub-SC1982_037_000228.1	KAG9401016.1	32.5	157	556	277	3.90e-15	80.9	28.1	112091	Oomycota	Aphanomyces	Aphanomyces cochlioides	KAG9401016.1 hypothetical protein AC1031_009769 [Aphanomyces cochlioides]
Pcub-SC1982_037_000228.1	KAG9401014.1	32.5	157	556	291	4.78e-15	80.9	28.1	112091	Oomycota	Aphanomyces	Aphanomyces cochlioides	KAG9401014.1 hypothetical protein AC1031_009769 [Aphanomyces cochlioides]
Pcub-SC1982_037_000228.1	XP_008880544.1	34.4	157	556	370	4.79e-15	82.0	28.1	157072	Oomycota	Aphanomyces	Aphanomyces invadans	XP_008880544.1 hypothetical protein H310_14457 [Aphanomyces invadans]
Pcub-SC1982_037_000228.1	KAF0695656.1	30.4	184	556	348	2.26e-14	79.7	31.3	120398	Oomycota	Aphanomyces	Aphanomyces stellatus	KAF0695656.1 hypothetical protein As57867_013500 [Aphanomyces stellatus]
Pcub-SC1982_037_000228.1	KAH9099033.1	31.8	157	556	359	3.35e-14	79.3	28.1	100861	Oomycota	Aphanomyces	Aphanomyces euteiches	KAH9099033.1 hypothetical protein LEN26_016403 [Aphanomyces euteiches]
Pcub-SC1982_037_000228.1	XP_009839146.1	31.2	157	556	299	4.28e-14	78.2	28.1	112090	Oomycota	Aphanomyces	Aphanomyces astaci	XP_009839146.1 hypothetical protein, variant 2 [Aphanomyces astaci]
Pcub-SC1982_037_000228.1	KAH9089207.1	31.8	157	556	356	4.37e-14	79.0	28.1	100861	Oomycota	Aphanomyces	Aphanomyces euteiches	KAH9089207.1 hypothetical protein Ae201684P_001412 [Aphanomyces euteiches]
Pcub-SC1982_037_000228.1	KAH9141003.1	31.8	157	556	359	4.49e-14	79.0	28.1	100861	Oomycota	Aphanomyces	Aphanomyces euteiches	KAH9141003.1 hypothetical protein AeRB84_014797 [Aphanomyces euteiches]
Pcub-SC1982_037_000228.1	XP_008880554.1	28.8	184	556	359	6.01e-14	78.6	31.3	157072	Oomycota	Aphanomyces	Aphanomyces invadans	XP_008880554.1 hypothetical protein H310_14466 [Aphanomyces invadans]
Pcub-SC1982_037_000228.1	KAF0730750.1	31.8	157	556	411	6.56e-14	79.0	28.1	100861	Oomycota	Aphanomyces	Aphanomyces euteiches	KAF0730750.1 hypothetical protein Ae201684_011860 [Aphanomyces euteiches]
Pcub-SC1982_037_000228.1	XP_009839147.1	31.2	157	556	362	8.25e-14	78.2	28.1	112090	Oomycota	Aphanomyces	Aphanomyces astaci	XP_009839147.1 hypothetical protein, variant 1 [Aphanomyces astaci]
Pcub-SC1982_037_000228.1	XP_009839164.1	34.8	158	556	367	8.60e-14	78.2	28.1	112090	Oomycota	Aphanomyces	Aphanomyces astaci	XP_009839164.1 hypothetical protein H257_13364 [Aphanomyces astaci]
Pcub-SC1982_037_000228.1	XP_009839162.1	34.6	153	556	262	1.25e-12	73.2	27.2	112090	Oomycota	Aphanomyces	Aphanomyces astaci	XP_009839162.1 hypothetical protein, variant 2 [Aphanomyces astaci]
Pcub-SC1982_037_000227.1	XP_012206362.1	22.2	320	302	453	5.24e-06	52.8	92.4	695850	Oomycota	Saprolegnia	Saprolegnia parasitica	XP_012206362.1 glutathione-disulfide reductase [Saprolegnia parasitica CBS 223.65]
Pcub-SC1982_037_000227.1	TYZ64956.1	30.7	192	302	475	5.38e-06	52.8	57.6	1485010	Oomycota	Globisporangium	[Pythium] brassicae (nom. inval.)	TYZ64956.1 hypothetical protein PybrP1_010263 [[Pythium] brassicae (nom. inval.)]
Pcub-SC1982_037_000227.1	KAH9103727.1	22.8	325	302	490	9.73e-06	52.0	89.1	100861	Oomycota	Aphanomyces	Aphanomyces euteiches	KAH9103727.1 hypothetical protein AeMF1_020002 [Aphanomyces euteiches]
Pcub-SC1982_037_000227.1	KAF0731416.1	22.8	325	302	490	9.73e-06	52.0	89.1	100861	Oomycota	Aphanomyces	Aphanomyces euteiches	KAF0731416.1 hypothetical protein Ae201684_011319 [Aphanomyces euteiches]
Pcub-SC1982_037_000227.1	KAG9399902.1	22.8	325	302	490	9.73e-06	52.0	89.1	112091	Oomycota	Aphanomyces	Aphanomyces cochlioides	KAG9399902.1 hypothetical protein AC1031_011367 [Aphanomyces cochlioides]
Pcub-SC1982_037_000227.1	XP_024586721.1	24.6	232	302	497	1.74e-05	51.2	70.9	4781	Oomycota	Plasmopara	Plasmopara halstedii	XP_024586721.1 glutathione reductase [Plasmopara halstedii]
Pcub-SC1982_037_000227.1	KAG7380385.1	25.8	190	302	493	2.31e-05	50.8	57.3	109152	Oomycota	Phytophthora	Phytophthora boehmeriae	KAG7380385.1 hypothetical protein PHYBOEH_011475 [Phytophthora boehmeriae]
Pcub-SC1982_037_000227.1	OQR93245.1	24.9	225	302	478	5.39e-05	49.7	64.2	74557	Oomycota	Thraustotheca	Thraustotheca clavata	OQR93245.1 glutathione reductase [Thraustotheca clavata]
Pcub-SC1982_037_000227.1	KAF0714225.1	25.4	256	302	494	1.72e-04	48.1	75.2	120398	Oomycota	Aphanomyces	Aphanomyces stellatus	KAF0714225.1 hypothetical protein As57867_003929 [Aphanomyces stellatus]
Pcub-SC1982_037_000227.1	KAJ0412327.1	26.7	187	302	500	1.73e-04	48.1	57.0	114742	Oomycota	Pythium	Pythium insidiosum	KAJ0412327.1 hypothetical protein ATCC90586_009517 [Pythium insidiosum]
Pcub-SC1982_037_000227.1	TYZ58540.1	26.3	186	302	502	1.73e-04	48.1	57.0	1485010	Oomycota	Globisporangium	[Pythium] brassicae (nom. inval.)	TYZ58540.1 hypothetical protein PybrP1_009558 [[Pythium] brassicae (nom. inval.)]
Pcub-SC1982_037_000227.1	KAH7461303.1	24.6	191	302	493	2.29e-04	47.8	57.6	164328	Oomycota	Phytophthora	Phytophthora ramorum	KAH7461303.1 Glutathione reductase [Phytophthora ramorum]
Pcub-SC1982_037_000227.1	KAF1326228.1	28.6	189	302	493	2.29e-04	47.8	57.6	82926	Oomycota	Globisporangium	Globisporangium splendens	KAF1326228.1 Glutathione-disulfide reductase, partial [Globisporangium splendens]
Pcub-SC1982_037_000227.1	ETL80004.1	24.7	186	302	500	3.06e-04	47.4	57.0	4792	Oomycota	Phytophthora	Phytophthora nicotianae	ETL80004.1 glutathione-disulfide reductase [Phytophthora nicotianae]
Pcub-SC1982_037_000227.1	XP_009834346.1	23.8	223	302	518	3.11e-04	47.4	64.6	112090	Oomycota	Aphanomyces	Aphanomyces astaci	XP_009834346.1 glutathione-disulfide reductase [Aphanomyces astaci]
Pcub-SC1982_037_000227.1	KAH9100854.1	22.4	317	302	471	3.97e-04	47.0	89.1	100861	Oomycota	Aphanomyces	Aphanomyces euteiches	KAH9100854.1 hypothetical protein Ae201684P_007046 [Aphanomyces euteiches]
Pcub-SC1982_037_000227.1	RHZ31304.1	25.6	223	302	518	5.50e-04	46.6	64.6	112090	Oomycota	Aphanomyces	Aphanomyces astaci	RHZ31304.1 hypothetical protein DYB37_007675 [Aphanomyces astaci]
Pcub-SC1982_037_000227.1	CCA23647.1	24.4	221	302	496	7.19e-04	46.2	63.9	890382	Oomycota	Albugo	Albugo laibachii	CCA23647.1 glutathione reductase putative [Albugo laibachii Nc14]
Pcub-SC1982_037_000226.1	CAH0492077.1	23.4	1090	1411	1032	3.10e-50	199	73.8	134698	Oomycota	Peronospora	Peronospora farinosa	CAH0492077.1 unnamed protein product [Peronospora farinosa]
Pcub-SC1982_037_000226.1	CAH0492078.1	26.6	169	1411	174	3.05e-04	48.1	11.1	134698	Oomycota	Peronospora	Peronospora farinosa	CAH0492078.1 unnamed protein product [Peronospora farinosa]
Pcub-SC1982_037_000224.1	KAF4326291.1	41.4	263	264	264	4.39e-64	205	99.6	1284355	Oomycota	Phytophthora	Phytophthora kernoviae	KAF4326291.1 hypothetical protein G195_000294 [Phytophthora kernoviae 00238/432]
Pcub-SC1982_037_000224.1	OQR84407.1	34.3	271	264	254	1.82e-24	102	98.5	1202772	Oomycota	Achlya	Achlya hypogyna	OQR84407.1 short chain dehydrogenase/reductase family oxidoreductase [Achlya hypogyna]
Pcub-SC1982_037_000224.1	KAF0719014.1	31.7	268	264	253	6.76e-24	101	98.5	120398	Oomycota	Aphanomyces	Aphanomyces stellatus	KAF0719014.1 hypothetical protein As57867_001333 [Aphanomyces stellatus]
Pcub-SC1982_037_000224.1	OQS02891.1	32.8	268	264	252	4.89e-23	99.0	97.7	74557	Oomycota	Thraustotheca	Thraustotheca clavata	OQS02891.1 short chain type dehydrogenase [Thraustotheca clavata]
Pcub-SC1982_037_000224.1	XP_008619723.1	32.6	273	264	254	7.09e-23	98.6	98.5	1156394	Oomycota	Saprolegnia	Saprolegnia diclina	XP_008619723.1 hypothetical protein SDRG_15332 [Saprolegnia diclina VS20]
Pcub-SC1982_037_000224.1	KAH9126105.1	32.0	266	264	251	1.30e-22	97.8	97.7	100861	Oomycota	Aphanomyces	Aphanomyces euteiches	KAH9126105.1 hypothetical protein LEN26_009431 [Aphanomyces euteiches]
Pcub-SC1982_037_000224.1	KAH9115199.1	32.0	266	264	251	1.30e-22	97.8	97.7	100861	Oomycota	Aphanomyces	Aphanomyces euteiches	KAH9115199.1 hypothetical protein AeMF1_010746 [Aphanomyces euteiches]
Pcub-SC1982_037_000224.1	XP_012200940.1	32.2	273	264	254	1.38e-22	97.8	98.5	695850	Oomycota	Saprolegnia	Saprolegnia parasitica	XP_012200940.1 hypothetical protein SPRG_06743 [Saprolegnia parasitica CBS 223.65]
Pcub-SC1982_037_000224.1	KAF0745780.1	31.6	266	264	251	1.32e-21	95.1	97.7	100861	Oomycota	Aphanomyces	Aphanomyces euteiches	KAF0745780.1 hypothetical protein Ae201684_000227 [Aphanomyces euteiches]
Pcub-SC1982_037_000224.1	KAH9129554.1	31.2	266	264	251	3.57e-21	94.0	97.7	100861	Oomycota	Aphanomyces	Aphanomyces euteiches	KAH9129554.1 hypothetical protein AeMF1_000429 [Aphanomyces euteiches]
Pcub-SC1982_037_000224.1	KAF0732407.1	31.2	266	264	251	9.61e-21	92.8	97.7	100861	Oomycota	Aphanomyces	Aphanomyces euteiches	KAF0732407.1 hypothetical protein Ae201684_010516 [Aphanomyces euteiches]
Pcub-SC1982_037_000224.1	KAF4324564.1	30.9	262	264	586	2.13e-20	95.1	95.8	1284355	Oomycota	Phytophthora	Phytophthora kernoviae	KAF4324564.1 hypothetical protein G195_002021 [Phytophthora kernoviae 00238/432]
Pcub-SC1982_037_000224.1	KAF1336601.1	29.0	262	264	638	2.24e-20	95.1	97.0	82926	Oomycota	Globisporangium	Globisporangium splendens	KAF1336601.1 Carbohydrate esterase, partial [Globisporangium splendens]
Pcub-SC1982_037_000224.1	KAF4326155.1	29.2	260	264	247	2.40e-20	91.7	94.7	1284355	Oomycota	Phytophthora	Phytophthora kernoviae	KAF4326155.1 hypothetical protein G195_000204 [Phytophthora kernoviae 00238/432]
Pcub-SC1982_037_000224.1	KAG6578095.1	30.9	217	264	258	5.66e-20	90.9	80.3	4785	Oomycota	Phytophthora	Phytophthora cinnamomi	KAG6578095.1 putative oxidoreductase [Phytophthora cinnamomi]
Pcub-SC1982_037_000224.1	CCA21491.1	28.1	263	264	247	4.64e-19	88.2	95.5	890382	Oomycota	Albugo	Albugo laibachii	CCA21491.1 putative shortchain type dehydrogenase/reductase [Albugo laibachii Nc14]
Pcub-SC1982_037_000224.1	KAH9090071.1	31.2	266	264	250	9.42e-19	87.4	97.7	100861	Oomycota	Aphanomyces	Aphanomyces euteiches	KAH9090071.1 hypothetical protein Ae201684P_014826 [Aphanomyces euteiches]
Pcub-SC1982_037_000224.1	CCI48835.1	28.0	261	264	247	1.24e-18	87.0	97.3	65357	Oomycota	Albugo	Albugo candida	CCI48835.1 unnamed protein product [Albugo candida]
Pcub-SC1982_037_000224.1	KAE9347472.1	28.7	251	264	258	2.08e-18	86.7	92.8	53985	Oomycota	Phytophthora	Phytophthora fragariae	KAE9347472.1 hypothetical protein PF008_g7801 [Phytophthora fragariae]
Pcub-SC1982_037_000224.1	KAG6612124.1	26.8	261	264	293	2.56e-18	87.0	95.1	4785	Oomycota	Phytophthora	Phytophthora cinnamomi	KAG6612124.1 Peroxisomal trans-2-enoyl-CoA reductase [Phytophthora cinnamomi]
Pcub-SC1982_037_000224.1	KAF4325615.1	27.8	255	264	348	2.59e-18	87.8	94.7	1284355	Oomycota	Phytophthora	Phytophthora kernoviae	KAF4325615.1 hypothetical protein G195_000662 [Phytophthora kernoviae 00238/432]
Pcub-SC1982_037_000224.1	XP_009517563.1	26.8	261	264	294	2.60e-18	87.0	95.1	67593	Oomycota	Phytophthora	Phytophthora sojae	XP_009517563.1 hypothetical protein PHYSODRAFT_264095 [Phytophthora sojae]
Pcub-SC1982_037_000224.1	ETL83790.1	30.0	217	264	257	5.43e-18	85.5	80.3	4792	Oomycota	Phytophthora	Phytophthora nicotianae	ETL83790.1 hypothetical protein L917_16311 [Phytophthora nicotianae]
Pcub-SC1982_037_000224.1	ETI36957.1	30.0	217	264	257	5.43e-18	85.5	80.3	4792;1317063;1317065	Oomycota	Phytophthora	Phytophthora nicotianae	ETI36957.1 hypothetical protein F443_17055 [Phytophthora nicotianae P1569]
Pcub-SC1982_037_000224.1	ETP34841.1	30.0	217	264	257	5.43e-18	85.5	80.3	1317064	Oomycota	Phytophthora	Phytophthora nicotianae	ETP34841.1 hypothetical protein F442_16913 [Phytophthora nicotianae P10297]
Pcub-SC1982_037_000223.1	KAF4326194.1	55.0	347	443	346	7.46e-124	367	78.3	1284355	Oomycota	Phytophthora	Phytophthora kernoviae	KAF4326194.1 hypothetical protein G195_000059 [Phytophthora kernoviae 00238/432]
Pcub-SC1982_037_000223.1	GLD97838.1	41.2	347	443	349	3.42e-84	266	76.7	114742	Oomycota	Pythium	Pythium insidiosum	GLD97838.1 hypothetical protein PINS_up006535 [Pythium insidiosum]
Pcub-SC1982_037_000223.1	GLD97842.1	40.9	347	443	349	4.82e-84	266	76.7	114742	Oomycota	Pythium	Pythium insidiosum	GLD97842.1 hypothetical protein PINS_up006539 [Pythium insidiosum]
Pcub-SC1982_037_000223.1	GLE11097.1	40.9	347	443	355	5.80e-84	266	76.7	114742	Oomycota	Pythium	Pythium insidiosum	GLE11097.1 hypothetical protein PINS_up023405 [Pythium insidiosum]
Pcub-SC1982_037_000223.1	GLD97819.1	41.3	344	443	349	9.61e-84	265	76.7	114742	Oomycota	Pythium	Pythium insidiosum	GLD97819.1 hypothetical protein PINS_up006516 [Pythium insidiosum]
Pcub-SC1982_037_000223.1	GLE06400.1	40.9	347	443	349	3.82e-83	263	76.7	114742	Oomycota	Pythium	Pythium insidiosum	GLE06400.1 hypothetical protein PINS_up015647 [Pythium insidiosum]
Pcub-SC1982_037_000223.1	GLD97818.1	40.3	345	443	353	1.21e-82	262	76.7	114742	Oomycota	Pythium	Pythium insidiosum	GLD97818.1 hypothetical protein PINS_up006515 [Pythium insidiosum]
Pcub-SC1982_037_000223.1	KAJ0406730.1	40.3	347	443	350	1.56e-82	262	76.7	114742	Oomycota	Pythium	Pythium insidiosum	KAJ0406730.1 hypothetical protein P43SY_004555 [Pythium insidiosum]
Pcub-SC1982_037_000223.1	CCI40483.1	39.2	347	443	352	1.66e-82	262	76.7	65357	Oomycota	Albugo	Albugo candida	CCI40483.1 unnamed protein product [Albugo candida]
Pcub-SC1982_037_000223.1	CCA26192.1	39.2	347	443	352	1.66e-82	262	76.7	890382	Oomycota	Albugo	Albugo laibachii	CCA26192.1 mannitol dehydrogenase putative [Albugo laibachii Nc14]
Pcub-SC1982_037_000223.1	XP_024585290.1	39.1	353	443	354	1.97e-81	259	78.1	4781	Oomycota	Plasmopara	Plasmopara halstedii	XP_024585290.1 mannitol [Plasmopara halstedii]
Pcub-SC1982_037_000223.1	KAJ0406729.1	39.4	345	443	352	3.69e-81	258	76.7	114742	Oomycota	Pythium	Pythium insidiosum	KAJ0406729.1 hypothetical protein P43SY_004554 [Pythium insidiosum]
Pcub-SC1982_037_000223.1	KAJ0410908.1	39.1	345	443	352	4.12e-80	256	76.7	114742	Oomycota	Pythium	Pythium insidiosum	KAJ0410908.1 hypothetical protein ATCC90586_004429 [Pythium insidiosum]
Pcub-SC1982_037_000223.1	KAF1317388.1	38.3	347	443	354	4.37e-80	256	76.7	82926	Oomycota	Globisporangium	Globisporangium splendens	KAF1317388.1 Mannitol dehydrogenase, partial [Globisporangium splendens]
Pcub-SC1982_037_000223.1	KAG7383898.1	38.9	347	443	364	1.66e-79	254	76.7	109152	Oomycota	Phytophthora	Phytophthora boehmeriae	KAG7383898.1 hypothetical protein PHYBOEH_009738 [Phytophthora boehmeriae]
Pcub-SC1982_037_000223.1	DAZ94521.1	39.7	348	443	367	2.56e-79	254	76.7	4803	Oomycota	Lagenidium	Lagenidium giganteum	DAZ94521.1 TPA: hypothetical protein N0F65_001537 [Lagenidium giganteum]
Pcub-SC1982_037_000223.1	RLN92348.1	38.4	349	443	356	1.03e-78	252	76.7	2483409	Oomycota	Nothophytophthora	Nothophytophthora sp. Chile5	RLN92348.1 hypothetical protein BBJ28_00004994 [Nothophytophthora sp. Chile5]
Pcub-SC1982_037_000223.1	DBA01365.1	39.9	348	443	367	1.43e-78	252	76.7	4803	Oomycota	Lagenidium	Lagenidium giganteum	DBA01365.1 TPA: hypothetical protein N0F65_001604 [Lagenidium giganteum]
Pcub-SC1982_037_000223.1	TMW61695.1	39.1	345	443	350	1.71e-78	251	76.7	41045	Oomycota	Pythium	Pythium oligandrum	TMW61695.1 hypothetical protein Poli38472_010758 [Pythium oligandrum]
Pcub-SC1982_037_000223.1	KAG7377624.1	39.2	347	443	352	2.56e-78	251	76.7	221518	Oomycota	Phytophthora	Phytophthora pseudosyringae	KAG7377624.1 hypothetical protein PHYPSEUDO_011371 [Phytophthora pseudosyringae]
Pcub-SC1982_037_000223.1	KAG6622191.1	37.9	348	443	355	2.80e-78	251	76.7	4785	Oomycota	Phytophthora	Phytophthora cinnamomi	KAG6622191.1 NADP-dependent alcohol dehydrogenase C 2 [Phytophthora cinnamomi]
Pcub-SC1982_037_000223.1	KAK1933691.1	37.9	346	443	353	3.72e-78	251	76.7	4793	Oomycota	Phytophthora	Phytophthora citrophthora	KAK1933691.1 NADP-dependent alcohol dehydrogenase C 2 [Phytophthora citrophthora]
Pcub-SC1982_037_000223.1	KAF1317426.1	38.0	347	443	354	3.84e-78	251	76.7	82926	Oomycota	Globisporangium	Globisporangium splendens	KAF1317426.1 Mannitol dehydrogenase, partial [Globisporangium splendens]
Pcub-SC1982_037_000223.1	KAF1317389.1	38.0	347	443	354	3.84e-78	251	76.7	82926	Oomycota	Globisporangium	Globisporangium splendens	KAF1317389.1 Mannitol dehydrogenase, partial [Globisporangium splendens]
Pcub-SC1982_037_000223.1	KAG1705571.1	37.3	346	443	353	5.25e-78	250	76.7	4784	Oomycota	Phytophthora	Phytophthora capsici	KAG1705571.1 hypothetical protein DVH05_003258 [Phytophthora capsici]
Pcub-SC1982_037_000222.1	KAF4324984.1	37.9	206	623	220	1.20e-30	124	32.7	1284355	Oomycota	Phytophthora	Phytophthora kernoviae	KAF4324984.1 hypothetical protein G195_001671 [Phytophthora kernoviae 00238/432]
Pcub-SC1982_037_000222.1	KAF4325469.1	34.6	217	623	542	1.99e-29	127	34.2	1284355	Oomycota	Phytophthora	Phytophthora kernoviae	KAF4325469.1 hypothetical protein G195_000890 [Phytophthora kernoviae 00238/432]
Pcub-SC1982_037_000222.1	KAG2858755.1	35.0	203	623	202	3.95e-28	116	31.1	29920	Oomycota	Phytophthora	Phytophthora cactorum	KAG2858755.1 hypothetical protein PC115_g25775, partial [Phytophthora cactorum]
Pcub-SC1982_037_000222.1	KAF4326272.1	35.0	206	623	228	1.05e-27	116	32.6	1284355	Oomycota	Phytophthora	Phytophthora kernoviae	KAF4326272.1 hypothetical protein G195_000109, partial [Phytophthora kernoviae 00238/432]
Pcub-SC1982_037_000222.1	KAF4324726.1	24.5	617	623	616	1.13e-26	120	93.9	1284355	Oomycota	Phytophthora	Phytophthora kernoviae	KAF4324726.1 hypothetical protein G195_001900 [Phytophthora kernoviae 00238/432]
Pcub-SC1982_037_000222.1	WP_133846927.1	32.7	208	623	227	5.84e-26	111	32.6	134698;1903409;2708060;2708061	Pseudomonadota;Oomycota	Pantoea;Peronospora	Peronospora farinosa;Pantoea sp. EKM21T;Pantoea sp. EKM22T	WP_133846927.1 MULTISPECIES: copper/silver response regulator transcription factor [Erwiniaceae]
Pcub-SC1982_037_000222.1	KAF4324916.1	37.9	198	623	221	9.38e-26	110	30.8	1284355	Oomycota	Phytophthora	Phytophthora kernoviae	KAF4324916.1 hypothetical protein G195_001745 [Phytophthora kernoviae 00238/432]
Pcub-SC1982_037_000222.1	KAF4324931.1	35.6	180	623	222	8.40e-25	107	27.6	1284355	Oomycota	Phytophthora	Phytophthora kernoviae	KAF4324931.1 hypothetical protein G195_001738 [Phytophthora kernoviae 00238/432]
Pcub-SC1982_037_000222.1	KAF4324822.1	35.8	179	623	203	1.81e-24	106	27.3	1284355	Oomycota	Phytophthora	Phytophthora kernoviae	KAF4324822.1 hypothetical protein G195_001109 [Phytophthora kernoviae 00238/432]
Pcub-SC1982_037_000222.1	WP_031593449.1	32.1	215	623	222	2.12e-24	106	34.5	549;53335;134698	Pseudomonadota;Oomycota	Pantoea;Peronospora	Pantoea agglomerans;Peronospora farinosa	WP_031593449.1 MULTISPECIES: two-component system response regulator PhoP [Pantoea]
Pcub-SC1982_037_000222.1	KAF4326227.1	28.7	202	623	225	2.69e-23	103	32.3	1284355	Oomycota	Phytophthora	Phytophthora kernoviae	KAF4326227.1 hypothetical protein G195_000370 [Phytophthora kernoviae 00238/432]
Pcub-SC1982_037_000222.1	KAF4325006.1	34.1	182	623	220	8.21e-23	102	27.6	1284355	Oomycota	Phytophthora	Phytophthora kernoviae	KAF4325006.1 hypothetical protein G195_001684 [Phytophthora kernoviae 00238/432]
Pcub-SC1982_037_000222.1	KAF4324991.1	33.3	210	623	216	6.45e-22	99.4	32.3	1284355	Oomycota	Phytophthora	Phytophthora kernoviae	KAF4324991.1 hypothetical protein G195_001711 [Phytophthora kernoviae 00238/432]
Pcub-SC1982_037_000222.1	KAF4326317.1	36.3	212	623	233	9.52e-22	99.4	32.4	1284355	Oomycota	Phytophthora	Phytophthora kernoviae	KAF4326317.1 hypothetical protein G195_000168 [Phytophthora kernoviae 00238/432]
Pcub-SC1982_037_000222.1	WP_079344304.1	26.5	211	623	227	3.86e-21	97.4	33.9	44249;1284355;1945581	Bacteroidota;Bacillota;Oomycota	Phytophthora;Paenibacillus;Chryseobacterium	Phytophthora kernoviae;Chryseobacterium mucoviscidosis	WP_079344304.1 MULTISPECIES: response regulator transcription factor [Paenibacillus]
Pcub-SC1982_037_000222.1	KAF4325456.1	33.3	201	623	974	4.20e-21	103	30.7	1284355	Oomycota	Phytophthora	Phytophthora kernoviae	KAF4325456.1 hypothetical protein G195_000930 [Phytophthora kernoviae 00238/432]
Pcub-SC1982_037_000222.1	WP_024634004.1	29.9	221	623	232	4.31e-21	97.4	34.5	44249;1284355;1395586;1395587;1705561;1945581	Bacteroidota;Bacillota;Oomycota	Phytophthora;Paenibacillus;Chryseobacterium	Phytophthora kernoviae;Paenibacillus sp. MAEPY1;Paenibacillus sp. MAEPY2;Paenibacillus xylanivorans;Chryseobacterium mucoviscidosis	WP_024634004.1 MULTISPECIES: response regulator transcription factor [Paenibacillus]
Pcub-SC1982_037_000222.1	KAF4326074.1	28.9	204	623	228	5.36e-21	97.1	32.3	1284355	Oomycota	Phytophthora	Phytophthora kernoviae	KAF4326074.1 hypothetical protein G195_000113 [Phytophthora kernoviae 00238/432]
Pcub-SC1982_037_000222.1	KAF4325771.1	35.3	167	623	170	6.16e-21	95.1	26.2	1284355	Oomycota	Phytophthora	Phytophthora kernoviae	KAF4325771.1 hypothetical protein G195_000572 [Phytophthora kernoviae 00238/432]
Pcub-SC1982_037_000222.1	KAF4324779.1	28.7	223	623	238	9.07e-21	96.7	34.8	1284355	Oomycota	Phytophthora	Phytophthora kernoviae	KAF4324779.1 hypothetical protein G195_001092 [Phytophthora kernoviae 00238/432]
Pcub-SC1982_037_000222.1	KAF4325603.1	26.7	202	623	222	1.18e-20	95.9	32.3	1284355	Oomycota	Phytophthora	Phytophthora kernoviae	KAF4325603.1 hypothetical protein G195_000746 [Phytophthora kernoviae 00238/432]
Pcub-SC1982_037_000222.1	KAF4324785.1	31.6	237	623	530	1.71e-20	100	35.8	1284355	Oomycota	Phytophthora	Phytophthora kernoviae	KAF4324785.1 hypothetical protein G195_001094 [Phytophthora kernoviae 00238/432]
Pcub-SC1982_037_000222.1	KAF4322468.1	33.0	218	623	361	2.27e-20	98.2	33.9	1284355	Oomycota	Phytophthora	Phytophthora kernoviae	KAF4322468.1 hypothetical protein G195_004605 [Phytophthora kernoviae 00238/432]
Pcub-SC1982_037_000222.1	KAF4326311.1	32.2	208	623	232	9.21e-20	93.6	32.3	1284355	Oomycota	Phytophthora	Phytophthora kernoviae	KAF4326311.1 hypothetical protein G195_000140 [Phytophthora kernoviae 00238/432]
Pcub-SC1982_037_000222.1	WP_301881011.1	27.2	206	623	236	1.00e-19	93.6	32.4	185978;1284355	Bacillota;Oomycota	Phytophthora;Paenibacillus	Phytophthora kernoviae	WP_301881011.1 response regulator [Paenibacillus sp. 11B]
Pcub-SC1982_037_000220.1	KAF4326259.1	44.9	374	1554	454	2.48e-91	309	23.7	1284355	Oomycota	Phytophthora	Phytophthora kernoviae	KAF4326259.1 hypothetical protein G195_000319 [Phytophthora kernoviae 00238/432]
Pcub-SC1982_037_000220.1	CCA26186.1	40.4	374	1554	463	1.18e-71	253	23.9	890382	Oomycota	Albugo	Albugo laibachii	CCA26186.1 DEAD/DEAH box RNA helicase putative [Albugo laibachii Nc14]
Pcub-SC1982_037_000220.1	GLD99568.1	39.0	374	1554	470	1.43e-71	253	23.9	114742	Oomycota	Pythium	Pythium insidiosum	GLD99568.1 hypothetical protein PINS_up008294 [Pythium insidiosum]
Pcub-SC1982_037_000220.1	KAG1711406.1	39.7	373	1554	476	2.28e-71	252	23.9	4784	Oomycota	Phytophthora	Phytophthora capsici	KAG1711406.1 putative ATP-dependent RNA helicase ddx47 [Phytophthora capsici]
Pcub-SC1982_037_000220.1	CAI5713621.1	40.1	374	1554	480	3.45e-71	252	23.9	162125	Oomycota	Hyaloperonospora	Hyaloperonospora brassicae	CAI5713621.1 unnamed protein product [Hyaloperonospora brassicae]
Pcub-SC1982_037_000220.1	CAH0475534.1	39.4	373	1554	476	4.20e-71	251	23.9	622444	Oomycota	Peronospora	Peronospora belbahrii	CAH0475534.1 unnamed protein product [Peronospora belbahrii]
Pcub-SC1982_037_000220.1	KAK1947497.1	39.7	373	1554	488	4.26e-71	252	23.9	4793	Oomycota	Phytophthora	Phytophthora citrophthora	KAK1947497.1 putative ATP-dependent RNA helicase DDX47 [Phytophthora citrophthora]
Pcub-SC1982_037_000220.1	KAF1328675.1	39.4	373	1554	481	4.80e-71	251	23.9	82926	Oomycota	Globisporangium	Globisporangium splendens	KAF1328675.1 Dead/deah box RNA helicase, partial [Globisporangium splendens]
Pcub-SC1982_037_000220.1	DBA04764.1	39.0	374	1554	502	8.32e-71	251	23.9	4803	Oomycota	Lagenidium	Lagenidium giganteum	DBA04764.1 TPA: hypothetical protein N0F65_004401 [Lagenidium giganteum]
Pcub-SC1982_037_000220.1	GMF39624.1	39.4	373	1554	479	8.39e-71	251	23.9	1490495	Oomycota	Phytophthora	Phytophthora fragariaefolia	GMF39624.1 unnamed protein product [Phytophthora fragariaefolia]
Pcub-SC1982_037_000220.1	RLN51068.1	39.5	362	1554	403	8.77e-71	248	23.2	325452	Oomycota	Phytophthora	Phytophthora kernoviae	RLN51068.1 hypothetical protein BBJ29_009583 [Phytophthora kernoviae]
Pcub-SC1982_037_000220.1	KAG6611773.1	39.4	373	1554	473	9.71e-71	250	23.9	4785	Oomycota	Phytophthora	Phytophthora cinnamomi	KAG6611773.1 DEAD/DEAH box RNA helicase [Phytophthora cinnamomi]
Pcub-SC1982_037_000220.1	KAG9403134.1	38.8	374	1554	463	1.01e-70	250	23.9	112091	Oomycota	Aphanomyces	Aphanomyces cochlioides	KAG9403134.1 putative ATP-dependent RNA helicase ddx47 [Aphanomyces cochlioides]
Pcub-SC1982_037_000220.1	KAG7401741.1	39.1	373	1554	479	1.14e-70	250	23.9	109152	Oomycota	Phytophthora	Phytophthora boehmeriae	KAG7401741.1 putative ATP-dependent RNA helicase ddx47 [Phytophthora boehmeriae]
Pcub-SC1982_037_000220.1	KAI9911263.1	39.3	374	1554	458	1.20e-70	249	23.9	230839	Oomycota	Peronosclerospora	Peronosclerospora sorghi	KAI9911263.1 hypothetical protein PsorP6_009447 [Peronosclerospora sorghi]
Pcub-SC1982_037_000220.1	OWZ19719.1	40.1	362	1554	471	1.25e-70	250	23.2	4795	Oomycota	Phytophthora	Phytophthora megakarya	OWZ19719.1 DEAD/DEAH box RNA helicase [Phytophthora megakarya]
Pcub-SC1982_037_000220.1	KAE8876117.1	39.4	373	1554	485	1.33e-70	250	23.9	53985	Oomycota	Phytophthora	Phytophthora fragariae	KAE8876117.1 putative ATP-dependent RNA helicase [Phytophthora fragariae]
Pcub-SC1982_037_000220.1	KAE8983181.1	39.4	373	1554	486	1.37e-70	250	23.9	129364	Oomycota	Phytophthora	Phytophthora rubi	KAE8983181.1 putative ATP-dependent RNA helicase [Phytophthora rubi]
Pcub-SC1982_037_000220.1	KAG7383539.1	39.9	373	1554	524	1.46e-70	251	23.9	221518	Oomycota	Phytophthora	Phytophthora pseudosyringae	KAG7383539.1 putative ATP-dependent RNA helicase ddx47 [Phytophthora pseudosyringae]
Pcub-SC1982_037_000220.1	POM58612.1	39.4	373	1554	474	1.84e-70	249	23.9	4796	Oomycota	Phytophthora	Phytophthora palmivora	POM58612.1 DEAD/DEAH box RNA helicase [Phytophthora palmivora]
Pcub-SC1982_037_000220.1	CAI5738589.1	39.4	373	1554	484	2.39e-70	249	23.9	86335	Oomycota	Peronospora	Peronospora destructor	CAI5738589.1 unnamed protein product [Peronospora destructor]
Pcub-SC1982_037_000220.1	KAH9100106.1	38.5	374	1554	463	2.52e-70	249	23.9	100861	Oomycota	Aphanomyces	Aphanomyces euteiches	KAH9100106.1 hypothetical protein LEN26_016184 [Aphanomyces euteiches]
Pcub-SC1982_037_000220.1	KAH9136639.1	38.5	374	1554	463	2.52e-70	249	23.9	100861	Oomycota	Aphanomyces	Aphanomyces euteiches	KAH9136639.1 hypothetical protein AeRB84_018333 [Aphanomyces euteiches]
Pcub-SC1982_037_000220.1	KAH7488717.1	40.3	362	1554	504	2.97e-70	250	23.2	164328	Oomycota	Phytophthora	Phytophthora ramorum	KAH7488717.1 putative ATP-dependent RNA helicase DDX47 [Phytophthora ramorum]
Pcub-SC1982_037_000220.1	XP_009517012.1	39.1	373	1554	482	3.08e-70	249	23.9	67593	Oomycota	Phytophthora	Phytophthora sojae	XP_009517012.1 hypothetical protein PHYSODRAFT_309945 [Phytophthora sojae]
Pcub-SC1982_037_000219.1	TDH73663.1	31.7	183	216	1146	1.40e-20	94.4	82.9	4779	Oomycota	Bremia	Bremia lactucae	TDH73663.1 hypothetical protein CCR75_007939 [Bremia lactucae]
Pcub-SC1982_037_000219.1	CCA23873.1	32.2	199	216	1148	1.90e-20	94.0	89.8	890382	Oomycota	Albugo	Albugo laibachii	CCA23873.1 unnamed protein product putative [Albugo laibachii Nc14]
Pcub-SC1982_037_000219.1	KAF0752196.1	33.3	180	216	527	3.70e-20	92.8	81.5	112090	Oomycota	Aphanomyces	Aphanomyces astaci	KAF0752196.1 hypothetical protein AaE_006135, partial [Aphanomyces astaci]
Pcub-SC1982_037_000219.1	RLO06579.1	33.3	180	216	1305	4.84e-20	92.8	81.5	112090	Oomycota	Aphanomyces	Aphanomyces astaci	RLO06579.1 hypothetical protein DYB28_003339, partial [Aphanomyces astaci]
Pcub-SC1982_037_000219.1	RHY56683.1	32.8	180	216	1376	6.61e-20	92.4	81.5	112090	Oomycota	Aphanomyces	Aphanomyces astaci	RHY56683.1 hypothetical protein DYB38_002709 [Aphanomyces astaci]
Pcub-SC1982_037_000219.1	RHY50998.1	32.8	180	216	1376	6.61e-20	92.4	81.5	112090	Oomycota	Aphanomyces	Aphanomyces astaci	RHY50998.1 hypothetical protein DYB34_002265 [Aphanomyces astaci]
Pcub-SC1982_037_000219.1	RHZ15905.1	32.8	180	216	1596	6.72e-20	92.4	81.5	112090	Oomycota	Aphanomyces	Aphanomyces astaci	RHZ15905.1 hypothetical protein DYB26_000751 [Aphanomyces astaci]
Pcub-SC1982_037_000219.1	RHY05905.1	32.8	180	216	1596	6.72e-20	92.4	81.5	112090	Oomycota	Aphanomyces	Aphanomyces astaci	RHY05905.1 hypothetical protein DYB25_001991 [Aphanomyces astaci]
Pcub-SC1982_037_000219.1	XP_009830001.1	32.8	180	216	1163	8.78e-20	92.0	81.5	112090	Oomycota	Aphanomyces	Aphanomyces astaci	XP_009830001.1 phosphoribosylamine-glycine ligase [Aphanomyces astaci]
Pcub-SC1982_037_000219.1	RQM25814.1	32.8	180	216	1596	9.13e-20	92.0	81.5	112090	Oomycota	Aphanomyces	Aphanomyces astaci	RQM25814.1 hypothetical protein B5M09_001897 [Aphanomyces astaci]
Pcub-SC1982_037_000219.1	RHY92581.1	32.8	180	216	1573	1.68e-19	91.3	81.5	112090	Oomycota	Aphanomyces	Aphanomyces astaci	RHY92581.1 hypothetical protein DYB35_001988 [Aphanomyces astaci]
Pcub-SC1982_037_000219.1	OQR98674.1	32.8	180	216	1131	1.86e-18	88.2	81.5	1202772	Oomycota	Achlya	Achlya hypogyna	OQR98674.1 phosphoribosylglycinamide synthetase [Achlya hypogyna]
Pcub-SC1982_037_000219.1	KAG6612703.1	31.1	183	216	1146	6.34e-18	86.7	82.9	4785	Oomycota	Phytophthora	Phytophthora cinnamomi	KAG6612703.1 phosphoribosylamine-glycine ligase [Phytophthora cinnamomi]
Pcub-SC1982_037_000219.1	KAF0727618.1	31.1	180	216	1141	1.17e-17	85.9	81.5	100861	Oomycota	Aphanomyces	Aphanomyces euteiches	KAF0727618.1 hypothetical protein Ae201684_014443 [Aphanomyces euteiches]
Pcub-SC1982_037_000219.1	KAI9922898.1	30.7	176	216	1144	1.17e-17	85.9	79.6	230839	Oomycota	Peronosclerospora	Peronosclerospora sorghi	KAI9922898.1 hypothetical protein PsorP6_000162 [Peronosclerospora sorghi]
Pcub-SC1982_037_000219.1	XP_002900903.1	30.1	183	216	1143	1.58e-17	85.5	82.9	4787;403677	Oomycota	Phytophthora	Phytophthora infestans	XP_002900903.1 phosphoribosylglycinamide synthetase, putative [Phytophthora infestans T30-4]
Pcub-SC1982_037_000219.1	RMX63359.1	30.6	183	216	1146	1.58e-17	85.5	82.9	542832	Oomycota	Peronospora	Peronospora effusa	RMX63359.1 hypothetical protein DD238_005447 [Peronospora effusa]
Pcub-SC1982_037_000219.1	RQM14343.1	30.6	183	216	1146	1.58e-17	85.5	82.9	542832	Oomycota	Peronospora	Peronospora effusa	RQM14343.1 hypothetical protein DD237_003736 [Peronospora effusa]
Pcub-SC1982_037_000219.1	CAH0486991.1	30.6	183	216	1146	1.58e-17	85.5	82.9	134698	Oomycota	Peronospora	Peronospora farinosa	CAH0486991.1 unnamed protein product [Peronospora farinosa]
Pcub-SC1982_037_000219.1	UIZ20618.1	30.6	183	216	1146	1.58e-17	85.5	82.9	542832	Oomycota	Peronospora	Peronospora effusa	UIZ20618.1 hypothetical protein KXD40_000122 [Peronospora effusa]
Pcub-SC1982_037_000219.1	DBA04659.1	29.3	184	216	1149	1.59e-17	85.5	82.9	4803	Oomycota	Lagenidium	Lagenidium giganteum	DBA04659.1 TPA: hypothetical protein N0F65_012242 [Lagenidium giganteum]
Pcub-SC1982_037_000219.1	KAG9412649.1	31.1	180	216	1141	2.15e-17	85.1	81.5	112091	Oomycota	Aphanomyces	Aphanomyces cochlioides	KAG9412649.1 hypothetical protein AC1031_015558 [Aphanomyces cochlioides]
Pcub-SC1982_037_000219.1	RLN20830.1	31.1	183	216	1147	2.15e-17	85.1	82.9	2483409	Oomycota	Nothophytophthora	Nothophytophthora sp. Chile5	RLN20830.1 hypothetical protein BBJ28_00001015 [Nothophytophthora sp. Chile5]
Pcub-SC1982_037_000219.1	KAH9101617.1	31.1	180	216	1141	2.92e-17	84.7	81.5	100861	Oomycota	Aphanomyces	Aphanomyces euteiches	KAH9101617.1 hypothetical protein AeMF1_021616 [Aphanomyces euteiches]
Pcub-SC1982_037_000219.1	RLN93666.1	31.1	183	216	1147	2.92e-17	84.7	82.9	2483409	Oomycota	Nothophytophthora	Nothophytophthora sp. Chile5	RLN93666.1 hypothetical protein BBJ28_00003640 [Nothophytophthora sp. Chile5]
Pcub-SC1982_037_000036.1	KAF4319688.1	32.8	314	310	442	5.73e-44	160	100	1284355	Oomycota	Phytophthora	Phytophthora kernoviae	KAF4319688.1 hypothetical protein G195_006982 [Phytophthora kernoviae 00238/432]
Pcub-SC1982_037_000036.1	TMW67344.1	29.4	316	310	421	2.25e-28	117	94.5	41045	Oomycota	Pythium	Pythium oligandrum	TMW67344.1 hypothetical protein Poli38472_012460 [Pythium oligandrum]
Pcub-SC1982_037_000036.1	KAI9915413.1	30.1	329	310	438	5.24e-28	117	98.7	230839	Oomycota	Peronosclerospora	Peronosclerospora sorghi	KAI9915413.1 hypothetical protein PsorP6_007380 [Peronosclerospora sorghi]
Pcub-SC1982_037_000036.1	CAI5722733.1	33.0	233	310	437	1.36e-27	115	68.7	162125	Oomycota	Hyaloperonospora	Hyaloperonospora brassicae	CAI5722733.1 unnamed protein product [Hyaloperonospora brassicae]
Pcub-SC1982_037_000036.1	OQR92468.1	28.5	316	310	425	1.63e-27	115	96.8	74557	Oomycota	Thraustotheca	Thraustotheca clavata	OQR92468.1 hypothetical protein THRCLA_08695 [Thraustotheca clavata]
Pcub-SC1982_037_000036.1	GLD99048.1	30.5	243	310	442	2.72e-27	115	72.3	114742	Oomycota	Pythium	Pythium insidiosum	GLD99048.1 hypothetical protein PINS_up007766 [Pythium insidiosum]
Pcub-SC1982_037_000036.1	CCI43550.1	28.4	317	310	393	3.96e-27	114	95.8	65357	Oomycota	Albugo	Albugo candida	CCI43550.1 unnamed protein product [Albugo candida]
Pcub-SC1982_037_000036.1	KAK1931772.1	30.2	315	310	433	6.45e-27	114	91.6	4793	Oomycota	Phytophthora	Phytophthora citrophthora	KAK1931772.1 putative hexaprenyl pyrophosphate synthase [Phytophthora citrophthora]
Pcub-SC1982_037_000036.1	KAG6583191.1	30.6	310	310	465	6.47e-27	114	92.6	4785	Oomycota	Phytophthora	Phytophthora cinnamomi	KAG6583191.1 solanesyl diphosphate synthase [Phytophthora cinnamomi]
Pcub-SC1982_037_000036.1	CCI43551.1	28.4	317	310	448	7.55e-27	114	95.8	65357	Oomycota	Albugo	Albugo candida	CCI43551.1 unnamed protein product [Albugo candida]
Pcub-SC1982_037_000036.1	CCI43552.1	28.4	317	310	451	7.78e-27	114	95.8	65357	Oomycota	Albugo	Albugo candida	CCI43552.1 unnamed protein product [Albugo candida]
Pcub-SC1982_037_000036.1	XP_009532096.1	34.3	233	310	454	8.01e-27	114	68.7	67593	Oomycota	Phytophthora	Phytophthora sojae	XP_009532096.1 hypothetical protein PHYSODRAFT_336262 [Phytophthora sojae]
Pcub-SC1982_037_000036.1	POM67618.1	28.5	326	310	427	8.31e-27	113	97.4	4796	Oomycota	Phytophthora	Phytophthora palmivora	POM67618.1 Terpenoid synthase [Phytophthora palmivora]
Pcub-SC1982_037_000036.1	KAG1692466.1	30.2	315	310	425	1.12e-26	113	91.6	4784	Oomycota	Phytophthora	Phytophthora capsici	KAG1692466.1 hypothetical protein DVH05_025431 [Phytophthora capsici]
Pcub-SC1982_037_000036.1	RQM12706.1	29.4	330	310	435	1.25e-26	113	99.0	542832	Oomycota	Peronospora	Peronospora effusa	RQM12706.1 hypothetical protein DD237_007045 [Peronospora effusa]
Pcub-SC1982_037_000036.1	RMX63760.1	29.4	330	310	435	1.25e-26	113	99.0	542832	Oomycota	Peronospora	Peronospora effusa	RMX63760.1 hypothetical protein DD238_006553 [Peronospora effusa]
Pcub-SC1982_037_000036.1	KAJ0396011.1	30.0	243	310	721	1.32e-26	114	72.3	114742	Oomycota	Pythium	Pythium insidiosum	KAJ0396011.1 hypothetical protein P43SY_009741 [Pythium insidiosum]
Pcub-SC1982_037_000036.1	KAJ0394705.1	30.0	243	310	773	1.38e-26	114	72.3	114742	Oomycota	Pythium	Pythium insidiosum	KAJ0394705.1 hypothetical protein ATCC90586_011679 [Pythium insidiosum]
Pcub-SC1982_037_000036.1	XP_008613312.1	27.2	316	310	427	1.58e-26	112	96.8	1156394	Oomycota	Saprolegnia	Saprolegnia diclina	XP_008613312.1 hypothetical protein SDRG_09173 [Saprolegnia diclina VS20]
Pcub-SC1982_037_000036.1	KAG7383853.1	29.9	311	310	436	1.74e-26	112	92.9	221518	Oomycota	Phytophthora	Phytophthora pseudosyringae	KAG7383853.1 Decaprenyl-diphosphate synthase subunit 1 [Phytophthora pseudosyringae]
Pcub-SC1982_037_000036.1	XP_024576723.1	33.0	233	310	422	2.05e-26	112	68.7	4781	Oomycota	Plasmopara	Plasmopara halstedii	XP_024576723.1 geranylgeranyl diphosphate synthase [Plasmopara halstedii]
Pcub-SC1982_037_000036.1	KAG7400103.1	28.9	322	310	436	2.39e-26	112	96.5	109152	Oomycota	Phytophthora	Phytophthora boehmeriae	KAG7400103.1 Decaprenyl-diphosphate synthase subunit 1 [Phytophthora boehmeriae]
Pcub-SC1982_037_000036.1	CAI5719387.1	28.3	314	310	437	2.42e-26	112	93.9	86335	Oomycota	Peronospora	Peronospora destructor	CAI5719387.1 unnamed protein product [Peronospora destructor]
Pcub-SC1982_037_000036.1	KAI9979711.1	30.7	300	310	352	2.94e-26	110	89.4	4787	Oomycota	Phytophthora	Phytophthora infestans	KAI9979711.1 hypothetical protein PInf_028053 [Phytophthora infestans]
Pcub-SC1982_037_000036.1	XP_008870257.1	27.4	318	310	427	2.99e-26	112	95.8	157072	Oomycota	Aphanomyces	Aphanomyces invadans	XP_008870257.1 solanesyl diphosphate synthase [Aphanomyces invadans]
Pcub-SC1982_037_000037.1	KAF4324755.1	34.7	167	184	442	4.00e-20	91.3	86.4	1284355	Oomycota	Phytophthora	Phytophthora kernoviae	KAF4324755.1 hypothetical protein G195_001108 [Phytophthora kernoviae 00238/432]
Pcub-SC1982_037_000037.1	KAF4325382.1	30.0	160	184	252	1.10e-16	79.7	82.1	1284355	Oomycota	Phytophthora	Phytophthora kernoviae	KAF4325382.1 hypothetical protein G195_000907 [Phytophthora kernoviae 00238/432]
Pcub-SC1982_037_000037.1	KAF4325671.1	29.7	172	184	246	1.90e-12	68.2	81.0	1284355	Oomycota	Phytophthora	Phytophthora kernoviae	KAF4325671.1 hypothetical protein G195_000736 [Phytophthora kernoviae 00238/432]
Pcub-SC1982_037_000037.1	KAJ0394257.1	27.1	199	184	308	1.47e-10	63.5	83.2	114742	Oomycota	Pythium	Pythium insidiosum	KAJ0394257.1 hypothetical protein P43SY_004735 [Pythium insidiosum]
Pcub-SC1982_037_000037.1	TMW55148.1	34.3	105	184	309	5.15e-10	62.0	54.3	41045	Oomycota	Pythium	Pythium oligandrum	TMW55148.1 hypothetical protein Poli38472_013910 [Pythium oligandrum]
Pcub-SC1982_037_000037.1	XP_009524771.1	26.2	191	184	260	5.17e-10	61.6	87.5	67593	Oomycota	Phytophthora	Phytophthora sojae	XP_009524771.1 hypothetical protein PHYSODRAFT_444636, partial [Phytophthora sojae]
Pcub-SC1982_037_000037.1	KAJ0396646.1	27.6	192	184	245	6.22e-10	61.2	79.3	114742	Oomycota	Pythium	Pythium insidiosum	KAJ0396646.1 hypothetical protein ATCC90586_002034 [Pythium insidiosum]
Pcub-SC1982_037_000037.1	DBA03180.1	51.7	60	184	310	1.32e-09	60.8	32.6	4803	Oomycota	Lagenidium	Lagenidium giganteum	DBA03180.1 TPA: hypothetical protein N0F65_003900 [Lagenidium giganteum]
Pcub-SC1982_037_000037.1	KAF1322436.1	43.1	72	184	315	2.50e-09	60.1	39.1	82926	Oomycota	Globisporangium	Globisporangium splendens	KAF1322436.1 Carbohydrate esterase, partial [Globisporangium splendens]
Pcub-SC1982_037_000037.1	RLN98388.1	44.4	72	184	333	3.62e-09	59.7	39.1	2483409	Oomycota	Nothophytophthora	Nothophytophthora sp. Chile5	RLN98388.1 hypothetical protein BBJ28_00010337 [Nothophytophthora sp. Chile5]
Pcub-SC1982_037_000037.1	OQR97201.1	29.2	154	184	909	5.04e-09	59.7	80.4	74557	Oomycota	Thraustotheca	Thraustotheca clavata	OQR97201.1 hypothetical protein THRCLA_07064 [Thraustotheca clavata]
Pcub-SC1982_037_000037.1	KAG6623774.1	31.8	110	184	319	1.19e-08	58.2	57.6	4785	Oomycota	Phytophthora	Phytophthora cinnamomi	KAG6623774.1 Carbohydrate esterase [Phytophthora cinnamomi]
Pcub-SC1982_037_000037.1	KAG4223316.1	34.3	140	184	427	1.94e-08	57.8	64.7	29920	Oomycota	Phytophthora	Phytophthora cactorum	KAG4223316.1 hypothetical protein PC116_g28215, partial [Phytophthora cactorum]
Pcub-SC1982_037_000037.1	KAE9045595.1	40.3	72	184	319	2.21e-08	57.4	39.1	129364	Oomycota	Phytophthora	Phytophthora rubi	KAE9045595.1 hypothetical protein PR002_g2132 [Phytophthora rubi]
Pcub-SC1982_037_000037.1	KAE9050792.1	40.3	72	184	319	2.21e-08	57.4	39.1	129364	Oomycota	Phytophthora	Phytophthora rubi	KAE9050792.1 hypothetical protein PR001_g2050 [Phytophthora rubi]
Pcub-SC1982_037_000037.1	KAE9118262.1	40.3	72	184	320	2.21e-08	57.4	39.1	53985	Oomycota	Phytophthora	Phytophthora fragariae	KAE9118262.1 hypothetical protein PF010_g8281 [Phytophthora fragariae]
Pcub-SC1982_037_000037.1	POM57390.1	41.7	72	184	320	2.21e-08	57.4	39.1	4796	Oomycota	Phytophthora	Phytophthora palmivora	POM57390.1 Carbohydrate esterase [Phytophthora palmivora]
Pcub-SC1982_037_000037.1	KAE8940428.1	40.3	72	184	320	2.21e-08	57.4	39.1	53985	Oomycota	Phytophthora	Phytophthora fragariae	KAE8940428.1 hypothetical protein PF009_g9755 [Phytophthora fragariae]
Pcub-SC1982_037_000037.1	POM80773.1	41.7	72	184	322	2.23e-08	57.4	39.1	4796	Oomycota	Phytophthora	Phytophthora palmivora	POM80773.1 Carbohydrate esterase [Phytophthora palmivora]
Pcub-SC1982_037_000037.1	GLE06081.1	37.1	70	184	265	2.36e-08	57.0	38.0	114742	Oomycota	Pythium	Pythium insidiosum	GLE06081.1 hypothetical protein PINS_up015292 [Pythium insidiosum]
Pcub-SC1982_037_000037.1	KAF4325885.1	46.7	60	184	530	2.81e-08	57.4	32.6	1284355	Oomycota	Phytophthora	Phytophthora kernoviae	KAF4325885.1 hypothetical protein G195_000501 [Phytophthora kernoviae 00238/432]
Pcub-SC1982_037_000037.1	KAE9358145.1	40.3	72	184	320	4.09e-08	56.6	39.1	53985	Oomycota	Phytophthora	Phytophthora fragariae	KAE9358145.1 hypothetical protein PF008_g2813 [Phytophthora fragariae]
Pcub-SC1982_037_000037.1	KAI9912895.1	41.7	72	184	303	5.27e-08	56.2	39.1	230839	Oomycota	Peronosclerospora	Peronosclerospora sorghi	KAI9912895.1 hypothetical protein PsorP6_006318 [Peronosclerospora sorghi]
Pcub-SC1982_037_000037.1	UIZ24376.1	38.9	72	184	316	1.02e-07	55.5	39.1	542832	Oomycota	Peronospora	Peronospora effusa	UIZ24376.1 hypothetical protein KXD40_008435 [Peronospora effusa]
Pcub-SC1982_037_000037.1	RQM09665.1	38.9	72	184	316	1.02e-07	55.5	39.1	542832	Oomycota	Peronospora	Peronospora effusa	RQM09665.1 hypothetical protein DD237_007104 [Peronospora effusa]
Pcub-SC1982_037_000038.1	CAH0515634.1	39.4	381	720	399	1.11e-69	238	51.0	622444	Oomycota	Peronospora	Peronospora belbahrii	CAH0515634.1 unnamed protein product [Peronospora belbahrii]
Pcub-SC1982_037_000038.1	GMF21053.1	39.9	381	720	394	1.35e-69	237	51.0	2077276	Oomycota	Phytophthora	Phytophthora lilii	GMF21053.1 unnamed protein product [Phytophthora lilii]
Pcub-SC1982_037_000038.1	OWZ05887.1	39.6	381	720	395	5.24e-69	236	51.0	4795	Oomycota	Phytophthora	Phytophthora megakarya	OWZ05887.1 Glycine cleavage system T protein [Phytophthora megakarya]
Pcub-SC1982_037_000038.1	CAI5705991.1	39.4	381	720	396	5.39e-69	236	51.0	542832	Oomycota	Peronospora	Peronospora effusa	CAI5705991.1 unnamed protein product [Peronospora effusa]
Pcub-SC1982_037_000038.1	KAK1942788.1	38.7	382	720	395	7.31e-69	235	51.0	4793	Oomycota	Phytophthora	Phytophthora citrophthora	KAK1942788.1 Aminomethyltransferase [Phytophthora citrophthora]
Pcub-SC1982_037_000038.1	CAH0486292.1	38.6	381	720	396	3.96e-68	233	51.0	134698	Oomycota	Peronospora	Peronospora farinosa	CAH0486292.1 unnamed protein product [Peronospora farinosa]
Pcub-SC1982_037_000038.1	XP_008915613.1	39.6	381	720	391	4.80e-68	233	51.0	4792;761204;1317063;1317064;1317065;1317066	Oomycota	Phytophthora	Phytophthora nicotianae	XP_008915613.1 glycine cleavage system T protein [Phytophthora nicotianae INRA-310]
Pcub-SC1982_037_000038.1	ETK95169.1	39.6	381	720	391	6.69e-68	233	51.0	4792	Oomycota	Phytophthora	Phytophthora nicotianae	ETK95169.1 glycine cleavage system T protein [Phytophthora nicotianae]
Pcub-SC1982_037_000038.1	KAG2785163.1	39.4	381	720	391	1.30e-67	232	51.0	29920	Oomycota	Phytophthora	Phytophthora cactorum	KAG2785163.1 Aminomethyltransferase [Phytophthora cactorum]
Pcub-SC1982_037_000038.1	XP_024582572.1	39.1	381	720	389	3.33e-67	231	51.0	4781	Oomycota	Plasmopara	Plasmopara halstedii	XP_024582572.1 glycine cleavage system t protein [Plasmopara halstedii]
Pcub-SC1982_037_000038.1	KAG7383989.1	38.9	380	720	397	4.16e-67	231	50.8	221518	Oomycota	Phytophthora	Phytophthora pseudosyringae	KAG7383989.1 hypothetical protein PHYPSEUDO_003158 [Phytophthora pseudosyringae]
Pcub-SC1982_037_000038.1	KAF4138082.1	38.7	382	720	391	6.84e-67	230	51.0	4787	Oomycota	Phytophthora	Phytophthora infestans	KAF4138082.1 Glycine cleavage T-protein C-terminal barrel domain [Phytophthora infestans]
Pcub-SC1982_037_000038.1	KAG3092500.1	39.1	381	720	391	1.33e-66	229	51.0	53986	Oomycota	Phytophthora	Phytophthora idaei	KAG3092500.1 Aminomethyltransferase [Phytophthora idaei]
Pcub-SC1982_037_000038.1	TDH67908.1	38.0	382	720	391	1.33e-66	229	51.0	4779	Oomycota	Bremia	Bremia lactucae	TDH67908.1 hypothetical protein CCR75_009249 [Bremia lactucae]
Pcub-SC1982_037_000038.1	CAI5725190.1	38.1	381	720	396	1.52e-66	229	51.0	86335	Oomycota	Peronospora	Peronospora destructor	CAI5725190.1 unnamed protein product [Peronospora destructor]
Pcub-SC1982_037_000038.1	XP_009527269.1	38.3	381	720	400	1.70e-66	229	51.0	67593	Oomycota	Phytophthora	Phytophthora sojae	XP_009527269.1 hypothetical protein PHYSODRAFT_559209 [Phytophthora sojae]
Pcub-SC1982_037_000038.1	POM76434.1	38.8	381	720	396	2.12e-66	229	51.0	4796	Oomycota	Phytophthora	Phytophthora palmivora	POM76434.1 Glycine cleavage system T protein [Phytophthora palmivora]
Pcub-SC1982_037_000038.1	POM59460.1	38.8	381	720	396	2.12e-66	229	51.0	4796	Oomycota	Phytophthora	Phytophthora palmivora	POM59460.1 Glycine cleavage system T protein [Phytophthora palmivora]
Pcub-SC1982_037_000038.1	KAG6961278.1	38.8	381	720	391	2.58e-66	228	51.0	2496075	Oomycota	Phytophthora	Phytophthora aleatoria	KAG6961278.1 hypothetical protein JG688_00009179 [Phytophthora aleatoria]
Pcub-SC1982_037_000038.1	CAI5731372.1	38.1	381	720	403	4.99e-66	228	51.0	162125	Oomycota	Hyaloperonospora	Hyaloperonospora brassicae	CAI5731372.1 unnamed protein product [Hyaloperonospora brassicae]
Pcub-SC1982_037_000038.1	KAG7398225.1	38.6	381	720	395	2.10e-65	226	51.0	109152	Oomycota	Phytophthora	Phytophthora boehmeriae	KAG7398225.1 hypothetical protein PHYBOEH_011470 [Phytophthora boehmeriae]
Pcub-SC1982_037_000038.1	KAG6617391.1	37.8	381	720	400	2.41e-65	226	51.0	4785	Oomycota	Phytophthora	Phytophthora cinnamomi	KAG6617391.1 Glycine cleavage system T protein [Phytophthora cinnamomi]
Pcub-SC1982_037_000038.1	KAH7485153.1	38.2	380	720	390	3.55e-65	225	50.8	164328	Oomycota	Phytophthora	Phytophthora ramorum	KAH7485153.1 Aminomethyltransferase, mitochondrial [Phytophthora ramorum]
Pcub-SC1982_037_000038.1	XP_012203368.1	36.5	378	720	385	3.13e-64	223	51.0	695850	Oomycota	Saprolegnia	Saprolegnia parasitica	XP_012203368.1 glycine cleavage system T protein [Saprolegnia parasitica CBS 223.65]
Pcub-SC1982_037_000038.1	CAI5725169.1	37.9	377	720	379	3.69e-64	222	51.0	86335	Oomycota	Peronospora	Peronospora destructor	CAI5725169.1 unnamed protein product [Peronospora destructor]
Pcub-SC1982_037_000218.1	XP_009531290.1	38.4	391	397	595	2.16e-69	233	90.4	67593	Oomycota	Phytophthora	Phytophthora sojae	XP_009531290.1 hypothetical protein PHYSODRAFT_510589 [Phytophthora sojae]
Pcub-SC1982_037_000218.1	KAG3074826.1	38.3	392	397	595	5.95e-69	232	90.4	53986	Oomycota	Phytophthora	Phytophthora idaei	KAG3074826.1 phosphoribosylaminoimidazole carboxylase [Phytophthora idaei]
Pcub-SC1982_037_000218.1	CAI5734705.1	38.3	376	397	577	1.12e-68	231	90.4	86335	Oomycota	Peronospora	Peronospora destructor	CAI5734705.1 unnamed protein product [Peronospora destructor]
Pcub-SC1982_037_000218.1	KAG3157637.1	38.3	392	397	595	2.29e-68	231	90.4	29920	Oomycota	Phytophthora	Phytophthora cactorum	KAG3157637.1 phosphoribosylaminoimidazole carboxylase [Phytophthora cactorum]
Pcub-SC1982_037_000218.1	KAF1773024.1	38.3	392	397	595	2.29e-68	231	90.4	29920	Oomycota	Phytophthora	Phytophthora cactorum	KAF1773024.1 phosphoribosylaminoimidazole carboxylase [Phytophthora cactorum]
Pcub-SC1982_037_000218.1	KAG7376460.1	37.6	391	397	592	3.01e-68	230	90.4	221518	Oomycota	Phytophthora	Phytophthora pseudosyringae	KAG7376460.1 phosphoribosylaminoimidazole carboxylase ade2 [Phytophthora pseudosyringae]
Pcub-SC1982_037_000218.1	XP_002903327.1	38.5	379	397	595	3.20e-68	230	87.4	4787;403677	Oomycota	Phytophthora	Phytophthora infestans	XP_002903327.1 phosphoribosylaminoimidazole carboxylase [Phytophthora infestans T30-4]
Pcub-SC1982_037_000218.1	KAF4044474.1	38.5	379	397	595	3.20e-68	230	87.4	4787	Oomycota	Phytophthora	Phytophthora infestans	KAF4044474.1 AIR carboxylase domain-containing protein [Phytophthora infestans]
Pcub-SC1982_037_000218.1	KAG6945013.1	38.0	392	397	595	4.49e-68	230	90.4	2496075	Oomycota	Phytophthora	Phytophthora aleatoria	KAG6945013.1 hypothetical protein JG688_00016786 [Phytophthora aleatoria]
Pcub-SC1982_037_000218.1	ETP42806.1	38.1	391	397	595	6.28e-68	229	90.4	1317064	Oomycota	Phytophthora	Phytophthora nicotianae	ETP42806.1 phosphoribosylaminoimidazole carboxylase, ATPase subunit [Phytophthora nicotianae P10297]
Pcub-SC1982_037_000218.1	XP_008893481.1	38.1	391	397	595	6.28e-68	229	90.4	761204	Oomycota	Phytophthora	Phytophthora nicotianae	XP_008893481.1 phosphoribosylaminoimidazole carboxylase, ATPase subunit [Phytophthora nicotianae INRA-310]
Pcub-SC1982_037_000218.1	ETI44944.1	38.1	391	397	595	6.28e-68	229	90.4	1317065	Oomycota	Phytophthora	Phytophthora nicotianae	ETI44944.1 phosphoribosylaminoimidazole carboxylase, ATPase subunit [Phytophthora nicotianae P1569]
Pcub-SC1982_037_000218.1	RMX66318.1	37.1	391	397	595	6.28e-68	229	90.4	542832	Oomycota	Peronospora	Peronospora effusa	RMX66318.1 hypothetical protein DD238_001688 [Peronospora effusa]
Pcub-SC1982_037_000218.1	KUF64834.1	38.1	391	397	595	8.80e-68	229	90.4	4792	Oomycota	Phytophthora	Phytophthora nicotianae	KUF64834.1 phosphoribosylaminoimidazole carboxylase [Phytophthora nicotianae]
Pcub-SC1982_037_000218.1	ETK84910.1	38.1	391	397	615	9.41e-68	229	90.4	4792	Oomycota	Phytophthora	Phytophthora nicotianae	ETK84910.1 phosphoribosylaminoimidazole carboxylase, ATPase subunit, partial [Phytophthora nicotianae]
Pcub-SC1982_037_000218.1	ETM44756.1	38.1	391	397	615	9.41e-68	229	90.4	4792	Oomycota	Phytophthora	Phytophthora nicotianae	ETM44756.1 phosphoribosylaminoimidazole carboxylase, ATPase subunit, partial [Phytophthora nicotianae]
Pcub-SC1982_037_000218.1	ETP14736.1	38.1	391	397	615	9.41e-68	229	90.4	1317063	Oomycota	Phytophthora	Phytophthora nicotianae	ETP14736.1 phosphoribosylaminoimidazole carboxylase, ATPase subunit, partial [Phytophthora nicotianae CJ01A1]
Pcub-SC1982_037_000218.1	KAE8891369.1	37.3	391	397	595	1.23e-67	229	90.4	53985	Oomycota	Phytophthora	Phytophthora fragariae	KAE8891369.1 phosphoribosylaminoimidazole carboxylase [Phytophthora fragariae]
Pcub-SC1982_037_000218.1	KAE9113932.1	37.3	391	397	595	1.23e-67	229	90.4	53985	Oomycota	Phytophthora	Phytophthora fragariae	KAE9113932.1 phosphoribosylaminoimidazole carboxylase [Phytophthora fragariae]
Pcub-SC1982_037_000218.1	KAH7470962.1	37.4	390	397	594	1.69e-67	228	90.4	164328	Oomycota	Phytophthora	Phytophthora ramorum	KAH7470962.1 phosphoribosylaminoimidazole carboxylase [Phytophthora ramorum]
Pcub-SC1982_037_000218.1	KAE9020576.1	37.1	391	397	595	1.72e-67	228	90.4	129364	Oomycota	Phytophthora	Phytophthora rubi	KAE9020576.1 phosphoribosylaminoimidazole carboxylase [Phytophthora rubi]
Pcub-SC1982_037_000218.1	KAG6599724.1	37.3	391	397	595	3.38e-67	228	90.4	4785	Oomycota	Phytophthora	Phytophthora cinnamomi	KAG6599724.1 Phosphoribosylaminoimidazole carboxylase, ATPase subunit [Phytophthora cinnamomi]
Pcub-SC1982_037_000218.1	ETO73552.1	37.9	391	397	595	3.38e-67	228	90.4	1317066	Oomycota	Phytophthora	Phytophthora nicotianae	ETO73552.1 phosphoribosylaminoimidazole carboxylase, ATPase subunit [Phytophthora nicotianae P1976]
Pcub-SC1982_037_000218.1	CAH0486022.1	36.5	397	397	595	3.38e-67	228	91.9	134698	Oomycota	Peronospora	Peronospora farinosa	CAH0486022.1 unnamed protein product [Peronospora farinosa]
Pcub-SC1982_037_000218.1	KAG7391162.1	36.7	390	397	594	4.63e-67	227	90.4	109152	Oomycota	Phytophthora	Phytophthora boehmeriae	KAG7391162.1 phosphoribosylaminoimidazole carboxylase ade2 [Phytophthora boehmeriae]
Pcub-SC1982_037_000039.1	CCA19965.1	39.3	173	181	220	2.09e-27	107	87.8	890382	Oomycota	Albugo	Albugo laibachii	CCA19965.1 hypoxanthineguanine phosphoribosyltransferase putati [Albugo laibachii Nc14]
Pcub-SC1982_037_000039.1	GLD94666.1	37.9	169	181	219	1.13e-26	105	87.8	114742	Oomycota	Pythium	Pythium insidiosum	GLD94666.1 hypothetical protein PINS_up003290 [Pythium insidiosum]
Pcub-SC1982_037_000039.1	KAF0720226.1	38.8	170	181	221	2.35e-26	104	87.8	120398	Oomycota	Aphanomyces	Aphanomyces stellatus	KAF0720226.1 hypothetical protein As57867_000463 [Aphanomyces stellatus]
Pcub-SC1982_037_000039.1	KAJ0394835.1	37.9	169	181	220	3.23e-26	103	87.8	114742	Oomycota	Pythium	Pythium insidiosum	KAJ0394835.1 hypothetical protein ATCC90586_007442 [Pythium insidiosum]
Pcub-SC1982_037_000039.1	KAH9105701.1	36.5	192	181	220	1.27e-25	102	97.2	100861	Oomycota	Aphanomyces	Aphanomyces euteiches	KAH9105701.1 hypothetical protein LEN26_014698 [Aphanomyces euteiches]
Pcub-SC1982_037_000039.1	KAH9133688.1	36.5	192	181	220	1.27e-25	102	97.2	100861	Oomycota	Aphanomyces	Aphanomyces euteiches	KAH9133688.1 hypothetical protein AeRB84_020281 [Aphanomyces euteiches]
Pcub-SC1982_037_000039.1	KAF0726682.1	36.5	192	181	220	1.27e-25	102	97.2	100861	Oomycota	Aphanomyces	Aphanomyces euteiches	KAF0726682.1 hypothetical protein Ae201684_015082 [Aphanomyces euteiches]
Pcub-SC1982_037_000039.1	KAF1325977.1	37.9	169	181	1973	1.95e-25	107	87.8	82926	Oomycota	Globisporangium	Globisporangium splendens	KAF1325977.1 Wd40 repeat protein, partial [Globisporangium splendens]
Pcub-SC1982_037_000039.1	RLN55680.1	36.1	169	181	224	1.95e-25	102	87.8	325452	Oomycota	Phytophthora	Phytophthora kernoviae	RLN55680.1 hypothetical protein BBJ29_008467 [Phytophthora kernoviae]
Pcub-SC1982_037_000039.1	CCI50731.1	38.8	170	181	346	2.43e-25	104	87.8	65357	Oomycota	Albugo	Albugo candida	CCI50731.1 unnamed protein product [Albugo candida]
Pcub-SC1982_037_000039.1	GMF61783.1	35.5	169	181	219	3.44e-25	101	87.8	1490495	Oomycota	Phytophthora	Phytophthora fragariaefolia	GMF61783.1 unnamed protein product [Phytophthora fragariaefolia]
Pcub-SC1982_037_000039.1	KAG7391842.1	36.5	170	181	224	3.86e-25	101	87.8	109152	Oomycota	Phytophthora	Phytophthora boehmeriae	KAG7391842.1 hypoxanthine phosphoribosyltransferase 1 [Phytophthora boehmeriae]
Pcub-SC1982_037_000039.1	RHY75507.1	38.2	170	181	215	4.42e-25	100	87.8	112090	Oomycota	Aphanomyces	Aphanomyces astaci	RHY75507.1 hypothetical protein DYB34_014078, partial [Aphanomyces astaci]
Pcub-SC1982_037_000039.1	RHY76893.1	38.2	170	181	221	5.07e-25	100	87.8	112090	Oomycota	Aphanomyces	Aphanomyces astaci	RHY76893.1 hypothetical protein DYB38_014217 [Aphanomyces astaci]
Pcub-SC1982_037_000039.1	XP_009845983.1	38.2	170	181	221	5.07e-25	100	87.8	112090	Oomycota	Aphanomyces	Aphanomyces astaci	XP_009845983.1 hypoxanthine phosphoribosyltransferase [Aphanomyces astaci]
Pcub-SC1982_037_000039.1	KAF4317835.1	35.5	169	181	224	5.42e-25	100	87.8	325452;1284355	Oomycota	Phytophthora	Phytophthora kernoviae	KAF4317835.1 hypothetical protein G195_008895 [Phytophthora kernoviae 00238/432]
Pcub-SC1982_037_000039.1	XP_012208640.1	38.5	169	181	217	9.16e-25	100	87.8	695850	Oomycota	Saprolegnia	Saprolegnia parasitica	XP_012208640.1 hypothetical protein SPRG_13427 [Saprolegnia parasitica CBS 223.65]
Pcub-SC1982_037_000039.1	TDH69674.1	35.5	169	181	238	1.03e-24	100	87.8	4779	Oomycota	Bremia	Bremia lactucae	TDH69674.1 hypothetical protein CCR75_008726 [Bremia lactucae]
Pcub-SC1982_037_000039.1	XP_008609904.1	38.5	169	181	238	1.03e-24	100	87.8	1156394	Oomycota	Saprolegnia	Saprolegnia diclina	XP_008609904.1 hypothetical protein SDRG_05937 [Saprolegnia diclina VS20]
Pcub-SC1982_037_000039.1	DAZ98142.1	38.2	170	181	1809	1.68e-24	104	87.8	4803	Oomycota	Lagenidium	Lagenidium giganteum	DAZ98142.1 TPA: hypothetical protein N0F65_003128 [Lagenidium giganteum]
Pcub-SC1982_037_000039.1	TYZ57802.1	36.7	169	181	283	1.78e-24	100	87.8	1485010	Oomycota	Globisporangium	[Pythium] brassicae (nom. inval.)	TYZ57802.1 hypothetical protein PybrP1_001781 [[Pythium] brassicae (nom. inval.)]
Pcub-SC1982_037_000039.1	KAG9401798.1	35.9	192	181	220	3.83e-24	98.6	97.2	112091	Oomycota	Aphanomyces	Aphanomyces cochlioides	KAG9401798.1 hypoxanthine phosphoribosyltransferase 1 [Aphanomyces cochlioides]
Pcub-SC1982_037_000039.1	XP_008874234.1	38.8	170	181	252	5.35e-24	99.0	87.8	157072	Oomycota	Aphanomyces	Aphanomyces invadans	XP_008874234.1 hypoxanthine phosphoribosyltransferase [Aphanomyces invadans]
Pcub-SC1982_037_000039.1	RHY25338.1	38.2	170	181	386	7.72e-24	100	87.8	112090	Oomycota	Aphanomyces	Aphanomyces astaci	RHY25338.1 hypothetical protein DYB25_008564, partial [Aphanomyces astaci]
Pcub-SC1982_037_000039.1	RHY75871.1	38.2	170	181	386	7.72e-24	100	87.8	112090	Oomycota	Aphanomyces	Aphanomyces astaci	RHY75871.1 hypothetical protein DYB30_002323, partial [Aphanomyces astaci]
Pcub-SC1982_037_000040.1	KAF4320840.1	44.0	182	195	188	5.02e-43	146	90.3	1284355	Oomycota	Phytophthora	Phytophthora kernoviae	KAF4320840.1 hypothetical protein G195_006028 [Phytophthora kernoviae 00238/432]
Pcub-SC1982_037_000040.1	KAG2801405.1	36.1	205	195	241	4.51e-39	138	91.8	29920	Oomycota	Phytophthora	Phytophthora cactorum	KAG2801405.1 Adenylate kinase 3 [Phytophthora cactorum]
Pcub-SC1982_037_000040.1	CAI5726707.1	37.1	205	195	241	4.51e-39	138	91.8	162125	Oomycota	Hyaloperonospora	Hyaloperonospora brassicae	CAI5726707.1 unnamed protein product [Hyaloperonospora brassicae]
Pcub-SC1982_037_000040.1	ETM02103.1	36.1	205	195	241	6.36e-39	137	91.8	4792	Oomycota	Phytophthora	Phytophthora nicotianae	ETM02103.1 hypothetical protein L917_01377 [Phytophthora nicotianae]
Pcub-SC1982_037_000040.1	XP_008898946.1	36.1	205	195	241	6.36e-39	137	91.8	4792;761204;1317063;1317064;1317065;1317066	Oomycota	Phytophthora	Phytophthora nicotianae	XP_008898946.1 hypothetical protein PPTG_06654 [Phytophthora nicotianae INRA-310]
Pcub-SC1982_037_000040.1	XP_009531721.1	36.1	205	195	241	1.79e-38	136	91.8	67593	Oomycota	Phytophthora	Phytophthora sojae	XP_009531721.1 hypothetical protein PHYSODRAFT_286774 [Phytophthora sojae]
Pcub-SC1982_037_000040.1	KUF96882.1	37.6	189	195	223	3.12e-38	135	91.8	4792	Oomycota	Phytophthora	Phytophthora nicotianae	KUF96882.1 Endopolygalacturonase 5 [Phytophthora nicotianae]
Pcub-SC1982_037_000040.1	OWZ00855.1	36.1	205	195	241	3.57e-38	135	91.8	4795	Oomycota	Phytophthora	Phytophthora megakarya	OWZ00855.1 Adenylate kinase [Phytophthora megakarya]
Pcub-SC1982_037_000040.1	KAG1687604.1	36.1	205	195	241	3.57e-38	135	91.8	4784	Oomycota	Phytophthora	Phytophthora capsici	KAG1687604.1 hypothetical protein DVH05_004725 [Phytophthora capsici]
Pcub-SC1982_037_000040.1	KAG1687651.1	36.1	205	195	241	3.57e-38	135	91.8	4784	Oomycota	Phytophthora	Phytophthora capsici	KAG1687651.1 hypothetical protein DVH05_004681 [Phytophthora capsici]
Pcub-SC1982_037_000040.1	KAF4031634.1	35.6	205	195	260	1.16e-37	135	91.8	4787	Oomycota	Phytophthora	Phytophthora infestans	KAF4031634.1 adenylate kinase [Phytophthora infestans]
Pcub-SC1982_037_000040.1	XP_024583058.1	34.1	205	195	241	2.00e-37	134	91.8	4781	Oomycota	Plasmopara	Plasmopara halstedii	XP_024583058.1 adenylate kinase [Plasmopara halstedii]
Pcub-SC1982_037_000040.1	KAF4319313.1	37.3	193	195	241	2.82e-37	133	85.6	325452;1284355	Oomycota	Phytophthora	Phytophthora kernoviae	KAF4319313.1 hypothetical protein G195_005665 [Phytophthora kernoviae 00238/432]
Pcub-SC1982_037_000040.1	KAG7394929.1	35.1	205	195	241	2.82e-37	133	91.8	109152	Oomycota	Phytophthora	Phytophthora boehmeriae	KAG7394929.1 adenylate kinase [Phytophthora boehmeriae]
Pcub-SC1982_037_000040.1	RLN44686.1	37.3	193	195	241	2.82e-37	133	85.6	325452	Oomycota	Phytophthora	Phytophthora kernoviae	RLN44686.1 hypothetical protein BBJ29_008739 [Phytophthora kernoviae]
Pcub-SC1982_037_000040.1	KAG7385558.1	34.6	205	195	241	2.82e-37	133	91.8	221518	Oomycota	Phytophthora	Phytophthora pseudosyringae	KAG7385558.1 hypothetical protein PHYPSEUDO_001324 [Phytophthora pseudosyringae]
Pcub-SC1982_037_000040.1	GLE04287.1	35.6	205	195	243	2.97e-37	133	91.8	114742	Oomycota	Pythium	Pythium insidiosum	GLE04287.1 hypothetical protein PINS_up013202 [Pythium insidiosum]
Pcub-SC1982_037_000040.1	KAH7470814.1	35.1	205	195	241	5.62e-37	132	91.8	164328	Oomycota	Phytophthora	Phytophthora ramorum	KAH7470814.1 Adenylate kinase 3 [Phytophthora ramorum]
Pcub-SC1982_037_000040.1	KAE8901812.1	34.6	205	195	241	5.62e-37	132	91.8	53985	Oomycota	Phytophthora	Phytophthora fragariae	KAE8901812.1 Adenylate kinase 3 [Phytophthora fragariae]
Pcub-SC1982_037_000040.1	RMX69038.1	35.9	206	195	241	5.62e-37	132	91.8	542832	Oomycota	Peronospora	Peronospora effusa	RMX69038.1 hypothetical protein DD238_005453 [Peronospora effusa]
Pcub-SC1982_037_000040.1	CAI5745883.1	35.4	206	195	241	7.93e-37	132	91.8	86335	Oomycota	Peronospora	Peronospora destructor	CAI5745883.1 unnamed protein product [Peronospora destructor]
Pcub-SC1982_037_000040.1	KAE9018330.1	34.1	205	195	241	7.93e-37	132	91.8	129364	Oomycota	Phytophthora	Phytophthora rubi	KAE9018330.1 Adenylate kinase 3 [Phytophthora rubi]
Pcub-SC1982_037_000040.1	KAG6606633.1	34.6	205	195	241	7.93e-37	132	91.8	4785	Oomycota	Phytophthora	Phytophthora cinnamomi	KAG6606633.1 adenylate kinase [Phytophthora cinnamomi]
Pcub-SC1982_037_000040.1	CAH0490965.1	35.4	206	195	241	1.58e-36	131	91.8	134698	Oomycota	Peronospora	Peronospora farinosa	CAH0490965.1 unnamed protein product [Peronospora farinosa]
Pcub-SC1982_037_000040.1	TDH72062.1	33.2	205	195	241	1.58e-36	131	91.8	4779	Oomycota	Bremia	Bremia lactucae	TDH72062.1 hypothetical protein CCR75_004690 [Bremia lactucae]
Pcub-SC1982_037_000211.1	KAF4323382.1	23.5	489	4024	1303	8.79e-08	64.3	11.3	1284355	Oomycota	Phytophthora	Phytophthora kernoviae	KAF4323382.1 hypothetical protein G195_003551 [Phytophthora kernoviae 00238/432]
Pcub-SC1982_037_000211.1	KAF4322910.1	31.9	144	4024	728	1.06e-06	60.5	3.3	1284355	Oomycota	Phytophthora	Phytophthora kernoviae	KAF4322910.1 hypothetical protein G195_004119, partial [Phytophthora kernoviae 00238/432]
Pcub-SC1982_037_000211.1	KAG3106694.1	31.9	144	4024	858	1.14e-06	60.5	3.3	29920	Oomycota	Phytophthora	Phytophthora cactorum	KAG3106694.1 putative ATP-dependent DNA helicase [Phytophthora cactorum]
Pcub-SC1982_037_000208.1	KAF1326570.1	30.4	560	574	728	1.30e-54	201	94.6	82926	Oomycota	Globisporangium	Globisporangium splendens	KAF1326570.1 Neutral ceramidase, partial [Globisporangium splendens]
Pcub-SC1982_037_000208.1	KAF1326566.1	30.0	546	574	786	1.33e-54	202	94.4	82926	Oomycota	Globisporangium	Globisporangium splendens	KAF1326566.1 Neutral ceramidase, partial [Globisporangium splendens]
Pcub-SC1982_037_000208.1	TMW55634.1	28.5	554	574	672	1.10e-53	198	94.6	41045	Oomycota	Pythium	Pythium oligandrum	TMW55634.1 hypothetical protein Poli38472_010516 [Pythium oligandrum]
Pcub-SC1982_037_000208.1	KAF1326515.1	29.3	547	574	679	4.09e-52	194	94.4	82926	Oomycota	Globisporangium	Globisporangium splendens	KAF1326515.1 Neutral ceramidase, partial [Globisporangium splendens]
Pcub-SC1982_037_000208.1	TMW55633.1	28.0	546	574	672	1.33e-51	192	94.6	41045	Oomycota	Pythium	Pythium oligandrum	TMW55633.1 hypothetical protein Poli38472_010515 [Pythium oligandrum]
Pcub-SC1982_037_000208.1	DBA00071.1	28.4	573	574	1380	5.20e-51	194	97.9	4803	Oomycota	Lagenidium	Lagenidium giganteum	DBA00071.1 TPA: hypothetical protein N0F65_003737, partial [Lagenidium giganteum]
Pcub-SC1982_037_000208.1	GLE08811.1	28.7	541	574	654	9.77e-51	189	92.5	114742	Oomycota	Pythium	Pythium insidiosum	GLE08811.1 hypothetical protein PINS_up020233 [Pythium insidiosum]
Pcub-SC1982_037_000208.1	KAJ0390652.1	29.0	535	574	495	1.25e-50	186	92.5	114742	Oomycota	Pythium	Pythium insidiosum	KAJ0390652.1 hypothetical protein P43SY_010777 [Pythium insidiosum]
Pcub-SC1982_037_000208.1	KAH9115940.1	28.7	551	574	700	4.53e-50	188	93.0	100861	Oomycota	Aphanomyces	Aphanomyces euteiches	KAH9115940.1 hypothetical protein AeMF1_010056 [Aphanomyces euteiches]
Pcub-SC1982_037_000208.1	KAH9142656.1	28.5	551	574	700	8.52e-50	187	93.0	100861	Oomycota	Aphanomyces	Aphanomyces euteiches	KAH9142656.1 hypothetical protein AeRB84_013303 [Aphanomyces euteiches]
Pcub-SC1982_037_000208.1	GLD96669.1	29.2	534	574	658	3.41e-49	185	92.5	114742	Oomycota	Pythium	Pythium insidiosum	GLD96669.1 hypothetical protein PINS_up005352 [Pythium insidiosum]
Pcub-SC1982_037_000208.1	KAF0742830.1	28.3	551	574	700	1.45e-48	184	93.0	100861	Oomycota	Aphanomyces	Aphanomyces euteiches	KAF0742830.1 hypothetical protein Ae201684_002229 [Aphanomyces euteiches]
Pcub-SC1982_037_000208.1	KAG1687835.1	28.0	546	574	668	3.55e-48	182	94.6	4784	Oomycota	Phytophthora	Phytophthora capsici	KAG1687835.1 hypothetical protein DVH05_004566 [Phytophthora capsici]
Pcub-SC1982_037_000208.1	CCI42131.1	28.9	532	574	636	1.15e-47	181	91.3	65357	Oomycota	Albugo	Albugo candida	CCI42131.1 unnamed protein product [Albugo candida]
Pcub-SC1982_037_000208.1	TYZ67855.1	29.0	544	574	658	1.52e-47	181	94.4	1485010	Oomycota	Globisporangium	[Pythium] brassicae (nom. inval.)	TYZ67855.1 hypothetical protein PybrP1_003286 [[Pythium] brassicae (nom. inval.)]
Pcub-SC1982_037_000208.1	KAG3176173.1	29.0	525	574	670	3.30e-47	180	90.8	29920	Oomycota	Phytophthora	Phytophthora cactorum	KAG3176173.1 Neutral ceramidase [Phytophthora cactorum]
Pcub-SC1982_037_000208.1	KAI9988442.1	28.6	546	574	672	3.38e-47	180	94.6	4787	Oomycota	Phytophthora	Phytophthora infestans	KAI9988442.1 hypothetical protein PInf_021854 [Phytophthora infestans]
Pcub-SC1982_037_000208.1	KAG2813729.1	28.1	530	574	655	3.79e-47	179	90.8	29920	Oomycota	Phytophthora	Phytophthora cactorum	KAG2813729.1 Neutral ceramidase [Phytophthora cactorum]
Pcub-SC1982_037_000208.1	XP_008900162.1	28.8	524	574	573	4.36e-47	178	90.8	761204	Oomycota	Phytophthora	Phytophthora nicotianae	XP_008900162.1 hypothetical protein PPTG_07633 [Phytophthora nicotianae INRA-310]
Pcub-SC1982_037_000208.1	KAG2782823.1	28.1	530	574	670	4.53e-47	179	90.8	29920	Oomycota	Phytophthora	Phytophthora cactorum	KAG2782823.1 Neutral ceramidase [Phytophthora cactorum]
Pcub-SC1982_037_000208.1	ETP51998.1	28.8	524	574	599	4.67e-47	178	90.8	1317064	Oomycota	Phytophthora	Phytophthora nicotianae	ETP51998.1 hypothetical protein F442_02937, partial [Phytophthora nicotianae P10297]
Pcub-SC1982_037_000208.1	KAG3013937.1	27.9	530	574	670	6.20e-47	179	90.8	29920	Oomycota	Phytophthora	Phytophthora cactorum	KAG3013937.1 Neutral ceramidase [Phytophthora cactorum]
Pcub-SC1982_037_000208.1	ETI54155.1	28.2	524	574	670	6.20e-47	179	90.8	1317065	Oomycota	Phytophthora	Phytophthora nicotianae	ETI54155.1 hypothetical protein F443_02993 [Phytophthora nicotianae P1569]
Pcub-SC1982_037_000208.1	ETL82070.1	28.2	524	574	670	6.20e-47	179	90.8	4792;1317064	Oomycota	Phytophthora	Phytophthora nicotianae	ETL82070.1 hypothetical protein L917_17702 [Phytophthora nicotianae]
Pcub-SC1982_037_000208.1	KAF4148056.1	28.8	546	574	672	6.34e-47	179	94.6	4787	Oomycota	Phytophthora	Phytophthora infestans	KAF4148056.1 Neutral/alkaline non-lysosomal ceramidase C-terminal domain-containing protein [Phytophthora infestans]
Pcub-SC1982_037_000041.1	KAF4323368.1	28.7	223	864	982	8.24e-22	107	22.9	1284355	Oomycota	Phytophthora	Phytophthora kernoviae	KAF4323368.1 hypothetical protein G195_003527 [Phytophthora kernoviae 00238/432]
Pcub-SC1982_037_000041.1	KAF4325417.1	29.8	208	864	224	2.95e-19	92.4	23.0	1284355	Oomycota	Phytophthora	Phytophthora kernoviae	KAF4325417.1 hypothetical protein G195_000889 [Phytophthora kernoviae 00238/432]
Pcub-SC1982_037_000041.1	KAF4324684.1	27.0	237	864	286	7.61e-19	92.8	26.4	1284355	Oomycota	Phytophthora	Phytophthora kernoviae	KAF4324684.1 hypothetical protein G195_002006 [Phytophthora kernoviae 00238/432]
Pcub-SC1982_037_000041.1	WP_052259307.1	27.0	196	864	200	1.06e-18	90.1	21.9	549;134698	Pseudomonadota;Oomycota	Pantoea;Peronospora	Pantoea agglomerans;Peronospora farinosa	WP_052259307.1 two-component system response regulator NarL [Pantoea agglomerans]
Pcub-SC1982_037_000041.1	KAF4323390.1	25.6	215	864	230	2.85e-18	89.7	23.6	1284355	Oomycota	Phytophthora	Phytophthora kernoviae	KAF4323390.1 hypothetical protein G195_003541 [Phytophthora kernoviae 00238/432]
Pcub-SC1982_037_000041.1	KAG3106608.1	27.6	203	864	404	7.00e-18	92.0	22.8	29920	Oomycota	Phytophthora	Phytophthora cactorum	KAG3106608.1 hypothetical protein PC122_g275 [Phytophthora cactorum]
Pcub-SC1982_037_000041.1	KAG2870437.1	29.0	183	864	193	1.43e-17	86.7	20.6	29920	Oomycota	Phytophthora	Phytophthora cactorum	KAG2870437.1 hypothetical protein PC115_g25125 [Phytophthora cactorum]
Pcub-SC1982_037_000041.1	KAG3106666.1	27.2	246	864	694	3.55e-17	91.7	27.2	29920	Oomycota	Phytophthora	Phytophthora cactorum	KAG3106666.1 hypothetical protein PC122_g299 [Phytophthora cactorum]
Pcub-SC1982_037_000041.1	KAG4252117.1	26.9	245	864	701	3.59e-17	91.7	27.1	29920	Oomycota	Phytophthora	Phytophthora cactorum	KAG4252117.1 hypothetical protein PC116_g326 [Phytophthora cactorum]
Pcub-SC1982_037_000041.1	KAF4323898.1	25.7	218	864	994	3.31e-16	89.0	23.3	1284355	Oomycota	Phytophthora	Phytophthora kernoviae	KAF4323898.1 hypothetical protein G195_001825 [Phytophthora kernoviae 00238/432]
Pcub-SC1982_037_000041.1	WP_094936791.1	22.6	195	864	199	4.00e-13	73.9	22.6	29920;44249;484184	Bacillota;Oomycota	Phytophthora;Paenibacillus	Phytophthora cactorum;Paenibacillus taichungensis	WP_094936791.1 MULTISPECIES: response regulator transcription factor [Paenibacillus]
Pcub-SC1982_037_000041.1	KAF4324980.1	24.8	206	864	360	5.12e-13	76.6	23.3	1284355	Oomycota	Phytophthora	Phytophthora kernoviae	KAF4324980.1 hypothetical protein G195_001675 [Phytophthora kernoviae 00238/432]
Pcub-SC1982_037_000041.1	KAG2869834.1	26.8	138	864	154	8.13e-08	57.4	14.2	29920	Oomycota	Phytophthora	Phytophthora cactorum	KAG2869834.1 hypothetical protein PC115_g25310 [Phytophthora cactorum]
Pcub-SC1982_037_000041.1	KAF4325672.1	24.1	158	864	209	8.93e-08	58.5	18.3	1284355	Oomycota	Phytophthora	Phytophthora kernoviae	KAF4325672.1 hypothetical protein G195_000737 [Phytophthora kernoviae 00238/432]
Pcub-SC1982_037_000041.1	KAF4324646.1	28.7	136	864	1347	3.25e-06	56.6	15.0	1284355	Oomycota	Phytophthora	Phytophthora kernoviae	KAF4324646.1 hypothetical protein G195_001990 [Phytophthora kernoviae 00238/432]
Pcub-SC1982_037_000041.1	KAF4326310.1	44.1	59	864	66	4.80e-06	49.7	6.8	1284355	Oomycota	Phytophthora	Phytophthora kernoviae	KAF4326310.1 hypothetical protein G195_000141 [Phytophthora kernoviae 00238/432]
Pcub-SC1982_037_000041.1	KAF4323920.1	27.9	111	864	575	1.64e-05	53.9	12.5	1284355	Oomycota	Phytophthora	Phytophthora kernoviae	KAF4323920.1 hypothetical protein G195_001885 [Phytophthora kernoviae 00238/432]
Pcub-SC1982_037_000043.1	KAF4321956.1	35.8	159	181	169	3.62e-32	117	87.8	1284355	Oomycota	Phytophthora	Phytophthora kernoviae	KAF4321956.1 hypothetical protein G195_004851 [Phytophthora kernoviae 00238/432]
Pcub-SC1982_037_000204.1	KAF4326165.1	53.1	435	777	433	1.37e-149	448	56.0	1284355	Oomycota	Phytophthora	Phytophthora kernoviae	KAF4326165.1 hypothetical protein G195_000014 [Phytophthora kernoviae 00238/432]
Pcub-SC1982_037_000204.1	KAF4326175.1	46.5	447	777	488	2.72e-144	437	57.3	1284355	Oomycota	Phytophthora	Phytophthora kernoviae	KAF4326175.1 hypothetical protein G195_000221 [Phytophthora kernoviae 00238/432]
Pcub-SC1982_037_000204.1	KAK1932034.1	43.8	452	777	515	1.19e-120	377	57.0	4793	Oomycota	Phytophthora	Phytophthora citrophthora	KAK1932034.1 Aldehyde dehydrogenase [Phytophthora citrophthora]
Pcub-SC1982_037_000204.1	KAF1332475.1	43.3	450	777	514	1.78e-119	374	56.6	82926	Oomycota	Globisporangium	Globisporangium splendens	KAF1332475.1 Aldehyde dehydrogenase, partial [Globisporangium splendens]
Pcub-SC1982_037_000204.1	KAG1703892.1	42.9	452	777	515	3.64e-119	373	57.0	4784	Oomycota	Phytophthora	Phytophthora capsici	KAG1703892.1 hypothetical protein DVH05_006899 [Phytophthora capsici]
Pcub-SC1982_037_000204.1	POM66158.1	43.4	452	777	515	7.20e-119	372	57.0	4796	Oomycota	Phytophthora	Phytophthora palmivora	POM66158.1 Aldehyde dehydrogenase [Phytophthora palmivora]
Pcub-SC1982_037_000204.1	OWZ12934.1	42.5	463	777	515	2.82e-118	370	58.4	4795	Oomycota	Phytophthora	Phytophthora megakarya	OWZ12934.1 Aldehyde dehydrogenase [Phytophthora megakarya]
Pcub-SC1982_037_000204.1	GMF17504.1	42.4	462	777	539	2.30e-117	369	58.3	2077276	Oomycota	Phytophthora	Phytophthora lilii	GMF17504.1 unnamed protein product [Phytophthora lilii]
Pcub-SC1982_037_000204.1	TYZ63478.1	42.8	451	777	512	2.38e-115	363	56.8	1485010	Oomycota	Globisporangium	[Pythium] brassicae (nom. inval.)	TYZ63478.1 hypothetical protein PybrP1_006646 [[Pythium] brassicae (nom. inval.)]
Pcub-SC1982_037_000204.1	RLN79581.1	41.7	463	777	513	4.85e-115	362	58.4	2483409	Oomycota	Nothophytophthora	Nothophytophthora sp. Chile5	RLN79581.1 hypothetical protein BBJ28_00004324 [Nothophytophthora sp. Chile5]
Pcub-SC1982_037_000204.1	RLN37083.1	41.7	463	777	513	1.90e-114	360	58.4	2483409	Oomycota	Nothophytophthora	Nothophytophthora sp. Chile5	RLN37083.1 hypothetical protein BBJ28_00007945 [Nothophytophthora sp. Chile5]
Pcub-SC1982_037_000204.1	KAH7477249.1	42.7	452	777	515	3.99e-114	360	57.0	164328	Oomycota	Phytophthora	Phytophthora ramorum	KAH7477249.1 Aldehyde dehydrogenase family 3 member B1 [Phytophthora ramorum]
Pcub-SC1982_037_000204.1	KAG3172920.1	42.0	452	777	515	7.89e-114	359	57.0	53986	Oomycota	Phytophthora	Phytophthora idaei	KAG3172920.1 Aldehyde dehydrogenase family 3 member [Phytophthora idaei]
Pcub-SC1982_037_000204.1	KAF0715427.1	41.9	444	777	581	1.02e-113	361	55.7	120398	Oomycota	Aphanomyces	Aphanomyces stellatus	KAF0715427.1 hypothetical protein As57867_003367 [Aphanomyces stellatus]
Pcub-SC1982_037_000204.1	ETK90372.1	42.4	462	777	514	1.51e-113	358	58.3	4792;1317063	Oomycota	Phytophthora	Phytophthora nicotianae	ETK90372.1 hypothetical protein L915_05858 [Phytophthora nicotianae]
Pcub-SC1982_037_000204.1	KAG2788822.1	42.3	452	777	515	1.56e-113	358	57.0	29920	Oomycota	Phytophthora	Phytophthora cactorum	KAG2788822.1 Aldehyde dehydrogenase, dimeric [Phytophthora cactorum]
Pcub-SC1982_037_000204.1	GMF20938.1	42.0	460	777	515	1.56e-113	358	58.0	1490495	Oomycota	Phytophthora	Phytophthora fragariaefolia	GMF20938.1 unnamed protein product [Phytophthora fragariaefolia]
Pcub-SC1982_037_000204.1	ETL43784.1	42.4	462	777	514	8.32e-113	356	58.3	4792;1317064;1317066	Oomycota	Phytophthora	Phytophthora nicotianae	ETL43784.1 hypothetical protein L916_05794 [Phytophthora nicotianae]
Pcub-SC1982_037_000204.1	KAG3110441.1	41.8	452	777	515	8.57e-113	356	57.0	53986	Oomycota	Phytophthora	Phytophthora idaei	KAG3110441.1 Aldehyde dehydrogenase family 3 member [Phytophthora idaei]
Pcub-SC1982_037_000204.1	ETI50491.1	42.4	462	777	514	1.17e-112	356	58.3	1317065	Oomycota	Phytophthora	Phytophthora nicotianae	ETI50491.1 hypothetical protein F443_05986 [Phytophthora nicotianae P1569]
Pcub-SC1982_037_000204.1	KAE9350054.1	42.3	454	777	548	1.64e-112	357	57.3	129364	Oomycota	Phytophthora	Phytophthora rubi	KAE9350054.1 Aldehyde dehydrogenase, dimeric [Phytophthora rubi]
Pcub-SC1982_037_000204.1	XP_008891392.1	42.4	462	777	514	1.64e-112	355	58.3	761204	Oomycota	Phytophthora	Phytophthora nicotianae	XP_008891392.1 hypothetical protein PPTG_02140 [Phytophthora nicotianae INRA-310]
Pcub-SC1982_037_000204.1	KAG6620033.1	41.8	452	777	526	1.68e-112	356	57.0	4785	Oomycota	Phytophthora	Phytophthora cinnamomi	KAG6620033.1 Aldehyde dehydrogenase [Phytophthora cinnamomi]
Pcub-SC1982_037_000204.1	KAE9046381.1	42.3	454	777	557	2.14e-112	357	57.3	129364	Oomycota	Phytophthora	Phytophthora rubi	KAE9046381.1 Aldehyde dehydrogenase, dimeric [Phytophthora rubi]
Pcub-SC1982_037_000204.1	KAG7398997.1	42.0	460	777	513	2.24e-112	355	58.0	109152	Oomycota	Phytophthora	Phytophthora boehmeriae	KAG7398997.1 hypothetical protein PHYBOEH_009990 [Phytophthora boehmeriae]
Pcub-SC1982_037_000203.1	CAI5725233.1	29.3	188	269	476	6.46e-08	58.2	62.8	162125	Oomycota	Hyaloperonospora	Hyaloperonospora brassicae	CAI5725233.1 unnamed protein product [Hyaloperonospora brassicae]
Pcub-SC1982_037_000203.1	KAE8876223.1	29.8	191	269	476	2.09e-07	56.6	63.9	53985	Oomycota	Phytophthora	Phytophthora fragariae	KAE8876223.1 hypothetical protein PF003_g39649 [Phytophthora fragariae]
Pcub-SC1982_037_000203.1	KAE9046762.1	29.8	191	269	478	3.77e-07	55.8	63.9	129364	Oomycota	Phytophthora	Phytophthora rubi	KAE9046762.1 hypothetical protein PR002_g1475 [Phytophthora rubi]
Pcub-SC1982_037_000203.1	CAI5710544.1	29.3	198	269	472	9.00e-07	54.7	65.8	86335	Oomycota	Peronospora	Peronospora destructor	CAI5710544.1 unnamed protein product [Peronospora destructor]
Pcub-SC1982_037_000203.1	KAH7462021.1	29.3	191	269	482	2.18e-06	53.5	63.9	164328	Oomycota	Phytophthora	Phytophthora ramorum	KAH7462021.1 Sphingomyelinase [Phytophthora ramorum]
Pcub-SC1982_037_000203.1	XP_009532266.1	28.8	191	269	465	5.15e-06	52.4	63.9	67593	Oomycota	Phytophthora	Phytophthora sojae	XP_009532266.1 hypothetical protein PHYSODRAFT_562922 [Phytophthora sojae]
Pcub-SC1982_037_000203.1	RHZ23314.1	25.5	188	269	269	1.90e-05	50.1	64.3	112090	Oomycota	Aphanomyces	Aphanomyces astaci	RHZ23314.1 hypothetical protein DYB37_009810, partial [Aphanomyces astaci]
Pcub-SC1982_037_000203.1	KAF0757819.1	25.5	188	269	381	2.64e-05	50.1	64.3	112090	Oomycota	Aphanomyces	Aphanomyces astaci	KAF0757819.1 hypothetical protein AaE_004139 [Aphanomyces astaci]
Pcub-SC1982_037_000203.1	RHY75839.1	25.5	188	269	2009	4.02e-05	50.1	64.3	112090	Oomycota	Aphanomyces	Aphanomyces astaci	RHY75839.1 hypothetical protein DYB38_004188 [Aphanomyces astaci]
Pcub-SC1982_037_000203.1	RLO08035.1	25.5	188	269	2009	4.02e-05	50.1	64.3	112090	Oomycota	Aphanomyces	Aphanomyces astaci	RLO08035.1 hypothetical protein DYB28_000996 [Aphanomyces astaci]
Pcub-SC1982_037_000203.1	RHY25684.1	25.5	188	269	2009	4.02e-05	50.1	64.3	112090	Oomycota	Aphanomyces	Aphanomyces astaci	RHY25684.1 hypothetical protein DYB25_004972 [Aphanomyces astaci]
Pcub-SC1982_037_000203.1	RHY39734.1	25.5	188	269	2009	4.02e-05	50.1	64.3	112090	Oomycota	Aphanomyces	Aphanomyces astaci	RHY39734.1 hypothetical protein DYB34_004388 [Aphanomyces astaci]
Pcub-SC1982_037_000203.1	RHY03761.1	25.5	188	269	2009	4.02e-05	50.1	64.3	112090	Oomycota	Aphanomyces	Aphanomyces astaci	RHY03761.1 hypothetical protein DYB36_003321 [Aphanomyces astaci]
Pcub-SC1982_037_000203.1	RHY78265.1	25.5	188	269	2009	4.02e-05	50.1	64.3	112090	Oomycota	Aphanomyces	Aphanomyces astaci	RHY78265.1 hypothetical protein DYB30_003903 [Aphanomyces astaci]
Pcub-SC1982_037_000203.1	RHY95056.1	25.5	188	269	2009	4.02e-05	50.1	64.3	112090	Oomycota	Aphanomyces	Aphanomyces astaci	RHY95056.1 hypothetical protein DYB31_002436 [Aphanomyces astaci]
Pcub-SC1982_037_000203.1	XP_009825486.1	25.5	188	269	384	4.75e-05	49.3	64.3	112090	Oomycota	Aphanomyces	Aphanomyces astaci	XP_009825486.1 hypothetical protein H257_03200 [Aphanomyces astaci]
Pcub-SC1982_037_000203.1	RQM21138.1	25.5	188	269	2018	7.16e-05	49.3	64.3	112090	Oomycota	Aphanomyces	Aphanomyces astaci	RQM21138.1 hypothetical protein B5M09_006512 [Aphanomyces astaci]
Pcub-SC1982_037_000203.1	GMF25708.1	29.7	148	269	434	2.17e-04	47.4	49.8	1490495	Oomycota	Phytophthora	Phytophthora fragariaefolia	GMF25708.1 unnamed protein product [Phytophthora fragariaefolia]
Pcub-SC1982_037_000203.1	XP_012194329.1	28.3	212	269	349	2.56e-04	47.0	73.6	695850	Oomycota	Saprolegnia	Saprolegnia parasitica	XP_012194329.1 hypothetical protein SPRG_00718 [Saprolegnia parasitica CBS 223.65]
Pcub-SC1982_037_000203.1	TYZ60358.1	24.6	248	269	514	5.56e-04	46.2	81.8	1485010	Oomycota	Globisporangium	[Pythium] brassicae (nom. inval.)	TYZ60358.1 hypothetical protein PybrP1_011209 [[Pythium] brassicae (nom. inval.)]
Pcub-SC1982_037_000044.1	KAF4325456.1	59.9	269	287	974	4.72e-98	313	93.4	1284355	Oomycota	Phytophthora	Phytophthora kernoviae	KAF4325456.1 hypothetical protein G195_000930 [Phytophthora kernoviae 00238/432]
Pcub-SC1982_037_000044.1	KAG2970968.1	53.8	275	287	507	8.15e-92	285	95.5	29920	Oomycota	Phytophthora	Phytophthora cactorum	KAG2970968.1 putative oxidoreductase, partial [Phytophthora cactorum]
Pcub-SC1982_037_000044.1	KAG3106650.1	53.8	275	287	870	2.51e-88	285	95.5	29920	Oomycota	Phytophthora	Phytophthora cactorum	KAG3106650.1 putative oxidoreductase [Phytophthora cactorum]
Pcub-SC1982_037_000044.1	KAF4324625.1	53.8	266	287	1493	1.13e-81	273	92.3	1284355	Oomycota	Phytophthora	Phytophthora kernoviae	KAF4324625.1 hypothetical protein G195_001956 [Phytophthora kernoviae 00238/432]
Pcub-SC1982_037_000044.1	OQR84407.1	36.9	252	287	254	3.79e-38	139	85.7	1202772	Oomycota	Achlya	Achlya hypogyna	OQR84407.1 short chain dehydrogenase/reductase family oxidoreductase [Achlya hypogyna]
Pcub-SC1982_037_000044.1	KAG4219828.1	56.7	120	287	118	5.87e-36	129	41.8	29920	Oomycota	Phytophthora	Phytophthora cactorum	KAG4219828.1 hypothetical protein PC116_g31693 [Phytophthora cactorum]
Pcub-SC1982_037_000044.1	XP_012200940.1	34.9	252	287	254	8.79e-36	133	85.7	695850	Oomycota	Saprolegnia	Saprolegnia parasitica	XP_012200940.1 hypothetical protein SPRG_06743 [Saprolegnia parasitica CBS 223.65]
Pcub-SC1982_037_000044.1	XP_008619723.1	36.5	252	287	254	1.24e-35	132	85.7	1156394	Oomycota	Saprolegnia	Saprolegnia diclina	XP_008619723.1 hypothetical protein SDRG_15332 [Saprolegnia diclina VS20]
Pcub-SC1982_037_000044.1	KAF4326181.1	37.4	246	287	245	5.38e-35	130	85.0	1284355	Oomycota	Phytophthora	Phytophthora kernoviae	KAF4326181.1 hypothetical protein G195_000074 [Phytophthora kernoviae 00238/432]
Pcub-SC1982_037_000044.1	OQS02891.1	33.9	251	287	252	9.02e-35	130	85.4	74557	Oomycota	Thraustotheca	Thraustotheca clavata	OQS02891.1 short chain type dehydrogenase [Thraustotheca clavata]
Pcub-SC1982_037_000044.1	DBA04487.1	38.7	256	287	282	1.86e-34	130	84.7	4803	Oomycota	Lagenidium	Lagenidium giganteum	DBA04487.1 TPA: hypothetical protein N0F65_010083 [Lagenidium giganteum]
Pcub-SC1982_037_000044.1	CCA16742.1	36.7	259	287	281	5.01e-34	129	84.7	890382	Oomycota	Albugo	Albugo laibachii	CCA16742.1 carbohydrate esterase putative [Albugo laibachii Nc14]
Pcub-SC1982_037_000044.1	KAF0719014.1	35.1	251	287	253	3.85e-33	126	85.7	120398	Oomycota	Aphanomyces	Aphanomyces stellatus	KAF0719014.1 hypothetical protein As57867_001333 [Aphanomyces stellatus]
Pcub-SC1982_037_000044.1	KAJ0405519.1	38.3	256	287	284	5.70e-33	126	84.7	114742	Oomycota	Pythium	Pythium insidiosum	KAJ0405519.1 hypothetical protein P43SY_011367 [Pythium insidiosum]
Pcub-SC1982_037_000044.1	GLD99925.1	37.9	256	287	284	1.12e-32	125	84.7	114742	Oomycota	Pythium	Pythium insidiosum	GLD99925.1 hypothetical protein PINS_up008654 [Pythium insidiosum]
Pcub-SC1982_037_000044.1	OQR86677.1	39.0	254	287	275	1.79e-32	125	85.4	1202772	Oomycota	Achlya	Achlya hypogyna	OQR86677.1 carbohydrate esterase [Achlya hypogyna]
Pcub-SC1982_037_000044.1	TMW55120.1	37.1	256	287	282	8.06e-32	123	84.7	41045	Oomycota	Pythium	Pythium oligandrum	TMW55120.1 hypothetical protein Poli38472_013882 [Pythium oligandrum]
Pcub-SC1982_037_000044.1	KAF1322356.1	35.3	255	287	282	8.06e-32	123	84.7	82926	Oomycota	Globisporangium	Globisporangium splendens	KAF1322356.1 Carbohydrate esterase, partial [Globisporangium splendens]
Pcub-SC1982_037_000044.1	XP_008610091.1	38.2	254	287	275	1.35e-31	122	85.4	1156394	Oomycota	Saprolegnia	Saprolegnia diclina	XP_008610091.1 hypothetical protein SDRG_06106 [Saprolegnia diclina VS20]
Pcub-SC1982_037_000044.1	KAF4325615.1	33.2	262	287	348	1.58e-31	124	88.5	1284355	Oomycota	Phytophthora	Phytophthora kernoviae	KAF4325615.1 hypothetical protein G195_000662 [Phytophthora kernoviae 00238/432]
Pcub-SC1982_037_000044.1	XP_012204654.1	38.2	254	287	275	2.65e-31	122	85.4	695850	Oomycota	Saprolegnia	Saprolegnia parasitica	XP_012204654.1 hypothetical protein SPRG_10117 [Saprolegnia parasitica CBS 223.65]
Pcub-SC1982_037_000044.1	KAF0699740.1	38.6	254	287	275	3.70e-31	121	85.4	120398	Oomycota	Aphanomyces	Aphanomyces stellatus	KAF0699740.1 hypothetical protein As57867_009671 [Aphanomyces stellatus]
Pcub-SC1982_037_000044.1	XP_008874205.1	37.2	253	287	275	1.02e-30	120	85.4	157072	Oomycota	Aphanomyces	Aphanomyces invadans	XP_008874205.1 hypothetical protein H310_09813 [Aphanomyces invadans]
Pcub-SC1982_037_000044.1	OQS07259.1	38.6	259	287	275	1.99e-30	119	85.4	74557	Oomycota	Thraustotheca	Thraustotheca clavata	OQS07259.1 carbohydrate esterase [Thraustotheca clavata]
Pcub-SC1982_037_000044.1	RHY28295.1	37.2	253	287	308	2.05e-30	120	85.4	157072	Oomycota	Aphanomyces	Aphanomyces invadans	RHY28295.1 hypothetical protein DYB32_008412 [Aphanomyces invadans]
Pcub-SC1982_037_000046.1	KAF1330303.1	54.5	286	290	317	8.11e-92	279	98.6	82926	Oomycota	Globisporangium	Globisporangium splendens	KAF1330303.1 2,4-dienoyl-coa reductase, mitochondrial precursor, partial [Globisporangium splendens]
Pcub-SC1982_037_000046.1	CAI5741907.1	54.2	284	290	288	1.28e-91	277	97.9	162125	Oomycota	Hyaloperonospora	Hyaloperonospora brassicae	CAI5741907.1 unnamed protein product [Hyaloperonospora brassicae]
Pcub-SC1982_037_000046.1	TMW58505.1	54.7	285	290	312	3.94e-91	277	97.9	41045	Oomycota	Pythium	Pythium oligandrum	TMW58505.1 hypothetical protein Poli38472_010064 [Pythium oligandrum]
Pcub-SC1982_037_000046.1	ETK76878.1	54.2	284	290	322	1.09e-90	276	97.9	4792	Oomycota	Phytophthora	Phytophthora nicotianae	ETK76878.1 hypothetical protein L915_16778 [Phytophthora nicotianae]
Pcub-SC1982_037_000046.1	XP_008912601.1	54.2	284	290	322	1.09e-90	276	97.9	4792;761204;1317063;1317064;1317065;1317066	Oomycota	Phytophthora	Phytophthora nicotianae	XP_008912601.1 hypothetical protein PPTG_16844 [Phytophthora nicotianae INRA-310]
Pcub-SC1982_037_000046.1	ETL30303.1	54.2	284	290	322	1.54e-90	276	97.9	4792	Oomycota	Phytophthora	Phytophthora nicotianae	ETL30303.1 hypothetical protein L916_16688 [Phytophthora nicotianae]
Pcub-SC1982_037_000046.1	RMX67604.1	52.8	284	290	288	5.91e-90	273	97.9	542832	Oomycota	Peronospora	Peronospora effusa	RMX67604.1 hypothetical protein DD238_001589 [Peronospora effusa]
Pcub-SC1982_037_000046.1	KAG2768301.1	53.2	284	290	322	3.55e-89	272	97.9	29920	Oomycota	Phytophthora	Phytophthora cactorum	KAG2768301.1 2,4-dienoyl-CoA reductase [Phytophthora cactorum]
Pcub-SC1982_037_000046.1	KAH7482381.1	53.2	284	290	319	4.56e-89	272	97.9	164328	Oomycota	Phytophthora	Phytophthora ramorum	KAH7482381.1 2,4-dienoyl-CoA reductase [(3E)-enoyl-CoA-producing], mitochondrial [Phytophthora ramorum]
Pcub-SC1982_037_000046.1	CAI5701475.1	52.8	284	290	321	4.86e-89	272	97.9	542832	Oomycota	Peronospora	Peronospora effusa	CAI5701475.1 unnamed protein product [Peronospora effusa]
Pcub-SC1982_037_000046.1	GMF58526.1	53.2	284	290	289	4.95e-89	271	97.9	1490495	Oomycota	Phytophthora	Phytophthora fragariaefolia	GMF58526.1 unnamed protein product [Phytophthora fragariaefolia]
Pcub-SC1982_037_000046.1	KAI9987171.1	52.8	284	290	319	6.47e-89	271	97.9	4787	Oomycota	Phytophthora	Phytophthora infestans	KAI9987171.1 hypothetical protein PInf_023139 [Phytophthora infestans]
Pcub-SC1982_037_000046.1	CAH0485834.1	52.8	284	290	321	6.89e-89	271	97.9	134698	Oomycota	Peronospora	Peronospora farinosa	CAH0485834.1 unnamed protein product [Peronospora farinosa]
Pcub-SC1982_037_000046.1	KAG6958713.1	52.8	284	290	322	1.01e-88	271	97.9	2496075	Oomycota	Phytophthora	Phytophthora aleatoria	KAG6958713.1 hypothetical protein JG688_00010395 [Phytophthora aleatoria]
Pcub-SC1982_037_000046.1	KAE8877764.1	53.5	282	290	320	1.34e-88	271	97.2	53985;129364	Oomycota	Phytophthora	Phytophthora fragariae;Phytophthora rubi	KAE8877764.1 2,4-dienoyl-CoA reductase [Phytophthora fragariae]
Pcub-SC1982_037_000046.1	KAG3099022.1	52.8	284	290	322	1.43e-88	271	97.9	53986	Oomycota	Phytophthora	Phytophthora idaei	KAG3099022.1 2,4-dienoyl-CoA reductase [Phytophthora idaei]
Pcub-SC1982_037_000046.1	POM59616.1	52.5	284	290	319	1.84e-88	270	97.9	4796	Oomycota	Phytophthora	Phytophthora palmivora	POM59616.1 2,4-dienoyl-CoA reductase, mitochondrial precursor [Phytophthora palmivora]
Pcub-SC1982_037_000046.1	KAF4037952.1	52.5	284	290	319	1.84e-88	270	97.9	4787	Oomycota	Phytophthora	Phytophthora infestans	KAF4037952.1 Enoyl-(Acyl carrier protein) reductase [Phytophthora infestans]
Pcub-SC1982_037_000046.1	KAJ0402864.1	53.7	287	290	309	1.89e-88	270	98.6	114742	Oomycota	Pythium	Pythium insidiosum	KAJ0402864.1 hypothetical protein P43SY_000478 [Pythium insidiosum]
Pcub-SC1982_037_000046.1	KAG7397101.1	52.5	284	290	321	1.96e-88	270	97.9	109152	Oomycota	Phytophthora	Phytophthora boehmeriae	KAG7397101.1 2,4-dienoyl-CoA reductase, mitochondrial [Phytophthora boehmeriae]
Pcub-SC1982_037_000046.1	KAF4319710.1	52.1	284	290	289	1.99e-88	269	97.9	325452;1284355	Oomycota	Phytophthora	Phytophthora kernoviae	KAF4319710.1 hypothetical protein G195_007019 [Phytophthora kernoviae 00238/432]
Pcub-SC1982_037_000046.1	KAG7392023.1	52.8	284	290	322	2.02e-88	270	97.9	221518	Oomycota	Phytophthora	Phytophthora pseudosyringae	KAG7392023.1 2,4-dienoyl-CoA reductase, mitochondrial [Phytophthora pseudosyringae]
Pcub-SC1982_037_000046.1	GMF25094.1	52.8	284	290	288	2.74e-88	269	97.9	2077276	Oomycota	Phytophthora	Phytophthora lilii	GMF25094.1 unnamed protein product [Phytophthora lilii]
Pcub-SC1982_037_000046.1	RLN59736.1	52.1	284	290	289	2.83e-88	269	97.9	325452	Oomycota	Phytophthora	Phytophthora kernoviae	RLN59736.1 hypothetical protein BBP00_00006341 [Phytophthora kernoviae]
Pcub-SC1982_037_000046.1	DAZ96402.1	52.1	286	290	326	4.60e-88	270	98.6	4803	Oomycota	Lagenidium	Lagenidium giganteum	DAZ96402.1 TPA: hypothetical protein N0F65_012483 [Lagenidium giganteum]
Pcub-SC1982_037_000047.1	GLD91984.1	55.2	154	217	172	6.55e-56	179	71.0	114742	Oomycota	Pythium	Pythium insidiosum	GLD91984.1 hypothetical protein PINS_up000517 [Pythium insidiosum]
Pcub-SC1982_037_000047.1	KAH9084291.1	51.9	158	217	173	1.26e-53	174	70.5	100861	Oomycota	Aphanomyces	Aphanomyces euteiches	KAH9084291.1 hypothetical protein LEN26_020945 [Aphanomyces euteiches]
Pcub-SC1982_037_000047.1	KAH9143010.1	51.6	159	217	213	2.17e-53	174	71.0	100861	Oomycota	Aphanomyces	Aphanomyces euteiches	KAH9143010.1 hypothetical protein AeRB84_012953 [Aphanomyces euteiches]
Pcub-SC1982_037_000047.1	KAG9415585.1	52.5	158	217	173	3.59e-53	172	70.5	112091	Oomycota	Aphanomyces	Aphanomyces cochlioides	KAG9415585.1 hypothetical protein AC1031_009030 [Aphanomyces cochlioides]
Pcub-SC1982_037_000047.1	CCA16460.1	49.4	174	217	200	2.35e-52	171	78.3	890382	Oomycota	Albugo	Albugo laibachii	CCA16460.1 unnamed protein product [Albugo laibachii Nc14]
Pcub-SC1982_037_000047.1	XP_008872690.1	52.1	167	217	190	2.45e-52	171	69.1	157072	Oomycota	Aphanomyces	Aphanomyces invadans	XP_008872690.1 peptide-methionine (S)-S-oxide reductase [Aphanomyces invadans]
Pcub-SC1982_037_000047.1	KAH9121200.1	52.3	153	217	168	2.48e-52	170	68.2	100861	Oomycota	Aphanomyces	Aphanomyces euteiches	KAH9121200.1 hypothetical protein AeMF1_006980, partial [Aphanomyces euteiches]
Pcub-SC1982_037_000047.1	KAF0699029.1	56.4	149	217	175	1.76e-51	168	68.2	120398	Oomycota	Aphanomyces	Aphanomyces stellatus	KAF0699029.1 hypothetical protein As57867_010334 [Aphanomyces stellatus]
Pcub-SC1982_037_000047.1	KAJ0406854.1	54.5	154	217	468	2.49e-51	176	71.0	114742	Oomycota	Pythium	Pythium insidiosum	KAJ0406854.1 hypothetical protein P43SY_008876 [Pythium insidiosum]
Pcub-SC1982_037_000047.1	KAJ0410972.1	54.5	154	217	477	4.17e-51	176	71.0	114742	Oomycota	Pythium	Pythium insidiosum	KAJ0410972.1 hypothetical protein ATCC90586_004325 [Pythium insidiosum]
Pcub-SC1982_037_000047.1	DAZ96534.1	55.9	152	217	459	5.76e-51	175	68.2	4803	Oomycota	Lagenidium	Lagenidium giganteum	DAZ96534.1 TPA: hypothetical protein N0F65_011211 [Lagenidium giganteum]
Pcub-SC1982_037_000047.1	XP_008611073.1	53.4	148	217	191	5.80e-51	167	68.2	1156394	Oomycota	Saprolegnia	Saprolegnia diclina	XP_008611073.1 peptide-methionine (S)-S-oxide reductase [Saprolegnia diclina VS20]
Pcub-SC1982_037_000047.1	KAF0726282.1	50.3	161	217	181	1.21e-50	166	71.0	100861	Oomycota	Aphanomyces	Aphanomyces euteiches	KAF0726282.1 hypothetical protein Ae201684_015397 [Aphanomyces euteiches]
Pcub-SC1982_037_000047.1	KAF0692182.1	50.0	158	217	173	1.34e-50	166	72.8	120398	Oomycota	Aphanomyces	Aphanomyces stellatus	KAF0692182.1 hypothetical protein As57867_016655 [Aphanomyces stellatus]
Pcub-SC1982_037_000047.1	KAF0709113.1	50.3	159	217	173	1.34e-50	166	72.8	120398	Oomycota	Aphanomyces	Aphanomyces stellatus	KAF0709113.1 hypothetical protein As57867_006073 [Aphanomyces stellatus]
Pcub-SC1982_037_000047.1	KAF0726287.1	50.9	167	217	175	1.42e-50	166	77.0	100861	Oomycota	Aphanomyces	Aphanomyces euteiches	KAF0726287.1 hypothetical protein Ae201684_015402 [Aphanomyces euteiches]
Pcub-SC1982_037_000047.1	KAG9415586.1	51.6	157	217	217	2.55e-50	167	69.1	112091	Oomycota	Aphanomyces	Aphanomyces cochlioides	KAG9415586.1 hypothetical protein AC1031_009031 [Aphanomyces cochlioides]
Pcub-SC1982_037_000047.1	RMX66136.1	49.7	165	217	170	3.47e-50	165	73.3	542832	Oomycota	Peronospora	Peronospora effusa	RMX66136.1 hypothetical protein DD238_003420 [Peronospora effusa]
Pcub-SC1982_037_000047.1	KAH9097605.1	50.3	161	217	217	3.61e-50	166	71.0	100861	Oomycota	Aphanomyces	Aphanomyces euteiches	KAH9097605.1 hypothetical protein Ae201684P_001081 [Aphanomyces euteiches]
Pcub-SC1982_037_000047.1	KAH9124811.1	50.9	167	217	175	4.05e-50	165	77.0	100861	Oomycota	Aphanomyces	Aphanomyces euteiches	KAH9124811.1 hypothetical protein AeMF1_004483 [Aphanomyces euteiches]
Pcub-SC1982_037_000047.1	OQR86044.1	53.2	154	217	175	4.05e-50	165	71.0	1202772	Oomycota	Achlya	Achlya hypogyna	OQR86044.1 hypothetical protein ACHHYP_11064 [Achlya hypogyna]
Pcub-SC1982_037_000047.1	KAG9415584.1	50.3	167	217	175	4.05e-50	165	77.0	112091	Oomycota	Aphanomyces	Aphanomyces cochlioides	KAG9415584.1 Peptide methionine sulfoxide reductase A2-1 [Aphanomyces cochlioides]
Pcub-SC1982_037_000047.1	CAH0486861.1	49.7	165	217	170	4.91e-50	164	73.3	134698	Oomycota	Peronospora	Peronospora farinosa	CAH0486861.1 unnamed protein product [Peronospora farinosa]
Pcub-SC1982_037_000047.1	KAH9121201.1	51.6	157	217	221	5.75e-50	166	69.1	100861	Oomycota	Aphanomyces	Aphanomyces euteiches	KAH9121201.1 hypothetical protein AeMF1_006981 [Aphanomyces euteiches]
Pcub-SC1982_037_000047.1	XP_012208966.1	52.7	148	217	191	6.62e-50	165	68.2	695850	Oomycota	Saprolegnia	Saprolegnia parasitica	XP_012208966.1 hypothetical protein SPRG_14431 [Saprolegnia parasitica CBS 223.65]
Pcub-SC1982_037_000199.1	CAH0478271.1	38.9	314	1356	364	1.65e-49	185	20.9	622444	Oomycota	Peronospora	Peronospora belbahrii	CAH0478271.1 unnamed protein product [Peronospora belbahrii]
Pcub-SC1982_037_000199.1	KAG7384715.1	38.7	315	1356	363	4.02e-49	184	20.9	221518	Oomycota	Phytophthora	Phytophthora pseudosyringae	KAG7384715.1 hypothetical protein PHYPSEUDO_002360 [Phytophthora pseudosyringae]
Pcub-SC1982_037_000199.1	GMF42073.1	36.6	333	1356	363	1.00e-48	182	22.2	1490495	Oomycota	Phytophthora	Phytophthora fragariaefolia	GMF42073.1 unnamed protein product [Phytophthora fragariaefolia]
Pcub-SC1982_037_000199.1	KAG7397994.1	37.8	325	1356	363	6.28e-48	180	21.7	109152	Oomycota	Phytophthora	Phytophthora boehmeriae	KAG7397994.1 hypothetical protein PHYBOEH_011826 [Phytophthora boehmeriae]
Pcub-SC1982_037_000199.1	KAG6611990.1	36.6	325	1356	363	8.52e-48	180	21.7	4785	Oomycota	Phytophthora	Phytophthora cinnamomi	KAG6611990.1 Sua5/YciO/YrdC/YwlC family protein [Phytophthora cinnamomi]
Pcub-SC1982_037_000199.1	CAI5731744.1	38.8	322	1356	364	8.74e-48	180	21.5	162125	Oomycota	Hyaloperonospora	Hyaloperonospora brassicae	CAI5731744.1 unnamed protein product [Hyaloperonospora brassicae]
Pcub-SC1982_037_000199.1	TDH69952.1	37.5	323	1356	365	1.65e-47	179	21.5	4779	Oomycota	Bremia	Bremia lactucae	TDH69952.1 hypothetical protein CCR75_008760 [Bremia lactucae]
Pcub-SC1982_037_000199.1	XP_008864092.1	37.8	320	1356	354	1.69e-47	179	21.6	157072	Oomycota	Aphanomyces	Aphanomyces invadans	XP_008864092.1 Sua5/YciO/YrdC/YwlC family protein [Aphanomyces invadans]
Pcub-SC1982_037_000199.1	GMF31753.1	38.3	316	1356	427	5.46e-47	179	21.0	2077276	Oomycota	Phytophthora	Phytophthora lilii	GMF31753.1 unnamed protein product [Phytophthora lilii]
Pcub-SC1982_037_000199.1	CAH0485895.1	37.7	321	1356	363	7.23e-47	177	21.4	134698	Oomycota	Peronospora	Peronospora farinosa	CAH0485895.1 unnamed protein product [Peronospora farinosa]
Pcub-SC1982_037_000199.1	RMX66995.1	37.7	321	1356	363	7.23e-47	177	21.4	542832	Oomycota	Peronospora	Peronospora effusa	RMX66995.1 hypothetical protein DD238_001638 [Peronospora effusa]
Pcub-SC1982_037_000199.1	KAJ0399931.1	38.7	310	1356	367	8.00e-47	177	20.4	114742	Oomycota	Pythium	Pythium insidiosum	KAJ0399931.1 hypothetical protein ATCC90586_000117 [Pythium insidiosum]
Pcub-SC1982_037_000199.1	KAJ0396249.1	38.7	310	1356	367	8.00e-47	177	20.4	114742	Oomycota	Pythium	Pythium insidiosum	KAJ0396249.1 hypothetical protein P43SY_003272 [Pythium insidiosum]
Pcub-SC1982_037_000199.1	RLN74376.1	37.0	316	1356	363	9.80e-47	177	21.0	2483409	Oomycota	Nothophytophthora	Nothophytophthora sp. Chile5	RLN74376.1 hypothetical protein BBJ28_00019278 [Nothophytophthora sp. Chile5]
Pcub-SC1982_037_000199.1	RLN94160.1	38.0	316	1356	363	9.80e-47	177	21.0	2483409	Oomycota	Nothophytophthora	Nothophytophthora sp. Chile5	RLN94160.1 hypothetical protein BBJ28_00026134 [Nothophytophthora sp. Chile5]
Pcub-SC1982_037_000199.1	KAG2782827.1	36.9	325	1356	363	9.80e-47	177	21.7	29920	Oomycota	Phytophthora	Phytophthora cactorum	KAG2782827.1 hypothetical protein Pcac1_g7476 [Phytophthora cactorum]
Pcub-SC1982_037_000199.1	KAG6960143.1	37.0	319	1356	363	2.45e-46	176	21.2	2496075	Oomycota	Phytophthora	Phytophthora aleatoria	KAG6960143.1 hypothetical protein JG688_00009735 [Phytophthora aleatoria]
Pcub-SC1982_037_000199.1	KAH7487671.1	36.4	316	1356	363	3.32e-46	175	21.0	164328	Oomycota	Phytophthora	Phytophthora ramorum	KAH7487671.1 Threonylcarbamoyl-AMP synthase [Phytophthora ramorum]
Pcub-SC1982_037_000199.1	OWZ15995.1	36.7	316	1356	362	4.40e-46	175	21.1	4795	Oomycota	Phytophthora	Phytophthora megakarya	OWZ15995.1 Sua5/YciO/YrdC/YwlC family protein [Phytophthora megakarya]
Pcub-SC1982_037_000199.1	XP_009536128.1	36.8	326	1356	363	4.51e-46	175	21.7	67593	Oomycota	Phytophthora	Phytophthora sojae	XP_009536128.1 hypothetical protein PHYSODRAFT_549986 [Phytophthora sojae]
Pcub-SC1982_037_000199.1	KAK1942488.1	37.1	315	1356	362	5.97e-46	174	21.0	4793	Oomycota	Phytophthora	Phytophthora citrophthora	KAK1942488.1 Threonylcarbamoyl-AMP synthase [Phytophthora citrophthora]
Pcub-SC1982_037_000199.1	CAI5735986.1	38.0	316	1356	363	6.12e-46	174	21.0	86335	Oomycota	Peronospora	Peronospora destructor	CAI5735986.1 unnamed protein product [Peronospora destructor]
Pcub-SC1982_037_000199.1	CAI5735978.1	38.0	316	1356	363	6.12e-46	174	21.0	86335	Oomycota	Peronospora	Peronospora destructor	CAI5735978.1 unnamed protein product [Peronospora destructor]
Pcub-SC1982_037_000199.1	KAF1790117.1	36.7	319	1356	363	6.12e-46	174	21.2	29920	Oomycota	Phytophthora	Phytophthora cactorum	KAF1790117.1 DHBP synthase RibB-like alpha/beta domain [Phytophthora cactorum]
Pcub-SC1982_037_000199.1	KAG3117776.1	37.0	319	1356	363	6.12e-46	174	21.2	53986	Oomycota	Phytophthora	Phytophthora idaei	KAG3117776.1 hypothetical protein PI125_g3435 [Phytophthora idaei]
Pcub-SC1982_037_000048.1	KAF4324718.1	35.0	809	821	1975	6.51e-138	455	95.6	1284355	Oomycota	Phytophthora	Phytophthora kernoviae	KAF4324718.1 hypothetical protein G195_001946 [Phytophthora kernoviae 00238/432]
Pcub-SC1982_037_000048.1	GLD96519.1	45.5	132	821	195	1.35e-25	109	15.3	114742	Oomycota	Pythium	Pythium insidiosum	GLD96519.1 hypothetical protein PINS_up005202 [Pythium insidiosum]
Pcub-SC1982_037_000048.1	GLE10679.1	50.0	116	821	195	3.41e-25	108	13.4	114742	Oomycota	Pythium	Pythium insidiosum	GLE10679.1 hypothetical protein PINS_up022896 [Pythium insidiosum]
Pcub-SC1982_037_000048.1	KAF0693786.1	43.8	130	821	150	2.18e-24	104	14.6	120398	Oomycota	Aphanomyces	Aphanomyces stellatus	KAF0693786.1 hypothetical protein As57867_015229 [Aphanomyces stellatus]
Pcub-SC1982_037_000048.1	TYZ58259.1	51.3	119	821	191	4.92e-24	105	13.8	1485010	Oomycota	Globisporangium	[Pythium] brassicae (nom. inval.)	TYZ58259.1 hypothetical protein PybrP1_007936 [[Pythium] brassicae (nom. inval.)]
Pcub-SC1982_037_000048.1	KAJ0394291.1	44.2	138	821	188	6.18e-24	104	16.1	114742	Oomycota	Pythium	Pythium insidiosum	KAJ0394291.1 hypothetical protein ATCC90586_009731 [Pythium insidiosum]
Pcub-SC1982_037_000048.1	KAJ0392192.1	44.2	138	821	191	6.69e-24	104	16.1	114742	Oomycota	Pythium	Pythium insidiosum	KAJ0392192.1 hypothetical protein P43SY_003353 [Pythium insidiosum]
Pcub-SC1982_037_000048.1	KAF0745343.1	44.5	128	821	150	7.52e-24	103	14.3	100861	Oomycota	Aphanomyces	Aphanomyces euteiches	KAF0745343.1 hypothetical protein Ae201684_000369 [Aphanomyces euteiches]
Pcub-SC1982_037_000048.1	KAH9161775.1	44.5	128	821	150	7.52e-24	103	14.3	100861	Oomycota	Aphanomyces	Aphanomyces euteiches	KAH9161775.1 hypothetical protein LEN26_001266 [Aphanomyces euteiches]
Pcub-SC1982_037_000048.1	KAG9405812.1	44.5	128	821	150	1.90e-23	102	14.3	112091	Oomycota	Aphanomyces	Aphanomyces cochlioides	KAG9405812.1 hypothetical protein AC1031_003730 [Aphanomyces cochlioides]
Pcub-SC1982_037_000048.1	KAH9123869.1	43.8	128	821	150	8.95e-23	100	14.3	100861	Oomycota	Aphanomyces	Aphanomyces euteiches	KAH9123869.1 hypothetical protein AeMF1_005263 [Aphanomyces euteiches]
Pcub-SC1982_037_000048.1	POM81301.1	50.9	116	821	200	1.35e-22	101	13.4	4796	Oomycota	Phytophthora	Phytophthora palmivora	POM81301.1 Actin-related protein 2/3 complex subunit [Phytophthora palmivora]
Pcub-SC1982_037_000048.1	KAG6590949.1	50.0	116	821	202	2.62e-22	100	13.4	4785	Oomycota	Phytophthora	Phytophthora cinnamomi	KAG6590949.1 phenylalanyl-trna synthetase subunit beta [Phytophthora cinnamomi]
Pcub-SC1982_037_000048.1	KAG6611418.1	50.0	116	821	203	2.69e-22	100	13.4	4785	Oomycota	Phytophthora	Phytophthora cinnamomi	KAG6611418.1 phenylalanyl-trna synthetase subunit beta [Phytophthora cinnamomi]
Pcub-SC1982_037_000048.1	RHY24152.1	40.1	162	821	232	2.93e-22	101	17.9	157072	Oomycota	Aphanomyces	Aphanomyces invadans	RHY24152.1 hypothetical protein DYB32_009105, partial [Aphanomyces invadans]
Pcub-SC1982_037_000048.1	XP_012200201.1	46.4	125	821	155	6.59e-22	97.8	13.9	695850	Oomycota	Saprolegnia	Saprolegnia parasitica	XP_012200201.1 hypothetical protein SPRG_06086 [Saprolegnia parasitica CBS 223.65]
Pcub-SC1982_037_000048.1	KAF4318011.1	47.1	119	821	209	7.84e-22	99.4	13.8	325452;1284355	Oomycota	Phytophthora	Phytophthora kernoviae	KAF4318011.1 hypothetical protein G195_008483 [Phytophthora kernoviae 00238/432]
Pcub-SC1982_037_000048.1	XP_008613271.1	45.6	125	821	162	7.98e-22	97.8	13.9	1156394	Oomycota	Saprolegnia	Saprolegnia diclina	XP_008613271.1 phenylalanyl-tRNA synthetase subunit beta [Saprolegnia diclina VS20]
Pcub-SC1982_037_000048.1	GMF34352.1	50.9	116	821	217	1.29e-21	99.0	13.4	1490495	Oomycota	Phytophthora	Phytophthora fragariaefolia	GMF34352.1 unnamed protein product [Phytophthora fragariaefolia]
Pcub-SC1982_037_000048.1	KAE9007562.1	49.1	116	821	206	1.35e-21	98.6	13.4	129364	Oomycota	Phytophthora	Phytophthora rubi	KAE9007562.1 hypothetical protein PR001_g16938 [Phytophthora rubi]
Pcub-SC1982_037_000048.1	KAE8883772.1	49.1	116	821	206	1.35e-21	98.6	13.4	53985	Oomycota	Phytophthora	Phytophthora fragariae	KAE8883772.1 hypothetical protein PF003_g32034 [Phytophthora fragariae]
Pcub-SC1982_037_000048.1	KAG7401153.1	47.4	116	821	222	1.98e-21	98.6	13.4	109152	Oomycota	Phytophthora	Phytophthora boehmeriae	KAG7401153.1 hypothetical protein PHYBOEH_002711 [Phytophthora boehmeriae]
Pcub-SC1982_037_000048.1	TMW57031.1	42.9	119	821	201	2.20e-21	97.8	13.8	41045	Oomycota	Pythium	Pythium oligandrum	TMW57031.1 hypothetical protein Poli38472_002956 [Pythium oligandrum]
Pcub-SC1982_037_000048.1	OQS00890.1	46.5	129	821	166	3.06e-21	96.3	13.9	1202772	Oomycota	Achlya	Achlya hypogyna	OQS00890.1 phenylalanyl-tRNA synthetase [Achlya hypogyna]
Pcub-SC1982_037_000048.1	KAJ8531847.1	50.0	116	821	331	3.79e-21	100	13.4	4785	Oomycota	Phytophthora	Phytophthora cinnamomi	KAJ8531847.1 hypothetical protein ON010_g14114 [Phytophthora cinnamomi]
Pcub-SC1982_037_000052.1	KAF4047465.1	27.8	234	345	504	3.15e-13	75.5	62.6	4787	Oomycota	Phytophthora	Phytophthora infestans	KAF4047465.1 Calponin homology domain-containing proteinorismate bind [Phytophthora infestans]
Pcub-SC1982_037_000052.1	XP_002908331.1	27.8	234	345	504	3.15e-13	75.5	62.6	403677	Oomycota	Phytophthora	Phytophthora infestans	XP_002908331.1 anthranilate synthase component I, putative [Phytophthora infestans T30-4]
Pcub-SC1982_037_000052.1	KAF4323593.1	27.7	231	345	503	7.56e-13	74.3	62.6	325452;1284355	Oomycota	Phytophthora	Phytophthora kernoviae	KAF4323593.1 hypothetical protein G195_002529 [Phytophthora kernoviae 00238/432]
Pcub-SC1982_037_000052.1	KAJ0405082.1	24.7	316	345	504	7.58e-13	74.3	85.8	114742	Oomycota	Pythium	Pythium insidiosum	KAJ0405082.1 hypothetical protein ATCC90586_008682 [Pythium insidiosum]
Pcub-SC1982_037_000052.1	OWZ03924.1	27.4	234	345	504	7.58e-13	74.3	62.6	4795	Oomycota	Phytophthora	Phytophthora megakarya	OWZ03924.1 Anthranilate synthase component I [Phytophthora megakarya]
Pcub-SC1982_037_000052.1	KAI9905636.1	28.4	229	345	508	7.63e-13	74.3	62.6	230839	Oomycota	Peronosclerospora	Peronosclerospora sorghi	KAI9905636.1 hypothetical protein PsorP6_013834 [Peronosclerospora sorghi]
Pcub-SC1982_037_000052.1	RLN67234.1	27.3	242	345	520	7.78e-13	74.3	65.8	325452	Oomycota	Phytophthora	Phytophthora kernoviae	RLN67234.1 hypothetical protein BBP00_00001772 [Phytophthora kernoviae]
Pcub-SC1982_037_000052.1	RLN69643.1	27.7	231	345	503	1.01e-12	73.9	62.6	325452	Oomycota	Phytophthora	Phytophthora kernoviae	RLN69643.1 hypothetical protein BBJ29_001311 [Phytophthora kernoviae]
Pcub-SC1982_037_000052.1	KAK1941754.1	26.0	285	345	504	1.01e-12	73.9	74.2	4793	Oomycota	Phytophthora	Phytophthora citrophthora	KAK1941754.1 putative anthranilate synthase component 1 [Phytophthora citrophthora]
Pcub-SC1982_037_000052.1	KAG3116368.1	27.4	234	345	504	1.36e-12	73.6	62.6	53986	Oomycota	Phytophthora	Phytophthora idaei	KAG3116368.1 putative anthranilate synthase component 1 [Phytophthora idaei]
Pcub-SC1982_037_000052.1	KAG4056666.1	27.4	234	345	504	1.36e-12	73.6	62.6	29920	Oomycota	Phytophthora	Phytophthora cactorum	KAG4056666.1 putative anthranilate synthase component 1 [Phytophthora cactorum]
Pcub-SC1982_037_000052.1	KAG6972322.1	27.4	234	345	504	1.36e-12	73.6	62.6	2496075	Oomycota	Phytophthora	Phytophthora aleatoria	KAG6972322.1 hypothetical protein JG688_00004046 [Phytophthora aleatoria]
Pcub-SC1982_037_000052.1	KAG2774367.1	27.4	234	345	504	1.36e-12	73.6	62.6	29920	Oomycota	Phytophthora	Phytophthora cactorum	KAG2774367.1 putative anthranilate synthase component 1 [Phytophthora cactorum]
Pcub-SC1982_037_000052.1	KAF1791769.1	27.4	234	345	526	1.41e-12	73.6	62.6	29920	Oomycota	Phytophthora	Phytophthora cactorum	KAF1791769.1 Anthranilate synthase component I-like [Phytophthora cactorum]
Pcub-SC1982_037_000052.1	POM61444.1	27.5	233	345	504	1.82e-12	73.2	62.3	4796	Oomycota	Phytophthora	Phytophthora palmivora	POM61444.1 Anthranilate synthase component I [Phytophthora palmivora]
Pcub-SC1982_037_000052.1	GMF16945.1	24.7	308	345	572	2.67e-12	72.8	82.3	2077276	Oomycota	Phytophthora	Phytophthora lilii	GMF16945.1 unnamed protein product [Phytophthora lilii]
Pcub-SC1982_037_000052.1	KAG1691405.1	26.9	234	345	504	3.26e-12	72.4	62.6	4784	Oomycota	Phytophthora	Phytophthora capsici	KAG1691405.1 hypothetical protein DVH05_026896 [Phytophthora capsici]
Pcub-SC1982_037_000052.1	XP_008890682.1	26.9	234	345	504	3.26e-12	72.4	62.6	4792;761204;1317064;1317065	Oomycota	Phytophthora	Phytophthora nicotianae	XP_008890682.1 anthranilate synthase component I [Phytophthora nicotianae INRA-310]
Pcub-SC1982_037_000052.1	ETK96274.1	26.9	234	345	504	3.26e-12	72.4	62.6	4792;1317063	Oomycota	Phytophthora	Phytophthora nicotianae	ETK96274.1 anthranilate synthase component I [Phytophthora nicotianae]
Pcub-SC1982_037_000052.1	ETO85289.1	26.9	234	345	504	3.26e-12	72.4	62.6	1317066	Oomycota	Phytophthora	Phytophthora nicotianae	ETO85289.1 anthranilate synthase component I [Phytophthora nicotianae P1976]
Pcub-SC1982_037_000052.1	KAG7399226.1	26.5	234	345	506	3.27e-12	72.4	62.6	109152	Oomycota	Phytophthora	Phytophthora boehmeriae	KAG7399226.1 hypothetical protein PHYBOEH_009392 [Phytophthora boehmeriae]
Pcub-SC1982_037_000052.1	KAF1772228.1	26.9	234	345	493	5.73e-12	71.6	62.6	29920	Oomycota	Phytophthora	Phytophthora cactorum	KAF1772228.1 Anthranilate synthase component I-like [Phytophthora cactorum]
Pcub-SC1982_037_000052.1	KAG7393363.1	27.5	236	345	504	7.80e-12	71.2	62.6	221518	Oomycota	Phytophthora	Phytophthora pseudosyringae	KAG7393363.1 hypothetical protein PHYPSEUDO_009567 [Phytophthora pseudosyringae]
Pcub-SC1982_037_000052.1	CAI5734051.1	25.3	296	345	500	1.04e-11	70.9	80.9	86335	Oomycota	Peronospora	Peronospora destructor	CAI5734051.1 unnamed protein product [Peronospora destructor]
Pcub-SC1982_037_000052.1	KAE9026590.1	27.8	234	345	506	1.05e-11	70.9	62.6	129364	Oomycota	Phytophthora	Phytophthora rubi	KAE9026590.1 putative anthranilate synthase component 1 [Phytophthora rubi]
Pcub-SC1982_037_000053.1	WP_024630132.1	31.2	77	139	152	1.26e-05	47.0	55.4	44249;1284355;1395586;1395587;1945581	Bacteroidota;Bacillota;Oomycota	Phytophthora;Paenibacillus;Chryseobacterium	Phytophthora kernoviae;Paenibacillus sp. MAEPY1;Paenibacillus sp. MAEPY2;Chryseobacterium mucoviscidosis	WP_024630132.1 MULTISPECIES: MarR family transcriptional regulator [Paenibacillus]
Pcub-SC1982_037_000054.1	TMW65580.1	29.1	203	283	292	3.23e-13	73.2	66.1	41045	Oomycota	Pythium	Pythium oligandrum	TMW65580.1 hypothetical protein Poli38472_008222 [Pythium oligandrum]
Pcub-SC1982_037_000054.1	XP_002895537.1	28.2	213	283	298	3.42e-13	73.2	68.2	403677	Oomycota	Phytophthora	Phytophthora infestans	XP_002895537.1 pirin-like protein [Phytophthora infestans T30-4]
Pcub-SC1982_037_000054.1	KAF4043333.1	28.2	213	283	298	3.42e-13	73.2	68.2	4787	Oomycota	Phytophthora	Phytophthora infestans	KAF4043333.1 Pirin C-terminal cupin domain [Phytophthora infestans]
Pcub-SC1982_037_000054.1	KAI9991921.1	28.2	213	283	524	8.19e-13	73.2	68.2	4787	Oomycota	Phytophthora	Phytophthora infestans	KAI9991921.1 hypothetical protein PInf_017301 [Phytophthora infestans]
Pcub-SC1982_037_000054.1	KAI9991853.1	28.2	213	283	524	1.48e-12	72.4	68.2	4787	Oomycota	Phytophthora	Phytophthora infestans	KAI9991853.1 hypothetical protein PInf_017229 [Phytophthora infestans]
Pcub-SC1982_037_000054.1	KAG1713543.1	28.7	171	283	298	2.19e-12	70.9	56.2	4784	Oomycota	Phytophthora	Phytophthora capsici	KAG1713543.1 hypothetical protein DVH05_001330 [Phytophthora capsici]
Pcub-SC1982_037_000054.1	RLN86460.1	26.6	192	283	370	3.48e-12	70.9	63.3	2483409	Oomycota	Nothophytophthora	Nothophytophthora sp. Chile5	RLN86460.1 hypothetical protein BBJ28_00004709 [Nothophytophthora sp. Chile5]
Pcub-SC1982_037_000054.1	KAG1700948.1	27.1	203	283	290	5.15e-12	69.7	64.7	4784	Oomycota	Phytophthora	Phytophthora capsici	KAG1700948.1 hypothetical protein DVH05_011192 [Phytophthora capsici]
Pcub-SC1982_037_000054.1	TMW65578.1	28.1	185	283	292	5.25e-12	69.7	61.1	41045	Oomycota	Pythium	Pythium oligandrum	TMW65578.1 hypothetical protein Poli38472_008220 [Pythium oligandrum]
Pcub-SC1982_037_000054.1	KAG1687196.1	25.9	201	283	293	5.29e-12	69.7	66.4	4784	Oomycota	Phytophthora	Phytophthora capsici	KAG1687196.1 hypothetical protein DVH05_005362 [Phytophthora capsici]
Pcub-SC1982_037_000054.1	KAG1713545.1	25.9	201	283	293	7.20e-12	69.3	66.4	4784	Oomycota	Phytophthora	Phytophthora capsici	KAG1713545.1 hypothetical protein DVH05_001331 [Phytophthora capsici]
Pcub-SC1982_037_000054.1	RLN06688.1	28.2	213	283	294	7.27e-12	69.3	68.2	2483409	Oomycota	Nothophytophthora	Nothophytophthora sp. Chile5	RLN06688.1 hypothetical protein BBJ28_00003020 [Nothophytophthora sp. Chile5]
Pcub-SC1982_037_000054.1	GMF80841.1	31.8	148	283	298	7.52e-12	69.3	45.6	1490495	Oomycota	Phytophthora	Phytophthora fragariaefolia	GMF80841.1 unnamed protein product [Phytophthora fragariaefolia]
Pcub-SC1982_037_000054.1	XP_002902076.1	26.8	190	283	293	9.80e-12	68.9	59.7	403677	Oomycota	Phytophthora	Phytophthora infestans	XP_002902076.1 pirin, putative [Phytophthora infestans T30-4]
Pcub-SC1982_037_000054.1	RLN54692.1	28.2	213	283	294	9.88e-12	68.9	68.2	2483409	Oomycota	Nothophytophthora	Nothophytophthora sp. Chile5	RLN54692.1 hypothetical protein BBJ28_00005801 [Nothophytophthora sp. Chile5]
Pcub-SC1982_037_000054.1	GMF09862.1	26.6	229	283	298	1.02e-11	68.9	73.9	2077276	Oomycota	Phytophthora	Phytophthora lilii	GMF09862.1 unnamed protein product [Phytophthora lilii]
Pcub-SC1982_037_000054.1	KAG1713544.1	25.9	201	283	349	1.05e-11	69.3	66.4	4784	Oomycota	Phytophthora	Phytophthora capsici	KAG1713544.1 hypothetical protein DVH05_001331 [Phytophthora capsici]
Pcub-SC1982_037_000054.1	OWZ05271.1	26.8	209	283	302	1.06e-11	68.9	68.2	4795	Oomycota	Phytophthora	Phytophthora megakarya	OWZ05271.1 Pirin-like protein [Phytophthora megakarya]
Pcub-SC1982_037_000054.1	KAG6963249.1	30.9	165	283	413	1.33e-11	69.3	54.1	2496075	Oomycota	Phytophthora	Phytophthora aleatoria	KAG6963249.1 hypothetical protein JG688_00008222 [Phytophthora aleatoria]
Pcub-SC1982_037_000054.1	KAF4028255.1	26.8	190	283	354	1.46e-11	68.9	59.7	4787	Oomycota	Phytophthora	Phytophthora infestans	KAF4028255.1 Pirin C-terminal cupin domain [Phytophthora infestans]
Pcub-SC1982_037_000054.1	KAF4030388.1	26.5	189	283	354	1.46e-11	68.9	61.5	4787	Oomycota	Phytophthora	Phytophthora infestans	KAF4030388.1 Pirin C-terminal cupin domain [Phytophthora infestans]
Pcub-SC1982_037_000054.1	RLN58099.1	27.5	193	283	404	1.75e-11	68.9	63.3	2483409	Oomycota	Nothophytophthora	Nothophytophthora sp. Chile5	RLN58099.1 hypothetical protein BBJ28_00025486 [Nothophytophthora sp. Chile5]
Pcub-SC1982_037_000054.1	KAF1332736.1	27.1	199	283	294	1.83e-11	68.2	65.0	82926	Oomycota	Globisporangium	Globisporangium splendens	KAF1332736.1 Pirin-like protein, partial [Globisporangium splendens]
Pcub-SC1982_037_000054.1	KAI9991918.1	32.1	156	283	237	2.53e-11	67.0	50.2	4787	Oomycota	Phytophthora	Phytophthora infestans	KAI9991918.1 hypothetical protein PInf_017298 [Phytophthora infestans]
Pcub-SC1982_037_000054.1	RLN06902.1	27.6	192	283	346	2.57e-11	68.2	63.3	2483409	Oomycota	Nothophytophthora	Nothophytophthora sp. Chile5	RLN06902.1 hypothetical protein BBJ28_00001987 [Nothophytophthora sp. Chile5]
Pcub-SC1982_037_000057.1	GLE03121.1	28.1	224	1581	239	4.10e-15	81.6	13.7	114742	Oomycota	Pythium	Pythium insidiosum	GLE03121.1 hypothetical protein PINS_up012000 [Pythium insidiosum]
Pcub-SC1982_037_000057.1	TMW64478.1	26.0	227	1581	240	1.90e-14	79.7	13.9	41045	Oomycota	Pythium	Pythium oligandrum	TMW64478.1 hypothetical protein Poli38472_011358 [Pythium oligandrum]
Pcub-SC1982_037_000057.1	KAJ0409722.1	27.7	224	1581	239	2.52e-14	79.3	13.7	114742	Oomycota	Pythium	Pythium insidiosum	KAJ0409722.1 hypothetical protein ATCC90586_003230 [Pythium insidiosum]
Pcub-SC1982_037_000057.1	KAJ0396841.1	27.7	224	1581	239	2.52e-14	79.3	13.7	114742	Oomycota	Pythium	Pythium insidiosum	KAJ0396841.1 hypothetical protein P43SY_001788 [Pythium insidiosum]
Pcub-SC1982_037_000057.1	RLN61879.1	26.3	228	1581	240	3.48e-14	79.0	13.9	325452	Oomycota	Phytophthora	Phytophthora kernoviae	RLN61879.1 hypothetical protein BBP00_00005129 [Phytophthora kernoviae]
Pcub-SC1982_037_000057.1	KAF4319755.1	26.3	228	1581	240	3.48e-14	79.0	13.9	325452;1284355	Oomycota	Phytophthora	Phytophthora kernoviae	KAF4319755.1 hypothetical protein G195_006941 [Phytophthora kernoviae 00238/432]
Pcub-SC1982_037_000057.1	KAH7488041.1	26.9	227	1581	240	3.48e-14	79.0	13.9	164328	Oomycota	Phytophthora	Phytophthora ramorum	KAH7488041.1 Dolichol-phosphate mannosyltransferase subunit 1 [Phytophthora ramorum]
Pcub-SC1982_037_000057.1	KAE8940538.1	27.3	227	1581	240	1.17e-13	77.4	13.9	53985;129364	Oomycota	Phytophthora	Phytophthora fragariae;Phytophthora rubi	KAE8940538.1 Dolichol-phosphate mannosyltransferase subunit 1 [Phytophthora fragariae]
Pcub-SC1982_037_000057.1	CAH0479457.1	28.1	228	1581	240	1.17e-13	77.4	13.9	622444	Oomycota	Peronospora	Peronospora belbahrii	CAH0479457.1 unnamed protein product [Peronospora belbahrii]
Pcub-SC1982_037_000057.1	DAZ98954.1	27.1	221	1581	216	1.81e-13	76.3	13.7	4803	Oomycota	Lagenidium	Lagenidium giganteum	DAZ98954.1 TPA: hypothetical protein N0F65_000486 [Lagenidium giganteum]
Pcub-SC1982_037_000057.1	TYZ57100.1	26.2	225	1581	239	2.09e-13	76.6	13.7	1485010	Oomycota	Globisporangium	[Pythium] brassicae (nom. inval.)	TYZ57100.1 hypothetical protein PybrP1_005894 [[Pythium] brassicae (nom. inval.)]
Pcub-SC1982_037_000057.1	OQR93278.1	34.4	131	1581	261	2.28e-13	77.0	7.8	74557	Oomycota	Thraustotheca	Thraustotheca clavata	OQR93278.1 hypothetical protein THRCLA_22322 [Thraustotheca clavata]
Pcub-SC1982_037_000057.1	CAI5715451.1	25.0	228	1581	240	9.63e-13	74.7	13.9	542832	Oomycota	Peronospora	Peronospora effusa	CAI5715451.1 unnamed protein product [Peronospora effusa]
Pcub-SC1982_037_000057.1	CAH0493641.1	25.0	228	1581	240	9.63e-13	74.7	13.9	134698	Oomycota	Peronospora	Peronospora farinosa	CAH0493641.1 unnamed protein product [Peronospora farinosa]
Pcub-SC1982_037_000057.1	CAI5739851.1	26.7	225	1581	240	9.63e-13	74.7	13.7	162125	Oomycota	Hyaloperonospora	Hyaloperonospora brassicae	CAI5739851.1 unnamed protein product [Hyaloperonospora brassicae]
Pcub-SC1982_037_000057.1	KAG7388447.1	26.7	225	1581	274	2.27e-12	74.3	13.7	221518	Oomycota	Phytophthora	Phytophthora pseudosyringae	KAG7388447.1 dolichol-P-mannose synthesis [Phytophthora pseudosyringae]
Pcub-SC1982_037_000057.1	KAG6610865.1	26.2	225	1581	240	2.38e-12	73.6	13.7	4785	Oomycota	Phytophthora	Phytophthora cinnamomi	KAG6610865.1 Dolichol-phosphate mannosyltransferase [Phytophthora cinnamomi]
Pcub-SC1982_037_000057.1	KAG2766246.1	26.2	225	1581	240	2.38e-12	73.6	13.7	29920	Oomycota	Phytophthora	Phytophthora cactorum	KAG2766246.1 Dolichol-phosphate mannosyltransferase subunit 1 [Phytophthora cactorum]
Pcub-SC1982_037_000057.1	XP_008915750.1	26.2	225	1581	240	3.21e-12	73.2	13.7	4792;761204;1317063;1317064;1317065;1317066	Oomycota	Phytophthora	Phytophthora nicotianae	XP_008915750.1 hypothetical protein PPTG_19149 [Phytophthora nicotianae INRA-310]
Pcub-SC1982_037_000057.1	KAG7397801.1	25.8	225	1581	240	3.21e-12	73.2	13.7	109152	Oomycota	Phytophthora	Phytophthora boehmeriae	KAG7397801.1 dolichol-P-mannose synthesis [Phytophthora boehmeriae]
Pcub-SC1982_037_000057.1	KAG6975908.1	24.6	228	1581	240	3.21e-12	73.2	13.9	2496075	Oomycota	Phytophthora	Phytophthora aleatoria	KAG6975908.1 hypothetical protein JG688_00001908 [Phytophthora aleatoria]
Pcub-SC1982_037_000057.1	XP_008617673.1	35.4	130	1581	261	3.38e-12	73.6	7.8	1156394	Oomycota	Saprolegnia	Saprolegnia diclina	XP_008617673.1 dolichol-phosphate mannosyltransferase [Saprolegnia diclina VS20]
Pcub-SC1982_037_000057.1	KAG3116595.1	26.2	225	1581	240	4.34e-12	72.8	13.7	53986	Oomycota	Phytophthora	Phytophthora idaei	KAG3116595.1 Dolichol-phosphate mannosyltransferase subunit 1 [Phytophthora idaei]
Pcub-SC1982_037_000057.1	XP_002902482.1	25.8	225	1581	240	4.34e-12	72.8	13.7	4787;403677	Oomycota	Phytophthora	Phytophthora infestans	XP_002902482.1 dolichol-phosphate mannosyltransferase [Phytophthora infestans T30-4]
Pcub-SC1982_037_000057.1	XP_012210392.1	37.4	123	1581	261	4.56e-12	73.2	7.3	695850	Oomycota	Saprolegnia	Saprolegnia parasitica	XP_012210392.1 hypothetical protein SPRG_15822 [Saprolegnia parasitica CBS 223.65]
Pcub-SC1982_037_000196.1	KAF4323898.1	26.2	210	214	994	6.56e-15	77.8	93.0	1284355	Oomycota	Phytophthora	Phytophthora kernoviae	KAF4323898.1 hypothetical protein G195_001825 [Phytophthora kernoviae 00238/432]
Pcub-SC1982_037_000196.1	KAG3106608.1	26.5	200	214	404	2.82e-14	75.5	92.5	29920	Oomycota	Phytophthora	Phytophthora cactorum	KAG3106608.1 hypothetical protein PC122_g275 [Phytophthora cactorum]
Pcub-SC1982_037_000196.1	KAF4323368.1	26.3	228	214	982	1.86e-13	73.6	96.3	1284355	Oomycota	Phytophthora	Phytophthora kernoviae	KAF4323368.1 hypothetical protein G195_003527 [Phytophthora kernoviae 00238/432]
Pcub-SC1982_037_000196.1	WP_052259307.1	25.4	189	214	200	1.34e-11	65.9	88.3	549;134698	Pseudomonadota;Oomycota	Pantoea;Peronospora	Pantoea agglomerans;Peronospora farinosa	WP_052259307.1 two-component system response regulator NarL [Pantoea agglomerans]
Pcub-SC1982_037_000196.1	KAF4324088.1	27.0	204	214	201	1.89e-11	65.5	94.9	1284355	Oomycota	Phytophthora	Phytophthora kernoviae	KAF4324088.1 hypothetical protein G195_002642 [Phytophthora kernoviae 00238/432]
Pcub-SC1982_037_000196.1	KAF4323390.1	23.7	207	214	230	2.85e-11	65.5	93.9	1284355	Oomycota	Phytophthora	Phytophthora kernoviae	KAF4323390.1 hypothetical protein G195_003541 [Phytophthora kernoviae 00238/432]
Pcub-SC1982_037_000196.1	KAF4325417.1	26.5	204	214	224	1.69e-09	60.5	92.5	1284355	Oomycota	Phytophthora	Phytophthora kernoviae	KAF4325417.1 hypothetical protein G195_000889 [Phytophthora kernoviae 00238/432]
Pcub-SC1982_037_000196.1	KAG2870437.1	26.0	154	214	193	2.02e-08	57.0	71.5	29920	Oomycota	Phytophthora	Phytophthora cactorum	KAG2870437.1 hypothetical protein PC115_g25125 [Phytophthora cactorum]
Pcub-SC1982_037_000196.1	KAF4324980.1	23.9	205	214	360	1.07e-07	56.2	93.9	1284355	Oomycota	Phytophthora	Phytophthora kernoviae	KAF4324980.1 hypothetical protein G195_001675 [Phytophthora kernoviae 00238/432]
Pcub-SC1982_037_000196.1	KAF4325748.1	29.7	145	214	1700	1.16e-07	56.6	67.3	1284355	Oomycota	Phytophthora	Phytophthora kernoviae	KAF4325748.1 hypothetical protein G195_000707 [Phytophthora kernoviae 00238/432]
Pcub-SC1982_037_000196.1	KAF4322466.1	21.8	220	214	653	3.34e-07	55.1	98.6	1284355	Oomycota	Phytophthora	Phytophthora kernoviae	KAF4322466.1 hypothetical protein G195_004600 [Phytophthora kernoviae 00238/432]
Pcub-SC1982_037_000196.1	KAG3093702.1	28.4	116	214	537	1.04e-06	53.5	53.7	29920	Oomycota	Phytophthora	Phytophthora cactorum	KAG3093702.1 hypothetical protein PC122_g6064 [Phytophthora cactorum]
Pcub-SC1982_037_000196.1	KAF4324973.1	29.7	111	214	1996	2.33e-06	52.8	51.4	1284355	Oomycota	Phytophthora	Phytophthora kernoviae	KAF4324973.1 hypothetical protein G195_001694 [Phytophthora kernoviae 00238/432]
Pcub-SC1982_037_000196.1	KAG3106599.1	28.8	118	214	832	3.82e-06	52.0	54.7	29920	Oomycota	Phytophthora	Phytophthora cactorum	KAG3106599.1 hypothetical protein PC122_g289 [Phytophthora cactorum]
Pcub-SC1982_037_000196.1	KAF4323095.1	28.1	114	214	1491	7.48e-06	51.2	53.3	1284355	Oomycota	Phytophthora	Phytophthora kernoviae	KAF4323095.1 hypothetical protein G195_003900 [Phytophthora kernoviae 00238/432]
Pcub-SC1982_037_000196.1	KAF4324561.1	27.5	120	214	323	4.02e-05	48.5	55.1	1284355	Oomycota	Phytophthora	Phytophthora kernoviae	KAF4324561.1 hypothetical protein G195_002022 [Phytophthora kernoviae 00238/432]
Pcub-SC1982_037_000196.1	KAF4323895.1	26.9	104	214	897	2.46e-04	46.6	48.1	1284355	Oomycota	Phytophthora	Phytophthora kernoviae	KAF4323895.1 hypothetical protein G195_001828 [Phytophthora kernoviae 00238/432]
Pcub-SC1982_037_000196.1	KAF4326317.1	21.9	210	214	233	3.26e-04	45.4	88.8	1284355	Oomycota	Phytophthora	Phytophthora kernoviae	KAF4326317.1 hypothetical protein G195_000168 [Phytophthora kernoviae 00238/432]
Pcub-SC1982_037_000196.1	KAF4324646.1	27.5	131	214	1347	3.47e-04	46.2	60.3	1284355	Oomycota	Phytophthora	Phytophthora kernoviae	KAF4324646.1 hypothetical protein G195_001990 [Phytophthora kernoviae 00238/432]
Pcub-SC1982_037_000196.1	KAG2869834.1	24.6	126	214	154	7.58e-04	43.5	55.1	29920	Oomycota	Phytophthora	Phytophthora cactorum	KAG2869834.1 hypothetical protein PC115_g25310 [Phytophthora cactorum]
Pcub-SC1982_037_000058.1	KAF4324989.1	24.4	242	1043	1990	2.61e-10	70.5	21.6	1284355	Oomycota	Phytophthora	Phytophthora kernoviae	KAF4324989.1 hypothetical protein G195_001717 [Phytophthora kernoviae 00238/432]
Pcub-SC1982_037_000058.1	KAH9073197.1	27.5	247	1043	1608	1.67e-09	67.8	21.3	100861	Oomycota	Aphanomyces	Aphanomyces euteiches	KAH9073197.1 hypothetical protein Ae201684P_015014 [Aphanomyces euteiches]
Pcub-SC1982_037_000058.1	KAH9091340.1	27.5	247	1043	1608	1.67e-09	67.8	21.3	100861	Oomycota	Aphanomyces	Aphanomyces euteiches	KAH9091340.1 hypothetical protein LEN26_018752 [Aphanomyces euteiches]
Pcub-SC1982_037_000058.1	KAF0739770.1	27.5	247	1043	1612	1.67e-09	67.8	21.3	100861	Oomycota	Aphanomyces	Aphanomyces euteiches	KAF0739770.1 hypothetical protein Ae201684_004660 [Aphanomyces euteiches]
Pcub-SC1982_037_000058.1	KAF0698636.1	27.5	247	1043	1655	1.68e-09	67.8	21.3	120398	Oomycota	Aphanomyces	Aphanomyces stellatus	KAF0698636.1 hypothetical protein As57867_010690 [Aphanomyces stellatus]
Pcub-SC1982_037_000058.1	OQS02902.1	28.3	251	1043	1681	2.89e-09	67.0	21.4	74557	Oomycota	Thraustotheca	Thraustotheca clavata	OQS02902.1 hybrid signal transduction histidine kinase [Thraustotheca clavata]
Pcub-SC1982_037_000058.1	WP_010248580.1	23.0	270	1043	909	4.17e-09	66.2	24.4	549;53335;134698;2708058;2708060	Pseudomonadota;Oomycota	Pantoea;Peronospora	Pantoea agglomerans;Peronospora farinosa;Pantoea sp. EKM10T;Pantoea sp. EKM21T	WP_010248580.1 MULTISPECIES: two-component sensor histidine kinase BarA [Pantoea]
Pcub-SC1982_037_000058.1	DBA02322.1	26.7	251	1043	2134	5.18e-09	66.2	21.9	4803	Oomycota	Lagenidium	Lagenidium giganteum	DBA02322.1 TPA: hypothetical protein N0F65_006197 [Lagenidium giganteum]
Pcub-SC1982_037_000058.1	CAI5736921.1	27.2	250	1043	3514	7.17e-09	65.9	21.9	162125	Oomycota	Hyaloperonospora	Hyaloperonospora brassicae	CAI5736921.1 unnamed protein product [Hyaloperonospora brassicae]
Pcub-SC1982_037_000058.1	CCI48039.1	26.3	251	1043	1520	8.38e-09	65.5	21.9	65357	Oomycota	Albugo	Albugo candida	CCI48039.1 unnamed protein product [Albugo candida]
Pcub-SC1982_037_000058.1	CCA23345.1	26.3	251	1043	1524	8.38e-09	65.5	21.9	890382	Oomycota	Albugo	Albugo laibachii	CCA23345.1 hybrid signal transduction histidine kinase putative [Albugo laibachii Nc14]
Pcub-SC1982_037_000058.1	KAF1331276.1	25.4	244	1043	2028	8.82e-09	65.5	21.3	82926	Oomycota	Globisporangium	Globisporangium splendens	KAF1331276.1 Hybrid signal transduction histidine kinase, partial [Globisporangium splendens]
Pcub-SC1982_037_000058.1	KAK1946057.1	27.5	262	1043	2037	8.83e-09	65.5	22.0	4793	Oomycota	Phytophthora	Phytophthora citrophthora	KAK1946057.1 Hybrid signal transduction histidine kinase K [Phytophthora citrophthora]
Pcub-SC1982_037_000058.1	TMW62673.1	26.4	250	1043	4010	9.48e-09	65.5	21.9	41045	Oomycota	Pythium	Pythium oligandrum	TMW62673.1 hypothetical protein Poli38472_005291 [Pythium oligandrum]
Pcub-SC1982_037_000058.1	KAG2507288.1	26.8	250	1043	1139	1.02e-08	65.1	21.9	325452	Oomycota	Phytophthora	Phytophthora kernoviae	KAG2507288.1 hypothetical protein JM16_008198, partial [Phytophthora kernoviae]
Pcub-SC1982_037_000058.1	RLN45555.1	26.8	250	1043	1164	1.03e-08	65.1	21.9	325452	Oomycota	Phytophthora	Phytophthora kernoviae	RLN45555.1 hypothetical protein BBJ29_007234, partial [Phytophthora kernoviae]
Pcub-SC1982_037_000058.1	XP_024578819.1	26.8	250	1043	1304	1.06e-08	65.1	21.9	4781	Oomycota	Plasmopara	Plasmopara halstedii	XP_024578819.1 hybrid signal transduction histidine [Plasmopara halstedii]
Pcub-SC1982_037_000058.1	KAF4315585.1	26.8	250	1043	1485	1.09e-08	65.1	21.9	1284355	Oomycota	Phytophthora	Phytophthora kernoviae	KAF4315585.1 hypothetical protein G195_010639 [Phytophthora kernoviae 00238/432]
Pcub-SC1982_037_000058.1	RLN32221.1	26.8	250	1043	1698	1.12e-08	65.1	21.9	325452	Oomycota	Phytophthora	Phytophthora kernoviae	RLN32221.1 hypothetical protein BBI17_008275, partial [Phytophthora kernoviae]
Pcub-SC1982_037_000058.1	KAF1321123.1	25.4	244	1043	2028	1.16e-08	65.1	21.3	82926	Oomycota	Globisporangium	Globisporangium splendens	KAF1321123.1 Hybrid signal transduction histidine kinase, partial [Globisporangium splendens]
Pcub-SC1982_037_000058.1	XP_024573340.1	27.9	251	1043	2036	1.16e-08	65.1	21.3	4781	Oomycota	Plasmopara	Plasmopara halstedii	XP_024573340.1 hybrid signal transduction histidine [Plasmopara halstedii]
Pcub-SC1982_037_000058.1	POM67620.1	26.4	250	1043	606	1.30e-08	64.3	21.9	4796	Oomycota	Phytophthora	Phytophthora palmivora	POM67620.1 Hybrid signal transduction histidine kinase, partial [Phytophthora palmivora]
Pcub-SC1982_037_000058.1	XP_009831240.1	27.8	248	1043	1468	1.43e-08	64.7	21.3	112090	Oomycota	Aphanomyces	Aphanomyces astaci	XP_009831240.1 hypothetical protein, variant [Aphanomyces astaci]
Pcub-SC1982_037_000058.1	XP_009831239.1	27.8	248	1043	1686	1.47e-08	64.7	21.3	112090	Oomycota	Aphanomyces	Aphanomyces astaci	XP_009831239.1 hypothetical protein H257_07419 [Aphanomyces astaci]
Pcub-SC1982_037_000058.1	RAW42407.1	27.5	262	1043	1941	1.51e-08	64.7	22.0	29920	Oomycota	Phytophthora	Phytophthora cactorum	RAW42407.1 hypothetical protein PC110_g1412 [Phytophthora cactorum]
Pcub-SC1982_037_000194.1	KAE9133863.1	27.3	198	230	294	8.50e-10	62.4	85.2	53985	Oomycota	Phytophthora	Phytophthora fragariae	KAE9133863.1 hypothetical protein PF010_g2681 [Phytophthora fragariae]
Pcub-SC1982_037_000194.1	KAG2871174.1	26.9	78	230	189	9.48e-04	43.9	33.9	29920	Oomycota	Phytophthora	Phytophthora cactorum	KAG2871174.1 hypothetical protein PC115_g24914 [Phytophthora cactorum]
Pcub-SC1982_037_000059.1	KAF1331276.1	30.6	219	999	2028	8.33e-15	85.1	20.8	82926	Oomycota	Globisporangium	Globisporangium splendens	KAF1331276.1 Hybrid signal transduction histidine kinase, partial [Globisporangium splendens]
Pcub-SC1982_037_000059.1	KAF1321123.1	30.6	219	999	2028	1.09e-14	84.7	20.8	82926	Oomycota	Globisporangium	Globisporangium splendens	KAF1321123.1 Hybrid signal transduction histidine kinase, partial [Globisporangium splendens]
Pcub-SC1982_037_000059.1	GMF47274.1	29.2	219	999	2024	3.23e-14	83.2	20.8	1490495	Oomycota	Phytophthora	Phytophthora fragariaefolia	GMF47274.1 unnamed protein product [Phytophthora fragariaefolia]
Pcub-SC1982_037_000059.1	TYZ56931.1	31.1	225	999	2027	3.23e-14	83.2	20.8	1485010	Oomycota	Globisporangium	[Pythium] brassicae (nom. inval.)	TYZ56931.1 hypothetical protein PybrP1_003184 [[Pythium] brassicae (nom. inval.)]
Pcub-SC1982_037_000059.1	XP_024573340.1	29.7	219	999	2036	3.23e-14	83.2	20.8	4781	Oomycota	Plasmopara	Plasmopara halstedii	XP_024573340.1 hybrid signal transduction histidine [Plasmopara halstedii]
Pcub-SC1982_037_000059.1	RAW42407.1	28.7	223	999	1941	1.24e-13	81.3	20.8	29920	Oomycota	Phytophthora	Phytophthora cactorum	RAW42407.1 hypothetical protein PC110_g1412 [Phytophthora cactorum]
Pcub-SC1982_037_000059.1	KAF1792425.1	28.7	223	999	2002	1.25e-13	81.3	20.8	29920	Oomycota	Phytophthora	Phytophthora cactorum	KAF1792425.1 PAS fold [Phytophthora cactorum]
Pcub-SC1982_037_000059.1	KAG2912967.1	28.7	223	999	2014	1.25e-13	81.3	20.8	29920	Oomycota	Phytophthora	Phytophthora cactorum	KAG2912967.1 hypothetical protein PC114_g8730 [Phytophthora cactorum]
Pcub-SC1982_037_000059.1	KAG4057455.1	28.7	223	999	2015	1.25e-13	81.3	20.8	29920	Oomycota	Phytophthora	Phytophthora cactorum	KAG4057455.1 hypothetical protein PC123_g7529 [Phytophthora cactorum]
Pcub-SC1982_037_000059.1	KAG3163285.1	28.7	223	999	2034	1.25e-13	81.3	20.8	53986	Oomycota	Phytophthora	Phytophthora idaei	KAG3163285.1 hypothetical protein PI126_g5605 [Phytophthora idaei]
Pcub-SC1982_037_000059.1	KAG3111606.1	28.7	223	999	2034	1.25e-13	81.3	20.8	53986	Oomycota	Phytophthora	Phytophthora idaei	KAG3111606.1 hypothetical protein PI125_g8980 [Phytophthora idaei]
Pcub-SC1982_037_000059.1	KAG2859457.1	28.7	223	999	2034	1.25e-13	81.3	20.8	29920	Oomycota	Phytophthora	Phytophthora cactorum	KAG2859457.1 hypothetical protein PC113_g8912 [Phytophthora cactorum]
Pcub-SC1982_037_000059.1	KAG2771490.1	28.7	223	999	2039	1.25e-13	81.3	20.8	29920	Oomycota	Phytophthora	Phytophthora cactorum	KAG2771490.1 hypothetical protein Pcac1_g17469 [Phytophthora cactorum]
Pcub-SC1982_037_000059.1	KAG3193197.1	28.7	223	999	2042	1.25e-13	81.3	20.8	29920	Oomycota	Phytophthora	Phytophthora cactorum	KAG3193197.1 hypothetical protein PC128_g10244 [Phytophthora cactorum]
Pcub-SC1982_037_000059.1	KAG6971256.1	28.7	223	999	2252	1.28e-13	81.3	20.8	29920	Oomycota	Phytophthora	Phytophthora cactorum	KAG6971256.1 hypothetical protein JG687_00002151 [Phytophthora cactorum]
Pcub-SC1982_037_000059.1	KAG6974308.1	28.7	223	999	2254	1.28e-13	81.3	20.8	2496075	Oomycota	Phytophthora	Phytophthora aleatoria	KAG6974308.1 hypothetical protein JG688_00003125 [Phytophthora aleatoria]
Pcub-SC1982_037_000059.1	KAG2828755.1	28.7	223	999	2385	1.29e-13	81.3	20.8	29920	Oomycota	Phytophthora	Phytophthora cactorum	KAG2828755.1 hypothetical protein PC112_g8339 [Phytophthora cactorum]
Pcub-SC1982_037_000059.1	POM76165.1	28.5	221	999	1455	1.51e-13	80.9	20.8	4796	Oomycota	Phytophthora	Phytophthora palmivora	POM76165.1 Hybrid signal transduction histidine Kinase [Phytophthora palmivora]
Pcub-SC1982_037_000059.1	CCI48039.1	29.4	218	999	1520	1.53e-13	80.9	20.8	65357	Oomycota	Albugo	Albugo candida	CCI48039.1 unnamed protein product [Albugo candida]
Pcub-SC1982_037_000059.1	CCA23345.1	29.4	218	999	1524	1.53e-13	80.9	20.8	890382	Oomycota	Albugo	Albugo laibachii	CCA23345.1 hybrid signal transduction histidine kinase putative [Albugo laibachii Nc14]
Pcub-SC1982_037_000059.1	KAI9912788.1	29.1	223	999	1963	1.63e-13	80.9	20.8	230839	Oomycota	Peronosclerospora	Peronosclerospora sorghi	KAI9912788.1 hypothetical protein PsorP6_005270 [Peronosclerospora sorghi]
Pcub-SC1982_037_000059.1	GMF16008.1	28.3	219	999	2012	1.64e-13	80.9	20.8	2077276	Oomycota	Phytophthora	Phytophthora lilii	GMF16008.1 unnamed protein product [Phytophthora lilii]
Pcub-SC1982_037_000059.1	RLN52715.1	28.7	223	999	2027	1.64e-13	80.9	20.8	325452	Oomycota	Phytophthora	Phytophthora kernoviae	RLN52715.1 hypothetical protein BBJ29_002798 [Phytophthora kernoviae]
Pcub-SC1982_037_000059.1	RLN61636.1	28.7	223	999	2027	1.64e-13	80.9	20.8	325452	Oomycota	Phytophthora	Phytophthora kernoviae	RLN61636.1 hypothetical protein BBP00_00005264 [Phytophthora kernoviae]
Pcub-SC1982_037_000059.1	RMX66457.1	29.1	223	999	1198	1.86e-13	80.5	20.8	542832	Oomycota	Peronospora	Peronospora effusa	RMX66457.1 hypothetical protein DD238_002363 [Peronospora effusa]
Pcub-SC1982_037_000193.1	KAF4323368.1	27.6	221	212	982	4.72e-17	84.0	93.9	1284355	Oomycota	Phytophthora	Phytophthora kernoviae	KAF4323368.1 hypothetical protein G195_003527 [Phytophthora kernoviae 00238/432]
Pcub-SC1982_037_000193.1	KAF4323898.1	23.3	210	212	994	3.26e-13	72.8	94.3	1284355	Oomycota	Phytophthora	Phytophthora kernoviae	KAF4323898.1 hypothetical protein G195_001825 [Phytophthora kernoviae 00238/432]
Pcub-SC1982_037_000193.1	KAG3106608.1	24.1	199	212	404	4.32e-13	72.0	93.9	29920	Oomycota	Phytophthora	Phytophthora cactorum	KAG3106608.1 hypothetical protein PC122_g275 [Phytophthora cactorum]
Pcub-SC1982_037_000193.1	KAF4323390.1	23.3	206	212	230	1.08e-12	69.3	94.8	1284355	Oomycota	Phytophthora	Phytophthora kernoviae	KAF4323390.1 hypothetical protein G195_003541 [Phytophthora kernoviae 00238/432]
Pcub-SC1982_037_000193.1	WP_052259307.1	24.7	186	212	200	3.51e-12	67.4	87.7	549;134698	Pseudomonadota;Oomycota	Pantoea;Peronospora	Pantoea agglomerans;Peronospora farinosa	WP_052259307.1 two-component system response regulator NarL [Pantoea agglomerans]
Pcub-SC1982_037_000193.1	KAF4324088.1	26.5	204	212	201	2.52e-11	65.1	95.8	1284355	Oomycota	Phytophthora	Phytophthora kernoviae	KAF4324088.1 hypothetical protein G195_002642 [Phytophthora kernoviae 00238/432]
Pcub-SC1982_037_000193.1	KAF4324980.1	21.7	203	212	360	8.12e-10	62.4	95.3	1284355	Oomycota	Phytophthora	Phytophthora kernoviae	KAF4324980.1 hypothetical protein G195_001675 [Phytophthora kernoviae 00238/432]
Pcub-SC1982_037_000193.1	KAF4325417.1	24.8	206	212	224	8.64e-10	61.2	93.4	1284355	Oomycota	Phytophthora	Phytophthora kernoviae	KAF4325417.1 hypothetical protein G195_000889 [Phytophthora kernoviae 00238/432]
Pcub-SC1982_037_000193.1	KAF4322466.1	24.8	133	212	653	1.44e-09	62.0	62.3	1284355	Oomycota	Phytophthora	Phytophthora kernoviae	KAF4322466.1 hypothetical protein G195_004600 [Phytophthora kernoviae 00238/432]
Pcub-SC1982_037_000193.1	KAG2870437.1	26.1	153	212	193	2.07e-09	59.7	72.2	29920	Oomycota	Phytophthora	Phytophthora cactorum	KAG2870437.1 hypothetical protein PC115_g25125 [Phytophthora cactorum]
Pcub-SC1982_037_000193.1	KAF4324973.1	29.0	176	212	1996	2.28e-09	61.6	81.1	1284355	Oomycota	Phytophthora	Phytophthora kernoviae	KAF4324973.1 hypothetical protein G195_001694 [Phytophthora kernoviae 00238/432]
Pcub-SC1982_037_000193.1	KAG3106599.1	30.8	130	212	832	5.06e-09	60.5	59.4	29920	Oomycota	Phytophthora	Phytophthora cactorum	KAG3106599.1 hypothetical protein PC122_g289 [Phytophthora cactorum]
Pcub-SC1982_037_000193.1	KAF4325748.1	29.8	114	212	1700	8.29e-08	57.0	53.3	1284355	Oomycota	Phytophthora	Phytophthora kernoviae	KAF4325748.1 hypothetical protein G195_000707 [Phytophthora kernoviae 00238/432]
Pcub-SC1982_037_000193.1	KAG3093702.1	27.3	121	212	537	1.83e-06	52.8	55.2	29920	Oomycota	Phytophthora	Phytophthora cactorum	KAG3093702.1 hypothetical protein PC122_g6064 [Phytophthora cactorum]
Pcub-SC1982_037_000193.1	KAF4326317.1	22.3	215	212	233	8.22e-06	50.1	91.5	1284355	Oomycota	Phytophthora	Phytophthora kernoviae	KAF4326317.1 hypothetical protein G195_000168 [Phytophthora kernoviae 00238/432]
Pcub-SC1982_037_000193.1	KAG2869834.1	26.9	134	212	154	3.22e-05	47.4	59.0	29920	Oomycota	Phytophthora	Phytophthora cactorum	KAG2869834.1 hypothetical protein PC115_g25310 [Phytophthora cactorum]
Pcub-SC1982_037_000193.1	KAF4323895.1	24.8	121	212	897	5.43e-05	48.5	56.6	1284355	Oomycota	Phytophthora	Phytophthora kernoviae	KAF4323895.1 hypothetical protein G195_001828 [Phytophthora kernoviae 00238/432]
Pcub-SC1982_037_000193.1	KAF4319904.1	26.7	86	212	579	1.62e-04	47.0	39.6	1284355	Oomycota	Phytophthora	Phytophthora kernoviae	KAF4319904.1 hypothetical protein G195_006871 [Phytophthora kernoviae 00238/432]
Pcub-SC1982_037_000193.1	KAF4323095.1	28.8	80	212	1491	1.88e-04	47.0	37.7	1284355	Oomycota	Phytophthora	Phytophthora kernoviae	KAF4323095.1 hypothetical protein G195_003900 [Phytophthora kernoviae 00238/432]
Pcub-SC1982_037_000193.1	KAF4326311.1	24.0	217	212	232	3.16e-04	45.4	95.3	1284355	Oomycota	Phytophthora	Phytophthora kernoviae	KAF4326311.1 hypothetical protein G195_000140 [Phytophthora kernoviae 00238/432]
Pcub-SC1982_037_000190.1	KAG3174213.1	43.3	785	772	767	1.08e-181	543	98.1	53986	Oomycota	Phytophthora	Phytophthora idaei	KAG3174213.1 5-methyltetrahydropteroyltriglutamate--homocysteine methyltransferase [Phytophthora idaei]
Pcub-SC1982_037_000190.1	KAG3120877.1	43.4	781	772	767	1.53e-181	542	98.1	53986	Oomycota	Phytophthora	Phytophthora idaei	KAG3120877.1 5-methyltetrahydropteroyltriglutamate--homocysteine methyltransferase [Phytophthora idaei]
Pcub-SC1982_037_000190.1	GMF18720.1	43.4	781	772	767	3.04e-181	541	98.1	1490495	Oomycota	Phytophthora	Phytophthora fragariaefolia	GMF18720.1 unnamed protein product [Phytophthora fragariaefolia]
Pcub-SC1982_037_000190.1	XP_008903203.1	42.9	787	772	767	1.21e-180	540	98.1	761204	Oomycota	Phytophthora	Phytophthora nicotianae	XP_008903203.1 5-methyltetrahydropteroyltriglutamate-homocysteine S-methyltransferase [Phytophthora nicotianae INRA-310]
Pcub-SC1982_037_000190.1	KAG6976866.1	43.1	787	772	767	2.41e-180	539	98.1	2496075	Oomycota	Phytophthora	Phytophthora aleatoria	KAG6976866.1 hypothetical protein JG688_00000922 [Phytophthora aleatoria]
Pcub-SC1982_037_000190.1	KUG00109.1	42.9	787	772	767	2.41e-180	539	98.1	4792	Oomycota	Phytophthora	Phytophthora nicotianae	KUG00109.1 5-methlytetrahydropteroyltriglutamate-homocysteine methyltransferease [Phytophthora nicotianae]
Pcub-SC1982_037_000190.1	KAF1329746.1	43.2	776	772	768	2.49e-180	539	98.1	82926	Oomycota	Globisporangium	Globisporangium splendens	KAF1329746.1 5-methyltetrahydropteroyltriglutamate-homocysteine s-methyltransferase, partial [Globisporangium splendens]
Pcub-SC1982_037_000190.1	KUF99266.1	42.9	787	772	767	3.41e-180	539	98.1	4792	Oomycota	Phytophthora	Phytophthora nicotianae	KUF99266.1 hypothetical protein AM588_10008517 [Phytophthora nicotianae]
Pcub-SC1982_037_000190.1	ETL44152.1	42.9	787	772	767	3.41e-180	539	98.1	4792;1317063;1317066	Oomycota	Phytophthora	Phytophthora nicotianae	ETL44152.1 5-methyltetrahydropteroyltriglutamate-homocysteine S-methyltransferase [Phytophthora nicotianae]
Pcub-SC1982_037_000190.1	ETI50865.1	42.9	787	772	767	3.41e-180	539	98.1	4792;1317065	Oomycota	Phytophthora	Phytophthora nicotianae	ETI50865.1 5-methyltetrahydropteroyltriglutamate-homocysteine S-methyltransferase [Phytophthora nicotianae P1569]
Pcub-SC1982_037_000190.1	KAG2781415.1	42.9	787	772	767	6.80e-180	538	98.1	29920	Oomycota	Phytophthora	Phytophthora cactorum	KAG2781415.1 5-methyltetrahydropteroyltriglutamate--homocysteine methyltransferase [Phytophthora cactorum]
Pcub-SC1982_037_000190.1	ETP48552.1	42.8	787	772	767	1.36e-179	537	98.1	1317064	Oomycota	Phytophthora	Phytophthora nicotianae	ETP48552.1 5-methyltetrahydropteroyltriglutamate-homocysteine S-methyltransferase [Phytophthora nicotianae P10297]
Pcub-SC1982_037_000190.1	KAE8912281.1	43.4	776	772	767	1.91e-179	537	98.1	53985	Oomycota	Phytophthora	Phytophthora fragariae	KAE8912281.1 5-methyltetrahydropteroyltriglutamate--homocysteine methyltransferase [Phytophthora fragariae]
Pcub-SC1982_037_000190.1	CCA17494.1	42.3	778	772	770	4.19e-179	536	98.4	890382	Oomycota	Albugo	Albugo laibachii	CCA17494.1 unnamed protein product [Albugo laibachii Nc14]
Pcub-SC1982_037_000190.1	POM72843.1	43.1	787	772	766	5.23e-179	536	98.1	4796	Oomycota	Phytophthora	Phytophthora palmivora	POM72843.1 5-methyltetrahydropteroyltriglutamate-homocysteine S-methyltransferase [Phytophthora palmivora]
Pcub-SC1982_037_000190.1	KAE9009429.1	43.4	776	772	767	5.39e-179	536	98.1	53985	Oomycota	Phytophthora	Phytophthora fragariae	KAE9009429.1 5-methyltetrahydropteroyltriglutamate--homocysteine methyltransferase [Phytophthora fragariae]
Pcub-SC1982_037_000190.1	KAF4044381.1	42.7	789	772	767	7.61e-179	535	98.1	4787	Oomycota	Phytophthora	Phytophthora infestans	KAF4044381.1 Cobalamin-independent synthase Catalytic domain [Phytophthora infestans]
Pcub-SC1982_037_000190.1	GMF10632.1	42.9	778	772	767	7.61e-179	535	98.1	2077276	Oomycota	Phytophthora	Phytophthora lilii	GMF10632.1 unnamed protein product [Phytophthora lilii]
Pcub-SC1982_037_000190.1	XP_002909593.1	42.7	789	772	767	7.61e-179	535	98.1	403677	Oomycota	Phytophthora	Phytophthora infestans	XP_002909593.1 5-methlytetrahydropteroyltriglutamate-homocysteine methyltransferease [Phytophthora infestans T30-4]
Pcub-SC1982_037_000190.1	KAG7386164.1	42.7	789	772	767	1.08e-178	535	98.1	221518	Oomycota	Phytophthora	Phytophthora pseudosyringae	KAG7386164.1 hypothetical protein PHYPSEUDO_000596 [Phytophthora pseudosyringae]
Pcub-SC1982_037_000190.1	KAE8998394.1	42.8	778	772	767	1.52e-178	535	98.1	129364	Oomycota	Phytophthora	Phytophthora rubi	KAE8998394.1 5-methyltetrahydropteroyltriglutamate--homocysteine methyltransferase [Phytophthora rubi]
Pcub-SC1982_037_000190.1	KAI9979763.1	42.6	789	772	767	2.14e-178	534	98.1	4787	Oomycota	Phytophthora	Phytophthora infestans	KAI9979763.1 hypothetical protein PInf_027916 [Phytophthora infestans]
Pcub-SC1982_037_000190.1	KAE9021433.1	42.8	778	772	767	3.03e-178	534	98.1	129364	Oomycota	Phytophthora	Phytophthora rubi	KAE9021433.1 5-methyltetrahydropteroyltriglutamate--homocysteine methyltransferase [Phytophthora rubi]
Pcub-SC1982_037_000190.1	XP_009514410.1	42.7	782	772	767	4.27e-178	533	98.1	67593	Oomycota	Phytophthora	Phytophthora sojae	XP_009514410.1 hypothetical protein PHYSODRAFT_471713 [Phytophthora sojae]
Pcub-SC1982_037_000190.1	OWZ12954.1	42.9	781	772	803	6.43e-178	534	98.1	4795	Oomycota	Phytophthora	Phytophthora megakarya	OWZ12954.1 5-methyltetrahydropteroyltriglutamate-homocysteine S-methyltransferase [Phytophthora megakarya]
Pcub-SC1982_037_000065.1	XP_024584335.1	22.2	699	747	1363	1.09e-17	93.6	83.0	4781	Oomycota	Plasmopara	Plasmopara halstedii	XP_024584335.1 phosphoribosylformylglycinamidine synthase [Plasmopara halstedii]
Pcub-SC1982_037_000065.1	OQS07072.1	21.8	728	747	2343	2.88e-17	92.4	86.1	74557	Oomycota	Thraustotheca	Thraustotheca clavata	OQS07072.1 phosphoribosylformylglycinamidine synthase [Thraustotheca clavata]
Pcub-SC1982_037_000065.1	RQM23108.1	22.1	679	747	1339	4.25e-17	91.7	83.0	112090	Oomycota	Aphanomyces	Aphanomyces astaci	RQM23108.1 hypothetical protein B5M09_007860 [Aphanomyces astaci]
Pcub-SC1982_037_000065.1	RHY99184.1	22.1	679	747	1322	7.32e-17	90.9	83.0	112090	Oomycota	Aphanomyces	Aphanomyces astaci	RHY99184.1 hypothetical protein DYB35_008452 [Aphanomyces astaci]
Pcub-SC1982_037_000065.1	XP_009841639.1	22.5	703	747	1354	9.72e-17	90.5	83.0	112090	Oomycota	Aphanomyces	Aphanomyces astaci	XP_009841639.1 phosphoribosylformylglycinamidine synthase [Aphanomyces astaci]
Pcub-SC1982_037_000065.1	RHY40703.1	22.5	703	747	1354	1.68e-16	89.7	83.0	112090	Oomycota	Aphanomyces	Aphanomyces astaci	RHY40703.1 hypothetical protein DYB30_007911 [Aphanomyces astaci]
Pcub-SC1982_037_000065.1	RHY65730.1	22.1	679	747	1322	2.88e-16	89.0	83.0	112090	Oomycota	Aphanomyces	Aphanomyces astaci	RHY65730.1 hypothetical protein DYB34_006842 [Aphanomyces astaci]
Pcub-SC1982_037_000065.1	RHY12835.1	22.1	679	747	1322	3.79e-16	88.6	83.0	112090	Oomycota	Aphanomyces	Aphanomyces astaci	RHY12835.1 hypothetical protein DYB25_002316 [Aphanomyces astaci]
Pcub-SC1982_037_000065.1	KAG7386792.1	22.3	691	747	1370	5.05e-16	88.2	83.0	109152	Oomycota	Phytophthora	Phytophthora boehmeriae	KAG7386792.1 hypothetical protein PHYBOEH_008585 [Phytophthora boehmeriae]
Pcub-SC1982_037_000065.1	XP_008615067.1	22.4	737	747	1354	6.62e-16	87.8	87.1	1156394	Oomycota	Saprolegnia	Saprolegnia diclina	XP_008615067.1 phosphoribosylformylglycinamidine synthase [Saprolegnia diclina VS20]
Pcub-SC1982_037_000065.1	XP_012208580.1	22.8	732	747	1354	8.71e-16	87.4	87.1	695850	Oomycota	Saprolegnia	Saprolegnia parasitica	XP_012208580.1 phosphoribosylformylglycinamidine synthase [Saprolegnia parasitica CBS 223.65]
Pcub-SC1982_037_000065.1	KAI9910562.1	22.2	706	747	1365	8.73e-16	87.4	83.0	230839	Oomycota	Peronosclerospora	Peronosclerospora sorghi	KAI9910562.1 hypothetical protein PsorP6_011030 [Peronosclerospora sorghi]
Pcub-SC1982_037_000065.1	CAI5739572.1	22.5	702	747	1360	1.51e-15	86.7	83.0	86335	Oomycota	Peronospora	Peronospora destructor	CAI5739572.1 unnamed protein product [Peronospora destructor]
Pcub-SC1982_037_000065.1	RMX69970.1	22.6	702	747	1309	1.96e-15	86.3	83.0	542832	Oomycota	Peronospora	Peronospora effusa	RMX69970.1 hypothetical protein DD238_001883 [Peronospora effusa]
Pcub-SC1982_037_000065.1	UIZ23783.1	22.6	702	747	1309	1.96e-15	86.3	83.0	542832	Oomycota	Peronospora	Peronospora effusa	UIZ23783.1 hypothetical protein KXD40_009655 [Peronospora effusa]
Pcub-SC1982_037_000065.1	RLN44938.1	22.1	684	747	1345	1.97e-15	86.3	83.0	325452	Oomycota	Phytophthora	Phytophthora kernoviae	RLN44938.1 hypothetical protein BBJ29_007005 [Phytophthora kernoviae]
Pcub-SC1982_037_000065.1	CCI47915.1	21.8	698	747	1334	2.59e-15	85.9	84.9	65357	Oomycota	Albugo	Albugo candida	CCI47915.1 unnamed protein product [Albugo candida]
Pcub-SC1982_037_000065.1	KAF4316950.1	22.4	695	747	1396	2.63e-15	85.9	83.0	325452;1284355	Oomycota	Phytophthora	Phytophthora kernoviae	KAF4316950.1 hypothetical protein G195_008915 [Phytophthora kernoviae 00238/432]
Pcub-SC1982_037_000065.1	TDH67925.1	21.6	722	747	1367	3.43e-15	85.5	86.1	4779	Oomycota	Bremia	Bremia lactucae	TDH67925.1 hypothetical protein CCR75_004369 [Bremia lactucae]
Pcub-SC1982_037_000065.1	KAJ0405903.1	20.9	741	747	1382	3.45e-15	85.5	86.1	114742	Oomycota	Pythium	Pythium insidiosum	KAJ0405903.1 hypothetical protein ATCC90586_003364 [Pythium insidiosum]
Pcub-SC1982_037_000065.1	KAJ0402016.1	20.9	741	747	1430	3.49e-15	85.5	86.1	114742	Oomycota	Pythium	Pythium insidiosum	KAJ0402016.1 hypothetical protein P43SY_006531 [Pythium insidiosum]
Pcub-SC1982_037_000065.1	CAH0486258.1	22.8	702	747	1309	7.69e-15	84.3	83.0	134698	Oomycota	Peronospora	Peronospora farinosa	CAH0486258.1 unnamed protein product [Peronospora farinosa]
Pcub-SC1982_037_000065.1	CAI5705558.1	22.8	702	747	1309	7.69e-15	84.3	83.0	134698	Oomycota	Peronospora	Peronospora farinosa	CAI5705558.1 unnamed protein product [Peronospora farinosa]
Pcub-SC1982_037_000065.1	GLE06937.1	21.1	735	747	1366	7.80e-15	84.3	86.1	114742	Oomycota	Pythium	Pythium insidiosum	GLE06937.1 hypothetical protein PINS_up016718 [Pythium insidiosum]
Pcub-SC1982_037_000065.1	CAH0474400.1	21.8	708	747	1363	1.77e-14	83.2	83.0	622444	Oomycota	Peronospora	Peronospora belbahrii	CAH0474400.1 unnamed protein product [Peronospora belbahrii]
Pcub-SC1982_037_000184.1	OQS02297.1	43.2	183	376	461	4.72e-38	146	47.1	74557	Oomycota	Thraustotheca	Thraustotheca clavata	OQS02297.1 tRNA(His) guanylyltransferase-like [Thraustotheca clavata]
Pcub-SC1982_037_000184.1	XP_012203544.1	40.0	180	376	232	1.92e-37	139	45.5	695850	Oomycota	Saprolegnia	Saprolegnia parasitica	XP_012203544.1 hypothetical protein SPRG_09034 [Saprolegnia parasitica CBS 223.65]
Pcub-SC1982_037_000184.1	RHY18267.1	39.1	184	376	214	3.41e-36	135	47.3	112090	Oomycota	Aphanomyces	Aphanomyces astaci	RHY18267.1 hypothetical protein DYB25_010550 [Aphanomyces astaci]
Pcub-SC1982_037_000184.1	XP_009841057.1	38.1	197	376	223	6.10e-36	135	49.2	112090	Oomycota	Aphanomyces	Aphanomyces astaci	XP_009841057.1 hypothetical protein H257_14854 [Aphanomyces astaci]
Pcub-SC1982_037_000184.1	KAH9067421.1	41.0	178	376	215	6.86e-36	134	45.5	100861	Oomycota	Aphanomyces	Aphanomyces euteiches	KAH9067421.1 hypothetical protein Ae201684P_021579 [Aphanomyces euteiches]
Pcub-SC1982_037_000184.1	KAF0685682.1	36.5	197	376	218	7.45e-36	134	50.0	120398	Oomycota	Aphanomyces	Aphanomyces stellatus	KAF0685682.1 hypothetical protein As57867_022397 [Aphanomyces stellatus]
Pcub-SC1982_037_000184.1	XP_008607783.1	39.0	182	376	218	7.45e-36	134	46.0	1156394	Oomycota	Saprolegnia	Saprolegnia diclina	XP_008607783.1 hypothetical protein SDRG_03914 [Saprolegnia diclina VS20]
Pcub-SC1982_037_000184.1	KAH9114469.1	40.4	178	376	215	5.16e-35	132	45.5	100861	Oomycota	Aphanomyces	Aphanomyces euteiches	KAH9114469.1 hypothetical protein AeMF1_011433 [Aphanomyces euteiches]
Pcub-SC1982_037_000184.1	KAF0747949.1	38.0	184	376	214	1.93e-34	130	47.3	112090	Oomycota	Aphanomyces	Aphanomyces astaci	KAF0747949.1 hypothetical protein AaE_007537 [Aphanomyces astaci]
Pcub-SC1982_037_000184.1	RQM27500.1	38.0	187	376	214	5.27e-34	129	47.3	112090	Oomycota	Aphanomyces	Aphanomyces astaci	RQM27500.1 hypothetical protein B5M09_009284 [Aphanomyces astaci]
Pcub-SC1982_037_000184.1	KAF0735829.1	41.0	178	376	666	6.49e-33	134	45.5	100861	Oomycota	Aphanomyces	Aphanomyces euteiches	KAF0735829.1 hypothetical protein Ae201684_007833 [Aphanomyces euteiches]
Pcub-SC1982_037_000184.1	KAG9407669.1	45.1	153	376	200	1.03e-32	125	38.8	112091	Oomycota	Aphanomyces	Aphanomyces cochlioides	KAG9407669.1 hypothetical protein AC1031_002387 [Aphanomyces cochlioides]
Pcub-SC1982_037_000184.1	RHZ06539.1	39.6	139	376	150	8.57e-27	108	35.6	112090	Oomycota	Aphanomyces	Aphanomyces astaci	RHZ06539.1 hypothetical protein DYB26_010896 [Aphanomyces astaci]
Pcub-SC1982_037_000182.1	OQR96027.1	41.5	234	267	491	1.05e-42	156	86.1	74557	Oomycota	Thraustotheca	Thraustotheca clavata	OQR96027.1 orotidine 5'-phosphate decarboxylase [Thraustotheca clavata]
Pcub-SC1982_037_000182.1	KAF0693196.1	41.9	234	267	492	2.08e-42	155	86.1	120398	Oomycota	Aphanomyces	Aphanomyces stellatus	KAF0693196.1 hypothetical protein As57867_015734 [Aphanomyces stellatus]
Pcub-SC1982_037_000182.1	XP_008868707.1	41.4	239	267	492	2.90e-42	155	88.0	157072	Oomycota	Aphanomyces	Aphanomyces invadans	XP_008868707.1 orotidine 5'-phosphate decarboxylase [Aphanomyces invadans]
Pcub-SC1982_037_000182.1	KAH9107929.1	39.2	250	267	493	2.94e-42	155	91.8	100861	Oomycota	Aphanomyces	Aphanomyces euteiches	KAH9107929.1 hypothetical protein AeMF1_016750 [Aphanomyces euteiches]
Pcub-SC1982_037_000182.1	KAF0740259.1	39.2	250	267	493	2.94e-42	155	91.8	100861	Oomycota	Aphanomyces	Aphanomyces euteiches	KAF0740259.1 hypothetical protein Ae201684_004260 [Aphanomyces euteiches]
Pcub-SC1982_037_000182.1	RHY35032.1	41.4	239	267	503	3.43e-42	155	88.0	157072	Oomycota	Aphanomyces	Aphanomyces invadans	RHY35032.1 hypothetical protein DYB32_000447 [Aphanomyces invadans]
Pcub-SC1982_037_000182.1	XP_009833756.1	40.2	239	267	397	7.77e-42	152	88.0	112090	Oomycota	Aphanomyces	Aphanomyces astaci	XP_009833756.1 orotidine 5'-phosphate decarboxylase, variant [Aphanomyces astaci]
Pcub-SC1982_037_000182.1	KAH9093984.1	39.2	250	267	615	1.36e-41	155	91.8	100861	Oomycota	Aphanomyces	Aphanomyces euteiches	KAH9093984.1 hypothetical protein Ae201684P_016603 [Aphanomyces euteiches]
Pcub-SC1982_037_000182.1	DAZ95994.1	37.9	248	267	881	1.42e-41	156	92.1	4803	Oomycota	Lagenidium	Lagenidium giganteum	DAZ95994.1 TPA: hypothetical protein N0F65_009295 [Lagenidium giganteum]
Pcub-SC1982_037_000182.1	RHY11935.1	40.6	239	267	493	1.55e-41	153	88.0	112090	Oomycota	Aphanomyces	Aphanomyces astaci	RHY11935.1 hypothetical protein DYB36_005589 [Aphanomyces astaci]
Pcub-SC1982_037_000182.1	RHY89123.1	40.6	239	267	495	1.59e-41	153	88.0	112090	Oomycota	Aphanomyces	Aphanomyces astaci	RHY89123.1 hypothetical protein DYB35_008006 [Aphanomyces astaci]
Pcub-SC1982_037_000182.1	OQR92623.1	38.0	255	267	491	4.05e-41	152	94.0	1202772	Oomycota	Achlya	Achlya hypogyna	OQR92623.1 orotidine 5'-phosphate decarboxylase [Achlya hypogyna]
Pcub-SC1982_037_000182.1	XP_009833757.1	40.2	239	267	495	4.30e-41	152	88.0	112090	Oomycota	Aphanomyces	Aphanomyces astaci	XP_009833757.1 orotidine 5'-phosphate decarboxylase [Aphanomyces astaci]
Pcub-SC1982_037_000182.1	XP_012204509.1	38.0	255	267	491	5.64e-41	151	94.0	695850	Oomycota	Saprolegnia	Saprolegnia parasitica	XP_012204509.1 hypothetical protein SPRG_09695 [Saprolegnia parasitica CBS 223.65]
Pcub-SC1982_037_000182.1	ETP42968.1	37.8	249	267	391	2.00e-40	148	92.5	1317064	Oomycota	Phytophthora	Phytophthora nicotianae	ETP42968.1 orotidine 5'-phosphate decarboxylase, variant [Phytophthora nicotianae P10297]
Pcub-SC1982_037_000182.1	ETL38480.1	37.8	249	267	391	2.00e-40	148	92.5	4792	Oomycota	Phytophthora	Phytophthora nicotianae	ETL38480.1 orotidine 5'-phosphate decarboxylase, variant [Phytophthora nicotianae]
Pcub-SC1982_037_000182.1	XP_008893339.1	37.8	249	267	391	2.00e-40	148	92.5	4792;761204;1317063;1317066	Oomycota	Phytophthora	Phytophthora nicotianae	XP_008893339.1 orotidine 5'-phosphate decarboxylase, variant [Phytophthora nicotianae INRA-310]
Pcub-SC1982_037_000182.1	ETI45083.1	37.8	249	267	391	2.00e-40	148	92.5	4792;1317065	Oomycota	Phytophthora	Phytophthora nicotianae	ETI45083.1 orotidine 5'-phosphate decarboxylase, variant [Phytophthora nicotianae P1569]
Pcub-SC1982_037_000182.1	XP_008611139.1	37.6	255	267	491	2.95e-40	149	94.0	1156394	Oomycota	Saprolegnia	Saprolegnia diclina	XP_008611139.1 hypothetical protein SDRG_07100 [Saprolegnia diclina VS20]
Pcub-SC1982_037_000182.1	KAG7391451.1	37.8	249	267	492	4.17e-40	149	92.5	109152	Oomycota	Phytophthora	Phytophthora boehmeriae	KAG7391451.1 orotate phosphoribosyltransferase [Phytophthora boehmeriae]
Pcub-SC1982_037_000182.1	KAF4036178.1	37.3	249	267	494	8.32e-40	148	92.5	4787	Oomycota	Phytophthora	Phytophthora infestans	KAF4036178.1 Phosphoribosyl transferase domain [Phytophthora infestans]
Pcub-SC1982_037_000182.1	KAF4132646.1	37.3	249	267	494	8.32e-40	148	92.5	4787	Oomycota	Phytophthora	Phytophthora infestans	KAF4132646.1 Phosphoribosyl transferase domain [Phytophthora infestans]
Pcub-SC1982_037_000182.1	ETL38479.1	37.8	249	267	494	1.16e-39	148	92.5	4792	Oomycota	Phytophthora	Phytophthora nicotianae	ETL38479.1 orotidine 5'-phosphate decarboxylase [Phytophthora nicotianae]
Pcub-SC1982_037_000182.1	ETP42967.1	37.8	249	267	494	1.16e-39	148	92.5	1317064	Oomycota	Phytophthora	Phytophthora nicotianae	ETP42967.1 orotidine 5'-phosphate decarboxylase [Phytophthora nicotianae P10297]
Pcub-SC1982_037_000182.1	XP_008893338.1	37.8	249	267	494	1.16e-39	148	92.5	4792;761204;1317063;1317066	Oomycota	Phytophthora	Phytophthora nicotianae	XP_008893338.1 orotidine 5'-phosphate decarboxylase [Phytophthora nicotianae INRA-310]
Pcub-SC1982_037_000181.1	GLE04096.1	40.5	358	358	370	1.74e-78	249	98.3	114742	Oomycota	Pythium	Pythium insidiosum	GLE04096.1 hypothetical protein PINS_up013007 [Pythium insidiosum]
Pcub-SC1982_037_000181.1	KAJ0404822.1	41.1	355	358	423	2.01e-78	251	97.5	114742	Oomycota	Pythium	Pythium insidiosum	KAJ0404822.1 hypothetical protein ATCC90586_000896 [Pythium insidiosum]
Pcub-SC1982_037_000181.1	KAJ0392516.1	41.1	355	358	424	2.07e-78	251	97.5	114742	Oomycota	Pythium	Pythium insidiosum	KAJ0392516.1 hypothetical protein P43SY_004630 [Pythium insidiosum]
Pcub-SC1982_037_000181.1	DAZ95353.1	39.8	359	358	409	5.38e-78	249	98.9	4803	Oomycota	Lagenidium	Lagenidium giganteum	DAZ95353.1 TPA: hypothetical protein N0F65_002538 [Lagenidium giganteum]
Pcub-SC1982_037_000181.1	TMW61474.1	40.4	354	358	359	2.82e-77	246	97.2	41045	Oomycota	Pythium	Pythium oligandrum	TMW61474.1 hypothetical protein Poli38472_012665 [Pythium oligandrum]
Pcub-SC1982_037_000181.1	KAF1326858.1	40.5	351	358	422	2.42e-76	245	96.1	82926	Oomycota	Globisporangium	Globisporangium splendens	KAF1326858.1 Peptide chain release factor 1, partial [Globisporangium splendens]
Pcub-SC1982_037_000181.1	KAI9980586.1	41.4	348	358	417	1.66e-75	243	95.0	4787	Oomycota	Phytophthora	Phytophthora infestans	KAI9980586.1 hypothetical protein PInf_009888 [Phytophthora infestans]
Pcub-SC1982_037_000181.1	KAG7401383.1	38.2	361	358	364	2.06e-75	241	98.9	109152	Oomycota	Phytophthora	Phytophthora boehmeriae	KAG7401383.1 hypothetical protein PHYBOEH_001375 [Phytophthora boehmeriae]
Pcub-SC1982_037_000181.1	XP_002997878.1	41.1	348	358	366	2.18e-75	241	95.0	403677	Oomycota	Phytophthora	Phytophthora infestans	XP_002997878.1 peptide chain release factor 1 [Phytophthora infestans T30-4]
Pcub-SC1982_037_000181.1	KAE8986392.1	41.1	353	358	429	2.31e-75	243	96.1	129364	Oomycota	Phytophthora	Phytophthora rubi	KAE8986392.1 Peptide chain release factor 1 [Phytophthora rubi]
Pcub-SC1982_037_000181.1	XP_008911913.1	40.5	348	358	417	2.34e-75	243	95.0	4792;761204;1317063;1317066	Oomycota	Phytophthora	Phytophthora nicotianae	XP_008911913.1 peptide chain release factor 1 [Phytophthora nicotianae INRA-310]
Pcub-SC1982_037_000181.1	ETP53087.1	40.5	348	358	417	2.34e-75	243	95.0	1317064	Oomycota	Phytophthora	Phytophthora nicotianae	ETP53087.1 peptide chain release factor 1 [Phytophthora nicotianae P10297]
Pcub-SC1982_037_000181.1	KAE9340981.1	39.9	353	358	417	2.34e-75	243	96.1	53985	Oomycota	Phytophthora	Phytophthora fragariae	KAE9340981.1 Peptide chain release factor 1 [Phytophthora fragariae]
Pcub-SC1982_037_000181.1	KAE8886521.1	39.9	353	358	417	2.34e-75	243	96.1	53985	Oomycota	Phytophthora	Phytophthora fragariae	KAE8886521.1 Peptide chain release factor 1 [Phytophthora fragariae]
Pcub-SC1982_037_000181.1	ETL30981.1	40.5	348	358	417	2.34e-75	243	95.0	4792	Oomycota	Phytophthora	Phytophthora nicotianae	ETL30981.1 peptide chain release factor 1 [Phytophthora nicotianae]
Pcub-SC1982_037_000181.1	ETL84241.1	40.5	348	358	417	2.34e-75	243	95.0	4792	Oomycota	Phytophthora	Phytophthora nicotianae	ETL84241.1 peptide chain release factor 1 [Phytophthora nicotianae]
Pcub-SC1982_037_000181.1	ETI37318.1	40.5	348	358	417	2.34e-75	243	95.0	1317065	Oomycota	Phytophthora	Phytophthora nicotianae	ETI37318.1 peptide chain release factor 1 [Phytophthora nicotianae P1569]
Pcub-SC1982_037_000181.1	KAG6612150.1	40.2	346	358	417	6.58e-75	241	95.0	4785	Oomycota	Phytophthora	Phytophthora cinnamomi	KAG6612150.1 Peptide chain release factor 1 [Phytophthora cinnamomi]
Pcub-SC1982_037_000181.1	KAG2519323.1	38.8	361	358	417	6.58e-75	241	98.9	325452	Oomycota	Phytophthora	Phytophthora kernoviae	KAG2519323.1 hypothetical protein JM18_007592 [Phytophthora kernoviae]
Pcub-SC1982_037_000181.1	KAG2515881.1	38.8	361	358	417	6.58e-75	241	98.9	325452	Oomycota	Phytophthora	Phytophthora kernoviae	KAG2515881.1 hypothetical protein JM16_007686 [Phytophthora kernoviae]
Pcub-SC1982_037_000181.1	RLN50559.1	38.8	361	358	417	6.58e-75	241	98.9	325452	Oomycota	Phytophthora	Phytophthora kernoviae	RLN50559.1 hypothetical protein BBJ29_004796 [Phytophthora kernoviae]
Pcub-SC1982_037_000181.1	KAF4040348.1	41.1	348	358	417	9.28e-75	241	95.0	4787	Oomycota	Phytophthora	Phytophthora infestans	KAF4040348.1 RF-1 domain [Phytophthora infestans]
Pcub-SC1982_037_000181.1	KAF4317454.1	38.8	361	358	417	1.31e-74	241	98.9	1284355	Oomycota	Phytophthora	Phytophthora kernoviae	KAF4317454.1 hypothetical protein G195_009098 [Phytophthora kernoviae 00238/432]
Pcub-SC1982_037_000181.1	KAG6971133.1	40.2	353	358	417	1.31e-74	241	96.1	2496075	Oomycota	Phytophthora	Phytophthora aleatoria	KAG6971133.1 hypothetical protein JG688_00004556 [Phytophthora aleatoria]
Pcub-SC1982_037_000181.1	KAG2777871.1	40.2	353	358	417	1.85e-74	240	96.1	29920	Oomycota	Phytophthora	Phytophthora cactorum	KAG2777871.1 Peptide chain release factor 1 [Phytophthora cactorum]
Pcub-SC1982_037_000180.1	OQR84870.1	57.4	387	389	389	7.29e-163	466	99.0	1202772	Oomycota	Achlya	Achlya hypogyna	OQR84870.1 phosphoribosylformylglycinamidine cyclo-ligase [Achlya hypogyna]
Pcub-SC1982_037_000180.1	KAF0732881.1	57.1	387	389	390	2.49e-161	462	99.0	100861	Oomycota	Aphanomyces	Aphanomyces euteiches	KAF0732881.1 hypothetical protein Ae201684_010205 [Aphanomyces euteiches]
Pcub-SC1982_037_000180.1	KAH9190791.1	57.1	387	389	390	2.49e-161	462	99.0	100861	Oomycota	Aphanomyces	Aphanomyces euteiches	KAH9190791.1 hypothetical protein AeNC1_007228 [Aphanomyces euteiches]
Pcub-SC1982_037_000180.1	KAG9403863.1	56.8	387	389	390	1.01e-160	461	99.0	112091	Oomycota	Aphanomyces	Aphanomyces cochlioides	KAG9403863.1 hypothetical protein AC1031_005357 [Aphanomyces cochlioides]
Pcub-SC1982_037_000180.1	KAF0685066.1	56.6	387	389	390	2.03e-160	460	99.0	120398	Oomycota	Aphanomyces	Aphanomyces stellatus	KAF0685066.1 hypothetical protein As57867_022923 [Aphanomyces stellatus]
Pcub-SC1982_037_000180.1	XP_009840649.1	56.3	387	389	390	8.22e-160	458	99.0	112090	Oomycota	Aphanomyces	Aphanomyces astaci	XP_009840649.1 hypothetical protein H257_14510 [Aphanomyces astaci]
Pcub-SC1982_037_000180.1	XP_008868210.1	56.3	387	389	390	6.69e-159	456	99.0	157072	Oomycota	Aphanomyces	Aphanomyces invadans	XP_008868210.1 hypothetical protein H310_05308 [Aphanomyces invadans]
Pcub-SC1982_037_000180.1	XP_008612707.1	56.1	387	389	389	9.17e-159	456	99.0	1156394	Oomycota	Saprolegnia	Saprolegnia diclina	XP_008612707.1 phosphoribosylformylglycinamidine cyclo-ligase [Saprolegnia diclina VS20]
Pcub-SC1982_037_000180.1	XP_012200652.1	55.6	387	389	389	5.26e-158	454	99.0	695850	Oomycota	Saprolegnia	Saprolegnia parasitica	XP_012200652.1 hypothetical protein SPRG_06445 [Saprolegnia parasitica CBS 223.65]
Pcub-SC1982_037_000180.1	RQM26088.1	55.6	390	389	393	6.99e-157	451	99.0	112090	Oomycota	Aphanomyces	Aphanomyces astaci	RQM26088.1 hypothetical protein B5M09_009928 [Aphanomyces astaci]
Pcub-SC1982_037_000180.1	RHY33279.1	52.0	419	389	571	6.48e-150	440	99.0	157072	Oomycota	Aphanomyces	Aphanomyces invadans	RHY33279.1 hypothetical protein DYB32_001749 [Aphanomyces invadans]
Pcub-SC1982_037_000180.1	OQS02232.1	58.5	342	389	347	1.59e-144	418	87.4	74557	Oomycota	Thraustotheca	Thraustotheca clavata	OQS02232.1 phosphoribosylformylglycinamidine cyclo-ligase, partial [Thraustotheca clavata]
Pcub-SC1982_037_000180.1	RHY91579.1	55.7	246	389	258	1.70e-94	287	62.2	112090	Oomycota	Aphanomyces	Aphanomyces astaci	RHY91579.1 hypothetical protein DYB35_003153 [Aphanomyces astaci]
Pcub-SC1982_037_000180.1	RHX97104.1	55.7	246	389	258	1.70e-94	287	62.2	112090	Oomycota	Aphanomyces	Aphanomyces astaci	RHX97104.1 hypothetical protein DYB25_005468 [Aphanomyces astaci]
Pcub-SC1982_037_000180.1	RHY41877.1	55.3	246	389	258	2.41e-94	287	62.2	112090	Oomycota	Aphanomyces	Aphanomyces astaci	RHY41877.1 hypothetical protein DYB34_012087 [Aphanomyces astaci]
Pcub-SC1982_037_000180.1	RHY00925.1	55.3	246	389	258	4.84e-94	286	62.2	112090	Oomycota	Aphanomyces	Aphanomyces astaci	RHY00925.1 hypothetical protein DYB36_007550 [Aphanomyces astaci]
Pcub-SC1982_037_000180.1	RHY40513.1	54.9	246	389	258	1.37e-93	285	62.2	112090	Oomycota	Aphanomyces	Aphanomyces astaci	RHY40513.1 hypothetical protein DYB30_010064 [Aphanomyces astaci]
Pcub-SC1982_037_000180.1	KAF0707276.1	49.8	243	389	243	3.58e-79	248	62.2	112090	Oomycota	Aphanomyces	Aphanomyces astaci	KAF0707276.1 hypothetical protein AaE_013690 [Aphanomyces astaci]
Pcub-SC1982_037_000180.1	RHZ27113.1	57.0	151	389	173	3.51e-60	196	38.8	112090	Oomycota	Aphanomyces	Aphanomyces astaci	RHZ27113.1 hypothetical protein DYB26_002775, partial [Aphanomyces astaci]
Pcub-SC1982_037_000180.1	RHY50342.1	53.2	154	389	155	1.65e-52	176	39.3	112090	Oomycota	Aphanomyces	Aphanomyces astaci	RHY50342.1 hypothetical protein DYB38_012810 [Aphanomyces astaci]
Pcub-SC1982_037_000180.1	RHX97105.1	53.2	154	389	166	2.34e-52	176	39.3	112090	Oomycota	Aphanomyces	Aphanomyces astaci	RHX97105.1 hypothetical protein DYB25_005469 [Aphanomyces astaci]
Pcub-SC1982_037_000180.1	RHZ09215.1	50.4	141	389	150	1.30e-37	137	35.2	112090	Oomycota	Aphanomyces	Aphanomyces astaci	RHZ09215.1 hypothetical protein DYB26_015169, partial [Aphanomyces astaci]
Pcub-SC1982_037_000177.1	KAF4321954.1	30.4	322	1032	297	1.09e-31	130	30.5	1284355	Oomycota	Phytophthora	Phytophthora kernoviae	KAF4321954.1 hypothetical protein G195_004857, partial [Phytophthora kernoviae 00238/432]
Pcub-SC1982_037_000177.1	KAF4321955.1	31.4	242	1032	253	4.02e-23	104	23.4	1284355	Oomycota	Phytophthora	Phytophthora kernoviae	KAF4321955.1 hypothetical protein G195_004856 [Phytophthora kernoviae 00238/432]
Pcub-SC1982_037_000176.1	KAF4325396.1	54.5	288	335	871	5.80e-99	315	85.1	1284355	Oomycota	Phytophthora	Phytophthora kernoviae	KAF4325396.1 hypothetical protein G195_000929 [Phytophthora kernoviae 00238/432]
Pcub-SC1982_037_000176.1	KAF4325951.1	31.8	292	335	293	1.44e-45	161	87.2	1284355	Oomycota	Phytophthora	Phytophthora kernoviae	KAF4325951.1 hypothetical protein G195_000260 [Phytophthora kernoviae 00238/432]
Pcub-SC1982_037_000176.1	KAG3106625.1	27.5	255	335	284	8.58e-35	132	74.0	29920	Oomycota	Phytophthora	Phytophthora cactorum	KAG3106625.1 L-lactate dehydrogenase 3 [Phytophthora cactorum]
Pcub-SC1982_037_000176.1	KAG4251996.1	28.2	234	335	244	1.38e-32	125	67.8	29920	Oomycota	Phytophthora	Phytophthora cactorum	KAG4251996.1 L-lactate dehydrogenase 3 [Phytophthora cactorum]
Pcub-SC1982_037_000176.1	XP_009828900.1	30.8	308	335	330	2.53e-27	114	86.0	112090	Oomycota	Aphanomyces	Aphanomyces astaci	XP_009828900.1 malate dehydrogenase, NAD-dependent [Aphanomyces astaci]
Pcub-SC1982_037_000176.1	RHX98364.1	30.8	308	335	332	2.62e-27	114	86.0	112090	Oomycota	Aphanomyces	Aphanomyces astaci	RHX98364.1 hypothetical protein DYB36_005501 [Aphanomyces astaci]
Pcub-SC1982_037_000176.1	RQM23528.1	30.8	308	335	348	3.44e-27	114	86.0	112090	Oomycota	Aphanomyces	Aphanomyces astaci	RQM23528.1 hypothetical protein B5M09_004124 [Aphanomyces astaci]
Pcub-SC1982_037_000176.1	KAF0723457.1	30.4	296	335	295	6.81e-27	112	82.7	112090	Oomycota	Aphanomyces	Aphanomyces astaci	KAF0723457.1 hypothetical protein AaE_009865, partial [Aphanomyces astaci]
Pcub-SC1982_037_000176.1	XP_008881299.1	30.1	312	335	330	4.77e-26	110	87.2	157072	Oomycota	Aphanomyces	Aphanomyces invadans	XP_008881299.1 malate dehydrogenase, NAD-dependent [Aphanomyces invadans]
Pcub-SC1982_037_000176.1	XP_008880786.1	30.0	310	335	330	6.60e-26	110	87.2	157072	Oomycota	Aphanomyces	Aphanomyces invadans	XP_008880786.1 malate dehydrogenase, NAD-dependent [Aphanomyces invadans]
Pcub-SC1982_037_000176.1	RHZ19691.1	33.1	242	335	279	2.55e-25	107	68.7	112090	Oomycota	Aphanomyces	Aphanomyces astaci	RHZ19691.1 hypothetical protein DYB37_013613, partial [Aphanomyces astaci]
Pcub-SC1982_037_000176.1	OQR84153.1	30.6	301	335	330	1.22e-24	106	86.0	1202772	Oomycota	Achlya	Achlya hypogyna	OQR84153.1 malate dehydrogenase, mitochondrial precursor [Achlya hypogyna]
Pcub-SC1982_037_000176.1	KAG9412169.1	29.4	306	335	329	1.66e-24	106	86.0	112091	Oomycota	Aphanomyces	Aphanomyces cochlioides	KAG9412169.1 malate DEHYDROGENASE, NAD-dependent [Aphanomyces cochlioides]
Pcub-SC1982_037_000176.1	KAF0725176.1	29.4	306	335	329	1.66e-24	106	86.0	100861	Oomycota	Aphanomyces	Aphanomyces euteiches	KAF0725176.1 hypothetical protein Ae201684_016328 [Aphanomyces euteiches]
Pcub-SC1982_037_000176.1	KAF1328520.1	29.4	313	335	331	1.72e-24	106	88.1	82926	Oomycota	Globisporangium	Globisporangium splendens	KAF1328520.1 Malate dehydrogenase, nad-dependent, partial [Globisporangium splendens]
Pcub-SC1982_037_000176.1	GLE03824.1	29.8	295	335	331	2.37e-24	105	82.7	114742	Oomycota	Pythium	Pythium insidiosum	GLE03824.1 hypothetical protein PINS_up012735 [Pythium insidiosum]
Pcub-SC1982_037_000176.1	OQR97649.1	29.5	329	335	329	3.17e-24	105	89.9	74557	Oomycota	Thraustotheca	Thraustotheca clavata	OQR97649.1 malate dehydrogenase, mitochondrial precursor [Thraustotheca clavata]
Pcub-SC1982_037_000176.1	TMW55325.1	30.5	295	335	332	6.34e-24	104	82.7	41045	Oomycota	Pythium	Pythium oligandrum	TMW55325.1 hypothetical protein Poli38472_013216 [Pythium oligandrum]
Pcub-SC1982_037_000176.1	KAJ0405541.1	29.2	295	335	331	1.19e-23	103	82.7	114742	Oomycota	Pythium	Pythium insidiosum	KAJ0405541.1 hypothetical protein ATCC90586_003386 [Pythium insidiosum]
Pcub-SC1982_037_000176.1	TYZ68171.1	29.2	295	335	332	1.21e-23	103	82.7	1485010	Oomycota	Globisporangium	[Pythium] brassicae (nom. inval.)	TYZ68171.1 hypothetical protein PybrP1_000974 [[Pythium] brassicae (nom. inval.)]
Pcub-SC1982_037_000176.1	RLN88372.1	29.4	303	335	334	1.25e-23	103	82.7	2483409	Oomycota	Nothophytophthora	Nothophytophthora sp. Chile5	RLN88372.1 hypothetical protein BBJ28_00006164 [Nothophytophthora sp. Chile5]
Pcub-SC1982_037_000176.1	XP_008616130.1	29.9	301	335	330	1.62e-23	103	82.7	1156394	Oomycota	Saprolegnia	Saprolegnia diclina	XP_008616130.1 malate dehydrogenase, NAD-dependent [Saprolegnia diclina VS20]
Pcub-SC1982_037_000176.1	KAF0717032.1	29.9	301	335	609	2.03e-23	105	82.7	120398	Oomycota	Aphanomyces	Aphanomyces stellatus	KAF0717032.1 hypothetical protein As57867_002525 [Aphanomyces stellatus]
Pcub-SC1982_037_000176.1	CCA26568.1	27.1	321	335	339	2.55e-23	103	88.7	890382	Oomycota	Albugo	Albugo laibachii	CCA26568.1 malate dehydrogenase putative [Albugo laibachii Nc14]
Pcub-SC1982_037_000176.1	KAJ0400822.1	28.8	295	335	344	3.78e-23	102	82.7	114742	Oomycota	Pythium	Pythium insidiosum	KAJ0400822.1 hypothetical protein P43SY_008610 [Pythium insidiosum]
Pcub-SC1982_037_000175.1	KAF4326316.1	40.8	228	425	226	7.95e-54	183	53.2	1284355	Oomycota	Phytophthora	Phytophthora kernoviae	KAF4326316.1 hypothetical protein G195_000169, partial [Phytophthora kernoviae 00238/432]
Pcub-SC1982_037_000175.1	KAF4325600.1	38.3	256	425	654	1.28e-50	185	60.0	1284355	Oomycota	Phytophthora	Phytophthora kernoviae	KAF4325600.1 hypothetical protein G195_000745 [Phytophthora kernoviae 00238/432]
Pcub-SC1982_037_000175.1	KAF4324569.1	41.1	219	425	1091	2.82e-49	184	51.3	1284355	Oomycota	Phytophthora	Phytophthora kernoviae	KAF4324569.1 hypothetical protein G195_002028 [Phytophthora kernoviae 00238/432]
Pcub-SC1982_037_000175.1	KAF4324696.1	45.6	204	425	395	6.62e-49	175	47.1	1284355	Oomycota	Phytophthora	Phytophthora kernoviae	KAF4324696.1 hypothetical protein G195_001914 [Phytophthora kernoviae 00238/432]
Pcub-SC1982_037_000175.1	KAF4325846.1	42.9	231	425	846	6.39e-46	174	53.6	1284355	Oomycota	Phytophthora	Phytophthora kernoviae	KAF4325846.1 hypothetical protein G195_000416 [Phytophthora kernoviae 00238/432]
Pcub-SC1982_037_000175.1	KAF4325683.1	43.1	181	425	219	6.56e-45	159	42.4	1284355	Oomycota	Phytophthora	Phytophthora kernoviae	KAF4325683.1 hypothetical protein G195_000752 [Phytophthora kernoviae 00238/432]
Pcub-SC1982_037_000175.1	KAF4323850.1	35.0	223	425	252	8.58e-45	160	52.0	1284355	Oomycota	Phytophthora	Phytophthora kernoviae	KAF4323850.1 hypothetical protein G195_003038, partial [Phytophthora kernoviae 00238/432]
Pcub-SC1982_037_000175.1	KAF4323857.1	45.5	189	425	219	1.37e-43	156	43.5	1284355	Oomycota	Phytophthora	Phytophthora kernoviae	KAF4323857.1 hypothetical protein G195_003034 [Phytophthora kernoviae 00238/432]
Pcub-SC1982_037_000175.1	KAF4325848.1	41.7	192	425	196	1.46e-42	152	44.9	1284355	Oomycota	Phytophthora	Phytophthora kernoviae	KAF4325848.1 hypothetical protein G195_000418 [Phytophthora kernoviae 00238/432]
Pcub-SC1982_037_000175.1	KAF1329596.1	43.0	223	425	240	1.42e-41	151	52.0	82926	Oomycota	Globisporangium	Globisporangium splendens	KAF1329596.1 Atp-binding protein, partial [Globisporangium splendens]
Pcub-SC1982_037_000175.1	KAF4324584.1	42.1	202	425	261	2.75e-39	146	47.1	1284355	Oomycota	Phytophthora	Phytophthora kernoviae	KAF4324584.1 hypothetical protein G195_002067 [Phytophthora kernoviae 00238/432]
Pcub-SC1982_037_000175.1	KAF1334179.1	44.3	192	425	287	3.95e-38	144	43.1	82926	Oomycota	Globisporangium	Globisporangium splendens	KAF1334179.1 Alamin adenosyltransferase, partial [Globisporangium splendens]
Pcub-SC1982_037_000175.1	CAH0492449.1	49.0	153	425	158	6.24e-38	139	35.8	134698	Oomycota	Peronospora	Peronospora farinosa	CAH0492449.1 unnamed protein product [Peronospora farinosa]
Pcub-SC1982_037_000175.1	GLE06692.1	40.6	202	425	236	5.78e-37	139	45.4	114742	Oomycota	Pythium	Pythium insidiosum	GLE06692.1 hypothetical protein PINS_up016086 [Pythium insidiosum]
Pcub-SC1982_037_000175.1	GLD98513.1	40.6	202	425	236	1.13e-36	138	45.4	114742	Oomycota	Pythium	Pythium insidiosum	GLD98513.1 hypothetical protein PINS_up007210 [Pythium insidiosum]
Pcub-SC1982_037_000175.1	TMW63064.1	41.9	186	425	203	3.38e-36	136	41.9	41045	Oomycota	Pythium	Pythium oligandrum	TMW63064.1 hypothetical protein Poli38472_005682 [Pythium oligandrum]
Pcub-SC1982_037_000175.1	TYZ62695.1	40.8	191	425	211	5.89e-36	135	43.1	1485010	Oomycota	Globisporangium	[Pythium] brassicae (nom. inval.)	TYZ62695.1 hypothetical protein PybrP1_010299 [[Pythium] brassicae (nom. inval.)]
Pcub-SC1982_037_000175.1	KAF0705739.1	40.9	198	425	243	7.17e-36	136	43.3	112090	Oomycota	Aphanomyces	Aphanomyces astaci	KAF0705739.1 hypothetical protein AaE_014385 [Aphanomyces astaci]
Pcub-SC1982_037_000175.1	KAG2965689.1	35.7	182	425	211	8.23e-36	135	42.8	29920	Oomycota	Phytophthora	Phytophthora cactorum	KAG2965689.1 hypothetical protein PC120_g27202 [Phytophthora cactorum]
Pcub-SC1982_037_000175.1	XP_009821433.1	40.9	198	425	243	1.00e-35	136	43.3	112090	Oomycota	Aphanomyces	Aphanomyces astaci	XP_009821433.1 ATP:cob(I)alamin adenosyltransferase [Aphanomyces astaci]
Pcub-SC1982_037_000175.1	KAF0694661.1	41.5	195	425	254	2.58e-35	135	42.6	120398	Oomycota	Aphanomyces	Aphanomyces stellatus	KAF0694661.1 hypothetical protein As57867_014446 [Aphanomyces stellatus]
Pcub-SC1982_037_000175.1	KAF4325954.1	40.0	195	425	219	3.88e-35	134	45.4	1284355	Oomycota	Phytophthora	Phytophthora kernoviae	KAF4325954.1 hypothetical protein G195_000269 [Phytophthora kernoviae 00238/432]
Pcub-SC1982_037_000175.1	RHY13441.1	41.1	192	425	198	8.25e-35	132	41.9	112090	Oomycota	Aphanomyces	Aphanomyces astaci	RHY13441.1 hypothetical protein DYB36_004460 [Aphanomyces astaci]
Pcub-SC1982_037_000175.1	KAG1685199.1	41.7	192	425	200	2.37e-34	131	43.1	4784	Oomycota	Phytophthora	Phytophthora capsici	KAG1685199.1 hypothetical protein DVH05_009643 [Phytophthora capsici]
Pcub-SC1982_037_000175.1	KAG7385499.1	40.3	191	425	205	3.79e-34	130	43.1	221518	Oomycota	Phytophthora	Phytophthora pseudosyringae	KAG7385499.1 hypothetical protein PHYPSEUDO_001449 [Phytophthora pseudosyringae]
Pcub-SC1982_037_000071.1	KAF4325767.1	37.3	110	2014	1314	2.35e-06	58.5	5.3	1284355	Oomycota	Phytophthora	Phytophthora kernoviae	KAF4325767.1 hypothetical protein G195_000558 [Phytophthora kernoviae 00238/432]
Pcub-SC1982_037_000072.1	KAJ0395822.1	55.8	468	854	481	1.05e-155	468	48.9	114742	Oomycota	Pythium	Pythium insidiosum	KAJ0395822.1 hypothetical protein P43SY_007448 [Pythium insidiosum]
Pcub-SC1982_037_000072.1	GLD95580.1	55.8	468	854	481	2.96e-155	467	48.9	114742	Oomycota	Pythium	Pythium insidiosum	GLD95580.1 hypothetical protein PINS_up004257 [Pythium insidiosum]
Pcub-SC1982_037_000072.1	TMW69675.1	54.7	468	854	481	2.96e-155	467	48.9	41045	Oomycota	Pythium	Pythium oligandrum	TMW69675.1 hypothetical protein Poli38472_001831 [Pythium oligandrum]
Pcub-SC1982_037_000072.1	TYZ60186.1	54.6	465	854	481	9.29e-154	463	48.6	1485010	Oomycota	Globisporangium	[Pythium] brassicae (nom. inval.)	TYZ60186.1 hypothetical protein PybrP1_012095 [[Pythium] brassicae (nom. inval.)]
Pcub-SC1982_037_000072.1	XP_008611237.1	54.3	466	854	481	9.29e-154	463	48.8	695850;1156394	Oomycota	Saprolegnia	Saprolegnia parasitica;Saprolegnia diclina	XP_008611237.1 adenosylhomocysteinase [Saprolegnia diclina VS20]
Pcub-SC1982_037_000072.1	OQS00985.1	54.7	466	854	481	2.61e-153	462	48.8	74557	Oomycota	Thraustotheca	Thraustotheca clavata	OQS00985.1 adenosylhomocysteinase [Thraustotheca clavata]
Pcub-SC1982_037_000072.1	KAF0698736.1	54.1	466	854	481	2.91e-152	459	48.8	120398	Oomycota	Aphanomyces	Aphanomyces stellatus	KAF0698736.1 hypothetical protein As57867_010601 [Aphanomyces stellatus]
Pcub-SC1982_037_000072.1	OQR98083.1	54.1	468	854	481	4.11e-152	459	48.9	1202772	Oomycota	Achlya	Achlya hypogyna	OQR98083.1 adenosylhomocysteinase [Achlya hypogyna]
Pcub-SC1982_037_000072.1	DAZ97653.1	54.1	468	854	481	8.18e-152	458	48.9	4803	Oomycota	Lagenidium	Lagenidium giganteum	DAZ97653.1 TPA: hypothetical protein N0F65_003971 [Lagenidium giganteum]
Pcub-SC1982_037_000072.1	GMF20928.1	53.6	466	854	481	1.15e-151	458	48.7	2077276	Oomycota	Phytophthora	Phytophthora lilii	GMF20928.1 unnamed protein product [Phytophthora lilii]
Pcub-SC1982_037_000072.1	KAG7390265.1	53.4	466	854	481	1.15e-151	458	48.7	221518	Oomycota	Phytophthora	Phytophthora pseudosyringae	KAG7390265.1 hypothetical protein PHYPSEUDO_008403 [Phytophthora pseudosyringae]
Pcub-SC1982_037_000072.1	KAF1327710.1	53.8	465	854	481	4.58e-151	456	48.6	82926	Oomycota	Globisporangium	Globisporangium splendens	KAF1327710.1 Adenosylhomocysteinase, partial [Globisporangium splendens]
Pcub-SC1982_037_000072.1	OWZ05174.1	53.4	466	854	481	4.58e-151	456	48.7	4795	Oomycota	Phytophthora	Phytophthora megakarya	OWZ05174.1 Adenosylhomocysteinase [Phytophthora megakarya]
Pcub-SC1982_037_000072.1	KAG6611684.1	54.3	470	854	481	6.46e-151	456	48.7	4785	Oomycota	Phytophthora	Phytophthora cinnamomi	KAG6611684.1 adenosylhomocysteinase [Phytophthora cinnamomi]
Pcub-SC1982_037_000072.1	RLN92946.1	53.6	466	854	481	9.11e-151	456	48.7	2483409	Oomycota	Nothophytophthora	Nothophytophthora sp. Chile5	RLN92946.1 hypothetical protein BBJ28_00003347 [Nothophytophthora sp. Chile5]
Pcub-SC1982_037_000072.1	KAH7470919.1	53.2	466	854	481	9.11e-151	456	48.7	164328	Oomycota	Phytophthora	Phytophthora ramorum	KAH7470919.1 Adenosylhomocysteinase [Phytophthora ramorum]
Pcub-SC1982_037_000072.1	RLN52651.1	53.4	472	854	489	1.19e-150	456	49.4	325452	Oomycota	Phytophthora	Phytophthora kernoviae	RLN52651.1 hypothetical protein BBP00_00009575 [Phytophthora kernoviae]
Pcub-SC1982_037_000072.1	KAF4315499.1	53.4	472	854	489	1.19e-150	456	49.4	325452;1284355	Oomycota	Phytophthora	Phytophthora kernoviae	KAF4315499.1 hypothetical protein G195_010886 [Phytophthora kernoviae 00238/432]
Pcub-SC1982_037_000072.1	XP_009833581.1	53.5	467	854	481	1.29e-150	455	48.9	112090	Oomycota	Aphanomyces	Aphanomyces astaci	XP_009833581.1 adenosylhomocysteinase 2 [Aphanomyces astaci]
Pcub-SC1982_037_000072.1	GMF50081.1	53.6	470	854	481	1.29e-150	455	48.7	1490495	Oomycota	Phytophthora	Phytophthora fragariaefolia	GMF50081.1 unnamed protein product [Phytophthora fragariaefolia]
Pcub-SC1982_037_000072.1	KAI9917326.1	53.6	466	854	492	1.32e-150	456	48.7	230839	Oomycota	Peronosclerospora	Peronosclerospora sorghi	KAI9917326.1 hypothetical protein PsorP6_012492 [Peronosclerospora sorghi]
Pcub-SC1982_037_000072.1	KAF0740179.1	54.2	467	854	480	1.75e-150	455	48.9	100861	Oomycota	Aphanomyces	Aphanomyces euteiches	KAF0740179.1 hypothetical protein Ae201684_004411 [Aphanomyces euteiches]
Pcub-SC1982_037_000072.1	KAH9108398.1	54.2	467	854	480	3.49e-150	454	48.9	100861	Oomycota	Aphanomyces	Aphanomyces euteiches	KAH9108398.1 hypothetical protein AeMF1_016428 [Aphanomyces euteiches]
Pcub-SC1982_037_000072.1	KAG9411774.1	54.2	467	854	480	3.49e-150	454	48.9	112091	Oomycota	Aphanomyces	Aphanomyces cochlioides	KAG9411774.1 hypothetical protein AC1031_017408 [Aphanomyces cochlioides]
Pcub-SC1982_037_000072.1	XP_008872075.1	53.7	467	854	481	3.61e-150	454	48.9	157072	Oomycota	Aphanomyces	Aphanomyces invadans	XP_008872075.1 adenosylhomocysteinase 2 [Aphanomyces invadans]
Pcub-SC1982_037_000073.1	KAJ0398988.1	33.3	597	598	662	2.73e-85	283	94.5	114742	Oomycota	Pythium	Pythium insidiosum	KAJ0398988.1 hypothetical protein P43SY_003593 [Pythium insidiosum]
Pcub-SC1982_037_000073.1	TMW67706.1	34.5	577	598	664	7.83e-85	282	91.1	41045	Oomycota	Pythium	Pythium oligandrum	TMW67706.1 hypothetical protein Poli38472_011326 [Pythium oligandrum]
Pcub-SC1982_037_000073.1	TMW67687.1	32.3	616	598	659	1.02e-83	279	96.7	41045	Oomycota	Pythium	Pythium oligandrum	TMW67687.1 hypothetical protein Poli38472_011307 [Pythium oligandrum]
Pcub-SC1982_037_000073.1	KAG7391368.1	35.2	603	598	667	1.23e-83	279	95.3	221518	Oomycota	Phytophthora	Phytophthora pseudosyringae	KAG7391368.1 Long chain acyl-CoA synthetase 7 peroxisomal [Phytophthora pseudosyringae]
Pcub-SC1982_037_000073.1	GLE02615.1	33.3	574	598	564	4.30e-83	275	90.8	114742	Oomycota	Pythium	Pythium insidiosum	GLE02615.1 hypothetical protein PINS_up011456 [Pythium insidiosum]
Pcub-SC1982_037_000073.1	KAF1319452.1	33.0	597	598	610	6.76e-83	276	95.2	82926	Oomycota	Globisporangium	Globisporangium splendens	KAF1319452.1 Long-chain-fatty-acid-coa ligase, partial [Globisporangium splendens]
Pcub-SC1982_037_000073.1	KAH7467072.1	34.4	605	598	653	5.00e-82	275	95.3	164328	Oomycota	Phytophthora	Phytophthora ramorum	KAH7467072.1 Long chain acyl-CoA synthetase 7, peroxisomal [Phytophthora ramorum]
Pcub-SC1982_037_000073.1	TMW66655.1	32.1	598	598	662	6.12e-82	275	94.3	41045	Oomycota	Pythium	Pythium oligandrum	TMW66655.1 hypothetical protein Poli38472_013967 [Pythium oligandrum]
Pcub-SC1982_037_000073.1	ETO71370.1	34.3	636	598	648	6.25e-82	274	98.5	1317066	Oomycota	Phytophthora	Phytophthora nicotianae	ETO71370.1 hypothetical protein F444_12299 [Phytophthora nicotianae P1976]
Pcub-SC1982_037_000073.1	TMW67714.1	33.0	582	598	619	6.28e-82	273	91.5	41045	Oomycota	Pythium	Pythium oligandrum	TMW67714.1 hypothetical protein Poli38472_011334 [Pythium oligandrum]
Pcub-SC1982_037_000073.1	TMW57690.1	33.0	582	598	664	6.39e-82	275	91.5	41045	Oomycota	Pythium	Pythium oligandrum	TMW57690.1 hypothetical protein Poli38472_014929 [Pythium oligandrum]
Pcub-SC1982_037_000073.1	KAF1319371.1	32.9	601	598	664	6.39e-82	275	95.3	82926	Oomycota	Globisporangium	Globisporangium splendens	KAF1319371.1 Long-chain-fatty-acid-coa ligase, partial [Globisporangium splendens]
Pcub-SC1982_037_000073.1	GMF23473.1	32.2	605	598	716	7.13e-82	276	95.3	1490495	Oomycota	Phytophthora	Phytophthora fragariaefolia	GMF23473.1 unnamed protein product [Phytophthora fragariaefolia]
Pcub-SC1982_037_000073.1	RLN32463.1	33.6	608	598	656	7.48e-82	274	95.3	2483409	Oomycota	Nothophytophthora	Nothophytophthora sp. Chile5	RLN32463.1 hypothetical protein BBJ28_00007826 [Nothophytophthora sp. Chile5]
Pcub-SC1982_037_000073.1	TMW67703.1	32.2	606	598	664	8.94e-82	274	94.3	41045	Oomycota	Pythium	Pythium oligandrum	TMW67703.1 hypothetical protein Poli38472_011323 [Pythium oligandrum]
Pcub-SC1982_037_000073.1	KAF1319391.1	34.0	594	598	654	1.00e-81	274	94.1	82926	Oomycota	Globisporangium	Globisporangium splendens	KAF1319391.1 Long-chain-fatty-acid-coa ligase, partial [Globisporangium splendens]
Pcub-SC1982_037_000073.1	ETM42639.1	34.3	636	598	655	1.02e-81	274	98.5	4792	Oomycota	Phytophthora	Phytophthora nicotianae	ETM42639.1 hypothetical protein L914_11755 [Phytophthora nicotianae]
Pcub-SC1982_037_000073.1	ETK82757.1	34.3	636	598	655	1.02e-81	274	98.5	4792	Oomycota	Phytophthora	Phytophthora nicotianae	ETK82757.1 hypothetical protein L915_11921 [Phytophthora nicotianae]
Pcub-SC1982_037_000073.1	KUF78552.1	34.3	636	598	628	1.52e-81	273	98.5	4792	Oomycota	Phytophthora	Phytophthora nicotianae	KUF78552.1 Long chain acyl-CoA synthetase 7 [Phytophthora nicotianae]
Pcub-SC1982_037_000073.1	GLE02609.1	31.9	599	598	660	1.60e-81	273	95.0	114742	Oomycota	Pythium	Pythium insidiosum	GLE02609.1 hypothetical protein PINS_up011450 [Pythium insidiosum]
Pcub-SC1982_037_000073.1	ETP12461.1	34.5	638	598	655	2.00e-81	273	98.5	1317063	Oomycota	Phytophthora	Phytophthora nicotianae	ETP12461.1 hypothetical protein F441_12178 [Phytophthora nicotianae CJ01A1]
Pcub-SC1982_037_000073.1	ETI42728.1	34.3	636	598	655	2.00e-81	273	98.5	1317064;1317065	Oomycota	Phytophthora	Phytophthora nicotianae	ETI42728.1 hypothetical protein F443_12202 [Phytophthora nicotianae P1569]
Pcub-SC1982_037_000073.1	XP_008908479.1	34.3	636	598	655	2.79e-81	273	98.5	4792;761204	Oomycota	Phytophthora	Phytophthora nicotianae	XP_008908479.1 hypothetical protein PPTG_13822 [Phytophthora nicotianae INRA-310]
Pcub-SC1982_037_000073.1	KAE9040656.1	32.3	607	598	659	4.27e-81	272	95.3	129364	Oomycota	Phytophthora	Phytophthora rubi	KAE9040656.1 Long chain acyl-CoA synthetase 6, peroxisomal [Phytophthora rubi]
Pcub-SC1982_037_000073.1	KAF1319399.1	32.0	600	598	662	4.56e-81	272	95.0	82926	Oomycota	Globisporangium	Globisporangium splendens	KAF1319399.1 Long-chain-fatty-acid-coa ligase, partial [Globisporangium splendens]
Pcub-SC1982_037_000076.1	KAF4325612.1	50.1	403	440	2004	5.11e-116	378	87.7	1284355	Oomycota	Phytophthora	Phytophthora kernoviae	KAF4325612.1 hypothetical protein G195_000646 [Phytophthora kernoviae 00238/432]
Pcub-SC1982_037_000076.1	GLD96850.1	41.1	487	440	703	9.29e-109	340	99.8	114742	Oomycota	Pythium	Pythium insidiosum	GLD96850.1 hypothetical protein PINS_up005533 [Pythium insidiosum]
Pcub-SC1982_037_000076.1	KAJ0404375.1	40.0	487	440	702	1.40e-107	337	99.8	114742	Oomycota	Pythium	Pythium insidiosum	KAJ0404375.1 hypothetical protein ATCC90586_003118 [Pythium insidiosum]
Pcub-SC1982_037_000076.1	KAJ0402967.1	40.0	487	440	702	1.40e-107	337	99.8	114742	Oomycota	Pythium	Pythium insidiosum	KAJ0402967.1 hypothetical protein P43SY_009224 [Pythium insidiosum]
Pcub-SC1982_037_000076.1	KAJ8558731.1	39.2	485	440	552	3.45e-106	329	99.8	4785	Oomycota	Phytophthora	Phytophthora cinnamomi	KAJ8558731.1 hypothetical protein ON010_g8720 [Phytophthora cinnamomi]
Pcub-SC1982_037_000076.1	KAF4318537.1	39.6	485	440	681	7.06e-106	332	99.8	325452;1284355	Oomycota	Phytophthora	Phytophthora kernoviae	KAF4318537.1 hypothetical protein G195_008107 [Phytophthora kernoviae 00238/432]
Pcub-SC1982_037_000076.1	RLN56679.1	39.8	485	440	714	8.11e-106	333	99.8	325452	Oomycota	Phytophthora	Phytophthora kernoviae	RLN56679.1 hypothetical protein BBJ29_001036 [Phytophthora kernoviae]
Pcub-SC1982_037_000076.1	KAG2811352.1	40.0	485	440	534	2.30e-105	327	99.8	29920	Oomycota	Phytophthora	Phytophthora cactorum	KAG2811352.1 Proline--tRNA ligase, cytoplasmic [Phytophthora cactorum]
Pcub-SC1982_037_000076.1	KAG7390299.1	39.6	485	440	703	3.41e-105	331	99.8	109152	Oomycota	Phytophthora	Phytophthora boehmeriae	KAG7390299.1 hypothetical protein PHYBOEH_007053 [Phytophthora boehmeriae]
Pcub-SC1982_037_000076.1	KAG1696353.1	41.0	490	440	710	4.06e-105	331	99.8	4784	Oomycota	Phytophthora	Phytophthora capsici	KAG1696353.1 hypothetical protein DVH05_018484 [Phytophthora capsici]
Pcub-SC1982_037_000076.1	KAG7380242.1	40.2	485	440	712	5.99e-105	331	99.8	221518	Oomycota	Phytophthora	Phytophthora pseudosyringae	KAG7380242.1 hypothetical protein PHYPSEUDO_007594 [Phytophthora pseudosyringae]
Pcub-SC1982_037_000076.1	CAI5742171.1	39.4	485	440	544	6.11e-105	326	99.8	86335	Oomycota	Peronospora	Peronospora destructor	CAI5742171.1 unnamed protein product [Peronospora destructor]
Pcub-SC1982_037_000076.1	KAG6620843.1	39.4	485	440	711	8.23e-105	330	99.8	4785	Oomycota	Phytophthora	Phytophthora cinnamomi	KAG6620843.1 proline-tRNA ligase [Phytophthora cinnamomi]
Pcub-SC1982_037_000076.1	KAK1932275.1	40.2	490	440	710	1.13e-104	330	99.8	4793	Oomycota	Phytophthora	Phytophthora citrophthora	KAK1932275.1 putative proline--tRNA ligase C19C7.06 [Phytophthora citrophthora]
Pcub-SC1982_037_000076.1	KAH7487967.1	40.0	485	440	710	1.59e-104	330	99.8	164328	Oomycota	Phytophthora	Phytophthora ramorum	KAH7487967.1 putative proline--tRNA ligase C19C7.06 [Phytophthora ramorum]
Pcub-SC1982_037_000076.1	XP_009524613.1	39.4	485	440	711	2.29e-104	329	99.8	67593	Oomycota	Phytophthora	Phytophthora sojae	XP_009524613.1 hypothetical protein PHYSODRAFT_557759 [Phytophthora sojae]
Pcub-SC1982_037_000076.1	CAH0491810.1	39.8	485	440	708	3.00e-104	329	99.8	134698	Oomycota	Peronospora	Peronospora farinosa	CAH0491810.1 unnamed protein product [Peronospora farinosa]
Pcub-SC1982_037_000076.1	RMX68860.1	39.8	485	440	709	3.07e-104	329	99.8	542832	Oomycota	Peronospora	Peronospora effusa	RMX68860.1 hypothetical protein DD238_003976 [Peronospora effusa]
Pcub-SC1982_037_000076.1	KAG6957332.1	40.2	485	440	711	3.23e-104	329	99.8	2496075	Oomycota	Phytophthora	Phytophthora aleatoria	KAG6957332.1 hypothetical protein JG688_00011017 [Phytophthora aleatoria]
Pcub-SC1982_037_000076.1	CAI5707671.1	39.8	485	440	715	3.56e-104	329	99.8	134698	Oomycota	Peronospora	Peronospora farinosa	CAI5707671.1 unnamed protein product [Peronospora farinosa]
Pcub-SC1982_037_000076.1	GMF65328.1	39.4	485	440	708	4.22e-104	328	99.8	2077276	Oomycota	Phytophthora	Phytophthora lilii	GMF65328.1 unnamed protein product [Phytophthora lilii]
Pcub-SC1982_037_000076.1	CAI5715294.1	39.8	485	440	709	4.32e-104	328	99.8	542832	Oomycota	Peronospora	Peronospora effusa	CAI5715294.1 unnamed protein product [Peronospora effusa]
Pcub-SC1982_037_000076.1	GMF55186.1	39.6	485	440	711	4.54e-104	328	99.8	1490495	Oomycota	Phytophthora	Phytophthora fragariaefolia	GMF55186.1 unnamed protein product [Phytophthora fragariaefolia]
Pcub-SC1982_037_000076.1	TMW64585.1	39.2	487	440	701	7.04e-104	328	99.8	41045	Oomycota	Pythium	Pythium oligandrum	TMW64585.1 hypothetical protein Poli38472_011465 [Pythium oligandrum]
Pcub-SC1982_037_000076.1	KAE8909222.1	39.6	485	440	711	1.78e-103	327	99.8	53985	Oomycota	Phytophthora	Phytophthora fragariae	KAE8909222.1 putative proline--tRNA ligase [Phytophthora fragariae]
Pcub-SC1982_037_000166.1	KAG9416897.1	29.8	352	394	471	6.65e-33	133	87.1	112091	Oomycota	Aphanomyces	Aphanomyces cochlioides	KAG9416897.1 hypothetical protein AC1031_001288 [Aphanomyces cochlioides]
Pcub-SC1982_037_000166.1	OQR99376.1	31.2	362	394	470	1.71e-32	132	87.1	1202772	Oomycota	Achlya	Achlya hypogyna	OQR99376.1 Delta(5) fatty acid desaturase [Achlya hypogyna]
Pcub-SC1982_037_000166.1	XP_008862919.1	30.7	361	394	471	1.74e-32	132	87.1	157072	Oomycota	Aphanomyces	Aphanomyces invadans	XP_008862919.1 hypothetical protein H310_01564 [Aphanomyces invadans]
Pcub-SC1982_037_000166.1	RHY32927.1	30.7	361	394	471	2.39e-32	131	87.1	157072	Oomycota	Aphanomyces	Aphanomyces invadans	RHY32927.1 hypothetical protein DYB32_002098 [Aphanomyces invadans]
Pcub-SC1982_037_000166.1	XP_008609640.1	29.9	365	394	470	4.47e-32	130	87.1	1156394	Oomycota	Saprolegnia	Saprolegnia diclina	XP_008609640.1 hypothetical protein SDRG_05689 [Saprolegnia diclina VS20]
Pcub-SC1982_037_000166.1	KAF0742131.1	29.5	352	394	471	4.52e-32	130	87.1	100861	Oomycota	Aphanomyces	Aphanomyces euteiches	KAF0742131.1 hypothetical protein Ae201684_002803 [Aphanomyces euteiches]
Pcub-SC1982_037_000166.1	RHY94561.1	29.0	352	394	471	4.52e-32	130	87.1	112090	Oomycota	Aphanomyces	Aphanomyces astaci	RHY94561.1 hypothetical protein DYB35_007557 [Aphanomyces astaci]
Pcub-SC1982_037_000166.1	XP_012196562.1	29.3	365	394	489	5.61e-32	130	87.1	695850	Oomycota	Saprolegnia	Saprolegnia parasitica	XP_012196562.1 hypothetical protein SPRG_02606 [Saprolegnia parasitica CBS 223.65]
Pcub-SC1982_037_000166.1	XP_009821058.1	29.0	352	394	471	6.22e-32	130	87.1	112090	Oomycota	Aphanomyces	Aphanomyces astaci	XP_009821058.1 hypothetical protein H257_00192 [Aphanomyces astaci]
Pcub-SC1982_037_000166.1	KAF0711808.1	28.7	363	394	471	1.18e-31	129	87.1	120398	Oomycota	Aphanomyces	Aphanomyces stellatus	KAF0711808.1 hypothetical protein As57867_005053 [Aphanomyces stellatus]
Pcub-SC1982_037_000166.1	TYZ61184.1	31.2	359	394	477	1.74e-31	129	87.1	1485010	Oomycota	Globisporangium	[Pythium] brassicae (nom. inval.)	TYZ61184.1 hypothetical protein PybrP1_009876 [[Pythium] brassicae (nom. inval.)]
Pcub-SC1982_037_000166.1	KAH9089809.1	29.3	352	394	471	3.06e-31	128	87.1	100861	Oomycota	Aphanomyces	Aphanomyces euteiches	KAH9089809.1 hypothetical protein LEN26_018982 [Aphanomyces euteiches]
Pcub-SC1982_037_000166.1	OQS02621.1	30.4	362	394	470	4.15e-31	128	87.1	74557	Oomycota	Thraustotheca	Thraustotheca clavata	OQS02621.1 Delta(5) fatty acid desaturase [Thraustotheca clavata]
Pcub-SC1982_037_000166.1	AAL13311.1	29.6	361	394	456	4.80e-31	127	87.1	36331	Oomycota	Globisporangium	Globisporangium irregulare	AAL13311.1 delta-5 fatty acid desaturase [Globisporangium irregulare]
Pcub-SC1982_037_000166.1	TMW57330.1	30.7	358	394	480	1.21e-30	127	87.1	41045	Oomycota	Pythium	Pythium oligandrum	TMW57330.1 hypothetical protein Poli38472_003255 [Pythium oligandrum]
Pcub-SC1982_037_000166.1	KAJ0395146.1	28.3	364	394	484	1.15e-29	124	87.1	114742	Oomycota	Pythium	Pythium insidiosum	KAJ0395146.1 hypothetical protein P43SY_002430 [Pythium insidiosum]
Pcub-SC1982_037_000166.1	GLE07841.1	27.9	369	394	485	1.16e-29	124	87.1	114742	Oomycota	Pythium	Pythium insidiosum	GLE07841.1 hypothetical protein PINS_up018547 [Pythium insidiosum]
Pcub-SC1982_037_000166.1	KAF1336445.1	29.8	362	394	1322	1.25e-29	126	87.1	82926	Oomycota	Globisporangium	Globisporangium splendens	KAF1336445.1 Fatty acid desaturase, partial [Globisporangium splendens]
Pcub-SC1982_037_000166.1	KAJ0405285.1	28.3	364	394	484	2.16e-29	123	87.1	114742	Oomycota	Pythium	Pythium insidiosum	KAJ0405285.1 hypothetical protein ATCC90586_007324 [Pythium insidiosum]
Pcub-SC1982_037_000166.1	KAF0711806.1	27.3	359	394	468	2.49e-29	123	87.1	120398	Oomycota	Aphanomyces	Aphanomyces stellatus	KAF0711806.1 hypothetical protein As57867_005051 [Aphanomyces stellatus]
Pcub-SC1982_037_000166.1	CAH0483087.1	28.4	356	394	479	3.84e-29	122	87.1	622444	Oomycota	Peronospora	Peronospora belbahrii	CAH0483087.1 unnamed protein product [Peronospora belbahrii]
Pcub-SC1982_037_000166.1	CCA26326.1	30.8	295	394	940	1.62e-28	122	72.3	890382	Oomycota	Albugo	Albugo laibachii	CCA26326.1 delta 5 fatty acid desaturase putative [Albugo laibachii Nc14]
Pcub-SC1982_037_000166.1	CCA26328.1	30.8	295	394	944	1.63e-28	122	72.3	890382	Oomycota	Albugo	Albugo laibachii	CCA26328.1 delta 5 fatty acid desaturase putative [Albugo laibachii Nc14]
Pcub-SC1982_037_000166.1	CCA26327.1	30.8	295	394	947	1.63e-28	122	72.3	890382	Oomycota	Albugo	Albugo laibachii	CCA26327.1 delta 5 fatty acid desaturase putative [Albugo laibachii Nc14]
Pcub-SC1982_037_000166.1	CCI43768.1	31.9	301	394	911	5.27e-28	121	72.3	65357	Oomycota	Albugo	Albugo candida	CCI43768.1 unnamed protein product [Albugo candida]
Pcub-SC1982_037_000078.1	KAF1322220.1	33.9	112	167	1188	2.92e-12	68.6	64.1	82926	Oomycota	Globisporangium	Globisporangium splendens	KAF1322220.1 Pyruvate carboxylase, partial [Globisporangium splendens]
Pcub-SC1982_037_000078.1	OWZ08911.1	37.7	69	167	125	3.45e-10	59.3	41.3	4795	Oomycota	Phytophthora	Phytophthora megakarya	OWZ08911.1 Acetyl-CoA carboxylase, partial [Phytophthora megakarya]
Pcub-SC1982_037_000078.1	KAG9411822.1	41.2	68	167	669	3.68e-10	62.4	40.7	112091	Oomycota	Aphanomyces	Aphanomyces cochlioides	KAG9411822.1 hypothetical protein AC1031_017448 [Aphanomyces cochlioides]
Pcub-SC1982_037_000078.1	KAF0740127.1	41.2	68	167	670	3.68e-10	62.4	40.7	100861	Oomycota	Aphanomyces	Aphanomyces euteiches	KAF0740127.1 hypothetical protein Ae201684_004365 [Aphanomyces euteiches]
Pcub-SC1982_037_000078.1	KAH9108062.1	41.2	68	167	670	3.68e-10	62.4	40.7	100861	Oomycota	Aphanomyces	Aphanomyces euteiches	KAH9108062.1 hypothetical protein LEN26_014200 [Aphanomyces euteiches]
Pcub-SC1982_037_000078.1	KAH9189037.1	41.2	68	167	670	3.68e-10	62.4	40.7	100861	Oomycota	Aphanomyces	Aphanomyces euteiches	KAH9189037.1 hypothetical protein AeNC1_008991 [Aphanomyces euteiches]
Pcub-SC1982_037_000078.1	KAF0697184.1	42.6	68	167	696	3.70e-10	62.4	40.7	120398	Oomycota	Aphanomyces	Aphanomyces stellatus	KAF0697184.1 hypothetical protein As57867_012059 [Aphanomyces stellatus]
Pcub-SC1982_037_000078.1	RLN32407.1	30.9	110	167	218	4.37e-10	60.8	63.5	2483409	Oomycota	Nothophytophthora	Nothophytophthora sp. Chile5	RLN32407.1 hypothetical protein BBJ28_00025285 [Nothophytophthora sp. Chile5]
Pcub-SC1982_037_000078.1	KAH7479727.1	39.1	69	167	703	5.04e-10	62.0	41.3	164328	Oomycota	Phytophthora	Phytophthora ramorum	KAH7479727.1 Methylcrotonoyl-CoA carboxylase subunit alpha, mitochondrial [Phytophthora ramorum]
Pcub-SC1982_037_000078.1	CCA27331.1	40.3	67	167	626	6.71e-10	61.6	40.1	890382	Oomycota	Albugo	Albugo laibachii	CCA27331.1 methylcrotonoylCoA carboxylase subunit alpha putativ [Albugo laibachii Nc14]
Pcub-SC1982_037_000078.1	TYZ62692.1	31.3	112	167	1190	7.32e-10	61.6	64.1	1485010	Oomycota	Globisporangium	[Pythium] brassicae (nom. inval.)	TYZ62692.1 hypothetical protein PybrP1_002695 [[Pythium] brassicae (nom. inval.)]
Pcub-SC1982_037_000078.1	RLN95431.1	30.9	110	167	218	8.38e-10	60.1	63.5	2483409	Oomycota	Nothophytophthora	Nothophytophthora sp. Chile5	RLN95431.1 hypothetical protein BBJ28_00003504 [Nothophytophthora sp. Chile5]
Pcub-SC1982_037_000078.1	XP_002895786.1	37.7	69	167	137	8.68e-10	58.5	41.3	403677	Oomycota	Phytophthora	Phytophthora infestans	XP_002895786.1 uncharacterized protein PITG_20125 [Phytophthora infestans T30-4]
Pcub-SC1982_037_000078.1	RHY26288.1	43.9	66	167	661	9.20e-10	61.2	39.5	157072	Oomycota	Aphanomyces	Aphanomyces invadans	RHY26288.1 hypothetical protein DYB32_007763, partial [Aphanomyces invadans]
Pcub-SC1982_037_000078.1	XP_008872038.1	43.9	66	167	702	9.30e-10	61.2	39.5	157072	Oomycota	Aphanomyces	Aphanomyces invadans	XP_008872038.1 acetyl-CoA carboxylase, biotin carboxylase subunit [Aphanomyces invadans]
Pcub-SC1982_037_000078.1	KAJ0397301.1	35.6	87	167	766	9.43e-10	61.2	50.3	114742	Oomycota	Pythium	Pythium insidiosum	KAJ0397301.1 hypothetical protein P43SY_004020 [Pythium insidiosum]
Pcub-SC1982_037_000078.1	GLE05377.1	31.4	121	167	346	9.99e-10	60.8	67.1	114742	Oomycota	Pythium	Pythium insidiosum	GLE05377.1 hypothetical protein PINS_up014390 [Pythium insidiosum]
Pcub-SC1982_037_000078.1	GMF49170.1	37.7	69	167	653	1.25e-09	60.8	41.3	1490495	Oomycota	Phytophthora	Phytophthora fragariaefolia	GMF49170.1 unnamed protein product [Phytophthora fragariaefolia]
Pcub-SC1982_037_000078.1	KAK1944526.1	40.6	69	167	687	1.26e-09	60.8	41.3	4793	Oomycota	Phytophthora	Phytophthora citrophthora	KAK1944526.1 Methylcrotonoyl-CoA carboxylase subunit alpha [Phytophthora citrophthora]
Pcub-SC1982_037_000078.1	KAG1690190.1	40.6	69	167	696	1.26e-09	60.8	41.3	4784	Oomycota	Phytophthora	Phytophthora capsici	KAG1690190.1 hypothetical protein DVH05_028264 [Phytophthora capsici]
Pcub-SC1982_037_000078.1	CAH0487501.1	39.1	69	167	703	1.26e-09	60.8	41.3	134698	Oomycota	Peronospora	Peronospora farinosa	CAH0487501.1 unnamed protein product [Peronospora farinosa]
Pcub-SC1982_037_000078.1	CCI44724.1	40.6	64	167	704	1.26e-09	60.8	38.3	65357	Oomycota	Albugo	Albugo candida	CCI44724.1 unnamed protein product [Albugo candida]
Pcub-SC1982_037_000078.1	XP_009833631.1	40.9	66	167	705	1.72e-09	60.5	39.5	112090	Oomycota	Aphanomyces	Aphanomyces astaci	XP_009833631.1 acetyl-CoA carboxylase, biotin carboxylase subunit [Aphanomyces astaci]
Pcub-SC1982_037_000078.1	OWZ17355.1	36.4	88	167	758	1.74e-09	60.5	50.9	4795	Oomycota	Phytophthora	Phytophthora megakarya	OWZ17355.1 Acetyl-CoA carboxylase [Phytophthora megakarya]
Pcub-SC1982_037_000078.1	KAK1946603.1	37.5	88	167	760	1.74e-09	60.5	50.9	4793	Oomycota	Phytophthora	Phytophthora citrophthora	KAK1946603.1 Propionyl-CoA carboxylase alpha chain [Phytophthora citrophthora]
Pcub-SC1982_037_000079.1	KAJ0394068.1	24.6	353	938	470	6.32e-05	52.0	34.8	114742	Oomycota	Pythium	Pythium insidiosum	KAJ0394068.1 hypothetical protein P43SY_002169 [Pythium insidiosum]
Pcub-SC1982_037_000079.1	KAJ0393055.1	23.4	351	938	476	6.38e-05	52.0	34.8	114742	Oomycota	Pythium	Pythium insidiosum	KAJ0393055.1 hypothetical protein ATCC90586_001826 [Pythium insidiosum]
Pcub-SC1982_037_000079.1	RHY22954.1	24.4	344	938	474	2.53e-04	50.1	33.6	157072	Oomycota	Aphanomyces	Aphanomyces invadans	RHY22954.1 hypothetical protein DYB32_009347 [Aphanomyces invadans]
Pcub-SC1982_037_000079.1	XP_008863492.1	24.4	344	938	474	2.53e-04	50.1	33.6	157072	Oomycota	Aphanomyces	Aphanomyces invadans	XP_008863492.1 hypothetical protein H310_01924 [Aphanomyces invadans]
Pcub-SC1982_037_000079.1	KAJ0398805.1	24.4	336	938	592	2.87e-04	50.1	32.7	114742	Oomycota	Pythium	Pythium insidiosum	KAJ0398805.1 hypothetical protein ATCC90586_004727 [Pythium insidiosum]
Pcub-SC1982_037_000079.1	TMW61841.1	23.1	351	938	538	4.74e-04	49.3	34.5	41045	Oomycota	Pythium	Pythium oligandrum	TMW61841.1 hypothetical protein Poli38472_010904 [Pythium oligandrum]
Pcub-SC1982_037_000079.1	GLE04613.1	24.9	325	938	636	6.74e-04	48.9	30.7	114742	Oomycota	Pythium	Pythium insidiosum	GLE04613.1 hypothetical protein PINS_up013583 [Pythium insidiosum]
Pcub-SC1982_037_000079.1	KAF0719987.1	23.2	311	938	486	7.75e-04	48.5	30.8	120398	Oomycota	Aphanomyces	Aphanomyces stellatus	KAF0719987.1 hypothetical protein As57867_000637 [Aphanomyces stellatus]
Pcub-SC1982_037_000160.1	KAG2963707.1	37.5	88	287	105	5.25e-11	63.2	30.7	29920	Oomycota	Phytophthora	Phytophthora cactorum	KAG2963707.1 hypothetical protein PC120_g27492 [Phytophthora cactorum]
Pcub-SC1982_037_000160.1	KAG2870181.1	33.6	107	287	155	7.92e-10	61.2	37.3	29920	Oomycota	Phytophthora	Phytophthora cactorum	KAG2870181.1 hypothetical protein PC115_g25196 [Phytophthora cactorum]
Pcub-SC1982_037_000160.1	KAG3093702.1	37.5	88	287	537	1.91e-09	63.2	30.7	29920	Oomycota	Phytophthora	Phytophthora cactorum	KAG3093702.1 hypothetical protein PC122_g6064 [Phytophthora cactorum]
Pcub-SC1982_037_000160.1	KAF4323095.1	37.5	88	287	1491	2.52e-09	63.2	30.7	1284355	Oomycota	Phytophthora	Phytophthora kernoviae	KAF4323095.1 hypothetical protein G195_003900 [Phytophthora kernoviae 00238/432]
Pcub-SC1982_037_000160.1	KAE9084353.1	37.9	103	287	199	3.16e-09	60.5	35.9	53985	Oomycota	Phytophthora	Phytophthora fragariae	KAE9084353.1 hypothetical protein PF010_g20864 [Phytophthora fragariae]
Pcub-SC1982_037_000160.1	KAF4325745.1	33.6	107	287	330	5.50e-09	61.2	37.3	1284355	Oomycota	Phytophthora	Phytophthora kernoviae	KAF4325745.1 hypothetical protein G195_000708, partial [Phytophthora kernoviae 00238/432]
Pcub-SC1982_037_000160.1	KAG2856414.1	28.2	124	287	155	1.36e-08	57.8	41.5	29920	Oomycota	Phytophthora	Phytophthora cactorum	KAG2856414.1 hypothetical protein PC115_g25854 [Phytophthora cactorum]
Pcub-SC1982_037_000160.1	KAF4324561.1	34.4	96	287	323	2.36e-08	59.3	32.1	1284355	Oomycota	Phytophthora	Phytophthora kernoviae	KAF4324561.1 hypothetical protein G195_002022 [Phytophthora kernoviae 00238/432]
Pcub-SC1982_037_000160.1	KAF4324602.1	37.7	77	287	245	3.89e-07	55.1	26.8	1284355	Oomycota	Phytophthora	Phytophthora kernoviae	KAF4324602.1 hypothetical protein G195_002057 [Phytophthora kernoviae 00238/432]
Pcub-SC1982_037_000160.1	KAG2974513.1	29.0	93	287	476	6.16e-07	55.5	32.4	29920	Oomycota	Phytophthora	Phytophthora cactorum	KAG2974513.1 hypothetical protein PC120_g25983 [Phytophthora cactorum]
Pcub-SC1982_037_000160.1	KAG2961971.1	25.0	156	287	194	1.04e-06	53.1	51.6	29920	Oomycota	Phytophthora	Phytophthora cactorum	KAG2961971.1 hypothetical protein PC120_g27749 [Phytophthora cactorum]
Pcub-SC1982_037_000160.1	KAF4325356.1	28.1	96	287	477	4.70e-06	52.8	33.4	1284355	Oomycota	Phytophthora	Phytophthora kernoviae	KAF4325356.1 hypothetical protein G195_001004 [Phytophthora kernoviae 00238/432]
Pcub-SC1982_037_000160.1	KAF4325785.1	27.6	98	287	642	9.47e-06	52.0	34.1	1284355	Oomycota	Phytophthora	Phytophthora kernoviae	KAF4325785.1 hypothetical protein G195_000510 [Phytophthora kernoviae 00238/432]
Pcub-SC1982_037_000160.1	KAF4324118.1	29.7	111	287	519	4.92e-05	49.7	38.0	1284355	Oomycota	Phytophthora	Phytophthora kernoviae	KAF4324118.1 hypothetical protein G195_002639 [Phytophthora kernoviae 00238/432]
Pcub-SC1982_037_000160.1	KAE9075507.1	27.5	91	287	296	1.07e-04	48.1	31.7	53985	Oomycota	Phytophthora	Phytophthora fragariae	KAE9075507.1 hypothetical protein PF010_g24272 [Phytophthora fragariae]
Pcub-SC1982_037_000159.1	KAF0737214.1	25.1	199	525	412	5.56e-04	47.8	35.8	100861	Oomycota	Aphanomyces	Aphanomyces euteiches	KAF0737214.1 hypothetical protein Ae201684_006393 [Aphanomyces euteiches]
Pcub-SC1982_037_000159.1	KAH9097443.1	25.1	199	525	405	7.27e-04	47.4	35.8	100861	Oomycota	Aphanomyces	Aphanomyces euteiches	KAH9097443.1 hypothetical protein LEN26_017021 [Aphanomyces euteiches]
Pcub-SC1982_037_000158.1	KAG2871170.1	23.5	149	964	168	4.88e-08	58.5	14.7	29920	Oomycota	Phytophthora	Phytophthora cactorum	KAG2871170.1 hypothetical protein PC115_g24916 [Phytophthora cactorum]
Pcub-SC1982_037_000089.1	KAF4325714.1	56.2	422	1502	799	3.15e-139	452	27.9	1284355	Oomycota	Phytophthora	Phytophthora kernoviae	KAF4325714.1 hypothetical protein G195_000618 [Phytophthora kernoviae 00238/432]
Pcub-SC1982_037_000089.1	CAH0490833.1	50.6	431	1502	453	3.99e-128	410	28.4	134698	Oomycota	Peronospora	Peronospora farinosa	CAH0490833.1 unnamed protein product [Peronospora farinosa]
Pcub-SC1982_037_000089.1	OQR83658.1	44.4	279	1502	293	1.01e-58	209	16.2	1202772	Oomycota	Achlya	Achlya hypogyna	OQR83658.1 bifunctional protein FolD-like [Achlya hypogyna]
Pcub-SC1982_037_000089.1	XP_024575004.1	34.5	394	1502	511	6.22e-58	214	25.6	4781	Oomycota	Plasmopara	Plasmopara halstedii	XP_024575004.1 signal recognition particle protein srp54 [Plasmopara halstedii]
Pcub-SC1982_037_000089.1	OQS03489.1	43.0	279	1502	291	1.11e-57	206	16.4	74557	Oomycota	Thraustotheca	Thraustotheca clavata	OQS03489.1 c-1-tetrahydrofolate synthase, cytoplasmic-like [Thraustotheca clavata]
Pcub-SC1982_037_000089.1	KAJ0410398.1	32.8	415	1502	515	1.40e-56	210	26.7	114742	Oomycota	Pythium	Pythium insidiosum	KAJ0410398.1 hypothetical protein P43SY_002730 [Pythium insidiosum]
Pcub-SC1982_037_000089.1	KAG2520842.1	48.4	248	1502	287	1.58e-56	202	15.3	325452	Oomycota	Phytophthora	Phytophthora kernoviae	KAG2520842.1 hypothetical protein JM18_006912 [Phytophthora kernoviae]
Pcub-SC1982_037_000089.1	KAF4318402.1	48.4	248	1502	287	1.58e-56	202	15.3	325452;1284355	Oomycota	Phytophthora	Phytophthora kernoviae	KAF4318402.1 hypothetical protein G195_008100 [Phytophthora kernoviae 00238/432]
Pcub-SC1982_037_000089.1	XP_008615547.1	43.8	281	1502	292	1.84e-56	202	16.4	1156394	Oomycota	Saprolegnia	Saprolegnia diclina	XP_008615547.1 hypothetical protein SDRG_11293 [Saprolegnia diclina VS20]
Pcub-SC1982_037_000089.1	TMW68258.1	41.5	284	1502	295	2.01e-56	202	16.3	41045	Oomycota	Pythium	Pythium oligandrum	TMW68258.1 hypothetical protein Poli38472_005726 [Pythium oligandrum]
Pcub-SC1982_037_000089.1	KAE9137765.1	33.4	392	1502	511	5.81e-56	208	25.6	53985	Oomycota	Phytophthora	Phytophthora fragariae	KAE9137765.1 Signal recognition particle protein [Phytophthora fragariae]
Pcub-SC1982_037_000089.1	KAE9138301.1	33.4	392	1502	508	7.35e-56	208	25.6	53985	Oomycota	Phytophthora	Phytophthora fragariae	KAE9138301.1 Signal recognition particle protein [Phytophthora fragariae]
Pcub-SC1982_037_000089.1	KAE8949304.1	33.4	392	1502	511	7.86e-56	208	25.6	53985	Oomycota	Phytophthora	Phytophthora fragariae	KAE8949304.1 Signal recognition particle protein [Phytophthora fragariae]
Pcub-SC1982_037_000089.1	KAH9113299.1	44.5	256	1502	298	1.02e-55	201	14.8	100861	Oomycota	Aphanomyces	Aphanomyces euteiches	KAH9113299.1 hypothetical protein AeMF1_012472 [Aphanomyces euteiches]
Pcub-SC1982_037_000089.1	KAE9015840.1	33.2	392	1502	511	1.06e-55	207	25.6	129364	Oomycota	Phytophthora	Phytophthora rubi	KAE9015840.1 Signal recognition particle protein [Phytophthora rubi]
Pcub-SC1982_037_000089.1	XP_012194852.1	43.7	261	1502	292	1.17e-55	200	15.2	695850	Oomycota	Saprolegnia	Saprolegnia parasitica	XP_012194852.1 hypothetical protein SPRG_01237 [Saprolegnia parasitica CBS 223.65]
Pcub-SC1982_037_000089.1	XP_009846007.1	44.5	256	1502	298	1.39e-55	200	14.8	112090	Oomycota	Aphanomyces	Aphanomyces astaci	XP_009846007.1 hypothetical protein H257_18610 [Aphanomyces astaci]
Pcub-SC1982_037_000089.1	RHY31455.1	33.3	417	1502	507	1.78e-55	207	27.3	157072	Oomycota	Aphanomyces	Aphanomyces invadans	RHY31455.1 hypothetical protein DYB32_003487 [Aphanomyces invadans]
Pcub-SC1982_037_000089.1	KAG1704179.1	32.9	392	1502	511	1.95e-55	207	25.6	4784	Oomycota	Phytophthora	Phytophthora capsici	KAG1704179.1 hypothetical protein DVH05_006188 [Phytophthora capsici]
Pcub-SC1982_037_000089.1	XP_008866173.1	44.9	256	1502	298	2.58e-55	199	14.8	157072	Oomycota	Aphanomyces	Aphanomyces invadans	XP_008866173.1 hypothetical protein H310_03884 [Aphanomyces invadans]
Pcub-SC1982_037_000089.1	KAF0713909.1	43.8	274	1502	298	2.58e-55	199	15.8	120398	Oomycota	Aphanomyces	Aphanomyces stellatus	KAF0713909.1 hypothetical protein As57867_004150 [Aphanomyces stellatus]
Pcub-SC1982_037_000089.1	TDH67597.1	33.4	392	1502	511	2.63e-55	206	25.6	4779	Oomycota	Bremia	Bremia lactucae	TDH67597.1 hypothetical protein CCR75_006217 [Bremia lactucae]
Pcub-SC1982_037_000089.1	RHY20540.1	44.5	256	1502	330	3.52e-55	200	14.8	112090	Oomycota	Aphanomyces	Aphanomyces astaci	RHY20540.1 hypothetical protein DYB25_005658 [Aphanomyces astaci]
Pcub-SC1982_037_000089.1	XP_009526361.1	31.8	418	1502	511	3.56e-55	206	27.3	67593	Oomycota	Phytophthora	Phytophthora sojae	XP_009526361.1 hypothetical protein PHYSODRAFT_360478 [Phytophthora sojae]
Pcub-SC1982_037_000089.1	KAI9912540.1	33.2	392	1502	541	3.72e-55	207	25.6	230839	Oomycota	Peronosclerospora	Peronosclerospora sorghi	KAI9912540.1 hypothetical protein PsorP6_005432 [Peronosclerospora sorghi]
Pcub-SC1982_037_000090.1	WP_285080760.1	43.8	146	150	154	5.16e-39	133	97.3	185978;1284355	Bacillota;Oomycota	Phytophthora;Paenibacillus	Phytophthora kernoviae	WP_285080760.1 MULTISPECIES: thioredoxin-dependent thiol peroxidase [unclassified Paenibacillus]
Pcub-SC1982_037_000090.1	KAG7381267.1	37.5	144	150	370	3.13e-20	89.7	94.7	221518	Oomycota	Phytophthora	Phytophthora pseudosyringae	KAG7381267.1 hypothetical protein PHYPSEUDO_006238 [Phytophthora pseudosyringae]
Pcub-SC1982_037_000090.1	KAF0695616.1	33.3	147	150	227	6.33e-20	86.7	97.3	120398	Oomycota	Aphanomyces	Aphanomyces stellatus	KAF0695616.1 hypothetical protein As57867_013517 [Aphanomyces stellatus]
Pcub-SC1982_037_000090.1	XP_024576685.1	39.8	128	150	364	1.51e-19	87.8	84.7	4781	Oomycota	Plasmopara	Plasmopara halstedii	XP_024576685.1 -tsa-domain-containing protein [Plasmopara halstedii]
Pcub-SC1982_037_000090.1	ETP50613.1	36.7	150	150	370	1.59e-19	87.8	98.7	1317064	Oomycota	Phytophthora	Phytophthora nicotianae	ETP50613.1 hypothetical protein F442_04117 [Phytophthora nicotianae P10297]
Pcub-SC1982_037_000090.1	TDH68088.1	36.1	144	150	371	1.60e-19	87.8	94.7	4779	Oomycota	Bremia	Bremia lactucae	TDH68088.1 hypothetical protein CCR75_003807 [Bremia lactucae]
Pcub-SC1982_037_000090.1	CAI5718989.1	35.8	151	150	372	2.23e-19	87.4	99.3	86335	Oomycota	Peronospora	Peronospora destructor	CAI5718989.1 unnamed protein product [Peronospora destructor]
Pcub-SC1982_037_000090.1	RHY88057.1	35.5	141	150	245	2.42e-19	85.5	93.3	112090	Oomycota	Aphanomyces	Aphanomyces astaci	RHY88057.1 hypothetical protein DYB35_005295 [Aphanomyces astaci]
Pcub-SC1982_037_000090.1	XP_008901350.1	36.7	150	150	367	2.96e-19	87.0	98.7	4792;761204;1317066	Oomycota	Phytophthora	Phytophthora nicotianae	XP_008901350.1 hypothetical protein PPTG_08167 [Phytophthora nicotianae INRA-310]
Pcub-SC1982_037_000090.1	ETI52825.1	36.7	150	150	370	3.03e-19	87.0	98.7	4792;1317063;1317065	Oomycota	Phytophthora	Phytophthora nicotianae	ETI52825.1 hypothetical protein F443_04144 [Phytophthora nicotianae P1569]
Pcub-SC1982_037_000090.1	ETL99257.1	36.7	150	150	370	3.03e-19	87.0	98.7	4792	Oomycota	Phytophthora	Phytophthora nicotianae	ETL99257.1 hypothetical protein L917_03872 [Phytophthora nicotianae]
Pcub-SC1982_037_000090.1	RHY02005.1	35.5	141	150	245	4.74e-19	84.7	93.3	112090	Oomycota	Aphanomyces	Aphanomyces astaci	RHY02005.1 hypothetical protein DYB25_004906 [Aphanomyces astaci]
Pcub-SC1982_037_000090.1	XP_008868811.1	36.2	141	150	236	5.68e-19	84.3	93.3	157072	Oomycota	Aphanomyces	Aphanomyces invadans	XP_008868811.1 hypothetical protein H310_05772 [Aphanomyces invadans]
Pcub-SC1982_037_000090.1	KUF93009.1	36.7	150	150	605	5.81e-19	87.0	98.7	4792	Oomycota	Phytophthora	Phytophthora nicotianae	KUF93009.1 hypothetical protein AM588_10006402 [Phytophthora nicotianae]
Pcub-SC1982_037_000090.1	KUF76415.1	36.7	150	150	797	6.07e-19	87.0	98.7	4792	Oomycota	Phytophthora	Phytophthora nicotianae	KUF76415.1 Peroxiredoxin [Phytophthora nicotianae]
Pcub-SC1982_037_000090.1	KAK1944899.1	34.7	150	150	904	6.16e-19	87.0	98.7	4793	Oomycota	Phytophthora	Phytophthora citrophthora	KAK1944899.1 Peroxiredoxin bcp1 [Phytophthora citrophthora]
Pcub-SC1982_037_000090.1	CAH0484962.1	34.4	151	150	379	6.18e-19	86.3	99.3	134698	Oomycota	Peronospora	Peronospora farinosa	CAH0484962.1 unnamed protein product [Peronospora farinosa]
Pcub-SC1982_037_000090.1	XP_009840196.1	35.5	141	150	245	6.64e-19	84.3	93.3	112090	Oomycota	Aphanomyces	Aphanomyces astaci	XP_009840196.1 hypothetical protein H257_14139 [Aphanomyces astaci]
Pcub-SC1982_037_000090.1	KAG1710762.1	34.0	150	150	365	7.69e-19	85.9	98.7	4784	Oomycota	Phytophthora	Phytophthora capsici	KAG1710762.1 hypothetical protein DVH05_013486 [Phytophthora capsici]
Pcub-SC1982_037_000090.1	CAI5712201.1	35.1	151	150	369	7.93e-19	85.9	99.3	86335	Oomycota	Peronospora	Peronospora destructor	CAI5712201.1 unnamed protein product [Peronospora destructor]
Pcub-SC1982_037_000090.1	KAH7474424.1	36.0	150	150	369	7.93e-19	85.9	98.7	164328	Oomycota	Phytophthora	Phytophthora ramorum	KAH7474424.1 Peroxiredoxin bcp1 [Phytophthora ramorum]
Pcub-SC1982_037_000090.1	XP_002909173.1	35.3	150	150	344	1.23e-18	85.1	98.7	403677	Oomycota	Phytophthora	Phytophthora infestans	XP_002909173.1 peroxiredoxin-like protein [Phytophthora infestans T30-4]
Pcub-SC1982_037_000090.1	KAF4040102.1	35.3	150	150	370	1.52e-18	85.1	98.7	4787	Oomycota	Phytophthora	Phytophthora infestans	KAF4040102.1 AhpC/TSA family [Phytophthora infestans]
Pcub-SC1982_037_000090.1	RMX63290.1	34.4	151	150	379	1.62e-18	85.1	99.3	542832	Oomycota	Peronospora	Peronospora effusa	RMX63290.1 hypothetical protein DD238_007312 [Peronospora effusa]
Pcub-SC1982_037_000090.1	UIZ22995.1	34.4	151	150	379	1.62e-18	85.1	99.3	542832	Oomycota	Peronospora	Peronospora effusa	UIZ22995.1 hypothetical protein KXD40_003721 [Peronospora effusa]
Pcub-SC1982_037_000091.1	XP_008871148.1	57.9	330	342	408	2.11e-142	413	96.2	157072	Oomycota	Aphanomyces	Aphanomyces invadans	XP_008871148.1 protein RecA [Aphanomyces invadans]
Pcub-SC1982_037_000091.1	KAF0739566.1	56.9	332	342	395	1.56e-141	410	96.8	100861	Oomycota	Aphanomyces	Aphanomyces euteiches	KAF0739566.1 hypothetical protein Ae201684_004747 [Aphanomyces euteiches]
Pcub-SC1982_037_000091.1	XP_009831111.1	57.7	326	342	408	1.71e-141	410	95.0	112090	Oomycota	Aphanomyces	Aphanomyces astaci	XP_009831111.1 protein RecA [Aphanomyces astaci]
Pcub-SC1982_037_000091.1	WP_010248510.1	59.3	337	342	355	9.21e-141	407	98.5	549;53335;134698	Pseudomonadota;Oomycota	Pantoea;Peronospora	Pantoea agglomerans;Peronospora farinosa	WP_010248510.1 MULTISPECIES: recombinase RecA [Pantoea]
Pcub-SC1982_037_000091.1	OQR90814.1	59.2	321	342	408	1.97e-140	408	93.6	1202772	Oomycota	Achlya	Achlya hypogyna	OQR90814.1 protein recA [Achlya hypogyna]
Pcub-SC1982_037_000091.1	KAG9401397.1	57.4	319	342	361	9.22e-140	404	93.0	112091	Oomycota	Aphanomyces	Aphanomyces cochlioides	KAG9401397.1 hypothetical protein AC1031_009256 [Aphanomyces cochlioides]
Pcub-SC1982_037_000091.1	XP_012207083.1	59.2	321	342	405	1.45e-139	405	93.6	695850	Oomycota	Saprolegnia	Saprolegnia parasitica	XP_012207083.1 RecA protein [Saprolegnia parasitica CBS 223.65]
Pcub-SC1982_037_000091.1	XP_012207801.1	59.2	321	342	405	1.45e-139	405	93.6	695850	Oomycota	Saprolegnia	Saprolegnia parasitica	XP_012207801.1 RecA protein [Saprolegnia parasitica CBS 223.65]
Pcub-SC1982_037_000091.1	XP_008617739.1	58.9	321	342	405	2.06e-139	405	93.6	1156394	Oomycota	Saprolegnia	Saprolegnia diclina	XP_008617739.1 RecA protein [Saprolegnia diclina VS20]
Pcub-SC1982_037_000091.1	KAH9107711.1	59.5	304	342	346	9.79e-136	394	88.6	100861	Oomycota	Aphanomyces	Aphanomyces euteiches	KAH9107711.1 hypothetical protein AeMF1_016996 [Aphanomyces euteiches]
Pcub-SC1982_037_000091.1	TYZ62235.1	57.3	328	342	412	1.13e-135	396	95.0	1485010	Oomycota	Globisporangium	[Pythium] brassicae (nom. inval.)	TYZ62235.1 hypothetical protein PybrP1_002096 [[Pythium] brassicae (nom. inval.)]
Pcub-SC1982_037_000091.1	KAK1933978.1	57.1	333	342	431	1.50e-135	396	96.2	4793	Oomycota	Phytophthora	Phytophthora citrophthora	KAK1933978.1 Protein RecA [Phytophthora citrophthora]
Pcub-SC1982_037_000091.1	KAF4322206.1	57.1	333	342	425	1.75e-135	396	96.2	325452;1284355	Oomycota	Phytophthora	Phytophthora kernoviae	KAF4322206.1 hypothetical protein G195_004448 [Phytophthora kernoviae 00238/432]
Pcub-SC1982_037_000091.1	RLN63386.1	57.8	325	342	370	3.16e-135	393	93.9	325452	Oomycota	Phytophthora	Phytophthora kernoviae	RLN63386.1 hypothetical protein BBP00_00004186 [Phytophthora kernoviae]
Pcub-SC1982_037_000091.1	KAJ0393132.1	57.1	324	342	447	5.12e-135	395	93.9	114742	Oomycota	Pythium	Pythium insidiosum	KAJ0393132.1 hypothetical protein P43SY_005427 [Pythium insidiosum]
Pcub-SC1982_037_000091.1	RHY34496.1	60.7	295	342	308	6.09e-135	390	86.0	157072	Oomycota	Aphanomyces	Aphanomyces invadans	RHY34496.1 hypothetical protein DYB32_000898 [Aphanomyces invadans]
Pcub-SC1982_037_000091.1	GLE05566.1	57.1	322	342	377	8.07e-135	392	93.3	114742	Oomycota	Pythium	Pythium insidiosum	GLE05566.1 hypothetical protein PINS_up014598 [Pythium insidiosum]
Pcub-SC1982_037_000091.1	KAH7465825.1	57.4	333	342	435	9.82e-135	394	96.2	164328	Oomycota	Phytophthora	Phytophthora ramorum	KAH7465825.1 Protein RecA [Phytophthora ramorum]
Pcub-SC1982_037_000091.1	KAG6604604.1	56.8	333	342	425	1.42e-134	394	96.2	4785	Oomycota	Phytophthora	Phytophthora cinnamomi	KAG6604604.1 protein RecA [Phytophthora cinnamomi]
Pcub-SC1982_037_000091.1	OWZ14763.1	56.8	333	342	417	1.54e-134	393	96.2	4795	Oomycota	Phytophthora	Phytophthora megakarya	OWZ14763.1 Protein RecA [Phytophthora megakarya]
Pcub-SC1982_037_000091.1	KAG1693819.1	57.6	321	342	373	2.85e-134	391	92.7	4784	Oomycota	Phytophthora	Phytophthora capsici	KAG1693819.1 hypothetical protein DVH05_022921 [Phytophthora capsici]
Pcub-SC1982_037_000091.1	KAG3082978.1	56.8	333	342	419	3.31e-134	392	96.2	53986	Oomycota	Phytophthora	Phytophthora idaei	KAG3082978.1 hypothetical protein PI125_g19845 [Phytophthora idaei]
Pcub-SC1982_037_000091.1	KAG2770892.1	56.8	333	342	419	3.31e-134	392	96.2	29920	Oomycota	Phytophthora	Phytophthora cactorum	KAG2770892.1 hypothetical protein Pcac1_g18082 [Phytophthora cactorum]
Pcub-SC1982_037_000091.1	KAG7401295.1	57.1	329	342	426	4.17e-134	392	95.0	109152	Oomycota	Phytophthora	Phytophthora boehmeriae	KAG7401295.1 hypothetical protein PHYBOEH_002099 [Phytophthora boehmeriae]
Pcub-SC1982_037_000091.1	KAG7383819.1	56.9	332	342	421	7.10e-134	392	95.9	221518	Oomycota	Phytophthora	Phytophthora pseudosyringae	KAG7383819.1 hypothetical protein PHYPSEUDO_003302 [Phytophthora pseudosyringae]
Pcub-SC1982_037_000100.1	KAF4325643.1	53.2	363	406	654	3.09e-116	357	89.4	1284355	Oomycota	Phytophthora	Phytophthora kernoviae	KAF4325643.1 hypothetical protein G195_000628 [Phytophthora kernoviae 00238/432]
Pcub-SC1982_037_000100.1	XP_012204401.1	45.6	401	406	438	4.90e-114	344	98.8	695850	Oomycota	Saprolegnia	Saprolegnia parasitica	XP_012204401.1 hypothetical protein SPRG_09585 [Saprolegnia parasitica CBS 223.65]
Pcub-SC1982_037_000100.1	XP_008880547.1	46.1	401	406	436	6.51e-114	344	98.8	157072	Oomycota	Aphanomyces	Aphanomyces invadans	XP_008880547.1 hypothetical protein H310_14460 [Aphanomyces invadans]
Pcub-SC1982_037_000100.1	RHY29472.1	46.1	401	406	436	9.21e-114	343	98.8	157072	Oomycota	Aphanomyces	Aphanomyces invadans	RHY29472.1 hypothetical protein DYB32_005111 [Aphanomyces invadans]
Pcub-SC1982_037_000100.1	KAE9018311.1	46.9	401	406	437	1.34e-113	343	98.8	129364	Oomycota	Phytophthora	Phytophthora rubi	KAE9018311.1 Succinate--CoA ligase [ADP-forming] subunit beta [Phytophthora rubi]
Pcub-SC1982_037_000100.1	XP_024584028.1	46.9	401	406	437	1.34e-113	343	98.8	4781	Oomycota	Plasmopara	Plasmopara halstedii	XP_024584028.1 succinate-ligase [Plasmopara halstedii]
Pcub-SC1982_037_000100.1	KAF0695651.1	46.1	401	406	437	1.90e-113	343	98.8	120398	Oomycota	Aphanomyces	Aphanomyces stellatus	KAF0695651.1 hypothetical protein As57867_013495 [Aphanomyces stellatus]
Pcub-SC1982_037_000100.1	KAI9919177.1	47.6	401	406	437	2.69e-113	342	98.8	230839	Oomycota	Peronosclerospora	Peronosclerospora sorghi	KAI9919177.1 hypothetical protein PsorP6_011839 [Peronosclerospora sorghi]
Pcub-SC1982_037_000100.1	CAI5746780.1	46.9	401	406	437	2.69e-113	342	98.8	86335	Oomycota	Peronospora	Peronospora destructor	CAI5746780.1 unnamed protein product [Peronospora destructor]
Pcub-SC1982_037_000100.1	KAE8936125.1	46.9	401	406	437	3.81e-113	342	98.8	53985	Oomycota	Phytophthora	Phytophthora fragariae	KAE8936125.1 Succinate--CoA ligase [ADP-forming] subunit beta [Phytophthora fragariae]
Pcub-SC1982_037_000100.1	XP_008618375.1	45.4	401	406	438	3.93e-113	342	98.8	1156394	Oomycota	Saprolegnia	Saprolegnia diclina	XP_008618375.1 succinyl-CoA synthetase beta subunit [Saprolegnia diclina VS20]
Pcub-SC1982_037_000100.1	KAG3085749.1	46.9	401	406	437	5.39e-113	342	98.8	53986	Oomycota	Phytophthora	Phytophthora idaei	KAG3085749.1 Succinate--CoA ligase [ADP-forming] subunit beta [Phytophthora idaei]
Pcub-SC1982_037_000100.1	KAG6957577.1	46.9	401	406	437	5.39e-113	342	98.8	2496075	Oomycota	Phytophthora	Phytophthora aleatoria	KAG6957577.1 hypothetical protein JG688_00010904 [Phytophthora aleatoria]
Pcub-SC1982_037_000100.1	ETI31495.1	46.6	401	406	437	1.08e-112	341	98.8	4792;1317063;1317064;1317065;1317066	Oomycota	Phytophthora	Phytophthora nicotianae	ETI31495.1 hypothetical protein F443_21540 [Phytophthora nicotianae P1569]
Pcub-SC1982_037_000100.1	KAH9089221.1	46.1	401	406	437	1.08e-112	341	98.8	100861	Oomycota	Aphanomyces	Aphanomyces euteiches	KAH9089221.1 hypothetical protein Ae201684P_001426 [Aphanomyces euteiches]
Pcub-SC1982_037_000100.1	KAF0730756.1	46.1	401	406	440	1.19e-112	341	98.8	100861	Oomycota	Aphanomyces	Aphanomyces euteiches	KAF0730756.1 hypothetical protein Ae201684_011865 [Aphanomyces euteiches]
Pcub-SC1982_037_000100.1	RHY95260.1	45.6	401	406	436	1.48e-112	340	98.8	112090	Oomycota	Aphanomyces	Aphanomyces astaci	RHY95260.1 hypothetical protein DYB35_007094 [Aphanomyces astaci]
Pcub-SC1982_037_000100.1	KAG2787268.1	46.9	401	406	437	1.53e-112	340	98.8	29920	Oomycota	Phytophthora	Phytophthora cactorum	KAG2787268.1 Succinate--CoA ligase [ADP-forming] subunit beta [Phytophthora cactorum]
Pcub-SC1982_037_000100.1	KAG1692092.1	46.6	401	406	437	2.16e-112	340	98.8	4784	Oomycota	Phytophthora	Phytophthora capsici	KAG1692092.1 hypothetical protein DVH05_025900 [Phytophthora capsici]
Pcub-SC1982_037_000100.1	RHY07441.1	45.6	401	406	436	2.96e-112	340	98.8	112090	Oomycota	Aphanomyces	Aphanomyces astaci	RHY07441.1 hypothetical protein DYB36_002756 [Aphanomyces astaci]
Pcub-SC1982_037_000100.1	KAG7382333.1	46.6	401	406	437	3.06e-112	340	98.8	221518	Oomycota	Phytophthora	Phytophthora pseudosyringae	KAG7382333.1 beta' subunit [Phytophthora pseudosyringae]
Pcub-SC1982_037_000100.1	OQR89856.1	44.9	401	406	436	4.19e-112	339	98.8	74557	Oomycota	Thraustotheca	Thraustotheca clavata	OQR89856.1 succinyl-CoA ligase beta-chain, mitochondrial precursor [Thraustotheca clavata]
Pcub-SC1982_037_000100.1	KAJ0397310.1	46.9	401	406	443	5.22e-112	339	98.8	114742	Oomycota	Pythium	Pythium insidiosum	KAJ0397310.1 hypothetical protein P43SY_004029 [Pythium insidiosum]
Pcub-SC1982_037_000100.1	GLE09597.1	46.9	401	406	443	5.22e-112	339	98.8	114742	Oomycota	Pythium	Pythium insidiosum	GLE09597.1 hypothetical protein PINS_up021325 [Pythium insidiosum]
Pcub-SC1982_037_000100.1	KAG9401021.1	45.9	401	406	437	6.12e-112	339	98.8	112091	Oomycota	Aphanomyces	Aphanomyces cochlioides	KAG9401021.1 beta' subunit [Aphanomyces cochlioides]
Pcub-SC1982_037_000101.1	KAK1944526.1	49.6	472	493	687	5.80e-157	466	95.5	4793	Oomycota	Phytophthora	Phytophthora citrophthora	KAK1944526.1 Methylcrotonoyl-CoA carboxylase subunit alpha [Phytophthora citrophthora]
Pcub-SC1982_037_000101.1	KAG2790605.1	51.7	443	493	702	9.13e-157	466	89.7	29920	Oomycota	Phytophthora	Phytophthora cactorum	KAG2790605.1 Methylcrotonoyl-CoA carboxylase subunit alpha [Phytophthora cactorum]
Pcub-SC1982_037_000101.1	KAG4056465.1	51.7	443	493	702	9.13e-157	466	89.7	29920	Oomycota	Phytophthora	Phytophthora cactorum	KAG4056465.1 Methylcrotonoyl-CoA carboxylase subunit alpha [Phytophthora cactorum]
Pcub-SC1982_037_000101.1	XP_002905397.1	51.0	443	493	682	1.41e-156	465	89.7	403677	Oomycota	Phytophthora	Phytophthora infestans	XP_002905397.1 methylcrotonoyl-CoA carboxylase subunit alpha, putative [Phytophthora infestans T30-4]
Pcub-SC1982_037_000101.1	KAF4147018.1	51.0	443	493	702	1.83e-156	465	89.7	4787	Oomycota	Phytophthora	Phytophthora infestans	KAF4147018.1 Biotin-requiring enzyme [Phytophthora infestans]
Pcub-SC1982_037_000101.1	KAG1690190.1	49.5	473	493	696	2.15e-156	465	95.7	4784	Oomycota	Phytophthora	Phytophthora capsici	KAG1690190.1 hypothetical protein DVH05_028264 [Phytophthora capsici]
Pcub-SC1982_037_000101.1	XP_008895384.1	49.6	472	493	702	2.58e-156	465	95.5	761204	Oomycota	Phytophthora	Phytophthora nicotianae	XP_008895384.1 acetyl-CoA carboxylase, biotin carboxylase subunit [Phytophthora nicotianae INRA-310]
Pcub-SC1982_037_000101.1	ETI38472.1	49.6	472	493	702	2.58e-156	465	95.5	4792;1317063;1317065	Oomycota	Phytophthora	Phytophthora nicotianae	ETI38472.1 acetyl-CoA carboxylase, biotin carboxylase subunit [Phytophthora nicotianae P1569]
Pcub-SC1982_037_000101.1	KAG3087848.1	51.5	443	493	702	3.65e-156	464	89.7	53986	Oomycota	Phytophthora	Phytophthora idaei	KAG3087848.1 Methylcrotonoyl-CoA carboxylase subunit alpha [Phytophthora idaei]
Pcub-SC1982_037_000101.1	ETO67246.1	49.6	472	493	702	3.65e-156	464	95.5	1317066	Oomycota	Phytophthora	Phytophthora nicotianae	ETO67246.1 acetyl-CoA carboxylase, biotin carboxylase subunit [Phytophthora nicotianae P1976]
Pcub-SC1982_037_000101.1	ETL85354.1	49.6	472	493	702	3.65e-156	464	95.5	4792	Oomycota	Phytophthora	Phytophthora nicotianae	ETL85354.1 acetyl-CoA carboxylase, biotin carboxylase subunit [Phytophthora nicotianae]
Pcub-SC1982_037_000101.1	ETP36423.1	49.6	472	493	702	7.29e-156	464	95.5	1317064	Oomycota	Phytophthora	Phytophthora nicotianae	ETP36423.1 acetyl-CoA carboxylase, biotin carboxylase subunit [Phytophthora nicotianae P10297]
Pcub-SC1982_037_000101.1	KAG7400658.1	50.6	443	493	704	6.18e-155	461	89.7	109152	Oomycota	Phytophthora	Phytophthora boehmeriae	KAG7400658.1 hypothetical protein PHYBOEH_004927 [Phytophthora boehmeriae]
Pcub-SC1982_037_000101.1	CAI5732962.1	50.6	443	493	703	1.20e-154	461	89.7	162125	Oomycota	Hyaloperonospora	Hyaloperonospora brassicae	CAI5732962.1 unnamed protein product [Hyaloperonospora brassicae]
Pcub-SC1982_037_000101.1	KAG7385301.1	48.5	487	493	703	1.35e-153	458	98.2	221518	Oomycota	Phytophthora	Phytophthora pseudosyringae	KAG7385301.1 hypothetical protein PHYPSEUDO_001678 [Phytophthora pseudosyringae]
Pcub-SC1982_037_000101.1	XP_009538690.1	50.6	443	493	684	1.53e-153	457	89.7	67593	Oomycota	Phytophthora	Phytophthora sojae	XP_009538690.1 hypothetical protein PHYSODRAFT_566334 [Phytophthora sojae]
Pcub-SC1982_037_000101.1	TYZ67132.1	51.0	443	493	709	1.62e-153	458	89.7	1485010	Oomycota	Globisporangium	[Pythium] brassicae (nom. inval.)	TYZ67132.1 hypothetical protein PybrP1_009694 [[Pythium] brassicae (nom. inval.)]
Pcub-SC1982_037_000101.1	CAI5703744.1	51.0	443	493	703	5.41e-153	456	89.7	542832	Oomycota	Peronospora	Peronospora effusa	CAI5703744.1 unnamed protein product [Peronospora effusa]
Pcub-SC1982_037_000101.1	RMX63389.1	51.0	443	493	703	5.41e-153	456	89.7	542832	Oomycota	Peronospora	Peronospora effusa	RMX63389.1 hypothetical protein DD238_007714 [Peronospora effusa]
Pcub-SC1982_037_000101.1	TDH73278.1	48.3	491	493	703	7.64e-153	456	99.4	4779	Oomycota	Bremia	Bremia lactucae	TDH73278.1 hypothetical protein CCR75_005477 [Bremia lactucae]
Pcub-SC1982_037_000101.1	KAF1319569.1	50.8	443	493	711	1.37e-152	456	89.7	82926	Oomycota	Globisporangium	Globisporangium splendens	KAF1319569.1 Acetyl-coa carboxylase, biotin carboxylase subunit, partial [Globisporangium splendens]
Pcub-SC1982_037_000101.1	KAG6618967.1	48.5	472	493	705	1.62e-152	455	95.5	4785	Oomycota	Phytophthora	Phytophthora cinnamomi	KAG6618967.1 acetyl-CoA carboxylase, biotin carboxylase subunit [Phytophthora cinnamomi]
Pcub-SC1982_037_000101.1	CAH0487501.1	51.0	443	493	703	2.16e-152	455	89.7	134698	Oomycota	Peronospora	Peronospora farinosa	CAH0487501.1 unnamed protein product [Peronospora farinosa]
Pcub-SC1982_037_000101.1	KAH7479727.1	48.3	472	493	703	2.43e-151	452	95.5	164328	Oomycota	Phytophthora	Phytophthora ramorum	KAH7479727.1 Methylcrotonoyl-CoA carboxylase subunit alpha, mitochondrial [Phytophthora ramorum]
Pcub-SC1982_037_000101.1	OQS07486.1	47.0	496	493	834	3.23e-151	456	99.8	74557	Oomycota	Thraustotheca	Thraustotheca clavata	OQS07486.1 methylcrotonoyl-CoA carboxylase subunit alpha [Thraustotheca clavata]
Pcub-SC1982_037_000150.1	KAJ0409396.1	30.1	379	1311	645	1.39e-40	165	24.9	114742	Oomycota	Pythium	Pythium insidiosum	KAJ0409396.1 hypothetical protein P43SY_002286 [Pythium insidiosum]
Pcub-SC1982_037_000150.1	KAJ0408647.1	29.8	379	1311	645	2.48e-40	164	24.9	114742	Oomycota	Pythium	Pythium insidiosum	KAJ0408647.1 hypothetical protein ATCC90586_006348 [Pythium insidiosum]
Pcub-SC1982_037_000150.1	KAF1315272.1	29.4	377	1311	652	2.69e-40	164	24.9	82926	Oomycota	Globisporangium	Globisporangium splendens	KAF1315272.1 Cdk5 regulatory subunit-associated protein 1, partial [Globisporangium splendens]
Pcub-SC1982_037_000150.1	KAF1315737.1	29.4	377	1311	657	2.85e-40	164	24.9	82926	Oomycota	Globisporangium	Globisporangium splendens	KAF1315737.1 Cdk5 regulatory subunit-associated protein 1, partial [Globisporangium splendens]
Pcub-SC1982_037_000150.1	GLE08729.1	29.6	379	1311	569	3.95e-40	162	24.9	114742	Oomycota	Pythium	Pythium insidiosum	GLE08729.1 hypothetical protein PINS_up020130 [Pythium insidiosum]
Pcub-SC1982_037_000150.1	TMW67745.1	29.6	375	1311	620	4.39e-40	163	24.9	41045	Oomycota	Pythium	Pythium oligandrum	TMW67745.1 hypothetical protein Poli38472_007417 [Pythium oligandrum]
Pcub-SC1982_037_000150.1	RLN48529.1	30.4	372	1311	601	8.27e-40	162	26.6	325452	Oomycota	Phytophthora	Phytophthora kernoviae	RLN48529.1 hypothetical protein BBJ29_007407 [Phytophthora kernoviae]
Pcub-SC1982_037_000150.1	GLE00175.1	29.6	379	1311	654	1.18e-39	162	24.9	114742	Oomycota	Pythium	Pythium insidiosum	GLE00175.1 hypothetical protein PINS_up008902 [Pythium insidiosum]
Pcub-SC1982_037_000150.1	KAF4325624.1	27.5	396	1311	391	1.83e-39	156	29.5	1284355	Oomycota	Phytophthora	Phytophthora kernoviae	KAF4325624.1 hypothetical protein G195_000669 [Phytophthora kernoviae 00238/432]
Pcub-SC1982_037_000150.1	XP_009533791.1	29.9	371	1311	597	2.53e-39	160	24.8	67593	Oomycota	Phytophthora	Phytophthora sojae	XP_009533791.1 hypothetical protein PHYSODRAFT_317995 [Phytophthora sojae]
Pcub-SC1982_037_000150.1	KUF98002.1	29.0	369	1311	522	8.97e-39	157	24.6	4792	Oomycota	Phytophthora	Phytophthora nicotianae	KUF98002.1 hypothetical protein AM588_10007301 [Phytophthora nicotianae]
Pcub-SC1982_037_000150.1	GMF55892.1	29.3	362	1311	558	1.16e-38	158	24.0	1490495	Oomycota	Phytophthora	Phytophthora fragariaefolia	GMF55892.1 unnamed protein product [Phytophthora fragariaefolia]
Pcub-SC1982_037_000150.1	ETP52314.1	29.0	369	1311	626	3.74e-38	157	24.6	1317064	Oomycota	Phytophthora	Phytophthora nicotianae	ETP52314.1 hypothetical protein F442_02620 [Phytophthora nicotianae P10297]
Pcub-SC1982_037_000150.1	XP_008915945.1	29.0	369	1311	629	3.87e-38	157	24.6	4792;761204;1317063;1317065;1317066	Oomycota	Phytophthora	Phytophthora nicotianae	XP_008915945.1 hypothetical protein PPTG_19284 [Phytophthora nicotianae INRA-310]
Pcub-SC1982_037_000150.1	KAG6622376.1	29.3	362	1311	633	4.05e-38	157	24.0	4785	Oomycota	Phytophthora	Phytophthora cinnamomi	KAG6622376.1 CDK5 regulatory subunit-associated protein 1 [Phytophthora cinnamomi]
Pcub-SC1982_037_000150.1	KAJ8554997.1	29.0	373	1311	735	5.94e-38	158	24.9	4785	Oomycota	Phytophthora	Phytophthora cinnamomi	KAJ8554997.1 hypothetical protein ON010_g9486 [Phytophthora cinnamomi]
Pcub-SC1982_037_000150.1	KAH7468452.1	29.6	362	1311	618	6.10e-38	157	24.0	164328	Oomycota	Phytophthora	Phytophthora ramorum	KAH7468452.1 Mitochondrial tRNA methylthiotransferase CDK5RAP1 [Phytophthora ramorum]
Pcub-SC1982_037_000150.1	CCA18278.1	29.3	362	1311	639	1.03e-37	156	24.0	890382	Oomycota	Albugo	Albugo laibachii	CCA18278.1 CDK5 regulatory subunitassociated protein 1 putativ [Albugo laibachii Nc14]
Pcub-SC1982_037_000150.1	POM78568.1	29.1	368	1311	588	1.82e-37	155	24.5	4796	Oomycota	Phytophthora	Phytophthora palmivora	POM78568.1 CDK5 regulatory subunit-associated protein 1 [Phytophthora palmivora]
Pcub-SC1982_037_000150.1	OWZ12111.1	29.3	368	1311	625	2.11e-37	155	24.5	4795	Oomycota	Phytophthora	Phytophthora megakarya	OWZ12111.1 CDK5 regulatory subunit-associated protein 1 [Phytophthora megakarya]
Pcub-SC1982_037_000150.1	XP_002902746.1	29.6	362	1311	594	2.62e-37	154	24.0	403677	Oomycota	Phytophthora	Phytophthora infestans	XP_002902746.1 CDK5 regulatory subunit-associated protein 1 [Phytophthora infestans T30-4]
Pcub-SC1982_037_000150.1	TDH66316.1	29.6	362	1311	622	2.73e-37	155	24.0	4779	Oomycota	Bremia	Bremia lactucae	TDH66316.1 hypothetical protein CCR75_007377 [Bremia lactucae]
Pcub-SC1982_037_000150.1	KAE9036698.1	29.0	362	1311	625	2.83e-37	155	24.0	129364	Oomycota	Phytophthora	Phytophthora rubi	KAE9036698.1 CDK5 regulatory subunit-associated protein 1 [Phytophthora rubi]
Pcub-SC1982_037_000150.1	KAG6947113.1	29.9	364	1311	628	2.92e-37	155	24.2	2496075	Oomycota	Phytophthora	Phytophthora aleatoria	KAG6947113.1 hypothetical protein JG688_00015681 [Phytophthora aleatoria]
Pcub-SC1982_037_000150.1	KAE8876671.1	29.0	362	1311	628	2.92e-37	155	24.0	53985	Oomycota	Phytophthora	Phytophthora fragariae	KAE8876671.1 CDK5 regulatory subunit-associated protein 1 [Phytophthora fragariae]
Pcub-SC1982_037_000149.1	KAF4325714.1	41.4	280	320	799	8.29e-52	187	86.9	1284355	Oomycota	Phytophthora	Phytophthora kernoviae	KAF4325714.1 hypothetical protein G195_000618 [Phytophthora kernoviae 00238/432]
Pcub-SC1982_037_000149.1	OQS05992.1	34.2	281	320	512	2.34e-36	141	85.9	74557	Oomycota	Thraustotheca	Thraustotheca clavata	OQS05992.1 signal recognition particle [Thraustotheca clavata]
Pcub-SC1982_037_000149.1	KAE9015840.1	30.3	290	320	511	6.12e-36	140	90.6	129364	Oomycota	Phytophthora	Phytophthora rubi	KAE9015840.1 Signal recognition particle protein [Phytophthora rubi]
Pcub-SC1982_037_000149.1	KAG1704179.1	30.5	295	320	511	8.47e-36	139	90.6	4784	Oomycota	Phytophthora	Phytophthora capsici	KAG1704179.1 hypothetical protein DVH05_006188 [Phytophthora capsici]
Pcub-SC1982_037_000149.1	KAF1334392.1	33.1	281	320	496	1.35e-35	139	85.9	82926	Oomycota	Globisporangium	Globisporangium splendens	KAF1334392.1 Signal recognition particle protein srp54, partial [Globisporangium splendens]
Pcub-SC1982_037_000149.1	KAG7397693.1	30.3	290	320	511	1.62e-35	139	90.6	109152	Oomycota	Phytophthora	Phytophthora boehmeriae	KAG7397693.1 hypothetical protein PHYBOEH_000313 [Phytophthora boehmeriae]
Pcub-SC1982_037_000149.1	KAE9137765.1	30.3	290	320	511	1.62e-35	139	90.6	53985	Oomycota	Phytophthora	Phytophthora fragariae	KAE9137765.1 Signal recognition particle protein [Phytophthora fragariae]
Pcub-SC1982_037_000149.1	KAG7393279.1	31.2	295	320	511	1.62e-35	139	90.6	221518	Oomycota	Phytophthora	Phytophthora pseudosyringae	KAG7393279.1 hypothetical protein PHYPSEUDO_011284 [Phytophthora pseudosyringae]
Pcub-SC1982_037_000149.1	KAE9138301.1	30.8	295	320	508	2.16e-35	138	90.6	53985	Oomycota	Phytophthora	Phytophthora fragariae	KAE9138301.1 Signal recognition particle protein [Phytophthora fragariae]
Pcub-SC1982_037_000149.1	KAE8949304.1	30.8	295	320	511	2.24e-35	138	90.6	53985	Oomycota	Phytophthora	Phytophthora fragariae	KAE8949304.1 Signal recognition particle protein [Phytophthora fragariae]
Pcub-SC1982_037_000149.1	XP_024575004.1	30.8	295	320	511	2.24e-35	138	90.6	4781	Oomycota	Plasmopara	Plasmopara halstedii	XP_024575004.1 signal recognition particle protein srp54 [Plasmopara halstedii]
Pcub-SC1982_037_000149.1	KAH7484452.1	30.5	295	320	511	2.24e-35	138	90.6	164328	Oomycota	Phytophthora	Phytophthora ramorum	KAH7484452.1 Signal recognition particle 54 kDa protein [Phytophthora ramorum]
Pcub-SC1982_037_000149.1	KAI9912540.1	30.4	296	320	541	2.25e-35	139	90.3	230839	Oomycota	Peronosclerospora	Peronosclerospora sorghi	KAI9912540.1 hypothetical protein PsorP6_005432 [Peronosclerospora sorghi]
Pcub-SC1982_037_000149.1	RLN63222.1	30.3	290	320	1085	2.90e-35	140	90.6	325452	Oomycota	Phytophthora	Phytophthora kernoviae	RLN63222.1 hypothetical protein BBP00_00004283 [Phytophthora kernoviae]
Pcub-SC1982_037_000149.1	XP_008862804.1	33.9	292	320	507	2.95e-35	138	89.4	157072	Oomycota	Aphanomyces	Aphanomyces invadans	XP_008862804.1 signal recognition particle protein SRP54 [Aphanomyces invadans]
Pcub-SC1982_037_000149.1	RLN38232.1	30.5	295	320	511	3.09e-35	138	90.6	2483409	Oomycota	Nothophytophthora	Nothophytophthora sp. Chile5	RLN38232.1 hypothetical protein BBJ28_00016778 [Nothophytophthora sp. Chile5]
Pcub-SC1982_037_000149.1	KAG3120084.1	30.5	295	320	511	3.09e-35	138	90.6	53986	Oomycota	Phytophthora	Phytophthora idaei	KAG3120084.1 Signal recognition particle protein [Phytophthora idaei]
Pcub-SC1982_037_000149.1	KAG6594182.1	30.5	295	320	511	4.27e-35	137	90.6	4785	Oomycota	Phytophthora	Phytophthora cinnamomi	KAG6594182.1 Signal recognition particle protein SRP54 [Phytophthora cinnamomi]
Pcub-SC1982_037_000149.1	GMF14362.1	30.5	295	320	511	4.27e-35	137	90.6	2077276	Oomycota	Phytophthora	Phytophthora lilii	GMF14362.1 unnamed protein product [Phytophthora lilii]
Pcub-SC1982_037_000149.1	GMF33140.1	30.5	295	320	511	4.27e-35	137	90.6	1490495	Oomycota	Phytophthora	Phytophthora fragariaefolia	GMF33140.1 unnamed protein product [Phytophthora fragariaefolia]
Pcub-SC1982_037_000149.1	CAI5744180.1	31.2	279	320	507	5.63e-35	137	85.9	86335	Oomycota	Peronospora	Peronospora destructor	CAI5744180.1 unnamed protein product [Peronospora destructor]
Pcub-SC1982_037_000149.1	RLN89659.1	30.2	295	320	511	5.90e-35	137	90.6	2483409	Oomycota	Nothophytophthora	Nothophytophthora sp. Chile5	RLN89659.1 hypothetical protein BBJ28_00003798 [Nothophytophthora sp. Chile5]
Pcub-SC1982_037_000149.1	KAF1773816.1	30.5	295	320	511	5.90e-35	137	90.6	29920	Oomycota	Phytophthora	Phytophthora cactorum	KAF1773816.1 P-loop containing nucleoside triphosphate hydrolase [Phytophthora cactorum]
Pcub-SC1982_037_000149.1	XP_009526361.1	30.5	295	320	511	5.90e-35	137	90.6	67593	Oomycota	Phytophthora	Phytophthora sojae	XP_009526361.1 hypothetical protein PHYSODRAFT_360478 [Phytophthora sojae]
Pcub-SC1982_037_000149.1	CAH0520906.1	30.8	279	320	507	7.78e-35	137	85.9	622444	Oomycota	Peronospora	Peronospora belbahrii	CAH0520906.1 unnamed protein product [Peronospora belbahrii]
Pcub-SC1982_037_000103.1	XP_008877077.1	32.7	315	900	292	8.88e-45	168	34.4	157072	Oomycota	Aphanomyces	Aphanomyces invadans	XP_008877077.1 UDP-3-O-[3-hydroxymyristoyl] N-acetylglucosamine deacetylase [Aphanomyces invadans]
Pcub-SC1982_037_000103.1	RHY32186.1	34.6	289	900	292	1.65e-44	167	31.6	157072	Oomycota	Aphanomyces	Aphanomyces invadans	RHY32186.1 hypothetical protein DYB32_002790 [Aphanomyces invadans]
Pcub-SC1982_037_000103.1	KAG7383131.1	31.5	333	900	313	2.60e-41	159	33.7	221518	Oomycota	Phytophthora	Phytophthora pseudosyringae	KAG7383131.1 hypothetical protein PHYPSEUDO_004003 [Phytophthora pseudosyringae]
Pcub-SC1982_037_000103.1	XP_009840528.1	33.8	287	900	289	8.90e-41	156	31.6	112090	Oomycota	Aphanomyces	Aphanomyces astaci	XP_009840528.1 UDP-3-O-[3-hydroxymyristoyl] N-acetylglucosamine deacetylase [Aphanomyces astaci]
Pcub-SC1982_037_000103.1	KAE8904941.1	31.5	337	900	318	1.01e-40	157	34.2	53985	Oomycota	Phytophthora	Phytophthora fragariae	KAE8904941.1 hypothetical protein PF003_g11338 [Phytophthora fragariae]
Pcub-SC1982_037_000103.1	KAH9107558.1	33.7	288	900	284	1.06e-40	156	31.6	100861	Oomycota	Aphanomyces	Aphanomyces euteiches	KAH9107558.1 hypothetical protein AeMF1_017132 [Aphanomyces euteiches]
Pcub-SC1982_037_000103.1	KAF0734816.1	33.7	288	900	284	1.06e-40	156	31.6	100861	Oomycota	Aphanomyces	Aphanomyces euteiches	KAF0734816.1 hypothetical protein Ae201684_008581 [Aphanomyces euteiches]
Pcub-SC1982_037_000103.1	KAH9192356.1	33.3	288	900	284	1.45e-40	155	31.6	100861	Oomycota	Aphanomyces	Aphanomyces euteiches	KAH9192356.1 hypothetical protein AeNC1_005670 [Aphanomyces euteiches]
Pcub-SC1982_037_000103.1	KAE9005995.1	31.2	337	900	318	2.55e-40	156	34.2	129364	Oomycota	Phytophthora	Phytophthora rubi	KAE9005995.1 hypothetical protein PR001_g17310 [Phytophthora rubi]
Pcub-SC1982_037_000103.1	KAF0686668.1	34.5	287	900	285	2.75e-40	155	31.6	120398	Oomycota	Aphanomyces	Aphanomyces stellatus	KAF0686668.1 hypothetical protein As57867_021441 [Aphanomyces stellatus]
Pcub-SC1982_037_000103.1	KAG9400068.1	32.8	287	900	284	3.65e-40	154	31.6	112091	Oomycota	Aphanomyces	Aphanomyces cochlioides	KAG9400068.1 hypothetical protein AC1031_010984 [Aphanomyces cochlioides]
Pcub-SC1982_037_000103.1	KAE9002312.1	31.2	337	900	318	4.72e-40	155	34.2	129364	Oomycota	Phytophthora	Phytophthora rubi	KAE9002312.1 hypothetical protein PR002_g17664 [Phytophthora rubi]
Pcub-SC1982_037_000103.1	KAF1325353.1	31.5	333	900	346	3.17e-39	154	31.6	82926	Oomycota	Globisporangium	Globisporangium splendens	KAF1325353.1 Udp-3-o-[3-hydroxymyristoyl] n-acetylglucosamine deacetylase, partial [Globisporangium splendens]
Pcub-SC1982_037_000103.1	KAG6954688.1	31.5	327	900	311	3.41e-39	152	33.2	2496075	Oomycota	Phytophthora	Phytophthora aleatoria	KAG6954688.1 hypothetical protein JG688_00012239 [Phytophthora aleatoria]
Pcub-SC1982_037_000103.1	POM64704.1	30.1	335	900	313	4.87e-39	152	34.2	4796	Oomycota	Phytophthora	Phytophthora palmivora	POM64704.1 UDP-3-O-3-hydroxymyristoyl [Phytophthora palmivora]
Pcub-SC1982_037_000103.1	POM63445.1	29.9	335	900	313	8.99e-39	151	34.2	4796	Oomycota	Phytophthora	Phytophthora palmivora	POM63445.1 UDP-3-O-3-hydroxymyristoyl [Phytophthora palmivora]
Pcub-SC1982_037_000103.1	RLN90493.1	31.9	313	900	318	1.02e-38	151	31.6	2483409	Oomycota	Nothophytophthora	Nothophytophthora sp. Chile5	RLN90493.1 hypothetical protein BBJ28_00004155 [Nothophytophthora sp. Chile5]
Pcub-SC1982_037_000103.1	KAG2789725.1	31.5	327	900	311	1.16e-38	151	33.2	29920	Oomycota	Phytophthora	Phytophthora cactorum	KAG2789725.1 hypothetical protein Pcac1_g1533 [Phytophthora cactorum]
Pcub-SC1982_037_000103.1	KAG6618488.1	30.5	328	900	317	1.35e-38	151	33.7	4785	Oomycota	Phytophthora	Phytophthora cinnamomi	KAG6618488.1 UDP-3-O-[3-hydroxymyristoyl] N-acetylglucosamine deacetylase [Phytophthora cinnamomi]
Pcub-SC1982_037_000103.1	DAZ95096.1	32.0	337	900	334	1.50e-38	151	33.3	4803	Oomycota	Lagenidium	Lagenidium giganteum	DAZ95096.1 TPA: hypothetical protein N0F65_001698 [Lagenidium giganteum]
Pcub-SC1982_037_000103.1	KAF1793539.1	32.1	312	900	295	1.95e-38	150	31.6	29920	Oomycota	Phytophthora	Phytophthora cactorum	KAF1793539.1 Ribosomal protein S5 domain 2-type fold [Phytophthora cactorum]
Pcub-SC1982_037_000103.1	KAG3088158.1	31.2	327	900	311	2.15e-38	150	33.2	53986	Oomycota	Phytophthora	Phytophthora idaei	KAG3088158.1 hypothetical protein PI125_g18437 [Phytophthora idaei]
Pcub-SC1982_037_000103.1	KAH7460114.1	31.0	323	900	308	2.71e-38	150	33.2	164328	Oomycota	Phytophthora	Phytophthora ramorum	KAH7460114.1 UDP-3-O-acyl-N-acetylglucosamine deacetylase [Phytophthora ramorum]
Pcub-SC1982_037_000103.1	TMW59735.1	32.4	340	900	327	7.95e-38	149	34.2	41045	Oomycota	Pythium	Pythium oligandrum	TMW59735.1 hypothetical protein Poli38472_004804 [Pythium oligandrum]
Pcub-SC1982_037_000103.1	XP_008894127.1	30.0	330	900	315	1.10e-37	148	33.7	4792;761204;1317063;1317064;1317065;1317066	Oomycota	Phytophthora	Phytophthora nicotianae	XP_008894127.1 UDP-3-O-[3-hydroxymyristoyl] N-acetylglucosamine deacetylase [Phytophthora nicotianae INRA-310]
Pcub-SC1982_037_000104.1	KAG3106634.1	31.9	320	472	466	1.88e-37	147	67.8	29920	Oomycota	Phytophthora	Phytophthora cactorum	KAG3106634.1 hypothetical protein PC122_g310 [Phytophthora cactorum]
Pcub-SC1982_037_000104.1	KAJ0407059.1	26.5	298	472	740	3.43e-20	99.0	56.8	114742	Oomycota	Pythium	Pythium insidiosum	KAJ0407059.1 hypothetical protein P43SY_005332 [Pythium insidiosum]
Pcub-SC1982_037_000104.1	GLE09741.1	27.6	312	472	478	4.15e-20	97.8	59.1	114742	Oomycota	Pythium	Pythium insidiosum	GLE09741.1 hypothetical protein PINS_up021582 [Pythium insidiosum]
Pcub-SC1982_037_000104.1	KAJ0411128.1	25.3	359	472	465	4.04e-19	94.7	68.0	114742	Oomycota	Pythium	Pythium insidiosum	KAJ0411128.1 hypothetical protein ATCC90586_004985 [Pythium insidiosum]
Pcub-SC1982_037_000104.1	KAF4324650.1	29.5	190	472	191	4.79e-19	89.7	40.3	1284355	Oomycota	Phytophthora	Phytophthora kernoviae	KAF4324650.1 hypothetical protein G195_002011 [Phytophthora kernoviae 00238/432]
Pcub-SC1982_037_000104.1	GLE09737.1	26.6	312	472	498	2.75e-18	92.4	59.1	114742	Oomycota	Pythium	Pythium insidiosum	GLE09737.1 hypothetical protein PINS_up021577 [Pythium insidiosum]
Pcub-SC1982_037_000104.1	GLE00094.1	27.4	277	472	410	2.94e-18	91.7	52.5	114742	Oomycota	Pythium	Pythium insidiosum	GLE00094.1 hypothetical protein PINS_up008821 [Pythium insidiosum]
Pcub-SC1982_037_000104.1	GMF21818.1	27.4	391	472	559	5.99e-18	91.7	73.9	1490495	Oomycota	Phytophthora	Phytophthora fragariaefolia	GMF21818.1 unnamed protein product [Phytophthora fragariaefolia]
Pcub-SC1982_037_000104.1	GLD91822.1	32.0	203	472	587	2.02e-17	90.1	41.5	114742	Oomycota	Pythium	Pythium insidiosum	GLD91822.1 hypothetical protein PINS_up000355 [Pythium insidiosum]
Pcub-SC1982_037_000104.1	KAJ0390461.1	27.1	251	472	295	2.99e-17	87.0	47.2	114742	Oomycota	Pythium	Pythium insidiosum	KAJ0390461.1 hypothetical protein ATCC90586_010417 [Pythium insidiosum]
Pcub-SC1982_037_000104.1	GLD91823.1	32.0	203	472	587	3.58e-17	89.4	41.5	114742	Oomycota	Pythium	Pythium insidiosum	GLD91823.1 hypothetical protein PINS_up000356 [Pythium insidiosum]
Pcub-SC1982_037_000104.1	ETO68950.1	33.7	172	472	505	3.82e-17	89.0	35.2	1317066	Oomycota	Phytophthora	Phytophthora nicotianae	ETO68950.1 hypothetical protein F444_14365 [Phytophthora nicotianae P1976]
Pcub-SC1982_037_000104.1	GLD91825.1	32.0	203	472	587	6.35e-17	88.6	41.5	114742	Oomycota	Pythium	Pythium insidiosum	GLD91825.1 hypothetical protein PINS_up000358 [Pythium insidiosum]
Pcub-SC1982_037_000104.1	ETP38118.1	33.7	172	472	582	8.37e-17	88.2	35.2	1317064	Oomycota	Phytophthora	Phytophthora nicotianae	ETP38118.1 hypothetical protein F442_14205 [Phytophthora nicotianae P10297]
Pcub-SC1982_037_000104.1	XP_008909983.1	33.7	172	472	582	8.37e-17	88.2	35.2	761204	Oomycota	Phytophthora	Phytophthora nicotianae	XP_008909983.1 hypothetical protein PPTG_14430 [Phytophthora nicotianae INRA-310]
Pcub-SC1982_037_000104.1	ETP09997.1	33.7	172	472	582	8.37e-17	88.2	35.2	1317063	Oomycota	Phytophthora	Phytophthora nicotianae	ETP09997.1 hypothetical protein F441_14241 [Phytophthora nicotianae CJ01A1]
Pcub-SC1982_037_000104.1	ETK80310.1	33.7	172	472	582	8.37e-17	88.2	35.2	4792	Oomycota	Phytophthora	Phytophthora nicotianae	ETK80310.1 hypothetical protein L915_13999 [Phytophthora nicotianae]
Pcub-SC1982_037_000104.1	ETL87017.1	33.7	172	472	582	8.37e-17	88.2	35.2	4792	Oomycota	Phytophthora	Phytophthora nicotianae	ETL87017.1 hypothetical protein L917_13693 [Phytophthora nicotianae]
Pcub-SC1982_037_000104.1	ETI40171.1	33.7	172	472	582	8.37e-17	88.2	35.2	4792;1317065	Oomycota	Phytophthora	Phytophthora nicotianae	ETI40171.1 hypothetical protein F443_14361 [Phytophthora nicotianae P1569]
Pcub-SC1982_037_000104.1	GLE00099.1	26.3	312	472	478	1.09e-16	87.4	59.1	114742	Oomycota	Pythium	Pythium insidiosum	GLE00099.1 hypothetical protein PINS_up008826 [Pythium insidiosum]
Pcub-SC1982_037_000104.1	KAG3170609.1	34.3	172	472	433	1.17e-16	87.0	35.2	53986	Oomycota	Phytophthora	Phytophthora idaei	KAG3170609.1 hypothetical protein PI126_g2258 [Phytophthora idaei]
Pcub-SC1982_037_000104.1	KAG3119897.1	34.3	172	472	541	1.80e-16	87.0	35.2	53986	Oomycota	Phytophthora	Phytophthora idaei	KAG3119897.1 hypothetical protein PI125_g1648 [Phytophthora idaei]
Pcub-SC1982_037_000104.1	KAG6976279.1	34.3	172	472	802	2.59e-16	87.0	35.2	2496075	Oomycota	Phytophthora	Phytophthora aleatoria	KAG6976279.1 hypothetical protein JG688_00001556 [Phytophthora aleatoria]
Pcub-SC1982_037_000104.1	GLE09740.1	27.0	311	472	478	2.60e-16	86.3	59.1	114742	Oomycota	Pythium	Pythium insidiosum	GLE09740.1 hypothetical protein PINS_up021580 [Pythium insidiosum]
Pcub-SC1982_037_000104.1	KAJ0392766.1	30.8	182	472	1185	3.11e-16	87.0	36.9	114742	Oomycota	Pythium	Pythium insidiosum	KAJ0392766.1 hypothetical protein ATCC90586_005157 [Pythium insidiosum]
Pcub-SC1982_037_000105.1	KAF4326172.1	45.1	51	264	64	2.46e-07	51.6	19.3	1284355	Oomycota	Phytophthora	Phytophthora kernoviae	KAF4326172.1 hypothetical protein G195_000222 [Phytophthora kernoviae 00238/432]
Pcub-SC1982_037_000107.1	KAH7492438.1	34.3	233	272	237	2.03e-31	120	82.7	164328	Oomycota	Phytophthora	Phytophthora ramorum	KAH7492438.1 putative oxidoreductase [Phytophthora ramorum]
Pcub-SC1982_037_000107.1	KAH7492439.1	34.6	234	272	258	2.54e-30	118	82.4	164328	Oomycota	Phytophthora	Phytophthora ramorum	KAH7492439.1 putative oxidoreductase [Phytophthora ramorum]
Pcub-SC1982_037_000107.1	CAI5716855.1	33.9	236	272	259	3.65e-30	118	83.5	86335	Oomycota	Peronospora	Peronospora destructor	CAI5716855.1 unnamed protein product [Peronospora destructor]
Pcub-SC1982_037_000107.1	CAI5716850.1	33.9	236	272	283	6.20e-30	118	83.5	86335	Oomycota	Peronospora	Peronospora destructor	CAI5716850.1 unnamed protein product [Peronospora destructor]
Pcub-SC1982_037_000107.1	KAI9921921.1	36.3	240	272	304	6.86e-30	118	82.4	230839	Oomycota	Peronosclerospora	Peronosclerospora sorghi	KAI9921921.1 hypothetical protein PsorP6_000741 [Peronosclerospora sorghi]
Pcub-SC1982_037_000107.1	XP_024578825.1	35.7	230	272	260	7.32e-30	117	81.6	4781	Oomycota	Plasmopara	Plasmopara halstedii	XP_024578825.1 non ribosomal peptide synthase [Plasmopara halstedii]
Pcub-SC1982_037_000107.1	CAH0480383.1	34.2	240	272	258	9.80e-30	117	83.8	622444	Oomycota	Peronospora	Peronospora belbahrii	CAH0480383.1 unnamed protein product [Peronospora belbahrii]
Pcub-SC1982_037_000107.1	KAG1696300.1	34.2	234	272	258	1.37e-29	116	82.4	4784	Oomycota	Phytophthora	Phytophthora capsici	KAG1696300.1 hypothetical protein DVH05_018847 [Phytophthora capsici]
Pcub-SC1982_037_000107.1	CAI5739347.1	33.1	236	272	259	1.40e-29	116	83.5	86335	Oomycota	Peronospora	Peronospora destructor	CAI5739347.1 unnamed protein product [Peronospora destructor]
Pcub-SC1982_037_000107.1	XP_008912359.1	33.0	233	272	258	5.28e-29	115	82.4	761204	Oomycota	Phytophthora	Phytophthora nicotianae	XP_008912359.1 hypothetical protein PPTG_16559 [Phytophthora nicotianae INRA-310]
Pcub-SC1982_037_000107.1	CAI5702013.1	33.0	233	272	259	5.40e-29	115	82.4	542832	Oomycota	Peronospora	Peronospora effusa	CAI5702013.1 unnamed protein product [Peronospora effusa]
Pcub-SC1982_037_000107.1	CAH0491698.1	33.0	233	272	259	5.40e-29	115	82.4	134698	Oomycota	Peronospora	Peronospora farinosa	CAH0491698.1 unnamed protein product [Peronospora farinosa]
Pcub-SC1982_037_000107.1	ETK77152.1	33.0	233	272	280	8.53e-29	115	82.4	4792;1317066	Oomycota	Phytophthora	Phytophthora nicotianae	ETK77152.1 hypothetical protein L915_16586 [Phytophthora nicotianae]
Pcub-SC1982_037_000107.1	ETL30563.1	33.0	233	272	280	1.19e-28	114	82.4	4792	Oomycota	Phytophthora	Phytophthora nicotianae	ETL30563.1 hypothetical protein L916_16487 [Phytophthora nicotianae]
Pcub-SC1982_037_000107.1	ETI36958.1	33.0	233	272	280	1.19e-28	114	82.4	1317065	Oomycota	Phytophthora	Phytophthora nicotianae	ETI36958.1 hypothetical protein F443_17056 [Phytophthora nicotianae P1569]
Pcub-SC1982_037_000107.1	KAG3112457.1	34.8	233	272	258	1.45e-28	114	81.6	53986	Oomycota	Phytophthora	Phytophthora idaei	KAG3112457.1 hypothetical protein PI125_g8220 [Phytophthora idaei]
Pcub-SC1982_037_000107.1	KAG2780210.1	33.5	230	272	258	2.03e-28	113	81.6	29920	Oomycota	Phytophthora	Phytophthora cactorum	KAG2780210.1 hypothetical protein Pcac1_g9732 [Phytophthora cactorum]
Pcub-SC1982_037_000107.1	KAG6578094.1	33.0	233	272	259	2.07e-28	113	82.4	4785	Oomycota	Phytophthora	Phytophthora cinnamomi	KAG6578094.1 non ribosomal peptide synthase [Phytophthora cinnamomi]
Pcub-SC1982_037_000107.1	XP_002904942.1	33.8	234	272	258	2.84e-28	113	82.4	4787;403677	Oomycota	Phytophthora	Phytophthora infestans	XP_002904942.1 oxidoreductase, putative [Phytophthora infestans T30-4]
Pcub-SC1982_037_000107.1	ETP06783.1	33.0	233	272	280	3.26e-28	113	82.4	1317063	Oomycota	Phytophthora	Phytophthora nicotianae	ETP06783.1 hypothetical protein F441_16915 [Phytophthora nicotianae CJ01A1]
Pcub-SC1982_037_000107.1	ETP34842.1	33.0	233	272	280	4.55e-28	113	82.4	1317064	Oomycota	Phytophthora	Phytophthora nicotianae	ETP34842.1 hypothetical protein F442_16914 [Phytophthora nicotianae P10297]
Pcub-SC1982_037_000107.1	XP_009827525.1	35.7	238	272	315	6.47e-28	113	86.4	112090	Oomycota	Aphanomyces	Aphanomyces astaci	XP_009827525.1 hypothetical protein H257_04631 [Aphanomyces astaci]
Pcub-SC1982_037_000107.1	CAI5724832.1	33.0	233	272	259	1.11e-27	111	82.4	162125	Oomycota	Hyaloperonospora	Hyaloperonospora brassicae	CAI5724832.1 unnamed protein product [Hyaloperonospora brassicae]
Pcub-SC1982_037_000107.1	CAI5724856.1	33.0	233	272	259	1.56e-27	111	82.4	162125	Oomycota	Hyaloperonospora	Hyaloperonospora brassicae	CAI5724856.1 unnamed protein product [Hyaloperonospora brassicae]
Pcub-SC1982_037_000107.1	XP_008861750.1	34.1	261	272	314	1.72e-27	112	92.6	157072	Oomycota	Aphanomyces	Aphanomyces invadans	XP_008861750.1 hypothetical protein H310_00663 [Aphanomyces invadans]
Pcub-SC1982_037_000109.1	ETP36516.1	27.7	184	333	356	1.25e-08	60.8	50.8	1317064	Oomycota	Phytophthora	Phytophthora nicotianae	ETP36516.1 hypothetical protein F442_15555 [Phytophthora nicotianae P10297]
Pcub-SC1982_037_000109.1	ETL32231.1	27.7	184	333	356	4.02e-08	59.3	50.8	4792	Oomycota	Phytophthora	Phytophthora nicotianae	ETL32231.1 hypothetical protein L916_15154 [Phytophthora nicotianae]
Pcub-SC1982_037_000109.1	XP_008895274.1	27.7	184	333	356	4.02e-08	59.3	50.8	761204	Oomycota	Phytophthora	Phytophthora nicotianae	XP_008895274.1 hypothetical protein PPTG_04744 [Phytophthora nicotianae INRA-310]
Pcub-SC1982_037_000109.1	ETI38564.1	27.7	184	333	356	4.02e-08	59.3	50.8	1317063;1317065	Oomycota	Phytophthora	Phytophthora nicotianae	ETI38564.1 hypothetical protein F443_15721 [Phytophthora nicotianae P1569]
Pcub-SC1982_037_000109.1	ETL85454.1	27.7	184	333	356	4.02e-08	59.3	50.8	4792;1317066	Oomycota	Phytophthora	Phytophthora nicotianae	ETL85454.1 hypothetical protein L917_14984 [Phytophthora nicotianae]
Pcub-SC1982_037_000109.1	ETK78801.1	27.5	182	333	256	5.44e-08	58.2	50.2	4792	Oomycota	Phytophthora	Phytophthora nicotianae	ETK78801.1 hypothetical protein L915_15263 [Phytophthora nicotianae]
Pcub-SC1982_037_000109.1	XP_009538875.1	29.4	187	333	351	7.07e-08	58.5	50.8	67593	Oomycota	Phytophthora	Phytophthora sojae	XP_009538875.1 hypothetical protein PHYSODRAFT_532795 [Phytophthora sojae]
Pcub-SC1982_037_000109.1	KAG6970532.1	27.1	188	333	356	1.72e-07	57.4	50.8	2496075	Oomycota	Phytophthora	Phytophthora aleatoria	KAG6970532.1 hypothetical protein JG688_00004836 [Phytophthora aleatoria]
Pcub-SC1982_037_000109.1	KAG2791154.1	27.1	188	333	356	2.30e-07	57.0	50.8	29920	Oomycota	Phytophthora	Phytophthora cactorum	KAG2791154.1 hypothetical protein Pcac1_g118 [Phytophthora cactorum]
Pcub-SC1982_037_000109.1	KAG6967316.1	27.1	188	333	356	2.30e-07	57.0	50.8	29920	Oomycota	Phytophthora	Phytophthora cactorum	KAG6967316.1 hypothetical protein JG687_00004344 [Phytophthora cactorum]
Pcub-SC1982_037_000109.1	KAG7383119.1	27.0	185	333	352	5.41e-07	55.8	50.8	221518	Oomycota	Phytophthora	Phytophthora pseudosyringae	KAG7383119.1 hypothetical protein PHYPSEUDO_003991 [Phytophthora pseudosyringae]
Pcub-SC1982_037_000109.1	KAG6618636.1	27.8	266	333	356	1.30e-06	54.7	73.9	4785	Oomycota	Phytophthora	Phytophthora cinnamomi	KAG6618636.1 NAD(P)-binding Rossmann-fold superfamily protein [Phytophthora cinnamomi]
Pcub-SC1982_037_000109.1	XP_002905529.1	28.1	185	333	338	6.98e-06	52.4	50.8	403677	Oomycota	Phytophthora	Phytophthora infestans	XP_002905529.1 uncharacterized protein PITG_04823 [Phytophthora infestans T30-4]
Pcub-SC1982_037_000109.1	KAF4146370.1	28.1	185	333	356	7.36e-06	52.4	50.8	4787	Oomycota	Phytophthora	Phytophthora infestans	KAF4146370.1 NAD dependent epimerase/dehydratase family [Phytophthora infestans]
Pcub-SC1982_037_000109.1	DBA00980.1	35.0	80	333	344	1.69e-05	51.2	23.4	4803	Oomycota	Lagenidium	Lagenidium giganteum	DBA00980.1 TPA: hypothetical protein N0F65_006241 [Lagenidium giganteum]
Pcub-SC1982_037_000109.1	KUF80248.1	26.6	184	333	309	1.14e-04	48.5	50.8	4792	Oomycota	Phytophthora	Phytophthora nicotianae	KUF80248.1 Spore coat polysaccharide biosynthesis protein SpsK [Phytophthora nicotianae]
Pcub-SC1982_037_000109.1	OQR89355.1	28.5	158	333	344	2.24e-04	47.8	45.9	74557	Oomycota	Thraustotheca	Thraustotheca clavata	OQR89355.1 NADH dehydrogenase, ubiquinone 1 alpha subcomplex subunit [Thraustotheca clavata]
Pcub-SC1982_037_000109.1	OQR89076.1	27.2	158	333	344	2.99e-04	47.4	45.9	1202772	Oomycota	Achlya	Achlya hypogyna	OQR89076.1 NADH dehydrogenase ubiquinone 1 alpha subcomplex subunit [Achlya hypogyna]
Pcub-SC1982_037_000109.1	TMW63610.1	28.8	111	333	344	2.99e-04	47.4	32.1	41045	Oomycota	Pythium	Pythium oligandrum	TMW63610.1 hypothetical protein Poli38472_002551 [Pythium oligandrum]
Pcub-SC1982_037_000109.1	XP_008607695.1	32.1	112	333	344	7.06e-04	46.2	32.4	1156394	Oomycota	Saprolegnia	Saprolegnia diclina	XP_008607695.1 hypothetical protein SDRG_03829 [Saprolegnia diclina VS20]
Pcub-SC1982_037_000110.1	KAJ0411558.1	45.7	376	822	413	4.64e-98	315	45.7	114742	Oomycota	Pythium	Pythium insidiosum	KAJ0411558.1 hypothetical protein ATCC90586_001153 [Pythium insidiosum]
Pcub-SC1982_037_000110.1	KAJ0405712.1	45.7	376	822	413	6.51e-98	315	45.7	114742	Oomycota	Pythium	Pythium insidiosum	KAJ0405712.1 hypothetical protein P43SY_007353 [Pythium insidiosum]
Pcub-SC1982_037_000110.1	GLD92320.1	45.3	371	822	410	8.86e-97	312	45.1	114742	Oomycota	Pythium	Pythium insidiosum	GLD92320.1 hypothetical protein PINS_up000853 [Pythium insidiosum]
Pcub-SC1982_037_000110.1	TMW65452.1	45.0	380	822	412	2.60e-96	311	46.2	41045	Oomycota	Pythium	Pythium oligandrum	TMW65452.1 hypothetical protein Poli38472_008094 [Pythium oligandrum]
Pcub-SC1982_037_000110.1	CCA22323.1	44.5	373	822	409	1.36e-94	306	45.4	890382	Oomycota	Albugo	Albugo laibachii	CCA22323.1 shortchain specific acylCoA dehydrogenase putative [Albugo laibachii Nc14]
Pcub-SC1982_037_000110.1	KAI9906377.1	42.9	403	822	414	4.36e-94	305	48.8	230839	Oomycota	Peronosclerospora	Peronosclerospora sorghi	KAI9906377.1 hypothetical protein PsorP6_002797 [Peronosclerospora sorghi]
Pcub-SC1982_037_000110.1	KAG7389872.1	43.1	385	822	413	1.72e-92	301	46.6	221518	Oomycota	Phytophthora	Phytophthora pseudosyringae	KAG7389872.1 hypothetical protein PHYPSEUDO_009386 [Phytophthora pseudosyringae]
Pcub-SC1982_037_000110.1	KAF4130975.1	43.3	390	822	413	9.27e-92	299	47.2	4787	Oomycota	Phytophthora	Phytophthora infestans	KAF4130975.1 Acyl-CoA dehydrogenase C-terminal domain-containing protein [Phytophthora infestans]
Pcub-SC1982_037_000110.1	KAH9146125.1	43.5	370	822	406	1.05e-91	298	45.0	100861	Oomycota	Aphanomyces	Aphanomyces euteiches	KAH9146125.1 hypothetical protein AeRB84_010005 [Aphanomyces euteiches]
Pcub-SC1982_037_000110.1	KAF0744347.1	43.5	370	822	406	1.05e-91	298	45.0	100861	Oomycota	Aphanomyces	Aphanomyces euteiches	KAF0744347.1 hypothetical protein Ae201684_000835 [Aphanomyces euteiches]
Pcub-SC1982_037_000110.1	KAF4041458.1	43.2	384	822	413	1.30e-91	298	46.5	4787	Oomycota	Phytophthora	Phytophthora infestans	KAF4041458.1 Acyl-CoA dehydrogenase C-terminal domain [Phytophthora infestans]
Pcub-SC1982_037_000110.1	TYZ67669.1	44.3	370	822	411	1.71e-91	298	45.0	1485010	Oomycota	Globisporangium	[Pythium] brassicae (nom. inval.)	TYZ67669.1 hypothetical protein PybrP1_007818 [[Pythium] brassicae (nom. inval.)]
Pcub-SC1982_037_000110.1	XP_008897748.1	42.9	385	822	413	3.56e-91	297	46.6	761204	Oomycota	Phytophthora	Phytophthora nicotianae	XP_008897748.1 hypothetical protein PPTG_05778 [Phytophthora nicotianae INRA-310]
Pcub-SC1982_037_000110.1	KAF4027461.1	43.2	384	822	413	3.56e-91	297	46.5	4787	Oomycota	Phytophthora	Phytophthora infestans	KAF4027461.1 Acyl-CoA dehydrogenase C-terminal domain [Phytophthora infestans]
Pcub-SC1982_037_000110.1	KAH9107899.1	43.5	370	822	433	4.66e-91	298	45.0	100861	Oomycota	Aphanomyces	Aphanomyces euteiches	KAH9107899.1 hypothetical protein AeMF1_016844 [Aphanomyces euteiches]
Pcub-SC1982_037_000110.1	KAH9163554.1	43.5	370	822	433	4.66e-91	298	45.0	100861	Oomycota	Aphanomyces	Aphanomyces euteiches	KAH9163554.1 hypothetical protein LEN26_000446 [Aphanomyces euteiches]
Pcub-SC1982_037_000110.1	ETI32803.1	42.9	385	822	413	4.98e-91	297	46.6	4792;1317063;1317064;1317065;1317066	Oomycota	Phytophthora	Phytophthora nicotianae	ETI32803.1 hypothetical protein F443_20450 [Phytophthora nicotianae P1569]
Pcub-SC1982_037_000110.1	KAG9410767.1	43.2	370	822	406	5.63e-91	296	45.0	112091	Oomycota	Aphanomyces	Aphanomyces cochlioides	KAG9410767.1 hypothetical protein AC1031_018792 [Aphanomyces cochlioides]
Pcub-SC1982_037_000110.1	XP_008897749.1	43.5	363	822	375	5.92e-91	295	44.2	761204	Oomycota	Phytophthora	Phytophthora nicotianae	XP_008897749.1 hypothetical protein, variant [Phytophthora nicotianae INRA-310]
Pcub-SC1982_037_000110.1	KAG2775332.1	42.6	385	822	413	6.98e-91	296	46.6	29920;53986	Oomycota	Phytophthora	Phytophthora cactorum;Phytophthora idaei	KAG2775332.1 Short-chain specific acyl-CoA dehydrogenase [Phytophthora cactorum]
Pcub-SC1982_037_000110.1	XP_009521963.1	42.9	385	822	413	6.98e-91	296	46.6	67593	Oomycota	Phytophthora	Phytophthora sojae	XP_009521963.1 hypothetical protein PHYSODRAFT_489469 [Phytophthora sojae]
Pcub-SC1982_037_000110.1	ETI32804.1	43.5	363	822	375	8.29e-91	295	44.2	4792;1317063;1317064;1317065;1317066	Oomycota	Phytophthora	Phytophthora nicotianae	ETI32804.1 hypothetical protein, variant [Phytophthora nicotianae P1569]
Pcub-SC1982_037_000110.1	CCI45280.1	42.6	373	822	411	9.19e-91	296	45.4	65357	Oomycota	Albugo	Albugo candida	CCI45280.1 unnamed protein product [Albugo candida]
Pcub-SC1982_037_000110.1	RQM17567.1	44.1	370	822	411	9.19e-91	296	45.0	542832	Oomycota	Peronospora	Peronospora effusa	RQM17567.1 hypothetical protein DD237_003104 [Peronospora effusa]
Pcub-SC1982_037_000110.1	CAI5719660.1	44.1	370	822	411	9.19e-91	296	45.0	542832	Oomycota	Peronospora	Peronospora effusa	CAI5719660.1 unnamed protein product [Peronospora effusa]
Pcub-SC1982_037_000112.1	KAF4325175.1	34.7	144	469	429	1.15e-15	84.0	30.3	1284355	Oomycota	Phytophthora	Phytophthora kernoviae	KAF4325175.1 hypothetical protein G195_001276 [Phytophthora kernoviae 00238/432]
Pcub-SC1982_037_000112.1	CAH0492069.1	46.2	39	469	228	7.06e-04	46.2	8.3	134698	Oomycota	Peronospora	Peronospora farinosa	CAH0492069.1 unnamed protein product [Peronospora farinosa]
Pcub-SC1982_037_000113.1	OQS07487.1	69.4	392	395	395	5.91e-203	568	98.7	74557	Oomycota	Thraustotheca	Thraustotheca clavata	OQS07487.1 translation elongation factor Tu [Thraustotheca clavata]
Pcub-SC1982_037_000113.1	OQR98079.1	69.1	392	395	410	8.32e-202	566	98.7	1202772	Oomycota	Achlya	Achlya hypogyna	OQR98079.1 translation elongation factor Tu [Achlya hypogyna]
Pcub-SC1982_037_000113.1	XP_012204439.1	68.9	392	395	424	2.78e-201	565	98.7	695850	Oomycota	Saprolegnia	Saprolegnia parasitica	XP_012204439.1 elongation factor Tu [Saprolegnia parasitica CBS 223.65]
Pcub-SC1982_037_000113.1	XP_008611190.1	68.9	392	395	448	6.56e-201	565	98.7	1156394	Oomycota	Saprolegnia	Saprolegnia diclina	XP_008611190.1 elongation factor Tu [Saprolegnia diclina VS20]
Pcub-SC1982_037_000113.1	GLD94681.1	69.0	390	395	416	1.20e-200	563	98.2	114742	Oomycota	Pythium	Pythium insidiosum	GLD94681.1 hypothetical protein PINS_up003305 [Pythium insidiosum]
Pcub-SC1982_037_000113.1	DAZ94254.1	67.7	390	395	414	2.25e-200	562	98.2	4803	Oomycota	Lagenidium	Lagenidium giganteum	DAZ94254.1 TPA: hypothetical protein N0F65_004966 [Lagenidium giganteum]
Pcub-SC1982_037_000113.1	KAH9126396.1	68.4	392	395	394	3.12e-200	561	98.7	100861	Oomycota	Aphanomyces	Aphanomyces euteiches	KAH9126396.1 hypothetical protein AeMF1_003169 [Aphanomyces euteiches]
Pcub-SC1982_037_000113.1	TMW58823.1	68.5	390	395	415	4.69e-200	561	98.2	41045	Oomycota	Pythium	Pythium oligandrum	TMW58823.1 hypothetical protein Poli38472_006968 [Pythium oligandrum]
Pcub-SC1982_037_000113.1	KAF0740142.1	68.4	392	395	410	5.56e-200	561	98.7	100861	Oomycota	Aphanomyces	Aphanomyces euteiches	KAF0740142.1 hypothetical protein Ae201684_004380 [Aphanomyces euteiches]
Pcub-SC1982_037_000113.1	KAG9411801.1	68.4	392	395	410	5.56e-200	561	98.7	112091	Oomycota	Aphanomyces	Aphanomyces cochlioides	KAG9411801.1 translation elongation factor Tu [Aphanomyces cochlioides]
Pcub-SC1982_037_000113.1	KAJ0395344.1	68.5	390	395	416	1.39e-199	560	98.2	114742	Oomycota	Pythium	Pythium insidiosum	KAJ0395344.1 hypothetical protein P43SY_006406 [Pythium insidiosum]
Pcub-SC1982_037_000113.1	POM63398.1	68.5	390	395	415	3.84e-199	559	98.2	4796	Oomycota	Phytophthora	Phytophthora palmivora	POM63398.1 Elongation factor Tu [Phytophthora palmivora]
Pcub-SC1982_037_000113.1	RHY25315.1	68.4	392	395	394	5.14e-199	558	98.7	157072	Oomycota	Aphanomyces	Aphanomyces invadans	RHY25315.1 hypothetical protein DYB32_009430 [Aphanomyces invadans]
Pcub-SC1982_037_000113.1	XP_008872050.1	68.4	392	395	413	1.02e-198	558	98.7	157072	Oomycota	Aphanomyces	Aphanomyces invadans	XP_008872050.1 elongation factor Tu 1 [Aphanomyces invadans]
Pcub-SC1982_037_000113.1	KAF1317564.1	67.6	392	395	412	1.98e-198	557	98.7	82926	Oomycota	Globisporangium	Globisporangium splendens	KAF1317564.1 Elongation factor tu, partial [Globisporangium splendens]
Pcub-SC1982_037_000113.1	KAF0717467.1	67.6	392	395	410	2.62e-198	557	98.7	120398	Oomycota	Aphanomyces	Aphanomyces stellatus	KAF0717467.1 hypothetical protein As57867_002264 [Aphanomyces stellatus]
Pcub-SC1982_037_000113.1	POM59684.1	68.2	390	395	415	3.14e-198	557	98.2	4796	Oomycota	Phytophthora	Phytophthora palmivora	POM59684.1 Elongation factor Tu [Phytophthora palmivora]
Pcub-SC1982_037_000113.1	TYZ65275.1	67.4	390	395	412	1.14e-197	555	98.2	1485010	Oomycota	Globisporangium	[Pythium] brassicae (nom. inval.)	TYZ65275.1 hypothetical protein PybrP1_001595 [[Pythium] brassicae (nom. inval.)]
Pcub-SC1982_037_000113.1	RQM13317.1	67.9	390	395	394	1.20e-197	555	98.2	542832	Oomycota	Peronospora	Peronospora effusa	RQM13317.1 hypothetical protein DD237_007271 [Peronospora effusa]
Pcub-SC1982_037_000113.1	XP_009530113.1	67.7	390	395	416	2.66e-197	555	98.2	67593	Oomycota	Phytophthora	Phytophthora sojae	XP_009530113.1 mitochondrial translation elongation factor Tu [Phytophthora sojae]
Pcub-SC1982_037_000113.1	GMF34752.1	67.7	390	395	416	2.66e-197	555	98.2	1490495	Oomycota	Phytophthora	Phytophthora fragariaefolia	GMF34752.1 unnamed protein product [Phytophthora fragariaefolia]
Pcub-SC1982_037_000113.1	CAH0473501.1	67.7	390	395	394	3.44e-197	553	98.2	622444	Oomycota	Peronospora	Peronospora belbahrii	CAH0473501.1 unnamed protein product [Peronospora belbahrii]
Pcub-SC1982_037_000113.1	CCI41701.1	66.7	396	395	415	3.64e-197	554	99.7	65357	Oomycota	Albugo	Albugo candida	CCI41701.1 unnamed protein product [Albugo candida]
Pcub-SC1982_037_000113.1	ETP44255.1	67.9	390	395	442	4.75e-197	555	98.2	1317064	Oomycota	Phytophthora	Phytophthora nicotianae	ETP44255.1 elongation factor Tu, partial [Phytophthora nicotianae P10297]
Pcub-SC1982_037_000113.1	CAH0516263.1	67.7	390	395	405	5.12e-197	553	98.2	622444	Oomycota	Peronospora	Peronospora belbahrii	CAH0516263.1 unnamed protein product [Peronospora belbahrii]
Pcub-SC1982_037_000114.1	KAF4320849.1	39.6	149	184	149	4.62e-29	109	80.4	1284355	Oomycota	Phytophthora	Phytophthora kernoviae	KAF4320849.1 hypothetical protein G195_006053 [Phytophthora kernoviae 00238/432]
Pcub-SC1982_037_000115.1	WP_024633597.1	51.9	212	524	230	2.29e-70	229	40.5	44249;1284355;1395586;1395587;1705561;1945581	Bacteroidota;Bacillota;Oomycota	Phytophthora;Paenibacillus;Chryseobacterium	Phytophthora kernoviae;Paenibacillus sp. MAEPY1;Paenibacillus sp. MAEPY2;Paenibacillus xylanivorans;Chryseobacterium mucoviscidosis	WP_024633597.1 MULTISPECIES: 50S ribosomal protein L1 [Paenibacillus]
Pcub-SC1982_037_000115.1	KAG7401851.1	47.1	206	524	273	5.09e-60	203	39.3	109152	Oomycota	Phytophthora	Phytophthora boehmeriae	KAG7401851.1 hypothetical protein PHYBOEH_010314 [Phytophthora boehmeriae]
Pcub-SC1982_037_000115.1	KAF4317589.1	47.6	206	524	276	5.57e-60	203	39.3	325452;1284355	Oomycota	Phytophthora	Phytophthora kernoviae	KAF4317589.1 hypothetical protein G195_007277 [Phytophthora kernoviae 00238/432]
Pcub-SC1982_037_000115.1	RLN58057.1	47.6	206	524	276	5.57e-60	203	39.3	325452	Oomycota	Phytophthora	Phytophthora kernoviae	RLN58057.1 hypothetical protein BBJ29_007830 [Phytophthora kernoviae]
Pcub-SC1982_037_000115.1	TMW66383.1	47.2	214	524	275	1.06e-59	202	40.6	41045	Oomycota	Pythium	Pythium oligandrum	TMW66383.1 hypothetical protein Poli38472_004148 [Pythium oligandrum]
Pcub-SC1982_037_000115.1	KAF0727043.1	50.5	198	524	263	2.87e-59	201	37.8	100861	Oomycota	Aphanomyces	Aphanomyces euteiches	KAF0727043.1 hypothetical protein Ae201684_014783 [Aphanomyces euteiches]
Pcub-SC1982_037_000115.1	KAH9125713.1	50.5	198	524	263	2.87e-59	201	37.8	100861	Oomycota	Aphanomyces	Aphanomyces euteiches	KAH9125713.1 hypothetical protein AeMF1_003721 [Aphanomyces euteiches]
Pcub-SC1982_037_000115.1	KAG9408693.1	50.5	198	524	263	2.87e-59	201	37.8	112091	Oomycota	Aphanomyces	Aphanomyces cochlioides	KAG9408693.1 mitochondrial 54S ribosomal protein mrpl1 [Aphanomyces cochlioides]
Pcub-SC1982_037_000115.1	GLD98587.1	48.3	209	524	275	8.10e-59	200	39.9	114742	Oomycota	Pythium	Pythium insidiosum	GLD98587.1 hypothetical protein PINS_up007304 [Pythium insidiosum]
Pcub-SC1982_037_000115.1	KAF1313734.1	48.6	208	524	367	1.03e-58	203	39.7	82926	Oomycota	Globisporangium	Globisporangium splendens	KAF1313734.1 Ribosomal protein l1, partial [Globisporangium splendens]
Pcub-SC1982_037_000115.1	KAJ0397652.1	47.8	209	524	275	1.14e-58	200	39.9	114742	Oomycota	Pythium	Pythium insidiosum	KAJ0397652.1 hypothetical protein P43SY_000176 [Pythium insidiosum]
Pcub-SC1982_037_000115.1	TYZ64109.1	47.6	208	524	269	1.33e-58	199	39.7	1485010	Oomycota	Globisporangium	[Pythium] brassicae (nom. inval.)	TYZ64109.1 hypothetical protein PybrP1_009136 [[Pythium] brassicae (nom. inval.)]
Pcub-SC1982_037_000115.1	XP_012206502.1	49.7	199	524	263	2.19e-58	199	38.0	695850	Oomycota	Saprolegnia	Saprolegnia parasitica	XP_012206502.1 50S ribosomal protein L1 [Saprolegnia parasitica CBS 223.65]
Pcub-SC1982_037_000115.1	OQR83728.1	49.7	199	524	263	3.07e-58	198	38.0	1202772	Oomycota	Achlya	Achlya hypogyna	OQR83728.1 50S ribosomal protein L1 [Achlya hypogyna]
Pcub-SC1982_037_000115.1	KAJ0400254.1	47.8	209	524	275	3.14e-58	199	39.9	114742	Oomycota	Pythium	Pythium insidiosum	KAJ0400254.1 hypothetical protein ATCC90586_009307 [Pythium insidiosum]
Pcub-SC1982_037_000115.1	XP_008619176.1	49.7	199	524	263	4.31e-58	198	38.0	1156394	Oomycota	Saprolegnia	Saprolegnia diclina	XP_008619176.1 50S ribosomal protein L1 [Saprolegnia diclina VS20]
Pcub-SC1982_037_000115.1	KAI9923100.1	45.6	206	524	278	2.60e-57	196	39.3	230839	Oomycota	Peronosclerospora	Peronosclerospora sorghi	KAI9923100.1 hypothetical protein PsorP6_000125 [Peronosclerospora sorghi]
Pcub-SC1982_037_000115.1	KAE8890911.1	44.7	206	524	273	3.15e-57	196	39.3	53985	Oomycota	Phytophthora	Phytophthora fragariae	KAE8890911.1 hypothetical protein PF003_g25053 [Phytophthora fragariae]
Pcub-SC1982_037_000115.1	XP_002900810.1	45.1	206	524	266	3.58e-57	196	39.3	403677	Oomycota	Phytophthora	Phytophthora infestans	XP_002900810.1 50S ribosomal protein L1 [Phytophthora infestans T30-4]
Pcub-SC1982_037_000115.1	XP_009521646.1	45.1	206	524	278	3.65e-57	196	39.3	67593	Oomycota	Phytophthora	Phytophthora sojae	XP_009521646.1 hypothetical protein PHYSODRAFT_327273 [Phytophthora sojae]
Pcub-SC1982_037_000115.1	CAH0476718.1	45.1	206	524	273	4.41e-57	196	39.3	622444	Oomycota	Peronospora	Peronospora belbahrii	CAH0476718.1 unnamed protein product [Peronospora belbahrii]
Pcub-SC1982_037_000115.1	KAF4035613.1	45.1	206	524	275	4.68e-57	196	39.3	4787	Oomycota	Phytophthora	Phytophthora infestans	KAF4035613.1 Ribosomal protein L1p/L10e family [Phytophthora infestans]
Pcub-SC1982_037_000115.1	KAI9999236.1	45.1	206	524	277	4.97e-57	196	39.3	4787	Oomycota	Phytophthora	Phytophthora infestans	KAI9999236.1 hypothetical protein PInf_004056 [Phytophthora infestans]
Pcub-SC1982_037_000115.1	POM76376.1	45.6	206	524	277	4.97e-57	196	39.3	4796	Oomycota	Phytophthora	Phytophthora palmivora	POM76376.1 Ribosomal protein L1 [Phytophthora palmivora]
Pcub-SC1982_037_000115.1	POM76451.1	45.6	206	524	277	4.97e-57	196	39.3	4796	Oomycota	Phytophthora	Phytophthora palmivora	POM76451.1 Ribosomal protein L1 [Phytophthora palmivora]
Pcub-SC1982_037_000116.1	KAF4320862.1	38.9	2753	2816	2021	0.0	1699	93.3	1284355	Oomycota	Phytophthora	Phytophthora kernoviae	KAF4320862.1 hypothetical protein G195_006047 [Phytophthora kernoviae 00238/432]
Pcub-SC1982_037_000116.1	KAE9040484.1	43.3	1334	2816	1091	4.37e-316	961	46.1	129364	Oomycota	Phytophthora	Phytophthora rubi	KAE9040484.1 DNA-directed RNA polymerase subunit beta' [Phytophthora rubi]
Pcub-SC1982_037_000116.1	KAE9040485.1	43.5	1201	2816	1009	6.57e-292	894	39.1	129364	Oomycota	Phytophthora	Phytophthora rubi	KAE9040485.1 DNA-directed RNA polymerase subunit beta [Phytophthora rubi]
Pcub-SC1982_037_000116.1	KAF0696724.1	26.5	675	2816	1845	9.30e-47	192	21.2	120398	Oomycota	Aphanomyces	Aphanomyces stellatus	KAF0696724.1 hypothetical protein As57867_012480 [Aphanomyces stellatus]
Pcub-SC1982_037_000116.1	KAH9123166.1	26.1	675	2816	951	2.90e-46	188	21.2	100861	Oomycota	Aphanomyces	Aphanomyces euteiches	KAH9123166.1 hypothetical protein AeMF1_005788, partial [Aphanomyces euteiches]
Pcub-SC1982_037_000116.1	RHY59219.1	26.2	675	2816	1133	6.12e-46	188	21.2	112090	Oomycota	Aphanomyces	Aphanomyces astaci	RHY59219.1 hypothetical protein DYB30_004349 [Aphanomyces astaci]
Pcub-SC1982_037_000116.1	XP_008869288.1	26.2	675	2816	1847	6.16e-46	189	21.2	157072	Oomycota	Aphanomyces	Aphanomyces invadans	XP_008869288.1 hypothetical protein H310_06134 [Aphanomyces invadans]
Pcub-SC1982_037_000116.1	RLO09239.1	26.2	675	2816	1723	7.55e-46	189	21.2	112090	Oomycota	Aphanomyces	Aphanomyces astaci	RLO09239.1 hypothetical protein DYB28_000455, partial [Aphanomyces astaci]
Pcub-SC1982_037_000116.1	XP_009826587.1	26.2	675	2816	1847	8.07e-46	189	21.2	112090	Oomycota	Aphanomyces	Aphanomyces astaci	XP_009826587.1 hypothetical protein H257_03959 [Aphanomyces astaci]
Pcub-SC1982_037_000116.1	RHY96943.1	26.2	675	2816	1853	8.09e-46	189	21.2	112090	Oomycota	Aphanomyces	Aphanomyces astaci	RHY96943.1 hypothetical protein DYB35_007338 [Aphanomyces astaci]
Pcub-SC1982_037_000116.1	RHY52987.1	26.2	675	2816	1863	8.13e-46	189	21.2	112090	Oomycota	Aphanomyces	Aphanomyces astaci	RHY52987.1 hypothetical protein DYB38_005026 [Aphanomyces astaci]
Pcub-SC1982_037_000116.1	KAH9070103.1	26.1	675	2816	1855	1.39e-45	188	21.2	100861	Oomycota	Aphanomyces	Aphanomyces euteiches	KAH9070103.1 hypothetical protein Ae201684P_002473 [Aphanomyces euteiches]
Pcub-SC1982_037_000116.1	KAF0733976.1	26.1	675	2816	1855	1.39e-45	188	21.2	100861	Oomycota	Aphanomyces	Aphanomyces euteiches	KAF0733976.1 hypothetical protein Ae201684_009153 [Aphanomyces euteiches]
Pcub-SC1982_037_000116.1	KAH9095734.1	26.1	675	2816	1855	1.39e-45	188	21.2	100861	Oomycota	Aphanomyces	Aphanomyces euteiches	KAH9095734.1 hypothetical protein LEN26_017759 [Aphanomyces euteiches]
Pcub-SC1982_037_000116.1	OQR92170.1	26.4	677	2816	1866	1.40e-45	188	21.2	1202772	Oomycota	Achlya	Achlya hypogyna	OQR92170.1 DNA-directed RNA polymerase II largest subunit [Achlya hypogyna]
Pcub-SC1982_037_000116.1	KAG9402193.1	26.8	680	2816	1855	1.82e-45	187	21.2	112091	Oomycota	Aphanomyces	Aphanomyces cochlioides	KAG9402193.1 DNA-directed RNA polymerase II subunit RPB1 [Aphanomyces cochlioides]
Pcub-SC1982_037_000116.1	OQR91833.1	26.3	677	2816	1867	2.40e-45	187	21.2	74557	Oomycota	Thraustotheca	Thraustotheca clavata	OQR91833.1 DNA-directed RNA polymerase II largest subunit [Thraustotheca clavata]
Pcub-SC1982_037_000116.1	XP_008613610.1	26.4	677	2816	1864	7.04e-45	186	21.2	1156394	Oomycota	Saprolegnia	Saprolegnia diclina	XP_008613610.1 DNA-directed RNA polymerase II subunit RPB1 [Saprolegnia diclina VS20]
Pcub-SC1982_037_000116.1	KAF0733983.1	25.4	677	2816	1367	1.10e-44	184	21.2	100861	Oomycota	Aphanomyces	Aphanomyces euteiches	KAF0733983.1 hypothetical protein Ae201684_009160 [Aphanomyces euteiches]
Pcub-SC1982_037_000116.1	RQM20842.1	26.2	657	2816	1412	3.42e-44	183	21.2	112090	Oomycota	Aphanomyces	Aphanomyces astaci	RQM20842.1 hypothetical protein B5M09_010236 [Aphanomyces astaci]
Pcub-SC1982_037_000116.1	DBA00843.1	25.6	683	2816	1879	3.58e-44	183	21.2	4803	Oomycota	Lagenidium	Lagenidium giganteum	DBA00843.1 TPA: hypothetical protein N0F65_008486 [Lagenidium giganteum]
Pcub-SC1982_037_000116.1	RHY79598.1	25.5	709	2816	1896	8.10e-44	182	21.2	112090	Oomycota	Aphanomyces	Aphanomyces astaci	RHY79598.1 hypothetical protein DYB31_003535 [Aphanomyces astaci]
Pcub-SC1982_037_000116.1	KAF1778516.1	22.2	1327	2816	2791	1.33e-43	182	41.1	29920	Oomycota	Phytophthora	Phytophthora cactorum	KAF1778516.1 P-loop containing nucleoside triphosphate hydrolase [Phytophthora cactorum]
Pcub-SC1982_037_000116.1	XP_012202762.1	25.9	672	2816	1771	2.95e-43	180	21.2	695850	Oomycota	Saprolegnia	Saprolegnia parasitica	XP_012202762.1 hypothetical protein SPRG_08025 [Saprolegnia parasitica CBS 223.65]
Pcub-SC1982_037_000116.1	KAH9159565.1	24.8	629	2816	877	1.48e-42	176	21.2	100861	Oomycota	Aphanomyces	Aphanomyces euteiches	KAH9159565.1 hypothetical protein LEN26_002279, partial [Aphanomyces euteiches]
Pcub-SC1982_037_000126.1	KAF4321643.1	32.9	353	962	335	4.75e-35	141	35.9	1284355	Oomycota	Phytophthora	Phytophthora kernoviae	KAF4321643.1 hypothetical protein G195_005166 [Phytophthora kernoviae 00238/432]
Pcub-SC1982_037_000126.1	KAF4319884.1	30.2	291	962	341	1.58e-18	93.2	29.6	1284355	Oomycota	Phytophthora	Phytophthora kernoviae	KAF4319884.1 hypothetical protein G195_006869 [Phytophthora kernoviae 00238/432]
Pcub-SC1982_037_000126.1	GLD98391.1	29.0	472	962	481	3.58e-17	90.9	45.8	114742	Oomycota	Pythium	Pythium insidiosum	GLD98391.1 hypothetical protein PINS_up007088 [Pythium insidiosum]
Pcub-SC1982_037_000126.1	KAF1321501.1	30.2	344	962	479	1.07e-15	86.3	33.3	82926	Oomycota	Globisporangium	Globisporangium splendens	KAF1321501.1 hypothetical protein FI667_g11883, partial [Globisporangium splendens]
Pcub-SC1982_037_000126.1	TMW69591.1	27.7	365	962	512	1.25e-15	86.3	34.0	41045	Oomycota	Pythium	Pythium oligandrum	TMW69591.1 hypothetical protein Poli38472_001747 [Pythium oligandrum]
Pcub-SC1982_037_000126.1	TMW69595.1	27.5	385	962	479	1.42e-15	85.9	37.3	41045	Oomycota	Pythium	Pythium oligandrum	TMW69595.1 hypothetical protein Poli38472_001751 [Pythium oligandrum]
Pcub-SC1982_037_000126.1	TMW69614.1	30.3	347	962	517	2.25e-15	85.5	33.5	41045	Oomycota	Pythium	Pythium oligandrum	TMW69614.1 hypothetical protein Poli38472_001770 [Pythium oligandrum]
Pcub-SC1982_037_000126.1	TMW69613.1	27.4	372	962	503	8.64e-15	83.6	35.7	41045	Oomycota	Pythium	Pythium oligandrum	TMW69613.1 hypothetical protein Poli38472_001769 [Pythium oligandrum]
Pcub-SC1982_037_000126.1	RHY99451.1	27.1	439	962	463	9.45e-15	83.2	41.7	112090	Oomycota	Aphanomyces	Aphanomyces astaci	RHY99451.1 hypothetical protein DYB35_010036 [Aphanomyces astaci]
Pcub-SC1982_037_000126.1	RHY56303.1	28.7	415	962	442	1.11e-14	82.8	38.4	112090	Oomycota	Aphanomyces	Aphanomyces astaci	RHY56303.1 hypothetical protein DYB38_011309, partial [Aphanomyces astaci]
Pcub-SC1982_037_000126.1	RQM29415.1	26.3	449	962	463	1.67e-14	82.4	41.7	112090	Oomycota	Aphanomyces	Aphanomyces astaci	RQM29415.1 hypothetical protein B5M09_013282 [Aphanomyces astaci]
Pcub-SC1982_037_000126.1	RHY43842.1	27.2	427	962	454	2.11e-14	82.0	41.3	112090	Oomycota	Aphanomyces	Aphanomyces astaci	RHY43842.1 hypothetical protein DYB38_004396 [Aphanomyces astaci]
Pcub-SC1982_037_000126.1	RHX98768.1	26.3	449	962	452	3.67e-14	81.3	41.7	112090	Oomycota	Aphanomyces	Aphanomyces astaci	RHX98768.1 hypothetical protein DYB36_014174, partial [Aphanomyces astaci]
Pcub-SC1982_037_000126.1	XP_008865327.1	29.7	354	962	837	4.89e-14	82.0	33.6	157072	Oomycota	Aphanomyces	Aphanomyces invadans	XP_008865327.1 hypothetical protein H310_03300 [Aphanomyces invadans]
Pcub-SC1982_037_000126.1	RLN49729.1	27.5	418	962	461	5.12e-14	80.9	37.4	325452	Oomycota	Phytophthora	Phytophthora kernoviae	RLN49729.1 hypothetical protein BBJ29_004572 [Phytophthora kernoviae]
Pcub-SC1982_037_000126.1	RHY64087.1	26.3	445	962	450	6.41e-14	80.5	41.3	112090	Oomycota	Aphanomyces	Aphanomyces astaci	RHY64087.1 hypothetical protein DYB34_000727, partial [Aphanomyces astaci]
Pcub-SC1982_037_000126.1	XP_009829299.1	26.3	449	962	463	6.86e-14	80.5	41.7	112090	Oomycota	Aphanomyces	Aphanomyces astaci	XP_009829299.1 hypothetical protein H257_05966 [Aphanomyces astaci]
Pcub-SC1982_037_000126.1	KAF0703002.1	27.4	424	962	390	7.59e-14	79.7	40.1	112090	Oomycota	Aphanomyces	Aphanomyces astaci	KAF0703002.1 hypothetical protein AaE_015601 [Aphanomyces astaci]
Pcub-SC1982_037_000126.1	RHY48109.1	28.7	349	962	876	1.14e-13	80.9	33.5	112090	Oomycota	Aphanomyces	Aphanomyces astaci	RHY48109.1 hypothetical protein DYB34_010393, partial [Aphanomyces astaci]
Pcub-SC1982_037_000126.1	RHY21989.1	29.4	354	962	837	1.46e-13	80.5	33.6	157072	Oomycota	Aphanomyces	Aphanomyces invadans	RHY21989.1 hypothetical protein DYB32_009651 [Aphanomyces invadans]
Pcub-SC1982_037_000126.1	KAF1316980.1	28.4	356	962	487	1.78e-13	79.3	33.4	82926	Oomycota	Globisporangium	Globisporangium splendens	KAF1316980.1 hypothetical protein FI667_g15056, partial [Globisporangium splendens]
Pcub-SC1982_037_000126.1	XP_009842762.1	27.5	385	962	877	2.60e-13	79.7	36.5	112090	Oomycota	Aphanomyces	Aphanomyces astaci	XP_009842762.1 hypothetical protein H257_16127 [Aphanomyces astaci]
Pcub-SC1982_037_000126.1	RHY46698.1	26.7	439	962	451	2.65e-13	78.6	41.7	112090	Oomycota	Aphanomyces	Aphanomyces astaci	RHY46698.1 hypothetical protein DYB30_008045, partial [Aphanomyces astaci]
Pcub-SC1982_037_000126.1	XP_009829294.1	26.7	439	962	463	2.81e-13	78.6	41.7	112090	Oomycota	Aphanomyces	Aphanomyces astaci	XP_009829294.1 hypothetical protein H257_05960 [Aphanomyces astaci]
Pcub-SC1982_037_000126.1	KAG2510669.1	27.4	413	962	462	3.71e-13	78.2	36.9	325452	Oomycota	Phytophthora	Phytophthora kernoviae	KAG2510669.1 hypothetical protein JM18_008738 [Phytophthora kernoviae]
Pcub-SC1982_037_000127.1	KAF4321643.1	36.0	350	960	335	3.62e-37	147	36.0	1284355	Oomycota	Phytophthora	Phytophthora kernoviae	KAF4321643.1 hypothetical protein G195_005166 [Phytophthora kernoviae 00238/432]
Pcub-SC1982_037_000127.1	KAF4325825.1	30.8	227	960	254	4.14e-20	95.9	23.3	1284355	Oomycota	Phytophthora	Phytophthora kernoviae	KAF4325825.1 hypothetical protein G195_000453 [Phytophthora kernoviae 00238/432]
Pcub-SC1982_037_000127.1	KAF4319884.1	27.8	291	960	341	2.53e-15	83.6	29.7	1284355	Oomycota	Phytophthora	Phytophthora kernoviae	KAF4319884.1 hypothetical protein G195_006869 [Phytophthora kernoviae 00238/432]
Pcub-SC1982_037_000127.1	TMW69591.1	28.1	384	960	512	3.63e-14	81.6	37.2	41045	Oomycota	Pythium	Pythium oligandrum	TMW69591.1 hypothetical protein Poli38472_001747 [Pythium oligandrum]
Pcub-SC1982_037_000127.1	TMW69623.1	26.7	352	960	533	3.37e-12	75.5	33.8	41045	Oomycota	Pythium	Pythium oligandrum	TMW69623.1 hypothetical protein Poli38472_001779 [Pythium oligandrum]
Pcub-SC1982_037_000127.1	KAF0716294.1	27.8	356	960	496	5.29e-12	74.7	34.2	120398	Oomycota	Aphanomyces	Aphanomyces stellatus	KAF0716294.1 hypothetical protein As57867_002903, partial [Aphanomyces stellatus]
Pcub-SC1982_037_000127.1	KAF1316980.1	27.0	344	960	487	6.79e-12	74.3	33.6	82926	Oomycota	Globisporangium	Globisporangium splendens	KAF1316980.1 hypothetical protein FI667_g15056, partial [Globisporangium splendens]
Pcub-SC1982_037_000127.1	KAF1336617.1	25.6	324	960	577	1.13e-11	73.9	30.7	82926	Oomycota	Globisporangium	Globisporangium splendens	KAF1336617.1 hypothetical protein FI667_g283, partial [Globisporangium splendens]
Pcub-SC1982_037_000127.1	KAF1336355.1	26.2	359	960	485	1.18e-11	73.6	34.1	82926	Oomycota	Globisporangium	Globisporangium splendens	KAF1336355.1 hypothetical protein FI667_g277, partial [Globisporangium splendens]
Pcub-SC1982_037_000127.1	GLE10725.1	25.4	433	960	551	1.41e-11	73.6	41.7	114742	Oomycota	Pythium	Pythium insidiosum	GLE10725.1 hypothetical protein PINS_up022965 [Pythium insidiosum]
Pcub-SC1982_037_000127.1	KAF1336354.1	26.2	359	960	570	1.47e-11	73.6	34.1	82926	Oomycota	Globisporangium	Globisporangium splendens	KAF1336354.1 hypothetical protein FI667_g276, partial [Globisporangium splendens]
Pcub-SC1982_037_000127.1	RHY48109.1	26.0	358	960	876	1.56e-11	73.9	33.6	112090	Oomycota	Aphanomyces	Aphanomyces astaci	RHY48109.1 hypothetical protein DYB34_010393, partial [Aphanomyces astaci]
Pcub-SC1982_037_000127.1	XP_009842762.1	26.0	358	960	877	2.05e-11	73.6	33.6	112090	Oomycota	Aphanomyces	Aphanomyces astaci	XP_009842762.1 hypothetical protein H257_16127 [Aphanomyces astaci]
Pcub-SC1982_037_000127.1	KAF1793362.1	26.5	347	960	452	2.42e-11	72.4	33.5	29920	Oomycota	Phytophthora	Phytophthora cactorum	KAF1793362.1 Peptidase S8, subtilisin-related [Phytophthora cactorum]
Pcub-SC1982_037_000127.1	KAG2775340.1	26.5	347	960	465	2.55e-11	72.4	33.5	29920	Oomycota	Phytophthora	Phytophthora cactorum	KAG2775340.1 hypothetical protein Pcac1_g13935 [Phytophthora cactorum]
Pcub-SC1982_037_000127.1	KAG9401034.1	27.2	353	960	465	2.55e-11	72.4	34.0	112091	Oomycota	Aphanomyces	Aphanomyces cochlioides	KAG9401034.1 hypothetical protein AC1031_009787 [Aphanomyces cochlioides]
Pcub-SC1982_037_000127.1	KAG3194234.1	26.5	347	960	481	2.69e-11	72.4	33.5	29920	Oomycota	Phytophthora	Phytophthora cactorum	KAG3194234.1 hypothetical protein PC128_g9527 [Phytophthora cactorum]
Pcub-SC1982_037_000127.1	KAG3016521.1	26.5	347	960	481	2.69e-11	72.4	33.5	29920	Oomycota	Phytophthora	Phytophthora cactorum	KAG3016521.1 hypothetical protein PC120_g11563 [Phytophthora cactorum]
Pcub-SC1982_037_000127.1	KAG4053452.1	26.5	347	960	481	2.69e-11	72.4	33.5	29920	Oomycota	Phytophthora	Phytophthora cactorum	KAG4053452.1 hypothetical protein PC123_g11397 [Phytophthora cactorum]
Pcub-SC1982_037_000127.1	KAG2830388.1	26.5	347	960	481	2.69e-11	72.4	33.5	29920	Oomycota	Phytophthora	Phytophthora cactorum	KAG2830388.1 hypothetical protein PC112_g7697 [Phytophthora cactorum]
Pcub-SC1982_037_000127.1	KAG3114901.1	26.5	347	960	482	2.70e-11	72.4	33.5	53986	Oomycota	Phytophthora	Phytophthora idaei	KAG3114901.1 hypothetical protein PI125_g5992 [Phytophthora idaei]
Pcub-SC1982_037_000127.1	KAF0694284.1	26.8	385	960	482	2.70e-11	72.4	35.8	120398	Oomycota	Aphanomyces	Aphanomyces stellatus	KAF0694284.1 hypothetical protein As57867_014776 [Aphanomyces stellatus]
Pcub-SC1982_037_000127.1	KAG6975863.1	26.5	347	960	417	4.82e-11	71.2	33.5	2496075	Oomycota	Phytophthora	Phytophthora aleatoria	KAG6975863.1 hypothetical protein JG688_00001967 [Phytophthora aleatoria]
Pcub-SC1982_037_000127.1	TMW69598.1	25.9	432	960	537	5.47e-11	71.6	41.5	41045	Oomycota	Pythium	Pythium oligandrum	TMW69598.1 hypothetical protein Poli38472_001754 [Pythium oligandrum]
Pcub-SC1982_037_000127.1	GLE10724.1	25.2	433	960	540	5.51e-11	71.6	41.7	114742	Oomycota	Pythium	Pythium insidiosum	GLE10724.1 hypothetical protein PINS_up022964 [Pythium insidiosum]
Pcub-SC1982_037_000130.1	KAF4323848.1	32.4	238	416	395	4.43e-22	102	56.3	1284355	Oomycota	Phytophthora	Phytophthora kernoviae	KAF4323848.1 hypothetical protein G195_003017 [Phytophthora kernoviae 00238/432]
Pcub-SC1982_037_000130.1	KAF4324660.1	27.4	270	416	254	1.21e-18	89.7	63.7	1284355	Oomycota	Phytophthora	Phytophthora kernoviae	KAF4324660.1 hypothetical protein G195_002016 [Phytophthora kernoviae 00238/432]
Pcub-SC1982_037_000130.1	KAG3106671.1	27.4	270	416	378	6.43e-18	89.7	63.7	29920	Oomycota	Phytophthora	Phytophthora cactorum	KAG3106671.1 hypothetical protein PC122_g320 [Phytophthora cactorum]
Pcub-SC1982_037_000130.1	KAF4324755.1	30.1	229	416	442	1.14e-15	83.6	54.6	1284355	Oomycota	Phytophthora	Phytophthora kernoviae	KAF4324755.1 hypothetical protein G195_001108 [Phytophthora kernoviae 00238/432]
Pcub-SC1982_037_000130.1	KAF4323847.1	27.8	223	416	345	2.83e-14	78.6	53.4	1284355	Oomycota	Phytophthora	Phytophthora kernoviae	KAF4323847.1 hypothetical protein G195_003016 [Phytophthora kernoviae 00238/432]
Pcub-SC1982_037_000130.1	KAF4320864.1	27.5	240	416	208	7.57e-09	60.5	53.4	1284355	Oomycota	Phytophthora	Phytophthora kernoviae	KAF4320864.1 hypothetical protein G195_006018 [Phytophthora kernoviae 00238/432]
Pcub-SC1982_037_000130.1	KAG2980407.1	36.6	82	416	190	1.34e-06	53.5	19.2	29920	Oomycota	Phytophthora	Phytophthora cactorum	KAG2980407.1 hypothetical protein PC120_g24968 [Phytophthora cactorum]
Pcub-SC1982_037_000143.1	KAF4324973.1	28.6	318	1219	1996	7.52e-30	134	25.4	1284355	Oomycota	Phytophthora	Phytophthora kernoviae	KAF4324973.1 hypothetical protein G195_001694 [Phytophthora kernoviae 00238/432]
Pcub-SC1982_037_000143.1	KAG2884493.1	29.4	316	1219	685	8.99e-30	132	25.2	29920	Oomycota	Phytophthora	Phytophthora cactorum	KAG2884493.1 hypothetical protein PC117_g25816 [Phytophthora cactorum]
Pcub-SC1982_037_000143.1	KAG3106599.1	26.6	334	1219	832	2.33e-24	115	26.2	29920	Oomycota	Phytophthora	Phytophthora cactorum	KAG3106599.1 hypothetical protein PC122_g289 [Phytophthora cactorum]
Pcub-SC1982_037_000143.1	KAF4323895.1	31.7	186	1219	897	4.06e-16	89.4	14.8	1284355	Oomycota	Phytophthora	Phytophthora kernoviae	KAF4323895.1 hypothetical protein G195_001828 [Phytophthora kernoviae 00238/432]
Pcub-SC1982_037_000143.1	KAF4324678.1	23.9	327	1219	773	1.85e-15	87.0	26.2	1284355	Oomycota	Phytophthora	Phytophthora kernoviae	KAF4324678.1 hypothetical protein G195_002000 [Phytophthora kernoviae 00238/432]
Pcub-SC1982_037_000143.1	KAF4325801.1	26.9	175	1219	499	3.84e-15	85.1	14.3	1284355	Oomycota	Phytophthora	Phytophthora kernoviae	KAF4325801.1 hypothetical protein G195_000491 [Phytophthora kernoviae 00238/432]
Pcub-SC1982_037_000143.1	KAG2969613.1	30.1	186	1219	265	9.01e-15	80.9	14.8	29920	Oomycota	Phytophthora	Phytophthora cactorum	KAG2969613.1 hypothetical protein PC120_g26684 [Phytophthora cactorum]
Pcub-SC1982_037_000143.1	KAG4252084.1	31.9	160	1219	595	2.58e-13	79.7	12.8	29920	Oomycota	Phytophthora	Phytophthora cactorum	KAG4252084.1 hypothetical protein PC116_g316 [Phytophthora cactorum]
Pcub-SC1982_037_000143.1	KAG2893651.1	29.3	205	1219	468	3.00e-13	79.0	16.7	29920	Oomycota	Phytophthora	Phytophthora cactorum	KAG2893651.1 hypothetical protein PC117_g23727 [Phytophthora cactorum]
Pcub-SC1982_037_000143.1	KAF4324102.1	25.2	329	1219	597	3.42e-13	79.3	26.3	1284355	Oomycota	Phytophthora	Phytophthora kernoviae	KAF4324102.1 hypothetical protein G195_002677 [Phytophthora kernoviae 00238/432]
Pcub-SC1982_037_000143.1	KAF4325458.1	33.0	188	1219	244	5.70e-13	75.1	15.0	1284355	Oomycota	Phytophthora	Phytophthora kernoviae	KAF4325458.1 hypothetical protein G195_000936 [Phytophthora kernoviae 00238/432]
Pcub-SC1982_037_000143.1	KAF4325748.1	23.1	333	1219	1700	2.41e-12	77.4	27.0	1284355	Oomycota	Phytophthora	Phytophthora kernoviae	KAF4325748.1 hypothetical protein G195_000707 [Phytophthora kernoviae 00238/432]
Pcub-SC1982_037_000143.1	KAF4325419.1	24.3	309	1219	1896	2.47e-12	77.4	25.1	1284355	Oomycota	Phytophthora	Phytophthora kernoviae	KAF4325419.1 hypothetical protein G195_001006 [Phytophthora kernoviae 00238/432]
Pcub-SC1982_037_000143.1	KAE9090418.1	32.7	147	1219	576	2.98e-12	76.3	11.6	53985	Oomycota	Phytophthora	Phytophthora fragariae	KAE9090418.1 hypothetical protein PF010_g18587 [Phytophthora fragariae]
Pcub-SC1982_037_000143.1	KAG3106695.1	32.9	146	1219	608	2.18e-11	73.6	11.7	29920	Oomycota	Phytophthora	Phytophthora cactorum	KAG3106695.1 hypothetical protein PC122_g199 [Phytophthora cactorum]
Pcub-SC1982_037_000143.1	KAG2974514.1	27.2	184	1219	419	1.55e-10	70.1	14.3	29920	Oomycota	Phytophthora	Phytophthora cactorum	KAG2974514.1 hypothetical protein PC120_g25982 [Phytophthora cactorum]
Pcub-SC1982_037_000143.1	KAF4325872.1	27.2	184	1219	584	2.49e-10	70.1	14.3	1284355	Oomycota	Phytophthora	Phytophthora kernoviae	KAF4325872.1 hypothetical protein G195_000560 [Phytophthora kernoviae 00238/432]
Pcub-SC1982_037_000143.1	KAG2872392.1	24.6	179	1219	211	2.01e-09	63.9	14.7	29920	Oomycota	Phytophthora	Phytophthora cactorum	KAG2872392.1 hypothetical protein PC115_g24616, partial [Phytophthora cactorum]
Pcub-SC1982_037_000143.1	KAG2971059.1	27.0	163	1219	694	3.38e-09	66.6	13.4	29920	Oomycota	Phytophthora	Phytophthora cactorum	KAG2971059.1 hypothetical protein PC120_g26505 [Phytophthora cactorum]
Pcub-SC1982_037_000143.1	KAF4324691.1	30.4	168	1219	1267	4.37e-09	66.6	13.4	1284355	Oomycota	Phytophthora	Phytophthora kernoviae	KAF4324691.1 hypothetical protein G195_001895 [Phytophthora kernoviae 00238/432]
Pcub-SC1982_037_000143.1	KAF4326267.1	28.9	149	1219	1110	5.51e-09	66.2	12.1	1284355	Oomycota	Phytophthora	Phytophthora kernoviae	KAF4326267.1 hypothetical protein G195_000069 [Phytophthora kernoviae 00238/432]
Pcub-SC1982_037_000143.1	KAF4324564.1	28.0	161	1219	586	6.79e-09	65.5	13.0	1284355	Oomycota	Phytophthora	Phytophthora kernoviae	KAF4324564.1 hypothetical protein G195_002021 [Phytophthora kernoviae 00238/432]
Pcub-SC1982_037_000143.1	KAF4325435.1	24.6	179	1219	346	9.60e-09	63.9	14.7	1284355	Oomycota	Phytophthora	Phytophthora kernoviae	KAF4325435.1 hypothetical protein G195_000991 [Phytophthora kernoviae 00238/432]
Pcub-SC1982_037_000143.1	KAF4324986.1	30.3	122	1219	1177	9.65e-09	65.5	10.0	1284355	Oomycota	Phytophthora	Phytophthora kernoviae	KAF4324986.1 hypothetical protein G195_001679 [Phytophthora kernoviae 00238/432]
Pcub-SC1982_037_000143.1	KAG2967481.1	30.9	152	1219	491	2.27e-08	63.5	12.4	29920	Oomycota	Phytophthora	Phytophthora cactorum	KAG2967481.1 hypothetical protein PC120_g26955 [Phytophthora cactorum]
Pcub-SC1982_037_000137.1	KAF4322896.1	34.5	148	284	305	4.21e-14	75.9	51.4	1284355	Oomycota	Phytophthora	Phytophthora kernoviae	KAF4322896.1 hypothetical protein G195_004122 [Phytophthora kernoviae 00238/432]
Pcub-SC1982_037_000137.1	KAG3106614.1	34.5	148	284	310	4.41e-14	75.9	51.4	29920	Oomycota	Phytophthora	Phytophthora cactorum	KAG3106614.1 hypothetical protein PC122_g183 [Phytophthora cactorum]
Pcub-SC1982_037_000137.1	KAF4325948.1	32.9	149	284	225	4.96e-10	63.2	50.7	1284355	Oomycota	Phytophthora	Phytophthora kernoviae	KAF4325948.1 hypothetical protein G195_000400 [Phytophthora kernoviae 00238/432]
Pcub-SC1982_037_000137.1	KAF4322467.1	28.5	151	284	191	3.81e-05	48.5	52.1	1284355	Oomycota	Phytophthora	Phytophthora kernoviae	KAF4322467.1 hypothetical protein G195_004604 [Phytophthora kernoviae 00238/432]
Pcub-SC1982_037_000141.1	TYZ69117.1	34.6	442	445	1010	1.99e-71	248	99.1	1485010	Oomycota	Globisporangium	[Pythium] brassicae (nom. inval.)	TYZ69117.1 hypothetical protein PybrP1_008867 [[Pythium] brassicae (nom. inval.)]
Pcub-SC1982_037_000141.1	KAF1322339.1	34.3	443	445	1009	5.17e-71	246	99.1	82926	Oomycota	Globisporangium	Globisporangium splendens	KAF1322339.1 Alpha-aminoadipic semialdehyde synthase, partial [Globisporangium splendens]
Pcub-SC1982_037_000141.1	TMW55077.1	35.0	446	445	1008	3.51e-70	244	99.1	41045	Oomycota	Pythium	Pythium oligandrum	TMW55077.1 hypothetical protein Poli38472_013839 [Pythium oligandrum]
Pcub-SC1982_037_000141.1	XP_008903673.1	35.6	449	445	1014	2.51e-69	242	99.6	4792;761204	Oomycota	Phytophthora	Phytophthora nicotianae	XP_008903673.1 hypothetical protein PPTG_10143 [Phytophthora nicotianae INRA-310]
Pcub-SC1982_037_000141.1	ETO77682.1	35.6	449	445	1014	2.51e-69	242	99.6	1317064;1317066	Oomycota	Phytophthora	Phytophthora nicotianae	ETO77682.1 hypothetical protein F444_07127 [Phytophthora nicotianae P1976]
Pcub-SC1982_037_000141.1	ETK88836.1	35.6	449	445	1026	2.76e-69	242	99.6	4792;1317063	Oomycota	Phytophthora	Phytophthora nicotianae	ETK88836.1 hypothetical protein L915_06960, partial [Phytophthora nicotianae]
Pcub-SC1982_037_000141.1	KUF95870.1	35.6	449	445	1042	3.10e-69	242	99.6	4792	Oomycota	Phytophthora	Phytophthora nicotianae	KUF95870.1 hypothetical protein AM588_10008590 [Phytophthora nicotianae]
Pcub-SC1982_037_000141.1	ETI48954.1	35.6	449	445	1014	3.45e-69	241	99.6	1317065	Oomycota	Phytophthora	Phytophthora nicotianae	ETI48954.1 hypothetical protein F443_07058 [Phytophthora nicotianae P1569]
Pcub-SC1982_037_000141.1	OQR85292.1	35.9	448	445	501	5.77e-69	231	99.1	1202772	Oomycota	Achlya	Achlya hypogyna	OQR85292.1 alpha-aminoadipic semialdehyde synthase [Achlya hypogyna]
Pcub-SC1982_037_000141.1	POM62970.1	34.9	444	445	1015	4.47e-68	238	99.1	4796	Oomycota	Phytophthora	Phytophthora palmivora	POM62970.1 Alpha-aminoadipic semialdehyde synthase [Phytophthora palmivora]
Pcub-SC1982_037_000141.1	XP_012210909.1	34.5	446	445	466	5.17e-68	228	99.1	695850	Oomycota	Saprolegnia	Saprolegnia parasitica	XP_012210909.1 saccharopine dehydrogenase [Saprolegnia parasitica CBS 223.65]
Pcub-SC1982_037_000141.1	KAF4318700.1	34.2	444	445	996	7.30e-68	238	99.1	325452;1284355	Oomycota	Phytophthora	Phytophthora kernoviae	KAF4318700.1 hypothetical protein G195_007993 [Phytophthora kernoviae 00238/432]
Pcub-SC1982_037_000141.1	KAG2520443.1	34.2	444	445	996	7.30e-68	238	99.1	325452	Oomycota	Phytophthora	Phytophthora kernoviae	KAG2520443.1 hypothetical protein JM16_006707 [Phytophthora kernoviae]
Pcub-SC1982_037_000141.1	RLN49072.1	34.2	444	445	1003	7.71e-68	238	99.1	325452	Oomycota	Phytophthora	Phytophthora kernoviae	RLN49072.1 hypothetical protein BBJ29_006864 [Phytophthora kernoviae]
Pcub-SC1982_037_000141.1	RLN58195.1	34.2	444	445	1003	1.46e-67	237	99.1	325452	Oomycota	Phytophthora	Phytophthora kernoviae	RLN58195.1 hypothetical protein BBP00_00007126 [Phytophthora kernoviae]
Pcub-SC1982_037_000141.1	GLD99985.1	34.2	447	445	1011	2.13e-67	236	99.1	114742	Oomycota	Pythium	Pythium insidiosum	GLD99985.1 hypothetical protein PINS_up008713 [Pythium insidiosum]
Pcub-SC1982_037_000141.1	KAH7479263.1	35.1	444	445	1015	4.15e-67	236	99.1	164328	Oomycota	Phytophthora	Phytophthora ramorum	KAH7479263.1 Alpha-aminoadipic semialdehyde synthase [Phytophthora ramorum]
Pcub-SC1982_037_000141.1	RHZ02362.1	34.2	448	445	489	4.95e-67	226	99.1	112090	Oomycota	Aphanomyces	Aphanomyces astaci	RHZ02362.1 hypothetical protein DYB31_013554, partial [Aphanomyces astaci]
Pcub-SC1982_037_000141.1	XP_024573353.1	35.2	446	445	1010	7.56e-67	235	99.1	4781	Oomycota	Plasmopara	Plasmopara halstedii	XP_024573353.1 alpha-aminoadipic semialdehyde [Plasmopara halstedii]
Pcub-SC1982_037_000141.1	CCI11460.1	33.9	446	445	979	1.13e-66	234	99.1	65357	Oomycota	Albugo	Albugo candida	CCI11460.1 unnamed protein product [Albugo candida]
Pcub-SC1982_037_000141.1	OQR95300.1	35.2	449	445	1028	1.18e-66	234	99.1	74557	Oomycota	Thraustotheca	Thraustotheca clavata	OQR95300.1 alpha-aminoadipic semialdehyde synthase, partial [Thraustotheca clavata]
Pcub-SC1982_037_000141.1	KAG6950631.1	34.9	447	445	1014	1.47e-66	234	99.1	2496075	Oomycota	Phytophthora	Phytophthora aleatoria	KAG6950631.1 hypothetical protein JG688_00014075 [Phytophthora aleatoria]
Pcub-SC1982_037_000141.1	RLN58428.1	34.8	446	445	1017	1.50e-66	234	99.6	2483409	Oomycota	Nothophytophthora	Nothophytophthora sp. Chile5	RLN58428.1 hypothetical protein BBJ28_00007446 [Nothophytophthora sp. Chile5]
Pcub-SC1982_037_000141.1	KAG2772681.1	34.9	447	445	1014	2.02e-66	234	99.1	29920	Oomycota	Phytophthora	Phytophthora cactorum	KAG2772681.1 Alpha-aminoadipic semialdehyde synthase [Phytophthora cactorum]
Pcub-SC1982_037_000141.1	KAG7380555.1	35.1	444	445	1015	2.03e-66	234	99.1	221518	Oomycota	Phytophthora	Phytophthora pseudosyringae	KAG7380555.1 hypothetical protein PHYPSEUDO_007065 [Phytophthora pseudosyringae]
Pcub-SC1982_037_000138.1	RHZ22389.1	22.9	166	1253	294	5.91e-11	70.1	12.8	112090	Oomycota	Aphanomyces	Aphanomyces astaci	RHZ22389.1 hypothetical protein DYB26_009997, partial [Aphanomyces astaci]
Pcub-SC1982_037_000138.1	KAF0757681.1	22.9	166	1253	457	1.88e-10	70.1	12.8	112090	Oomycota	Aphanomyces	Aphanomyces astaci	KAF0757681.1 hypothetical protein AaE_004194 [Aphanomyces astaci]
Pcub-SC1982_037_000138.1	KAG9412550.1	21.9	169	1253	607	2.04e-10	70.5	13.2	112091	Oomycota	Aphanomyces	Aphanomyces cochlioides	KAG9412550.1 hypothetical protein AC1031_015460 [Aphanomyces cochlioides]
Pcub-SC1982_037_000138.1	RHY07474.1	22.9	166	1253	687	2.97e-10	70.1	12.8	112090	Oomycota	Aphanomyces	Aphanomyces astaci	RHY07474.1 hypothetical protein DYB36_006437 [Aphanomyces astaci]
Pcub-SC1982_037_000138.1	RHZ00332.1	22.9	166	1253	687	2.97e-10	70.1	12.8	112090	Oomycota	Aphanomyces	Aphanomyces astaci	RHZ00332.1 hypothetical protein DYB31_004833 [Aphanomyces astaci]
Pcub-SC1982_037_000138.1	RLO13176.1	22.9	166	1253	687	2.97e-10	70.1	12.8	112090	Oomycota	Aphanomyces	Aphanomyces astaci	RLO13176.1 hypothetical protein DYB28_001452 [Aphanomyces astaci]
Pcub-SC1982_037_000138.1	RHY62433.1	22.9	166	1253	687	2.97e-10	70.1	12.8	112090	Oomycota	Aphanomyces	Aphanomyces astaci	RHY62433.1 hypothetical protein DYB34_010827 [Aphanomyces astaci]
Pcub-SC1982_037_000138.1	RHY39431.1	22.9	166	1253	687	2.97e-10	70.1	12.8	112090	Oomycota	Aphanomyces	Aphanomyces astaci	RHY39431.1 hypothetical protein DYB38_009613 [Aphanomyces astaci]
Pcub-SC1982_037_000138.1	RHY49298.1	22.9	166	1253	687	2.97e-10	70.1	12.8	112090	Oomycota	Aphanomyces	Aphanomyces astaci	RHY49298.1 hypothetical protein DYB30_002361 [Aphanomyces astaci]
Pcub-SC1982_037_000138.1	KAF0731852.1	21.3	169	1253	714	5.26e-10	69.3	13.2	100861	Oomycota	Aphanomyces	Aphanomyces euteiches	KAF0731852.1 hypothetical protein Ae201684_010952 [Aphanomyces euteiches]
Pcub-SC1982_037_000138.1	KAH9150388.1	24.6	134	1253	674	4.51e-09	66.2	10.4	100861	Oomycota	Aphanomyces	Aphanomyces euteiches	KAH9150388.1 hypothetical protein AeRB84_006749 [Aphanomyces euteiches]
Pcub-SC1982_037_000138.1	KAH9058480.1	24.6	134	1253	674	5.93e-09	65.9	10.4	100861	Oomycota	Aphanomyces	Aphanomyces euteiches	KAH9058480.1 hypothetical protein Ae201684P_005823 [Aphanomyces euteiches]
Pcub-SC1982_037_000138.1	KAH9088116.1	24.6	134	1253	674	5.93e-09	65.9	10.4	100861	Oomycota	Aphanomyces	Aphanomyces euteiches	KAH9088116.1 hypothetical protein LEN26_019655 [Aphanomyces euteiches]
Pcub-SC1982_037_000138.1	KAH9123704.1	24.6	134	1253	674	5.93e-09	65.9	10.4	100861	Oomycota	Aphanomyces	Aphanomyces euteiches	KAH9123704.1 hypothetical protein AeMF1_005393 [Aphanomyces euteiches]
Pcub-SC1982_037_000138.1	XP_008878644.1	25.8	155	1253	762	6.39e-09	65.9	12.1	157072	Oomycota	Aphanomyces	Aphanomyces invadans	XP_008878644.1 hypothetical protein H310_13063 [Aphanomyces invadans]
Pcub-SC1982_037_000138.1	RHY31491.1	25.8	155	1253	896	6.91e-09	65.9	12.1	157072	Oomycota	Aphanomyces	Aphanomyces invadans	RHY31491.1 hypothetical protein DYB32_003446 [Aphanomyces invadans]
Pcub-SC1982_037_000138.1	TMW57071.1	30.1	136	1253	767	1.45e-08	64.7	10.3	41045	Oomycota	Pythium	Pythium oligandrum	TMW57071.1 hypothetical protein Poli38472_002996 [Pythium oligandrum]
Pcub-SC1982_037_000138.1	KAF4040467.1	26.0	200	1253	704	3.14e-08	63.5	15.3	4787	Oomycota	Phytophthora	Phytophthora infestans	KAF4040467.1 Glycosyl transferases group 1 [Phytophthora infestans]
Pcub-SC1982_037_000138.1	XP_012203419.1	22.6	146	1253	703	4.12e-08	63.2	11.3	695850	Oomycota	Saprolegnia	Saprolegnia parasitica	XP_012203419.1 hypothetical protein SPRG_08799 [Saprolegnia parasitica CBS 223.65]
Pcub-SC1982_037_000138.1	KAI9905436.1	26.2	145	1253	706	4.13e-08	63.2	11.3	230839	Oomycota	Peronosclerospora	Peronosclerospora sorghi	KAI9905436.1 hypothetical protein PsorP6_014407 [Peronosclerospora sorghi]
Pcub-SC1982_037_000138.1	KAI9979829.1	29.5	149	1253	603	4.91e-08	62.8	10.9	4787	Oomycota	Phytophthora	Phytophthora infestans	KAI9979829.1 hypothetical protein PInf_027808 [Phytophthora infestans]
Pcub-SC1982_037_000138.1	XP_002908491.1	29.5	149	1253	731	5.54e-08	62.8	10.9	403677	Oomycota	Phytophthora	Phytophthora infestans	XP_002908491.1 uncharacterized protein PITG_01896 [Phytophthora infestans T30-4]
Pcub-SC1982_037_000138.1	OQR94313.1	31.0	158	1253	735	5.55e-08	62.8	12.2	74557	Oomycota	Thraustotheca	Thraustotheca clavata	OQR94313.1 hypothetical protein THRCLA_08195 [Thraustotheca clavata]
Pcub-SC1982_037_000138.1	KAF4028514.1	29.5	149	1253	754	5.63e-08	62.8	10.9	4787	Oomycota	Phytophthora	Phytophthora infestans	KAF4028514.1 Glycosyl transferases group 1 [Phytophthora infestans]
Pcub-SC1982_037_000138.1	KAI9979681.1	29.5	149	1253	754	5.63e-08	62.8	10.9	4787	Oomycota	Phytophthora	Phytophthora infestans	KAI9979681.1 hypothetical protein PInf_028094 [Phytophthora infestans]
Pcub-SC1982_071_000001.1	KAE9133831.1	23.3	288	434	442	8.88e-07	56.2	58.5	53985	Oomycota	Phytophthora	Phytophthora fragariae	KAE9133831.1 hypothetical protein PF010_g2674 [Phytophthora fragariae]
Pcub-SC1982_071_000073.1	XP_009520219.1	35.6	385	386	420	1.72e-63	213	90.2	67593	Oomycota	Phytophthora	Phytophthora sojae	XP_009520219.1 hypothetical protein PHYSODRAFT_539872 [Phytophthora sojae]
Pcub-SC1982_071_000073.1	KUF96587.1	35.8	385	386	418	1.26e-62	211	90.2	4792	Oomycota	Phytophthora	Phytophthora nicotianae	KUF96587.1 hypothetical protein AM588_10006253 [Phytophthora nicotianae]
Pcub-SC1982_071_000073.1	KUF78672.1	35.8	385	386	420	1.33e-62	211	90.2	4792	Oomycota	Phytophthora	Phytophthora nicotianae	KUF78672.1 4-hydroxyphenylpyruvate dioxygenase [Phytophthora nicotianae]
Pcub-SC1982_071_000073.1	ETI53876.1	35.8	385	386	420	1.33e-62	211	90.2	1317065	Oomycota	Phytophthora	Phytophthora nicotianae	ETI53876.1 4-hydroxyphenylpyruvate dioxygenase [Phytophthora nicotianae P1569]
Pcub-SC1982_071_000073.1	KUF78679.1	35.8	385	386	418	1.77e-62	210	90.2	4792	Oomycota	Phytophthora	Phytophthora nicotianae	KUF78679.1 4-hydroxyphenylpyruvate dioxygenase [Phytophthora nicotianae]
Pcub-SC1982_071_000073.1	XP_008900424.1	35.8	385	386	420	1.86e-62	210	90.2	761204;1317063	Oomycota	Phytophthora	Phytophthora nicotianae	XP_008900424.1 4-hydroxyphenylpyruvate dioxygenase [Phytophthora nicotianae INRA-310]
Pcub-SC1982_071_000073.1	KAE9027592.1	34.3	385	386	420	2.62e-62	210	90.2	129364	Oomycota	Phytophthora	Phytophthora rubi	KAE9027592.1 4-hydroxyphenylpyruvate dioxygenase [Phytophthora rubi]
Pcub-SC1982_071_000073.1	KAE9187087.1	34.3	385	386	420	2.62e-62	210	90.2	53985	Oomycota	Phytophthora	Phytophthora fragariae	KAE9187087.1 4-hydroxyphenylpyruvate dioxygenase [Phytophthora fragariae]
Pcub-SC1982_071_000073.1	KAE9031608.1	34.3	385	386	420	2.62e-62	210	90.2	129364	Oomycota	Phytophthora	Phytophthora rubi	KAE9031608.1 4-hydroxyphenylpyruvate dioxygenase [Phytophthora rubi]
Pcub-SC1982_071_000073.1	KAE8887381.1	34.3	385	386	420	3.68e-62	209	90.2	53985	Oomycota	Phytophthora	Phytophthora fragariae	KAE8887381.1 4-hydroxyphenylpyruvate dioxygenase [Phytophthora fragariae]
Pcub-SC1982_071_000073.1	KAI9923042.1	36.6	385	386	421	3.78e-62	209	90.2	230839	Oomycota	Peronosclerospora	Peronosclerospora sorghi	KAI9923042.1 hypothetical protein PsorP6_001423 [Peronosclerospora sorghi]
Pcub-SC1982_071_000073.1	XP_008900422.1	35.8	385	386	471	4.60e-62	211	90.2	761204;1317063;1317064;1317065	Oomycota	Phytophthora	Phytophthora nicotianae	XP_008900422.1 4-hydroxyphenylpyruvate dioxygenase [Phytophthora nicotianae INRA-310]
Pcub-SC1982_071_000073.1	KAF1325412.1	34.7	389	386	419	7.10e-62	209	90.2	82926	Oomycota	Globisporangium	Globisporangium splendens	KAF1325412.1 hypothetical protein FI667_g9221, partial [Globisporangium splendens]
Pcub-SC1982_071_000073.1	XP_008863478.1	35.4	396	386	420	1.02e-61	208	92.5	157072	Oomycota	Aphanomyces	Aphanomyces invadans	XP_008863478.1 4-hydroxyphenylpyruvate dioxygenase [Aphanomyces invadans]
Pcub-SC1982_071_000073.1	KAG3048716.1	34.5	385	386	411	1.15e-61	208	90.2	53986	Oomycota	Phytophthora	Phytophthora idaei	KAG3048716.1 4-hydroxyphenylpyruvate dioxygenase, partial [Phytophthora idaei]
Pcub-SC1982_071_000073.1	XP_002901240.1	35.6	385	386	418	1.37e-61	208	90.2	4787;403677	Oomycota	Phytophthora	Phytophthora infestans	XP_002901240.1 4-hydroxyphenylpyruvate dioxygenase [Phytophthora infestans T30-4]
Pcub-SC1982_071_000073.1	KAG2780335.1	34.5	385	386	411	1.61e-61	207	90.2	29920	Oomycota	Phytophthora	Phytophthora cactorum	KAG2780335.1 4-hydroxyphenylpyruvate dioxygenase [Phytophthora cactorum]
Pcub-SC1982_071_000073.1	KAG3127214.1	34.5	385	386	416	1.83e-61	207	90.2	29920	Oomycota	Phytophthora	Phytophthora cactorum	KAG3127214.1 4-hydroxyphenylpyruvate dioxygenase, partial [Phytophthora cactorum]
Pcub-SC1982_071_000073.1	KAG2779718.1	34.5	385	386	420	2.02e-61	207	90.2	29920	Oomycota	Phytophthora	Phytophthora cactorum	KAG2779718.1 4-hydroxyphenylpyruvate dioxygenase [Phytophthora cactorum]
Pcub-SC1982_071_000073.1	KAG2779770.1	34.5	385	386	420	2.02e-61	207	90.2	29920	Oomycota	Phytophthora	Phytophthora cactorum	KAG2779770.1 4-hydroxyphenylpyruvate dioxygenase [Phytophthora cactorum]
Pcub-SC1982_071_000073.1	KAG6576175.1	33.8	385	386	419	2.77e-61	207	90.2	4785	Oomycota	Phytophthora	Phytophthora cinnamomi	KAG6576175.1 4-hydroxyphenylpyruvate dioxygenase [Phytophthora cinnamomi]
Pcub-SC1982_071_000073.1	KAF4127862.1	35.6	385	386	457	3.55e-61	208	90.2	4787	Oomycota	Phytophthora	Phytophthora infestans	KAF4127862.1 Glyoxalase/Bleomycin resistance protein/Dioxygenase superfamily [Phytophthora infestans]
Pcub-SC1982_071_000073.1	OWY99550.1	35.2	386	386	420	3.99e-61	207	90.2	4795	Oomycota	Phytophthora	Phytophthora megakarya	OWY99550.1 4-hydroxyphenylpyruvate dioxygenase [Phytophthora megakarya]
Pcub-SC1982_071_000073.1	RLN73178.1	35.1	385	386	440	4.65e-61	207	90.2	2483409	Oomycota	Nothophytophthora	Nothophytophthora sp. Chile5	RLN73178.1 hypothetical protein BBJ28_00004426 [Nothophytophthora sp. Chile5]
Pcub-SC1982_071_000073.1	CAI5708689.1	35.1	385	386	420	5.61e-61	206	90.2	162125	Oomycota	Hyaloperonospora	Hyaloperonospora brassicae	CAI5708689.1 unnamed protein product [Hyaloperonospora brassicae]
Pcub-SC1982_071_000072.1	KAH7469346.1	25.8	411	385	440	1.63e-06	55.1	96.1	164328	Oomycota	Phytophthora	Phytophthora ramorum	KAH7469346.1 Homogentisate 1,2-dioxygenase [Phytophthora ramorum]
Pcub-SC1982_071_000072.1	GLD96507.1	24.6	415	385	447	5.13e-06	53.5	96.6	114742	Oomycota	Pythium	Pythium insidiosum	GLD96507.1 hypothetical protein PINS_up005190 [Pythium insidiosum]
Pcub-SC1982_071_000072.1	RLN74874.1	26.3	300	385	312	8.39e-06	52.4	72.7	2483409	Oomycota	Nothophytophthora	Nothophytophthora sp. Chile5	RLN74874.1 hypothetical protein BBJ28_00005293 [Nothophytophthora sp. Chile5]
Pcub-SC1982_071_000072.1	KAJ0395716.1	24.3	416	385	447	2.11e-05	51.6	96.6	114742	Oomycota	Pythium	Pythium insidiosum	KAJ0395716.1 hypothetical protein P43SY_006364 [Pythium insidiosum]
Pcub-SC1982_071_000071.1	KAF4321247.1	40.2	224	269	1681	3.43e-35	138	81.0	1284355	Oomycota	Phytophthora	Phytophthora kernoviae	KAF4321247.1 hypothetical protein G195_005635 [Phytophthora kernoviae 00238/432]
Pcub-SC1982_071_000071.1	CCI40663.1	36.5	222	269	301	3.58e-23	100	79.9	65357	Oomycota	Albugo	Albugo candida	CCI40663.1 unnamed protein product [Albugo candida]
Pcub-SC1982_071_000071.1	CCI40664.1	36.5	222	269	310	4.15e-23	100	79.9	65357	Oomycota	Albugo	Albugo candida	CCI40664.1 unnamed protein product [Albugo candida]
Pcub-SC1982_071_000071.1	CCI40665.1	35.9	223	269	302	9.64e-22	96.7	79.9	65357	Oomycota	Albugo	Albugo candida	CCI40665.1 unnamed protein product [Albugo candida]
Pcub-SC1982_071_000071.1	CCI40662.1	35.9	223	269	311	1.11e-21	96.7	79.9	65357	Oomycota	Albugo	Albugo candida	CCI40662.1 unnamed protein product [Albugo candida]
Pcub-SC1982_071_000071.1	CCA14323.1	35.9	223	269	311	1.11e-21	96.7	79.9	890382	Oomycota	Albugo	Albugo laibachii	CCA14323.1 dimethyladenosine transferase putative [Albugo laibachii Nc14]
Pcub-SC1982_071_000071.1	TDH72507.1	35.1	222	269	312	2.98e-21	95.5	80.3	4779	Oomycota	Bremia	Bremia lactucae	TDH72507.1 hypothetical protein CCR75_003868 [Bremia lactucae]
Pcub-SC1982_071_000071.1	XP_009536969.1	35.1	222	269	312	2.98e-21	95.5	80.3	4785;67593	Oomycota	Phytophthora	Phytophthora cinnamomi;Phytophthora sojae	XP_009536969.1 putative dimethyladenosine transferase [Phytophthora sojae]
Pcub-SC1982_071_000071.1	KAG2766457.1	35.1	222	269	312	2.98e-21	95.5	80.3	29920	Oomycota	Phytophthora	Phytophthora cactorum	KAG2766457.1 putative dimethyladenosine transferase [Phytophthora cactorum]
Pcub-SC1982_071_000071.1	XP_002904235.1	35.1	222	269	312	2.98e-21	95.5	80.3	4787;403677	Oomycota	Phytophthora	Phytophthora infestans	XP_002904235.1 dimethyladenosine transferase [Phytophthora infestans T30-4]
Pcub-SC1982_071_000071.1	XP_008909226.1	35.1	222	269	312	2.98e-21	95.5	80.3	4792;761204;1317063;1317064;1317065;1317066	Oomycota	Phytophthora	Phytophthora nicotianae	XP_008909226.1 dimethyladenosine transferase [Phytophthora nicotianae INRA-310]
Pcub-SC1982_071_000071.1	POM60017.1	35.1	222	269	312	2.98e-21	95.5	80.3	4796	Oomycota	Phytophthora	Phytophthora palmivora	POM60017.1 putative dimethyladenosine transferase [Phytophthora palmivora]
Pcub-SC1982_071_000071.1	GLE00331.1	30.4	289	269	312	2.98e-21	95.5	94.8	114742	Oomycota	Pythium	Pythium insidiosum	GLE00331.1 hypothetical protein PINS_up009059 [Pythium insidiosum]
Pcub-SC1982_071_000071.1	XP_009836214.1	35.9	223	269	316	3.16e-21	95.5	79.9	112090	Oomycota	Aphanomyces	Aphanomyces astaci	XP_009836214.1 dimethyladenosine transferase [Aphanomyces astaci]
Pcub-SC1982_071_000071.1	RHY45794.1	35.9	223	269	316	3.16e-21	95.5	79.9	112090	Oomycota	Aphanomyces	Aphanomyces astaci	RHY45794.1 hypothetical protein DYB34_007821 [Aphanomyces astaci]
Pcub-SC1982_071_000071.1	KAG7386517.1	35.5	220	269	312	4.13e-21	95.1	79.6	221518	Oomycota	Phytophthora	Phytophthora pseudosyringae	KAG7386517.1 dimethyladenosine transferase [Phytophthora pseudosyringae]
Pcub-SC1982_071_000071.1	CAI5747199.1	35.6	222	269	314	4.25e-21	95.1	80.3	86335	Oomycota	Peronospora	Peronospora destructor	CAI5747199.1 unnamed protein product [Peronospora destructor]
Pcub-SC1982_071_000071.1	RHY51704.1	35.9	223	269	356	5.29e-21	95.5	79.9	112090	Oomycota	Aphanomyces	Aphanomyces astaci	RHY51704.1 hypothetical protein DYB38_004258, partial [Aphanomyces astaci]
Pcub-SC1982_071_000071.1	KAH7464617.1	35.1	222	269	312	5.72e-21	94.7	80.3	164328	Oomycota	Phytophthora	Phytophthora ramorum	KAH7464617.1 putative dimethyladenosine transferase [Phytophthora ramorum]
Pcub-SC1982_071_000071.1	XP_008879970.1	35.9	223	269	300	6.62e-21	94.4	79.9	157072	Oomycota	Aphanomyces	Aphanomyces invadans	XP_008879970.1 dimethyladenosine transferase, variant 1 [Aphanomyces invadans]
Pcub-SC1982_071_000071.1	KAG1707976.1	35.1	222	269	312	7.91e-21	94.4	80.3	4784	Oomycota	Phytophthora	Phytophthora capsici	KAG1707976.1 dimethyladenosine transferase [Phytophthora capsici]
Pcub-SC1982_071_000071.1	KAG3114621.1	35.1	222	269	312	7.91e-21	94.4	80.3	53986	Oomycota	Phytophthora	Phytophthora idaei	KAG3114621.1 putative dimethyladenosine transferase [Phytophthora idaei]
Pcub-SC1982_071_000071.1	KAE9051095.1	35.1	222	269	312	7.91e-21	94.4	80.3	129364	Oomycota	Phytophthora	Phytophthora rubi	KAE9051095.1 putative dimethyladenosine transferase [Phytophthora rubi]
Pcub-SC1982_071_000071.1	KAG7394681.1	31.5	289	269	312	7.91e-21	94.4	94.8	109152	Oomycota	Phytophthora	Phytophthora boehmeriae	KAG7394681.1 dimethyladenosine transferase [Phytophthora boehmeriae]
Pcub-SC1982_071_000071.1	KAE8875872.1	35.1	222	269	312	7.91e-21	94.4	80.3	53985;129364	Oomycota	Phytophthora	Phytophthora fragariae;Phytophthora rubi	KAE8875872.1 putative dimethyladenosine transferase [Phytophthora fragariae]
Pcub-SC1982_071_000070.1	XP_008620962.1	26.2	84	99	107	3.73e-07	48.9	84.8	1156394	Oomycota	Saprolegnia	Saprolegnia diclina	XP_008620962.1 hypothetical protein SDRG_16526 [Saprolegnia diclina VS20]
Pcub-SC1982_071_000070.1	XP_012202162.1	25.6	86	99	109	2.15e-06	47.0	84.8	695850	Oomycota	Saprolegnia	Saprolegnia parasitica	XP_012202162.1 hypothetical protein SPRG_07778 [Saprolegnia parasitica CBS 223.65]
Pcub-SC1982_071_000070.1	OQS00766.1	24.5	94	99	102	7.35e-06	45.4	94.9	1202772	Oomycota	Achlya	Achlya hypogyna	OQS00766.1 hypothetical protein ACHHYP_02706 [Achlya hypogyna]
Pcub-SC1982_071_000069.1	OQR98014.1	36.5	203	299	764	5.99e-29	121	67.9	1202772	Oomycota	Achlya	Achlya hypogyna	OQR98014.1 hypothetical protein ACHHYP_09260 [Achlya hypogyna]
Pcub-SC1982_071_000069.1	XP_012213569.1	34.8	198	299	202	1.50e-27	110	65.6	695850	Oomycota	Saprolegnia	Saprolegnia parasitica	XP_012213569.1 hypothetical protein SPRG_18738 [Saprolegnia parasitica CBS 223.65]
Pcub-SC1982_071_000069.1	OQR97543.1	32.0	203	299	204	2.31e-26	107	67.9	1202772	Oomycota	Achlya	Achlya hypogyna	OQR97543.1 hypothetical protein ACHHYP_10747 [Achlya hypogyna]
Pcub-SC1982_071_000069.1	XP_008608812.1	34.7	193	299	202	3.08e-26	107	64.5	1156394	Oomycota	Saprolegnia	Saprolegnia diclina	XP_008608812.1 hypothetical protein SDRG_04900 [Saprolegnia diclina VS20]
Pcub-SC1982_071_000069.1	KAF1336599.1	35.2	193	299	501	4.46e-26	112	63.5	82926	Oomycota	Globisporangium	Globisporangium splendens	KAF1336599.1 Aliphatic nitrilase, partial [Globisporangium splendens]
Pcub-SC1982_071_000069.1	KAH9126192.1	33.0	194	299	216	6.06e-26	106	64.5	100861	Oomycota	Aphanomyces	Aphanomyces euteiches	KAH9126192.1 hypothetical protein AeMF1_003346 [Aphanomyces euteiches]
Pcub-SC1982_071_000069.1	XP_012202823.1	33.8	198	299	202	2.30e-25	104	65.6	695850	Oomycota	Saprolegnia	Saprolegnia parasitica	XP_012202823.1 hypothetical protein SPRG_08188 [Saprolegnia parasitica CBS 223.65]
Pcub-SC1982_071_000069.1	KAH9152487.1	32.5	194	299	216	3.23e-25	104	64.5	100861	Oomycota	Aphanomyces	Aphanomyces euteiches	KAH9152487.1 hypothetical protein AeRB84_005095 [Aphanomyces euteiches]
Pcub-SC1982_071_000069.1	OQR98032.1	30.7	192	299	204	3.38e-25	104	64.2	1202772	Oomycota	Achlya	Achlya hypogyna	OQR98032.1 hypothetical protein ACHHYP_09265 [Achlya hypogyna]
Pcub-SC1982_071_000069.1	KAG9404780.1	32.5	194	299	216	8.79e-25	103	64.5	112091	Oomycota	Aphanomyces	Aphanomyces cochlioides	KAG9404780.1 hypothetical protein AC1031_004985 [Aphanomyces cochlioides]
Pcub-SC1982_071_000069.1	RHY32459.1	32.5	203	299	230	1.69e-24	103	67.6	157072	Oomycota	Aphanomyces	Aphanomyces invadans	RHY32459.1 hypothetical protein DYB32_002561 [Aphanomyces invadans]
Pcub-SC1982_071_000069.1	XP_008866959.1	32.5	203	299	257	3.02e-24	103	67.6	157072	Oomycota	Aphanomyces	Aphanomyces invadans	XP_008866959.1 hypothetical protein H310_04408 [Aphanomyces invadans]
Pcub-SC1982_071_000069.1	OQS03157.1	32.5	203	299	246	3.34e-24	102	67.9	74557	Oomycota	Thraustotheca	Thraustotheca clavata	OQS03157.1 hypothetical protein THRCLA_04536 [Thraustotheca clavata]
Pcub-SC1982_071_000069.1	KAF0738112.1	32.2	199	299	372	3.96e-24	105	66.2	100861	Oomycota	Aphanomyces	Aphanomyces euteiches	KAF0738112.1 hypothetical protein Ae201684_006100 [Aphanomyces euteiches]
Pcub-SC1982_071_000069.1	XP_008608818.1	33.2	193	299	217	4.76e-24	101	64.5	1156394	Oomycota	Saprolegnia	Saprolegnia diclina	XP_008608818.1 hypothetical protein SDRG_04906 [Saprolegnia diclina VS20]
Pcub-SC1982_071_000069.1	AIG56192.1	36.6	175	299	721	8.09e-24	106	58.5	1202772	Oomycota	Achlya	Achlya hypogyna	AIG56192.1 secreted protein [Achlya hypogyna]
Pcub-SC1982_071_000069.1	XP_009843444.1	32.2	199	299	223	1.48e-23	100	66.2	112090	Oomycota	Aphanomyces	Aphanomyces astaci	XP_009843444.1 hypothetical protein H257_16629 [Aphanomyces astaci]
Pcub-SC1982_071_000069.1	KAF0705796.1	30.5	190	299	222	1.49e-21	95.1	63.2	120398	Oomycota	Aphanomyces	Aphanomyces stellatus	KAF0705796.1 hypothetical protein As57867_006931 [Aphanomyces stellatus]
Pcub-SC1982_071_000069.1	RHY92871.1	30.8	208	299	228	8.81e-21	93.2	66.2	112090	Oomycota	Aphanomyces	Aphanomyces astaci	RHY92871.1 hypothetical protein DYB35_001524, partial [Aphanomyces astaci]
Pcub-SC1982_071_000069.1	KAF0730994.1	30.9	175	299	203	1.93e-19	89.0	58.2	100861	Oomycota	Aphanomyces	Aphanomyces euteiches	KAF0730994.1 hypothetical protein Ae201684_011546 [Aphanomyces euteiches]
Pcub-SC1982_071_000069.1	KAF0716936.1	29.9	174	299	244	4.40e-19	89.0	58.2	112090	Oomycota	Aphanomyces	Aphanomyces astaci	KAF0716936.1 hypothetical protein AaE_010963 [Aphanomyces astaci]
Pcub-SC1982_071_000069.1	KAH9143890.1	30.3	175	299	203	5.17e-19	87.8	58.2	100861	Oomycota	Aphanomyces	Aphanomyces euteiches	KAH9143890.1 hypothetical protein AeRB84_012133 [Aphanomyces euteiches]
Pcub-SC1982_071_000069.1	XP_008877471.1	29.6	186	299	203	5.17e-19	87.8	61.5	157072	Oomycota	Aphanomyces	Aphanomyces invadans	XP_008877471.1 hypothetical protein H310_12255 [Aphanomyces invadans]
Pcub-SC1982_071_000069.1	XP_009827279.1	29.3	174	299	234	7.00e-19	88.2	58.2	112090	Oomycota	Aphanomyces	Aphanomyces astaci	XP_009827279.1 hypothetical protein H257_04459 [Aphanomyces astaci]
Pcub-SC1982_071_000069.1	KAG9402686.1	31.0	171	299	224	1.53e-18	87.0	56.9	112091	Oomycota	Aphanomyces	Aphanomyces cochlioides	KAG9402686.1 hypothetical protein AC1031_007295 [Aphanomyces cochlioides]
Pcub-SC1982_071_000068.1	KAF4325397.1	45.0	278	333	633	5.55e-77	252	83.5	1284355	Oomycota	Phytophthora	Phytophthora kernoviae	KAF4325397.1 hypothetical protein G195_000928 [Phytophthora kernoviae 00238/432]
Pcub-SC1982_071_000068.1	KAJ8508322.1	30.5	213	333	329	2.24e-11	68.9	61.3	4785	Oomycota	Phytophthora	Phytophthora cinnamomi	KAJ8508322.1 hypothetical protein ON010_g18881 [Phytophthora cinnamomi]
Pcub-SC1982_071_000068.1	KAG6579938.1	30.5	213	333	549	4.18e-11	68.9	61.3	4785	Oomycota	Phytophthora	Phytophthora cinnamomi	KAG6579938.1 propionyl-CoA carboxylase beta chain, mitochondrial [Phytophthora cinnamomi]
Pcub-SC1982_071_000068.1	GLE05142.1	28.7	209	333	453	8.65e-11	67.8	60.1	114742	Oomycota	Pythium	Pythium insidiosum	GLE05142.1 hypothetical protein PINS_up014130 [Pythium insidiosum]
Pcub-SC1982_071_000068.1	KAG7393481.1	29.6	213	333	544	9.93e-11	67.8	61.3	109152	Oomycota	Phytophthora	Phytophthora boehmeriae	KAG7393481.1 hypothetical protein PHYBOEH_006051 [Phytophthora boehmeriae]
Pcub-SC1982_071_000068.1	KAJ0401399.1	28.7	209	333	544	9.93e-11	67.8	60.1	114742	Oomycota	Pythium	Pythium insidiosum	KAJ0401399.1 hypothetical protein P43SY_000042 [Pythium insidiosum]
Pcub-SC1982_071_000068.1	KAJ0399669.1	28.7	209	333	544	9.93e-11	67.8	60.1	114742	Oomycota	Pythium	Pythium insidiosum	KAJ0399669.1 hypothetical protein ATCC90586_003570 [Pythium insidiosum]
Pcub-SC1982_071_000068.1	XP_009519986.1	30.0	213	333	544	1.33e-10	67.4	61.3	67593	Oomycota	Phytophthora	Phytophthora sojae	XP_009519986.1 hypothetical protein PHYSODRAFT_353994 [Phytophthora sojae]
Pcub-SC1982_071_000068.1	KAE8889847.1	30.0	213	333	546	1.33e-10	67.4	61.3	53985;129364	Oomycota	Phytophthora	Phytophthora fragariae;Phytophthora rubi	KAE8889847.1 Propionyl-CoA carboxylase beta chain [Phytophthora fragariae]
Pcub-SC1982_071_000068.1	TYZ61827.1	29.1	213	333	1007	1.71e-10	67.4	61.3	1485010	Oomycota	Globisporangium	[Pythium] brassicae (nom. inval.)	TYZ61827.1 hypothetical protein PybrP1_007584 [[Pythium] brassicae (nom. inval.)]
Pcub-SC1982_071_000068.1	TMW63859.1	28.2	209	333	545	2.37e-10	66.6	60.1	41045	Oomycota	Pythium	Pythium oligandrum	TMW63859.1 hypothetical protein Poli38472_002800 [Pythium oligandrum]
Pcub-SC1982_071_000068.1	DAZ97935.1	28.2	209	333	957	3.00e-10	66.6	60.1	4803	Oomycota	Lagenidium	Lagenidium giganteum	DAZ97935.1 TPA: hypothetical protein N0F65_006360, partial [Lagenidium giganteum]
Pcub-SC1982_071_000068.1	KUF94778.1	28.8	219	333	518	3.07e-10	66.2	63.1	4792	Oomycota	Phytophthora	Phytophthora nicotianae	KUF94778.1 hypothetical protein AM588_10006178 [Phytophthora nicotianae]
Pcub-SC1982_071_000068.1	KAE9347214.1	29.6	213	333	546	3.18e-10	66.2	61.3	53985	Oomycota	Phytophthora	Phytophthora fragariae	KAE9347214.1 Propionyl-CoA carboxylase beta chain [Phytophthora fragariae]
Pcub-SC1982_071_000068.1	KAF4319390.1	29.1	213	333	1020	4.08e-10	66.2	61.3	325452;1284355	Oomycota	Phytophthora	Phytophthora kernoviae	KAF4319390.1 hypothetical protein G195_007358 [Phytophthora kernoviae 00238/432]
Pcub-SC1982_071_000068.1	RLN45255.1	29.1	213	333	1020	4.08e-10	66.2	61.3	325452	Oomycota	Phytophthora	Phytophthora kernoviae	RLN45255.1 hypothetical protein BBJ29_002529 [Phytophthora kernoviae]
Pcub-SC1982_071_000068.1	KAF1332483.1	28.2	209	333	1118	4.17e-10	66.2	60.1	82926	Oomycota	Globisporangium	Globisporangium splendens	KAF1332483.1 Propionyl-coa carboxylase beta chain, mitochondrial, partial [Globisporangium splendens]
Pcub-SC1982_071_000068.1	KUF76905.1	29.1	213	333	523	5.52e-10	65.5	61.3	4792	Oomycota	Phytophthora	Phytophthora nicotianae	KUF76905.1 Propionyl-CoA carboxylase beta chain [Phytophthora nicotianae]
Pcub-SC1982_071_000068.1	KAF4030513.1	29.1	213	333	542	5.64e-10	65.5	61.3	4787	Oomycota	Phytophthora	Phytophthora infestans	KAF4030513.1 Carboxyl transferase domain [Phytophthora infestans]
Pcub-SC1982_071_000068.1	KAG2782349.1	29.1	213	333	542	5.64e-10	65.5	61.3	29920;53986	Oomycota	Phytophthora	Phytophthora cactorum;Phytophthora idaei	KAG2782349.1 Propionyl-CoA carboxylase beta chain [Phytophthora cactorum]
Pcub-SC1982_071_000068.1	XP_008909815.1	29.1	213	333	542	5.64e-10	65.5	61.3	4792;761204;1317063;1317064;1317065;1317066	Oomycota	Phytophthora	Phytophthora nicotianae	XP_008909815.1 propionyl-CoA carboxylase beta chain, mitochondrial [Phytophthora nicotianae INRA-310]
Pcub-SC1982_071_000068.1	KAH7470642.1	29.1	213	333	542	5.64e-10	65.5	61.3	164328	Oomycota	Phytophthora	Phytophthora ramorum	KAH7470642.1 Propionyl-CoA carboxylase beta chain, mitochondrial [Phytophthora ramorum]
Pcub-SC1982_071_000068.1	CAI5742679.1	28.6	213	333	544	5.65e-10	65.5	61.3	162125	Oomycota	Hyaloperonospora	Hyaloperonospora brassicae	CAI5742679.1 unnamed protein product [Hyaloperonospora brassicae]
Pcub-SC1982_071_000068.1	KAI9998036.1	29.1	213	333	785	6.71e-10	65.5	61.3	4787	Oomycota	Phytophthora	Phytophthora infestans	KAI9998036.1 hypothetical protein PInf_002370 [Phytophthora infestans]
Pcub-SC1982_071_000068.1	KAG6968205.1	29.1	213	333	1033	7.29e-10	65.5	61.3	29920	Oomycota	Phytophthora	Phytophthora cactorum	KAG6968205.1 hypothetical protein JG687_00003883 [Phytophthora cactorum]
Pcub-SC1982_071_000004.1	DAZ92832.1	59.0	244	232	505	3.14e-91	281	97.4	4803	Oomycota	Lagenidium	Lagenidium giganteum	DAZ92832.1 TPA: hypothetical protein N0F65_009634 [Lagenidium giganteum]
Pcub-SC1982_071_000004.1	CAI5742013.1	59.0	244	232	464	3.22e-90	277	97.4	162125	Oomycota	Hyaloperonospora	Hyaloperonospora brassicae	CAI5742013.1 unnamed protein product [Hyaloperonospora brassicae]
Pcub-SC1982_071_000004.1	XP_002895240.1	59.4	244	232	497	4.02e-90	278	97.4	4787;403677	Oomycota	Phytophthora	Phytophthora infestans	XP_002895240.1 succinyl CoA transferase, putative [Phytophthora infestans T30-4]
Pcub-SC1982_071_000004.1	KAG2767586.1	59.4	244	232	499	6.00e-90	278	97.4	29920	Oomycota	Phytophthora	Phytophthora cactorum	KAG2767586.1 putative succinyl-CoA:3-ketoacid coenzyme A transferase [Phytophthora cactorum]
Pcub-SC1982_071_000004.1	KAG7386869.1	58.6	244	232	500	6.16e-90	278	97.4	221518	Oomycota	Phytophthora	Phytophthora pseudosyringae	KAG7386869.1 Succinyl-CoA:3-ketoacid coenzyme A transferase 1, mitochondrial [Phytophthora pseudosyringae]
Pcub-SC1982_071_000004.1	CAI5742012.1	59.0	244	232	497	8.03e-90	277	97.4	162125	Oomycota	Hyaloperonospora	Hyaloperonospora brassicae	CAI5742012.1 unnamed protein product [Hyaloperonospora brassicae]
Pcub-SC1982_071_000004.1	TYZ59111.1	59.0	244	232	502	9.20e-90	277	97.4	1485010	Oomycota	Globisporangium	[Pythium] brassicae (nom. inval.)	TYZ59111.1 hypothetical protein PybrP1_007502 [[Pythium] brassicae (nom. inval.)]
Pcub-SC1982_071_000004.1	TDH71220.1	60.7	244	232	704	1.02e-89	283	97.4	4779	Oomycota	Bremia	Bremia lactucae	TDH71220.1 hypothetical protein CCR75_006332 [Bremia lactucae]
Pcub-SC1982_071_000004.1	TMW67383.1	58.2	244	232	500	1.74e-89	276	97.4	41045	Oomycota	Pythium	Pythium oligandrum	TMW67383.1 hypothetical protein Poli38472_012499 [Pythium oligandrum]
Pcub-SC1982_071_000004.1	KAG2528841.1	59.4	244	232	491	1.92e-89	276	97.4	325452	Oomycota	Phytophthora	Phytophthora kernoviae	KAG2528841.1 hypothetical protein JM16_002477 [Phytophthora kernoviae]
Pcub-SC1982_071_000004.1	KAF4322416.1	59.4	244	232	499	2.39e-89	276	97.4	325452;1284355	Oomycota	Phytophthora	Phytophthora kernoviae	KAF4322416.1 hypothetical protein G195_004674 [Phytophthora kernoviae 00238/432]
Pcub-SC1982_071_000004.1	KAF1778832.1	59.0	244	232	499	2.39e-89	276	97.4	29920	Oomycota	Phytophthora	Phytophthora cactorum	KAF1778832.1 3-oxoacid CoA-transferase [Phytophthora cactorum]
Pcub-SC1982_071_000004.1	KAG2523256.1	59.4	244	232	499	2.39e-89	276	97.4	325452	Oomycota	Phytophthora	Phytophthora kernoviae	KAG2523256.1 hypothetical protein JM18_005831 [Phytophthora kernoviae]
Pcub-SC1982_071_000004.1	KAG6946258.1	59.0	244	232	499	3.38e-89	276	97.4	2496075	Oomycota	Phytophthora	Phytophthora aleatoria	KAG6946258.1 hypothetical protein JG688_00016146 [Phytophthora aleatoria]
Pcub-SC1982_071_000004.1	POM68356.1	58.6	244	232	500	6.93e-89	275	97.4	4796	Oomycota	Phytophthora	Phytophthora palmivora	POM68356.1 Succinyl CoA transferase [Phytophthora palmivora]
Pcub-SC1982_071_000004.1	ETK92094.1	57.8	244	232	346	7.16e-89	270	97.4	4792	Oomycota	Phytophthora	Phytophthora nicotianae	ETK92094.1 hypothetical protein L915_04455 [Phytophthora nicotianae]
Pcub-SC1982_071_000004.1	XP_009522748.1	57.4	244	232	501	2.84e-88	273	97.4	67593	Oomycota	Phytophthora	Phytophthora sojae	XP_009522748.1 hypothetical protein PHYSODRAFT_350484 [Phytophthora sojae]
Pcub-SC1982_071_000004.1	XP_024580125.1	59.4	244	232	761	3.56e-88	280	97.4	4781	Oomycota	Plasmopara	Plasmopara halstedii	XP_024580125.1 3-oxoacid-transferase [Plasmopara halstedii]
Pcub-SC1982_071_000004.1	KAG3092109.1	59.0	244	232	499	3.80e-88	273	97.4	53986	Oomycota	Phytophthora	Phytophthora idaei	KAG3092109.1 putative succinyl-CoA:3-ketoacid coenzyme A transferase [Phytophthora idaei]
Pcub-SC1982_071_000004.1	KAJ0400635.1	57.8	244	232	503	4.23e-88	273	97.4	114742	Oomycota	Pythium	Pythium insidiosum	KAJ0400635.1 hypothetical protein P43SY_000920 [Pythium insidiosum]
Pcub-SC1982_071_000004.1	KAJ0404288.1	57.8	244	232	503	4.23e-88	273	97.4	114742	Oomycota	Pythium	Pythium insidiosum	KAJ0404288.1 hypothetical protein ATCC90586_001445 [Pythium insidiosum]
Pcub-SC1982_071_000004.1	KAK1928631.1	58.6	244	232	491	4.32e-88	273	97.4	4793	Oomycota	Phytophthora	Phytophthora citrophthora	KAK1928631.1 putative succinyl-CoA:3-ketoacid coenzyme A transferase [Phytophthora citrophthora]
Pcub-SC1982_071_000004.1	KAG1690089.1	58.2	244	232	500	1.55e-87	271	97.4	4784	Oomycota	Phytophthora	Phytophthora capsici	KAG1690089.1 Succinyl-CoA:3-ketoacid coenzyme A transferase 1, mitochondrial [Phytophthora capsici]
Pcub-SC1982_071_000004.1	KAG6580141.1	57.4	244	232	501	1.60e-87	271	97.4	4785	Oomycota	Phytophthora	Phytophthora cinnamomi	KAG6580141.1 3-oxoacid CoA transferase 1 [Phytophthora cinnamomi]
Pcub-SC1982_071_000004.1	KAG6615501.1	57.4	244	232	501	1.60e-87	271	97.4	4785	Oomycota	Phytophthora	Phytophthora cinnamomi	KAG6615501.1 3-oxoacid CoA transferase 1 [Phytophthora cinnamomi]
Pcub-SC1982_071_000006.1	KAH9106541.1	61.7	214	218	311	2.80e-89	269	98.2	100861	Oomycota	Aphanomyces	Aphanomyces euteiches	KAH9106541.1 hypothetical protein LEN26_014532 [Aphanomyces euteiches]
Pcub-SC1982_071_000006.1	KAG7386869.1	62.6	214	218	500	4.56e-88	272	98.2	221518	Oomycota	Phytophthora	Phytophthora pseudosyringae	KAG7386869.1 Succinyl-CoA:3-ketoacid coenzyme A transferase 1, mitochondrial [Phytophthora pseudosyringae]
Pcub-SC1982_071_000006.1	KAF1778832.1	62.1	214	218	499	6.28e-88	272	98.2	29920	Oomycota	Phytophthora	Phytophthora cactorum	KAF1778832.1 3-oxoacid CoA-transferase [Phytophthora cactorum]
Pcub-SC1982_071_000006.1	KAF0726727.1	60.7	214	218	311	6.48e-88	266	98.2	100861	Oomycota	Aphanomyces	Aphanomyces euteiches	KAF0726727.1 hypothetical protein Ae201684_015125 [Aphanomyces euteiches]
Pcub-SC1982_071_000006.1	RHY33224.1	61.2	214	218	368	6.68e-88	268	98.2	157072	Oomycota	Aphanomyces	Aphanomyces invadans	RHY33224.1 hypothetical protein DYB32_001776 [Aphanomyces invadans]
Pcub-SC1982_071_000006.1	KAG9401755.1	62.1	214	218	493	7.55e-88	271	98.2	112091	Oomycota	Aphanomyces	Aphanomyces cochlioides	KAG9401755.1 Succinyl-CoA:3-ketoacid coenzyme A transferase 1, mitochondrial [Aphanomyces cochlioides]
Pcub-SC1982_071_000006.1	KAG6946258.1	62.1	214	218	499	8.87e-88	271	98.2	2496075	Oomycota	Phytophthora	Phytophthora aleatoria	KAG6946258.1 hypothetical protein JG688_00016146 [Phytophthora aleatoria]
Pcub-SC1982_071_000006.1	XP_002902346.1	61.7	214	218	401	8.95e-88	268	98.2	403677	Oomycota	Phytophthora	Phytophthora infestans	XP_002902346.1 succinyl-CoA:3-ketoacid-coenzyme A transferase subunit A [Phytophthora infestans T30-4]
Pcub-SC1982_071_000006.1	RLO02391.1	61.2	214	218	439	1.35e-87	269	98.2	112090	Oomycota	Aphanomyces	Aphanomyces astaci	RLO02391.1 hypothetical protein DYB28_014363, partial [Aphanomyces astaci]
Pcub-SC1982_071_000006.1	RLN53762.1	60.3	214	218	313	1.97e-87	265	98.2	325452	Oomycota	Phytophthora	Phytophthora kernoviae	RLN53762.1 hypothetical protein BBJ29_009599 [Phytophthora kernoviae]
Pcub-SC1982_071_000006.1	RHY10558.1	61.2	214	218	456	2.18e-87	269	98.2	112090	Oomycota	Aphanomyces	Aphanomyces astaci	RHY10558.1 hypothetical protein DYB36_008992 [Aphanomyces astaci]
Pcub-SC1982_071_000006.1	RMX65988.1	60.3	214	218	401	3.59e-87	267	98.2	542832	Oomycota	Peronospora	Peronospora effusa	RMX65988.1 hypothetical protein DD238_002335 [Peronospora effusa]
Pcub-SC1982_071_000006.1	RQM18553.1	60.3	214	218	401	3.59e-87	267	98.2	542832	Oomycota	Peronospora	Peronospora effusa	RQM18553.1 hypothetical protein DD237_001707 [Peronospora effusa]
Pcub-SC1982_071_000006.1	RHY83228.1	61.2	214	218	486	4.97e-87	269	98.2	112090	Oomycota	Aphanomyces	Aphanomyces astaci	RHY83228.1 hypothetical protein DYB31_012179 [Aphanomyces astaci]
Pcub-SC1982_071_000006.1	RHY77781.1	61.2	214	218	489	5.39e-87	269	98.2	112090	Oomycota	Aphanomyces	Aphanomyces astaci	RHY77781.1 hypothetical protein DYB34_011654 [Aphanomyces astaci]
Pcub-SC1982_071_000006.1	XP_009831764.1	61.2	214	218	496	6.51e-87	269	98.2	112090	Oomycota	Aphanomyces	Aphanomyces astaci	XP_009831764.1 hypothetical protein H257_07810 [Aphanomyces astaci]
Pcub-SC1982_071_000006.1	RHZ15932.1	60.7	214	218	486	7.03e-87	269	98.2	112090	Oomycota	Aphanomyces	Aphanomyces astaci	RHZ15932.1 hypothetical protein DYB26_002431 [Aphanomyces astaci]
Pcub-SC1982_071_000006.1	KAF0713091.1	61.2	214	218	514	1.05e-86	269	98.2	112090	Oomycota	Aphanomyces	Aphanomyces astaci	KAF0713091.1 hypothetical protein AaE_011866, partial [Aphanomyces astaci]
Pcub-SC1982_071_000006.1	XP_002895240.1	61.7	214	218	497	1.33e-86	268	98.2	4787;403677	Oomycota	Phytophthora	Phytophthora infestans	XP_002895240.1 succinyl CoA transferase, putative [Phytophthora infestans T30-4]
Pcub-SC1982_071_000006.1	ETP49920.1	61.2	214	218	499	1.41e-86	268	98.2	1317064	Oomycota	Phytophthora	Phytophthora nicotianae	ETP49920.1 hypothetical protein F442_04631 [Phytophthora nicotianae P10297]
Pcub-SC1982_071_000006.1	XP_008901856.1	61.2	214	218	499	1.41e-86	268	98.2	4792;761204;1317063;1317065;1317066	Oomycota	Phytophthora	Phytophthora nicotianae	XP_008901856.1 hypothetical protein PPTG_08876 [Phytophthora nicotianae INRA-310]
Pcub-SC1982_071_000006.1	GMF13384.1	60.7	206	218	262	1.77e-86	260	94.5	2077276	Oomycota	Phytophthora	Phytophthora lilii	GMF13384.1 unnamed protein product [Phytophthora lilii]
Pcub-SC1982_071_000006.1	CAH0474737.1	60.7	214	218	501	2.10e-86	268	98.2	622444	Oomycota	Peronospora	Peronospora belbahrii	CAH0474737.1 unnamed protein product [Peronospora belbahrii]
Pcub-SC1982_071_000006.1	CAH0515673.1	60.7	214	218	501	2.10e-86	268	98.2	622444	Oomycota	Peronospora	Peronospora belbahrii	CAH0515673.1 unnamed protein product [Peronospora belbahrii]
Pcub-SC1982_071_000006.1	KAG2528841.1	61.2	214	218	491	2.27e-86	268	98.2	325452	Oomycota	Phytophthora	Phytophthora kernoviae	KAG2528841.1 hypothetical protein JM16_002477 [Phytophthora kernoviae]
Pcub-SC1982_071_000007.1	XP_009529645.1	24.2	302	315	341	6.06e-12	70.5	90.5	67593	Oomycota	Phytophthora	Phytophthora sojae	XP_009529645.1 hypothetical protein PHYSODRAFT_302306 [Phytophthora sojae]
Pcub-SC1982_071_000067.1	KAF4326227.1	35.7	227	232	225	1.04e-34	127	97.4	1284355	Oomycota	Phytophthora	Phytophthora kernoviae	KAF4326227.1 hypothetical protein G195_000370 [Phytophthora kernoviae 00238/432]
Pcub-SC1982_071_000067.1	KAF4325603.1	36.3	223	232	222	2.97e-33	124	96.1	1284355	Oomycota	Phytophthora	Phytophthora kernoviae	KAF4325603.1 hypothetical protein G195_000746 [Phytophthora kernoviae 00238/432]
Pcub-SC1982_071_000067.1	KAF4326247.1	37.0	230	232	232	3.84e-33	124	97.8	1284355	Oomycota	Phytophthora	Phytophthora kernoviae	KAF4326247.1 hypothetical protein G195_000336 [Phytophthora kernoviae 00238/432]
Pcub-SC1982_071_000067.1	KAF4324779.1	32.2	230	232	238	4.10e-30	116	98.3	1284355	Oomycota	Phytophthora	Phytophthora kernoviae	KAF4324779.1 hypothetical protein G195_001092 [Phytophthora kernoviae 00238/432]
Pcub-SC1982_071_000067.1	KAF4326161.1	36.2	224	232	332	1.55e-28	114	96.1	1284355	Oomycota	Phytophthora	Phytophthora kernoviae	KAF4326161.1 hypothetical protein G195_000338 [Phytophthora kernoviae 00238/432]
Pcub-SC1982_071_000067.1	WP_079344304.1	32.6	224	232	227	1.44e-27	109	96.6	44249;1284355;1945581	Bacteroidota;Bacillota;Oomycota	Phytophthora;Paenibacillus;Chryseobacterium	Phytophthora kernoviae;Chryseobacterium mucoviscidosis	WP_079344304.1 MULTISPECIES: response regulator transcription factor [Paenibacillus]
Pcub-SC1982_071_000067.1	KAF4324984.1	33.3	225	232	220	4.74e-27	107	96.1	1284355	Oomycota	Phytophthora	Phytophthora kernoviae	KAF4324984.1 hypothetical protein G195_001671 [Phytophthora kernoviae 00238/432]
Pcub-SC1982_071_000067.1	KAG2858755.1	34.7	202	232	202	5.02e-25	102	85.8	29920	Oomycota	Phytophthora	Phytophthora cactorum	KAG2858755.1 hypothetical protein PC115_g25775, partial [Phytophthora cactorum]
Pcub-SC1982_071_000067.1	KAF4326272.1	29.2	233	232	228	3.54e-24	100	97.8	1284355	Oomycota	Phytophthora	Phytophthora kernoviae	KAF4326272.1 hypothetical protein G195_000109, partial [Phytophthora kernoviae 00238/432]
Pcub-SC1982_071_000067.1	KAF4325469.1	33.3	228	232	542	5.35e-24	104	97.8	1284355	Oomycota	Phytophthora	Phytophthora kernoviae	KAF4325469.1 hypothetical protein G195_000890 [Phytophthora kernoviae 00238/432]
Pcub-SC1982_071_000067.1	KAF4326074.1	31.7	224	232	228	6.94e-24	99.8	95.7	1284355	Oomycota	Phytophthora	Phytophthora kernoviae	KAF4326074.1 hypothetical protein G195_000113 [Phytophthora kernoviae 00238/432]
Pcub-SC1982_071_000067.1	WP_024634004.1	32.8	229	232	232	1.06e-23	99.4	96.1	44249;1284355;1395586;1395587;1705561;1945581	Bacteroidota;Bacillota;Oomycota	Phytophthora;Paenibacillus;Chryseobacterium	Phytophthora kernoviae;Paenibacillus sp. MAEPY1;Paenibacillus sp. MAEPY2;Paenibacillus xylanivorans;Chryseobacterium mucoviscidosis	WP_024634004.1 MULTISPECIES: response regulator transcription factor [Paenibacillus]
Pcub-SC1982_071_000067.1	KAF4323852.1	30.7	228	232	237	1.65e-23	99.0	97.8	1284355	Oomycota	Phytophthora	Phytophthora kernoviae	KAF4323852.1 hypothetical protein G195_003033 [Phytophthora kernoviae 00238/432]
Pcub-SC1982_071_000067.1	WP_031593449.1	30.4	224	232	222	1.67e-23	98.6	96.1	549;53335;134698	Pseudomonadota;Oomycota	Pantoea;Peronospora	Pantoea agglomerans;Peronospora farinosa	WP_031593449.1 MULTISPECIES: two-component system response regulator PhoP [Pantoea]
Pcub-SC1982_071_000067.1	KAF4324916.1	31.3	201	232	221	6.30e-23	97.1	85.8	1284355	Oomycota	Phytophthora	Phytophthora kernoviae	KAF4324916.1 hypothetical protein G195_001745 [Phytophthora kernoviae 00238/432]
Pcub-SC1982_071_000067.1	KAF4325228.1	32.4	219	232	216	7.90e-23	96.7	88.8	1284355	Oomycota	Phytophthora	Phytophthora kernoviae	KAF4325228.1 hypothetical protein G195_001260 [Phytophthora kernoviae 00238/432]
Pcub-SC1982_071_000067.1	WP_079348744.1	29.4	231	232	227	1.00e-22	96.7	97.8	29920;44249;1945581	Bacteroidota;Bacillota;Oomycota	Phytophthora;Paenibacillus;Chryseobacterium	Phytophthora cactorum;Chryseobacterium mucoviscidosis	WP_079348744.1 MULTISPECIES: response regulator transcription factor [Paenibacillus]
Pcub-SC1982_071_000067.1	KAF4322468.1	30.8	224	232	361	3.36e-22	97.8	95.3	1284355	Oomycota	Phytophthora	Phytophthora kernoviae	KAF4322468.1 hypothetical protein G195_004605 [Phytophthora kernoviae 00238/432]
Pcub-SC1982_071_000067.1	WP_301881011.1	28.9	228	232	236	4.63e-22	95.1	97.0	185978;1284355	Bacillota;Oomycota	Phytophthora;Paenibacillus	Phytophthora kernoviae	WP_301881011.1 response regulator [Paenibacillus sp. 11B]
Pcub-SC1982_071_000067.1	KAF4326199.1	31.3	214	232	218	6.22e-22	94.4	88.8	1284355	Oomycota	Phytophthora	Phytophthora kernoviae	KAF4326199.1 hypothetical protein G195_000052 [Phytophthora kernoviae 00238/432]
Pcub-SC1982_071_000067.1	WP_133846927.1	29.3	225	232	227	2.88e-21	92.8	96.6	134698;1903409;2708060;2708061	Pseudomonadota;Oomycota	Pantoea;Peronospora	Peronospora farinosa;Pantoea sp. EKM21T;Pantoea sp. EKM22T	WP_133846927.1 MULTISPECIES: copper/silver response regulator transcription factor [Erwiniaceae]
Pcub-SC1982_071_000067.1	KAF4324726.1	36.3	179	232	616	2.95e-21	96.7	77.2	1284355	Oomycota	Phytophthora	Phytophthora kernoviae	KAF4324726.1 hypothetical protein G195_001900 [Phytophthora kernoviae 00238/432]
Pcub-SC1982_071_000067.1	KAF4325685.1	35.8	162	232	384	2.96e-21	95.5	69.8	1284355	Oomycota	Phytophthora	Phytophthora kernoviae	KAF4325685.1 hypothetical protein G195_000751, partial [Phytophthora kernoviae 00238/432]
Pcub-SC1982_071_000067.1	KAF4324931.1	31.3	214	232	222	7.35e-20	89.0	89.2	1284355	Oomycota	Phytophthora	Phytophthora kernoviae	KAF4324931.1 hypothetical protein G195_001738 [Phytophthora kernoviae 00238/432]
Pcub-SC1982_071_000067.1	KAF4326311.1	27.5	204	232	232	8.96e-20	89.0	86.6	1284355	Oomycota	Phytophthora	Phytophthora kernoviae	KAF4326311.1 hypothetical protein G195_000140 [Phytophthora kernoviae 00238/432]
Pcub-SC1982_071_000066.1	KAG2873274.1	30.4	230	460	234	1.99e-31	125	50.0	29920	Oomycota	Phytophthora	Phytophthora cactorum	KAG2873274.1 hypothetical protein PC115_g24397 [Phytophthora cactorum]
Pcub-SC1982_071_000066.1	KAF4324726.1	29.7	232	460	616	5.58e-23	107	50.2	1284355	Oomycota	Phytophthora	Phytophthora kernoviae	KAF4324726.1 hypothetical protein G195_001900 [Phytophthora kernoviae 00238/432]
Pcub-SC1982_071_000066.1	KAF4325170.1	31.5	241	460	398	3.31e-21	100	49.8	1284355	Oomycota	Phytophthora	Phytophthora kernoviae	KAF4325170.1 hypothetical protein G195_001259 [Phytophthora kernoviae 00238/432]
Pcub-SC1982_071_000066.1	KAF4322913.1	25.5	239	460	294	2.06e-19	93.2	50.0	1284355	Oomycota	Phytophthora	Phytophthora kernoviae	KAF4322913.1 hypothetical protein G195_004131 [Phytophthora kernoviae 00238/432]
Pcub-SC1982_071_000066.1	KAF4324994.1	28.0	214	460	882	1.08e-18	94.4	46.3	1284355	Oomycota	Phytophthora	Phytophthora kernoviae	KAF4324994.1 hypothetical protein G195_001712 [Phytophthora kernoviae 00238/432]
Pcub-SC1982_071_000066.1	KAF4326212.1	26.4	239	460	926	1.10e-17	91.3	49.3	1284355	Oomycota	Phytophthora	Phytophthora kernoviae	KAF4326212.1 hypothetical protein G195_000250 [Phytophthora kernoviae 00238/432]
Pcub-SC1982_071_000066.1	KAG3106584.1	25.3	229	460	231	5.99e-17	84.7	47.8	29920	Oomycota	Phytophthora	Phytophthora cactorum	KAG3106584.1 hypothetical protein PC122_g202 [Phytophthora cactorum]
Pcub-SC1982_071_000066.1	KAG3106704.1	27.6	243	460	814	2.37e-16	87.0	50.4	29920	Oomycota	Phytophthora	Phytophthora cactorum	KAG3106704.1 hypothetical protein PC122_g230 [Phytophthora cactorum]
Pcub-SC1982_071_000066.1	KAF4324665.1	27.6	243	460	1143	2.78e-16	87.0	50.4	1284355	Oomycota	Phytophthora	Phytophthora kernoviae	KAF4324665.1 hypothetical protein G195_001967 [Phytophthora kernoviae 00238/432]
Pcub-SC1982_071_000066.1	KAF4326034.1	26.4	231	460	428	8.11e-16	84.3	49.8	1284355	Oomycota	Phytophthora	Phytophthora kernoviae	KAF4326034.1 hypothetical protein G195_000082 [Phytophthora kernoviae 00238/432]
Pcub-SC1982_071_000066.1	WP_010248580.1	27.2	239	460	909	1.05e-15	85.1	50.0	549;53335;134698;2708058;2708060	Pseudomonadota;Oomycota	Pantoea;Peronospora	Pantoea agglomerans;Peronospora farinosa;Pantoea sp. EKM10T;Pantoea sp. EKM21T	WP_010248580.1 MULTISPECIES: two-component sensor histidine kinase BarA [Pantoea]
Pcub-SC1982_071_000066.1	KAF4324570.1	27.1	225	460	586	5.63e-15	82.4	48.0	1284355	Oomycota	Phytophthora	Phytophthora kernoviae	KAF4324570.1 hypothetical protein G195_002029 [Phytophthora kernoviae 00238/432]
Pcub-SC1982_071_000066.1	CAH0516938.1	26.2	237	460	2022	9.21e-14	79.3	49.1	622444	Oomycota	Peronospora	Peronospora belbahrii	CAH0516938.1 unnamed protein product [Peronospora belbahrii]
Pcub-SC1982_071_000066.1	CAH0481823.1	26.2	237	460	2023	9.21e-14	79.3	49.1	622444	Oomycota	Peronospora	Peronospora belbahrii	CAH0481823.1 unnamed protein product [Peronospora belbahrii]
Pcub-SC1982_071_000066.1	POM76165.1	25.7	237	460	1455	1.14e-13	79.0	49.1	4796	Oomycota	Phytophthora	Phytophthora palmivora	POM76165.1 Hybrid signal transduction histidine Kinase [Phytophthora palmivora]
Pcub-SC1982_071_000066.1	KAF4324989.1	25.8	233	460	1990	1.61e-13	78.6	49.3	1284355	Oomycota	Phytophthora	Phytophthora kernoviae	KAF4324989.1 hypothetical protein G195_001717 [Phytophthora kernoviae 00238/432]
Pcub-SC1982_071_000066.1	RMX66457.1	27.2	239	460	1198	2.52e-13	77.8	49.1	542832	Oomycota	Peronospora	Peronospora effusa	RMX66457.1 hypothetical protein DD238_002363 [Peronospora effusa]
Pcub-SC1982_071_000066.1	RQM14466.1	27.2	239	460	2029	2.84e-13	77.8	49.1	542832	Oomycota	Peronospora	Peronospora effusa	RQM14466.1 hypothetical protein DD237_004308 [Peronospora effusa]
Pcub-SC1982_071_000066.1	CAI5702496.1	27.2	239	460	2029	2.84e-13	77.8	49.1	542832	Oomycota	Peronospora	Peronospora effusa	CAI5702496.1 unnamed protein product [Peronospora effusa]
Pcub-SC1982_071_000066.1	CAI5706458.1	27.2	239	460	2041	2.84e-13	77.8	49.1	134698	Oomycota	Peronospora	Peronospora farinosa	CAI5706458.1 unnamed protein product [Peronospora farinosa]
Pcub-SC1982_071_000066.1	KAF4326161.1	33.3	150	460	332	3.43e-13	75.5	31.5	1284355	Oomycota	Phytophthora	Phytophthora kernoviae	KAF4326161.1 hypothetical protein G195_000338 [Phytophthora kernoviae 00238/432]
Pcub-SC1982_071_000066.1	KAF1792425.1	25.7	245	460	2002	3.75e-13	77.4	50.2	29920	Oomycota	Phytophthora	Phytophthora cactorum	KAF1792425.1 PAS fold [Phytophthora cactorum]
Pcub-SC1982_071_000066.1	KAI9912788.1	26.2	237	460	1963	4.95e-13	77.0	49.1	230839	Oomycota	Peronosclerospora	Peronosclerospora sorghi	KAI9912788.1 hypothetical protein PsorP6_005270 [Peronosclerospora sorghi]
Pcub-SC1982_071_000066.1	KAK1946057.1	26.2	237	460	2037	4.98e-13	77.0	49.1	4793	Oomycota	Phytophthora	Phytophthora citrophthora	KAK1946057.1 Hybrid signal transduction histidine kinase K [Phytophthora citrophthora]
Pcub-SC1982_071_000066.1	CAH0487078.1	26.2	237	460	2041	4.98e-13	77.0	49.1	134698	Oomycota	Peronospora	Peronospora farinosa	CAH0487078.1 unnamed protein product [Peronospora farinosa]
Pcub-SC1982_071_000010.1	KAJ0408750.1	42.6	697	680	751	7.63e-190	560	99.1	114742	Oomycota	Pythium	Pythium insidiosum	KAJ0408750.1 hypothetical protein P43SY_001974 [Pythium insidiosum]
Pcub-SC1982_071_000010.1	KAJ0411986.1	42.5	697	680	751	2.16e-189	558	99.1	114742	Oomycota	Pythium	Pythium insidiosum	KAJ0411986.1 hypothetical protein ATCC90586_009943 [Pythium insidiosum]
Pcub-SC1982_071_000010.1	GLD98705.1	42.2	697	680	751	1.10e-186	551	99.1	114742	Oomycota	Pythium	Pythium insidiosum	GLD98705.1 hypothetical protein PINS_up007422 [Pythium insidiosum]
Pcub-SC1982_071_000010.1	OQR98719.1	41.5	694	680	746	1.33e-186	551	98.8	1202772	Oomycota	Achlya	Achlya hypogyna	OQR98719.1 serine protease family S09A [Achlya hypogyna]
Pcub-SC1982_071_000010.1	KAF1786595.1	42.2	694	680	744	1.77e-186	551	99.1	29920	Oomycota	Phytophthora	Phytophthora cactorum	KAF1786595.1 Alpha/Beta hydrolase fold [Phytophthora cactorum]
Pcub-SC1982_071_000010.1	KAG3069801.1	42.1	694	680	746	1.88e-186	551	99.1	53986	Oomycota	Phytophthora	Phytophthora idaei	KAG3069801.1 Protease 2 [Phytophthora idaei]
Pcub-SC1982_071_000010.1	KAG6957596.1	42.1	694	680	744	4.99e-186	550	99.1	2496075	Oomycota	Phytophthora	Phytophthora aleatoria	KAG6957596.1 hypothetical protein JG688_00010900 [Phytophthora aleatoria]
Pcub-SC1982_071_000010.1	OWZ03102.1	42.0	693	680	743	2.73e-185	548	99.1	4795	Oomycota	Phytophthora	Phytophthora megakarya	OWZ03102.1 Serine protease [Phytophthora megakarya]
Pcub-SC1982_071_000010.1	XP_008895886.1	41.8	693	680	743	3.86e-185	547	99.1	4792;761204	Oomycota	Phytophthora	Phytophthora nicotianae	XP_008895886.1 hypothetical protein PPTG_03864 [Phytophthora nicotianae INRA-310]
Pcub-SC1982_071_000010.1	ETK76704.1	41.8	693	680	752	5.12e-185	547	99.1	4792;1317063;1317066	Oomycota	Phytophthora	Phytophthora nicotianae	ETK76704.1 hypothetical protein L915_16949, partial [Phytophthora nicotianae]
Pcub-SC1982_071_000010.1	ETL83358.1	41.8	693	680	752	7.24e-185	547	99.1	4792	Oomycota	Phytophthora	Phytophthora nicotianae	ETL83358.1 hypothetical protein L917_16686, partial [Phytophthora nicotianae]
Pcub-SC1982_071_000010.1	KUF77145.1	41.8	693	680	743	7.72e-185	546	99.1	4792	Oomycota	Phytophthora	Phytophthora nicotianae	KUF77145.1 Protease 2 [Phytophthora nicotianae]
Pcub-SC1982_071_000010.1	ETI36466.1	41.8	693	680	752	1.02e-184	546	99.1	1317065	Oomycota	Phytophthora	Phytophthora nicotianae	ETI36466.1 hypothetical protein F443_17427, partial [Phytophthora nicotianae P1569]
Pcub-SC1982_071_000010.1	KAF0685244.1	42.0	697	680	738	1.32e-184	546	98.8	120398	Oomycota	Aphanomyces	Aphanomyces stellatus	KAF0685244.1 hypothetical protein As57867_022764 [Aphanomyces stellatus]
Pcub-SC1982_071_000010.1	ETM36585.1	41.8	693	680	752	1.45e-184	546	99.1	4792	Oomycota	Phytophthora	Phytophthora nicotianae	ETM36585.1 hypothetical protein L914_16765, partial [Phytophthora nicotianae]
Pcub-SC1982_071_000010.1	KAG6582832.1	42.3	693	680	743	3.09e-184	545	99.1	4785	Oomycota	Phytophthora	Phytophthora cinnamomi	KAG6582832.1 Protease 2 [Phytophthora cinnamomi]
Pcub-SC1982_071_000010.1	ETP34409.1	41.7	693	680	752	4.09e-184	545	99.1	1317064	Oomycota	Phytophthora	Phytophthora nicotianae	ETP34409.1 hypothetical protein F442_17279, partial [Phytophthora nicotianae P10297]
Pcub-SC1982_071_000010.1	XP_009521765.1	42.3	693	680	741	4.10e-184	545	99.1	67593	Oomycota	Phytophthora	Phytophthora sojae	XP_009521765.1 hypothetical protein PHYSODRAFT_345188 [Phytophthora sojae]
Pcub-SC1982_071_000010.1	KAE8909229.1	42.0	693	680	743	4.36e-184	545	99.1	53985	Oomycota	Phytophthora	Phytophthora fragariae	KAE8909229.1 Protease 2 [Phytophthora fragariae]
Pcub-SC1982_071_000010.1	KAF0713980.1	42.4	698	680	715	5.09e-184	543	99.1	120398	Oomycota	Aphanomyces	Aphanomyces stellatus	KAF0713980.1 hypothetical protein As57867_004105, partial [Aphanomyces stellatus]
Pcub-SC1982_071_000010.1	KAF0713984.1	42.4	698	680	731	8.45e-184	543	99.1	120398	Oomycota	Aphanomyces	Aphanomyces stellatus	KAF0713984.1 hypothetical protein As57867_004109, partial [Aphanomyces stellatus]
Pcub-SC1982_071_000010.1	KAH7491911.1	41.5	694	680	744	9.00e-184	544	99.1	164328	Oomycota	Phytophthora	Phytophthora ramorum	KAH7491911.1 Protease 2 [Phytophthora ramorum]
Pcub-SC1982_071_000010.1	KAJ8575017.1	42.3	693	680	743	1.23e-183	543	99.1	4785	Oomycota	Phytophthora	Phytophthora cinnamomi	KAJ8575017.1 hypothetical protein ON010_g4196 [Phytophthora cinnamomi]
Pcub-SC1982_071_000010.1	KAH9106767.1	42.4	700	680	737	1.44e-183	543	99.1	100861	Oomycota	Aphanomyces	Aphanomyces euteiches	KAH9106767.1 hypothetical protein LEN26_014474 [Aphanomyces euteiches]
Pcub-SC1982_071_000010.1	GMF37835.1	41.6	694	680	744	1.80e-183	543	99.1	1490495	Oomycota	Phytophthora	Phytophthora fragariaefolia	GMF37835.1 unnamed protein product [Phytophthora fragariaefolia]
Pcub-SC1982_071_000065.1	WP_187488587.1	38.9	113	114	142	4.90e-22	88.6	98.2	134698;1619313	Pseudomonadota;Oomycota	Peronospora;Duffyella	Peronospora farinosa;Duffyella gerundensis	WP_187488587.1 glutaredoxin-dependent arsenate reductase [Duffyella gerundensis]
Pcub-SC1982_071_000065.1	OQS03468.1	37.1	124	114	131	4.33e-18	78.2	99.1	74557	Oomycota	Thraustotheca	Thraustotheca clavata	OQS03468.1 arsenate reductase [Thraustotheca clavata]
Pcub-SC1982_071_000065.1	XP_008879828.1	35.6	132	114	138	2.90e-17	76.3	97.4	157072	Oomycota	Aphanomyces	Aphanomyces invadans	XP_008879828.1 arsenate reductase (glutaredoxin) [Aphanomyces invadans]
Pcub-SC1982_071_000065.1	RHY31402.1	35.6	132	114	149	3.77e-17	76.3	97.4	157072	Oomycota	Aphanomyces	Aphanomyces invadans	RHY31402.1 hypothetical protein DYB32_003550 [Aphanomyces invadans]
Pcub-SC1982_071_000065.1	OQR91981.1	35.5	121	114	133	5.78e-16	72.8	97.4	1202772	Oomycota	Achlya	Achlya hypogyna	OQR91981.1 arsenate reductase [Achlya hypogyna]
Pcub-SC1982_071_000065.1	XP_008619582.1	37.3	126	114	134	2.63e-14	68.6	100	1156394	Oomycota	Saprolegnia	Saprolegnia diclina	XP_008619582.1 hypothetical protein SDRG_15195 [Saprolegnia diclina VS20]
Pcub-SC1982_071_000065.1	XP_012197983.1	36.6	123	114	132	7.07e-14	67.4	97.4	695850	Oomycota	Saprolegnia	Saprolegnia parasitica	XP_012197983.1 hypothetical protein SPRG_04003 [Saprolegnia parasitica CBS 223.65]
Pcub-SC1982_071_000065.1	KAF0710159.1	34.9	129	114	150	2.28e-12	63.9	97.4	120398	Oomycota	Aphanomyces	Aphanomyces stellatus	KAF0710159.1 hypothetical protein As57867_005597 [Aphanomyces stellatus]
Pcub-SC1982_071_000065.1	KAG9412236.1	34.9	129	114	138	3.53e-12	63.2	97.4	112091	Oomycota	Aphanomyces	Aphanomyces cochlioides	KAG9412236.1 hypothetical protein AC1031_015176 [Aphanomyces cochlioides]
Pcub-SC1982_071_000065.1	KAF0731609.1	33.3	129	114	138	1.96e-11	61.2	97.4	100861	Oomycota	Aphanomyces	Aphanomyces euteiches	KAF0731609.1 hypothetical protein Ae201684_011229 [Aphanomyces euteiches]
Pcub-SC1982_071_000065.1	KAH9110281.1	33.3	129	114	138	1.96e-11	61.2	97.4	100861	Oomycota	Aphanomyces	Aphanomyces euteiches	KAH9110281.1 hypothetical protein AeMF1_014862 [Aphanomyces euteiches]
Pcub-SC1982_071_000065.1	OQR82137.1	30.0	120	114	128	3.46e-10	57.8	96.5	74557	Oomycota	Thraustotheca	Thraustotheca clavata	OQR82137.1 arsenate reductase [Thraustotheca clavata]
Pcub-SC1982_071_000065.1	KAF4325363.1	28.8	104	114	423	2.88e-09	57.8	88.6	1284355	Oomycota	Phytophthora	Phytophthora kernoviae	KAF4325363.1 hypothetical protein G195_000878 [Phytophthora kernoviae 00238/432]
Pcub-SC1982_071_000065.1	KAF0686579.1	30.1	123	114	149	7.84e-09	54.7	97.4	120398	Oomycota	Aphanomyces	Aphanomyces stellatus	KAF0686579.1 hypothetical protein As57867_021553 [Aphanomyces stellatus]
Pcub-SC1982_071_000065.1	OQR87888.1	56.8	37	114	132	2.40e-07	50.4	32.5	1202772	Oomycota	Achlya	Achlya hypogyna	OQR87888.1 hypothetical protein ACHHYP_07918 [Achlya hypogyna]
Pcub-SC1982_071_000065.1	XP_012197628.1	30.8	130	114	131	6.51e-07	49.3	100	695850	Oomycota	Saprolegnia	Saprolegnia parasitica	XP_012197628.1 hypothetical protein SPRG_03668 [Saprolegnia parasitica CBS 223.65]
Pcub-SC1982_071_000065.1	XP_008611288.1	30.8	130	114	131	2.51e-06	47.8	100	1156394	Oomycota	Saprolegnia	Saprolegnia diclina	XP_008611288.1 hypothetical protein SDRG_07246 [Saprolegnia diclina VS20]
Pcub-SC1982_071_000062.1	KAF4325767.1	35.4	99	2679	1314	4.12e-04	51.6	3.5	1284355	Oomycota	Phytophthora	Phytophthora kernoviae	KAF4325767.1 hypothetical protein G195_000558 [Phytophthora kernoviae 00238/432]
Pcub-SC1982_071_000011.1	WP_024628438.1	39.8	452	449	444	3.75e-92	290	97.8	44249;1226754;1227349;1284355;1945581;2580422	Bacteroidota;Bacillota;Oomycota	Phytophthora;Paenibacillus;Chryseobacterium	Phytophthora kernoviae;Paenibacillus sp. FSL R5-192;Paenibacillus sp. FSL H7-689;Chryseobacterium mucoviscidosis;Paenibacillus sp. UASWS1643	WP_024628438.1 MULTISPECIES: PhoH family protein [Paenibacillus]
Pcub-SC1982_071_000011.1	KAF4325907.1	32.7	223	449	689	7.29e-24	109	46.5	1284355	Oomycota	Phytophthora	Phytophthora kernoviae	KAF4325907.1 hypothetical protein G195_000460 [Phytophthora kernoviae 00238/432]
Pcub-SC1982_071_000012.1	KAF4321958.1	64.3	291	487	436	8.15e-123	370	59.8	1284355	Oomycota	Phytophthora	Phytophthora kernoviae	KAF4321958.1 hypothetical protein G195_004852 [Phytophthora kernoviae 00238/432]
Pcub-SC1982_071_000012.1	KAF4315104.1	30.1	123	487	538	5.86e-08	60.5	23.8	325452;1284355	Oomycota	Phytophthora	Phytophthora kernoviae	KAF4315104.1 hypothetical protein G195_011385 [Phytophthora kernoviae 00238/432]
Pcub-SC1982_071_000012.1	KAG7396007.1	29.1	220	487	521	1.00e-07	59.7	41.3	109152	Oomycota	Phytophthora	Phytophthora boehmeriae	KAG7396007.1 Werner helicase interacting protein 1 [Phytophthora boehmeriae]
Pcub-SC1982_071_000012.1	RLN44799.1	30.1	123	487	538	1.36e-07	59.3	23.8	325452	Oomycota	Phytophthora	Phytophthora kernoviae	RLN44799.1 hypothetical protein BBJ29_006217 [Phytophthora kernoviae]
Pcub-SC1982_071_000012.1	KAK1934165.1	25.1	303	487	805	2.91e-07	58.5	57.7	4793	Oomycota	Phytophthora	Phytophthora citrophthora	KAK1934165.1 Nuclear valosin-containing protein-like [Phytophthora citrophthora]
Pcub-SC1982_071_000012.1	KAF1323580.1	27.9	226	487	815	2.92e-07	58.5	41.9	82926	Oomycota	Globisporangium	Globisporangium splendens	KAF1323580.1 Ribosome biogenesis atpase rix7, partial [Globisporangium splendens]
Pcub-SC1982_071_000012.1	KAG6579751.1	27.7	264	487	831	3.89e-07	58.2	47.6	4785	Oomycota	Phytophthora	Phytophthora cinnamomi	KAG6579751.1 Ribosome biogenesis ATPase RIX7 [Phytophthora cinnamomi]
Pcub-SC1982_071_000012.1	KAJ0394969.1	30.4	168	487	811	5.08e-07	57.8	31.0	114742	Oomycota	Pythium	Pythium insidiosum	KAJ0394969.1 hypothetical protein P43SY_010125 [Pythium insidiosum]
Pcub-SC1982_071_000012.1	KAJ0403428.1	30.4	168	487	811	5.08e-07	57.8	31.0	114742	Oomycota	Pythium	Pythium insidiosum	KAJ0403428.1 hypothetical protein ATCC90586_001717 [Pythium insidiosum]
Pcub-SC1982_071_000012.1	TDH70904.1	25.9	305	487	770	6.58e-07	57.4	58.1	4779	Oomycota	Bremia	Bremia lactucae	TDH70904.1 hypothetical protein CCR75_002923 [Bremia lactucae]
Pcub-SC1982_071_000012.1	GLE01006.1	30.4	168	487	811	6.71e-07	57.4	31.0	114742	Oomycota	Pythium	Pythium insidiosum	GLE01006.1 hypothetical protein PINS_up009819 [Pythium insidiosum]
Pcub-SC1982_071_000012.1	KAF4145062.1	27.3	264	487	717	8.44e-07	57.0	49.7	4787	Oomycota	Phytophthora	Phytophthora infestans	KAF4145062.1 AAA+ lid domain [Phytophthora infestans]
Pcub-SC1982_071_000012.1	XP_002908344.1	27.3	264	487	800	8.80e-07	57.0	49.7	4787;403677	Oomycota	Phytophthora	Phytophthora infestans	XP_002908344.1 ribosome biogenesis ATPase RIX7 [Phytophthora infestans T30-4]
Pcub-SC1982_071_000012.1	KAI9998105.1	27.3	264	487	800	8.80e-07	57.0	49.7	4787	Oomycota	Phytophthora	Phytophthora infestans	KAI9998105.1 hypothetical protein PInf_002439 [Phytophthora infestans]
Pcub-SC1982_071_000012.1	RLN96351.1	28.3	244	487	506	9.20e-07	56.6	45.4	2483409	Oomycota	Nothophytophthora	Nothophytophthora sp. Chile5	RLN96351.1 hypothetical protein BBJ28_00025639, partial [Nothophytophthora sp. Chile5]
Pcub-SC1982_071_000012.1	RLN88224.1	28.4	243	487	506	9.20e-07	56.6	45.2	2483409	Oomycota	Nothophytophthora	Nothophytophthora sp. Chile5	RLN88224.1 hypothetical protein BBJ28_00025640, partial [Nothophytophthora sp. Chile5]
Pcub-SC1982_071_000012.1	KAE9235926.1	29.3	123	487	521	9.39e-07	56.6	23.8	53985	Oomycota	Phytophthora	Phytophthora fragariae	KAE9235926.1 ATPase [Phytophthora fragariae]
Pcub-SC1982_071_000012.1	KAE8895384.1	29.3	123	487	533	9.54e-07	56.6	23.8	53985	Oomycota	Phytophthora	Phytophthora fragariae	KAE8895384.1 ATPase [Phytophthora fragariae]
Pcub-SC1982_071_000012.1	KAI9997940.1	27.3	264	487	800	1.16e-06	56.6	49.7	4787	Oomycota	Phytophthora	Phytophthora infestans	KAI9997940.1 hypothetical protein PInf_002198 [Phytophthora infestans]
Pcub-SC1982_071_000012.1	CAI5736395.1	27.1	221	487	883	1.20e-06	56.6	40.9	162125	Oomycota	Hyaloperonospora	Hyaloperonospora brassicae	CAI5736395.1 unnamed protein product [Hyaloperonospora brassicae]
Pcub-SC1982_071_000012.1	XP_002905160.1	30.2	126	487	499	1.21e-06	56.2	23.8	403677	Oomycota	Phytophthora	Phytophthora infestans	XP_002905160.1 ATPase WRNIP1 [Phytophthora infestans T30-4]
Pcub-SC1982_071_000012.1	RLN86316.1	28.4	243	487	512	1.23e-06	56.2	45.2	2483409	Oomycota	Nothophytophthora	Nothophytophthora sp. Chile5	RLN86316.1 hypothetical protein BBJ28_00010353, partial [Nothophytophthora sp. Chile5]
Pcub-SC1982_071_000012.1	KAF4029169.1	30.2	126	487	519	1.24e-06	56.2	23.8	4787	Oomycota	Phytophthora	Phytophthora infestans	KAF4029169.1 MGS-like domain-containing proteinA C [Phytophthora infestans]
Pcub-SC1982_071_000012.1	XP_002901177.1	28.1	221	487	771	1.51e-06	56.2	40.9	403677	Oomycota	Phytophthora	Phytophthora infestans	XP_002901177.1 ribosome biogenesis ATPase RIX7 [Phytophthora infestans T30-4]
Pcub-SC1982_071_000012.1	KAE8983396.1	27.4	226	487	807	1.54e-06	56.2	41.9	129364	Oomycota	Phytophthora	Phytophthora rubi	KAE8983396.1 Nuclear valosin-containing protein-like [Phytophthora rubi]
Pcub-SC1982_071_000013.1	KAF4322465.1	31.0	274	311	444	4.94e-40	149	85.5	1284355	Oomycota	Phytophthora	Phytophthora kernoviae	KAF4322465.1 hypothetical protein G195_004609, partial [Phytophthora kernoviae 00238/432]
Pcub-SC1982_071_000015.1	OWZ06601.1	22.7	211	952	856	1.45e-06	57.8	20.8	4795	Oomycota	Phytophthora	Phytophthora megakarya	OWZ06601.1 Puromycin-sensitive aminopeptidase [Phytophthora megakarya]
Pcub-SC1982_071_000015.1	TYZ58892.1	20.3	413	952	917	2.25e-05	53.9	41.3	1485010	Oomycota	Globisporangium	[Pythium] brassicae (nom. inval.)	TYZ58892.1 hypothetical protein PybrP1_008181 [[Pythium] brassicae (nom. inval.)]
Pcub-SC1982_071_000057.1	XP_009842083.1	31.5	295	325	476	2.04e-27	116	84.3	112090	Oomycota	Aphanomyces	Aphanomyces astaci	XP_009842083.1 glutamate-tRNA ligase, variant 1 [Aphanomyces astaci]
Pcub-SC1982_071_000057.1	XP_009842085.1	31.5	295	325	527	3.02e-27	116	84.3	112090	Oomycota	Aphanomyces	Aphanomyces astaci	XP_009842085.1 glutamate-tRNA ligase [Aphanomyces astaci]
Pcub-SC1982_071_000057.1	XP_008870509.1	30.5	311	325	525	6.71e-26	112	90.5	157072	Oomycota	Aphanomyces	Aphanomyces invadans	XP_008870509.1 glutamate-tRNA ligase [Aphanomyces invadans]
Pcub-SC1982_071_000057.1	KAH9116756.1	30.9	272	325	553	2.28e-24	108	78.5	100861	Oomycota	Aphanomyces	Aphanomyces euteiches	KAH9116756.1 hypothetical protein AeMF1_009326 [Aphanomyces euteiches]
Pcub-SC1982_071_000057.1	TYZ59775.1	30.5	269	325	553	2.28e-24	108	78.5	1485010	Oomycota	Globisporangium	[Pythium] brassicae (nom. inval.)	TYZ59775.1 hypothetical protein PybrP1_007658 [[Pythium] brassicae (nom. inval.)]
Pcub-SC1982_071_000057.1	KAH9164257.1	30.9	272	325	553	2.28e-24	108	78.5	100861	Oomycota	Aphanomyces	Aphanomyces euteiches	KAH9164257.1 hypothetical protein LEN26_000126 [Aphanomyces euteiches]
Pcub-SC1982_071_000057.1	KAF0731979.1	30.5	272	325	518	9.12e-24	106	78.5	100861	Oomycota	Aphanomyces	Aphanomyces euteiches	KAF0731979.1 hypothetical protein Ae201684_010929 [Aphanomyces euteiches]
Pcub-SC1982_071_000057.1	KAH9157473.1	30.5	272	325	535	9.85e-24	106	78.5	100861	Oomycota	Aphanomyces	Aphanomyces euteiches	KAH9157473.1 hypothetical protein AeRB84_000672 [Aphanomyces euteiches]
Pcub-SC1982_071_000057.1	TMW63370.1	29.7	313	325	553	4.86e-23	104	89.2	41045	Oomycota	Pythium	Pythium oligandrum	TMW63370.1 hypothetical protein Poli38472_002311 [Pythium oligandrum]
Pcub-SC1982_071_000057.1	DBA02376.1	29.8	272	325	745	8.75e-23	103	78.5	4803	Oomycota	Lagenidium	Lagenidium giganteum	DBA02376.1 TPA: hypothetical protein N0F65_007195 [Lagenidium giganteum]
Pcub-SC1982_071_000057.1	KAF0720453.1	28.9	305	325	517	1.06e-22	103	88.6	120398	Oomycota	Aphanomyces	Aphanomyces stellatus	KAF0720453.1 hypothetical protein As57867_000297 [Aphanomyces stellatus]
Pcub-SC1982_071_000057.1	CAH0477782.1	29.0	272	325	538	2.87e-22	102	78.5	622444	Oomycota	Peronospora	Peronospora belbahrii	CAH0477782.1 unnamed protein product [Peronospora belbahrii]
Pcub-SC1982_071_000057.1	CAH0516752.1	29.0	272	325	538	2.87e-22	102	78.5	622444	Oomycota	Peronospora	Peronospora belbahrii	CAH0516752.1 unnamed protein product [Peronospora belbahrii]
Pcub-SC1982_071_000057.1	KAG2832046.1	29.7	269	325	368	4.03e-22	100	78.5	29920	Oomycota	Phytophthora	Phytophthora cactorum	KAG2832046.1 Glutamate--tRNA ligase [Phytophthora cactorum]
Pcub-SC1982_071_000057.1	RHY34941.1	31.3	278	325	399	4.12e-22	100	78.5	157072	Oomycota	Aphanomyces	Aphanomyces invadans	RHY34941.1 hypothetical protein DYB32_000564, partial [Aphanomyces invadans]
Pcub-SC1982_071_000057.1	OQR83494.1	27.8	306	325	530	5.14e-22	101	88.9	1202772	Oomycota	Achlya	Achlya hypogyna	OQR83494.1 glutamyl-tRNA synthetase [Achlya hypogyna]
Pcub-SC1982_071_000057.1	CAH0485857.1	28.6	287	325	541	5.34e-22	101	81.2	134698	Oomycota	Peronospora	Peronospora farinosa	CAH0485857.1 unnamed protein product [Peronospora farinosa]
Pcub-SC1982_071_000057.1	TDH70850.1	28.0	282	325	556	7.55e-22	100	81.5	4779	Oomycota	Bremia	Bremia lactucae	TDH70850.1 hypothetical protein CCR75_001226 [Bremia lactucae]
Pcub-SC1982_071_000057.1	CAI5704509.1	29.6	287	325	541	9.80e-22	100	81.2	542832	Oomycota	Peronospora	Peronospora effusa	CAI5704509.1 unnamed protein product [Peronospora effusa]
Pcub-SC1982_071_000057.1	KAH7476667.1	29.4	272	325	531	1.29e-21	100	78.5	164328	Oomycota	Phytophthora	Phytophthora ramorum	KAH7476667.1 Glutamate--tRNA ligase [Phytophthora ramorum]
Pcub-SC1982_071_000057.1	KAG2777140.1	29.7	269	325	534	1.30e-21	100	78.5	29920	Oomycota	Phytophthora	Phytophthora cactorum	KAG2777140.1 Glutamate--tRNA ligase [Phytophthora cactorum]
Pcub-SC1982_071_000057.1	KAG7390354.1	28.7	272	325	543	1.34e-21	100	78.5	221518	Oomycota	Phytophthora	Phytophthora pseudosyringae	KAG7390354.1 Glutamyl-tRNA synthetase [Phytophthora pseudosyringae]
Pcub-SC1982_071_000057.1	CAI5745521.1	29.6	277	325	527	1.72e-21	99.8	78.5	86335	Oomycota	Peronospora	Peronospora destructor	CAI5745521.1 unnamed protein product [Peronospora destructor]
Pcub-SC1982_071_000057.1	KAG6590713.1	29.0	272	325	533	1.75e-21	99.8	78.5	4785	Oomycota	Phytophthora	Phytophthora cinnamomi	KAG6590713.1 glutamate-tRNA ligase [Phytophthora cinnamomi]
Pcub-SC1982_071_000057.1	KAG3193693.1	29.7	269	325	534	1.76e-21	99.8	78.5	29920	Oomycota	Phytophthora	Phytophthora cactorum	KAG3193693.1 Glutamate--tRNA ligase [Phytophthora cactorum]
Pcub-SC1982_071_000054.1	XP_012205427.1	28.4	335	347	331	9.06e-30	120	95.7	695850	Oomycota	Saprolegnia	Saprolegnia parasitica	XP_012205427.1 hypothetical protein SPRG_11220 [Saprolegnia parasitica CBS 223.65]
Pcub-SC1982_071_000054.1	TMW59287.1	30.2	324	347	333	1.31e-29	120	92.5	41045	Oomycota	Pythium	Pythium oligandrum	TMW59287.1 hypothetical protein Poli38472_004356 [Pythium oligandrum]
Pcub-SC1982_071_000054.1	RLN25747.1	33.6	226	347	332	2.47e-29	119	65.1	2483409	Oomycota	Nothophytophthora	Nothophytophthora sp. Chile5	RLN25747.1 hypothetical protein BBJ28_00004653 [Nothophytophthora sp. Chile5]
Pcub-SC1982_071_000054.1	GLE03513.1	35.6	222	347	333	4.85e-29	119	64.0	114742	Oomycota	Pythium	Pythium insidiosum	GLE03513.1 hypothetical protein PINS_up012415 [Pythium insidiosum]
Pcub-SC1982_071_000054.1	TMW59284.1	28.4	327	347	342	5.70e-29	119	92.5	41045	Oomycota	Pythium	Pythium oligandrum	TMW59284.1 hypothetical protein Poli38472_004353 [Pythium oligandrum]
Pcub-SC1982_071_000054.1	KAK1942579.1	33.2	226	347	353	1.84e-28	117	65.1	4793	Oomycota	Phytophthora	Phytophthora citrophthora	KAK1942579.1 Prostaglandin reductase-3 [Phytophthora citrophthora]
Pcub-SC1982_071_000054.1	KAK1942580.1	33.2	226	347	354	1.87e-28	117	65.1	4793	Oomycota	Phytophthora	Phytophthora citrophthora	KAK1942580.1 Prostaglandin reductase-3 [Phytophthora citrophthora]
Pcub-SC1982_071_000054.1	KAG1687831.1	33.2	226	347	332	3.39e-28	116	65.1	4784	Oomycota	Phytophthora	Phytophthora capsici	KAG1687831.1 hypothetical protein DVH05_004562 [Phytophthora capsici]
Pcub-SC1982_071_000054.1	XP_008911367.1	30.0	317	347	338	3.77e-28	116	87.9	4792;761204;1317065	Oomycota	Phytophthora	Phytophthora nicotianae	XP_008911367.1 hypothetical protein PPTG_16293 [Phytophthora nicotianae INRA-310]
Pcub-SC1982_071_000054.1	ETK78067.1	30.0	317	347	338	5.23e-28	116	87.9	4792;1317063	Oomycota	Phytophthora	Phytophthora nicotianae	ETK78067.1 hypothetical protein L915_15808 [Phytophthora nicotianae]
Pcub-SC1982_071_000054.1	KAF0689324.1	29.4	333	347	332	6.52e-28	115	95.7	120398	Oomycota	Aphanomyces	Aphanomyces stellatus	KAF0689324.1 hypothetical protein As57867_019156 [Aphanomyces stellatus]
Pcub-SC1982_071_000054.1	KAG1686993.1	31.1	312	347	338	7.24e-28	115	87.9	4784	Oomycota	Phytophthora	Phytophthora capsici	KAG1686993.1 hypothetical protein DVH05_005733 [Phytophthora capsici]
Pcub-SC1982_071_000054.1	XP_008615022.1	28.1	335	347	340	7.50e-28	115	95.7	1156394	Oomycota	Saprolegnia	Saprolegnia diclina	XP_008615022.1 NADPH2:quinone reductase, partial [Saprolegnia diclina VS20]
Pcub-SC1982_071_000054.1	DAZ99730.1	28.3	336	347	341	7.63e-28	115	96.3	4803	Oomycota	Lagenidium	Lagenidium giganteum	DAZ99730.1 TPA: hypothetical protein N0F65_003517 [Lagenidium giganteum]
Pcub-SC1982_071_000054.1	KAG2861919.1	29.7	313	347	338	1.00e-27	115	87.9	29920	Oomycota	Phytophthora	Phytophthora cactorum	KAG2861919.1 hypothetical protein PC113_g6748 [Phytophthora cactorum]
Pcub-SC1982_071_000054.1	KAG7390468.1	33.9	233	347	334	1.30e-27	115	67.1	109152	Oomycota	Phytophthora	Phytophthora boehmeriae	KAG7390468.1 Prostaglandin reductase 3 [Phytophthora boehmeriae]
Pcub-SC1982_071_000054.1	KAG3030476.1	29.7	313	347	338	1.39e-27	115	87.9	29920	Oomycota	Phytophthora	Phytophthora cactorum	KAG3030476.1 hypothetical protein PC120_g3693 [Phytophthora cactorum]
Pcub-SC1982_071_000054.1	RLN91758.1	33.6	226	347	379	1.40e-27	115	65.1	2483409	Oomycota	Nothophytophthora	Nothophytophthora sp. Chile5	RLN91758.1 hypothetical protein BBJ28_00012875 [Nothophytophthora sp. Chile5]
Pcub-SC1982_071_000054.1	KAG7377849.1	29.9	318	347	338	2.67e-27	114	87.9	221518	Oomycota	Phytophthora	Phytophthora pseudosyringae	KAG7377849.1 Prostaglandin reductase 3 [Phytophthora pseudosyringae]
Pcub-SC1982_071_000054.1	RLN58256.1	33.2	226	347	332	3.33e-27	114	65.1	325452	Oomycota	Phytophthora	Phytophthora kernoviae	RLN58256.1 hypothetical protein BBP00_00007098 [Phytophthora kernoviae]
Pcub-SC1982_071_000054.1	ETO66652.1	29.7	317	347	338	3.69e-27	114	87.9	1317066	Oomycota	Phytophthora	Phytophthora nicotianae	ETO66652.1 hypothetical protein F444_16254 [Phytophthora nicotianae P1976]
Pcub-SC1982_071_000054.1	RHY34392.1	29.5	325	347	331	4.53e-27	113	91.1	157072	Oomycota	Aphanomyces	Aphanomyces invadans	RHY34392.1 hypothetical protein DYB32_000977 [Aphanomyces invadans]
Pcub-SC1982_071_000054.1	XP_008868437.1	29.5	325	347	337	5.02e-27	113	91.1	157072	Oomycota	Aphanomyces	Aphanomyces invadans	XP_008868437.1 hypothetical protein H310_05483 [Aphanomyces invadans]
Pcub-SC1982_071_000054.1	KAH7479956.1	29.7	317	347	338	5.11e-27	113	87.9	164328	Oomycota	Phytophthora	Phytophthora ramorum	KAH7479956.1 Prostaglandin reductase-3 [Phytophthora ramorum]
Pcub-SC1982_071_000054.1	ETP35778.1	29.7	317	347	338	5.11e-27	113	87.9	1317064	Oomycota	Phytophthora	Phytophthora nicotianae	ETP35778.1 hypothetical protein F442_16113 [Phytophthora nicotianae P10297]
Pcub-SC1982_071_000021.1	KAF4325418.1	44.4	394	765	1114	1.67e-89	309	50.6	1284355	Oomycota	Phytophthora	Phytophthora kernoviae	KAF4325418.1 hypothetical protein G195_001007 [Phytophthora kernoviae 00238/432]
Pcub-SC1982_071_000021.1	XP_024572646.1	31.6	323	765	762	5.20e-47	184	41.8	4781	Oomycota	Plasmopara	Plasmopara halstedii	XP_024572646.1 phosphate acetyltransferase [Plasmopara halstedii]
Pcub-SC1982_071_000021.1	KAG2995605.1	29.7	323	765	356	5.67e-47	175	41.8	29920	Oomycota	Phytophthora	Phytophthora cactorum	KAG2995605.1 Phosphate acetyltransferase [Phytophthora cactorum]
Pcub-SC1982_071_000021.1	GLE01047.1	31.9	323	765	778	6.54e-46	181	41.8	114742	Oomycota	Pythium	Pythium insidiosum	GLE01047.1 hypothetical protein PINS_up009860 [Pythium insidiosum]
Pcub-SC1982_071_000021.1	CCA22775.1	31.6	332	765	1529	9.71e-46	182	42.9	890382	Oomycota	Albugo	Albugo laibachii	CCA22775.1 phosphate acetyltransferase putative [Albugo laibachii Nc14]
Pcub-SC1982_071_000021.1	GLE08914.1	31.9	323	765	838	9.87e-46	181	41.8	114742	Oomycota	Pythium	Pythium insidiosum	GLE08914.1 hypothetical protein PINS_up020389 [Pythium insidiosum]
Pcub-SC1982_071_000021.1	GLE01054.1	31.9	323	765	780	1.21e-45	180	41.8	114742	Oomycota	Pythium	Pythium insidiosum	GLE01054.1 hypothetical protein PINS_up009867 [Pythium insidiosum]
Pcub-SC1982_071_000021.1	CCI10173.1	32.7	324	765	1526	1.72e-45	181	41.8	65357	Oomycota	Albugo	Albugo candida	CCI10173.1 unnamed protein product [Albugo candida]
Pcub-SC1982_071_000021.1	TMW58283.1	30.9	337	765	764	1.93e-45	179	43.4	41045	Oomycota	Pythium	Pythium oligandrum	TMW58283.1 hypothetical protein Poli38472_011871 [Pythium oligandrum]
Pcub-SC1982_071_000021.1	KAG6952890.1	28.9	342	765	757	4.47e-45	178	43.9	2496075	Oomycota	Phytophthora	Phytophthora aleatoria	KAG6952890.1 hypothetical protein JG688_00013067 [Phytophthora aleatoria]
Pcub-SC1982_071_000021.1	KAG3090001.1	29.7	323	765	590	5.70e-45	175	41.8	29920	Oomycota	Phytophthora	Phytophthora cactorum	KAG3090001.1 Phosphate acetyltransferase [Phytophthora cactorum]
Pcub-SC1982_071_000021.1	TMW58297.1	31.6	323	765	768	6.59e-45	177	41.8	41045	Oomycota	Pythium	Pythium oligandrum	TMW58297.1 hypothetical protein Poli38472_011885 [Pythium oligandrum]
Pcub-SC1982_071_000021.1	KAG2818423.1	29.7	323	765	608	7.35e-45	175	41.8	29920	Oomycota	Phytophthora	Phytophthora cactorum	KAG2818423.1 Phosphate acetyltransferase [Phytophthora cactorum]
Pcub-SC1982_071_000021.1	KAK1942845.1	29.2	342	765	763	8.53e-45	177	43.9	4793	Oomycota	Phytophthora	Phytophthora citrophthora	KAK1942845.1 Phosphate acetyltransferase [Phytophthora citrophthora]
Pcub-SC1982_071_000021.1	DAZ93987.1	32.5	323	765	769	8.94e-45	177	41.8	4803	Oomycota	Lagenidium	Lagenidium giganteum	DAZ93987.1 TPA: hypothetical protein N0F65_005498 [Lagenidium giganteum]
Pcub-SC1982_071_000021.1	KAG2508675.1	29.2	342	765	805	1.55e-44	177	43.9	325452	Oomycota	Phytophthora	Phytophthora kernoviae	KAG2508675.1 hypothetical protein JM16_008721 [Phytophthora kernoviae]
Pcub-SC1982_071_000021.1	KAJ8575623.1	29.5	342	765	859	2.10e-44	177	43.9	4785	Oomycota	Phytophthora	Phytophthora cinnamomi	KAJ8575623.1 hypothetical protein ON010_g3592 [Phytophthora cinnamomi]
Pcub-SC1982_071_000021.1	KAG6952887.1	29.7	323	765	760	2.74e-44	176	41.8	2496075	Oomycota	Phytophthora	Phytophthora aleatoria	KAG6952887.1 hypothetical protein JG688_00013068 [Phytophthora aleatoria]
Pcub-SC1982_071_000021.1	KAG3112354.1	29.7	323	765	760	2.74e-44	176	41.8	53986	Oomycota	Phytophthora	Phytophthora idaei	KAG3112354.1 Phosphate acetyltransferase [Phytophthora idaei]
Pcub-SC1982_071_000021.1	KAG7398215.1	28.9	342	765	764	2.83e-44	176	43.9	109152	Oomycota	Phytophthora	Phytophthora boehmeriae	KAG7398215.1 hypothetical protein PHYBOEH_011460 [Phytophthora boehmeriae]
Pcub-SC1982_071_000021.1	KAE8903448.1	29.2	342	765	760	3.69e-44	175	43.9	53985;129364	Oomycota	Phytophthora	Phytophthora fragariae;Phytophthora rubi	KAE8903448.1 Phosphate acetyltransferase [Phytophthora fragariae]
Pcub-SC1982_071_000021.1	KAF1323191.1	31.8	324	765	760	3.69e-44	175	41.8	82926	Oomycota	Globisporangium	Globisporangium splendens	KAF1323191.1 Phosphate acetyltransferase, partial [Globisporangium splendens]
Pcub-SC1982_071_000021.1	KAG2784949.1	29.7	323	765	760	3.69e-44	175	41.8	29920	Oomycota	Phytophthora	Phytophthora cactorum	KAG2784949.1 Phosphate acetyltransferase [Phytophthora cactorum]
Pcub-SC1982_071_000021.1	KUG01567.1	28.9	342	765	759	4.94e-44	175	43.9	4792	Oomycota	Phytophthora	Phytophthora nicotianae	KUG01567.1 Phosphate acetyltransferase [Phytophthora nicotianae]
Pcub-SC1982_071_000021.1	KUF92858.1	28.9	342	765	759	4.94e-44	175	43.9	4792	Oomycota	Phytophthora	Phytophthora nicotianae	KUF92858.1 hypothetical protein AM588_10006969 [Phytophthora nicotianae]
Pcub-SC1982_071_000022.1	KAF4319700.1	26.7	176	445	231	1.55e-04	48.1	37.8	1284355	Oomycota	Phytophthora	Phytophthora kernoviae	KAF4319700.1 hypothetical protein G195_006973, partial [Phytophthora kernoviae 00238/432]
Pcub-SC1982_071_000049.1	KAF4319688.1	32.4	299	323	442	2.53e-35	137	92.0	1284355	Oomycota	Phytophthora	Phytophthora kernoviae	KAF4319688.1 hypothetical protein G195_006982 [Phytophthora kernoviae 00238/432]
Pcub-SC1982_071_000049.1	XP_012200265.1	32.4	253	323	431	7.48e-18	88.6	73.7	695850	Oomycota	Saprolegnia	Saprolegnia parasitica	XP_012200265.1 hypothetical protein SPRG_06153 [Saprolegnia parasitica CBS 223.65]
Pcub-SC1982_071_000049.1	CAI5722733.1	33.2	223	323	437	2.60e-17	87.0	62.8	162125	Oomycota	Hyaloperonospora	Hyaloperonospora brassicae	CAI5722733.1 unnamed protein product [Hyaloperonospora brassicae]
Pcub-SC1982_071_000049.1	OQR92468.1	31.9	226	323	425	4.49e-17	86.3	62.8	74557	Oomycota	Thraustotheca	Thraustotheca clavata	OQR92468.1 hypothetical protein THRCLA_08695 [Thraustotheca clavata]
Pcub-SC1982_071_000049.1	KAG7400103.1	31.8	223	323	436	6.42e-17	85.9	62.8	109152	Oomycota	Phytophthora	Phytophthora boehmeriae	KAG7400103.1 Decaprenyl-diphosphate synthase subunit 1 [Phytophthora boehmeriae]
Pcub-SC1982_071_000049.1	POM67618.1	31.6	225	323	427	8.32e-17	85.5	62.8	4796	Oomycota	Phytophthora	Phytophthora palmivora	POM67618.1 Terpenoid synthase [Phytophthora palmivora]
Pcub-SC1982_071_000049.1	KAF0745024.1	31.5	222	323	427	1.13e-16	85.1	62.8	100861	Oomycota	Aphanomyces	Aphanomyces euteiches	KAF0745024.1 hypothetical protein Ae201684_000604 [Aphanomyces euteiches]
Pcub-SC1982_071_000049.1	KAH9122278.1	31.5	222	323	427	1.13e-16	85.1	62.8	100861	Oomycota	Aphanomyces	Aphanomyces euteiches	KAH9122278.1 hypothetical protein LEN26_010317 [Aphanomyces euteiches]
Pcub-SC1982_071_000049.1	KAG6976569.1	32.4	225	323	436	1.17e-16	85.1	62.8	2496075	Oomycota	Phytophthora	Phytophthora aleatoria	KAG6976569.1 hypothetical protein JG688_00001228 [Phytophthora aleatoria]
Pcub-SC1982_071_000049.1	KAI9979711.1	32.4	225	323	352	1.25e-16	84.3	62.8	4787	Oomycota	Phytophthora	Phytophthora infestans	KAI9979711.1 hypothetical protein PInf_028053 [Phytophthora infestans]
Pcub-SC1982_071_000049.1	XP_009532096.1	32.7	223	323	454	1.26e-16	85.1	62.8	67593	Oomycota	Phytophthora	Phytophthora sojae	XP_009532096.1 hypothetical protein PHYSODRAFT_336262 [Phytophthora sojae]
Pcub-SC1982_071_000049.1	KAH7461932.1	34.1	223	323	433	1.57e-16	84.7	62.8	164328	Oomycota	Phytophthora	Phytophthora ramorum	KAH7461932.1 putative hexaprenyl pyrophosphate synthase, mitochondrial [Phytophthora ramorum]
Pcub-SC1982_071_000049.1	CAI5719387.1	32.4	225	323	437	1.60e-16	84.7	62.8	86335	Oomycota	Peronospora	Peronospora destructor	CAI5719387.1 unnamed protein product [Peronospora destructor]
Pcub-SC1982_071_000049.1	CAQ55981.1	31.1	222	323	335	1.98e-16	83.6	62.8	100861	Oomycota	Aphanomyces	Aphanomyces euteiches	CAQ55981.1 polyprenyl synthetase, partial [Aphanomyces euteiches]
Pcub-SC1982_071_000049.1	KAG1692466.1	31.4	223	323	425	2.04e-16	84.3	62.8	4784	Oomycota	Phytophthora	Phytophthora capsici	KAG1692466.1 hypothetical protein DVH05_025431 [Phytophthora capsici]
Pcub-SC1982_071_000049.1	KAG1689503.1	31.4	223	323	425	2.04e-16	84.3	62.8	4784	Oomycota	Phytophthora	Phytophthora capsici	KAG1689503.1 hypothetical protein DVH05_002172 [Phytophthora capsici]
Pcub-SC1982_071_000049.1	KAE8913201.1	31.8	223	323	436	2.15e-16	84.3	62.8	53985	Oomycota	Phytophthora	Phytophthora fragariae	KAE8913201.1 hypothetical protein PF003_g2792 [Phytophthora fragariae]
Pcub-SC1982_071_000049.1	KAE9334099.1	31.8	223	323	436	2.15e-16	84.3	62.8	53985	Oomycota	Phytophthora	Phytophthora fragariae	KAE9334099.1 hypothetical protein PF008_g14133 [Phytophthora fragariae]
Pcub-SC1982_071_000049.1	XP_002895983.1	32.4	225	323	436	2.15e-16	84.3	62.8	4787;403677	Oomycota	Phytophthora	Phytophthora infestans	XP_002895983.1 uncharacterized protein PITG_20043 [Phytophthora infestans T30-4]
Pcub-SC1982_071_000049.1	KAE9044783.1	31.8	223	323	436	2.15e-16	84.3	62.8	129364	Oomycota	Phytophthora	Phytophthora rubi	KAE9044783.1 hypothetical protein PR002_g2603 [Phytophthora rubi]
Pcub-SC1982_071_000049.1	KAG7383853.1	31.4	223	323	436	2.15e-16	84.3	62.8	221518	Oomycota	Phytophthora	Phytophthora pseudosyringae	KAG7383853.1 Decaprenyl-diphosphate synthase subunit 1 [Phytophthora pseudosyringae]
Pcub-SC1982_071_000049.1	KAF4317172.1	31.4	223	323	437	2.91e-16	84.0	62.8	325452;1284355	Oomycota	Phytophthora	Phytophthora kernoviae	KAF4317172.1 hypothetical protein G195_008446 [Phytophthora kernoviae 00238/432]
Pcub-SC1982_071_000049.1	KAF1319918.1	31.1	228	323	438	2.93e-16	84.0	62.8	82926	Oomycota	Globisporangium	Globisporangium splendens	KAF1319918.1 Solanesyl diphosphate synthase, partial [Globisporangium splendens]
Pcub-SC1982_071_000049.1	KAI9915413.1	32.3	223	323	438	2.93e-16	84.0	62.8	230839	Oomycota	Peronosclerospora	Peronosclerospora sorghi	KAI9915413.1 hypothetical protein PsorP6_007380 [Peronosclerospora sorghi]
Pcub-SC1982_071_000049.1	RLN47588.1	31.4	223	323	445	3.01e-16	84.0	62.8	325452	Oomycota	Phytophthora	Phytophthora kernoviae	RLN47588.1 hypothetical protein BBJ29_007485, partial [Phytophthora kernoviae]
Pcub-SC1982_071_000048.1	CAI5714661.1	22.5	285	323	379	5.46e-06	52.8	87.3	86335	Oomycota	Peronospora	Peronospora destructor	CAI5714661.1 unnamed protein product [Peronospora destructor]
Pcub-SC1982_071_000048.1	CAH0490262.1	22.5	285	323	379	1.29e-05	51.6	87.3	134698	Oomycota	Peronospora	Peronospora farinosa	CAH0490262.1 unnamed protein product [Peronospora farinosa]
Pcub-SC1982_071_000048.1	RQM15829.1	22.5	285	323	379	1.29e-05	51.6	87.3	542832	Oomycota	Peronospora	Peronospora effusa	RQM15829.1 hypothetical protein DD237_003031 [Peronospora effusa]
Pcub-SC1982_071_000048.1	OWZ21795.1	21.4	285	323	353	2.16e-05	50.8	87.3	4795	Oomycota	Phytophthora	Phytophthora megakarya	OWZ21795.1 Deoxyhypusine synthase [Phytophthora megakarya]
Pcub-SC1982_071_000048.1	CAI5703421.1	22.5	285	323	379	3.06e-05	50.4	87.3	542832	Oomycota	Peronospora	Peronospora effusa	CAI5703421.1 unnamed protein product [Peronospora effusa]
Pcub-SC1982_071_000048.1	UIZ23135.1	22.5	285	323	379	3.06e-05	50.4	87.3	542832	Oomycota	Peronospora	Peronospora effusa	UIZ23135.1 hypothetical protein KXD40_003670 [Peronospora effusa]
Pcub-SC1982_071_000048.1	KAG7376324.1	21.1	285	323	377	4.07e-05	50.1	87.3	221518	Oomycota	Phytophthora	Phytophthora pseudosyringae	KAG7376324.1 hypothetical protein PHYPSEUDO_013728 [Phytophthora pseudosyringae]
Pcub-SC1982_071_000048.1	CAI5732955.1	22.1	285	323	379	5.44e-05	49.7	87.3	134698	Oomycota	Peronospora	Peronospora farinosa	CAI5732955.1 unnamed protein product [Peronospora farinosa]
Pcub-SC1982_071_000048.1	KAE9356280.1	22.5	285	323	381	5.46e-05	49.7	87.3	129364	Oomycota	Phytophthora	Phytophthora rubi	KAE9356280.1 putative deoxyhypusine synthase [Phytophthora rubi]
Pcub-SC1982_071_000048.1	KAG6576557.1	22.2	306	323	386	5.52e-05	49.7	93.8	4785	Oomycota	Phytophthora	Phytophthora cinnamomi	KAG6576557.1 deoxyhypusine synthase [Phytophthora cinnamomi]
Pcub-SC1982_071_000048.1	KAI9915733.1	22.0	323	323	372	7.15e-05	49.3	96.0	230839	Oomycota	Peronosclerospora	Peronosclerospora sorghi	KAI9915733.1 hypothetical protein PsorP6_007930 [Peronosclerospora sorghi]
Pcub-SC1982_071_000048.1	GMF09789.1	21.4	285	323	373	7.16e-05	49.3	87.3	2077276	Oomycota	Phytophthora	Phytophthora lilii	GMF09789.1 unnamed protein product [Phytophthora lilii]
Pcub-SC1982_071_000048.1	XP_009529344.1	22.1	285	323	384	7.32e-05	49.3	87.3	67593	Oomycota	Phytophthora	Phytophthora sojae	XP_009529344.1 hypothetical protein PHYSODRAFT_509984 [Phytophthora sojae]
Pcub-SC1982_071_000048.1	OQS05518.1	22.1	285	323	369	9.46e-05	48.9	87.3	74557	Oomycota	Thraustotheca	Thraustotheca clavata	OQS05518.1 deoxyhypusine synthase [Thraustotheca clavata]
Pcub-SC1982_071_000048.1	KAE8911675.1	22.5	285	323	381	9.69e-05	48.9	87.3	53985	Oomycota	Phytophthora	Phytophthora fragariae	KAE8911675.1 putative deoxyhypusine synthase [Phytophthora fragariae]
Pcub-SC1982_071_000048.1	KUF98238.1	21.1	285	323	378	1.28e-04	48.5	87.3	4792	Oomycota	Phytophthora	Phytophthora nicotianae	KUF98238.1 deoxyhypusine synthase [Phytophthora nicotianae]
Pcub-SC1982_071_000048.1	OWZ24532.1	21.8	285	323	379	1.29e-04	48.5	87.3	4795	Oomycota	Phytophthora	Phytophthora megakarya	OWZ24532.1 Deoxyhypusine synthase [Phytophthora megakarya]
Pcub-SC1982_071_000048.1	OQR90839.1	22.1	285	323	365	1.66e-04	48.1	87.3	1202772	Oomycota	Achlya	Achlya hypogyna	OQR90839.1 deoxyhypusine synthase [Achlya hypogyna]
Pcub-SC1982_071_000048.1	ETI52913.1	21.1	285	323	378	1.71e-04	48.1	87.3	1317065	Oomycota	Phytophthora	Phytophthora nicotianae	ETI52913.1 deoxyhypusine synthase [Phytophthora nicotianae P1569]
Pcub-SC1982_071_000048.1	CAH0518993.1	21.8	285	323	366	2.22e-04	47.8	87.3	622444	Oomycota	Peronospora	Peronospora belbahrii	CAH0518993.1 unnamed protein product [Peronospora belbahrii]
Pcub-SC1982_071_000048.1	XP_008901279.1	21.1	285	323	378	2.28e-04	47.8	87.3	4792;761204;1317063;1317066	Oomycota	Phytophthora	Phytophthora nicotianae	XP_008901279.1 deoxyhypusine synthase [Phytophthora nicotianae INRA-310]
Pcub-SC1982_071_000048.1	CAH0478306.1	21.8	285	323	378	2.28e-04	47.8	87.3	622444	Oomycota	Peronospora	Peronospora belbahrii	CAH0478306.1 unnamed protein product [Peronospora belbahrii]
Pcub-SC1982_071_000048.1	POM64106.1	21.8	285	323	379	2.28e-04	47.8	87.3	4796	Oomycota	Phytophthora	Phytophthora palmivora	POM64106.1 Deoxyhypusine synthase [Phytophthora palmivora]
Pcub-SC1982_071_000048.1	KAH7474362.1	21.1	285	323	380	2.28e-04	47.8	87.3	164328	Oomycota	Phytophthora	Phytophthora ramorum	KAH7474362.1 putative deoxyhypusine synthase [Phytophthora ramorum]
Pcub-SC1982_071_000048.1	KAE9040372.1	22.5	285	323	381	2.29e-04	47.8	87.3	129364	Oomycota	Phytophthora	Phytophthora rubi	KAE9040372.1 putative deoxyhypusine synthase [Phytophthora rubi]
Pcub-SC1982_071_000047.1	OQR98278.1	25.1	267	490	478	8.52e-12	72.4	48.8	1202772	Oomycota	Achlya	Achlya hypogyna	OQR98278.1 alpha/beta hydrolase domain-containing protein 11-like [Achlya hypogyna]
Pcub-SC1982_071_000047.1	GLE05490.1	27.4	241	490	273	2.36e-11	69.3	46.1	114742	Oomycota	Pythium	Pythium insidiosum	GLE05490.1 hypothetical protein PINS_up014513 [Pythium insidiosum]
Pcub-SC1982_071_000047.1	TMW65949.1	28.6	252	490	306	8.12e-11	68.2	46.1	41045	Oomycota	Pythium	Pythium oligandrum	TMW65949.1 hypothetical protein Poli38472_003714 [Pythium oligandrum]
Pcub-SC1982_071_000047.1	XP_008614347.1	24.3	267	490	307	1.97e-10	67.0	48.8	1156394	Oomycota	Saprolegnia	Saprolegnia diclina	XP_008614347.1 hypothetical protein SDRG_10149 [Saprolegnia diclina VS20]
Pcub-SC1982_071_000047.1	CCA17729.1	24.4	266	490	312	6.64e-10	65.5	46.3	890382	Oomycota	Albugo	Albugo laibachii	CCA17729.1 serine protease family S33 putative [Albugo laibachii Nc14]
Pcub-SC1982_071_000047.1	KAF4148351.1	25.7	257	490	315	1.63e-09	64.3	46.3	4787	Oomycota	Phytophthora	Phytophthora infestans	KAF4148351.1 Alpha/beta hydrolase family [Phytophthora infestans]
Pcub-SC1982_071_000047.1	KAF4031435.1	25.7	257	490	341	1.95e-09	64.3	46.3	4787	Oomycota	Phytophthora	Phytophthora infestans	KAF4031435.1 Alpha/beta hydrolase family [Phytophthora infestans]
Pcub-SC1982_071_000047.1	XP_012197587.1	23.6	267	490	307	2.05e-09	63.9	48.8	695850	Oomycota	Saprolegnia	Saprolegnia parasitica	XP_012197587.1 hypothetical protein SPRG_03620 [Saprolegnia parasitica CBS 223.65]
Pcub-SC1982_071_000047.1	KAH9085077.1	24.4	271	490	304	2.68e-09	63.5	48.2	100861	Oomycota	Aphanomyces	Aphanomyces euteiches	KAH9085077.1 hypothetical protein LEN26_020709 [Aphanomyces euteiches]
Pcub-SC1982_071_000047.1	KAG6604571.1	23.5	272	490	316	3.93e-09	63.2	49.0	4785	Oomycota	Phytophthora	Phytophthora cinnamomi	KAG6604571.1 putative serine protease family S33 [Phytophthora cinnamomi]
Pcub-SC1982_071_000047.1	KAI9998557.1	25.7	257	490	1296	5.31e-09	64.3	46.3	4787	Oomycota	Phytophthora	Phytophthora infestans	KAI9998557.1 hypothetical protein PInf_003106 [Phytophthora infestans]
Pcub-SC1982_071_000047.1	KAE9072689.1	29.9	167	490	329	5.74e-09	62.8	31.2	53985	Oomycota	Phytophthora	Phytophthora fragariae	KAE9072689.1 hypothetical protein PF010_g25384 [Phytophthora fragariae]
Pcub-SC1982_071_000047.1	CAI5727784.1	22.6	270	490	274	1.19e-08	61.2	48.6	86335	Oomycota	Peronospora	Peronospora destructor	CAI5727784.1 unnamed protein product [Peronospora destructor]
Pcub-SC1982_071_000047.1	KAG9406379.1	24.0	271	490	304	2.06e-08	60.8	48.2	112091	Oomycota	Aphanomyces	Aphanomyces cochlioides	KAG9406379.1 hypothetical protein AC1031_002697 [Aphanomyces cochlioides]
Pcub-SC1982_071_000047.1	KAG6974263.1	24.7	287	490	590	4.77e-08	60.8	51.4	2496075	Oomycota	Phytophthora	Phytophthora aleatoria	KAG6974263.1 hypothetical protein JG688_00003156 [Phytophthora aleatoria]
Pcub-SC1982_071_000047.1	KAE9047923.1	24.2	260	490	316	5.35e-08	59.7	46.3	129364	Oomycota	Phytophthora	Phytophthora rubi	KAE9047923.1 hypothetical protein PR002_g759 [Phytophthora rubi]
Pcub-SC1982_071_000047.1	KAG7400392.1	23.5	255	490	317	5.38e-08	59.7	46.3	109152	Oomycota	Phytophthora	Phytophthora boehmeriae	KAG7400392.1 hypothetical protein PHYBOEH_005980 [Phytophthora boehmeriae]
Pcub-SC1982_071_000047.1	DAZ96508.1	24.7	259	490	1238	6.34e-08	60.8	46.3	4803	Oomycota	Lagenidium	Lagenidium giganteum	DAZ96508.1 TPA: hypothetical protein N0F65_008059 [Lagenidium giganteum]
Pcub-SC1982_071_000047.1	KAG3246425.1	24.1	257	490	316	7.14e-08	59.3	46.3	53986	Oomycota	Phytophthora	Phytophthora idaei	KAG3246425.1 hypothetical protein PI124_g8846 [Phytophthora idaei]
Pcub-SC1982_071_000047.1	KAE8887660.1	24.2	260	490	316	9.53e-08	58.9	46.3	53985	Oomycota	Phytophthora	Phytophthora fragariae	KAE8887660.1 hypothetical protein PF003_g28259 [Phytophthora fragariae]
Pcub-SC1982_071_000047.1	KAG3163443.1	24.1	257	490	421	1.10e-07	59.3	46.3	53986	Oomycota	Phytophthora	Phytophthora idaei	KAG3163443.1 hypothetical protein PI126_g5547 [Phytophthora idaei]
Pcub-SC1982_071_000047.1	KAG3112196.1	24.1	257	490	423	1.11e-07	59.3	46.3	53986	Oomycota	Phytophthora	Phytophthora idaei	KAG3112196.1 hypothetical protein PI125_g8456 [Phytophthora idaei]
Pcub-SC1982_071_000047.1	CAI5709622.1	24.6	268	490	314	1.26e-07	58.5	48.6	162125	Oomycota	Hyaloperonospora	Hyaloperonospora brassicae	CAI5709622.1 unnamed protein product [Hyaloperonospora brassicae]
Pcub-SC1982_071_000047.1	CAI5723299.1	22.6	270	490	316	1.27e-07	58.5	48.6	542832	Oomycota	Peronospora	Peronospora effusa	CAI5723299.1 unnamed protein product [Peronospora effusa]
Pcub-SC1982_071_000047.1	KAG3013399.1	24.1	257	490	316	1.70e-07	58.2	46.3	29920	Oomycota	Phytophthora	Phytophthora cactorum	KAG3013399.1 hypothetical protein PC120_g13307 [Phytophthora cactorum]
Pcub-SC1982_071_000024.1	CAI5744247.1	32.9	216	599	585	4.81e-23	108	35.1	86335	Oomycota	Peronospora	Peronospora destructor	CAI5744247.1 unnamed protein product [Peronospora destructor]
Pcub-SC1982_071_000024.1	KAG7400752.1	31.0	216	599	584	1.51e-22	107	35.1	109152	Oomycota	Phytophthora	Phytophthora boehmeriae	KAG7400752.1 hypothetical protein PHYBOEH_004558 [Phytophthora boehmeriae]
Pcub-SC1982_071_000024.1	OWZ16893.1	31.9	216	599	573	3.40e-22	105	35.1	4795	Oomycota	Phytophthora	Phytophthora megakarya	OWZ16893.1 NAD kinase [Phytophthora megakarya]
Pcub-SC1982_071_000024.1	CAH0515495.1	32.5	209	599	527	3.61e-22	105	33.9	622444	Oomycota	Peronospora	Peronospora belbahrii	CAH0515495.1 unnamed protein product [Peronospora belbahrii]
Pcub-SC1982_071_000024.1	CAH0475588.1	32.5	209	599	527	3.61e-22	105	33.9	622444	Oomycota	Peronospora	Peronospora belbahrii	CAH0475588.1 unnamed protein product [Peronospora belbahrii]
Pcub-SC1982_071_000024.1	CAI5743525.1	33.5	179	599	508	4.30e-22	105	29.4	162125	Oomycota	Hyaloperonospora	Hyaloperonospora brassicae	CAI5743525.1 unnamed protein product [Hyaloperonospora brassicae]
Pcub-SC1982_071_000024.1	KAG1711522.1	32.2	208	599	587	2.00e-21	103	33.7	4784	Oomycota	Phytophthora	Phytophthora capsici	KAG1711522.1 hypothetical protein DVH05_008775 [Phytophthora capsici]
Pcub-SC1982_071_000024.1	KAI9912250.1	32.5	209	599	611	2.17e-21	103	33.9	230839	Oomycota	Peronosclerospora	Peronosclerospora sorghi	KAI9912250.1 hypothetical protein PsorP6_009335 [Peronosclerospora sorghi]
Pcub-SC1982_071_000024.1	CAH0484807.1	31.7	208	599	583	4.63e-21	102	33.7	134698	Oomycota	Peronospora	Peronospora farinosa	CAH0484807.1 unnamed protein product [Peronospora farinosa]
Pcub-SC1982_071_000024.1	RMX67996.1	31.7	208	599	583	4.63e-21	102	33.7	542832	Oomycota	Peronospora	Peronospora effusa	RMX67996.1 hypothetical protein DD238_000097 [Peronospora effusa]
Pcub-SC1982_071_000024.1	CAI5707021.1	31.7	208	599	583	4.63e-21	102	33.7	134698	Oomycota	Peronospora	Peronospora farinosa	CAI5707021.1 unnamed protein product [Peronospora farinosa]
Pcub-SC1982_071_000024.1	KAG7388919.1	31.3	208	599	589	4.73e-21	102	33.7	221518	Oomycota	Phytophthora	Phytophthora pseudosyringae	KAG7388919.1 hypothetical protein PHYPSEUDO_011566 [Phytophthora pseudosyringae]
Pcub-SC1982_071_000024.1	KAF4323236.1	32.5	206	599	538	6.80e-21	101	33.4	1284355	Oomycota	Phytophthora	Phytophthora kernoviae	KAF4323236.1 hypothetical protein G195_003756 [Phytophthora kernoviae 00238/432]
Pcub-SC1982_071_000024.1	KAG2528943.1	32.5	206	599	544	6.99e-21	101	33.4	325452	Oomycota	Phytophthora	Phytophthora kernoviae	KAG2528943.1 hypothetical protein JM16_000979 [Phytophthora kernoviae]
Pcub-SC1982_071_000024.1	KAG3117142.1	30.0	217	599	584	8.22e-21	101	35.2	53986	Oomycota	Phytophthora	Phytophthora idaei	KAG3117142.1 hypothetical protein PI125_g4050 [Phytophthora idaei]
Pcub-SC1982_071_000024.1	KAG2785810.1	30.0	217	599	584	8.22e-21	101	35.2	29920	Oomycota	Phytophthora	Phytophthora cactorum	KAG2785810.1 hypothetical protein Pcac1_g4691 [Phytophthora cactorum]
Pcub-SC1982_071_000024.1	KAK1947412.1	31.7	208	599	589	8.37e-21	101	33.7	4793	Oomycota	Phytophthora	Phytophthora citrophthora	KAK1947412.1 putative NAD kinase 3 [Phytophthora citrophthora]
Pcub-SC1982_071_000024.1	XP_002907643.1	31.7	208	599	584	1.09e-20	101	33.7	4787;403677	Oomycota	Phytophthora	Phytophthora infestans	XP_002907643.1 NAD kinase, putative [Phytophthora infestans T30-4]
Pcub-SC1982_071_000024.1	CCA23208.1	33.3	231	599	549	1.27e-20	100	36.7	890382	Oomycota	Albugo	Albugo laibachii	CCA23208.1 NAD kinase putative [Albugo laibachii Nc14]
Pcub-SC1982_071_000024.1	GMF09374.1	32.3	186	599	591	1.49e-20	100	30.6	2077276	Oomycota	Phytophthora	Phytophthora lilii	GMF09374.1 unnamed protein product [Phytophthora lilii]
Pcub-SC1982_071_000024.1	RLN98688.1	32.5	206	599	566	1.81e-20	100	33.4	2483409	Oomycota	Nothophytophthora	Nothophytophthora sp. Chile5	RLN98688.1 hypothetical protein BBJ28_00016231 [Nothophytophthora sp. Chile5]
Pcub-SC1982_071_000024.1	RLN26468.1	32.5	206	599	567	1.82e-20	100	33.4	2483409	Oomycota	Nothophytophthora	Nothophytophthora sp. Chile5	RLN26468.1 hypothetical protein BBJ28_00012866 [Nothophytophthora sp. Chile5]
Pcub-SC1982_071_000024.1	XP_008897319.1	32.2	208	599	583	1.92e-20	100	33.7	4792;761204;1317065	Oomycota	Phytophthora	Phytophthora nicotianae	XP_008897319.1 hypothetical protein PPTG_05508 [Phytophthora nicotianae INRA-310]
Pcub-SC1982_071_000024.1	ETO62733.1	32.2	208	599	583	1.92e-20	100	33.7	1317066	Oomycota	Phytophthora	Phytophthora nicotianae	ETO62733.1 hypothetical protein F444_19383 [Phytophthora nicotianae P1976]
Pcub-SC1982_071_000024.1	ETP03827.1	32.2	208	599	583	1.92e-20	100	33.7	1317063	Oomycota	Phytophthora	Phytophthora nicotianae	ETP03827.1 hypothetical protein F441_19249 [Phytophthora nicotianae CJ01A1]
Pcub-SC1982_071_000025.1	WP_056316763.1	45.3	234	1388	254	2.27e-62	218	16.9	222;82926;85698;1736480;1915388	Pseudomonadota;Oomycota	Achromobacter;Globisporangium	Globisporangium splendens;Achromobacter xylosoxidans;Achromobacter sp. Root170;Achromobacter sp. KAs 3-5	WP_056316763.1 MULTISPECIES: polyprenyl diphosphate synthase [Achromobacter]
Pcub-SC1982_071_000025.1	TDH67847.1	40.0	275	1388	345	4.15e-52	192	19.6	4779	Oomycota	Bremia	Bremia lactucae	TDH67847.1 hypothetical protein CCR75_006729 [Bremia lactucae]
Pcub-SC1982_071_000025.1	KAF4324357.1	40.9	259	1388	338	7.34e-51	188	17.9	325452;1284355	Oomycota	Phytophthora	Phytophthora kernoviae	KAF4324357.1 hypothetical protein G195_001157 [Phytophthora kernoviae 00238/432]
Pcub-SC1982_071_000025.1	RLN46238.1	40.5	259	1388	338	9.97e-51	187	17.9	325452	Oomycota	Phytophthora	Phytophthora kernoviae	RLN46238.1 hypothetical protein BBJ29_006607 [Phytophthora kernoviae]
Pcub-SC1982_071_000025.1	KAE8881050.1	42.4	236	1388	347	1.73e-50	187	16.9	53985;129364	Oomycota	Phytophthora	Phytophthora fragariae;Phytophthora rubi	KAE8881050.1 hypothetical protein PF003_g34981 [Phytophthora fragariae]
Pcub-SC1982_071_000025.1	CCA23970.1	42.1	235	1388	353	2.75e-50	187	16.6	890382	Oomycota	Albugo	Albugo laibachii	CCA23970.1 undecaprenyl pyrophosphate synthetase putative [Albugo laibachii Nc14]
Pcub-SC1982_071_000025.1	KAH7479988.1	41.6	231	1388	344	3.99e-50	186	16.6	164328	Oomycota	Phytophthora	Phytophthora ramorum	KAH7479988.1 Tritrans,polycis-undecaprenyl-diphosphate synthase (geranylgeranyl-diphosphate specific) [Phytophthora ramorum]
Pcub-SC1982_071_000025.1	KAG7399991.1	41.8	237	1388	373	8.57e-50	186	17.0	109152	Oomycota	Phytophthora	Phytophthora boehmeriae	KAG7399991.1 hypothetical protein PHYBOEH_007332 [Phytophthora boehmeriae]
Pcub-SC1982_071_000025.1	KAG1694995.1	41.1	236	1388	350	8.65e-50	185	16.9	4784	Oomycota	Phytophthora	Phytophthora capsici	KAG1694995.1 hypothetical protein DVH05_020925 [Phytophthora capsici]
Pcub-SC1982_071_000025.1	KAF0738377.1	42.4	238	1388	319	9.34e-50	184	17.0	100861	Oomycota	Aphanomyces	Aphanomyces euteiches	KAF0738377.1 hypothetical protein Ae201684_005813 [Aphanomyces euteiches]
Pcub-SC1982_071_000025.1	CAH0489024.1	42.4	231	1388	350	2.17e-49	184	16.6	134698	Oomycota	Peronospora	Peronospora farinosa	CAH0489024.1 unnamed protein product [Peronospora farinosa]
Pcub-SC1982_071_000025.1	CAI5734450.1	42.4	231	1388	350	2.17e-49	184	16.6	86335	Oomycota	Peronospora	Peronospora destructor	CAI5734450.1 unnamed protein product [Peronospora destructor]
Pcub-SC1982_071_000025.1	KAG6577899.1	41.6	231	1388	251	2.84e-49	180	16.6	4785	Oomycota	Phytophthora	Phytophthora cinnamomi	KAG6577899.1 di-trans,poly-cis-decaprenylcistransferase [Phytophthora cinnamomi]
Pcub-SC1982_071_000025.1	CAI5725101.1	42.4	231	1388	350	2.94e-49	184	16.6	542832	Oomycota	Peronospora	Peronospora effusa	CAI5725101.1 unnamed protein product [Peronospora effusa]
Pcub-SC1982_071_000025.1	OQR81396.1	41.9	234	1388	314	5.12e-49	182	16.5	74557	Oomycota	Thraustotheca	Thraustotheca clavata	OQR81396.1 undecaprenyl pyrophosphate synthetase [Thraustotheca clavata]
Pcub-SC1982_071_000025.1	ETM37881.1	40.9	237	1388	349	5.28e-49	183	17.0	4792	Oomycota	Phytophthora	Phytophthora nicotianae	ETM37881.1 di-trans,poly-cis-decaprenylcistransferase [Phytophthora nicotianae]
Pcub-SC1982_071_000025.1	KAE9141109.1	41.9	234	1388	351	5.57e-49	183	16.8	53985	Oomycota	Phytophthora	Phytophthora fragariae	KAE9141109.1 hypothetical protein PF006_g13356 [Phytophthora fragariae]
Pcub-SC1982_071_000025.1	KAH9086330.1	42.0	238	1388	315	7.16e-49	181	17.0	100861	Oomycota	Aphanomyces	Aphanomyces euteiches	KAH9086330.1 hypothetical protein LEN26_020222 [Aphanomyces euteiches]
Pcub-SC1982_071_000025.1	ETO66606.1	40.9	237	1388	349	7.17e-49	182	17.0	1317066	Oomycota	Phytophthora	Phytophthora nicotianae	ETO66606.1 di-trans,poly-cis-decaprenylcistransferase [Phytophthora nicotianae P1976]
Pcub-SC1982_071_000025.1	XP_008911411.1	40.9	237	1388	349	7.17e-49	182	17.0	761204	Oomycota	Phytophthora	Phytophthora nicotianae	XP_008911411.1 di-trans,poly-cis-decaprenylcistransferase [Phytophthora nicotianae INRA-310]
Pcub-SC1982_071_000025.1	ETI37838.1	40.9	237	1388	349	7.17e-49	182	17.0	1317065	Oomycota	Phytophthora	Phytophthora nicotianae	ETI37838.1 di-trans,poly-cis-decaprenylcistransferase [Phytophthora nicotianae P1569]
Pcub-SC1982_071_000025.1	KAK1929965.1	41.9	236	1388	602	7.34e-49	189	16.9	4793	Oomycota	Phytophthora	Phytophthora citrophthora	KAK1929965.1 Tritrans [Phytophthora citrophthora]
Pcub-SC1982_071_000025.1	KAH9116825.1	42.0	238	1388	319	8.00e-49	181	17.0	100861	Oomycota	Aphanomyces	Aphanomyces euteiches	KAH9116825.1 hypothetical protein AeMF1_009282 [Aphanomyces euteiches]
Pcub-SC1982_071_000025.1	KUF87950.1	40.9	237	1388	349	9.74e-49	182	17.0	4792	Oomycota	Phytophthora	Phytophthora nicotianae	KUF87950.1 Tritrans [Phytophthora nicotianae]
Pcub-SC1982_071_000025.1	ETK78051.1	40.9	237	1388	349	9.74e-49	182	17.0	4792;1317063;1317064	Oomycota	Phytophthora	Phytophthora nicotianae	ETK78051.1 di-trans,poly-cis-decaprenylcistransferase [Phytophthora nicotianae]
Pcub-SC1982_071_000026.1	KAF4325346.1	32.4	244	454	238	2.76e-30	122	53.1	1284355	Oomycota	Phytophthora	Phytophthora kernoviae	KAF4325346.1 hypothetical protein G195_000953 [Phytophthora kernoviae 00238/432]
Pcub-SC1982_071_000026.1	KAF4324737.1	27.0	230	454	276	2.36e-18	89.7	50.2	1284355	Oomycota	Phytophthora	Phytophthora kernoviae	KAF4324737.1 hypothetical protein G195_001925 [Phytophthora kernoviae 00238/432]
Pcub-SC1982_071_000027.1	XP_008871671.1	32.2	152	244	262	1.43e-11	67.4	61.1	157072	Oomycota	Aphanomyces	Aphanomyces invadans	XP_008871671.1 hypothetical protein H310_07927 [Aphanomyces invadans]
Pcub-SC1982_071_000027.1	KAG4222283.1	36.0	114	244	223	2.93e-10	63.2	45.5	29920	Oomycota	Phytophthora	Phytophthora cactorum	KAG4222283.1 hypothetical protein PC116_g29242 [Phytophthora cactorum]
Pcub-SC1982_071_000027.1	KAF0686835.1	30.2	149	244	261	3.25e-10	63.5	59.8	120398	Oomycota	Aphanomyces	Aphanomyces stellatus	KAF0686835.1 hypothetical protein As57867_021326 [Aphanomyces stellatus]
Pcub-SC1982_071_000027.1	XP_009835244.1	31.3	150	244	263	3.31e-10	63.5	60.2	112090	Oomycota	Aphanomyces	Aphanomyces astaci	XP_009835244.1 hypothetical protein H257_10406 [Aphanomyces astaci]
Pcub-SC1982_071_000027.1	RHY30085.1	33.1	136	244	276	1.73e-09	61.6	54.5	157072	Oomycota	Aphanomyces	Aphanomyces invadans	RHY30085.1 hypothetical protein DYB32_004634 [Aphanomyces invadans]
Pcub-SC1982_071_000027.1	OQR80876.1	28.9	159	244	274	5.84e-09	60.1	62.7	74557	Oomycota	Thraustotheca	Thraustotheca clavata	OQR80876.1 hypothetical protein THRCLA_11921 [Thraustotheca clavata]
Pcub-SC1982_071_000027.1	RHY21863.1	30.4	161	244	254	6.79e-09	59.7	64.8	112090	Oomycota	Aphanomyces	Aphanomyces astaci	RHY21863.1 hypothetical protein DYB25_002063 [Aphanomyces astaci]
Pcub-SC1982_071_000027.1	RHY11222.1	30.4	161	244	254	6.79e-09	59.7	64.8	112090	Oomycota	Aphanomyces	Aphanomyces astaci	RHY11222.1 hypothetical protein DYB36_003820 [Aphanomyces astaci]
Pcub-SC1982_071_000027.1	RHZ11359.1	31.4	140	244	237	2.01e-08	58.2	56.1	112090	Oomycota	Aphanomyces	Aphanomyces astaci	RHZ11359.1 hypothetical protein DYB31_006885, partial [Aphanomyces astaci]
Pcub-SC1982_071_000027.1	RHY73156.1	31.4	140	244	241	2.08e-08	58.2	56.1	112090	Oomycota	Aphanomyces	Aphanomyces astaci	RHY73156.1 hypothetical protein DYB38_009358 [Aphanomyces astaci]
Pcub-SC1982_071_000029.1	KAG3106634.1	38.2	296	1662	466	2.48e-48	185	17.5	29920	Oomycota	Phytophthora	Phytophthora cactorum	KAG3106634.1 hypothetical protein PC122_g310 [Phytophthora cactorum]
Pcub-SC1982_071_000029.1	KAF4323390.1	38.1	181	1662	230	8.79e-28	118	10.6	1284355	Oomycota	Phytophthora	Phytophthora kernoviae	KAF4323390.1 hypothetical protein G195_003541 [Phytophthora kernoviae 00238/432]
Pcub-SC1982_071_000029.1	KAF4324684.1	32.3	251	1662	286	2.07e-24	110	14.4	1284355	Oomycota	Phytophthora	Phytophthora kernoviae	KAF4324684.1 hypothetical protein G195_002006 [Phytophthora kernoviae 00238/432]
Pcub-SC1982_071_000029.1	KAG3106608.1	25.7	358	1662	404	1.74e-23	110	21.1	29920	Oomycota	Phytophthora	Phytophthora cactorum	KAG3106608.1 hypothetical protein PC122_g275 [Phytophthora cactorum]
Pcub-SC1982_071_000029.1	KAF4323368.1	33.8	195	1662	982	1.22e-22	111	10.6	1284355	Oomycota	Phytophthora	Phytophthora kernoviae	KAF4323368.1 hypothetical protein G195_003527 [Phytophthora kernoviae 00238/432]
Pcub-SC1982_071_000029.1	KAF4324980.1	33.9	177	1662	360	3.11e-22	105	10.6	1284355	Oomycota	Phytophthora	Phytophthora kernoviae	KAF4324980.1 hypothetical protein G195_001675 [Phytophthora kernoviae 00238/432]
Pcub-SC1982_071_000029.1	KAG3106666.1	34.8	184	1662	694	3.80e-22	108	10.8	29920	Oomycota	Phytophthora	Phytophthora cactorum	KAG3106666.1 hypothetical protein PC122_g299 [Phytophthora cactorum]
Pcub-SC1982_071_000029.1	KAG4252117.1	34.8	184	1662	701	3.88e-22	108	10.8	29920	Oomycota	Phytophthora	Phytophthora cactorum	KAG4252117.1 hypothetical protein PC116_g326 [Phytophthora cactorum]
Pcub-SC1982_071_000029.1	KAF4324650.1	30.5	210	1662	191	8.12e-22	99.8	12.6	1284355	Oomycota	Phytophthora	Phytophthora kernoviae	KAF4324650.1 hypothetical protein G195_002011 [Phytophthora kernoviae 00238/432]
Pcub-SC1982_071_000029.1	KAF4325417.1	32.8	180	1662	224	3.99e-20	95.9	10.6	1284355	Oomycota	Phytophthora	Phytophthora kernoviae	KAF4325417.1 hypothetical protein G195_000889 [Phytophthora kernoviae 00238/432]
Pcub-SC1982_071_000029.1	KAG2870437.1	38.8	152	1662	193	1.01e-18	90.9	9.1	29920	Oomycota	Phytophthora	Phytophthora cactorum	KAG2870437.1 hypothetical protein PC115_g25125 [Phytophthora cactorum]
Pcub-SC1982_071_000029.1	KAJ0411128.1	26.9	383	1662	465	8.94e-17	90.5	19.0	114742	Oomycota	Pythium	Pythium insidiosum	KAJ0411128.1 hypothetical protein ATCC90586_004985 [Pythium insidiosum]
Pcub-SC1982_071_000029.1	KAF4323898.1	30.9	181	1662	994	5.07e-16	89.7	10.2	1284355	Oomycota	Phytophthora	Phytophthora kernoviae	KAF4323898.1 hypothetical protein G195_001825 [Phytophthora kernoviae 00238/432]
Pcub-SC1982_071_000029.1	KAJ0407059.1	25.2	325	1662	740	4.14e-14	83.2	16.1	114742	Oomycota	Pythium	Pythium insidiosum	KAJ0407059.1 hypothetical protein P43SY_005332 [Pythium insidiosum]
Pcub-SC1982_071_000029.1	DAZ95609.1	26.9	271	1662	439	5.21e-14	81.6	14.2	4803	Oomycota	Lagenidium	Lagenidium giganteum	DAZ95609.1 TPA: hypothetical protein N0F65_000092 [Lagenidium giganteum]
Pcub-SC1982_071_000029.1	KAF4324088.1	28.5	172	1662	201	1.03e-13	76.6	10.3	1284355	Oomycota	Phytophthora	Phytophthora kernoviae	KAF4324088.1 hypothetical protein G195_002642 [Phytophthora kernoviae 00238/432]
Pcub-SC1982_071_000029.1	WP_094936791.1	31.1	177	1662	199	4.53e-13	74.7	10.6	29920;44249;484184	Bacillota;Oomycota	Phytophthora;Paenibacillus	Phytophthora cactorum;Paenibacillus taichungensis	WP_094936791.1 MULTISPECIES: response regulator transcription factor [Paenibacillus]
Pcub-SC1982_071_000029.1	TMW67441.1	26.1	310	1662	485	4.78e-13	79.0	15.3	41045	Oomycota	Pythium	Pythium oligandrum	TMW67441.1 hypothetical protein Poli38472_011061 [Pythium oligandrum]
Pcub-SC1982_071_000029.1	WP_052259307.1	29.2	168	1662	200	1.16e-12	73.6	9.9	549;134698	Pseudomonadota;Oomycota	Pantoea;Peronospora	Pantoea agglomerans;Peronospora farinosa	WP_052259307.1 two-component system response regulator NarL [Pantoea agglomerans]
Pcub-SC1982_071_000029.1	KAG2869834.1	28.1	139	1662	154	4.70e-12	70.5	7.8	29920	Oomycota	Phytophthora	Phytophthora cactorum	KAG2869834.1 hypothetical protein PC115_g25310 [Phytophthora cactorum]
Pcub-SC1982_071_000029.1	KAF4324646.1	33.6	137	1662	1347	9.96e-12	75.9	8.1	1284355	Oomycota	Phytophthora	Phytophthora kernoviae	KAF4324646.1 hypothetical protein G195_001990 [Phytophthora kernoviae 00238/432]
Pcub-SC1982_071_000029.1	KAJ0390461.1	27.0	204	1662	295	1.90e-11	72.0	10.2	114742	Oomycota	Pythium	Pythium insidiosum	KAJ0390461.1 hypothetical protein ATCC90586_010417 [Pythium insidiosum]
Pcub-SC1982_071_000029.1	KAJ0389154.1	36.9	122	1662	152	3.87e-11	67.8	6.2	114742	Oomycota	Pythium	Pythium insidiosum	KAJ0389154.1 hypothetical protein ATCC90586_010330 [Pythium insidiosum]
Pcub-SC1982_071_000029.1	KAF4323920.1	38.3	94	1662	575	3.99e-11	73.2	5.7	1284355	Oomycota	Phytophthora	Phytophthora kernoviae	KAF4323920.1 hypothetical protein G195_001885 [Phytophthora kernoviae 00238/432]
Pcub-SC1982_071_000029.1	KAF4325672.1	31.5	162	1662	209	7.23e-11	68.6	9.7	1284355	Oomycota	Phytophthora	Phytophthora kernoviae	KAF4325672.1 hypothetical protein G195_000737 [Phytophthora kernoviae 00238/432]
Pcub-SC1982_071_000032.1	KAF0690612.1	26.3	198	563	361	3.29e-05	51.6	33.6	120398	Oomycota	Aphanomyces	Aphanomyces stellatus	KAF0690612.1 hypothetical protein As57867_017952 [Aphanomyces stellatus]
Pcub-SC1982_071_000032.1	GMF65893.1	24.6	309	563	1036	9.94e-05	50.8	43.9	2077276	Oomycota	Phytophthora	Phytophthora lilii	GMF65893.1 unnamed protein product [Phytophthora lilii]
Pcub-SC1982_071_000032.1	RHY90421.1	29.2	195	563	390	1.45e-04	49.7	31.1	112090	Oomycota	Aphanomyces	Aphanomyces astaci	RHY90421.1 hypothetical protein DYB35_004041 [Aphanomyces astaci]
Pcub-SC1982_071_000032.1	KAG6615126.1	24.7	308	563	774	2.10e-04	49.7	43.9	4785	Oomycota	Phytophthora	Phytophthora cinnamomi	KAG6615126.1 putative glutamate carboxypeptidase [Phytophthora cinnamomi]
Pcub-SC1982_071_000032.1	RLN36638.1	23.1	308	563	1457	3.16e-04	49.3	43.9	325452	Oomycota	Phytophthora	Phytophthora kernoviae	RLN36638.1 hypothetical protein BBI17_002654 [Phytophthora kernoviae]
Pcub-SC1982_071_000032.1	RLN82724.1	23.1	308	563	2234	3.32e-04	49.3	43.9	325452	Oomycota	Phytophthora	Phytophthora kernoviae	RLN82724.1 hypothetical protein BBO99_00002708 [Phytophthora kernoviae]
Pcub-SC1982_071_000032.1	KAF4316924.1	23.1	308	563	2234	3.32e-04	49.3	43.9	325452;1284355	Oomycota	Phytophthora	Phytophthora kernoviae	KAF4316924.1 hypothetical protein G195_009667 [Phytophthora kernoviae 00238/432]
Pcub-SC1982_071_000032.1	KAG2527965.1	23.1	308	563	2234	3.32e-04	49.3	43.9	325452	Oomycota	Phytophthora	Phytophthora kernoviae	KAG2527965.1 hypothetical protein JM16_002433 [Phytophthora kernoviae]
Pcub-SC1982_071_000032.1	RQM25834.1	29.1	196	563	404	3.47e-04	48.5	31.1	112090	Oomycota	Aphanomyces	Aphanomyces astaci	RQM25834.1 hypothetical protein B5M09_013737, partial [Aphanomyces astaci]
Pcub-SC1982_071_000032.1	RLN64858.1	22.1	308	563	1457	4.16e-04	48.9	43.9	325452	Oomycota	Phytophthora	Phytophthora kernoviae	RLN64858.1 hypothetical protein BBP00_00003209 [Phytophthora kernoviae]
Pcub-SC1982_071_000032.1	RLN50034.1	22.1	308	563	1457	4.16e-04	48.9	43.9	325452	Oomycota	Phytophthora	Phytophthora kernoviae	RLN50034.1 hypothetical protein BBJ29_002763 [Phytophthora kernoviae]
Pcub-SC1982_071_000032.1	RLO12227.1	28.4	201	563	228	5.00e-04	47.0	32.9	112090	Oomycota	Aphanomyces	Aphanomyces astaci	RLO12227.1 hypothetical protein DYB28_011868, partial [Aphanomyces astaci]
Pcub-SC1982_071_000032.1	KAJ8566224.1	24.7	308	563	774	6.30e-04	48.1	43.9	4785	Oomycota	Phytophthora	Phytophthora cinnamomi	KAJ8566224.1 hypothetical protein ON010_g6899 [Phytophthora cinnamomi]
Pcub-SC1982_071_000032.1	KAF0772426.1	28.4	201	563	384	7.71e-04	47.4	32.9	112090	Oomycota	Aphanomyces	Aphanomyces astaci	KAF0772426.1 hypothetical protein AaE_002299 [Aphanomyces astaci]
Pcub-SC1982_071_000032.1	RLO03951.1	28.4	201	563	414	8.17e-04	47.4	32.9	112090	Oomycota	Aphanomyces	Aphanomyces astaci	RLO03951.1 hypothetical protein DYB28_005247, partial [Aphanomyces astaci]
Pcub-SC1982_071_000032.1	RHY24349.1	28.4	201	563	417	8.21e-04	47.4	32.9	112090	Oomycota	Aphanomyces	Aphanomyces astaci	RHY24349.1 hypothetical protein DYB36_008294 [Aphanomyces astaci]
Pcub-SC1982_071_000032.1	KUF86089.1	22.6	310	563	774	8.30e-04	47.8	43.9	4792	Oomycota	Phytophthora	Phytophthora nicotianae	KUF86089.1 N-acetylated-alpha-linked acidic dipeptidase protein [Phytophthora nicotianae]
Pcub-SC1982_071_000032.1	ETO83711.1	22.6	310	563	774	8.30e-04	47.8	43.9	1317066	Oomycota	Phytophthora	Phytophthora nicotianae	ETO83711.1 hypothetical protein F444_02308 [Phytophthora nicotianae P1976]
Pcub-SC1982_071_000032.1	ETP24770.1	22.6	310	563	784	8.33e-04	47.8	43.9	1317063	Oomycota	Phytophthora	Phytophthora nicotianae	ETP24770.1 hypothetical protein F441_02284, partial [Phytophthora nicotianae CJ01A1]
Pcub-SC1982_071_000032.1	ETM54471.1	22.6	310	563	784	8.33e-04	47.8	43.9	4792	Oomycota	Phytophthora	Phytophthora nicotianae	ETM54471.1 hypothetical protein L914_02198, partial [Phytophthora nicotianae]
Pcub-SC1982_071_000046.1	TMW68937.1	31.0	174	472	799	9.70e-09	63.2	34.1	41045	Oomycota	Pythium	Pythium oligandrum	TMW68937.1 hypothetical protein Poli38472_001093 [Pythium oligandrum]
Pcub-SC1982_071_000046.1	DBA03161.1	27.4	186	472	767	1.17e-07	59.7	36.0	4803	Oomycota	Lagenidium	Lagenidium giganteum	DBA03161.1 TPA: hypothetical protein N0F65_003881 [Lagenidium giganteum]
Pcub-SC1982_071_000046.1	TMW68936.1	29.2	212	472	781	1.18e-07	59.7	41.3	41045	Oomycota	Pythium	Pythium oligandrum	TMW68936.1 hypothetical protein Poli38472_001092 [Pythium oligandrum]
Pcub-SC1982_071_000046.1	RLN44327.1	40.0	100	472	401	1.72e-07	58.5	20.3	2483409	Oomycota	Nothophytophthora	Nothophytophthora sp. Chile5	RLN44327.1 hypothetical protein BBJ28_00025050 [Nothophytophthora sp. Chile5]
Pcub-SC1982_071_000046.1	RLN48536.1	40.0	100	472	401	1.72e-07	58.5	20.3	2483409	Oomycota	Nothophytophthora	Nothophytophthora sp. Chile5	RLN48536.1 hypothetical protein BBJ28_00025054 [Nothophytophthora sp. Chile5]
Pcub-SC1982_071_000046.1	KAG6615130.1	28.3	219	472	784	2.06e-07	58.9	39.2	4785	Oomycota	Phytophthora	Phytophthora cinnamomi	KAG6615130.1 Glutamate carboxypeptidase [Phytophthora cinnamomi]
Pcub-SC1982_071_000046.1	KAJ8548610.1	28.3	219	472	790	2.72e-07	58.5	39.2	4785	Oomycota	Phytophthora	Phytophthora cinnamomi	KAJ8548610.1 hypothetical protein ON010_g11063 [Phytophthora cinnamomi]
Pcub-SC1982_071_000046.1	POM64220.1	37.6	101	472	756	6.16e-07	57.4	20.6	4796	Oomycota	Phytophthora	Phytophthora palmivora	POM64220.1 Glutamate carboxypeptidase [Phytophthora palmivora]
Pcub-SC1982_071_000046.1	POM58344.1	37.6	101	472	780	6.23e-07	57.4	20.6	4796	Oomycota	Phytophthora	Phytophthora palmivora	POM58344.1 Glutamate carboxypeptidase [Phytophthora palmivora]
Pcub-SC1982_071_000046.1	KAG3120657.1	37.6	101	472	787	8.25e-07	57.0	20.6	53986	Oomycota	Phytophthora	Phytophthora idaei	KAG3120657.1 putative glutamate carboxypeptidase [Phytophthora idaei]
Pcub-SC1982_071_000046.1	KAG6977252.1	37.6	101	472	787	8.25e-07	57.0	20.6	2496075	Oomycota	Phytophthora	Phytophthora aleatoria	KAG6977252.1 hypothetical protein JG688_00000521 [Phytophthora aleatoria]
Pcub-SC1982_071_000046.1	KUF76958.1	36.6	101	472	767	1.42e-06	56.2	20.6	4792	Oomycota	Phytophthora	Phytophthora nicotianae	KUF76958.1 N-acetylated-alpha-linked acidic dipeptidase 2 [Phytophthora nicotianae]
Pcub-SC1982_071_000046.1	XP_008904622.1	36.6	101	472	776	1.43e-06	56.2	20.6	761204	Oomycota	Phytophthora	Phytophthora nicotianae	XP_008904622.1 hypothetical protein PPTG_10884 [Phytophthora nicotianae INRA-310]
Pcub-SC1982_071_000046.1	ETP45800.1	36.6	101	472	776	1.43e-06	56.2	20.6	1317064	Oomycota	Phytophthora	Phytophthora nicotianae	ETP45800.1 hypothetical protein F442_07842 [Phytophthora nicotianae P10297]
Pcub-SC1982_071_000046.1	ETI47990.1	36.6	101	472	776	1.43e-06	56.2	20.6	4792;1317065	Oomycota	Phytophthora	Phytophthora nicotianae	ETI47990.1 hypothetical protein F443_07902 [Phytophthora nicotianae P1569]
Pcub-SC1982_071_000046.1	ETO76686.1	36.6	101	472	776	1.43e-06	56.2	20.6	1317066	Oomycota	Phytophthora	Phytophthora nicotianae	ETO76686.1 hypothetical protein F444_07952 [Phytophthora nicotianae P1976]
Pcub-SC1982_071_000046.1	ETK87910.1	36.6	101	472	776	1.43e-06	56.2	20.6	4792;1317063	Oomycota	Phytophthora	Phytophthora nicotianae	ETK87910.1 hypothetical protein L915_07736 [Phytophthora nicotianae]
Pcub-SC1982_071_000046.1	ETM47704.1	36.6	101	472	776	1.43e-06	56.2	20.6	4792	Oomycota	Phytophthora	Phytophthora nicotianae	ETM47704.1 hypothetical protein L914_07630 [Phytophthora nicotianae]
Pcub-SC1982_071_000046.1	KAG2769534.1	41.7	84	472	787	1.44e-06	56.2	17.2	29920	Oomycota	Phytophthora	Phytophthora cactorum	KAG2769534.1 putative glutamate carboxypeptidase [Phytophthora cactorum]
Pcub-SC1982_071_000046.1	KAG3035823.1	41.7	84	472	787	1.44e-06	56.2	17.2	29920	Oomycota	Phytophthora	Phytophthora cactorum	KAG3035823.1 putative glutamate carboxypeptidase [Phytophthora cactorum]
Pcub-SC1982_071_000046.1	KAG3195560.1	41.7	84	472	787	1.44e-06	56.2	17.2	29920	Oomycota	Phytophthora	Phytophthora cactorum	KAG3195560.1 putative glutamate carboxypeptidase [Phytophthora cactorum]
Pcub-SC1982_071_000046.1	KAF1775592.1	41.7	84	472	884	1.49e-06	56.2	17.2	29920	Oomycota	Phytophthora	Phytophthora cactorum	KAF1775592.1 Glutamate carboxypeptidase-like protein [Phytophthora cactorum]
Pcub-SC1982_071_000046.1	OQR94289.1	27.9	179	472	631	1.73e-06	55.8	36.9	1202772	Oomycota	Achlya	Achlya hypogyna	OQR94289.1 hypothetical protein ACHHYP_01565 [Achlya hypogyna]
Pcub-SC1982_071_000046.1	KAE9308088.1	40.5	84	472	445	1.83e-06	55.5	17.2	53985	Oomycota	Phytophthora	Phytophthora fragariae	KAE9308088.1 hypothetical protein PF008_g21060, partial [Phytophthora fragariae]
Pcub-SC1982_071_000046.1	KAG6615037.1	39.0	100	472	762	1.88e-06	55.8	20.3	4785	Oomycota	Phytophthora	Phytophthora cinnamomi	KAG6615037.1 Glutamate carboxypeptidase [Phytophthora cinnamomi]
Pcub-SC1982_071_000043.1	WP_133846927.1	49.2	197	640	227	2.93e-52	184	30.8	134698;1903409;2708060;2708061	Pseudomonadota;Oomycota	Pantoea;Peronospora	Peronospora farinosa;Pantoea sp. EKM21T;Pantoea sp. EKM22T	WP_133846927.1 MULTISPECIES: copper/silver response regulator transcription factor [Erwiniaceae]
Pcub-SC1982_071_000043.1	KAF4324570.1	24.4	660	640	586	1.61e-51	192	99.1	1284355	Oomycota	Phytophthora	Phytophthora kernoviae	KAF4324570.1 hypothetical protein G195_002029 [Phytophthora kernoviae 00238/432]
Pcub-SC1982_071_000043.1	KAF4324726.1	26.1	652	640	616	1.50e-45	176	96.3	1284355	Oomycota	Phytophthora	Phytophthora kernoviae	KAF4324726.1 hypothetical protein G195_001900 [Phytophthora kernoviae 00238/432]
Pcub-SC1982_071_000043.1	KAF4325469.1	42.9	196	640	542	5.10e-43	167	30.6	1284355	Oomycota	Phytophthora	Phytophthora kernoviae	KAF4325469.1 hypothetical protein G195_000890 [Phytophthora kernoviae 00238/432]
Pcub-SC1982_071_000043.1	WP_024634004.1	38.8	201	640	232	2.86e-35	137	31.3	44249;1284355;1395586;1395587;1705561;1945581	Bacteroidota;Bacillota;Oomycota	Phytophthora;Paenibacillus;Chryseobacterium	Phytophthora kernoviae;Paenibacillus sp. MAEPY1;Paenibacillus sp. MAEPY2;Paenibacillus xylanivorans;Chryseobacterium mucoviscidosis	WP_024634004.1 MULTISPECIES: response regulator transcription factor [Paenibacillus]
Pcub-SC1982_071_000043.1	CAH0492082.1	30.1	309	640	450	1.85e-34	141	47.7	134698	Oomycota	Peronospora	Peronospora farinosa	CAH0492082.1 unnamed protein product [Peronospora farinosa]
Pcub-SC1982_071_000043.1	KAF4326317.1	40.1	192	640	233	1.81e-33	132	29.8	1284355	Oomycota	Phytophthora	Phytophthora kernoviae	KAF4326317.1 hypothetical protein G195_000168 [Phytophthora kernoviae 00238/432]
Pcub-SC1982_071_000043.1	KAF4325228.1	39.0	182	640	216	3.69e-32	128	28.1	1284355	Oomycota	Phytophthora	Phytophthora kernoviae	KAF4325228.1 hypothetical protein G195_001260 [Phytophthora kernoviae 00238/432]
Pcub-SC1982_071_000043.1	KAG2858755.1	38.5	179	640	202	1.22e-31	126	27.7	29920	Oomycota	Phytophthora	Phytophthora cactorum	KAG2858755.1 hypothetical protein PC115_g25775, partial [Phytophthora cactorum]
Pcub-SC1982_071_000043.1	WP_079344304.1	36.0	197	640	227	3.27e-31	126	30.8	44249;1284355;1945581	Bacteroidota;Bacillota;Oomycota	Phytophthora;Paenibacillus;Chryseobacterium	Phytophthora kernoviae;Chryseobacterium mucoviscidosis	WP_079344304.1 MULTISPECIES: response regulator transcription factor [Paenibacillus]
Pcub-SC1982_071_000043.1	KAF4326247.1	34.2	202	640	232	3.72e-31	126	31.3	1284355	Oomycota	Phytophthora	Phytophthora kernoviae	KAF4326247.1 hypothetical protein G195_000336 [Phytophthora kernoviae 00238/432]
Pcub-SC1982_071_000043.1	KAF4324984.1	35.9	184	640	220	3.34e-30	123	28.8	1284355	Oomycota	Phytophthora	Phytophthora kernoviae	KAF4324984.1 hypothetical protein G195_001671 [Phytophthora kernoviae 00238/432]
Pcub-SC1982_071_000043.1	KAF4326227.1	34.5	200	640	225	9.73e-30	122	31.3	1284355	Oomycota	Phytophthora	Phytophthora kernoviae	KAF4326227.1 hypothetical protein G195_000370 [Phytophthora kernoviae 00238/432]
Pcub-SC1982_071_000043.1	KAF4322468.1	37.8	193	640	361	1.20e-29	125	29.8	1284355	Oomycota	Phytophthora	Phytophthora kernoviae	KAF4322468.1 hypothetical protein G195_004605 [Phytophthora kernoviae 00238/432]
Pcub-SC1982_071_000043.1	KAF4326311.1	35.0	197	640	232	4.06e-29	120	30.8	1284355	Oomycota	Phytophthora	Phytophthora kernoviae	KAF4326311.1 hypothetical protein G195_000140 [Phytophthora kernoviae 00238/432]
Pcub-SC1982_071_000043.1	KAF4326161.1	32.0	200	640	332	4.39e-29	123	31.3	1284355	Oomycota	Phytophthora	Phytophthora kernoviae	KAF4326161.1 hypothetical protein G195_000338 [Phytophthora kernoviae 00238/432]
Pcub-SC1982_071_000043.1	KAF4324916.1	37.0	181	640	221	7.81e-29	119	28.1	1284355	Oomycota	Phytophthora	Phytophthora kernoviae	KAF4324916.1 hypothetical protein G195_001745 [Phytophthora kernoviae 00238/432]
Pcub-SC1982_071_000043.1	KAF4326272.1	33.5	197	640	228	4.43e-28	117	30.8	1284355	Oomycota	Phytophthora	Phytophthora kernoviae	KAF4326272.1 hypothetical protein G195_000109, partial [Phytophthora kernoviae 00238/432]
Pcub-SC1982_071_000043.1	KAF4325771.1	43.2	146	640	170	1.15e-27	114	22.8	1284355	Oomycota	Phytophthora	Phytophthora kernoviae	KAF4325771.1 hypothetical protein G195_000572 [Phytophthora kernoviae 00238/432]
Pcub-SC1982_071_000043.1	KAF4324785.1	35.2	199	640	530	4.01e-27	120	31.1	1284355	Oomycota	Phytophthora	Phytophthora kernoviae	KAF4324785.1 hypothetical protein G195_001094 [Phytophthora kernoviae 00238/432]
Pcub-SC1982_071_000043.1	KAF4324931.1	39.5	177	640	222	6.25e-27	114	27.3	1284355	Oomycota	Phytophthora	Phytophthora kernoviae	KAF4324931.1 hypothetical protein G195_001738 [Phytophthora kernoviae 00238/432]
Pcub-SC1982_071_000043.1	KAF4326269.1	29.3	273	640	331	4.89e-26	114	40.6	1284355	Oomycota	Phytophthora	Phytophthora kernoviae	KAF4326269.1 hypothetical protein G195_000384 [Phytophthora kernoviae 00238/432]
Pcub-SC1982_071_000043.1	KAF4325603.1	30.5	200	640	222	5.47e-26	111	31.3	1284355	Oomycota	Phytophthora	Phytophthora kernoviae	KAF4325603.1 hypothetical protein G195_000746 [Phytophthora kernoviae 00238/432]
Pcub-SC1982_071_000043.1	KAF4325456.1	40.3	159	640	974	1.88e-25	117	24.4	1284355	Oomycota	Phytophthora	Phytophthora kernoviae	KAF4325456.1 hypothetical protein G195_000930 [Phytophthora kernoviae 00238/432]
Pcub-SC1982_071_000043.1	WP_301881011.1	33.5	185	640	236	1.94e-25	110	28.9	185978;1284355	Bacillota;Oomycota	Phytophthora;Paenibacillus	Phytophthora kernoviae	WP_301881011.1 response regulator [Paenibacillus sp. 11B]
Pcub-SC1982_071_000041.1	DBA01104.1	28.8	337	381	339	1.44e-37	142	88.5	4803	Oomycota	Lagenidium	Lagenidium giganteum	DBA01104.1 TPA: hypothetical protein N0F65_001732 [Lagenidium giganteum]
Pcub-SC1982_071_000041.1	TMW64311.1	28.9	336	381	333	1.76e-37	142	88.2	41045	Oomycota	Pythium	Pythium oligandrum	TMW64311.1 hypothetical protein Poli38472_012933 [Pythium oligandrum]
Pcub-SC1982_071_000041.1	OQS05902.1	27.8	342	381	318	3.41e-37	141	88.7	74557	Oomycota	Thraustotheca	Thraustotheca clavata	OQS05902.1 hydroxymethylglutaryl-CoA lyase, mitochondrial precursor [Thraustotheca clavata]
Pcub-SC1982_071_000041.1	KAF0692971.1	28.7	324	381	318	5.00e-35	135	84.5	120398	Oomycota	Aphanomyces	Aphanomyces stellatus	KAF0692971.1 hypothetical protein As57867_015961 [Aphanomyces stellatus]
Pcub-SC1982_071_000041.1	XP_008862524.1	28.3	332	381	316	2.51e-34	133	87.1	157072	Oomycota	Aphanomyces	Aphanomyces invadans	XP_008862524.1 hypothetical protein H310_01244 [Aphanomyces invadans]
Pcub-SC1982_071_000041.1	OQR96080.1	27.5	320	381	318	3.66e-34	133	84.0	1202772	Oomycota	Achlya	Achlya hypogyna	OQR96080.1 hydroxymethylglutaryl-CoA lyase, mitochondrial precursor [Achlya hypogyna]
Pcub-SC1982_071_000041.1	KAH9126331.1	26.9	349	381	315	6.64e-34	132	91.6	100861	Oomycota	Aphanomyces	Aphanomyces euteiches	KAH9126331.1 hypothetical protein AeMF1_003246 [Aphanomyces euteiches]
Pcub-SC1982_071_000041.1	KAJ0398827.1	29.7	310	381	333	1.35e-33	132	80.6	114742	Oomycota	Pythium	Pythium insidiosum	KAJ0398827.1 hypothetical protein P43SY_004958 [Pythium insidiosum]
Pcub-SC1982_071_000041.1	KAF0738891.1	26.6	349	381	315	1.79e-33	131	91.6	100861	Oomycota	Aphanomyces	Aphanomyces euteiches	KAF0738891.1 hypothetical protein Ae201684_005500 [Aphanomyces euteiches]
Pcub-SC1982_071_000041.1	CCA26174.1	27.0	318	381	375	4.23e-33	131	83.5	890382	Oomycota	Albugo	Albugo laibachii	CCA26174.1 unnamed protein product [Albugo laibachii Nc14]
Pcub-SC1982_071_000041.1	CAI5743392.1	27.5	327	381	329	9.00e-33	129	85.8	86335	Oomycota	Peronospora	Peronospora destructor	CAI5743392.1 unnamed protein product [Peronospora destructor]
Pcub-SC1982_071_000041.1	XP_012197840.1	26.0	331	381	320	1.04e-32	129	86.9	695850	Oomycota	Saprolegnia	Saprolegnia parasitica	XP_012197840.1 hydroxymethylglutaryl-CoA lyase [Saprolegnia parasitica CBS 223.65]
Pcub-SC1982_071_000041.1	TYZ62474.1	28.0	343	381	331	1.30e-32	129	89.8	1485010	Oomycota	Globisporangium	[Pythium] brassicae (nom. inval.)	TYZ62474.1 hypothetical protein PybrP1_005595 [[Pythium] brassicae (nom. inval.)]
Pcub-SC1982_071_000041.1	XP_008613404.1	26.2	328	381	318	3.72e-32	127	86.1	1156394	Oomycota	Saprolegnia	Saprolegnia diclina	XP_008613404.1 hydroxymethylglutaryl-CoA lyase, mitochondrial [Saprolegnia diclina VS20]
Pcub-SC1982_071_000041.1	CAI5735972.1	26.9	323	381	314	9.19e-32	126	83.7	162125	Oomycota	Hyaloperonospora	Hyaloperonospora brassicae	CAI5735972.1 unnamed protein product [Hyaloperonospora brassicae]
Pcub-SC1982_071_000041.1	CAH0518677.1	26.9	334	381	321	2.05e-31	125	86.6	622444	Oomycota	Peronospora	Peronospora belbahrii	CAH0518677.1 unnamed protein product [Peronospora belbahrii]
Pcub-SC1982_071_000041.1	CAH0478374.1	26.9	334	381	321	3.95e-31	125	86.6	622444	Oomycota	Peronospora	Peronospora belbahrii	CAH0478374.1 unnamed protein product [Peronospora belbahrii]
Pcub-SC1982_071_000041.1	KAG7401520.1	27.0	319	381	298	4.72e-31	124	82.7	109152	Oomycota	Phytophthora	Phytophthora boehmeriae	KAG7401520.1 3-hydroxymethyl-3-methylglutaryl-CoA lyase [Phytophthora boehmeriae]
Pcub-SC1982_071_000041.1	CAH0491956.1	25.9	321	381	324	8.09e-31	124	84.3	134698	Oomycota	Peronospora	Peronospora farinosa	CAH0491956.1 unnamed protein product [Peronospora farinosa]
Pcub-SC1982_071_000041.1	UIZ22788.1	25.9	321	381	324	1.12e-30	124	84.3	542832	Oomycota	Peronospora	Peronospora effusa	UIZ22788.1 hypothetical protein KXD40_003604 [Peronospora effusa]
Pcub-SC1982_071_000041.1	CAH0491958.1	25.9	321	381	323	1.53e-30	123	84.3	134698	Oomycota	Peronospora	Peronospora farinosa	CAH0491958.1 unnamed protein product [Peronospora farinosa]
Pcub-SC1982_071_000041.1	CAH0491957.1	25.9	321	381	327	1.65e-30	123	84.3	134698	Oomycota	Peronospora	Peronospora farinosa	CAH0491957.1 unnamed protein product [Peronospora farinosa]
Pcub-SC1982_071_000041.1	KAH9092518.1	26.4	349	381	312	1.70e-30	123	91.6	100861	Oomycota	Aphanomyces	Aphanomyces euteiches	KAH9092518.1 hypothetical protein Ae201684P_008193 [Aphanomyces euteiches]
Pcub-SC1982_071_000041.1	KAF4147064.1	26.3	323	381	318	3.69e-30	122	83.7	4787	Oomycota	Phytophthora	Phytophthora infestans	KAF4147064.1 HMGL-like [Phytophthora infestans]
Pcub-SC1982_071_000041.1	XP_009821593.1	27.2	335	381	316	4.93e-30	122	86.9	112090	Oomycota	Aphanomyces	Aphanomyces astaci	XP_009821593.1 hypothetical protein H257_00555 [Aphanomyces astaci]
Pcub-SC1982_071_000039.1	CAI5715451.1	23.2	220	273	240	3.16e-15	77.8	78.4	542832	Oomycota	Peronospora	Peronospora effusa	CAI5715451.1 unnamed protein product [Peronospora effusa]
Pcub-SC1982_071_000039.1	XP_002902482.1	23.2	211	273	240	3.16e-15	77.8	75.5	4787;403677	Oomycota	Phytophthora	Phytophthora infestans	XP_002902482.1 dolichol-phosphate mannosyltransferase [Phytophthora infestans T30-4]
Pcub-SC1982_071_000039.1	GLE03121.1	24.2	211	273	239	4.29e-15	77.4	75.5	114742	Oomycota	Pythium	Pythium insidiosum	GLE03121.1 hypothetical protein PINS_up012000 [Pythium insidiosum]
Pcub-SC1982_071_000039.1	KAI9993226.1	23.2	211	273	240	4.36e-15	77.4	75.5	4787	Oomycota	Phytophthora	Phytophthora infestans	KAI9993226.1 hypothetical protein PInf_015297 [Phytophthora infestans]
Pcub-SC1982_071_000039.1	KAJ0409722.1	24.2	211	273	239	5.92e-15	77.0	75.5	114742	Oomycota	Pythium	Pythium insidiosum	KAJ0409722.1 hypothetical protein ATCC90586_003230 [Pythium insidiosum]
Pcub-SC1982_071_000039.1	KAJ0396841.1	24.2	211	273	239	5.92e-15	77.0	75.5	114742	Oomycota	Pythium	Pythium insidiosum	KAJ0396841.1 hypothetical protein P43SY_001788 [Pythium insidiosum]
Pcub-SC1982_071_000039.1	CAH0493641.1	23.6	220	273	240	6.02e-15	77.0	78.4	134698	Oomycota	Peronospora	Peronospora farinosa	CAH0493641.1 unnamed protein product [Peronospora farinosa]
Pcub-SC1982_071_000039.1	KAG2766246.1	23.2	211	273	240	8.30e-15	76.6	75.5	29920	Oomycota	Phytophthora	Phytophthora cactorum	KAG2766246.1 Dolichol-phosphate mannosyltransferase subunit 1 [Phytophthora cactorum]
Pcub-SC1982_071_000039.1	TMW64478.1	24.2	211	273	240	8.30e-15	76.6	75.5	41045	Oomycota	Pythium	Pythium oligandrum	TMW64478.1 hypothetical protein Poli38472_011358 [Pythium oligandrum]
Pcub-SC1982_071_000039.1	KAF4319755.1	23.2	211	273	240	8.30e-15	76.6	75.5	325452;1284355	Oomycota	Phytophthora	Phytophthora kernoviae	KAF4319755.1 hypothetical protein G195_006941 [Phytophthora kernoviae 00238/432]
Pcub-SC1982_071_000039.1	TDH72695.1	23.3	219	273	251	9.79e-15	76.6	75.5	4779	Oomycota	Bremia	Bremia lactucae	TDH72695.1 hypothetical protein CCR75_006047 [Bremia lactucae]
Pcub-SC1982_071_000039.1	KAG3116595.1	23.2	211	273	240	1.58e-14	75.9	75.5	53986	Oomycota	Phytophthora	Phytophthora idaei	KAG3116595.1 Dolichol-phosphate mannosyltransferase subunit 1 [Phytophthora idaei]
Pcub-SC1982_071_000039.1	KAG6975908.1	23.2	211	273	240	1.58e-14	75.9	75.5	2496075	Oomycota	Phytophthora	Phytophthora aleatoria	KAG6975908.1 hypothetical protein JG688_00001908 [Phytophthora aleatoria]
Pcub-SC1982_071_000039.1	KAG7397801.1	23.7	211	273	240	2.17e-14	75.5	75.5	109152	Oomycota	Phytophthora	Phytophthora boehmeriae	KAG7397801.1 dolichol-P-mannose synthesis [Phytophthora boehmeriae]
Pcub-SC1982_071_000039.1	KAG7388447.1	22.7	211	273	274	2.52e-14	75.9	75.5	221518	Oomycota	Phytophthora	Phytophthora pseudosyringae	KAG7388447.1 dolichol-P-mannose synthesis [Phytophthora pseudosyringae]
Pcub-SC1982_071_000039.1	KAG1696427.1	23.2	211	273	239	2.95e-14	75.1	75.5	4784	Oomycota	Phytophthora	Phytophthora capsici	KAG1696427.1 dolichol-P-mannose synthesis [Phytophthora capsici]
Pcub-SC1982_071_000039.1	KUF91305.1	22.7	211	273	240	2.99e-14	75.1	75.5	4792	Oomycota	Phytophthora	Phytophthora nicotianae	KUF91305.1 Zinc (Zn2)-Iron (Fe2) Permease (ZIP) Family [Phytophthora nicotianae]
Pcub-SC1982_071_000039.1	KUF84665.1	22.7	211	273	240	2.99e-14	75.1	75.5	4792	Oomycota	Phytophthora	Phytophthora nicotianae	KUF84665.1 Dolichol-phosphate mannosyltransferase [Phytophthora nicotianae]
Pcub-SC1982_071_000039.1	KAK1932363.1	23.2	211	273	256	3.76e-14	75.1	75.5	4793	Oomycota	Phytophthora	Phytophthora citrophthora	KAK1932363.1 Dolichol-phosphate mannosyltransferase subunit 1 [Phytophthora citrophthora]
Pcub-SC1982_071_000039.1	XP_008915750.1	22.7	211	273	240	4.12e-14	74.7	75.5	4792;761204;1317063;1317064;1317065;1317066	Oomycota	Phytophthora	Phytophthora nicotianae	XP_008915750.1 hypothetical protein PPTG_19149 [Phytophthora nicotianae INRA-310]
Pcub-SC1982_071_000039.1	RLN61879.1	22.7	211	273	240	4.12e-14	74.7	75.5	325452	Oomycota	Phytophthora	Phytophthora kernoviae	RLN61879.1 hypothetical protein BBP00_00005129 [Phytophthora kernoviae]
Pcub-SC1982_071_000039.1	KAE8940538.1	22.7	211	273	240	5.67e-14	74.3	75.5	53985;129364	Oomycota	Phytophthora	Phytophthora fragariae;Phytophthora rubi	KAE8940538.1 Dolichol-phosphate mannosyltransferase subunit 1 [Phytophthora fragariae]
Pcub-SC1982_071_000039.1	KAG6610865.1	22.7	211	273	240	7.80e-14	73.9	75.5	4785	Oomycota	Phytophthora	Phytophthora cinnamomi	KAG6610865.1 Dolichol-phosphate mannosyltransferase [Phytophthora cinnamomi]
Pcub-SC1982_071_000039.1	CAI5745484.1	23.7	211	273	240	7.80e-14	73.9	75.5	86335	Oomycota	Peronospora	Peronospora destructor	CAI5745484.1 unnamed protein product [Peronospora destructor]
Pcub-SC1982_071_000039.1	CCI11221.1	22.7	211	273	237	1.03e-13	73.6	75.5	65357	Oomycota	Albugo	Albugo candida	CCI11221.1 unnamed protein product [Albugo candida]
Pcub-SC1982_071_000033.1	KAG4222283.1	30.9	165	231	223	1.50e-14	74.7	70.1	29920	Oomycota	Phytophthora	Phytophthora cactorum	KAG4222283.1 hypothetical protein PC116_g29242 [Phytophthora cactorum]
Pcub-SC1982_071_000033.1	XP_008871671.1	28.1	171	231	262	8.16e-07	53.5	72.3	157072	Oomycota	Aphanomyces	Aphanomyces invadans	XP_008871671.1 hypothetical protein H310_07927 [Aphanomyces invadans]
Phum-OR502AA_015_000348.1	GMF31758.1	37.6	85	153	186	4.46e-04	43.5	53.6	1490495	Oomycota	Phytophthora	Phytophthora fragariaefolia	GMF31758.1 unnamed protein product [Phytophthora fragariaefolia]
Phum-OR502AA_015_000074.1	CAI5736024.1	70.6	367	377	773	7.59e-152	451	87.3	86335	Oomycota	Peronospora	Peronospora destructor	CAI5736024.1 unnamed protein product [Peronospora destructor]
Phum-OR502AA_015_000074.1	KAG1696854.1	70.8	346	377	783	5.69e-142	426	82.5	4784	Oomycota	Phytophthora	Phytophthora capsici	KAG1696854.1 hypothetical protein DVH05_028631 [Phytophthora capsici]
Phum-OR502AA_015_000074.1	GMF10727.1	70.2	342	377	674	1.17e-141	422	80.6	2077276	Oomycota	Phytophthora	Phytophthora lilii	GMF10727.1 unnamed protein product [Phytophthora lilii]
Phum-OR502AA_015_000074.1	KAE9033987.1	71.1	336	377	747	4.72e-141	422	80.4	129364	Oomycota	Phytophthora	Phytophthora rubi	KAE9033987.1 SNW/SKI-interacting protein A [Phytophthora rubi]
Phum-OR502AA_015_000074.1	KAE9294564.1	71.1	336	377	747	4.72e-141	422	80.4	129364	Oomycota	Phytophthora	Phytophthora rubi	KAE9294564.1 SNW/SKI-interacting protein A [Phytophthora rubi]
Phum-OR502AA_015_000074.1	CAH0485900.1	71.1	342	377	756	6.06e-141	422	80.6	134698	Oomycota	Peronospora	Peronospora farinosa	CAH0485900.1 unnamed protein product [Peronospora farinosa]
Phum-OR502AA_015_000074.1	KAE9028672.1	71.1	336	377	759	6.58e-141	422	80.4	129364	Oomycota	Phytophthora	Phytophthora rubi	KAE9028672.1 SNW/SKI-interacting protein A [Phytophthora rubi]
Phum-OR502AA_015_000074.1	CAI5723850.1	71.1	342	377	775	1.02e-140	422	80.6	134698	Oomycota	Peronospora	Peronospora farinosa	CAI5723850.1 unnamed protein product [Peronospora farinosa]
Phum-OR502AA_015_000074.1	KAE9211939.1	70.8	336	377	759	2.62e-140	421	80.4	53985	Oomycota	Phytophthora	Phytophthora fragariae	KAE9211939.1 SNW/SKI-interacting protein A [Phytophthora fragariae]
Phum-OR502AA_015_000074.1	KAE8898712.1	70.8	336	377	759	2.62e-140	421	80.4	53985	Oomycota	Phytophthora	Phytophthora fragariae	KAE8898712.1 SNW/SKI-interacting protein A [Phytophthora fragariae]
Phum-OR502AA_015_000074.1	KAF1774981.1	72.1	326	377	629	7.95e-140	416	79.3	29920	Oomycota	Phytophthora	Phytophthora cactorum	KAF1774981.1 SKI-interacting protein, SKIP [Phytophthora cactorum]
Phum-OR502AA_015_000074.1	KAG3127143.1	72.1	326	377	697	4.11e-139	416	79.3	53986	Oomycota	Phytophthora	Phytophthora idaei	KAG3127143.1 SNW/SKI-interacting protein A [Phytophthora idaei]
Phum-OR502AA_015_000074.1	KAG2783047.1	72.1	326	377	697	4.11e-139	416	79.3	29920	Oomycota	Phytophthora	Phytophthora cactorum	KAG2783047.1 SNW/SKI-interacting protein A [Phytophthora cactorum]
Phum-OR502AA_015_000074.1	KAG2979441.1	72.1	326	377	697	5.81e-139	416	79.3	29920	Oomycota	Phytophthora	Phytophthora cactorum	KAG2979441.1 SNW/SKI-interacting protein A [Phytophthora cactorum]
Phum-OR502AA_015_000074.1	RMX66963.1	70.2	342	377	775	9.06e-139	417	80.6	542832	Oomycota	Peronospora	Peronospora effusa	RMX66963.1 hypothetical protein DD238_001641 [Peronospora effusa]
Phum-OR502AA_015_000074.1	UIZ21952.1	70.2	342	377	775	9.06e-139	417	80.6	542832	Oomycota	Peronospora	Peronospora effusa	UIZ21952.1 hypothetical protein KXD40_008755 [Peronospora effusa]
Phum-OR502AA_015_000074.1	XP_009536131.1	70.6	340	377	1097	1.11e-138	426	80.4	67593	Oomycota	Phytophthora	Phytophthora sojae	XP_009536131.1 hypothetical protein PHYSODRAFT_362123 [Phytophthora sojae]
Phum-OR502AA_015_000074.1	KAG3065821.1	71.8	326	377	697	1.64e-138	414	79.3	53986	Oomycota	Phytophthora	Phytophthora idaei	KAG3065821.1 SNW/SKI-interacting protein A [Phytophthora idaei]
Phum-OR502AA_015_000074.1	KAG7376133.1	69.7	343	377	732	1.75e-137	413	81.7	221518	Oomycota	Phytophthora	Phytophthora pseudosyringae	KAG7376133.1 SNW domain-containing protein 1 [Phytophthora pseudosyringae]
Phum-OR502AA_015_000074.1	KAG6611991.1	71.9	317	377	626	5.29e-137	408	74.3	4785	Oomycota	Phytophthora	Phytophthora cinnamomi	KAG6611991.1 puff-specific protein bx42 [Phytophthora cinnamomi]
Phum-OR502AA_015_000074.1	RQM15279.1	69.6	342	377	775	5.68e-137	413	80.6	542832	Oomycota	Peronospora	Peronospora effusa	RQM15279.1 hypothetical protein DD237_003235 [Peronospora effusa]
Phum-OR502AA_015_000074.1	OWZ21646.1	70.3	333	377	761	1.55e-136	411	79.3	4795	Oomycota	Phytophthora	Phytophthora megakarya	OWZ21646.1 Pre mRNA processing protein [Phytophthora megakarya]
Phum-OR502AA_015_000074.1	KAG6945198.1	72.7	311	377	631	1.73e-136	407	75.3	2496075	Oomycota	Phytophthora	Phytophthora aleatoria	KAG6945198.1 hypothetical protein JG688_00016695 [Phytophthora aleatoria]
Phum-OR502AA_015_000074.1	KAG6945392.1	72.7	311	377	631	2.45e-136	407	75.3	29920	Oomycota	Phytophthora	Phytophthora cactorum	KAG6945392.1 hypothetical protein JG687_00017323 [Phytophthora cactorum]
Phum-OR502AA_015_000074.1	KAF1775001.1	72.6	318	377	651	3.12e-136	407	79.3	29920	Oomycota	Phytophthora	Phytophthora cactorum	KAF1775001.1 SKI-interacting protein, SKIP [Phytophthora cactorum]
Phum-OR502AA_015_000075.1	KAG6612066.1	90.1	203	203	196	1.18e-128	364	100	4785	Oomycota	Phytophthora	Phytophthora cinnamomi	KAG6612066.1 ubiquitin-conjugating enzyme [Phytophthora cinnamomi]
Phum-OR502AA_015_000075.1	XP_008900048.1	90.1	203	203	196	6.82e-128	362	100	4792;761204;1317063;1317065	Oomycota	Phytophthora	Phytophthora nicotianae	XP_008900048.1 hypothetical protein, variant [Phytophthora nicotianae INRA-310]
Phum-OR502AA_015_000075.1	ETO83061.1	89.7	203	203	196	2.78e-127	360	100	1317066	Oomycota	Phytophthora	Phytophthora nicotianae	ETO83061.1 hypothetical protein, variant [Phytophthora nicotianae P1976]
Phum-OR502AA_015_000075.1	ETP52116.1	89.7	203	203	196	7.96e-127	359	100	1317064	Oomycota	Phytophthora	Phytophthora nicotianae	ETP52116.1 hypothetical protein, variant [Phytophthora nicotianae P10297]
Phum-OR502AA_015_000075.1	KAG2782836.1	88.7	203	203	196	6.54e-126	357	100	29920	Oomycota	Phytophthora	Phytophthora cactorum	KAG2782836.1 hypothetical protein Pcac1_g7479 [Phytophthora cactorum]
Phum-OR502AA_015_000075.1	KAG3022271.1	88.7	203	203	196	6.54e-126	357	100	29920;53986;2496075	Oomycota	Phytophthora	Phytophthora cactorum;Phytophthora idaei;Phytophthora aleatoria	KAG3022271.1 hypothetical protein PC120_g8232 [Phytophthora cactorum]
Phum-OR502AA_015_000075.1	KAG2816772.1	88.7	203	203	209	1.04e-125	357	100	29920	Oomycota	Phytophthora	Phytophthora cactorum	KAG2816772.1 hypothetical protein PC111_g12997 [Phytophthora cactorum]
Phum-OR502AA_015_000075.1	KAG3179377.1	88.7	203	203	209	1.04e-125	357	100	29920	Oomycota	Phytophthora	Phytophthora cactorum	KAG3179377.1 hypothetical protein PC128_g15968 [Phytophthora cactorum]
Phum-OR502AA_015_000075.1	XP_009533974.1	89.1	202	203	195	1.27e-125	356	99.5	67593	Oomycota	Phytophthora	Phytophthora sojae	XP_009533974.1 hypothetical protein PHYSODRAFT_518543, partial [Phytophthora sojae]
Phum-OR502AA_015_000075.1	KAG7384712.1	88.7	203	203	196	1.87e-125	356	100	221518	Oomycota	Phytophthora	Phytophthora pseudosyringae	KAG7384712.1 ubiquitin-conjugating enzyme E2 K [Phytophthora pseudosyringae]
Phum-OR502AA_015_000075.1	KAH7487668.1	88.7	203	203	196	2.66e-125	355	100	164328	Oomycota	Phytophthora	Phytophthora ramorum	KAH7487668.1 Ubiquitin-conjugating enzyme E2 27 [Phytophthora ramorum]
Phum-OR502AA_015_000075.1	XP_008900047.1	90.0	200	203	217	3.94e-125	356	98.5	4792;761204	Oomycota	Phytophthora	Phytophthora nicotianae	XP_008900047.1 hypothetical protein PPTG_07524 [Phytophthora nicotianae INRA-310]
Phum-OR502AA_015_000075.1	ETI54309.1	90.0	200	203	217	3.94e-125	356	98.5	4792;1317063;1317065	Oomycota	Phytophthora	Phytophthora nicotianae	ETI54309.1 hypothetical protein F443_02851 [Phytophthora nicotianae P1569]
Phum-OR502AA_015_000075.1	XP_002906044.1	88.7	203	203	196	5.37e-125	355	100	4787;403677	Oomycota	Phytophthora	Phytophthora infestans	XP_002906044.1 ubiquitin-conjugating enzyme E2, putative [Phytophthora infestans T30-4]
Phum-OR502AA_015_000075.1	KAE9015643.1	88.2	203	203	196	5.37e-125	355	100	129364	Oomycota	Phytophthora	Phytophthora rubi	KAE9015643.1 hypothetical protein PR001_g14845 [Phytophthora rubi]
Phum-OR502AA_015_000075.1	XP_009533884.1	88.6	202	203	195	1.05e-124	354	99.5	67593	Oomycota	Phytophthora	Phytophthora sojae	XP_009533884.1 hypothetical protein PHYSODRAFT_518528, partial [Phytophthora sojae]
Phum-OR502AA_015_000075.1	ETO83060.1	89.5	200	203	217	1.60e-124	354	98.5	1317066	Oomycota	Phytophthora	Phytophthora nicotianae	ETO83060.1 hypothetical protein F444_02862 [Phytophthora nicotianae P1976]
Phum-OR502AA_015_000075.1	KAG1685432.1	87.2	203	203	196	4.41e-124	352	100	4784	Oomycota	Phytophthora	Phytophthora capsici	KAG1685432.1 hypothetical protein DVH05_008370 [Phytophthora capsici]
Phum-OR502AA_015_000075.1	ETP52115.1	89.5	200	203	217	4.59e-124	353	98.5	1317064	Oomycota	Phytophthora	Phytophthora nicotianae	ETP52115.1 hypothetical protein F442_02826 [Phytophthora nicotianae P10297]
Phum-OR502AA_015_000075.1	KAE9333796.1	87.7	203	203	196	8.90e-124	352	100	53985	Oomycota	Phytophthora	Phytophthora fragariae	KAE9333796.1 hypothetical protein PF008_g14272 [Phytophthora fragariae]
Phum-OR502AA_015_000075.1	KAF1774980.1	88.5	200	203	208	2.74e-123	351	98.5	29920	Oomycota	Phytophthora	Phytophthora cactorum	KAF1774980.1 Ubiquitin-conjugating enzyme, active site [Phytophthora cactorum]
Phum-OR502AA_015_000075.1	KAE8898367.1	87.2	203	203	196	3.62e-123	350	100	53985	Oomycota	Phytophthora	Phytophthora fragariae	KAE8898367.1 hypothetical protein PF003_g17721 [Phytophthora fragariae]
Phum-OR502AA_015_000075.1	KUF84409.1	89.2	203	203	406	8.76e-123	357	100	4792	Oomycota	Phytophthora	Phytophthora nicotianae	KUF84409.1 Ubiquitin-conjugating enzyme E2 27 [Phytophthora nicotianae]
Phum-OR502AA_015_000075.1	CAI5700817.1	87.2	203	203	196	1.04e-122	349	100	542832	Oomycota	Peronospora	Peronospora effusa	CAI5700817.1 unnamed protein product [Peronospora effusa]
Phum-OR502AA_015_000075.1	OWZ15988.1	87.7	203	203	195	1.42e-122	348	100	4795	Oomycota	Phytophthora	Phytophthora megakarya	OWZ15988.1 Ubiquitin-conjugating enzyme E2 [Phytophthora megakarya]
Phum-OR502AA_015_000347.1	KAG6960141.1	74.1	997	991	985	0.0	1333	99.3	2496075	Oomycota	Phytophthora	Phytophthora aleatoria	KAG6960141.1 hypothetical protein JG688_00009737 [Phytophthora aleatoria]
Phum-OR502AA_015_000347.1	KAG2782835.1	73.9	997	991	985	0.0	1330	99.3	29920	Oomycota	Phytophthora	Phytophthora cactorum	KAG2782835.1 DNA-binding protein [Phytophthora cactorum]
Phum-OR502AA_015_000347.1	KAG3117801.1	74.5	996	991	981	0.0	1329	99.3	53986	Oomycota	Phytophthora	Phytophthora idaei	KAG3117801.1 DNA-binding protein [Phytophthora idaei]
Phum-OR502AA_015_000347.1	KAG3179374.1	73.8	997	991	985	0.0	1328	99.3	29920	Oomycota	Phytophthora	Phytophthora cactorum	KAG3179374.1 DNA-binding protein [Phytophthora cactorum]
Phum-OR502AA_015_000347.1	KAG6612050.1	74.5	1009	991	1007	0.0	1327	99.7	4785	Oomycota	Phytophthora	Phytophthora cinnamomi	KAG6612050.1 DNA-binding protein SMUBP-2 [Phytophthora cinnamomi]
Phum-OR502AA_015_000347.1	KAG3244536.1	74.4	996	991	981	0.0	1326	99.3	53986	Oomycota	Phytophthora	Phytophthora idaei	KAG3244536.1 DNA-binding protein [Phytophthora idaei]
Phum-OR502AA_015_000347.1	KAE9015640.1	73.2	1008	991	998	0.0	1314	99.7	129364	Oomycota	Phytophthora	Phytophthora rubi	KAE9015640.1 DNA-binding protein [Phytophthora rubi]
Phum-OR502AA_015_000347.1	KAE8982968.1	73.2	1008	991	998	0.0	1312	99.7	53985	Oomycota	Phytophthora	Phytophthora fragariae	KAE8982968.1 DNA-binding protein [Phytophthora fragariae]
Phum-OR502AA_015_000347.1	KAE9333793.1	72.8	1015	991	998	0.0	1311	99.7	53985	Oomycota	Phytophthora	Phytophthora fragariae	KAE9333793.1 DNA-binding protein [Phytophthora fragariae]
Phum-OR502AA_015_000347.1	KAE9218355.1	73.1	1008	991	998	0.0	1310	99.7	53985	Oomycota	Phytophthora	Phytophthora fragariae	KAE9218355.1 DNA-binding protein [Phytophthora fragariae]
Phum-OR502AA_015_000347.1	KAE8898364.1	73.1	1008	991	998	0.0	1310	99.7	53985	Oomycota	Phytophthora	Phytophthora fragariae	KAE8898364.1 DNA-binding protein [Phytophthora fragariae]
Phum-OR502AA_015_000347.1	GMF42080.1	75.1	995	991	1004	0.0	1309	98.1	1490495	Oomycota	Phytophthora	Phytophthora fragariaefolia	GMF42080.1 unnamed protein product [Phytophthora fragariaefolia]
Phum-OR502AA_015_000347.1	KAF1774993.1	74.0	976	991	910	0.0	1296	97.9	29920	Oomycota	Phytophthora	Phytophthora cactorum	KAF1774993.1 P-loop containing nucleoside triphosphate hydrolase [Phytophthora cactorum]
Phum-OR502AA_015_000347.1	KAG7384713.1	74.0	997	991	983	0.0	1290	99.2	221518	Oomycota	Phytophthora	Phytophthora pseudosyringae	KAG7384713.1 DNA-binding protein SMUBP-2 [Phytophthora pseudosyringae]
Phum-OR502AA_015_000347.1	ETK94163.1	72.4	1006	991	979	0.0	1286	99.6	4792	Oomycota	Phytophthora	Phytophthora nicotianae	ETK94163.1 hypothetical protein L915_02738 [Phytophthora nicotianae]
Phum-OR502AA_015_000347.1	RLN56207.1	73.3	995	991	1004	0.0	1286	98.0	325452	Oomycota	Phytophthora	Phytophthora kernoviae	RLN56207.1 hypothetical protein BBP00_00008117 [Phytophthora kernoviae]
Phum-OR502AA_015_000347.1	ETP24130.1	73.1	994	991	974	0.0	1285	99.6	1317063	Oomycota	Phytophthora	Phytophthora nicotianae	ETP24130.1 hypothetical protein F441_02830 [Phytophthora nicotianae CJ01A1]
Phum-OR502AA_015_000347.1	KAF4317090.1	73.1	993	991	1004	0.0	1285	98.0	325452;1284355	Oomycota	Phytophthora	Phytophthora kernoviae	KAF4317090.1 hypothetical protein G195_009508 [Phytophthora kernoviae 00238/432]
Phum-OR502AA_015_000347.1	KAG2511645.1	73.1	993	991	1004	0.0	1285	98.0	325452	Oomycota	Phytophthora	Phytophthora kernoviae	KAG2511645.1 hypothetical protein JM16_008189 [Phytophthora kernoviae]
Phum-OR502AA_015_000347.1	ETO83062.1	73.0	994	991	974	0.0	1282	99.6	1317066	Oomycota	Phytophthora	Phytophthora nicotianae	ETO83062.1 hypothetical protein F444_02863 [Phytophthora nicotianae P1976]
Phum-OR502AA_015_000347.1	OWZ15994.1	73.4	990	991	980	0.0	1281	97.6	4795	Oomycota	Phytophthora	Phytophthora megakarya	OWZ15994.1 DNA polymerase alpha-associated DNA helicase A [Phytophthora megakarya]
Phum-OR502AA_015_000347.1	ETL47555.1	72.1	1006	991	979	0.0	1280	99.6	4792	Oomycota	Phytophthora	Phytophthora nicotianae	ETL47555.1 hypothetical protein L916_02712 [Phytophthora nicotianae]
Phum-OR502AA_015_000347.1	ETM00647.1	72.1	1006	991	974	0.0	1280	99.6	4792	Oomycota	Phytophthora	Phytophthora nicotianae	ETM00647.1 hypothetical protein L917_02650 [Phytophthora nicotianae]
Phum-OR502AA_015_000347.1	XP_008900049.1	72.6	992	991	975	0.0	1279	99.6	761204	Oomycota	Phytophthora	Phytophthora nicotianae	XP_008900049.1 hypothetical protein PPTG_07525 [Phytophthora nicotianae INRA-310]
Phum-OR502AA_015_000347.1	KAG1685431.1	73.8	978	991	955	0.0	1278	97.6	4784	Oomycota	Phytophthora	Phytophthora capsici	KAG1685431.1 hypothetical protein DVH05_008369 [Phytophthora capsici]
Phum-OR502AA_015_000076.1	XP_008900051.1	79.4	378	360	389	3.98e-181	511	97.2	4792;761204;1317063;1317064;1317065;1317066	Oomycota	Phytophthora	Phytophthora nicotianae	XP_008900051.1 hypothetical protein, variant [Phytophthora nicotianae INRA-310]
Phum-OR502AA_015_000076.1	XP_008900050.1	79.5	375	360	393	1.52e-179	507	96.4	4792;761204;1317063;1317064;1317065;1317066	Oomycota	Phytophthora	Phytophthora nicotianae	XP_008900050.1 hypothetical protein PPTG_07526 [Phytophthora nicotianae INRA-310]
Phum-OR502AA_015_000076.1	KAH7487670.1	75.7	383	360	394	6.40e-179	506	98.6	164328	Oomycota	Phytophthora	Phytophthora ramorum	KAH7487670.1 FAS-associated factor 2-B [Phytophthora ramorum]
Phum-OR502AA_015_000076.1	KAG1685430.1	77.3	383	360	398	1.72e-177	502	98.6	4784	Oomycota	Phytophthora	Phytophthora capsici	KAG1685430.1 hypothetical protein DVH05_008368 [Phytophthora capsici]
Phum-OR502AA_015_000076.1	KAE8898369.1	75.7	383	360	397	4.75e-177	501	98.6	53985	Oomycota	Phytophthora	Phytophthora fragariae	KAE8898369.1 hypothetical protein PF003_g17729 [Phytophthora fragariae]
Phum-OR502AA_015_000076.1	KAE8971507.1	75.7	383	360	397	6.74e-177	501	98.6	53985	Oomycota	Phytophthora	Phytophthora fragariae	KAE8971507.1 hypothetical protein PF011_g26007 [Phytophthora fragariae]
Phum-OR502AA_015_000076.1	KAF4134162.1	78.7	375	360	393	8.30e-177	500	96.4	4787	Oomycota	Phytophthora	Phytophthora infestans	KAF4134162.1 UBX domain-containing protein [Phytophthora infestans]
Phum-OR502AA_015_000076.1	KAE9015647.1	75.5	383	360	397	1.93e-176	499	98.6	129364	Oomycota	Phytophthora	Phytophthora rubi	KAE9015647.1 hypothetical protein PR001_g14852 [Phytophthora rubi]
Phum-OR502AA_015_000076.1	XP_009536129.1	77.0	383	360	397	2.74e-176	499	98.6	67593	Oomycota	Phytophthora	Phytophthora sojae	XP_009536129.1 hypothetical protein PHYSODRAFT_348097 [Phytophthora sojae]
Phum-OR502AA_015_000076.1	KAF4029926.1	78.4	375	360	393	1.37e-175	497	96.4	4787	Oomycota	Phytophthora	Phytophthora infestans	KAF4029926.1 UBX domain-containing protein [Phytophthora infestans]
Phum-OR502AA_015_000076.1	KAK1942487.1	76.8	383	360	398	1.63e-175	497	98.6	4793	Oomycota	Phytophthora	Phytophthora citrophthora	KAK1942487.1 FAS-associated factor 2-B [Phytophthora citrophthora]
Phum-OR502AA_015_000076.1	KAG6960142.1	78.2	372	360	383	5.51e-175	495	95.6	2496075	Oomycota	Phytophthora	Phytophthora aleatoria	KAG6960142.1 hypothetical protein JG688_00009736 [Phytophthora aleatoria]
Phum-OR502AA_015_000076.1	XP_002906046.1	78.1	375	360	393	1.12e-174	495	96.4	403677	Oomycota	Phytophthora	Phytophthora infestans	XP_002906046.1 uncharacterized protein PITG_04427 [Phytophthora infestans T30-4]
Phum-OR502AA_015_000076.1	KAG2782828.1	78.0	372	360	383	1.58e-174	494	95.6	29920	Oomycota	Phytophthora	Phytophthora cactorum	KAG2782828.1 hypothetical protein Pcac1_g7477 [Phytophthora cactorum]
Phum-OR502AA_015_000076.1	KAG3117800.1	77.7	372	360	383	5.22e-173	490	95.6	53986	Oomycota	Phytophthora	Phytophthora idaei	KAG3117800.1 hypothetical protein PI125_g3436 [Phytophthora idaei]
Phum-OR502AA_015_000076.1	KAG6612022.1	75.7	383	360	396	1.67e-172	489	98.6	4785	Oomycota	Phytophthora	Phytophthora cinnamomi	KAG6612022.1 putative regulator of the ubiquitin pathway (contains UAS and UBX domains) [Phytophthora cinnamomi]
Phum-OR502AA_015_000076.1	CAH0485896.1	76.0	371	360	387	9.90e-172	487	95.3	134698	Oomycota	Peronospora	Peronospora farinosa	CAH0485896.1 unnamed protein product [Peronospora farinosa]
Phum-OR502AA_015_000076.1	KAI9985261.1	72.5	375	360	375	8.69e-170	482	96.4	4787	Oomycota	Phytophthora	Phytophthora infestans	KAI9985261.1 hypothetical protein PInf_004587 [Phytophthora infestans]
Phum-OR502AA_015_000076.1	UIZ21947.1	76.8	371	360	387	1.09e-168	479	95.3	542832	Oomycota	Peronospora	Peronospora effusa	UIZ21947.1 hypothetical protein KXD40_008758 [Peronospora effusa]
Phum-OR502AA_015_000076.1	KAG7384714.1	70.0	410	360	426	6.99e-167	476	98.6	221518	Oomycota	Phytophthora	Phytophthora pseudosyringae	KAG7384714.1 hypothetical protein PHYPSEUDO_002359 [Phytophthora pseudosyringae]
Phum-OR502AA_015_000076.1	CAI5735984.1	75.7	371	360	384	1.86e-166	474	95.3	86335	Oomycota	Peronospora	Peronospora destructor	CAI5735984.1 unnamed protein product [Peronospora destructor]
Phum-OR502AA_015_000076.1	CAI5735976.1	76.0	371	360	388	2.48e-165	471	95.3	86335	Oomycota	Peronospora	Peronospora destructor	CAI5735976.1 unnamed protein product [Peronospora destructor]
Phum-OR502AA_015_000076.1	KAG7397993.1	73.1	383	360	391	3.69e-163	466	98.6	109152	Oomycota	Phytophthora	Phytophthora boehmeriae	KAG7397993.1 hypothetical protein PHYBOEH_011825 [Phytophthora boehmeriae]
Phum-OR502AA_015_000076.1	KAF4317091.1	73.3	375	360	394	3.15e-160	458	96.4	325452;1284355	Oomycota	Phytophthora	Phytophthora kernoviae	KAF4317091.1 hypothetical protein G195_009509 [Phytophthora kernoviae 00238/432]
Phum-OR502AA_015_000076.1	RLN56203.1	73.1	375	360	394	7.34e-159	455	96.4	325452	Oomycota	Phytophthora	Phytophthora kernoviae	RLN56203.1 hypothetical protein BBP00_00008116 [Phytophthora kernoviae]
Phum-OR502AA_015_000346.1	KAH7487671.1	85.0	361	361	363	1.23e-220	610	100	164328	Oomycota	Phytophthora	Phytophthora ramorum	KAH7487671.1 Threonylcarbamoyl-AMP synthase [Phytophthora ramorum]
Phum-OR502AA_015_000346.1	KAG6960143.1	84.5	361	361	363	2.48e-220	609	100	2496075	Oomycota	Phytophthora	Phytophthora aleatoria	KAG6960143.1 hypothetical protein JG688_00009735 [Phytophthora aleatoria]
Phum-OR502AA_015_000346.1	KAG1685429.1	85.0	361	361	362	4.82e-220	608	100	4784	Oomycota	Phytophthora	Phytophthora capsici	KAG1685429.1 hypothetical protein DVH05_008367 [Phytophthora capsici]
Phum-OR502AA_015_000346.1	KAF1790117.1	84.2	361	361	363	7.10e-220	608	100	29920	Oomycota	Phytophthora	Phytophthora cactorum	KAF1790117.1 DHBP synthase RibB-like alpha/beta domain [Phytophthora cactorum]
Phum-OR502AA_015_000346.1	KAG2782827.1	84.2	361	361	363	7.10e-220	608	100	29920	Oomycota	Phytophthora	Phytophthora cactorum	KAG2782827.1 hypothetical protein Pcac1_g7476 [Phytophthora cactorum]
Phum-OR502AA_015_000346.1	KAK1942488.1	85.3	361	361	362	9.71e-220	608	100	4793	Oomycota	Phytophthora	Phytophthora citrophthora	KAK1942488.1 Threonylcarbamoyl-AMP synthase [Phytophthora citrophthora]
Phum-OR502AA_015_000346.1	KAG3117776.1	84.2	361	361	363	1.43e-219	607	100	53986	Oomycota	Phytophthora	Phytophthora idaei	KAG3117776.1 hypothetical protein PI125_g3435 [Phytophthora idaei]
Phum-OR502AA_015_000346.1	CAI5735986.1	85.0	361	361	363	2.37e-218	604	100	86335	Oomycota	Peronospora	Peronospora destructor	CAI5735986.1 unnamed protein product [Peronospora destructor]
Phum-OR502AA_015_000346.1	KAE8898368.1	83.9	361	361	363	4.77e-218	603	100	53985;129364	Oomycota	Phytophthora	Phytophthora fragariae;Phytophthora rubi	KAE8898368.1 hypothetical protein PF003_g17728 [Phytophthora fragariae]
Phum-OR502AA_015_000346.1	XP_009536128.1	83.9	361	361	363	1.94e-217	602	100	67593	Oomycota	Phytophthora	Phytophthora sojae	XP_009536128.1 hypothetical protein PHYSODRAFT_549986 [Phytophthora sojae]
Phum-OR502AA_015_000346.1	CAH0485895.1	84.2	361	361	363	2.76e-217	602	100	134698	Oomycota	Peronospora	Peronospora farinosa	CAH0485895.1 unnamed protein product [Peronospora farinosa]
Phum-OR502AA_015_000346.1	ETI54314.1	83.1	361	361	363	1.59e-216	600	100	4792;1317064;1317065	Oomycota	Phytophthora	Phytophthora nicotianae	ETI54314.1 Sua5/YciO/YrdC/YwlC family protein [Phytophthora nicotianae P1569]
Phum-OR502AA_015_000346.1	XP_008900052.1	82.8	361	361	363	4.56e-216	598	100	761204	Oomycota	Phytophthora	Phytophthora nicotianae	XP_008900052.1 Sua5/YciO/YrdC/YwlC family protein [Phytophthora nicotianae INRA-310]
Phum-OR502AA_015_000346.1	ETM53831.1	83.1	361	361	363	9.19e-216	598	100	4792	Oomycota	Phytophthora	Phytophthora nicotianae	ETM53831.1 Sua5/YciO/YrdC/YwlC family protein [Phytophthora nicotianae]
Phum-OR502AA_015_000346.1	ETK94166.1	82.8	361	361	363	1.30e-215	597	100	4792;1317063;1317066	Oomycota	Phytophthora	Phytophthora nicotianae	ETK94166.1 Sua5/YciO/YrdC/YwlC family protein [Phytophthora nicotianae]
Phum-OR502AA_015_000346.1	KUF76439.1	82.8	361	361	363	1.30e-215	597	100	4792	Oomycota	Phytophthora	Phytophthora nicotianae	KUF76439.1 Threonylcarbamoyl-AMP synthase [Phytophthora nicotianae]
Phum-OR502AA_015_000346.1	KAG7397994.1	82.3	361	361	363	3.74e-215	596	100	109152	Oomycota	Phytophthora	Phytophthora boehmeriae	KAG7397994.1 hypothetical protein PHYBOEH_011826 [Phytophthora boehmeriae]
Phum-OR502AA_015_000346.1	CAI5735978.1	83.7	361	361	363	3.74e-215	596	100	86335	Oomycota	Peronospora	Peronospora destructor	CAI5735978.1 unnamed protein product [Peronospora destructor]
Phum-OR502AA_015_000346.1	XP_002906047.1	82.8	361	361	363	5.31e-215	596	100	4787;403677	Oomycota	Phytophthora	Phytophthora infestans	XP_002906047.1 uncharacterized protein PITG_04428 [Phytophthora infestans T30-4]
Phum-OR502AA_015_000346.1	RMX66995.1	83.7	361	361	363	1.07e-214	595	100	542832	Oomycota	Peronospora	Peronospora effusa	RMX66995.1 hypothetical protein DD238_001638 [Peronospora effusa]
Phum-OR502AA_015_000346.1	CAI5731744.1	81.4	361	361	364	2.61e-213	592	100	162125	Oomycota	Hyaloperonospora	Hyaloperonospora brassicae	CAI5731744.1 unnamed protein product [Hyaloperonospora brassicae]
Phum-OR502AA_015_000346.1	KAG6611990.1	82.3	361	361	363	1.45e-212	590	100	4785	Oomycota	Phytophthora	Phytophthora cinnamomi	KAG6611990.1 Sua5/YciO/YrdC/YwlC family protein [Phytophthora cinnamomi]
Phum-OR502AA_015_000346.1	OWZ15995.1	81.4	361	361	362	3.28e-211	586	100	4795	Oomycota	Phytophthora	Phytophthora megakarya	OWZ15995.1 Sua5/YciO/YrdC/YwlC family protein [Phytophthora megakarya]
Phum-OR502AA_015_000346.1	KAG7384715.1	81.4	361	361	363	1.96e-210	584	100	221518	Oomycota	Phytophthora	Phytophthora pseudosyringae	KAG7384715.1 hypothetical protein PHYPSEUDO_002360 [Phytophthora pseudosyringae]
Phum-OR502AA_015_000346.1	CAH0478271.1	81.5	362	361	364	4.78e-209	581	100	622444	Oomycota	Peronospora	Peronospora belbahrii	CAH0478271.1 unnamed protein product [Peronospora belbahrii]
Phum-OR502AA_015_000077.1	KAE8884357.1	92.1	266	267	267	1.67e-175	488	99.6	53985	Oomycota	Phytophthora	Phytophthora fragariae	KAE8884357.1 hypothetical protein PF003_g31503 [Phytophthora fragariae]
Phum-OR502AA_015_000077.1	KAE9344642.1	91.7	266	267	267	4.79e-175	487	99.6	129364	Oomycota	Phytophthora	Phytophthora rubi	KAE9344642.1 hypothetical protein PR003_g8364 [Phytophthora rubi]
Phum-OR502AA_015_000077.1	KAK1929896.1	92.1	267	267	267	6.80e-175	486	100	4793	Oomycota	Phytophthora	Phytophthora citrophthora	KAK1929896.1 Membrane steroid-binding protein 2 [Phytophthora citrophthora]
Phum-OR502AA_015_000077.1	KAE9038368.1	91.7	266	267	267	9.66e-175	486	99.6	129364	Oomycota	Phytophthora	Phytophthora rubi	KAE9038368.1 hypothetical protein PR001_g7983 [Phytophthora rubi]
Phum-OR502AA_015_000077.1	KAG1691381.1	91.8	267	267	267	9.66e-175	486	100	4784	Oomycota	Phytophthora	Phytophthora capsici	KAG1691381.1 hypothetical protein DVH05_027043 [Phytophthora capsici]
Phum-OR502AA_015_000077.1	ETI33500.1	91.4	267	267	267	1.37e-174	486	100	4792;1317063;1317064;1317065;1317066	Oomycota	Phytophthora	Phytophthora nicotianae	ETI33500.1 hypothetical protein F443_19810 [Phytophthora nicotianae P1569]
Phum-OR502AA_015_000077.1	KAG2764020.1	92.1	267	267	267	1.37e-174	486	100	29920	Oomycota	Phytophthora	Phytophthora cactorum	KAG2764020.1 hypothetical protein Pcac1_g24305 [Phytophthora cactorum]
Phum-OR502AA_015_000077.1	KAG6621447.1	90.6	267	267	267	2.27e-173	483	100	4785	Oomycota	Phytophthora	Phytophthora cinnamomi	KAG6621447.1 putative heme/steroid binding domain-containing protein [Phytophthora cinnamomi]
Phum-OR502AA_015_000077.1	XP_002896280.1	91.4	266	267	267	9.25e-173	481	99.6	4787;403677	Oomycota	Phytophthora	Phytophthora infestans	XP_002896280.1 heme/steroid binding domain-containing protein, putative [Phytophthora infestans T30-4]
Phum-OR502AA_015_000077.1	KAG3113527.1	91.8	267	267	265	7.06e-172	479	100	53986	Oomycota	Phytophthora	Phytophthora idaei	KAG3113527.1 hypothetical protein PI125_g7245 [Phytophthora idaei]
Phum-OR502AA_015_000077.1	KAE9012243.1	92.1	266	267	538	2.28e-171	488	99.6	53985	Oomycota	Phytophthora	Phytophthora fragariae	KAE9012243.1 hypothetical protein PF011_g8997 [Phytophthora fragariae]
Phum-OR502AA_015_000077.1	RLN64960.1	91.7	266	267	465	3.16e-171	485	99.6	325452	Oomycota	Phytophthora	Phytophthora kernoviae	RLN64960.1 hypothetical protein BBP00_00003107 [Phytophthora kernoviae]
Phum-OR502AA_015_000077.1	KAF4324375.1	91.4	266	267	455	4.51e-171	484	99.6	325452;1284355	Oomycota	Phytophthora	Phytophthora kernoviae	KAF4324375.1 hypothetical protein G195_001119 [Phytophthora kernoviae 00238/432]
Phum-OR502AA_015_000077.1	KAE9345629.1	91.7	266	267	538	3.73e-170	485	99.6	53985	Oomycota	Phytophthora	Phytophthora fragariae	KAE9345629.1 hypothetical protein PF008_g8668 [Phytophthora fragariae]
Phum-OR502AA_015_000077.1	GMF41288.1	89.6	269	267	269	3.88e-170	474	100	1490495	Oomycota	Phytophthora	Phytophthora fragariaefolia	GMF41288.1 unnamed protein product [Phytophthora fragariaefolia]
Phum-OR502AA_015_000077.1	KAG7384290.1	88.8	267	267	267	2.08e-169	473	100	221518	Oomycota	Phytophthora	Phytophthora pseudosyringae	KAG7384290.1 hypothetical protein PHYPSEUDO_002819 [Phytophthora pseudosyringae]
Phum-OR502AA_015_000077.1	KAG7398908.1	91.4	266	267	521	3.46e-169	482	99.6	109152	Oomycota	Phytophthora	Phytophthora boehmeriae	KAG7398908.1 hypothetical protein PHYBOEH_010126 [Phytophthora boehmeriae]
Phum-OR502AA_015_000077.1	RLN51319.1	91.4	266	267	527	4.23e-169	482	99.6	325452	Oomycota	Phytophthora	Phytophthora kernoviae	RLN51319.1 hypothetical protein BBJ29_005117 [Phytophthora kernoviae]
Phum-OR502AA_015_000077.1	KAG2528422.1	91.0	266	267	527	8.51e-169	481	99.6	325452	Oomycota	Phytophthora	Phytophthora kernoviae	KAG2528422.1 hypothetical protein JM16_002846 [Phytophthora kernoviae]
Phum-OR502AA_015_000077.1	KAH7479934.1	91.9	258	267	260	9.34e-169	471	96.6	164328	Oomycota	Phytophthora	Phytophthora ramorum	KAH7479934.1 putative steroid-binding protein 3 [Phytophthora ramorum]
Phum-OR502AA_015_000077.1	CAI5729184.1	88.8	267	267	267	1.71e-168	470	100	134698	Oomycota	Peronospora	Peronospora farinosa	CAI5729184.1 unnamed protein product [Peronospora farinosa]
Phum-OR502AA_015_000077.1	CAI5724739.1	88.8	267	267	267	1.71e-168	470	100	542832	Oomycota	Peronospora	Peronospora effusa	CAI5724739.1 unnamed protein product [Peronospora effusa]
Phum-OR502AA_015_000077.1	CAH0490908.1	88.4	267	267	267	4.90e-168	469	100	134698	Oomycota	Peronospora	Peronospora farinosa	CAH0490908.1 unnamed protein product [Peronospora farinosa]
Phum-OR502AA_015_000077.1	CAI5715068.1	88.8	267	267	267	2.83e-167	467	100	86335	Oomycota	Peronospora	Peronospora destructor	CAI5715068.1 unnamed protein product [Peronospora destructor]
Phum-OR502AA_015_000077.1	GMF19050.1	91.0	266	267	690	1.11e-166	481	99.6	2077276	Oomycota	Phytophthora	Phytophthora lilii	GMF19050.1 unnamed protein product [Phytophthora lilii]
Phum-OR502AA_015_000345.1	KAG6611989.1	87.4	484	484	484	1.82e-309	845	100	4785	Oomycota	Phytophthora	Phytophthora cinnamomi	KAG6611989.1 Amino Acid/Auxin Permease (AAAP) Family [Phytophthora cinnamomi]
Phum-OR502AA_015_000345.1	CAH0478270.1	88.4	484	484	484	5.21e-309	844	99.8	622444	Oomycota	Peronospora	Peronospora belbahrii	CAH0478270.1 unnamed protein product [Peronospora belbahrii]
Phum-OR502AA_015_000345.1	XP_009536127.1	87.4	484	484	483	1.18e-307	840	100	67593	Oomycota	Phytophthora	Phytophthora sojae	XP_009536127.1 hypothetical protein PHYSODRAFT_255937 [Phytophthora sojae]
Phum-OR502AA_015_000345.1	KAE9218353.1	86.5	483	484	484	2.88e-306	837	99.8	53985	Oomycota	Phytophthora	Phytophthora fragariae	KAE9218353.1 hypothetical protein PF004_g13885 [Phytophthora fragariae]
Phum-OR502AA_015_000345.1	KAE9015645.1	86.5	483	484	484	5.80e-306	836	99.8	129364	Oomycota	Phytophthora	Phytophthora rubi	KAE9015645.1 hypothetical protein PR001_g14850 [Phytophthora rubi]
Phum-OR502AA_015_000345.1	KAE8898360.1	86.3	483	484	484	1.17e-305	835	99.8	53985	Oomycota	Phytophthora	Phytophthora fragariae	KAE8898360.1 hypothetical protein PF003_g17726 [Phytophthora fragariae]
Phum-OR502AA_015_000345.1	KAE9333800.1	86.3	483	484	484	1.66e-305	835	99.8	53985	Oomycota	Phytophthora	Phytophthora fragariae	KAE9333800.1 hypothetical protein PF008_g14267 [Phytophthora fragariae]
Phum-OR502AA_015_000345.1	GMF42075.1	87.0	484	484	484	3.35e-305	834	100	1490495	Oomycota	Phytophthora	Phytophthora fragariaefolia	GMF42075.1 unnamed protein product [Phytophthora fragariaefolia]
Phum-OR502AA_015_000345.1	KAG1685426.1	87.2	485	484	482	5.99e-303	828	100	4784	Oomycota	Phytophthora	Phytophthora capsici	KAG1685426.1 hypothetical protein DVH05_008364 [Phytophthora capsici]
Phum-OR502AA_015_000345.1	GMF32045.1	86.2	485	484	485	1.92e-302	827	100	2077276	Oomycota	Phytophthora	Phytophthora lilii	GMF32045.1 unnamed protein product [Phytophthora lilii]
Phum-OR502AA_015_000345.1	KAK1942491.1	86.8	484	484	482	5.72e-301	823	99.8	4793	Oomycota	Phytophthora	Phytophthora citrophthora	KAK1942491.1 Amino acid transporter ANT1 [Phytophthora citrophthora]
Phum-OR502AA_015_000345.1	KAI9985243.1	86.0	486	484	479	8.45e-300	820	100	4787	Oomycota	Phytophthora	Phytophthora infestans	KAI9985243.1 hypothetical protein PInf_004568 [Phytophthora infestans]
Phum-OR502AA_015_000345.1	KAF4138181.1	86.0	486	484	479	8.45e-300	820	100	4787	Oomycota	Phytophthora	Phytophthora infestans	KAF4138181.1 Transmembrane amino acid transporter protein [Phytophthora infestans]
Phum-OR502AA_015_000345.1	XP_008900059.1	86.0	486	484	532	2.14e-299	822	100	4792;761204;1317063;1317064;1317065;1317066	Oomycota	Phytophthora	Phytophthora nicotianae	XP_008900059.1 hypothetical protein PPTG_07534 [Phytophthora nicotianae INRA-310]
Phum-OR502AA_015_000345.1	XP_002906028.1	86.0	486	484	535	6.85e-299	820	100	403677	Oomycota	Phytophthora	Phytophthora infestans	XP_002906028.1 Amino Acid/Auxin Permease (AAAP) Family [Phytophthora infestans T30-4]
Phum-OR502AA_015_000345.1	ETK94153.1	85.8	486	484	532	8.70e-299	820	100	4792	Oomycota	Phytophthora	Phytophthora nicotianae	ETK94153.1 hypothetical protein L915_02744 [Phytophthora nicotianae]
Phum-OR502AA_015_000345.1	KAG3081203.1	85.6	486	484	480	1.19e-297	815	100	29920	Oomycota	Phytophthora	Phytophthora cactorum	KAG3081203.1 hypothetical protein PC121_g6519 [Phytophthora cactorum]
Phum-OR502AA_015_000345.1	KAG2816782.1	85.4	486	484	480	4.83e-297	813	100	29920	Oomycota	Phytophthora	Phytophthora cactorum	KAG2816782.1 hypothetical protein PC111_g13004 [Phytophthora cactorum]
Phum-OR502AA_015_000345.1	KAG3142572.1	85.4	486	484	480	4.83e-297	813	100	29920	Oomycota	Phytophthora	Phytophthora cactorum	KAG3142572.1 hypothetical protein PC128_g24751 [Phytophthora cactorum]
Phum-OR502AA_015_000345.1	KAG3129770.1	85.2	486	484	480	1.97e-296	812	100	53986;2496075	Oomycota	Phytophthora	Phytophthora idaei;Phytophthora aleatoria	KAG3129770.1 hypothetical protein PI126_g20812 [Phytophthora idaei]
Phum-OR502AA_015_000345.1	CAH0485894.1	82.8	483	484	484	5.95e-292	801	99.8	134698	Oomycota	Peronospora	Peronospora farinosa	CAH0485894.1 unnamed protein product [Peronospora farinosa]
Phum-OR502AA_015_000345.1	CAI5735988.1	83.4	483	484	483	2.71e-290	796	99.8	86335	Oomycota	Peronospora	Peronospora destructor	CAI5735988.1 unnamed protein product [Peronospora destructor]
Phum-OR502AA_015_000345.1	UIZ21770.1	82.6	483	484	484	2.82e-290	796	99.8	542832	Oomycota	Peronospora	Peronospora effusa	UIZ21770.1 hypothetical protein KXD40_008760 [Peronospora effusa]
Phum-OR502AA_015_000345.1	RMX66990.1	82.4	483	484	484	1.63e-289	795	99.8	542832	Oomycota	Peronospora	Peronospora effusa	RMX66990.1 hypothetical protein DD238_001637 [Peronospora effusa]
Phum-OR502AA_015_000345.1	CAI5735980.1	82.5	481	484	482	2.04e-287	789	99.4	86335	Oomycota	Peronospora	Peronospora destructor	CAI5735980.1 unnamed protein product [Peronospora destructor]
Phum-OR502AA_015_000078.1	KAG6611989.1	87.4	484	484	484	1.82e-309	845	100	4785	Oomycota	Phytophthora	Phytophthora cinnamomi	KAG6611989.1 Amino Acid/Auxin Permease (AAAP) Family [Phytophthora cinnamomi]
Phum-OR502AA_015_000078.1	CAH0478270.1	88.4	484	484	484	5.21e-309	844	99.8	622444	Oomycota	Peronospora	Peronospora belbahrii	CAH0478270.1 unnamed protein product [Peronospora belbahrii]
Phum-OR502AA_015_000078.1	XP_009536127.1	87.4	484	484	483	1.18e-307	840	100	67593	Oomycota	Phytophthora	Phytophthora sojae	XP_009536127.1 hypothetical protein PHYSODRAFT_255937 [Phytophthora sojae]
Phum-OR502AA_015_000078.1	KAE9218353.1	86.5	483	484	484	2.88e-306	837	99.8	53985	Oomycota	Phytophthora	Phytophthora fragariae	KAE9218353.1 hypothetical protein PF004_g13885 [Phytophthora fragariae]
Phum-OR502AA_015_000078.1	KAE9015645.1	86.5	483	484	484	5.80e-306	836	99.8	129364	Oomycota	Phytophthora	Phytophthora rubi	KAE9015645.1 hypothetical protein PR001_g14850 [Phytophthora rubi]
Phum-OR502AA_015_000078.1	KAE8898360.1	86.3	483	484	484	1.17e-305	835	99.8	53985	Oomycota	Phytophthora	Phytophthora fragariae	KAE8898360.1 hypothetical protein PF003_g17726 [Phytophthora fragariae]
Phum-OR502AA_015_000078.1	KAE9333800.1	86.3	483	484	484	1.66e-305	835	99.8	53985	Oomycota	Phytophthora	Phytophthora fragariae	KAE9333800.1 hypothetical protein PF008_g14267 [Phytophthora fragariae]
Phum-OR502AA_015_000078.1	GMF42075.1	87.0	484	484	484	3.35e-305	834	100	1490495	Oomycota	Phytophthora	Phytophthora fragariaefolia	GMF42075.1 unnamed protein product [Phytophthora fragariaefolia]
Phum-OR502AA_015_000078.1	KAG1685426.1	87.2	485	484	482	5.99e-303	828	100	4784	Oomycota	Phytophthora	Phytophthora capsici	KAG1685426.1 hypothetical protein DVH05_008364 [Phytophthora capsici]
Phum-OR502AA_015_000078.1	GMF32045.1	86.2	485	484	485	1.92e-302	827	100	2077276	Oomycota	Phytophthora	Phytophthora lilii	GMF32045.1 unnamed protein product [Phytophthora lilii]
Phum-OR502AA_015_000078.1	KAK1942491.1	86.8	484	484	482	5.72e-301	823	99.8	4793	Oomycota	Phytophthora	Phytophthora citrophthora	KAK1942491.1 Amino acid transporter ANT1 [Phytophthora citrophthora]
Phum-OR502AA_015_000078.1	KAI9985243.1	86.0	486	484	479	8.45e-300	820	100	4787	Oomycota	Phytophthora	Phytophthora infestans	KAI9985243.1 hypothetical protein PInf_004568 [Phytophthora infestans]
Phum-OR502AA_015_000078.1	KAF4138181.1	86.0	486	484	479	8.45e-300	820	100	4787	Oomycota	Phytophthora	Phytophthora infestans	KAF4138181.1 Transmembrane amino acid transporter protein [Phytophthora infestans]
Phum-OR502AA_015_000078.1	XP_008900059.1	86.0	486	484	532	2.14e-299	822	100	4792;761204;1317063;1317064;1317065;1317066	Oomycota	Phytophthora	Phytophthora nicotianae	XP_008900059.1 hypothetical protein PPTG_07534 [Phytophthora nicotianae INRA-310]
Phum-OR502AA_015_000078.1	XP_002906028.1	86.0	486	484	535	6.85e-299	820	100	403677	Oomycota	Phytophthora	Phytophthora infestans	XP_002906028.1 Amino Acid/Auxin Permease (AAAP) Family [Phytophthora infestans T30-4]
Phum-OR502AA_015_000078.1	ETK94153.1	85.8	486	484	532	8.70e-299	820	100	4792	Oomycota	Phytophthora	Phytophthora nicotianae	ETK94153.1 hypothetical protein L915_02744 [Phytophthora nicotianae]
Phum-OR502AA_015_000078.1	KAG3081203.1	85.6	486	484	480	1.19e-297	815	100	29920	Oomycota	Phytophthora	Phytophthora cactorum	KAG3081203.1 hypothetical protein PC121_g6519 [Phytophthora cactorum]
Phum-OR502AA_015_000078.1	KAG2816782.1	85.4	486	484	480	4.83e-297	813	100	29920	Oomycota	Phytophthora	Phytophthora cactorum	KAG2816782.1 hypothetical protein PC111_g13004 [Phytophthora cactorum]
Phum-OR502AA_015_000078.1	KAG3142572.1	85.4	486	484	480	4.83e-297	813	100	29920	Oomycota	Phytophthora	Phytophthora cactorum	KAG3142572.1 hypothetical protein PC128_g24751 [Phytophthora cactorum]
Phum-OR502AA_015_000078.1	KAG3129770.1	85.2	486	484	480	1.97e-296	812	100	53986;2496075	Oomycota	Phytophthora	Phytophthora idaei;Phytophthora aleatoria	KAG3129770.1 hypothetical protein PI126_g20812 [Phytophthora idaei]
Phum-OR502AA_015_000078.1	CAH0485894.1	82.8	483	484	484	5.95e-292	801	99.8	134698	Oomycota	Peronospora	Peronospora farinosa	CAH0485894.1 unnamed protein product [Peronospora farinosa]
Phum-OR502AA_015_000078.1	CAI5735988.1	83.4	483	484	483	2.71e-290	796	99.8	86335	Oomycota	Peronospora	Peronospora destructor	CAI5735988.1 unnamed protein product [Peronospora destructor]
Phum-OR502AA_015_000078.1	UIZ21770.1	82.6	483	484	484	2.82e-290	796	99.8	542832	Oomycota	Peronospora	Peronospora effusa	UIZ21770.1 hypothetical protein KXD40_008760 [Peronospora effusa]
Phum-OR502AA_015_000078.1	RMX66990.1	82.4	483	484	484	1.63e-289	795	99.8	542832	Oomycota	Peronospora	Peronospora effusa	RMX66990.1 hypothetical protein DD238_001637 [Peronospora effusa]
Phum-OR502AA_015_000078.1	CAI5735980.1	82.5	481	484	482	2.04e-287	789	99.4	86335	Oomycota	Peronospora	Peronospora destructor	CAI5735980.1 unnamed protein product [Peronospora destructor]
Phum-OR502AA_015_000344.1	KAE8884357.1	92.1	266	267	267	1.67e-175	488	99.6	53985	Oomycota	Phytophthora	Phytophthora fragariae	KAE8884357.1 hypothetical protein PF003_g31503 [Phytophthora fragariae]
Phum-OR502AA_015_000344.1	KAE9344642.1	91.7	266	267	267	4.79e-175	487	99.6	129364	Oomycota	Phytophthora	Phytophthora rubi	KAE9344642.1 hypothetical protein PR003_g8364 [Phytophthora rubi]
Phum-OR502AA_015_000344.1	KAK1929896.1	92.1	267	267	267	6.80e-175	486	100	4793	Oomycota	Phytophthora	Phytophthora citrophthora	KAK1929896.1 Membrane steroid-binding protein 2 [Phytophthora citrophthora]
Phum-OR502AA_015_000344.1	KAE9038368.1	91.7	266	267	267	9.66e-175	486	99.6	129364	Oomycota	Phytophthora	Phytophthora rubi	KAE9038368.1 hypothetical protein PR001_g7983 [Phytophthora rubi]
Phum-OR502AA_015_000344.1	KAG1691381.1	91.8	267	267	267	9.66e-175	486	100	4784	Oomycota	Phytophthora	Phytophthora capsici	KAG1691381.1 hypothetical protein DVH05_027043 [Phytophthora capsici]
Phum-OR502AA_015_000344.1	ETI33500.1	91.4	267	267	267	1.37e-174	486	100	4792;1317063;1317064;1317065;1317066	Oomycota	Phytophthora	Phytophthora nicotianae	ETI33500.1 hypothetical protein F443_19810 [Phytophthora nicotianae P1569]
Phum-OR502AA_015_000344.1	KAG2764020.1	92.1	267	267	267	1.37e-174	486	100	29920	Oomycota	Phytophthora	Phytophthora cactorum	KAG2764020.1 hypothetical protein Pcac1_g24305 [Phytophthora cactorum]
Phum-OR502AA_015_000344.1	KAG6621447.1	90.6	267	267	267	2.27e-173	483	100	4785	Oomycota	Phytophthora	Phytophthora cinnamomi	KAG6621447.1 putative heme/steroid binding domain-containing protein [Phytophthora cinnamomi]
Phum-OR502AA_015_000344.1	XP_002896280.1	91.4	266	267	267	9.25e-173	481	99.6	4787;403677	Oomycota	Phytophthora	Phytophthora infestans	XP_002896280.1 heme/steroid binding domain-containing protein, putative [Phytophthora infestans T30-4]
Phum-OR502AA_015_000344.1	KAG3113527.1	91.8	267	267	265	7.06e-172	479	100	53986	Oomycota	Phytophthora	Phytophthora idaei	KAG3113527.1 hypothetical protein PI125_g7245 [Phytophthora idaei]
Phum-OR502AA_015_000344.1	KAE9012243.1	92.1	266	267	538	2.28e-171	488	99.6	53985	Oomycota	Phytophthora	Phytophthora fragariae	KAE9012243.1 hypothetical protein PF011_g8997 [Phytophthora fragariae]
Phum-OR502AA_015_000344.1	RLN64960.1	91.7	266	267	465	3.16e-171	485	99.6	325452	Oomycota	Phytophthora	Phytophthora kernoviae	RLN64960.1 hypothetical protein BBP00_00003107 [Phytophthora kernoviae]
Phum-OR502AA_015_000344.1	KAF4324375.1	91.4	266	267	455	4.51e-171	484	99.6	325452;1284355	Oomycota	Phytophthora	Phytophthora kernoviae	KAF4324375.1 hypothetical protein G195_001119 [Phytophthora kernoviae 00238/432]
Phum-OR502AA_015_000344.1	KAE9345629.1	91.7	266	267	538	3.73e-170	485	99.6	53985	Oomycota	Phytophthora	Phytophthora fragariae	KAE9345629.1 hypothetical protein PF008_g8668 [Phytophthora fragariae]
Phum-OR502AA_015_000344.1	GMF41288.1	89.6	269	267	269	3.88e-170	474	100	1490495	Oomycota	Phytophthora	Phytophthora fragariaefolia	GMF41288.1 unnamed protein product [Phytophthora fragariaefolia]
Phum-OR502AA_015_000344.1	KAG7384290.1	88.8	267	267	267	2.08e-169	473	100	221518	Oomycota	Phytophthora	Phytophthora pseudosyringae	KAG7384290.1 hypothetical protein PHYPSEUDO_002819 [Phytophthora pseudosyringae]
Phum-OR502AA_015_000344.1	KAG7398908.1	91.4	266	267	521	3.46e-169	482	99.6	109152	Oomycota	Phytophthora	Phytophthora boehmeriae	KAG7398908.1 hypothetical protein PHYBOEH_010126 [Phytophthora boehmeriae]
Phum-OR502AA_015_000344.1	RLN51319.1	91.4	266	267	527	4.23e-169	482	99.6	325452	Oomycota	Phytophthora	Phytophthora kernoviae	RLN51319.1 hypothetical protein BBJ29_005117 [Phytophthora kernoviae]
Phum-OR502AA_015_000344.1	KAG2528422.1	91.0	266	267	527	8.51e-169	481	99.6	325452	Oomycota	Phytophthora	Phytophthora kernoviae	KAG2528422.1 hypothetical protein JM16_002846 [Phytophthora kernoviae]
Phum-OR502AA_015_000344.1	KAH7479934.1	91.9	258	267	260	9.34e-169	471	96.6	164328	Oomycota	Phytophthora	Phytophthora ramorum	KAH7479934.1 putative steroid-binding protein 3 [Phytophthora ramorum]
Phum-OR502AA_015_000344.1	CAI5729184.1	88.8	267	267	267	1.71e-168	470	100	134698	Oomycota	Peronospora	Peronospora farinosa	CAI5729184.1 unnamed protein product [Peronospora farinosa]
Phum-OR502AA_015_000344.1	CAI5724739.1	88.8	267	267	267	1.71e-168	470	100	542832	Oomycota	Peronospora	Peronospora effusa	CAI5724739.1 unnamed protein product [Peronospora effusa]
Phum-OR502AA_015_000344.1	CAH0490908.1	88.4	267	267	267	4.90e-168	469	100	134698	Oomycota	Peronospora	Peronospora farinosa	CAH0490908.1 unnamed protein product [Peronospora farinosa]
Phum-OR502AA_015_000344.1	CAI5715068.1	88.8	267	267	267	2.83e-167	467	100	86335	Oomycota	Peronospora	Peronospora destructor	CAI5715068.1 unnamed protein product [Peronospora destructor]
Phum-OR502AA_015_000344.1	GMF19050.1	91.0	266	267	690	1.11e-166	481	99.6	2077276	Oomycota	Phytophthora	Phytophthora lilii	GMF19050.1 unnamed protein product [Phytophthora lilii]
Phum-OR502AA_015_000079.1	KAH7487671.1	85.0	361	361	363	1.23e-220	610	100	164328	Oomycota	Phytophthora	Phytophthora ramorum	KAH7487671.1 Threonylcarbamoyl-AMP synthase [Phytophthora ramorum]
Phum-OR502AA_015_000079.1	KAG6960143.1	84.5	361	361	363	2.48e-220	609	100	2496075	Oomycota	Phytophthora	Phytophthora aleatoria	KAG6960143.1 hypothetical protein JG688_00009735 [Phytophthora aleatoria]
Phum-OR502AA_015_000079.1	KAG1685429.1	85.0	361	361	362	4.82e-220	608	100	4784	Oomycota	Phytophthora	Phytophthora capsici	KAG1685429.1 hypothetical protein DVH05_008367 [Phytophthora capsici]
Phum-OR502AA_015_000079.1	KAF1790117.1	84.2	361	361	363	7.10e-220	608	100	29920	Oomycota	Phytophthora	Phytophthora cactorum	KAF1790117.1 DHBP synthase RibB-like alpha/beta domain [Phytophthora cactorum]
Phum-OR502AA_015_000079.1	KAG2782827.1	84.2	361	361	363	7.10e-220	608	100	29920	Oomycota	Phytophthora	Phytophthora cactorum	KAG2782827.1 hypothetical protein Pcac1_g7476 [Phytophthora cactorum]
Phum-OR502AA_015_000079.1	KAK1942488.1	85.3	361	361	362	9.71e-220	608	100	4793	Oomycota	Phytophthora	Phytophthora citrophthora	KAK1942488.1 Threonylcarbamoyl-AMP synthase [Phytophthora citrophthora]
Phum-OR502AA_015_000079.1	KAG3117776.1	84.2	361	361	363	1.43e-219	607	100	53986	Oomycota	Phytophthora	Phytophthora idaei	KAG3117776.1 hypothetical protein PI125_g3435 [Phytophthora idaei]
Phum-OR502AA_015_000079.1	CAI5735986.1	85.0	361	361	363	2.37e-218	604	100	86335	Oomycota	Peronospora	Peronospora destructor	CAI5735986.1 unnamed protein product [Peronospora destructor]
Phum-OR502AA_015_000079.1	KAE8898368.1	83.9	361	361	363	4.77e-218	603	100	53985;129364	Oomycota	Phytophthora	Phytophthora fragariae;Phytophthora rubi	KAE8898368.1 hypothetical protein PF003_g17728 [Phytophthora fragariae]
Phum-OR502AA_015_000079.1	XP_009536128.1	83.9	361	361	363	1.94e-217	602	100	67593	Oomycota	Phytophthora	Phytophthora sojae	XP_009536128.1 hypothetical protein PHYSODRAFT_549986 [Phytophthora sojae]
Phum-OR502AA_015_000079.1	CAH0485895.1	84.2	361	361	363	2.76e-217	602	100	134698	Oomycota	Peronospora	Peronospora farinosa	CAH0485895.1 unnamed protein product [Peronospora farinosa]
Phum-OR502AA_015_000079.1	ETI54314.1	83.1	361	361	363	1.59e-216	600	100	4792;1317064;1317065	Oomycota	Phytophthora	Phytophthora nicotianae	ETI54314.1 Sua5/YciO/YrdC/YwlC family protein [Phytophthora nicotianae P1569]
Phum-OR502AA_015_000079.1	XP_008900052.1	82.8	361	361	363	4.56e-216	598	100	761204	Oomycota	Phytophthora	Phytophthora nicotianae	XP_008900052.1 Sua5/YciO/YrdC/YwlC family protein [Phytophthora nicotianae INRA-310]
Phum-OR502AA_015_000079.1	ETM53831.1	83.1	361	361	363	9.19e-216	598	100	4792	Oomycota	Phytophthora	Phytophthora nicotianae	ETM53831.1 Sua5/YciO/YrdC/YwlC family protein [Phytophthora nicotianae]
Phum-OR502AA_015_000079.1	ETK94166.1	82.8	361	361	363	1.30e-215	597	100	4792;1317063;1317066	Oomycota	Phytophthora	Phytophthora nicotianae	ETK94166.1 Sua5/YciO/YrdC/YwlC family protein [Phytophthora nicotianae]
Phum-OR502AA_015_000079.1	KUF76439.1	82.8	361	361	363	1.30e-215	597	100	4792	Oomycota	Phytophthora	Phytophthora nicotianae	KUF76439.1 Threonylcarbamoyl-AMP synthase [Phytophthora nicotianae]
Phum-OR502AA_015_000079.1	KAG7397994.1	82.3	361	361	363	3.74e-215	596	100	109152	Oomycota	Phytophthora	Phytophthora boehmeriae	KAG7397994.1 hypothetical protein PHYBOEH_011826 [Phytophthora boehmeriae]
Phum-OR502AA_015_000079.1	CAI5735978.1	83.7	361	361	363	3.74e-215	596	100	86335	Oomycota	Peronospora	Peronospora destructor	CAI5735978.1 unnamed protein product [Peronospora destructor]
Phum-OR502AA_015_000079.1	XP_002906047.1	82.8	361	361	363	5.31e-215	596	100	4787;403677	Oomycota	Phytophthora	Phytophthora infestans	XP_002906047.1 uncharacterized protein PITG_04428 [Phytophthora infestans T30-4]
Phum-OR502AA_015_000079.1	RMX66995.1	83.7	361	361	363	1.07e-214	595	100	542832	Oomycota	Peronospora	Peronospora effusa	RMX66995.1 hypothetical protein DD238_001638 [Peronospora effusa]
Phum-OR502AA_015_000079.1	CAI5731744.1	81.4	361	361	364	2.61e-213	592	100	162125	Oomycota	Hyaloperonospora	Hyaloperonospora brassicae	CAI5731744.1 unnamed protein product [Hyaloperonospora brassicae]
Phum-OR502AA_015_000079.1	KAG6611990.1	82.3	361	361	363	1.45e-212	590	100	4785	Oomycota	Phytophthora	Phytophthora cinnamomi	KAG6611990.1 Sua5/YciO/YrdC/YwlC family protein [Phytophthora cinnamomi]
Phum-OR502AA_015_000079.1	OWZ15995.1	81.4	361	361	362	3.28e-211	586	100	4795	Oomycota	Phytophthora	Phytophthora megakarya	OWZ15995.1 Sua5/YciO/YrdC/YwlC family protein [Phytophthora megakarya]
Phum-OR502AA_015_000079.1	KAG7384715.1	81.4	361	361	363	1.96e-210	584	100	221518	Oomycota	Phytophthora	Phytophthora pseudosyringae	KAG7384715.1 hypothetical protein PHYPSEUDO_002360 [Phytophthora pseudosyringae]
Phum-OR502AA_015_000079.1	CAH0478271.1	81.5	362	361	364	4.78e-209	581	100	622444	Oomycota	Peronospora	Peronospora belbahrii	CAH0478271.1 unnamed protein product [Peronospora belbahrii]
Phum-OR502AA_015_000080.1	KAH7487672.1	74.1	193	169	193	4.34e-87	257	100	164328	Oomycota	Phytophthora	Phytophthora ramorum	KAH7487672.1 Vesicle transport protein SFT2B [Phytophthora ramorum]
Phum-OR502AA_015_000080.1	KAG6612049.1	72.7	194	169	194	7.06e-84	249	100	4785	Oomycota	Phytophthora	Phytophthora cinnamomi	KAG6612049.1 Transmembrane protein [Phytophthora cinnamomi]
Phum-OR502AA_015_000080.1	KAI9985245.1	72.2	194	169	196	1.52e-83	248	98.8	4787	Oomycota	Phytophthora	Phytophthora infestans	KAI9985245.1 hypothetical protein PInf_004570 [Phytophthora infestans]
Phum-OR502AA_015_000080.1	KAF4045521.1	71.6	194	169	196	1.77e-82	246	98.8	4787	Oomycota	Phytophthora	Phytophthora infestans	KAF4045521.1 Got1/Sft2-like family [Phytophthora infestans]
Phum-OR502AA_015_000080.1	KAG2782829.1	70.8	195	169	197	7.43e-82	244	98.8	29920	Oomycota	Phytophthora	Phytophthora cactorum	KAG2782829.1 hypothetical protein Pcac1_g7474 [Phytophthora cactorum]
Phum-OR502AA_015_000080.1	KAG3071834.1	70.8	195	169	197	7.43e-82	244	98.8	53986	Oomycota	Phytophthora	Phytophthora idaei	KAG3071834.1 hypothetical protein PI125_g22650 [Phytophthora idaei]
Phum-OR502AA_015_000080.1	ETM00638.1	71.0	193	169	195	1.40e-81	243	98.8	4792	Oomycota	Phytophthora	Phytophthora nicotianae	ETM00638.1 hypothetical protein L917_02659 [Phytophthora nicotianae]
Phum-OR502AA_015_000080.1	KAG1685428.1	72.0	193	169	193	1.86e-81	243	100	4784	Oomycota	Phytophthora	Phytophthora capsici	KAG1685428.1 hypothetical protein DVH05_008366 [Phytophthora capsici]
Phum-OR502AA_015_000080.1	XP_008900061.1	70.5	193	169	195	2.82e-81	243	98.8	4792;761204;1317063;1317064;1317065;1317066	Oomycota	Phytophthora	Phytophthora nicotianae	XP_008900061.1 hypothetical protein PPTG_07536 [Phytophthora nicotianae INRA-310]
Phum-OR502AA_015_000080.1	KAG2816768.1	70.8	192	169	216	2.67e-79	238	97.0	29920	Oomycota	Phytophthora	Phytophthora cactorum	KAG2816768.1 hypothetical protein PC111_g13002 [Phytophthora cactorum]
Phum-OR502AA_015_000080.1	KAF4315140.1	70.3	192	169	195	4.42e-78	234	98.2	325452;1284355	Oomycota	Phytophthora	Phytophthora kernoviae	KAF4315140.1 hypothetical protein G195_011348 [Phytophthora kernoviae 00238/432]
Phum-OR502AA_015_000080.1	KAG7384718.1	70.5	193	169	193	1.68e-77	233	100	221518	Oomycota	Phytophthora	Phytophthora pseudosyringae	KAG7384718.1 hypothetical protein PHYPSEUDO_002363 [Phytophthora pseudosyringae]
Phum-OR502AA_015_000080.1	KAG6960144.1	68.8	202	169	380	3.01e-77	239	98.8	2496075	Oomycota	Phytophthora	Phytophthora aleatoria	KAG6960144.1 hypothetical protein JG688_00009734 [Phytophthora aleatoria]
Phum-OR502AA_015_000080.1	XP_024572198.1	66.8	190	169	193	1.95e-76	230	98.2	4781	Oomycota	Plasmopara	Plasmopara halstedii	XP_024572198.1 vesicle transport protein sft2a [Plasmopara halstedii]
Phum-OR502AA_015_000080.1	OWZ21650.1	70.2	198	169	191	2.01e-73	223	100	4795	Oomycota	Phytophthora	Phytophthora megakarya	OWZ21650.1 putative membrane protein [Phytophthora megakarya]
Phum-OR502AA_015_000080.1	CAI5739199.1	66.7	195	169	195	4.62e-73	222	100	162125	Oomycota	Hyaloperonospora	Hyaloperonospora brassicae	CAI5739199.1 unnamed protein product [Hyaloperonospora brassicae]
Phum-OR502AA_015_000080.1	KAG7397996.1	69.7	188	169	722	8.33e-72	233	98.2	109152	Oomycota	Phytophthora	Phytophthora boehmeriae	KAG7397996.1 SNW domain-containing protein 1 [Phytophthora boehmeriae]
Phum-OR502AA_015_000080.1	POM59392.1	74.1	170	169	173	1.50e-71	217	86.4	4796	Oomycota	Phytophthora	Phytophthora palmivora	POM59392.1 Transmembrane protein [Phytophthora palmivora]
Phum-OR502AA_015_000080.1	KAE9015641.1	63.8	196	169	196	1.83e-70	215	100	129364	Oomycota	Phytophthora	Phytophthora rubi	KAE9015641.1 hypothetical protein PR001_g14847 [Phytophthora rubi]
Phum-OR502AA_015_000080.1	POM71009.1	72.9	170	169	173	2.47e-70	214	86.4	4796	Oomycota	Phytophthora	Phytophthora palmivora	POM71009.1 Transmembrane protein [Phytophthora palmivora]
Phum-OR502AA_015_000080.1	TDH66970.1	63.8	188	169	189	1.69e-69	213	98.2	4779	Oomycota	Bremia	Bremia lactucae	TDH66970.1 hypothetical protein CCR75_007966 [Bremia lactucae]
Phum-OR502AA_015_000080.1	CAH0478269.1	61.3	194	169	194	4.01e-69	212	100	622444	Oomycota	Peronospora	Peronospora belbahrii	CAH0478269.1 unnamed protein product [Peronospora belbahrii]
Phum-OR502AA_015_000080.1	RMX66991.1	64.1	192	169	195	3.38e-68	209	98.2	542832	Oomycota	Peronospora	Peronospora effusa	RMX66991.1 hypothetical protein DD238_001636 [Peronospora effusa]
Phum-OR502AA_015_000080.1	KAE8898365.1	62.2	196	169	196	7.03e-68	209	100	53985	Oomycota	Phytophthora	Phytophthora fragariae	KAE8898365.1 hypothetical protein PF003_g17723 [Phytophthora fragariae]
Phum-OR502AA_015_000080.1	KUF97536.1	70.0	170	169	170	2.86e-66	204	85.2	4792	Oomycota	Phytophthora	Phytophthora nicotianae	KUF97536.1 Vesicle transport protein SFT2B [Phytophthora nicotianae]
Phum-OR502AA_015_000081.1	GMF31752.1	83.1	77	171	186	3.03e-40	138	45.0	2077276	Oomycota	Phytophthora	Phytophthora lilii	GMF31752.1 unnamed protein product [Phytophthora lilii]
Phum-OR502AA_015_000081.1	KAF1790115.1	88.9	72	171	358	5.92e-38	137	42.1	29920	Oomycota	Phytophthora	Phytophthora cactorum	KAF1790115.1 Ubiquitin-related domain [Phytophthora cactorum]
Phum-OR502AA_015_000081.1	KAF1774982.1	88.9	72	171	362	6.41e-38	137	42.1	29920	Oomycota	Phytophthora	Phytophthora cactorum	KAF1774982.1 Ubiquitin-related domain [Phytophthora cactorum]
Phum-OR502AA_015_000081.1	KAG2782828.1	88.9	72	171	383	9.57e-38	137	42.1	29920	Oomycota	Phytophthora	Phytophthora cactorum	KAG2782828.1 hypothetical protein Pcac1_g7477 [Phytophthora cactorum]
Phum-OR502AA_015_000081.1	KAG3117800.1	88.9	72	171	383	9.57e-38	137	42.1	53986	Oomycota	Phytophthora	Phytophthora idaei	KAG3117800.1 hypothetical protein PI125_g3436 [Phytophthora idaei]
Phum-OR502AA_015_000081.1	KAG6960142.1	88.9	72	171	383	9.57e-38	137	42.1	2496075	Oomycota	Phytophthora	Phytophthora aleatoria	KAG6960142.1 hypothetical protein JG688_00009736 [Phytophthora aleatoria]
Phum-OR502AA_015_000081.1	XP_008900051.1	84.0	75	171	389	1.07e-37	137	43.9	4792;761204;1317063;1317064;1317065;1317066	Oomycota	Phytophthora	Phytophthora nicotianae	XP_008900051.1 hypothetical protein, variant [Phytophthora nicotianae INRA-310]
Phum-OR502AA_015_000081.1	GMF42071.1	78.0	82	171	290	1.48e-37	134	46.2	1490495	Oomycota	Phytophthora	Phytophthora fragariaefolia	GMF42071.1 unnamed protein product [Phytophthora fragariaefolia]
Phum-OR502AA_015_000081.1	CAI5735976.1	86.1	72	171	388	2.06e-37	136	42.1	86335	Oomycota	Peronospora	Peronospora destructor	CAI5735976.1 unnamed protein product [Peronospora destructor]
Phum-OR502AA_015_000081.1	XP_009536129.1	75.9	83	171	397	2.42e-37	136	48.5	67593	Oomycota	Phytophthora	Phytophthora sojae	XP_009536129.1 hypothetical protein PHYSODRAFT_348097 [Phytophthora sojae]
Phum-OR502AA_015_000081.1	KAE8898369.1	75.9	83	171	397	4.75e-37	135	48.5	53985	Oomycota	Phytophthora	Phytophthora fragariae	KAE8898369.1 hypothetical protein PF003_g17729 [Phytophthora fragariae]
Phum-OR502AA_015_000081.1	KAE8971507.1	75.9	83	171	397	4.75e-37	135	48.5	53985	Oomycota	Phytophthora	Phytophthora fragariae	KAE8971507.1 hypothetical protein PF011_g26007 [Phytophthora fragariae]
Phum-OR502AA_015_000081.1	UIZ21947.1	86.1	72	171	387	7.81e-37	135	42.1	542832	Oomycota	Peronospora	Peronospora effusa	UIZ21947.1 hypothetical protein KXD40_008758 [Peronospora effusa]
Phum-OR502AA_015_000081.1	CAH0485896.1	86.1	72	171	387	7.81e-37	135	42.1	134698	Oomycota	Peronospora	Peronospora farinosa	CAH0485896.1 unnamed protein product [Peronospora farinosa]
Phum-OR502AA_015_000081.1	KAI9985261.1	84.7	72	171	375	1.23e-36	134	42.1	4787	Oomycota	Phytophthora	Phytophthora infestans	KAI9985261.1 hypothetical protein PInf_004587 [Phytophthora infestans]
Phum-OR502AA_015_000081.1	KAG6612022.1	83.1	77	171	396	1.28e-36	134	43.3	4785	Oomycota	Phytophthora	Phytophthora cinnamomi	KAG6612022.1 putative regulator of the ubiquitin pathway (contains UAS and UBX domains) [Phytophthora cinnamomi]
Phum-OR502AA_015_000081.1	KAF4134162.1	84.7	72	171	393	1.70e-36	134	42.1	4787	Oomycota	Phytophthora	Phytophthora infestans	KAF4134162.1 UBX domain-containing protein [Phytophthora infestans]
Phum-OR502AA_015_000081.1	KAF4029926.1	84.7	72	171	393	1.70e-36	134	42.1	4787	Oomycota	Phytophthora	Phytophthora infestans	KAF4029926.1 UBX domain-containing protein [Phytophthora infestans]
Phum-OR502AA_015_000081.1	KAE9015647.1	74.7	83	171	397	1.83e-36	134	48.5	129364	Oomycota	Phytophthora	Phytophthora rubi	KAE9015647.1 hypothetical protein PR001_g14852 [Phytophthora rubi]
Phum-OR502AA_015_000081.1	KUF90902.1	84.7	72	171	366	2.05e-36	133	42.1	4792	Oomycota	Phytophthora	Phytophthora nicotianae	KUF90902.1 hypothetical protein AM588_10002826 [Phytophthora nicotianae]
Phum-OR502AA_015_000081.1	XP_008900050.1	84.7	72	171	393	3.34e-36	133	42.1	4792;761204;1317063;1317064;1317065;1317066	Oomycota	Phytophthora	Phytophthora nicotianae	XP_008900050.1 hypothetical protein PPTG_07526 [Phytophthora nicotianae INRA-310]
Phum-OR502AA_015_000081.1	KAG7384714.1	84.7	72	171	426	4.09e-36	134	42.1	221518	Oomycota	Phytophthora	Phytophthora pseudosyringae	KAG7384714.1 hypothetical protein PHYPSEUDO_002359 [Phytophthora pseudosyringae]
Phum-OR502AA_015_000081.1	CAH0478272.1	83.3	72	171	391	4.52e-36	133	42.1	622444	Oomycota	Peronospora	Peronospora belbahrii	CAH0478272.1 unnamed protein product [Peronospora belbahrii]
Phum-OR502AA_015_000081.1	CAI5736038.1	83.3	72	171	347	1.09e-35	131	42.1	86335	Oomycota	Peronospora	Peronospora destructor	CAI5736038.1 unnamed protein product [Peronospora destructor]
Phum-OR502AA_015_000081.1	XP_002906046.1	83.3	72	171	393	1.28e-35	132	42.1	403677	Oomycota	Phytophthora	Phytophthora infestans	XP_002906046.1 uncharacterized protein PITG_04427 [Phytophthora infestans T30-4]
Phum-OR502AA_015_000343.1	RMX66992.1	82.8	297	293	298	5.80e-158	446	99.7	542832	Oomycota	Peronospora	Peronospora effusa	RMX66992.1 hypothetical protein DD238_001635 [Peronospora effusa]
Phum-OR502AA_015_000343.1	CAI5736053.1	82.8	296	293	297	1.86e-156	442	99.7	86335	Oomycota	Peronospora	Peronospora destructor	CAI5736053.1 unnamed protein product [Peronospora destructor]
Phum-OR502AA_015_000343.1	CAH0485892.1	81.8	297	293	298	1.29e-154	437	99.7	134698	Oomycota	Peronospora	Peronospora farinosa	CAH0485892.1 unnamed protein product [Peronospora farinosa]
Phum-OR502AA_015_000343.1	KAE8898300.1	82.5	275	293	296	2.97e-148	421	93.9	53985	Oomycota	Phytophthora	Phytophthora fragariae	KAE8898300.1 hypothetical protein PF003_g17719 [Phytophthora fragariae]
Phum-OR502AA_015_000343.1	KAG6960146.1	84.8	264	293	282	1.04e-147	419	90.1	2496075	Oomycota	Phytophthora	Phytophthora aleatoria	KAG6960146.1 hypothetical protein JG688_00009740 [Phytophthora aleatoria]
Phum-OR502AA_015_000343.1	KAE9333790.1	82.2	275	293	296	1.21e-147	420	93.9	53985	Oomycota	Phytophthora	Phytophthora fragariae	KAE9333790.1 hypothetical protein PF008_g14275 [Phytophthora fragariae]
Phum-OR502AA_015_000343.1	OWZ15992.1	82.2	269	293	286	1.98e-146	416	91.8	4795	Oomycota	Phytophthora	Phytophthora megakarya	OWZ15992.1 SNARE associated Golgi protein [Phytophthora megakarya]
Phum-OR502AA_015_000343.1	XP_009536123.1	84.0	262	293	265	7.67e-146	414	89.4	67593	Oomycota	Phytophthora	Phytophthora sojae	XP_009536123.1 hypothetical protein PHYSODRAFT_419340, partial [Phytophthora sojae]
Phum-OR502AA_015_000343.1	KAG2782956.1	83.3	264	293	282	1.41e-145	414	90.1	29920	Oomycota	Phytophthora	Phytophthora cactorum	KAG2782956.1 hypothetical protein Pcac1_g7481 [Phytophthora cactorum]
Phum-OR502AA_015_000343.1	XP_002906043.1	84.0	263	293	282	1.41e-145	414	89.8	4787;403677	Oomycota	Phytophthora	Phytophthora infestans	XP_002906043.1 SNARE associated Golgi protein, putative [Phytophthora infestans T30-4]
Phum-OR502AA_015_000343.1	KAI9985258.1	83.7	263	293	282	5.71e-145	412	89.8	4787	Oomycota	Phytophthora	Phytophthora infestans	KAI9985258.1 hypothetical protein PInf_004584 [Phytophthora infestans]
Phum-OR502AA_015_000343.1	KAG3117786.1	83.0	264	293	282	8.11e-145	412	90.1	53986	Oomycota	Phytophthora	Phytophthora idaei	KAG3117786.1 hypothetical protein PI125_g3440 [Phytophthora idaei]
Phum-OR502AA_015_000343.1	KAG6612053.1	84.8	257	293	295	1.29e-144	412	87.7	4785	Oomycota	Phytophthora	Phytophthora cinnamomi	KAG6612053.1 SNARE associated Golgi protein [Phytophthora cinnamomi]
Phum-OR502AA_015_000343.1	KAH7487666.1	80.8	271	293	293	2.29e-142	406	92.5	164328	Oomycota	Phytophthora	Phytophthora ramorum	KAH7487666.1 Transmembrane protein 41A-A [Phytophthora ramorum]
Phum-OR502AA_015_000343.1	KAG7397990.1	75.8	293	293	286	3.61e-142	405	100	109152	Oomycota	Phytophthora	Phytophthora boehmeriae	KAG7397990.1 Transmembrane protein 41A [Phytophthora boehmeriae]
Phum-OR502AA_015_000343.1	ETI54308.1	82.1	268	293	277	3.72e-142	405	91.5	1317065	Oomycota	Phytophthora	Phytophthora nicotianae	ETI54308.1 hypothetical protein F443_02850 [Phytophthora nicotianae P1569]
Phum-OR502AA_015_000343.1	ETL47552.1	82.1	268	293	277	5.28e-142	405	91.5	4792	Oomycota	Phytophthora	Phytophthora nicotianae	ETL47552.1 hypothetical protein L916_02710 [Phytophthora nicotianae]
Phum-OR502AA_015_000343.1	XP_008900046.1	82.1	268	293	277	7.50e-142	404	91.5	761204	Oomycota	Phytophthora	Phytophthora nicotianae	XP_008900046.1 hypothetical protein PPTG_07523 [Phytophthora nicotianae INRA-310]
Phum-OR502AA_015_000343.1	ETM53825.1	81.7	268	293	277	1.51e-141	404	91.5	4792	Oomycota	Phytophthora	Phytophthora nicotianae	ETM53825.1 hypothetical protein L914_02730 [Phytophthora nicotianae]
Phum-OR502AA_015_000343.1	ETM00644.1	81.7	268	293	277	2.15e-141	403	91.5	4792	Oomycota	Phytophthora	Phytophthora nicotianae	ETM00644.1 hypothetical protein L917_02648 [Phytophthora nicotianae]
Phum-OR502AA_015_000343.1	ETK94160.1	81.7	268	293	277	2.15e-141	403	91.5	4792	Oomycota	Phytophthora	Phytophthora nicotianae	ETK94160.1 hypothetical protein L915_02736 [Phytophthora nicotianae]
Phum-OR502AA_015_000343.1	ETO83059.1	81.7	268	293	277	2.15e-141	403	91.5	1317063;1317066	Oomycota	Phytophthora	Phytophthora nicotianae	ETO83059.1 hypothetical protein F444_02861 [Phytophthora nicotianae P1976]
Phum-OR502AA_015_000343.1	KAG1685434.1	80.9	262	293	282	1.48e-140	401	89.4	4784	Oomycota	Phytophthora	Phytophthora capsici	KAG1685434.1 hypothetical protein DVH05_008372 [Phytophthora capsici]
Phum-OR502AA_015_000343.1	KAG1696863.1	80.5	262	293	282	2.10e-140	401	89.4	4784	Oomycota	Phytophthora	Phytophthora capsici	KAG1696863.1 hypothetical protein DVH05_017772 [Phytophthora capsici]
Phum-OR502AA_015_000343.1	ETP52114.1	82.4	262	293	279	7.65e-140	399	89.4	1317064	Oomycota	Phytophthora	Phytophthora nicotianae	ETP52114.1 hypothetical protein F442_02825 [Phytophthora nicotianae P10297]
Phum-OR502AA_015_000342.1	KAE8936502.1	62.2	74	76	174	9.03e-23	89.7	97.4	53985	Oomycota	Phytophthora	Phytophthora fragariae	KAE8936502.1 hypothetical protein PF009_g13573 [Phytophthora fragariae]
Phum-OR502AA_015_000342.1	KAE9315424.1	62.2	74	76	191	1.34e-22	89.7	97.4	53985	Oomycota	Phytophthora	Phytophthora fragariae	KAE9315424.1 hypothetical protein PF008_g19250 [Phytophthora fragariae]
Phum-OR502AA_015_000342.1	KAE8880292.1	62.2	74	76	191	1.34e-22	89.7	97.4	53985	Oomycota	Phytophthora	Phytophthora fragariae	KAE8880292.1 hypothetical protein PF003_g35714 [Phytophthora fragariae]
Phum-OR502AA_015_000342.1	KAE8885789.1	60.8	74	76	188	2.50e-22	89.0	97.4	53985	Oomycota	Phytophthora	Phytophthora fragariae	KAE8885789.1 hypothetical protein PF003_g30160 [Phytophthora fragariae]
Phum-OR502AA_015_000342.1	GMF43906.1	59.2	76	76	133	3.69e-22	87.0	100	1490495	Oomycota	Phytophthora	Phytophthora fragariaefolia	GMF43906.1 unnamed protein product [Phytophthora fragariaefolia]
Phum-OR502AA_015_000342.1	GMG16978.1	59.5	74	76	174	4.07e-21	85.5	97.4	1490495	Oomycota	Phytophthora	Phytophthora fragariaefolia	GMG16978.1 unnamed protein product [Phytophthora fragariaefolia]
Phum-OR502AA_015_000342.1	KAE9112541.1	60.8	74	76	373	4.17e-21	89.0	97.4	53985	Oomycota	Phytophthora	Phytophthora fragariae	KAE9112541.1 hypothetical protein PF010_g10412 [Phytophthora fragariae]
Phum-OR502AA_015_000342.1	KAE9344078.1	60.8	74	76	373	4.17e-21	89.0	97.4	53985	Oomycota	Phytophthora	Phytophthora fragariae	KAE9344078.1 hypothetical protein PF008_g9395 [Phytophthora fragariae]
Phum-OR502AA_015_000342.1	KAK1935651.1	56.8	74	76	202	7.53e-21	85.5	97.4	4793	Oomycota	Phytophthora	Phytophthora citrophthora	KAK1935651.1 hypothetical protein P3T76_010346 [Phytophthora citrophthora]
Phum-OR502AA_015_000342.1	GMF18153.1	55.4	74	76	157	2.18e-20	83.2	97.4	2077276	Oomycota	Phytophthora	Phytophthora lilii	GMF18153.1 unnamed protein product [Phytophthora lilii]
Phum-OR502AA_015_000342.1	GMF13643.1	56.8	74	76	262	4.44e-20	84.7	97.4	2077276	Oomycota	Phytophthora	Phytophthora lilii	GMF13643.1 unnamed protein product [Phytophthora lilii]
Phum-OR502AA_015_000342.1	KAK1929780.1	56.8	74	76	422	5.41e-20	86.3	97.4	4793	Oomycota	Phytophthora	Phytophthora citrophthora	KAK1929780.1 Gag-Pol polyprotein [Phytophthora citrophthora]
Phum-OR502AA_015_000342.1	GMG16209.1	60.8	74	76	1173	7.26e-20	86.3	97.4	1490495	Oomycota	Phytophthora	Phytophthora fragariaefolia	GMG16209.1 unnamed protein product [Phytophthora fragariaefolia]
Phum-OR502AA_015_000342.1	KAE9034915.1	60.3	73	76	373	1.50e-19	84.7	96.1	129364	Oomycota	Phytophthora	Phytophthora rubi	KAE9034915.1 hypothetical protein PR002_g7864 [Phytophthora rubi]
Phum-OR502AA_015_000342.1	KAE9180667.1	55.4	74	76	849	3.42e-19	84.3	97.4	53985	Oomycota	Phytophthora	Phytophthora fragariae	KAE9180667.1 hypothetical protein PF004_g24771 [Phytophthora fragariae]
Phum-OR502AA_015_000342.1	KAE9293045.1	55.4	74	76	895	3.43e-19	84.3	97.4	53985	Oomycota	Phytophthora	Phytophthora fragariae	KAE9293045.1 hypothetical protein PF008_g24906 [Phytophthora fragariae]
Phum-OR502AA_015_000342.1	KAE8909345.1	55.4	74	76	895	3.43e-19	84.3	97.4	53985	Oomycota	Phytophthora	Phytophthora fragariae	KAE8909345.1 hypothetical protein PF003_g6753 [Phytophthora fragariae]
Phum-OR502AA_015_000342.1	KAE8972393.1	55.4	74	76	895	3.43e-19	84.3	97.4	53985	Oomycota	Phytophthora	Phytophthora fragariae	KAE8972393.1 hypothetical protein PF011_g25654 [Phytophthora fragariae]
Phum-OR502AA_015_000342.1	KAJ0392800.1	51.4	74	76	787	1.62e-18	82.4	97.4	114742	Oomycota	Pythium	Pythium insidiosum	KAJ0392800.1 hypothetical protein ATCC90586_000007 [Pythium insidiosum]
Phum-OR502AA_015_000342.1	KAE8969903.1	54.1	74	76	1091	3.05e-18	81.6	97.4	129364	Oomycota	Phytophthora	Phytophthora rubi	KAE8969903.1 hypothetical protein PR001_g27363, partial [Phytophthora rubi]
Phum-OR502AA_015_000342.1	KAE8990619.1	54.1	74	76	1092	3.05e-18	81.6	97.4	129364	Oomycota	Phytophthora	Phytophthora rubi	KAE8990619.1 hypothetical protein PR002_g21105 [Phytophthora rubi]
Phum-OR502AA_015_000342.1	KAJ0393400.1	50.0	74	76	1497	1.07e-17	80.1	97.4	114742	Oomycota	Pythium	Pythium insidiosum	KAJ0393400.1 hypothetical protein ATCC90586_004654 [Pythium insidiosum]
Phum-OR502AA_015_000342.1	GMF23687.1	51.4	74	76	430	1.04e-15	74.3	97.4	2077276	Oomycota	Phytophthora	Phytophthora lilii	GMF23687.1 unnamed protein product [Phytophthora lilii]
Phum-OR502AA_015_000342.1	KAJ0408407.1	48.7	76	76	509	9.83e-15	71.6	98.7	114742	Oomycota	Pythium	Pythium insidiosum	KAJ0408407.1 hypothetical protein ATCC90586_009182 [Pythium insidiosum]
Phum-OR502AA_015_000342.1	XP_009526321.1	48.6	70	76	174	2.19e-14	68.2	92.1	67593	Oomycota	Phytophthora	Phytophthora sojae	XP_009526321.1 hypothetical protein PHYSODRAFT_503830 [Phytophthora sojae]
Phum-OR502AA_015_000340.1	CAI5736024.1	49.8	400	287	773	5.25e-91	290	90.6	86335	Oomycota	Peronospora	Peronospora destructor	CAI5736024.1 unnamed protein product [Peronospora destructor]
Phum-OR502AA_015_000340.1	KAG1696854.1	50.4	381	287	783	2.01e-88	283	85.7	4784	Oomycota	Phytophthora	Phytophthora capsici	KAG1696854.1 hypothetical protein DVH05_028631 [Phytophthora capsici]
Phum-OR502AA_015_000340.1	KAF1774981.1	49.6	377	287	629	4.45e-88	279	86.4	29920	Oomycota	Phytophthora	Phytophthora cactorum	KAF1774981.1 SKI-interacting protein, SKIP [Phytophthora cactorum]
Phum-OR502AA_015_000340.1	KAG3065821.1	49.6	377	287	697	2.05e-87	279	86.4	53986	Oomycota	Phytophthora	Phytophthora idaei	KAG3065821.1 SNW/SKI-interacting protein A [Phytophthora idaei]
Phum-OR502AA_015_000340.1	KAG3127143.1	49.6	377	287	697	2.05e-87	279	86.4	53986	Oomycota	Phytophthora	Phytophthora idaei	KAG3127143.1 SNW/SKI-interacting protein A [Phytophthora idaei]
Phum-OR502AA_015_000340.1	KAG2979441.1	49.6	377	287	697	2.05e-87	279	86.4	29920	Oomycota	Phytophthora	Phytophthora cactorum	KAG2979441.1 SNW/SKI-interacting protein A [Phytophthora cactorum]
Phum-OR502AA_015_000340.1	KAG2783047.1	49.6	377	287	697	2.05e-87	279	86.4	29920	Oomycota	Phytophthora	Phytophthora cactorum	KAG2783047.1 SNW/SKI-interacting protein A [Phytophthora cactorum]
Phum-OR502AA_015_000340.1	XP_009536131.1	48.4	399	287	1097	7.59e-87	285	90.6	67593	Oomycota	Phytophthora	Phytophthora sojae	XP_009536131.1 hypothetical protein PHYSODRAFT_362123 [Phytophthora sojae]
Phum-OR502AA_015_000340.1	CAH0485900.1	48.3	400	287	756	9.66e-87	278	90.6	134698	Oomycota	Peronospora	Peronospora farinosa	CAH0485900.1 unnamed protein product [Peronospora farinosa]
Phum-OR502AA_015_000340.1	GMF10727.1	47.5	400	287	674	1.35e-86	276	90.6	2077276	Oomycota	Phytophthora	Phytophthora lilii	GMF10727.1 unnamed protein product [Phytophthora lilii]
Phum-OR502AA_015_000340.1	CAI5723850.1	48.3	400	287	775	1.40e-86	278	90.6	134698	Oomycota	Peronospora	Peronospora farinosa	CAI5723850.1 unnamed protein product [Peronospora farinosa]
Phum-OR502AA_015_000340.1	KAG6611991.1	48.8	377	287	626	7.01e-86	273	84.3	4785	Oomycota	Phytophthora	Phytophthora cinnamomi	KAG6611991.1 puff-specific protein bx42 [Phytophthora cinnamomi]
Phum-OR502AA_015_000340.1	KAG6945392.1	49.9	369	287	631	1.11e-85	273	83.6	29920	Oomycota	Phytophthora	Phytophthora cactorum	KAG6945392.1 hypothetical protein JG687_00017323 [Phytophthora cactorum]
Phum-OR502AA_015_000340.1	KAG6945198.1	49.9	369	287	631	1.11e-85	273	83.6	2496075	Oomycota	Phytophthora	Phytophthora aleatoria	KAG6945198.1 hypothetical protein JG688_00016695 [Phytophthora aleatoria]
Phum-OR502AA_015_000340.1	KAG7376133.1	47.9	401	287	732	2.49e-85	274	92.0	221518	Oomycota	Phytophthora	Phytophthora pseudosyringae	KAG7376133.1 SNW domain-containing protein 1 [Phytophthora pseudosyringae]
Phum-OR502AA_015_000340.1	RMX66963.1	47.8	400	287	775	2.91e-85	275	90.6	542832	Oomycota	Peronospora	Peronospora effusa	RMX66963.1 hypothetical protein DD238_001641 [Peronospora effusa]
Phum-OR502AA_015_000340.1	UIZ21952.1	47.8	400	287	775	2.91e-85	275	90.6	542832	Oomycota	Peronospora	Peronospora effusa	UIZ21952.1 hypothetical protein KXD40_008755 [Peronospora effusa]
Phum-OR502AA_015_000340.1	KAE9033987.1	62.6	262	287	747	3.35e-85	274	78.0	129364	Oomycota	Phytophthora	Phytophthora rubi	KAE9033987.1 SNW/SKI-interacting protein A [Phytophthora rubi]
Phum-OR502AA_015_000340.1	KAE9294564.1	62.6	262	287	747	3.35e-85	274	78.0	129364	Oomycota	Phytophthora	Phytophthora rubi	KAE9294564.1 SNW/SKI-interacting protein A [Phytophthora rubi]
Phum-OR502AA_015_000340.1	KAE9028672.1	62.6	262	287	759	4.22e-85	274	78.0	129364	Oomycota	Phytophthora	Phytophthora rubi	KAE9028672.1 SNW/SKI-interacting protein A [Phytophthora rubi]
Phum-OR502AA_015_000340.1	KAJ8523743.1	60.9	261	287	441	5.88e-85	265	75.3	4785	Oomycota	Phytophthora	Phytophthora cinnamomi	KAJ8523743.1 hypothetical protein ON010_g17376 [Phytophthora cinnamomi]
Phum-OR502AA_015_000340.1	KAF1775001.1	49.6	369	287	651	9.58e-85	271	86.4	29920	Oomycota	Phytophthora	Phytophthora cactorum	KAF1775001.1 SKI-interacting protein, SKIP [Phytophthora cactorum]
Phum-OR502AA_015_000340.1	KAE9211939.1	62.0	266	287	759	1.16e-84	273	78.0	53985	Oomycota	Phytophthora	Phytophthora fragariae	KAE9211939.1 SNW/SKI-interacting protein A [Phytophthora fragariae]
Phum-OR502AA_015_000340.1	KAE8898712.1	62.0	266	287	759	1.16e-84	273	78.0	53985	Oomycota	Phytophthora	Phytophthora fragariae	KAE8898712.1 SNW/SKI-interacting protein A [Phytophthora fragariae]
Phum-OR502AA_015_000340.1	OWZ21646.1	47.9	384	287	761	1.21e-84	273	86.4	4795	Oomycota	Phytophthora	Phytophthora megakarya	OWZ21646.1 Pre mRNA processing protein [Phytophthora megakarya]
Phum-OR502AA_015_000339.1	GMF43458.1	87.2	78	110	290	2.45e-43	147	70.9	2077276	Oomycota	Phytophthora	Phytophthora lilii	GMF43458.1 unnamed protein product [Phytophthora lilii]
Phum-OR502AA_015_000339.1	KAF4028797.1	67.9	78	110	154	6.16e-32	114	70.9	4787	Oomycota	Phytophthora	Phytophthora infestans	KAF4028797.1 putative restriction endonuclease [Phytophthora infestans]
Phum-OR502AA_015_000339.1	XP_002900291.1	64.7	85	110	154	8.74e-32	113	77.3	403677	Oomycota	Phytophthora	Phytophthora infestans	XP_002900291.1 uncharacterized protein PITG_12377 [Phytophthora infestans T30-4]
Phum-OR502AA_015_000339.1	KAI9988801.1	69.2	78	110	203	1.63e-31	114	70.9	4787	Oomycota	Phytophthora	Phytophthora infestans	KAI9988801.1 hypothetical protein PInf_022385 [Phytophthora infestans]
Phum-OR502AA_015_000339.1	KAF4027712.1	68.3	82	110	276	2.30e-31	115	74.5	4787	Oomycota	Phytophthora	Phytophthora infestans	KAF4027712.1 putative restriction endonuclease [Phytophthora infestans]
Phum-OR502AA_015_000339.1	KAF4029976.1	68.3	82	110	276	3.23e-31	115	74.5	4787	Oomycota	Phytophthora	Phytophthora infestans	KAF4029976.1 putative restriction endonuclease [Phytophthora infestans]
Phum-OR502AA_015_000339.1	KAH7476984.1	68.3	82	110	293	3.27e-31	115	74.5	164328	Oomycota	Phytophthora	Phytophthora ramorum	KAH7476984.1 hypothetical protein KRP23_7659 [Phytophthora ramorum]
Phum-OR502AA_015_000339.1	XP_002897582.1	67.9	78	110	202	4.50e-31	113	70.9	403677	Oomycota	Phytophthora	Phytophthora infestans	XP_002897582.1 uncharacterized protein PITG_16163 [Phytophthora infestans T30-4]
Phum-OR502AA_015_000339.1	XP_002895322.1	67.9	78	110	202	4.50e-31	113	70.9	403677	Oomycota	Phytophthora	Phytophthora infestans	XP_002895322.1 uncharacterized protein PITG_20579 [Phytophthora infestans T30-4]
Phum-OR502AA_015_000339.1	XP_002900306.1	69.2	78	110	293	4.60e-31	115	70.9	4787;403677	Oomycota	Phytophthora	Phytophthora infestans	XP_002900306.1 uncharacterized protein PITG_12409 [Phytophthora infestans T30-4]
Phum-OR502AA_015_000339.1	GMF19813.1	67.1	82	110	94	5.13e-31	109	74.5	2077276	Oomycota	Phytophthora	Phytophthora lilii	GMF19813.1 unnamed protein product [Phytophthora lilii]
Phum-OR502AA_015_000339.1	KAF4034144.1	67.9	78	110	222	7.42e-31	113	70.9	4787	Oomycota	Phytophthora	Phytophthora infestans	KAF4034144.1 putative restriction endonuclease [Phytophthora infestans]
Phum-OR502AA_015_000339.1	KAK1933561.1	67.9	78	110	293	9.11e-31	114	70.9	4793	Oomycota	Phytophthora	Phytophthora citrophthora	KAK1933561.1 hypothetical protein P3T76_011775 [Phytophthora citrophthora]
Phum-OR502AA_015_000339.1	GMF21038.1	68.3	82	110	293	1.28e-30	114	74.5	2077276	Oomycota	Phytophthora	Phytophthora lilii	GMF21038.1 unnamed protein product [Phytophthora lilii]
Phum-OR502AA_015_000339.1	XP_002904046.1	68.3	82	110	363	1.61e-30	115	74.5	403677	Oomycota	Phytophthora	Phytophthora infestans	XP_002904046.1 uncharacterized protein PITG_07825 [Phytophthora infestans T30-4]
Phum-OR502AA_015_000339.1	XP_002900304.1	67.9	78	110	293	1.80e-30	114	70.9	4787;403677	Oomycota	Phytophthora	Phytophthora infestans	XP_002900304.1 uncharacterized protein PITG_12404 [Phytophthora infestans T30-4]
Phum-OR502AA_015_000339.1	KAF4028623.1	67.9	78	110	293	1.80e-30	114	70.9	4787	Oomycota	Phytophthora	Phytophthora infestans	KAF4028623.1 putative restriction endonuclease [Phytophthora infestans]
Phum-OR502AA_015_000339.1	KAG1708647.1	67.9	78	110	290	2.39e-30	113	70.9	4784	Oomycota	Phytophthora	Phytophthora capsici	KAG1708647.1 hypothetical protein DVH05_022276 [Phytophthora capsici]
Phum-OR502AA_015_000339.1	KAF4042845.1	64.7	85	110	293	2.53e-30	113	77.3	4787	Oomycota	Phytophthora	Phytophthora infestans	KAF4042845.1 putative restriction endonuclease [Phytophthora infestans]
Phum-OR502AA_015_000339.1	KAE9044575.1	67.1	82	110	288	3.23e-30	113	74.5	129364	Oomycota	Phytophthora	Phytophthora rubi	KAE9044575.1 hypothetical protein PR002_g2723 [Phytophthora rubi]
Phum-OR502AA_015_000339.1	KAE9072277.1	67.1	82	110	288	3.23e-30	113	74.5	53985	Oomycota	Phytophthora	Phytophthora fragariae	KAE9072277.1 hypothetical protein PF010_g25547 [Phytophthora fragariae]
Phum-OR502AA_015_000339.1	KAG2844406.1	67.1	82	110	225	4.49e-30	111	74.5	29920	Oomycota	Phytophthora	Phytophthora cactorum	KAG2844406.1 hypothetical protein PC113_g18407 [Phytophthora cactorum]
Phum-OR502AA_015_000339.1	KAF4039293.1	67.9	78	110	272	4.60e-30	112	70.9	4787	Oomycota	Phytophthora	Phytophthora infestans	KAF4039293.1 putative restriction endonuclease [Phytophthora infestans]
Phum-OR502AA_015_000339.1	KAH9156337.1	65.8	76	110	220	5.62e-30	110	69.1	100861	Oomycota	Aphanomyces	Aphanomyces euteiches	KAH9156337.1 hypothetical protein LEN26_003245 [Aphanomyces euteiches]
Phum-OR502AA_015_000339.1	RMX65204.1	66.7	78	110	285	6.01e-30	112	70.9	542832	Oomycota	Peronospora	Peronospora effusa	RMX65204.1 hypothetical protein DD238_005754 [Peronospora effusa]
Phum-OR502AA_015_000338.1	GMF43458.1	81.2	69	86	290	2.50e-34	122	80.2	2077276	Oomycota	Phytophthora	Phytophthora lilii	GMF43458.1 unnamed protein product [Phytophthora lilii]
Phum-OR502AA_015_000338.1	XP_002900300.1	71.0	69	86	186	6.57e-31	111	80.2	403677	Oomycota	Phytophthora	Phytophthora infestans	XP_002900300.1 uncharacterized protein PITG_12399 [Phytophthora infestans T30-4]
Phum-OR502AA_015_000338.1	KAF4042846.1	71.0	69	86	293	7.64e-30	111	80.2	4787	Oomycota	Phytophthora	Phytophthora infestans	KAF4042846.1 putative restriction endonuclease [Phytophthora infestans]
Phum-OR502AA_015_000338.1	XP_002900304.1	71.0	69	86	293	2.13e-29	110	80.2	4787;403677	Oomycota	Phytophthora	Phytophthora infestans	XP_002900304.1 uncharacterized protein PITG_12404 [Phytophthora infestans T30-4]
Phum-OR502AA_015_000338.1	KAF4028623.1	71.0	69	86	293	2.13e-29	110	80.2	4787	Oomycota	Phytophthora	Phytophthora infestans	KAF4028623.1 putative restriction endonuclease [Phytophthora infestans]
Phum-OR502AA_015_000338.1	KAF4027712.1	74.2	66	86	276	2.14e-29	109	76.7	4787	Oomycota	Phytophthora	Phytophthora infestans	KAF4027712.1 putative restriction endonuclease [Phytophthora infestans]
Phum-OR502AA_015_000338.1	KAF4029976.1	74.2	66	86	276	2.14e-29	109	76.7	4787	Oomycota	Phytophthora	Phytophthora infestans	KAF4029976.1 putative restriction endonuclease [Phytophthora infestans]
Phum-OR502AA_015_000338.1	GMF21038.1	71.0	69	86	293	5.91e-29	108	80.2	2077276	Oomycota	Phytophthora	Phytophthora lilii	GMF21038.1 unnamed protein product [Phytophthora lilii]
Phum-OR502AA_015_000338.1	XP_002904046.1	74.2	66	86	363	9.59e-29	109	76.7	403677	Oomycota	Phytophthora	Phytophthora infestans	XP_002904046.1 uncharacterized protein PITG_07825 [Phytophthora infestans T30-4]
Phum-OR502AA_015_000338.1	KAF4034144.1	68.1	69	86	222	9.14e-27	101	80.2	4787	Oomycota	Phytophthora	Phytophthora infestans	KAF4034144.1 putative restriction endonuclease [Phytophthora infestans]
Phum-OR502AA_015_000338.1	KAF4030445.1	68.1	69	86	232	1.14e-26	101	80.2	4787	Oomycota	Phytophthora	Phytophthora infestans	KAF4030445.1 putative restriction endonuclease [Phytophthora infestans]
Phum-OR502AA_015_000338.1	KAF4042845.1	68.1	69	86	293	1.36e-26	102	80.2	4787	Oomycota	Phytophthora	Phytophthora infestans	KAF4042845.1 putative restriction endonuclease [Phytophthora infestans]
Phum-OR502AA_015_000338.1	XP_002900297.1	66.7	69	86	293	1.36e-26	102	80.2	403677	Oomycota	Phytophthora	Phytophthora infestans	XP_002900297.1 uncharacterized protein PITG_12394 [Phytophthora infestans T30-4]
Phum-OR502AA_015_000338.1	KAH7476984.1	66.7	69	86	293	1.36e-26	102	80.2	164328	Oomycota	Phytophthora	Phytophthora ramorum	KAH7476984.1 hypothetical protein KRP23_7659 [Phytophthora ramorum]
Phum-OR502AA_015_000338.1	XP_002900306.1	66.7	69	86	293	1.36e-26	102	80.2	4787;403677	Oomycota	Phytophthora	Phytophthora infestans	XP_002900306.1 uncharacterized protein PITG_12409 [Phytophthora infestans T30-4]
Phum-OR502AA_015_000338.1	KAK1933561.1	66.7	69	86	293	1.36e-26	102	80.2	4793	Oomycota	Phytophthora	Phytophthora citrophthora	KAK1933561.1 hypothetical protein P3T76_011775 [Phytophthora citrophthora]
Phum-OR502AA_015_000338.1	KAK1946510.1	66.2	68	86	293	1.91e-26	102	79.1	4793	Oomycota	Phytophthora	Phytophthora citrophthora	KAK1946510.1 hypothetical protein P3T76_002063 [Phytophthora citrophthora]
Phum-OR502AA_015_000338.1	XP_002900293.1	66.7	69	86	232	8.97e-26	99.4	80.2	403677	Oomycota	Phytophthora	Phytophthora infestans	XP_002900293.1 uncharacterized protein PITG_12382 [Phytophthora infestans T30-4]
Phum-OR502AA_015_000338.1	XP_002900298.1	69.5	59	86	167	6.22e-25	95.5	68.6	403677	Oomycota	Phytophthora	Phytophthora infestans	XP_002900298.1 uncharacterized protein PITG_12395 [Phytophthora infestans T30-4]
Phum-OR502AA_015_000338.1	KUF85985.1	62.3	69	86	220	1.08e-24	96.3	80.2	4792	Oomycota	Phytophthora	Phytophthora nicotianae	KUF85985.1 Ubiquitin-conjugating enzyme E2 J1 [Phytophthora nicotianae]
Phum-OR502AA_015_000338.1	XP_002900287.1	63.8	69	86	275	1.15e-24	97.4	80.2	403677	Oomycota	Phytophthora	Phytophthora infestans	XP_002900287.1 uncharacterized protein PITG_12362 [Phytophthora infestans T30-4]
Phum-OR502AA_015_000338.1	KAF4028557.1	63.8	69	86	293	1.56e-24	97.4	80.2	4787	Oomycota	Phytophthora	Phytophthora infestans	KAF4028557.1 putative restriction endonuclease [Phytophthora infestans]
Phum-OR502AA_015_000338.1	XP_024576923.1	59.7	72	86	293	2.19e-24	97.1	83.7	4781	Oomycota	Plasmopara	Plasmopara halstedii	XP_024576923.1 conserved hypothetical protein [Plasmopara halstedii]
Phum-OR502AA_015_000338.1	ETL34605.1	62.3	69	86	290	4.10e-24	96.3	80.2	4792;1317063	Oomycota	Phytophthora	Phytophthora nicotianae	ETL34605.1 hypothetical protein L916_13195 [Phytophthora nicotianae]
Phum-OR502AA_015_000338.1	ETO69764.1	62.3	69	86	290	4.10e-24	96.3	80.2	1317066	Oomycota	Phytophthora	Phytophthora nicotianae	ETO69764.1 hypothetical protein F444_13700 [Phytophthora nicotianae P1976]
Phum-OR502AA_015_000335.1	XP_012213374.1	50.3	189	198	272	6.64e-58	187	88.9	695850	Oomycota	Saprolegnia	Saprolegnia parasitica	XP_012213374.1 hypothetical protein SPRG_18544 [Saprolegnia parasitica CBS 223.65]
Phum-OR502AA_015_000335.1	XP_012206366.1	51.7	176	198	270	5.03e-57	185	84.8	695850	Oomycota	Saprolegnia	Saprolegnia parasitica	XP_012206366.1 hypothetical protein SPRG_11773 [Saprolegnia parasitica CBS 223.65]
Phum-OR502AA_015_000335.1	XP_008619546.1	52.6	154	198	278	8.36e-52	172	73.7	1156394	Oomycota	Saprolegnia	Saprolegnia diclina	XP_008619546.1 lathosterol oxidase [Saprolegnia diclina VS20]
Phum-OR502AA_015_000335.1	OQR92105.1	51.3	154	198	278	9.44e-51	169	73.7	1202772	Oomycota	Achlya	Achlya hypogyna	OQR92105.1 sterol-C5-desaturase [Achlya hypogyna]
Phum-OR502AA_015_000335.1	XP_008871409.1	51.6	155	198	279	9.70e-51	169	74.2	157072	Oomycota	Aphanomyces	Aphanomyces invadans	XP_008871409.1 hypothetical protein H310_07440 [Aphanomyces invadans]
Phum-OR502AA_015_000335.1	RHY25242.1	51.6	155	198	279	9.70e-51	169	74.2	157072	Oomycota	Aphanomyces	Aphanomyces invadans	RHY25242.1 hypothetical protein DYB32_008439 [Aphanomyces invadans]
Phum-OR502AA_015_000335.1	KAG9403680.1	51.9	154	198	275	6.93e-50	167	73.7	112091	Oomycota	Aphanomyces	Aphanomyces cochlioides	KAG9403680.1 Lathosterol oxidase [Aphanomyces cochlioides]
Phum-OR502AA_015_000335.1	XP_009839931.1	51.0	155	198	279	1.09e-49	166	74.2	112090	Oomycota	Aphanomyces	Aphanomyces astaci	XP_009839931.1 hypothetical protein H257_13934 [Aphanomyces astaci]
Phum-OR502AA_015_000335.1	OQR92172.1	50.6	156	198	279	1.55e-49	166	73.7	74557	Oomycota	Thraustotheca	Thraustotheca clavata	OQR92172.1 sterol-C5-desaturase [Thraustotheca clavata]
Phum-OR502AA_015_000335.1	RHY02056.1	51.0	155	198	304	2.14e-49	166	74.2	112090	Oomycota	Aphanomyces	Aphanomyces astaci	RHY02056.1 hypothetical protein DYB25_010867, partial [Aphanomyces astaci]
Phum-OR502AA_015_000335.1	RQM27279.1	51.0	155	198	314	2.77e-49	166	74.2	112090	Oomycota	Aphanomyces	Aphanomyces astaci	RQM27279.1 hypothetical protein B5M09_008499, partial [Aphanomyces astaci]
Phum-OR502AA_015_000335.1	KAH9127678.1	51.3	154	198	279	4.36e-49	165	73.7	100861	Oomycota	Aphanomyces	Aphanomyces euteiches	KAH9127678.1 hypothetical protein AeMF1_002064 [Aphanomyces euteiches]
Phum-OR502AA_015_000335.1	KAF0722303.1	51.3	154	198	279	4.36e-49	165	73.7	100861	Oomycota	Aphanomyces	Aphanomyces euteiches	KAF0722303.1 hypothetical protein Ae201684_018519 [Aphanomyces euteiches]
Phum-OR502AA_015_000335.1	KAH9092419.1	51.3	154	198	279	4.36e-49	165	73.7	100861	Oomycota	Aphanomyces	Aphanomyces euteiches	KAH9092419.1 hypothetical protein LEN26_018412 [Aphanomyces euteiches]
Phum-OR502AA_015_000335.1	ETK84092.1	53.2	139	198	264	1.15e-48	163	69.7	4792	Oomycota	Phytophthora	Phytophthora nicotianae	ETK84092.1 hypothetical protein L915_10895 [Phytophthora nicotianae]
Phum-OR502AA_015_000335.1	KUF80748.1	53.2	139	198	264	1.15e-48	163	69.7	4792	Oomycota	Phytophthora	Phytophthora nicotianae	KUF80748.1 Lathosterol oxidase [Phytophthora nicotianae]
Phum-OR502AA_015_000335.1	XP_008907175.1	53.2	139	198	264	2.30e-48	162	69.7	4792;761204;1317064;1317065	Oomycota	Phytophthora	Phytophthora nicotianae	XP_008907175.1 hypothetical protein PPTG_13327 [Phytophthora nicotianae INRA-310]
Phum-OR502AA_015_000335.1	ETL37531.1	53.2	139	198	264	2.30e-48	162	69.7	4792	Oomycota	Phytophthora	Phytophthora nicotianae	ETL37531.1 hypothetical protein L916_10787 [Phytophthora nicotianae]
Phum-OR502AA_015_000335.1	ETO72742.1	53.2	139	198	264	2.30e-48	162	69.7	1317066	Oomycota	Phytophthora	Phytophthora nicotianae	ETO72742.1 hypothetical protein F444_11242 [Phytophthora nicotianae P1976]
Phum-OR502AA_015_000335.1	ETL90662.1	53.2	139	198	264	2.30e-48	162	69.7	4792;1317063	Oomycota	Phytophthora	Phytophthora nicotianae	ETL90662.1 hypothetical protein L917_10697 [Phytophthora nicotianae]
Phum-OR502AA_015_000335.1	DBA03113.1	50.0	138	198	267	3.54e-48	162	69.7	4803	Oomycota	Lagenidium	Lagenidium giganteum	DBA03113.1 TPA: hypothetical protein N0F65_003360 [Lagenidium giganteum]
Phum-OR502AA_015_000335.1	KAG2779332.1	51.4	138	198	288	8.82e-48	162	69.7	29920	Oomycota	Phytophthora	Phytophthora cactorum	KAG2779332.1 hypothetical protein Pcac1_g10553 [Phytophthora cactorum]
Phum-OR502AA_015_000335.1	KAG3116019.1	51.4	138	198	288	8.82e-48	162	69.7	53986	Oomycota	Phytophthora	Phytophthora idaei	KAG3116019.1 hypothetical protein PI125_g5004 [Phytophthora idaei]
Phum-OR502AA_015_000335.1	RHZ01420.1	51.0	155	198	562	3.90e-47	166	74.2	112090	Oomycota	Aphanomyces	Aphanomyces astaci	RHZ01420.1 hypothetical protein DYB35_003369 [Aphanomyces astaci]
Phum-OR502AA_015_000335.1	KAG7399235.1	53.1	147	198	274	4.82e-47	159	73.7	109152	Oomycota	Phytophthora	Phytophthora boehmeriae	KAG7399235.1 Lathosterol oxidase [Phytophthora boehmeriae]
Phum-OR502AA_022_000026.1	XP_009538857.1	68.6	159	337	657	7.62e-63	215	43.9	67593	Oomycota	Phytophthora	Phytophthora sojae	XP_009538857.1 hypothetical protein PHYSODRAFT_532549 [Phytophthora sojae]
Phum-OR502AA_022_000026.1	KAE9357244.1	67.3	159	337	657	1.10e-61	212	43.9	129364	Oomycota	Phytophthora	Phytophthora rubi	KAE9357244.1 hypothetical protein PR003_g1893 [Phytophthora rubi]
Phum-OR502AA_022_000026.1	KAE9362448.1	67.3	159	337	657	1.10e-61	212	43.9	53985	Oomycota	Phytophthora	Phytophthora fragariae	KAE9362448.1 hypothetical protein PF008_g60 [Phytophthora fragariae]
Phum-OR502AA_022_000026.1	KAE8950374.1	67.3	159	337	657	1.10e-61	212	43.9	53985	Oomycota	Phytophthora	Phytophthora fragariae	KAE8950374.1 hypothetical protein PF009_g74 [Phytophthora fragariae]
Phum-OR502AA_022_000026.1	KAG2791016.1	66.0	159	337	656	2.10e-61	211	43.9	29920	Oomycota	Phytophthora	Phytophthora cactorum	KAG2791016.1 hypothetical protein Pcac1_g143 [Phytophthora cactorum]
Phum-OR502AA_022_000026.1	KAG3120702.1	67.5	157	337	654	2.83e-61	211	43.9	53986	Oomycota	Phytophthora	Phytophthora idaei	KAG3120702.1 hypothetical protein PI125_g915 [Phytophthora idaei]
Phum-OR502AA_022_000026.1	KAE8883446.1	65.9	167	337	949	5.67e-61	214	46.3	53985	Oomycota	Phytophthora	Phytophthora fragariae	KAE8883446.1 hypothetical protein PF003_g32521 [Phytophthora fragariae]
Phum-OR502AA_022_000026.1	KAE9046264.1	65.9	167	337	956	5.93e-61	214	46.3	129364	Oomycota	Phytophthora	Phytophthora rubi	KAE9046264.1 hypothetical protein PR002_g1755 [Phytophthora rubi]
Phum-OR502AA_022_000026.1	KAE9140849.1	65.9	167	337	956	5.93e-61	214	46.3	53985	Oomycota	Phytophthora	Phytophthora fragariae	KAE9140849.1 hypothetical protein PF010_g58 [Phytophthora fragariae]
Phum-OR502AA_022_000026.1	KAH7479814.1	69.1	149	337	647	6.85e-61	210	43.9	164328	Oomycota	Phytophthora	Phytophthora ramorum	KAH7479814.1 Cilia- and flagella-associated protein 52 [Phytophthora ramorum]
Phum-OR502AA_022_000026.1	KAK1944615.1	67.9	162	337	953	8.00e-61	214	44.5	4793	Oomycota	Phytophthora	Phytophthora citrophthora	KAK1944615.1 Cilia- and flagella-associated protein 52 [Phytophthora citrophthora]
Phum-OR502AA_022_000026.1	KAG1693698.1	65.4	159	337	657	1.57e-60	209	43.9	4784	Oomycota	Phytophthora	Phytophthora capsici	KAG1693698.1 hypothetical protein DVH05_023099 [Phytophthora capsici]
Phum-OR502AA_022_000026.1	GMF34158.1	65.2	161	337	837	1.58e-60	212	44.5	1490495	Oomycota	Phytophthora	Phytophthora fragariaefolia	GMF34158.1 unnamed protein product [Phytophthora fragariaefolia]
Phum-OR502AA_022_000026.1	GMF12022.1	64.8	159	337	656	3.00e-60	208	43.9	2077276	Oomycota	Phytophthora	Phytophthora lilii	GMF12022.1 unnamed protein product [Phytophthora lilii]
Phum-OR502AA_022_000026.1	XP_002905542.1	66.7	159	337	657	5.92e-60	207	43.9	4787;403677	Oomycota	Phytophthora	Phytophthora infestans	XP_002905542.1 cleavage induced conserved hypothetical protein [Phytophthora infestans T30-4]
Phum-OR502AA_022_000026.1	KAF1793231.1	64.8	159	337	2107	1.19e-58	209	43.9	29920	Oomycota	Phytophthora	Phytophthora cactorum	KAF1793231.1 WD40 repeat, conserved site [Phytophthora cactorum]
Phum-OR502AA_022_000026.1	ETI38632.1	66.0	159	337	656	8.42e-58	202	43.9	1317064;1317065	Oomycota	Phytophthora	Phytophthora nicotianae	ETI38632.1 hypothetical protein F443_15707 [Phytophthora nicotianae P1569]
Phum-OR502AA_022_000026.1	ETM38661.1	66.0	159	337	656	8.42e-58	202	43.9	4792	Oomycota	Phytophthora	Phytophthora nicotianae	ETM38661.1 hypothetical protein L914_15104 [Phytophthora nicotianae]
Phum-OR502AA_022_000026.1	ETK78832.1	66.0	159	337	656	8.42e-58	202	43.9	4792;1317063	Oomycota	Phytophthora	Phytophthora nicotianae	ETK78832.1 hypothetical protein L915_15248 [Phytophthora nicotianae]
Phum-OR502AA_022_000026.1	KUF97973.1	65.4	159	337	656	4.40e-57	200	43.9	4792	Oomycota	Phytophthora	Phytophthora nicotianae	KUF97973.1 Clathrin heavy chain [Phytophthora nicotianae]
Phum-OR502AA_022_000026.1	XP_008895259.1	65.4	159	337	656	6.12e-57	199	43.9	761204	Oomycota	Phytophthora	Phytophthora nicotianae	XP_008895259.1 hypothetical protein PPTG_04731 [Phytophthora nicotianae INRA-310]
Phum-OR502AA_022_000026.1	ETO67387.1	65.4	159	337	656	1.19e-56	199	43.9	1317066	Oomycota	Phytophthora	Phytophthora nicotianae	ETO67387.1 hypothetical protein F444_15685 [Phytophthora nicotianae P1976]
Phum-OR502AA_022_000026.1	KUF80240.1	65.4	159	337	950	7.07e-56	200	43.9	4792	Oomycota	Phytophthora	Phytophthora nicotianae	KUF80240.1 WD repeat-containing protein 16 [Phytophthora nicotianae]
Phum-OR502AA_022_000026.1	RLN32275.1	55.4	195	337	889	1.81e-55	198	54.0	2483409	Oomycota	Nothophytophthora	Nothophytophthora sp. Chile5	RLN32275.1 hypothetical protein BBJ28_00012065, partial [Nothophytophthora sp. Chile5]
Phum-OR502AA_022_000026.1	RLN91111.1	54.5	202	337	712	1.75e-53	191	54.0	2483409	Oomycota	Nothophytophthora	Nothophytophthora sp. Chile5	RLN91111.1 hypothetical protein BBJ28_00011668, partial [Nothophytophthora sp. Chile5]
