id	window	forward_repeat_number	reverse_repeat_number	telomeric_repeat
Phum-OR502AA_001	10000	2	55	TTAGGG
Phum-OR502AA_001	20000	0	1	TTAGGG
Phum-OR502AA_001	30000	0	1	TTAGGG
Phum-OR502AA_001	40000	0	0	TTAGGG
Phum-OR502AA_001	50000	0	1	TTAGGG
Phum-OR502AA_001	60000	0	1	TTAGGG
Phum-OR502AA_001	70000	0	3	TTAGGG
Phum-OR502AA_001	80000	0	4	TTAGGG
Phum-OR502AA_001	90000	0	4	TTAGGG
Phum-OR502AA_001	100000	0	3	TTAGGG
Phum-OR502AA_001	110000	0	4	TTAGGG
Phum-OR502AA_001	120000	0	1	TTAGGG
Phum-OR502AA_001	130000	0	0	TTAGGG
Phum-OR502AA_001	140000	0	0	TTAGGG
Phum-OR502AA_001	150000	0	1	TTAGGG
Phum-OR502AA_001	160000	0	2	TTAGGG
Phum-OR502AA_001	170000	2	1	TTAGGG
Phum-OR502AA_001	180000	1	2	TTAGGG
Phum-OR502AA_001	190000	1	1	TTAGGG
Phum-OR502AA_001	200000	0	0	TTAGGG
Phum-OR502AA_001	210000	0	0	TTAGGG
Phum-OR502AA_001	220000	0	0	TTAGGG
Phum-OR502AA_001	230000	0	0	TTAGGG
Phum-OR502AA_001	240000	0	1	TTAGGG
Phum-OR502AA_001	250000	0	0	TTAGGG
Phum-OR502AA_001	260000	0	0	TTAGGG
Phum-OR502AA_001	270000	0	0	TTAGGG
Phum-OR502AA_001	280000	0	1	TTAGGG
Phum-OR502AA_001	290000	2	0	TTAGGG
Phum-OR502AA_001	300000	0	0	TTAGGG
Phum-OR502AA_001	310000	0	0	TTAGGG
Phum-OR502AA_001	320000	0	0	TTAGGG
Phum-OR502AA_001	330000	0	0	TTAGGG
Phum-OR502AA_001	340000	0	0	TTAGGG
Phum-OR502AA_001	350000	0	0	TTAGGG
Phum-OR502AA_001	360000	1	0	TTAGGG
Phum-OR502AA_001	370000	0	0	TTAGGG
Phum-OR502AA_001	380000	0	0	TTAGGG
Phum-OR502AA_001	390000	0	0	TTAGGG
Phum-OR502AA_001	400000	0	0	TTAGGG
Phum-OR502AA_001	410000	0	0	TTAGGG
Phum-OR502AA_001	420000	0	0	TTAGGG
Phum-OR502AA_001	430000	0	1	TTAGGG
Phum-OR502AA_001	440000	0	0	TTAGGG
Phum-OR502AA_001	450000	1	0	TTAGGG
Phum-OR502AA_001	460000	0	0	TTAGGG
Phum-OR502AA_001	470000	0	0	TTAGGG
Phum-OR502AA_001	480000	0	0	TTAGGG
Phum-OR502AA_001	490000	0	0	TTAGGG
Phum-OR502AA_001	500000	0	0	TTAGGG
Phum-OR502AA_001	510000	0	0	TTAGGG
Phum-OR502AA_001	520000	0	0	TTAGGG
Phum-OR502AA_001	530000	0	0	TTAGGG
Phum-OR502AA_001	540000	0	0	TTAGGG
Phum-OR502AA_001	550000	0	0	TTAGGG
Phum-OR502AA_001	560000	0	0	TTAGGG
Phum-OR502AA_001	570000	0	0	TTAGGG
Phum-OR502AA_001	580000	0	0	TTAGGG
Phum-OR502AA_001	590000	0	0	TTAGGG
Phum-OR502AA_001	600000	0	0	TTAGGG
Phum-OR502AA_001	610000	0	0	TTAGGG
Phum-OR502AA_001	620000	0	0	TTAGGG
Phum-OR502AA_001	630000	0	0	TTAGGG
Phum-OR502AA_001	640000	0	0	TTAGGG
Phum-OR502AA_001	650000	0	0	TTAGGG
Phum-OR502AA_001	660000	0	0	TTAGGG
Phum-OR502AA_001	670000	0	0	TTAGGG
Phum-OR502AA_001	680000	0	0	TTAGGG
Phum-OR502AA_001	690000	0	0	TTAGGG
Phum-OR502AA_001	700000	0	0	TTAGGG
Phum-OR502AA_001	710000	0	0	TTAGGG
Phum-OR502AA_001	720000	0	0	TTAGGG
Phum-OR502AA_001	730000	0	0	TTAGGG
Phum-OR502AA_001	740000	0	0	TTAGGG
Phum-OR502AA_001	750000	0	0	TTAGGG
Phum-OR502AA_001	760000	0	0	TTAGGG
Phum-OR502AA_001	770000	0	0	TTAGGG
Phum-OR502AA_001	780000	0	0	TTAGGG
Phum-OR502AA_001	790000	0	0	TTAGGG
Phum-OR502AA_001	800000	0	0	TTAGGG
Phum-OR502AA_001	810000	0	0	TTAGGG
Phum-OR502AA_001	820000	0	0	TTAGGG
Phum-OR502AA_001	830000	0	0	TTAGGG
Phum-OR502AA_001	840000	0	0	TTAGGG
Phum-OR502AA_001	850000	0	0	TTAGGG
Phum-OR502AA_001	860000	0	0	TTAGGG
Phum-OR502AA_001	870000	0	0	TTAGGG
Phum-OR502AA_001	880000	0	0	TTAGGG
Phum-OR502AA_001	890000	0	0	TTAGGG
Phum-OR502AA_001	900000	0	0	TTAGGG
Phum-OR502AA_001	910000	1	0	TTAGGG
Phum-OR502AA_001	920000	0	0	TTAGGG
Phum-OR502AA_001	930000	1	0	TTAGGG
Phum-OR502AA_001	940000	0	0	TTAGGG
Phum-OR502AA_001	950000	0	1	TTAGGG
Phum-OR502AA_001	960000	1	0	TTAGGG
Phum-OR502AA_001	970000	0	0	TTAGGG
Phum-OR502AA_001	980000	0	1	TTAGGG
Phum-OR502AA_001	990000	0	1	TTAGGG
Phum-OR502AA_001	1000000	0	0	TTAGGG
Phum-OR502AA_001	1010000	1	0	TTAGGG
Phum-OR502AA_001	1020000	0	0	TTAGGG
Phum-OR502AA_001	1030000	0	1	TTAGGG
Phum-OR502AA_001	1040000	0	1	TTAGGG
Phum-OR502AA_001	1050000	0	0	TTAGGG
Phum-OR502AA_001	1060000	0	0	TTAGGG
Phum-OR502AA_001	1070000	2	1	TTAGGG
Phum-OR502AA_001	1080000	0	0	TTAGGG
Phum-OR502AA_001	1090000	1	1	TTAGGG
Phum-OR502AA_001	1100000	0	1	TTAGGG
Phum-OR502AA_001	1110000	0	0	TTAGGG
Phum-OR502AA_001	1120000	0	0	TTAGGG
Phum-OR502AA_001	1130000	2	1	TTAGGG
Phum-OR502AA_001	1140000	0	2	TTAGGG
Phum-OR502AA_001	1150000	0	0	TTAGGG
Phum-OR502AA_001	1160000	0	1	TTAGGG
Phum-OR502AA_001	1170000	0	0	TTAGGG
Phum-OR502AA_001	1180000	1	0	TTAGGG
Phum-OR502AA_001	1190000	0	0	TTAGGG
Phum-OR502AA_001	1200000	4	1	TTAGGG
Phum-OR502AA_001	1210000	14	0	TTAGGG
Phum-OR502AA_001	1220000	13	0	TTAGGG
Phum-OR502AA_001	1230000	14	0	TTAGGG
Phum-OR502AA_001	1240000	14	0	TTAGGG
Phum-OR502AA_001	1250000	14	0	TTAGGG
Phum-OR502AA_001	1260000	14	0	TTAGGG
Phum-OR502AA_001	1270000	13	0	TTAGGG
Phum-OR502AA_001	1280000	14	0	TTAGGG
Phum-OR502AA_001	1290000	14	0	TTAGGG
Phum-OR502AA_001	1300000	14	0	TTAGGG
Phum-OR502AA_001	1310000	14	0	TTAGGG
Phum-OR502AA_001	1320000	13	0	TTAGGG
Phum-OR502AA_001	1330000	14	0	TTAGGG
Phum-OR502AA_001	1340000	3	0	TTAGGG
Phum-OR502AA_001	1350000	0	0	TTAGGG
Phum-OR502AA_001	1360000	1	1	TTAGGG
Phum-OR502AA_001	1370000	0	1	TTAGGG
Phum-OR502AA_001	1380000	0	0	TTAGGG
Phum-OR502AA_001	1390000	0	0	TTAGGG
Phum-OR502AA_001	1400000	2	3	TTAGGG
Phum-OR502AA_001	1410000	0	0	TTAGGG
Phum-OR502AA_001	1420000	0	1	TTAGGG
Phum-OR502AA_001	1430000	0	0	TTAGGG
Phum-OR502AA_001	1440000	0	0	TTAGGG
Phum-OR502AA_001	1450000	0	0	TTAGGG
Phum-OR502AA_001	1460000	0	0	TTAGGG
Phum-OR502AA_001	1470000	0	0	TTAGGG
Phum-OR502AA_001	1480000	0	0	TTAGGG
Phum-OR502AA_001	1490000	0	0	TTAGGG
Phum-OR502AA_001	1500000	0	0	TTAGGG
Phum-OR502AA_001	1510000	0	0	TTAGGG
Phum-OR502AA_001	1520000	0	0	TTAGGG
Phum-OR502AA_001	1530000	0	0	TTAGGG
Phum-OR502AA_001	1540000	0	0	TTAGGG
Phum-OR502AA_001	1550000	0	0	TTAGGG
Phum-OR502AA_001	1560000	0	0	TTAGGG
Phum-OR502AA_001	1570000	0	0	TTAGGG
Phum-OR502AA_001	1580000	0	0	TTAGGG
Phum-OR502AA_001	1590000	0	0	TTAGGG
Phum-OR502AA_001	1600000	0	0	TTAGGG
Phum-OR502AA_001	1610000	0	0	TTAGGG
Phum-OR502AA_001	1620000	0	0	TTAGGG
Phum-OR502AA_001	1630000	0	0	TTAGGG
Phum-OR502AA_001	1640000	0	0	TTAGGG
Phum-OR502AA_001	1650000	0	0	TTAGGG
Phum-OR502AA_001	1660000	0	0	TTAGGG
Phum-OR502AA_001	1670000	0	0	TTAGGG
Phum-OR502AA_001	1680000	0	0	TTAGGG
Phum-OR502AA_001	1690000	0	0	TTAGGG
Phum-OR502AA_001	1700000	0	0	TTAGGG
Phum-OR502AA_001	1710000	0	0	TTAGGG
Phum-OR502AA_001	1720000	0	0	TTAGGG
Phum-OR502AA_001	1730000	2	2	TTAGGG
Phum-OR502AA_001	1740000	2	2	TTAGGG
Phum-OR502AA_001	1750000	2	2	TTAGGG
Phum-OR502AA_001	1760000	1	1	TTAGGG
Phum-OR502AA_001	1770000	2	2	TTAGGG
Phum-OR502AA_001	1780000	1	1	TTAGGG
Phum-OR502AA_001	1790000	2	2	TTAGGG
Phum-OR502AA_001	1800000	1	1	TTAGGG
Phum-OR502AA_001	1810000	1	1	TTAGGG
Phum-OR502AA_001	1820000	2	2	TTAGGG
Phum-OR502AA_001	1830000	1	1	TTAGGG
Phum-OR502AA_001	1840000	2	2	TTAGGG
Phum-OR502AA_001	1850000	1	1	TTAGGG
Phum-OR502AA_001	1860000	1	1	TTAGGG
Phum-OR502AA_001	1870000	2	2	TTAGGG
Phum-OR502AA_001	1880000	1	1	TTAGGG
Phum-OR502AA_001	1890000	1	1	TTAGGG
Phum-OR502AA_001	1900000	1	2	TTAGGG
Phum-OR502AA_001	1910000	2	1	TTAGGG
Phum-OR502AA_001	1920000	1	0	TTAGGG
Phum-OR502AA_001	1930000	1	1	TTAGGG
Phum-OR502AA_001	1940000	0	0	TTAGGG
Phum-OR502AA_001	1950000	0	1	TTAGGG
Phum-OR502AA_001	1960000	0	0	TTAGGG
Phum-OR502AA_001	1970000	0	0	TTAGGG
Phum-OR502AA_001	1980000	1	0	TTAGGG
Phum-OR502AA_001	1990000	2	0	TTAGGG
Phum-OR502AA_001	2000000	0	0	TTAGGG
Phum-OR502AA_001	2010000	0	0	TTAGGG
Phum-OR502AA_001	2020000	0	0	TTAGGG
Phum-OR502AA_001	2030000	0	0	TTAGGG
Phum-OR502AA_001	2040000	1	0	TTAGGG
Phum-OR502AA_001	2050000	0	1	TTAGGG
Phum-OR502AA_001	2060000	0	1	TTAGGG
Phum-OR502AA_001	2070000	0	0	TTAGGG
Phum-OR502AA_001	2080000	0	0	TTAGGG
Phum-OR502AA_001	2090000	0	0	TTAGGG
Phum-OR502AA_001	2100000	0	0	TTAGGG
Phum-OR502AA_001	2110000	0	0	TTAGGG
Phum-OR502AA_001	2120000	0	0	TTAGGG
Phum-OR502AA_001	2130000	0	0	TTAGGG
Phum-OR502AA_001	2140000	0	0	TTAGGG
Phum-OR502AA_001	2150000	0	0	TTAGGG
Phum-OR502AA_001	2160000	1	1	TTAGGG
Phum-OR502AA_001	2170000	1	4	TTAGGG
Phum-OR502AA_001	2180000	2	1	TTAGGG
Phum-OR502AA_001	2190000	1	0	TTAGGG
Phum-OR502AA_001	2200000	0	0	TTAGGG
Phum-OR502AA_001	2210000	1	1	TTAGGG
Phum-OR502AA_001	2220000	0	2	TTAGGG
Phum-OR502AA_001	2230000	0	0	TTAGGG
Phum-OR502AA_001	2240000	0	0	TTAGGG
Phum-OR502AA_001	2250000	1	0	TTAGGG
Phum-OR502AA_001	2260000	0	0	TTAGGG
Phum-OR502AA_001	2270000	1	2	TTAGGG
Phum-OR502AA_001	2280000	0	2	TTAGGG
Phum-OR502AA_001	2290000	0	1	TTAGGG
Phum-OR502AA_001	2300000	1	0	TTAGGG
Phum-OR502AA_001	2310000	1	1	TTAGGG
Phum-OR502AA_001	2320000	0	1	TTAGGG
Phum-OR502AA_001	2330000	0	0	TTAGGG
Phum-OR502AA_001	2340000	0	0	TTAGGG
Phum-OR502AA_001	2350000	0	0	TTAGGG
Phum-OR502AA_001	2360000	0	0	TTAGGG
Phum-OR502AA_001	2370000	0	1	TTAGGG
Phum-OR502AA_001	2380000	0	0	TTAGGG
Phum-OR502AA_001	2390000	0	0	TTAGGG
Phum-OR502AA_001	2400000	1	0	TTAGGG
Phum-OR502AA_001	2410000	1	0	TTAGGG
Phum-OR502AA_001	2420000	1	1	TTAGGG
Phum-OR502AA_001	2430000	0	1	TTAGGG
Phum-OR502AA_001	2440000	0	1	TTAGGG
Phum-OR502AA_001	2450000	1	0	TTAGGG
Phum-OR502AA_001	2460000	1	2	TTAGGG
Phum-OR502AA_001	2470000	0	0	TTAGGG
Phum-OR502AA_001	2480000	0	1	TTAGGG
Phum-OR502AA_001	2490000	1	1	TTAGGG
Phum-OR502AA_001	2500000	1	0	TTAGGG
Phum-OR502AA_001	2510000	0	0	TTAGGG
Phum-OR502AA_001	2520000	0	0	TTAGGG
Phum-OR502AA_001	2530000	1	0	TTAGGG
Phum-OR502AA_001	2540000	0	0	TTAGGG
Phum-OR502AA_001	2550000	0	1	TTAGGG
Phum-OR502AA_001	2560000	0	1	TTAGGG
Phum-OR502AA_001	2570000	2	1	TTAGGG
Phum-OR502AA_001	2580000	0	0	TTAGGG
Phum-OR502AA_001	2590000	1	0	TTAGGG
Phum-OR502AA_001	2600000	0	0	TTAGGG
Phum-OR502AA_001	2610000	1	0	TTAGGG
Phum-OR502AA_001	2620000	0	0	TTAGGG
Phum-OR502AA_001	2630000	1	0	TTAGGG
Phum-OR502AA_001	2640000	0	0	TTAGGG
Phum-OR502AA_001	2650000	1	1	TTAGGG
Phum-OR502AA_001	2660000	0	0	TTAGGG
Phum-OR502AA_001	2670000	1	1	TTAGGG
Phum-OR502AA_001	2680000	0	0	TTAGGG
Phum-OR502AA_001	2690000	0	1	TTAGGG
Phum-OR502AA_001	2700000	1	1	TTAGGG
Phum-OR502AA_001	2710000	2	1	TTAGGG
Phum-OR502AA_001	2720000	0	0	TTAGGG
Phum-OR502AA_001	2730000	1	0	TTAGGG
Phum-OR502AA_001	2740000	1	0	TTAGGG
Phum-OR502AA_001	2750000	0	0	TTAGGG
Phum-OR502AA_001	2760000	0	0	TTAGGG
Phum-OR502AA_001	2770000	0	1	TTAGGG
Phum-OR502AA_001	2780000	0	0	TTAGGG
Phum-OR502AA_001	2790000	1	0	TTAGGG
Phum-OR502AA_001	2800000	0	0	TTAGGG
Phum-OR502AA_001	2810000	1	1	TTAGGG
Phum-OR502AA_001	2820000	2	0	TTAGGG
Phum-OR502AA_001	2830000	1	1	TTAGGG
Phum-OR502AA_001	2840000	0	0	TTAGGG
Phum-OR502AA_001	2850000	1	0	TTAGGG
Phum-OR502AA_001	2860000	0	1	TTAGGG
Phum-OR502AA_001	2870000	0	0	TTAGGG
Phum-OR502AA_001	2880000	0	1	TTAGGG
Phum-OR502AA_001	2890000	2	0	TTAGGG
Phum-OR502AA_001	2900000	0	0	TTAGGG
Phum-OR502AA_001	2910000	0	0	TTAGGG
Phum-OR502AA_001	2920000	1	0	TTAGGG
Phum-OR502AA_001	2930000	0	0	TTAGGG
Phum-OR502AA_001	2940000	0	0	TTAGGG
Phum-OR502AA_001	2950000	0	0	TTAGGG
Phum-OR502AA_001	2960000	1	1	TTAGGG
Phum-OR502AA_001	2970000	1	1	TTAGGG
Phum-OR502AA_001	2980000	0	0	TTAGGG
Phum-OR502AA_001	2990000	1	0	TTAGGG
Phum-OR502AA_001	3000000	0	1	TTAGGG
Phum-OR502AA_001	3010000	1	0	TTAGGG
Phum-OR502AA_001	3020000	0	0	TTAGGG
Phum-OR502AA_001	3030000	1	0	TTAGGG
Phum-OR502AA_001	3040000	2	0	TTAGGG
Phum-OR502AA_001	3050000	0	0	TTAGGG
Phum-OR502AA_001	3060000	0	0	TTAGGG
Phum-OR502AA_001	3070000	1	0	TTAGGG
Phum-OR502AA_001	3080000	0	1	TTAGGG
Phum-OR502AA_001	3090000	0	1	TTAGGG
Phum-OR502AA_001	3100000	0	0	TTAGGG
Phum-OR502AA_001	3110000	0	2	TTAGGG
Phum-OR502AA_001	3120000	0	0	TTAGGG
Phum-OR502AA_001	3130000	0	0	TTAGGG
Phum-OR502AA_001	3140000	0	0	TTAGGG
Phum-OR502AA_001	3150000	1	0	TTAGGG
Phum-OR502AA_001	3160000	0	0	TTAGGG
Phum-OR502AA_001	3170000	1	0	TTAGGG
Phum-OR502AA_001	3180000	0	0	TTAGGG
Phum-OR502AA_001	3190000	1	1	TTAGGG
Phum-OR502AA_001	3200000	0	1	TTAGGG
Phum-OR502AA_001	3210000	2	0	TTAGGG
Phum-OR502AA_001	3220000	2	0	TTAGGG
Phum-OR502AA_001	3230000	1	0	TTAGGG
Phum-OR502AA_001	3240000	1	1	TTAGGG
Phum-OR502AA_001	3250000	1	1	TTAGGG
Phum-OR502AA_001	3260000	0	0	TTAGGG
Phum-OR502AA_001	3270000	4	2	TTAGGG
Phum-OR502AA_001	3280000	1	2	TTAGGG
Phum-OR502AA_001	3290000	0	0	TTAGGG
Phum-OR502AA_001	3300000	3	1	TTAGGG
Phum-OR502AA_001	3310000	1	2	TTAGGG
Phum-OR502AA_001	3320000	1	1	TTAGGG
Phum-OR502AA_001	3330000	0	0	TTAGGG
Phum-OR502AA_001	3340000	3	2	TTAGGG
Phum-OR502AA_001	3350000	1	2	TTAGGG
Phum-OR502AA_001	3360000	0	0	TTAGGG
Phum-OR502AA_001	3370000	1	2	TTAGGG
Phum-OR502AA_001	3380000	1	1	TTAGGG
Phum-OR502AA_001	3390000	1	0	TTAGGG
Phum-OR502AA_001	3400000	0	1	TTAGGG
Phum-OR502AA_001	3410000	0	0	TTAGGG
Phum-OR502AA_001	3420000	0	0	TTAGGG
Phum-OR502AA_001	3430000	0	0	TTAGGG
Phum-OR502AA_001	3440000	0	0	TTAGGG
Phum-OR502AA_001	3450000	1	0	TTAGGG
Phum-OR502AA_001	3460000	0	0	TTAGGG
Phum-OR502AA_001	3470000	0	1	TTAGGG
Phum-OR502AA_001	3480000	0	0	TTAGGG
Phum-OR502AA_001	3490000	0	2	TTAGGG
Phum-OR502AA_001	3500000	2	0	TTAGGG
Phum-OR502AA_001	3510000	0	0	TTAGGG
Phum-OR502AA_001	3520000	0	0	TTAGGG
Phum-OR502AA_001	3530000	0	0	TTAGGG
Phum-OR502AA_001	3540000	0	1	TTAGGG
Phum-OR502AA_001	3550000	0	0	TTAGGG
Phum-OR502AA_001	3560000	0	1	TTAGGG
Phum-OR502AA_001	3570000	1	0	TTAGGG
Phum-OR502AA_001	3580000	0	0	TTAGGG
Phum-OR502AA_001	3590000	0	0	TTAGGG
Phum-OR502AA_001	3600000	0	0	TTAGGG
Phum-OR502AA_001	3610000	1	1	TTAGGG
Phum-OR502AA_001	3620000	0	2	TTAGGG
Phum-OR502AA_001	3630000	1	0	TTAGGG
Phum-OR502AA_001	3640000	1	0	TTAGGG
Phum-OR502AA_001	3650000	0	2	TTAGGG
Phum-OR502AA_001	3660000	0	0	TTAGGG
Phum-OR502AA_001	3670000	0	0	TTAGGG
Phum-OR502AA_001	3680000	0	0	TTAGGG
Phum-OR502AA_001	3690000	1	0	TTAGGG
Phum-OR502AA_001	3700000	1	0	TTAGGG
Phum-OR502AA_001	3710000	1	1	TTAGGG
Phum-OR502AA_001	3720000	0	0	TTAGGG
Phum-OR502AA_001	3730000	0	0	TTAGGG
Phum-OR502AA_001	3740000	1	0	TTAGGG
Phum-OR502AA_001	3750000	1	0	TTAGGG
Phum-OR502AA_001	3760000	0	0	TTAGGG
Phum-OR502AA_001	3770000	0	0	TTAGGG
Phum-OR502AA_001	3780000	0	3	TTAGGG
Phum-OR502AA_001	3790000	0	0	TTAGGG
Phum-OR502AA_001	3800000	0	0	TTAGGG
Phum-OR502AA_001	3810000	0	0	TTAGGG
Phum-OR502AA_001	3820000	0	0	TTAGGG
Phum-OR502AA_001	3830000	0	0	TTAGGG
Phum-OR502AA_001	3840000	0	0	TTAGGG
Phum-OR502AA_001	3850000	0	0	TTAGGG
Phum-OR502AA_001	3860000	0	0	TTAGGG
Phum-OR502AA_001	3870000	0	0	TTAGGG
Phum-OR502AA_001	3880000	0	0	TTAGGG
Phum-OR502AA_001	3890000	0	0	TTAGGG
Phum-OR502AA_001	3900000	0	0	TTAGGG
Phum-OR502AA_001	3910000	0	0	TTAGGG
Phum-OR502AA_001	3920000	0	0	TTAGGG
Phum-OR502AA_001	3930000	0	0	TTAGGG
Phum-OR502AA_001	3940000	0	0	TTAGGG
Phum-OR502AA_001	3950000	0	0	TTAGGG
Phum-OR502AA_001	3960000	0	0	TTAGGG
Phum-OR502AA_001	3970000	0	0	TTAGGG
Phum-OR502AA_001	3980000	0	0	TTAGGG
Phum-OR502AA_001	3990000	0	0	TTAGGG
Phum-OR502AA_001	4000000	0	0	TTAGGG
Phum-OR502AA_001	4010000	0	0	TTAGGG
Phum-OR502AA_001	4020000	0	0	TTAGGG
Phum-OR502AA_001	4030000	0	0	TTAGGG
Phum-OR502AA_001	4040000	0	0	TTAGGG
Phum-OR502AA_001	4050000	0	0	TTAGGG
Phum-OR502AA_001	4060000	0	0	TTAGGG
Phum-OR502AA_001	4070000	0	0	TTAGGG
Phum-OR502AA_001	4080000	0	0	TTAGGG
Phum-OR502AA_001	4090000	0	0	TTAGGG
Phum-OR502AA_001	4100000	0	0	TTAGGG
Phum-OR502AA_001	4110000	0	0	TTAGGG
Phum-OR502AA_001	4120000	0	0	TTAGGG
Phum-OR502AA_001	4130000	0	0	TTAGGG
Phum-OR502AA_001	4140000	0	0	TTAGGG
Phum-OR502AA_001	4150000	0	0	TTAGGG
Phum-OR502AA_001	4160000	0	0	TTAGGG
Phum-OR502AA_001	4170000	0	0	TTAGGG
Phum-OR502AA_001	4180000	0	0	TTAGGG
Phum-OR502AA_001	4190000	0	0	TTAGGG
Phum-OR502AA_001	4200000	0	0	TTAGGG
Phum-OR502AA_001	4210000	0	0	TTAGGG
Phum-OR502AA_001	4220000	0	0	TTAGGG
Phum-OR502AA_001	4230000	0	1	TTAGGG
Phum-OR502AA_001	4240000	0	0	TTAGGG
Phum-OR502AA_001	4250000	0	0	TTAGGG
Phum-OR502AA_001	4260000	0	0	TTAGGG
Phum-OR502AA_001	4270000	0	0	TTAGGG
Phum-OR502AA_001	4280000	1	2	TTAGGG
Phum-OR502AA_001	4290000	0	0	TTAGGG
Phum-OR502AA_001	4300000	0	0	TTAGGG
Phum-OR502AA_001	4310000	1	0	TTAGGG
Phum-OR502AA_001	4320000	0	0	TTAGGG
Phum-OR502AA_001	4330000	0	1	TTAGGG
Phum-OR502AA_001	4340000	0	0	TTAGGG
Phum-OR502AA_001	4350000	0	0	TTAGGG
Phum-OR502AA_001	4360000	0	2	TTAGGG
Phum-OR502AA_001	4370000	1	0	TTAGGG
Phum-OR502AA_001	4380000	0	0	TTAGGG
Phum-OR502AA_001	4390000	1	0	TTAGGG
Phum-OR502AA_001	4400000	0	0	TTAGGG
Phum-OR502AA_001	4410000	1	2	TTAGGG
Phum-OR502AA_001	4420000	0	0	TTAGGG
Phum-OR502AA_001	4430000	0	2	TTAGGG
Phum-OR502AA_001	4440000	1	0	TTAGGG
Phum-OR502AA_001	4450000	1	0	TTAGGG
Phum-OR502AA_001	4460000	0	0	TTAGGG
Phum-OR502AA_001	4470000	0	1	TTAGGG
Phum-OR502AA_001	4480000	0	1	TTAGGG
Phum-OR502AA_001	4490000	0	0	TTAGGG
Phum-OR502AA_001	4500000	0	0	TTAGGG
Phum-OR502AA_001	4510000	0	0	TTAGGG
Phum-OR502AA_001	4520000	1	0	TTAGGG
Phum-OR502AA_001	4530000	1	1	TTAGGG
Phum-OR502AA_001	4540000	1	2	TTAGGG
Phum-OR502AA_001	4550000	1	1	TTAGGG
Phum-OR502AA_001	4560000	0	0	TTAGGG
Phum-OR502AA_001	4570000	0	1	TTAGGG
Phum-OR502AA_001	4580000	1	1	TTAGGG
Phum-OR502AA_001	4590000	1	0	TTAGGG
Phum-OR502AA_001	4600000	1	0	TTAGGG
Phum-OR502AA_001	4610000	0	0	TTAGGG
Phum-OR502AA_001	4620000	0	0	TTAGGG
Phum-OR502AA_001	4630000	1	0	TTAGGG
Phum-OR502AA_001	4640000	0	0	TTAGGG
Phum-OR502AA_001	4650000	0	0	TTAGGG
Phum-OR502AA_001	4660000	0	0	TTAGGG
Phum-OR502AA_001	4670000	1	0	TTAGGG
Phum-OR502AA_001	4680000	0	0	TTAGGG
Phum-OR502AA_001	4690000	0	0	TTAGGG
Phum-OR502AA_001	4700000	3	0	TTAGGG
Phum-OR502AA_001	4710000	0	2	TTAGGG
Phum-OR502AA_001	4720000	0	0	TTAGGG
Phum-OR502AA_001	4730000	0	0	TTAGGG
Phum-OR502AA_001	4740000	1	0	TTAGGG
Phum-OR502AA_001	4750000	0	0	TTAGGG
Phum-OR502AA_001	4760000	2	2	TTAGGG
Phum-OR502AA_001	4770000	0	0	TTAGGG
Phum-OR502AA_001	4780000	1	0	TTAGGG
Phum-OR502AA_001	4790000	2	0	TTAGGG
Phum-OR502AA_001	4800000	1	2	TTAGGG
Phum-OR502AA_001	4810000	2	0	TTAGGG
Phum-OR502AA_001	4820000	1	0	TTAGGG
Phum-OR502AA_001	4830000	1	0	TTAGGG
Phum-OR502AA_001	4840000	0	0	TTAGGG
Phum-OR502AA_001	4850000	0	0	TTAGGG
Phum-OR502AA_001	4860000	0	0	TTAGGG
Phum-OR502AA_001	4870000	0	0	TTAGGG
Phum-OR502AA_001	4880000	0	0	TTAGGG
Phum-OR502AA_001	4890000	0	0	TTAGGG
Phum-OR502AA_001	4893420	0	0	TTAGGG
Phum-OR502AA_002	10000	1	58	TTAGGG
Phum-OR502AA_002	20000	1	2	TTAGGG
Phum-OR502AA_002	30000	0	2	TTAGGG
Phum-OR502AA_002	40000	2	1	TTAGGG
Phum-OR502AA_002	50000	0	0	TTAGGG
Phum-OR502AA_002	60000	0	1	TTAGGG
Phum-OR502AA_002	70000	0	3	TTAGGG
Phum-OR502AA_002	80000	0	0	TTAGGG
Phum-OR502AA_002	90000	2	0	TTAGGG
Phum-OR502AA_002	100000	1	0	TTAGGG
Phum-OR502AA_002	110000	2	0	TTAGGG
Phum-OR502AA_002	120000	2	1	TTAGGG
Phum-OR502AA_002	130000	0	0	TTAGGG
Phum-OR502AA_002	140000	4	0	TTAGGG
Phum-OR502AA_002	150000	6	1	TTAGGG
Phum-OR502AA_002	160000	0	1	TTAGGG
Phum-OR502AA_002	170000	0	0	TTAGGG
Phum-OR502AA_002	180000	0	0	TTAGGG
Phum-OR502AA_002	190000	3	2	TTAGGG
Phum-OR502AA_002	200000	2	1	TTAGGG
Phum-OR502AA_002	210000	1	0	TTAGGG
Phum-OR502AA_002	220000	0	0	TTAGGG
Phum-OR502AA_002	230000	1	1	TTAGGG
Phum-OR502AA_002	240000	0	1	TTAGGG
Phum-OR502AA_002	250000	0	0	TTAGGG
Phum-OR502AA_002	260000	0	0	TTAGGG
Phum-OR502AA_002	270000	0	0	TTAGGG
Phum-OR502AA_002	280000	0	0	TTAGGG
Phum-OR502AA_002	290000	1	0	TTAGGG
Phum-OR502AA_002	300000	0	0	TTAGGG
Phum-OR502AA_002	310000	0	0	TTAGGG
Phum-OR502AA_002	320000	0	1	TTAGGG
Phum-OR502AA_002	330000	0	0	TTAGGG
Phum-OR502AA_002	340000	1	0	TTAGGG
Phum-OR502AA_002	350000	2	3	TTAGGG
Phum-OR502AA_002	360000	1	0	TTAGGG
Phum-OR502AA_002	370000	0	0	TTAGGG
Phum-OR502AA_002	380000	1	0	TTAGGG
Phum-OR502AA_002	390000	1	0	TTAGGG
Phum-OR502AA_002	400000	0	1	TTAGGG
Phum-OR502AA_002	410000	1	1	TTAGGG
Phum-OR502AA_002	420000	0	0	TTAGGG
Phum-OR502AA_002	430000	0	0	TTAGGG
Phum-OR502AA_002	440000	0	0	TTAGGG
Phum-OR502AA_002	450000	1	0	TTAGGG
Phum-OR502AA_002	460000	3	0	TTAGGG
Phum-OR502AA_002	470000	0	3	TTAGGG
Phum-OR502AA_002	480000	1	0	TTAGGG
Phum-OR502AA_002	490000	1	0	TTAGGG
Phum-OR502AA_002	500000	1	0	TTAGGG
Phum-OR502AA_002	510000	0	0	TTAGGG
Phum-OR502AA_002	520000	1	1	TTAGGG
Phum-OR502AA_002	530000	4	1	TTAGGG
Phum-OR502AA_002	540000	0	1	TTAGGG
Phum-OR502AA_002	550000	0	1	TTAGGG
Phum-OR502AA_002	560000	0	0	TTAGGG
Phum-OR502AA_002	570000	2	0	TTAGGG
Phum-OR502AA_002	580000	1	0	TTAGGG
Phum-OR502AA_002	590000	0	0	TTAGGG
Phum-OR502AA_002	600000	0	0	TTAGGG
Phum-OR502AA_002	610000	1	0	TTAGGG
Phum-OR502AA_002	620000	0	0	TTAGGG
Phum-OR502AA_002	630000	1	0	TTAGGG
Phum-OR502AA_002	640000	3	2	TTAGGG
Phum-OR502AA_002	650000	0	0	TTAGGG
Phum-OR502AA_002	660000	1	6	TTAGGG
Phum-OR502AA_002	670000	3	1	TTAGGG
Phum-OR502AA_002	680000	0	0	TTAGGG
Phum-OR502AA_002	690000	1	1	TTAGGG
Phum-OR502AA_002	700000	0	0	TTAGGG
Phum-OR502AA_002	710000	0	0	TTAGGG
Phum-OR502AA_002	720000	0	0	TTAGGG
Phum-OR502AA_002	730000	1	2	TTAGGG
Phum-OR502AA_002	740000	0	1	TTAGGG
Phum-OR502AA_002	750000	0	0	TTAGGG
Phum-OR502AA_002	760000	1	0	TTAGGG
Phum-OR502AA_002	770000	0	0	TTAGGG
Phum-OR502AA_002	780000	0	0	TTAGGG
Phum-OR502AA_002	790000	0	1	TTAGGG
Phum-OR502AA_002	800000	0	3	TTAGGG
Phum-OR502AA_002	810000	0	0	TTAGGG
Phum-OR502AA_002	820000	0	0	TTAGGG
Phum-OR502AA_002	830000	0	0	TTAGGG
Phum-OR502AA_002	840000	0	0	TTAGGG
Phum-OR502AA_002	850000	0	0	TTAGGG
Phum-OR502AA_002	860000	0	1	TTAGGG
Phum-OR502AA_002	870000	2	3	TTAGGG
Phum-OR502AA_002	880000	0	0	TTAGGG
Phum-OR502AA_002	890000	1	2	TTAGGG
Phum-OR502AA_002	900000	1	2	TTAGGG
Phum-OR502AA_002	910000	0	1	TTAGGG
Phum-OR502AA_002	920000	2	2	TTAGGG
Phum-OR502AA_002	930000	0	0	TTAGGG
Phum-OR502AA_002	940000	1	1	TTAGGG
Phum-OR502AA_002	950000	1	0	TTAGGG
Phum-OR502AA_002	960000	0	1	TTAGGG
Phum-OR502AA_002	970000	0	0	TTAGGG
Phum-OR502AA_002	980000	0	0	TTAGGG
Phum-OR502AA_002	990000	0	2	TTAGGG
Phum-OR502AA_002	1000000	0	0	TTAGGG
Phum-OR502AA_002	1010000	1	0	TTAGGG
Phum-OR502AA_002	1020000	0	1	TTAGGG
Phum-OR502AA_002	1030000	0	0	TTAGGG
Phum-OR502AA_002	1040000	0	0	TTAGGG
Phum-OR502AA_002	1050000	0	0	TTAGGG
Phum-OR502AA_002	1060000	0	0	TTAGGG
Phum-OR502AA_002	1070000	0	0	TTAGGG
Phum-OR502AA_002	1080000	0	0	TTAGGG
Phum-OR502AA_002	1090000	0	0	TTAGGG
Phum-OR502AA_002	1100000	0	0	TTAGGG
Phum-OR502AA_002	1110000	0	0	TTAGGG
Phum-OR502AA_002	1120000	0	0	TTAGGG
Phum-OR502AA_002	1130000	0	0	TTAGGG
Phum-OR502AA_002	1140000	0	0	TTAGGG
Phum-OR502AA_002	1150000	0	0	TTAGGG
Phum-OR502AA_002	1160000	0	0	TTAGGG
Phum-OR502AA_002	1170000	0	0	TTAGGG
Phum-OR502AA_002	1180000	0	0	TTAGGG
Phum-OR502AA_002	1190000	0	0	TTAGGG
Phum-OR502AA_002	1200000	0	0	TTAGGG
Phum-OR502AA_002	1210000	0	0	TTAGGG
Phum-OR502AA_002	1220000	0	0	TTAGGG
Phum-OR502AA_002	1230000	0	0	TTAGGG
Phum-OR502AA_002	1240000	0	0	TTAGGG
Phum-OR502AA_002	1250000	0	0	TTAGGG
Phum-OR502AA_002	1260000	0	0	TTAGGG
Phum-OR502AA_002	1270000	0	0	TTAGGG
Phum-OR502AA_002	1280000	0	0	TTAGGG
Phum-OR502AA_002	1290000	0	0	TTAGGG
Phum-OR502AA_002	1300000	0	0	TTAGGG
Phum-OR502AA_002	1310000	0	0	TTAGGG
Phum-OR502AA_002	1320000	0	0	TTAGGG
Phum-OR502AA_002	1330000	0	0	TTAGGG
Phum-OR502AA_002	1340000	0	0	TTAGGG
Phum-OR502AA_002	1350000	0	0	TTAGGG
Phum-OR502AA_002	1360000	0	0	TTAGGG
Phum-OR502AA_002	1370000	0	0	TTAGGG
Phum-OR502AA_002	1380000	0	0	TTAGGG
Phum-OR502AA_002	1390000	0	0	TTAGGG
Phum-OR502AA_002	1400000	0	0	TTAGGG
Phum-OR502AA_002	1410000	0	0	TTAGGG
Phum-OR502AA_002	1420000	0	0	TTAGGG
Phum-OR502AA_002	1430000	0	0	TTAGGG
Phum-OR502AA_002	1440000	0	1	TTAGGG
Phum-OR502AA_002	1450000	1	0	TTAGGG
Phum-OR502AA_002	1460000	0	0	TTAGGG
Phum-OR502AA_002	1470000	0	0	TTAGGG
Phum-OR502AA_002	1480000	0	1	TTAGGG
Phum-OR502AA_002	1490000	0	0	TTAGGG
Phum-OR502AA_002	1500000	2	0	TTAGGG
Phum-OR502AA_002	1510000	1	0	TTAGGG
Phum-OR502AA_002	1520000	0	2	TTAGGG
Phum-OR502AA_002	1530000	0	0	TTAGGG
Phum-OR502AA_002	1540000	1	0	TTAGGG
Phum-OR502AA_002	1550000	0	0	TTAGGG
Phum-OR502AA_002	1560000	0	0	TTAGGG
Phum-OR502AA_002	1570000	0	1	TTAGGG
Phum-OR502AA_002	1580000	1	0	TTAGGG
Phum-OR502AA_002	1590000	0	1	TTAGGG
Phum-OR502AA_002	1600000	1	0	TTAGGG
Phum-OR502AA_002	1610000	1	0	TTAGGG
Phum-OR502AA_002	1620000	0	0	TTAGGG
Phum-OR502AA_002	1630000	0	0	TTAGGG
Phum-OR502AA_002	1640000	0	0	TTAGGG
Phum-OR502AA_002	1650000	1	0	TTAGGG
Phum-OR502AA_002	1660000	0	2	TTAGGG
Phum-OR502AA_002	1670000	0	0	TTAGGG
Phum-OR502AA_002	1680000	1	0	TTAGGG
Phum-OR502AA_002	1690000	0	1	TTAGGG
Phum-OR502AA_002	1700000	0	0	TTAGGG
Phum-OR502AA_002	1710000	1	0	TTAGGG
Phum-OR502AA_002	1720000	1	3	TTAGGG
Phum-OR502AA_002	1730000	1	0	TTAGGG
Phum-OR502AA_002	1740000	0	2	TTAGGG
Phum-OR502AA_002	1750000	0	1	TTAGGG
Phum-OR502AA_002	1760000	0	0	TTAGGG
Phum-OR502AA_002	1770000	0	0	TTAGGG
Phum-OR502AA_002	1780000	0	0	TTAGGG
Phum-OR502AA_002	1790000	0	0	TTAGGG
Phum-OR502AA_002	1800000	0	0	TTAGGG
Phum-OR502AA_002	1810000	0	0	TTAGGG
Phum-OR502AA_002	1820000	0	0	TTAGGG
Phum-OR502AA_002	1830000	1	2	TTAGGG
Phum-OR502AA_002	1840000	1	1	TTAGGG
Phum-OR502AA_002	1850000	1	1	TTAGGG
Phum-OR502AA_002	1860000	1	0	TTAGGG
Phum-OR502AA_002	1870000	0	2	TTAGGG
Phum-OR502AA_002	1880000	0	0	TTAGGG
Phum-OR502AA_002	1890000	0	0	TTAGGG
Phum-OR502AA_002	1900000	0	0	TTAGGG
Phum-OR502AA_002	1910000	0	0	TTAGGG
Phum-OR502AA_002	1920000	0	0	TTAGGG
Phum-OR502AA_002	1930000	0	0	TTAGGG
Phum-OR502AA_002	1940000	0	0	TTAGGG
Phum-OR502AA_002	1950000	0	0	TTAGGG
Phum-OR502AA_002	1960000	0	0	TTAGGG
Phum-OR502AA_002	1970000	0	0	TTAGGG
Phum-OR502AA_002	1980000	0	0	TTAGGG
Phum-OR502AA_002	1990000	0	0	TTAGGG
Phum-OR502AA_002	2000000	0	0	TTAGGG
Phum-OR502AA_002	2010000	0	0	TTAGGG
Phum-OR502AA_002	2020000	0	1	TTAGGG
Phum-OR502AA_002	2030000	0	0	TTAGGG
Phum-OR502AA_002	2040000	0	0	TTAGGG
Phum-OR502AA_002	2050000	2	0	TTAGGG
Phum-OR502AA_002	2060000	3	3	TTAGGG
Phum-OR502AA_002	2070000	0	0	TTAGGG
Phum-OR502AA_002	2080000	0	0	TTAGGG
Phum-OR502AA_002	2090000	0	1	TTAGGG
Phum-OR502AA_002	2100000	1	0	TTAGGG
Phum-OR502AA_002	2110000	2	0	TTAGGG
Phum-OR502AA_002	2120000	0	0	TTAGGG
Phum-OR502AA_002	2130000	0	0	TTAGGG
Phum-OR502AA_002	2140000	0	0	TTAGGG
Phum-OR502AA_002	2150000	0	1	TTAGGG
Phum-OR502AA_002	2160000	1	0	TTAGGG
Phum-OR502AA_002	2170000	0	1	TTAGGG
Phum-OR502AA_002	2180000	1	0	TTAGGG
Phum-OR502AA_002	2190000	0	1	TTAGGG
Phum-OR502AA_002	2200000	0	0	TTAGGG
Phum-OR502AA_002	2210000	0	0	TTAGGG
Phum-OR502AA_002	2220000	0	2	TTAGGG
Phum-OR502AA_002	2230000	0	2	TTAGGG
Phum-OR502AA_002	2240000	1	1	TTAGGG
Phum-OR502AA_002	2250000	1	0	TTAGGG
Phum-OR502AA_002	2260000	0	1	TTAGGG
Phum-OR502AA_002	2270000	1	0	TTAGGG
Phum-OR502AA_002	2280000	0	0	TTAGGG
Phum-OR502AA_002	2290000	0	0	TTAGGG
Phum-OR502AA_002	2300000	1	0	TTAGGG
Phum-OR502AA_002	2310000	2	1	TTAGGG
Phum-OR502AA_002	2320000	0	0	TTAGGG
Phum-OR502AA_002	2330000	0	0	TTAGGG
Phum-OR502AA_002	2340000	0	0	TTAGGG
Phum-OR502AA_002	2350000	0	0	TTAGGG
Phum-OR502AA_002	2360000	0	0	TTAGGG
Phum-OR502AA_002	2370000	0	0	TTAGGG
Phum-OR502AA_002	2380000	0	1	TTAGGG
Phum-OR502AA_002	2390000	1	1	TTAGGG
Phum-OR502AA_002	2400000	0	0	TTAGGG
Phum-OR502AA_002	2410000	0	1	TTAGGG
Phum-OR502AA_002	2420000	0	0	TTAGGG
Phum-OR502AA_002	2430000	1	1	TTAGGG
Phum-OR502AA_002	2440000	1	0	TTAGGG
Phum-OR502AA_002	2450000	1	0	TTAGGG
Phum-OR502AA_002	2460000	0	0	TTAGGG
Phum-OR502AA_002	2470000	0	0	TTAGGG
Phum-OR502AA_002	2480000	1	0	TTAGGG
Phum-OR502AA_002	2490000	0	1	TTAGGG
Phum-OR502AA_002	2500000	1	0	TTAGGG
Phum-OR502AA_002	2510000	0	0	TTAGGG
Phum-OR502AA_002	2520000	0	2	TTAGGG
Phum-OR502AA_002	2530000	0	0	TTAGGG
Phum-OR502AA_002	2540000	0	0	TTAGGG
Phum-OR502AA_002	2550000	2	1	TTAGGG
Phum-OR502AA_002	2560000	0	0	TTAGGG
Phum-OR502AA_002	2570000	0	0	TTAGGG
Phum-OR502AA_002	2580000	0	0	TTAGGG
Phum-OR502AA_002	2590000	0	2	TTAGGG
Phum-OR502AA_002	2600000	0	0	TTAGGG
Phum-OR502AA_002	2610000	1	0	TTAGGG
Phum-OR502AA_002	2620000	0	2	TTAGGG
Phum-OR502AA_002	2630000	0	0	TTAGGG
Phum-OR502AA_002	2640000	0	0	TTAGGG
Phum-OR502AA_002	2650000	0	0	TTAGGG
Phum-OR502AA_002	2660000	1	0	TTAGGG
Phum-OR502AA_002	2670000	0	0	TTAGGG
Phum-OR502AA_002	2680000	0	1	TTAGGG
Phum-OR502AA_002	2690000	0	0	TTAGGG
Phum-OR502AA_002	2700000	0	0	TTAGGG
Phum-OR502AA_002	2710000	0	0	TTAGGG
Phum-OR502AA_002	2720000	0	0	TTAGGG
Phum-OR502AA_002	2730000	0	0	TTAGGG
Phum-OR502AA_002	2740000	0	0	TTAGGG
Phum-OR502AA_002	2750000	0	1	TTAGGG
Phum-OR502AA_002	2760000	0	0	TTAGGG
Phum-OR502AA_002	2770000	1	0	TTAGGG
Phum-OR502AA_002	2780000	0	0	TTAGGG
Phum-OR502AA_002	2790000	0	0	TTAGGG
Phum-OR502AA_002	2800000	1	0	TTAGGG
Phum-OR502AA_002	2810000	1	1	TTAGGG
Phum-OR502AA_002	2820000	0	2	TTAGGG
Phum-OR502AA_002	2830000	0	0	TTAGGG
Phum-OR502AA_002	2840000	0	0	TTAGGG
Phum-OR502AA_002	2850000	0	0	TTAGGG
Phum-OR502AA_002	2860000	0	0	TTAGGG
Phum-OR502AA_002	2870000	0	0	TTAGGG
Phum-OR502AA_002	2880000	0	0	TTAGGG
Phum-OR502AA_002	2890000	0	0	TTAGGG
Phum-OR502AA_002	2900000	0	0	TTAGGG
Phum-OR502AA_002	2910000	0	0	TTAGGG
Phum-OR502AA_002	2920000	0	0	TTAGGG
Phum-OR502AA_002	2930000	0	0	TTAGGG
Phum-OR502AA_002	2940000	0	0	TTAGGG
Phum-OR502AA_002	2950000	0	0	TTAGGG
Phum-OR502AA_002	2960000	0	0	TTAGGG
Phum-OR502AA_002	2970000	0	0	TTAGGG
Phum-OR502AA_002	2980000	0	0	TTAGGG
Phum-OR502AA_002	2990000	1	0	TTAGGG
Phum-OR502AA_002	3000000	0	0	TTAGGG
Phum-OR502AA_002	3010000	1	0	TTAGGG
Phum-OR502AA_002	3020000	2	0	TTAGGG
Phum-OR502AA_002	3030000	0	0	TTAGGG
Phum-OR502AA_002	3040000	0	0	TTAGGG
Phum-OR502AA_002	3050000	2	1	TTAGGG
Phum-OR502AA_002	3060000	0	0	TTAGGG
Phum-OR502AA_002	3070000	1	3	TTAGGG
Phum-OR502AA_002	3080000	1	0	TTAGGG
Phum-OR502AA_002	3090000	0	1	TTAGGG
Phum-OR502AA_002	3100000	0	0	TTAGGG
Phum-OR502AA_002	3110000	0	0	TTAGGG
Phum-OR502AA_002	3120000	0	1	TTAGGG
Phum-OR502AA_002	3130000	1	0	TTAGGG
Phum-OR502AA_002	3140000	0	0	TTAGGG
Phum-OR502AA_002	3150000	0	0	TTAGGG
Phum-OR502AA_002	3160000	1	1	TTAGGG
Phum-OR502AA_002	3170000	1	1	TTAGGG
Phum-OR502AA_002	3180000	0	0	TTAGGG
Phum-OR502AA_002	3190000	0	0	TTAGGG
Phum-OR502AA_002	3200000	0	0	TTAGGG
Phum-OR502AA_002	3210000	0	0	TTAGGG
Phum-OR502AA_002	3220000	0	0	TTAGGG
Phum-OR502AA_002	3230000	0	0	TTAGGG
Phum-OR502AA_002	3240000	0	0	TTAGGG
Phum-OR502AA_002	3250000	0	0	TTAGGG
Phum-OR502AA_002	3260000	0	0	TTAGGG
Phum-OR502AA_002	3270000	0	0	TTAGGG
Phum-OR502AA_002	3280000	0	0	TTAGGG
Phum-OR502AA_002	3290000	0	0	TTAGGG
Phum-OR502AA_002	3300000	0	0	TTAGGG
Phum-OR502AA_002	3310000	0	0	TTAGGG
Phum-OR502AA_002	3320000	0	0	TTAGGG
Phum-OR502AA_002	3330000	0	0	TTAGGG
Phum-OR502AA_002	3340000	0	0	TTAGGG
Phum-OR502AA_002	3350000	0	1	TTAGGG
Phum-OR502AA_002	3360000	0	0	TTAGGG
Phum-OR502AA_002	3370000	0	0	TTAGGG
Phum-OR502AA_002	3380000	0	0	TTAGGG
Phum-OR502AA_002	3390000	0	0	TTAGGG
Phum-OR502AA_002	3400000	0	0	TTAGGG
Phum-OR502AA_002	3410000	0	0	TTAGGG
Phum-OR502AA_002	3420000	0	0	TTAGGG
Phum-OR502AA_002	3430000	0	0	TTAGGG
Phum-OR502AA_002	3440000	0	0	TTAGGG
Phum-OR502AA_002	3450000	0	0	TTAGGG
Phum-OR502AA_002	3460000	0	1	TTAGGG
Phum-OR502AA_002	3470000	0	0	TTAGGG
Phum-OR502AA_002	3480000	2	0	TTAGGG
Phum-OR502AA_002	3490000	0	0	TTAGGG
Phum-OR502AA_002	3500000	1	0	TTAGGG
Phum-OR502AA_002	3510000	1	0	TTAGGG
Phum-OR502AA_002	3520000	1	1	TTAGGG
Phum-OR502AA_002	3530000	1	0	TTAGGG
Phum-OR502AA_002	3540000	0	0	TTAGGG
Phum-OR502AA_002	3550000	0	0	TTAGGG
Phum-OR502AA_002	3560000	0	0	TTAGGG
Phum-OR502AA_002	3570000	0	0	TTAGGG
Phum-OR502AA_002	3580000	0	0	TTAGGG
Phum-OR502AA_002	3590000	0	0	TTAGGG
Phum-OR502AA_002	3600000	0	0	TTAGGG
Phum-OR502AA_002	3610000	0	0	TTAGGG
Phum-OR502AA_002	3620000	0	0	TTAGGG
Phum-OR502AA_002	3630000	0	0	TTAGGG
Phum-OR502AA_002	3640000	0	0	TTAGGG
Phum-OR502AA_002	3650000	0	0	TTAGGG
Phum-OR502AA_002	3660000	0	0	TTAGGG
Phum-OR502AA_002	3670000	0	0	TTAGGG
Phum-OR502AA_002	3680000	0	0	TTAGGG
Phum-OR502AA_002	3690000	0	0	TTAGGG
Phum-OR502AA_002	3700000	0	0	TTAGGG
Phum-OR502AA_002	3710000	0	0	TTAGGG
Phum-OR502AA_002	3720000	0	0	TTAGGG
Phum-OR502AA_002	3730000	0	0	TTAGGG
Phum-OR502AA_002	3740000	0	0	TTAGGG
Phum-OR502AA_002	3750000	0	0	TTAGGG
Phum-OR502AA_002	3760000	0	0	TTAGGG
Phum-OR502AA_002	3770000	0	0	TTAGGG
Phum-OR502AA_002	3780000	1	0	TTAGGG
Phum-OR502AA_002	3790000	2	1	TTAGGG
Phum-OR502AA_002	3800000	1	0	TTAGGG
Phum-OR502AA_002	3810000	0	0	TTAGGG
Phum-OR502AA_002	3820000	0	1	TTAGGG
Phum-OR502AA_002	3830000	0	0	TTAGGG
Phum-OR502AA_002	3840000	1	0	TTAGGG
Phum-OR502AA_002	3850000	1	0	TTAGGG
Phum-OR502AA_002	3860000	0	0	TTAGGG
Phum-OR502AA_002	3870000	0	4	TTAGGG
Phum-OR502AA_002	3880000	2	0	TTAGGG
Phum-OR502AA_002	3890000	0	2	TTAGGG
Phum-OR502AA_002	3900000	0	1	TTAGGG
Phum-OR502AA_002	3910000	0	0	TTAGGG
Phum-OR502AA_002	3920000	0	0	TTAGGG
Phum-OR502AA_002	3930000	1	0	TTAGGG
Phum-OR502AA_002	3940000	1	0	TTAGGG
Phum-OR502AA_002	3950000	1	1	TTAGGG
Phum-OR502AA_002	3960000	1	1	TTAGGG
Phum-OR502AA_002	3970000	0	1	TTAGGG
Phum-OR502AA_002	3980000	1	1	TTAGGG
Phum-OR502AA_002	3990000	0	3	TTAGGG
Phum-OR502AA_002	4000000	0	0	TTAGGG
Phum-OR502AA_002	4010000	0	0	TTAGGG
Phum-OR502AA_002	4013734	0	0	TTAGGG
Phum-OR502AA_003	10000	0	0	TTAGGG
Phum-OR502AA_003	20000	0	0	TTAGGG
Phum-OR502AA_003	30000	0	0	TTAGGG
Phum-OR502AA_003	40000	0	0	TTAGGG
Phum-OR502AA_003	50000	0	0	TTAGGG
Phum-OR502AA_003	60000	0	0	TTAGGG
Phum-OR502AA_003	70000	0	1	TTAGGG
Phum-OR502AA_003	80000	0	1	TTAGGG
Phum-OR502AA_003	90000	0	0	TTAGGG
Phum-OR502AA_003	100000	2	0	TTAGGG
Phum-OR502AA_003	110000	1	0	TTAGGG
Phum-OR502AA_003	120000	0	0	TTAGGG
Phum-OR502AA_003	130000	0	1	TTAGGG
Phum-OR502AA_003	140000	0	0	TTAGGG
Phum-OR502AA_003	150000	0	1	TTAGGG
Phum-OR502AA_003	160000	0	0	TTAGGG
Phum-OR502AA_003	170000	0	0	TTAGGG
Phum-OR502AA_003	180000	0	0	TTAGGG
Phum-OR502AA_003	190000	0	0	TTAGGG
Phum-OR502AA_003	200000	1	1	TTAGGG
Phum-OR502AA_003	210000	1	0	TTAGGG
Phum-OR502AA_003	220000	0	0	TTAGGG
Phum-OR502AA_003	230000	0	0	TTAGGG
Phum-OR502AA_003	240000	0	0	TTAGGG
Phum-OR502AA_003	250000	0	0	TTAGGG
Phum-OR502AA_003	260000	0	0	TTAGGG
Phum-OR502AA_003	270000	0	0	TTAGGG
Phum-OR502AA_003	280000	0	0	TTAGGG
Phum-OR502AA_003	290000	0	0	TTAGGG
Phum-OR502AA_003	300000	0	0	TTAGGG
Phum-OR502AA_003	310000	0	0	TTAGGG
Phum-OR502AA_003	320000	0	0	TTAGGG
Phum-OR502AA_003	330000	0	1	TTAGGG
Phum-OR502AA_003	340000	1	3	TTAGGG
Phum-OR502AA_003	350000	0	0	TTAGGG
Phum-OR502AA_003	360000	0	1	TTAGGG
Phum-OR502AA_003	370000	2	2	TTAGGG
Phum-OR502AA_003	380000	2	0	TTAGGG
Phum-OR502AA_003	390000	1	1	TTAGGG
Phum-OR502AA_003	400000	0	2	TTAGGG
Phum-OR502AA_003	410000	0	0	TTAGGG
Phum-OR502AA_003	420000	2	2	TTAGGG
Phum-OR502AA_003	430000	1	0	TTAGGG
Phum-OR502AA_003	440000	2	0	TTAGGG
Phum-OR502AA_003	450000	0	1	TTAGGG
Phum-OR502AA_003	460000	0	1	TTAGGG
Phum-OR502AA_003	470000	0	0	TTAGGG
Phum-OR502AA_003	480000	0	0	TTAGGG
Phum-OR502AA_003	490000	0	0	TTAGGG
Phum-OR502AA_003	500000	0	0	TTAGGG
Phum-OR502AA_003	510000	0	0	TTAGGG
Phum-OR502AA_003	520000	1	1	TTAGGG
Phum-OR502AA_003	530000	0	0	TTAGGG
Phum-OR502AA_003	540000	0	0	TTAGGG
Phum-OR502AA_003	550000	0	1	TTAGGG
Phum-OR502AA_003	560000	1	0	TTAGGG
Phum-OR502AA_003	570000	1	0	TTAGGG
Phum-OR502AA_003	580000	1	0	TTAGGG
Phum-OR502AA_003	590000	0	0	TTAGGG
Phum-OR502AA_003	600000	1	0	TTAGGG
Phum-OR502AA_003	610000	2	0	TTAGGG
Phum-OR502AA_003	620000	1	0	TTAGGG
Phum-OR502AA_003	630000	0	0	TTAGGG
Phum-OR502AA_003	640000	2	0	TTAGGG
Phum-OR502AA_003	650000	1	0	TTAGGG
Phum-OR502AA_003	660000	0	0	TTAGGG
Phum-OR502AA_003	670000	0	0	TTAGGG
Phum-OR502AA_003	680000	0	0	TTAGGG
Phum-OR502AA_003	690000	0	0	TTAGGG
Phum-OR502AA_003	700000	0	0	TTAGGG
Phum-OR502AA_003	710000	0	1	TTAGGG
Phum-OR502AA_003	720000	0	0	TTAGGG
Phum-OR502AA_003	730000	0	0	TTAGGG
Phum-OR502AA_003	740000	0	2	TTAGGG
Phum-OR502AA_003	750000	0	0	TTAGGG
Phum-OR502AA_003	760000	0	0	TTAGGG
Phum-OR502AA_003	770000	1	0	TTAGGG
Phum-OR502AA_003	780000	0	0	TTAGGG
Phum-OR502AA_003	790000	0	0	TTAGGG
Phum-OR502AA_003	800000	0	0	TTAGGG
Phum-OR502AA_003	810000	2	0	TTAGGG
Phum-OR502AA_003	820000	0	0	TTAGGG
Phum-OR502AA_003	830000	2	0	TTAGGG
Phum-OR502AA_003	840000	0	1	TTAGGG
Phum-OR502AA_003	850000	0	0	TTAGGG
Phum-OR502AA_003	860000	0	0	TTAGGG
Phum-OR502AA_003	870000	0	1	TTAGGG
Phum-OR502AA_003	880000	1	0	TTAGGG
Phum-OR502AA_003	890000	0	0	TTAGGG
Phum-OR502AA_003	900000	0	0	TTAGGG
Phum-OR502AA_003	910000	0	0	TTAGGG
Phum-OR502AA_003	920000	1	0	TTAGGG
Phum-OR502AA_003	930000	0	0	TTAGGG
Phum-OR502AA_003	940000	1	0	TTAGGG
Phum-OR502AA_003	950000	0	0	TTAGGG
Phum-OR502AA_003	960000	0	0	TTAGGG
Phum-OR502AA_003	970000	2	0	TTAGGG
Phum-OR502AA_003	980000	0	0	TTAGGG
Phum-OR502AA_003	990000	0	0	TTAGGG
Phum-OR502AA_003	1000000	0	0	TTAGGG
Phum-OR502AA_003	1010000	0	0	TTAGGG
Phum-OR502AA_003	1020000	0	1	TTAGGG
Phum-OR502AA_003	1030000	0	1	TTAGGG
Phum-OR502AA_003	1040000	1	2	TTAGGG
Phum-OR502AA_003	1050000	0	0	TTAGGG
Phum-OR502AA_003	1060000	0	0	TTAGGG
Phum-OR502AA_003	1070000	1	0	TTAGGG
Phum-OR502AA_003	1080000	0	0	TTAGGG
Phum-OR502AA_003	1090000	0	0	TTAGGG
Phum-OR502AA_003	1100000	0	1	TTAGGG
Phum-OR502AA_003	1110000	1	0	TTAGGG
Phum-OR502AA_003	1120000	0	0	TTAGGG
Phum-OR502AA_003	1130000	1	0	TTAGGG
Phum-OR502AA_003	1140000	0	0	TTAGGG
Phum-OR502AA_003	1150000	0	0	TTAGGG
Phum-OR502AA_003	1160000	0	0	TTAGGG
Phum-OR502AA_003	1170000	1	1	TTAGGG
Phum-OR502AA_003	1180000	0	0	TTAGGG
Phum-OR502AA_003	1190000	0	0	TTAGGG
Phum-OR502AA_003	1200000	1	0	TTAGGG
Phum-OR502AA_003	1210000	0	1	TTAGGG
Phum-OR502AA_003	1220000	0	0	TTAGGG
Phum-OR502AA_003	1230000	0	4	TTAGGG
Phum-OR502AA_003	1240000	0	0	TTAGGG
Phum-OR502AA_003	1250000	0	0	TTAGGG
Phum-OR502AA_003	1260000	1	1	TTAGGG
Phum-OR502AA_003	1270000	0	0	TTAGGG
Phum-OR502AA_003	1280000	0	2	TTAGGG
Phum-OR502AA_003	1290000	2	2	TTAGGG
Phum-OR502AA_003	1300000	0	1	TTAGGG
Phum-OR502AA_003	1310000	1	0	TTAGGG
Phum-OR502AA_003	1320000	0	2	TTAGGG
Phum-OR502AA_003	1330000	0	1	TTAGGG
Phum-OR502AA_003	1340000	0	0	TTAGGG
Phum-OR502AA_003	1350000	2	0	TTAGGG
Phum-OR502AA_003	1360000	0	0	TTAGGG
Phum-OR502AA_003	1370000	0	0	TTAGGG
Phum-OR502AA_003	1380000	0	0	TTAGGG
Phum-OR502AA_003	1390000	0	2	TTAGGG
Phum-OR502AA_003	1400000	0	3	TTAGGG
Phum-OR502AA_003	1410000	0	0	TTAGGG
Phum-OR502AA_003	1420000	2	2	TTAGGG
Phum-OR502AA_003	1430000	2	1	TTAGGG
Phum-OR502AA_003	1440000	0	0	TTAGGG
Phum-OR502AA_003	1450000	0	0	TTAGGG
Phum-OR502AA_003	1460000	0	0	TTAGGG
Phum-OR502AA_003	1470000	0	0	TTAGGG
Phum-OR502AA_003	1480000	0	0	TTAGGG
Phum-OR502AA_003	1490000	1	1	TTAGGG
Phum-OR502AA_003	1500000	0	1	TTAGGG
Phum-OR502AA_003	1510000	0	0	TTAGGG
Phum-OR502AA_003	1520000	1	0	TTAGGG
Phum-OR502AA_003	1530000	0	0	TTAGGG
Phum-OR502AA_003	1540000	0	0	TTAGGG
Phum-OR502AA_003	1550000	1	0	TTAGGG
Phum-OR502AA_003	1560000	0	0	TTAGGG
Phum-OR502AA_003	1570000	0	0	TTAGGG
Phum-OR502AA_003	1580000	0	0	TTAGGG
Phum-OR502AA_003	1590000	0	0	TTAGGG
Phum-OR502AA_003	1600000	1	1	TTAGGG
Phum-OR502AA_003	1610000	0	1	TTAGGG
Phum-OR502AA_003	1620000	0	1	TTAGGG
Phum-OR502AA_003	1630000	0	1	TTAGGG
Phum-OR502AA_003	1640000	1	0	TTAGGG
Phum-OR502AA_003	1650000	2	0	TTAGGG
Phum-OR502AA_003	1660000	0	0	TTAGGG
Phum-OR502AA_003	1670000	0	1	TTAGGG
Phum-OR502AA_003	1680000	0	0	TTAGGG
Phum-OR502AA_003	1690000	0	0	TTAGGG
Phum-OR502AA_003	1700000	0	0	TTAGGG
Phum-OR502AA_003	1710000	0	0	TTAGGG
Phum-OR502AA_003	1720000	3	0	TTAGGG
Phum-OR502AA_003	1730000	0	0	TTAGGG
Phum-OR502AA_003	1740000	1	0	TTAGGG
Phum-OR502AA_003	1750000	0	0	TTAGGG
Phum-OR502AA_003	1760000	1	0	TTAGGG
Phum-OR502AA_003	1770000	0	0	TTAGGG
Phum-OR502AA_003	1780000	0	1	TTAGGG
Phum-OR502AA_003	1790000	0	0	TTAGGG
Phum-OR502AA_003	1800000	1	0	TTAGGG
Phum-OR502AA_003	1810000	1	0	TTAGGG
Phum-OR502AA_003	1820000	0	0	TTAGGG
Phum-OR502AA_003	1830000	0	0	TTAGGG
Phum-OR502AA_003	1840000	0	1	TTAGGG
Phum-OR502AA_003	1850000	0	1	TTAGGG
Phum-OR502AA_003	1860000	1	1	TTAGGG
Phum-OR502AA_003	1870000	1	0	TTAGGG
Phum-OR502AA_003	1880000	0	0	TTAGGG
Phum-OR502AA_003	1890000	0	3	TTAGGG
Phum-OR502AA_003	1900000	0	1	TTAGGG
Phum-OR502AA_003	1910000	0	0	TTAGGG
Phum-OR502AA_003	1920000	0	0	TTAGGG
Phum-OR502AA_003	1930000	1	0	TTAGGG
Phum-OR502AA_003	1940000	1	0	TTAGGG
Phum-OR502AA_003	1950000	0	0	TTAGGG
Phum-OR502AA_003	1960000	0	0	TTAGGG
Phum-OR502AA_003	1970000	0	0	TTAGGG
Phum-OR502AA_003	1980000	0	0	TTAGGG
Phum-OR502AA_003	1990000	1	1	TTAGGG
Phum-OR502AA_003	2000000	1	1	TTAGGG
Phum-OR502AA_003	2010000	1	1	TTAGGG
Phum-OR502AA_003	2020000	0	1	TTAGGG
Phum-OR502AA_003	2030000	0	0	TTAGGG
Phum-OR502AA_003	2040000	0	0	TTAGGG
Phum-OR502AA_003	2050000	0	0	TTAGGG
Phum-OR502AA_003	2060000	0	1	TTAGGG
Phum-OR502AA_003	2070000	0	1	TTAGGG
Phum-OR502AA_003	2080000	0	0	TTAGGG
Phum-OR502AA_003	2090000	0	1	TTAGGG
Phum-OR502AA_003	2100000	0	0	TTAGGG
Phum-OR502AA_003	2110000	0	0	TTAGGG
Phum-OR502AA_003	2120000	0	0	TTAGGG
Phum-OR502AA_003	2130000	0	0	TTAGGG
Phum-OR502AA_003	2140000	0	0	TTAGGG
Phum-OR502AA_003	2150000	0	0	TTAGGG
Phum-OR502AA_003	2160000	0	0	TTAGGG
Phum-OR502AA_003	2170000	0	0	TTAGGG
Phum-OR502AA_003	2180000	0	0	TTAGGG
Phum-OR502AA_003	2190000	0	0	TTAGGG
Phum-OR502AA_003	2200000	0	0	TTAGGG
Phum-OR502AA_003	2210000	0	0	TTAGGG
Phum-OR502AA_003	2220000	0	0	TTAGGG
Phum-OR502AA_003	2230000	0	0	TTAGGG
Phum-OR502AA_003	2240000	0	0	TTAGGG
Phum-OR502AA_003	2250000	0	0	TTAGGG
Phum-OR502AA_003	2260000	0	0	TTAGGG
Phum-OR502AA_003	2270000	0	0	TTAGGG
Phum-OR502AA_003	2280000	0	1	TTAGGG
Phum-OR502AA_003	2290000	0	0	TTAGGG
Phum-OR502AA_003	2300000	1	1	TTAGGG
Phum-OR502AA_003	2310000	1	1	TTAGGG
Phum-OR502AA_003	2320000	0	0	TTAGGG
Phum-OR502AA_003	2330000	0	0	TTAGGG
Phum-OR502AA_003	2340000	0	0	TTAGGG
Phum-OR502AA_003	2350000	0	4	TTAGGG
Phum-OR502AA_003	2360000	1	0	TTAGGG
Phum-OR502AA_003	2370000	1	0	TTAGGG
Phum-OR502AA_003	2380000	0	0	TTAGGG
Phum-OR502AA_003	2390000	0	1	TTAGGG
Phum-OR502AA_003	2400000	1	0	TTAGGG
Phum-OR502AA_003	2410000	0	0	TTAGGG
Phum-OR502AA_003	2420000	0	0	TTAGGG
Phum-OR502AA_003	2430000	0	0	TTAGGG
Phum-OR502AA_003	2440000	1	0	TTAGGG
Phum-OR502AA_003	2450000	0	1	TTAGGG
Phum-OR502AA_003	2460000	1	2	TTAGGG
Phum-OR502AA_003	2470000	1	1	TTAGGG
Phum-OR502AA_003	2480000	0	0	TTAGGG
Phum-OR502AA_003	2490000	0	0	TTAGGG
Phum-OR502AA_003	2500000	1	0	TTAGGG
Phum-OR502AA_003	2510000	0	0	TTAGGG
Phum-OR502AA_003	2520000	0	0	TTAGGG
Phum-OR502AA_003	2530000	1	1	TTAGGG
Phum-OR502AA_003	2540000	0	1	TTAGGG
Phum-OR502AA_003	2550000	1	1	TTAGGG
Phum-OR502AA_003	2560000	0	0	TTAGGG
Phum-OR502AA_003	2570000	0	0	TTAGGG
Phum-OR502AA_003	2580000	0	0	TTAGGG
Phum-OR502AA_003	2590000	0	0	TTAGGG
Phum-OR502AA_003	2600000	2	3	TTAGGG
Phum-OR502AA_003	2610000	1	1	TTAGGG
Phum-OR502AA_003	2620000	1	1	TTAGGG
Phum-OR502AA_003	2630000	0	0	TTAGGG
Phum-OR502AA_003	2640000	0	0	TTAGGG
Phum-OR502AA_003	2650000	0	2	TTAGGG
Phum-OR502AA_003	2660000	1	0	TTAGGG
Phum-OR502AA_003	2670000	0	0	TTAGGG
Phum-OR502AA_003	2680000	0	0	TTAGGG
Phum-OR502AA_003	2690000	0	2	TTAGGG
Phum-OR502AA_003	2700000	0	0	TTAGGG
Phum-OR502AA_003	2710000	0	0	TTAGGG
Phum-OR502AA_003	2720000	0	0	TTAGGG
Phum-OR502AA_003	2730000	0	0	TTAGGG
Phum-OR502AA_003	2740000	0	0	TTAGGG
Phum-OR502AA_003	2750000	0	0	TTAGGG
Phum-OR502AA_003	2760000	0	0	TTAGGG
Phum-OR502AA_003	2770000	0	0	TTAGGG
Phum-OR502AA_003	2780000	0	0	TTAGGG
Phum-OR502AA_003	2790000	0	0	TTAGGG
Phum-OR502AA_003	2800000	0	0	TTAGGG
Phum-OR502AA_003	2810000	0	0	TTAGGG
Phum-OR502AA_003	2820000	0	0	TTAGGG
Phum-OR502AA_003	2830000	0	0	TTAGGG
Phum-OR502AA_003	2840000	0	0	TTAGGG
Phum-OR502AA_003	2850000	0	0	TTAGGG
Phum-OR502AA_003	2860000	0	0	TTAGGG
Phum-OR502AA_003	2870000	0	0	TTAGGG
Phum-OR502AA_003	2880000	0	0	TTAGGG
Phum-OR502AA_003	2890000	0	0	TTAGGG
Phum-OR502AA_003	2900000	0	0	TTAGGG
Phum-OR502AA_003	2910000	0	0	TTAGGG
Phum-OR502AA_003	2920000	0	1	TTAGGG
Phum-OR502AA_003	2930000	0	2	TTAGGG
Phum-OR502AA_003	2940000	1	0	TTAGGG
Phum-OR502AA_003	2950000	1	2	TTAGGG
Phum-OR502AA_003	2960000	0	0	TTAGGG
Phum-OR502AA_003	2970000	0	0	TTAGGG
Phum-OR502AA_003	2980000	1	1	TTAGGG
Phum-OR502AA_003	2990000	0	0	TTAGGG
Phum-OR502AA_003	3000000	0	0	TTAGGG
Phum-OR502AA_003	3010000	0	0	TTAGGG
Phum-OR502AA_003	3020000	0	0	TTAGGG
Phum-OR502AA_003	3030000	0	0	TTAGGG
Phum-OR502AA_003	3040000	0	0	TTAGGG
Phum-OR502AA_003	3050000	0	0	TTAGGG
Phum-OR502AA_003	3060000	0	0	TTAGGG
Phum-OR502AA_003	3070000	0	0	TTAGGG
Phum-OR502AA_003	3080000	0	0	TTAGGG
Phum-OR502AA_003	3090000	0	0	TTAGGG
Phum-OR502AA_003	3100000	0	0	TTAGGG
Phum-OR502AA_003	3110000	0	0	TTAGGG
Phum-OR502AA_003	3120000	0	0	TTAGGG
Phum-OR502AA_003	3130000	0	0	TTAGGG
Phum-OR502AA_003	3140000	0	0	TTAGGG
Phum-OR502AA_003	3150000	0	0	TTAGGG
Phum-OR502AA_003	3160000	0	0	TTAGGG
Phum-OR502AA_003	3170000	0	0	TTAGGG
Phum-OR502AA_003	3180000	0	0	TTAGGG
Phum-OR502AA_003	3190000	0	0	TTAGGG
Phum-OR502AA_003	3200000	0	0	TTAGGG
Phum-OR502AA_003	3210000	0	0	TTAGGG
Phum-OR502AA_003	3220000	0	0	TTAGGG
Phum-OR502AA_003	3230000	0	0	TTAGGG
Phum-OR502AA_003	3240000	0	0	TTAGGG
Phum-OR502AA_003	3250000	0	0	TTAGGG
Phum-OR502AA_003	3260000	0	0	TTAGGG
Phum-OR502AA_003	3270000	0	0	TTAGGG
Phum-OR502AA_003	3280000	0	0	TTAGGG
Phum-OR502AA_003	3290000	0	0	TTAGGG
Phum-OR502AA_003	3300000	0	0	TTAGGG
Phum-OR502AA_003	3310000	0	1	TTAGGG
Phum-OR502AA_003	3320000	0	0	TTAGGG
Phum-OR502AA_003	3330000	0	0	TTAGGG
Phum-OR502AA_003	3340000	0	0	TTAGGG
Phum-OR502AA_003	3350000	0	0	TTAGGG
Phum-OR502AA_003	3360000	0	0	TTAGGG
Phum-OR502AA_003	3370000	0	0	TTAGGG
Phum-OR502AA_003	3380000	0	0	TTAGGG
Phum-OR502AA_003	3390000	0	0	TTAGGG
Phum-OR502AA_003	3400000	0	0	TTAGGG
Phum-OR502AA_003	3410000	0	0	TTAGGG
Phum-OR502AA_003	3420000	0	0	TTAGGG
Phum-OR502AA_003	3430000	0	0	TTAGGG
Phum-OR502AA_003	3440000	0	1	TTAGGG
Phum-OR502AA_003	3450000	0	0	TTAGGG
Phum-OR502AA_003	3460000	0	0	TTAGGG
Phum-OR502AA_003	3470000	0	0	TTAGGG
Phum-OR502AA_003	3480000	0	1	TTAGGG
Phum-OR502AA_003	3490000	0	1	TTAGGG
Phum-OR502AA_003	3500000	0	0	TTAGGG
Phum-OR502AA_003	3510000	0	1	TTAGGG
Phum-OR502AA_003	3520000	0	0	TTAGGG
Phum-OR502AA_003	3530000	0	0	TTAGGG
Phum-OR502AA_003	3540000	1	0	TTAGGG
Phum-OR502AA_003	3550000	0	3	TTAGGG
Phum-OR502AA_003	3560000	0	0	TTAGGG
Phum-OR502AA_003	3570000	0	0	TTAGGG
Phum-OR502AA_003	3580000	0	0	TTAGGG
Phum-OR502AA_003	3590000	0	0	TTAGGG
Phum-OR502AA_003	3590800	0	0	TTAGGG
Phum-OR502AA_004	10000	0	52	TTAGGG
Phum-OR502AA_004	20000	0	1	TTAGGG
Phum-OR502AA_004	30000	1	0	TTAGGG
Phum-OR502AA_004	40000	0	1	TTAGGG
Phum-OR502AA_004	50000	2	1	TTAGGG
Phum-OR502AA_004	60000	0	1	TTAGGG
Phum-OR502AA_004	70000	0	0	TTAGGG
Phum-OR502AA_004	80000	0	0	TTAGGG
Phum-OR502AA_004	90000	0	0	TTAGGG
Phum-OR502AA_004	100000	0	0	TTAGGG
Phum-OR502AA_004	110000	0	1	TTAGGG
Phum-OR502AA_004	120000	1	0	TTAGGG
Phum-OR502AA_004	130000	1	1	TTAGGG
Phum-OR502AA_004	140000	1	0	TTAGGG
Phum-OR502AA_004	150000	2	0	TTAGGG
Phum-OR502AA_004	160000	0	0	TTAGGG
Phum-OR502AA_004	170000	0	0	TTAGGG
Phum-OR502AA_004	180000	0	0	TTAGGG
Phum-OR502AA_004	190000	1	0	TTAGGG
Phum-OR502AA_004	200000	0	0	TTAGGG
Phum-OR502AA_004	210000	1	0	TTAGGG
Phum-OR502AA_004	220000	0	0	TTAGGG
Phum-OR502AA_004	230000	0	0	TTAGGG
Phum-OR502AA_004	240000	0	0	TTAGGG
Phum-OR502AA_004	250000	0	0	TTAGGG
Phum-OR502AA_004	260000	1	1	TTAGGG
Phum-OR502AA_004	270000	0	0	TTAGGG
Phum-OR502AA_004	280000	0	0	TTAGGG
Phum-OR502AA_004	290000	0	0	TTAGGG
Phum-OR502AA_004	300000	0	0	TTAGGG
Phum-OR502AA_004	310000	0	0	TTAGGG
Phum-OR502AA_004	320000	0	0	TTAGGG
Phum-OR502AA_004	330000	1	0	TTAGGG
Phum-OR502AA_004	340000	0	0	TTAGGG
Phum-OR502AA_004	350000	0	0	TTAGGG
Phum-OR502AA_004	360000	0	0	TTAGGG
Phum-OR502AA_004	370000	0	0	TTAGGG
Phum-OR502AA_004	380000	1	2	TTAGGG
Phum-OR502AA_004	390000	0	0	TTAGGG
Phum-OR502AA_004	400000	0	0	TTAGGG
Phum-OR502AA_004	410000	0	0	TTAGGG
Phum-OR502AA_004	420000	0	0	TTAGGG
Phum-OR502AA_004	430000	0	0	TTAGGG
Phum-OR502AA_004	440000	0	0	TTAGGG
Phum-OR502AA_004	450000	0	0	TTAGGG
Phum-OR502AA_004	460000	0	0	TTAGGG
Phum-OR502AA_004	470000	0	0	TTAGGG
Phum-OR502AA_004	480000	0	0	TTAGGG
Phum-OR502AA_004	490000	0	0	TTAGGG
Phum-OR502AA_004	500000	0	0	TTAGGG
Phum-OR502AA_004	510000	0	0	TTAGGG
Phum-OR502AA_004	520000	0	0	TTAGGG
Phum-OR502AA_004	530000	2	0	TTAGGG
Phum-OR502AA_004	540000	2	0	TTAGGG
Phum-OR502AA_004	550000	0	0	TTAGGG
Phum-OR502AA_004	560000	0	1	TTAGGG
Phum-OR502AA_004	570000	2	0	TTAGGG
Phum-OR502AA_004	580000	0	0	TTAGGG
Phum-OR502AA_004	590000	1	1	TTAGGG
Phum-OR502AA_004	600000	0	1	TTAGGG
Phum-OR502AA_004	610000	0	0	TTAGGG
Phum-OR502AA_004	620000	0	0	TTAGGG
Phum-OR502AA_004	630000	0	0	TTAGGG
Phum-OR502AA_004	640000	0	0	TTAGGG
Phum-OR502AA_004	650000	0	0	TTAGGG
Phum-OR502AA_004	660000	0	0	TTAGGG
Phum-OR502AA_004	670000	0	0	TTAGGG
Phum-OR502AA_004	680000	0	0	TTAGGG
Phum-OR502AA_004	690000	0	0	TTAGGG
Phum-OR502AA_004	700000	0	0	TTAGGG
Phum-OR502AA_004	710000	0	0	TTAGGG
Phum-OR502AA_004	720000	0	0	TTAGGG
Phum-OR502AA_004	730000	0	0	TTAGGG
Phum-OR502AA_004	740000	0	0	TTAGGG
Phum-OR502AA_004	750000	0	0	TTAGGG
Phum-OR502AA_004	760000	0	0	TTAGGG
Phum-OR502AA_004	770000	0	0	TTAGGG
Phum-OR502AA_004	780000	0	0	TTAGGG
Phum-OR502AA_004	790000	0	0	TTAGGG
Phum-OR502AA_004	800000	0	0	TTAGGG
Phum-OR502AA_004	810000	0	0	TTAGGG
Phum-OR502AA_004	820000	0	0	TTAGGG
Phum-OR502AA_004	830000	0	1	TTAGGG
Phum-OR502AA_004	840000	0	0	TTAGGG
Phum-OR502AA_004	850000	0	0	TTAGGG
Phum-OR502AA_004	860000	0	0	TTAGGG
Phum-OR502AA_004	870000	0	0	TTAGGG
Phum-OR502AA_004	880000	0	0	TTAGGG
Phum-OR502AA_004	890000	0	0	TTAGGG
Phum-OR502AA_004	900000	0	1	TTAGGG
Phum-OR502AA_004	910000	0	0	TTAGGG
Phum-OR502AA_004	920000	0	0	TTAGGG
Phum-OR502AA_004	930000	0	1	TTAGGG
Phum-OR502AA_004	940000	1	0	TTAGGG
Phum-OR502AA_004	950000	0	0	TTAGGG
Phum-OR502AA_004	960000	0	0	TTAGGG
Phum-OR502AA_004	970000	0	0	TTAGGG
Phum-OR502AA_004	980000	0	0	TTAGGG
Phum-OR502AA_004	990000	0	1	TTAGGG
Phum-OR502AA_004	1000000	1	0	TTAGGG
Phum-OR502AA_004	1010000	0	1	TTAGGG
Phum-OR502AA_004	1020000	0	0	TTAGGG
Phum-OR502AA_004	1030000	0	0	TTAGGG
Phum-OR502AA_004	1040000	0	0	TTAGGG
Phum-OR502AA_004	1050000	0	0	TTAGGG
Phum-OR502AA_004	1060000	0	4	TTAGGG
Phum-OR502AA_004	1070000	0	4	TTAGGG
Phum-OR502AA_004	1080000	0	5	TTAGGG
Phum-OR502AA_004	1090000	1	1	TTAGGG
Phum-OR502AA_004	1100000	7	0	TTAGGG
Phum-OR502AA_004	1110000	7	0	TTAGGG
Phum-OR502AA_004	1120000	7	0	TTAGGG
Phum-OR502AA_004	1130000	7	0	TTAGGG
Phum-OR502AA_004	1140000	7	0	TTAGGG
Phum-OR502AA_004	1150000	7	0	TTAGGG
Phum-OR502AA_004	1160000	6	0	TTAGGG
Phum-OR502AA_004	1170000	7	0	TTAGGG
Phum-OR502AA_004	1180000	7	0	TTAGGG
Phum-OR502AA_004	1190000	7	0	TTAGGG
Phum-OR502AA_004	1200000	7	0	TTAGGG
Phum-OR502AA_004	1210000	7	0	TTAGGG
Phum-OR502AA_004	1220000	7	0	TTAGGG
Phum-OR502AA_004	1230000	7	0	TTAGGG
Phum-OR502AA_004	1240000	7	0	TTAGGG
Phum-OR502AA_004	1250000	2	1	TTAGGG
Phum-OR502AA_004	1260000	0	0	TTAGGG
Phum-OR502AA_004	1270000	0	1	TTAGGG
Phum-OR502AA_004	1280000	1	0	TTAGGG
Phum-OR502AA_004	1290000	1	0	TTAGGG
Phum-OR502AA_004	1300000	1	1	TTAGGG
Phum-OR502AA_004	1310000	0	1	TTAGGG
Phum-OR502AA_004	1320000	0	0	TTAGGG
Phum-OR502AA_004	1330000	0	0	TTAGGG
Phum-OR502AA_004	1340000	0	0	TTAGGG
Phum-OR502AA_004	1350000	1	1	TTAGGG
Phum-OR502AA_004	1360000	0	0	TTAGGG
Phum-OR502AA_004	1370000	1	0	TTAGGG
Phum-OR502AA_004	1380000	1	0	TTAGGG
Phum-OR502AA_004	1390000	0	0	TTAGGG
Phum-OR502AA_004	1400000	0	0	TTAGGG
Phum-OR502AA_004	1410000	1	0	TTAGGG
Phum-OR502AA_004	1420000	0	2	TTAGGG
Phum-OR502AA_004	1430000	0	0	TTAGGG
Phum-OR502AA_004	1440000	1	0	TTAGGG
Phum-OR502AA_004	1450000	1	0	TTAGGG
Phum-OR502AA_004	1460000	0	0	TTAGGG
Phum-OR502AA_004	1470000	0	0	TTAGGG
Phum-OR502AA_004	1480000	1	0	TTAGGG
Phum-OR502AA_004	1490000	1	0	TTAGGG
Phum-OR502AA_004	1500000	0	0	TTAGGG
Phum-OR502AA_004	1510000	0	0	TTAGGG
Phum-OR502AA_004	1520000	0	1	TTAGGG
Phum-OR502AA_004	1530000	0	1	TTAGGG
Phum-OR502AA_004	1540000	0	0	TTAGGG
Phum-OR502AA_004	1550000	0	1	TTAGGG
Phum-OR502AA_004	1560000	0	2	TTAGGG
Phum-OR502AA_004	1570000	0	6	TTAGGG
Phum-OR502AA_004	1580000	0	2	TTAGGG
Phum-OR502AA_004	1590000	1	0	TTAGGG
Phum-OR502AA_004	1600000	1	0	TTAGGG
Phum-OR502AA_004	1610000	1	2	TTAGGG
Phum-OR502AA_004	1620000	2	2	TTAGGG
Phum-OR502AA_004	1630000	0	3	TTAGGG
Phum-OR502AA_004	1640000	1	0	TTAGGG
Phum-OR502AA_004	1650000	0	1	TTAGGG
Phum-OR502AA_004	1660000	0	0	TTAGGG
Phum-OR502AA_004	1670000	1	1	TTAGGG
Phum-OR502AA_004	1680000	0	0	TTAGGG
Phum-OR502AA_004	1690000	0	0	TTAGGG
Phum-OR502AA_004	1700000	0	0	TTAGGG
Phum-OR502AA_004	1710000	2	0	TTAGGG
Phum-OR502AA_004	1720000	0	1	TTAGGG
Phum-OR502AA_004	1730000	0	0	TTAGGG
Phum-OR502AA_004	1740000	1	1	TTAGGG
Phum-OR502AA_004	1750000	1	1	TTAGGG
Phum-OR502AA_004	1760000	0	2	TTAGGG
Phum-OR502AA_004	1770000	0	0	TTAGGG
Phum-OR502AA_004	1780000	1	1	TTAGGG
Phum-OR502AA_004	1790000	0	0	TTAGGG
Phum-OR502AA_004	1800000	0	0	TTAGGG
Phum-OR502AA_004	1810000	0	1	TTAGGG
Phum-OR502AA_004	1820000	0	1	TTAGGG
Phum-OR502AA_004	1830000	0	0	TTAGGG
Phum-OR502AA_004	1840000	0	0	TTAGGG
Phum-OR502AA_004	1850000	0	1	TTAGGG
Phum-OR502AA_004	1860000	0	0	TTAGGG
Phum-OR502AA_004	1870000	0	0	TTAGGG
Phum-OR502AA_004	1880000	0	0	TTAGGG
Phum-OR502AA_004	1890000	0	0	TTAGGG
Phum-OR502AA_004	1900000	0	0	TTAGGG
Phum-OR502AA_004	1910000	1	0	TTAGGG
Phum-OR502AA_004	1920000	0	0	TTAGGG
Phum-OR502AA_004	1930000	0	0	TTAGGG
Phum-OR502AA_004	1940000	0	1	TTAGGG
Phum-OR502AA_004	1950000	1	0	TTAGGG
Phum-OR502AA_004	1960000	0	0	TTAGGG
Phum-OR502AA_004	1970000	0	1	TTAGGG
Phum-OR502AA_004	1980000	0	1	TTAGGG
Phum-OR502AA_004	1990000	0	0	TTAGGG
Phum-OR502AA_004	2000000	2	1	TTAGGG
Phum-OR502AA_004	2010000	0	0	TTAGGG
Phum-OR502AA_004	2020000	2	1	TTAGGG
Phum-OR502AA_004	2030000	0	0	TTAGGG
Phum-OR502AA_004	2040000	1	0	TTAGGG
Phum-OR502AA_004	2050000	1	1	TTAGGG
Phum-OR502AA_004	2060000	0	0	TTAGGG
Phum-OR502AA_004	2070000	0	0	TTAGGG
Phum-OR502AA_004	2080000	1	1	TTAGGG
Phum-OR502AA_004	2090000	1	1	TTAGGG
Phum-OR502AA_004	2100000	0	0	TTAGGG
Phum-OR502AA_004	2110000	1	1	TTAGGG
Phum-OR502AA_004	2120000	0	0	TTAGGG
Phum-OR502AA_004	2130000	1	1	TTAGGG
Phum-OR502AA_004	2140000	0	0	TTAGGG
Phum-OR502AA_004	2150000	1	1	TTAGGG
Phum-OR502AA_004	2160000	0	0	TTAGGG
Phum-OR502AA_004	2170000	1	0	TTAGGG
Phum-OR502AA_004	2180000	1	0	TTAGGG
Phum-OR502AA_004	2190000	0	1	TTAGGG
Phum-OR502AA_004	2200000	2	0	TTAGGG
Phum-OR502AA_004	2210000	0	0	TTAGGG
Phum-OR502AA_004	2220000	2	1	TTAGGG
Phum-OR502AA_004	2230000	0	0	TTAGGG
Phum-OR502AA_004	2240000	0	0	TTAGGG
Phum-OR502AA_004	2250000	1	0	TTAGGG
Phum-OR502AA_004	2260000	0	0	TTAGGG
Phum-OR502AA_004	2270000	0	1	TTAGGG
Phum-OR502AA_004	2280000	0	0	TTAGGG
Phum-OR502AA_004	2290000	0	0	TTAGGG
Phum-OR502AA_004	2300000	1	1	TTAGGG
Phum-OR502AA_004	2310000	0	1	TTAGGG
Phum-OR502AA_004	2320000	0	0	TTAGGG
Phum-OR502AA_004	2330000	0	0	TTAGGG
Phum-OR502AA_004	2340000	0	0	TTAGGG
Phum-OR502AA_004	2350000	1	1	TTAGGG
Phum-OR502AA_004	2360000	0	0	TTAGGG
Phum-OR502AA_004	2370000	0	1	TTAGGG
Phum-OR502AA_004	2380000	0	1	TTAGGG
Phum-OR502AA_004	2390000	1	0	TTAGGG
Phum-OR502AA_004	2400000	0	1	TTAGGG
Phum-OR502AA_004	2410000	1	0	TTAGGG
Phum-OR502AA_004	2420000	1	1	TTAGGG
Phum-OR502AA_004	2430000	0	0	TTAGGG
Phum-OR502AA_004	2440000	2	2	TTAGGG
Phum-OR502AA_004	2450000	2	1	TTAGGG
Phum-OR502AA_004	2460000	0	1	TTAGGG
Phum-OR502AA_004	2470000	2	1	TTAGGG
Phum-OR502AA_004	2480000	1	1	TTAGGG
Phum-OR502AA_004	2490000	2	3	TTAGGG
Phum-OR502AA_004	2500000	1	0	TTAGGG
Phum-OR502AA_004	2510000	1	1	TTAGGG
Phum-OR502AA_004	2520000	2	3	TTAGGG
Phum-OR502AA_004	2530000	1	0	TTAGGG
Phum-OR502AA_004	2540000	0	1	TTAGGG
Phum-OR502AA_004	2550000	2	2	TTAGGG
Phum-OR502AA_004	2560000	0	0	TTAGGG
Phum-OR502AA_004	2570000	0	1	TTAGGG
Phum-OR502AA_004	2580000	0	2	TTAGGG
Phum-OR502AA_004	2590000	2	4	TTAGGG
Phum-OR502AA_004	2600000	0	6	TTAGGG
Phum-OR502AA_004	2610000	3	1	TTAGGG
Phum-OR502AA_004	2620000	0	0	TTAGGG
Phum-OR502AA_004	2630000	1	0	TTAGGG
Phum-OR502AA_004	2640000	0	2	TTAGGG
Phum-OR502AA_004	2650000	0	0	TTAGGG
Phum-OR502AA_004	2660000	0	0	TTAGGG
Phum-OR502AA_004	2670000	1	0	TTAGGG
Phum-OR502AA_004	2680000	0	0	TTAGGG
Phum-OR502AA_004	2690000	1	0	TTAGGG
Phum-OR502AA_004	2700000	0	0	TTAGGG
Phum-OR502AA_004	2710000	1	0	TTAGGG
Phum-OR502AA_004	2720000	0	1	TTAGGG
Phum-OR502AA_004	2730000	2	0	TTAGGG
Phum-OR502AA_004	2740000	0	3	TTAGGG
Phum-OR502AA_004	2750000	1	1	TTAGGG
Phum-OR502AA_004	2760000	0	0	TTAGGG
Phum-OR502AA_004	2770000	0	0	TTAGGG
Phum-OR502AA_004	2780000	1	1	TTAGGG
Phum-OR502AA_004	2790000	0	0	TTAGGG
Phum-OR502AA_004	2800000	0	1	TTAGGG
Phum-OR502AA_004	2810000	1	0	TTAGGG
Phum-OR502AA_004	2820000	0	1	TTAGGG
Phum-OR502AA_004	2830000	0	0	TTAGGG
Phum-OR502AA_004	2840000	0	1	TTAGGG
Phum-OR502AA_004	2850000	1	0	TTAGGG
Phum-OR502AA_004	2860000	0	0	TTAGGG
Phum-OR502AA_004	2870000	0	0	TTAGGG
Phum-OR502AA_004	2880000	0	0	TTAGGG
Phum-OR502AA_004	2890000	1	0	TTAGGG
Phum-OR502AA_004	2900000	0	0	TTAGGG
Phum-OR502AA_004	2910000	1	1	TTAGGG
Phum-OR502AA_004	2920000	0	1	TTAGGG
Phum-OR502AA_004	2930000	0	0	TTAGGG
Phum-OR502AA_004	2940000	0	0	TTAGGG
Phum-OR502AA_004	2950000	0	0	TTAGGG
Phum-OR502AA_004	2960000	0	1	TTAGGG
Phum-OR502AA_004	2970000	0	0	TTAGGG
Phum-OR502AA_004	2980000	0	0	TTAGGG
Phum-OR502AA_004	2990000	1	2	TTAGGG
Phum-OR502AA_004	3000000	0	0	TTAGGG
Phum-OR502AA_004	3010000	1	0	TTAGGG
Phum-OR502AA_004	3020000	0	0	TTAGGG
Phum-OR502AA_004	3030000	0	0	TTAGGG
Phum-OR502AA_004	3040000	0	0	TTAGGG
Phum-OR502AA_004	3050000	0	0	TTAGGG
Phum-OR502AA_004	3060000	0	2	TTAGGG
Phum-OR502AA_004	3070000	1	0	TTAGGG
Phum-OR502AA_004	3080000	0	0	TTAGGG
Phum-OR502AA_004	3090000	0	0	TTAGGG
Phum-OR502AA_004	3100000	1	0	TTAGGG
Phum-OR502AA_004	3110000	2	0	TTAGGG
Phum-OR502AA_004	3120000	0	0	TTAGGG
Phum-OR502AA_004	3130000	1	1	TTAGGG
Phum-OR502AA_004	3140000	1	1	TTAGGG
Phum-OR502AA_004	3150000	1	1	TTAGGG
Phum-OR502AA_004	3160000	1	1	TTAGGG
Phum-OR502AA_004	3170000	1	1	TTAGGG
Phum-OR502AA_004	3180000	1	1	TTAGGG
Phum-OR502AA_004	3190000	1	1	TTAGGG
Phum-OR502AA_004	3200000	1	1	TTAGGG
Phum-OR502AA_004	3210000	1	1	TTAGGG
Phum-OR502AA_004	3220000	1	1	TTAGGG
Phum-OR502AA_004	3230000	1	1	TTAGGG
Phum-OR502AA_004	3240000	1	1	TTAGGG
Phum-OR502AA_004	3250000	1	1	TTAGGG
Phum-OR502AA_004	3260000	1	1	TTAGGG
Phum-OR502AA_004	3270000	1	1	TTAGGG
Phum-OR502AA_004	3280000	1	1	TTAGGG
Phum-OR502AA_004	3290000	1	1	TTAGGG
Phum-OR502AA_004	3300000	1	1	TTAGGG
Phum-OR502AA_004	3310000	1	1	TTAGGG
Phum-OR502AA_004	3320000	1	1	TTAGGG
Phum-OR502AA_004	3330000	1	1	TTAGGG
Phum-OR502AA_004	3340000	1	1	TTAGGG
Phum-OR502AA_004	3350000	1	1	TTAGGG
Phum-OR502AA_004	3360000	1	1	TTAGGG
Phum-OR502AA_004	3370000	2	0	TTAGGG
Phum-OR502AA_004	3380000	0	0	TTAGGG
Phum-OR502AA_004	3390000	0	0	TTAGGG
Phum-OR502AA_004	3400000	0	0	TTAGGG
Phum-OR502AA_004	3410000	0	0	TTAGGG
Phum-OR502AA_004	3420000	0	0	TTAGGG
Phum-OR502AA_004	3430000	0	0	TTAGGG
Phum-OR502AA_004	3440000	0	0	TTAGGG
Phum-OR502AA_004	3450000	0	0	TTAGGG
Phum-OR502AA_004	3460000	0	0	TTAGGG
Phum-OR502AA_004	3470000	0	0	TTAGGG
Phum-OR502AA_004	3480000	0	0	TTAGGG
Phum-OR502AA_004	3490000	0	0	TTAGGG
Phum-OR502AA_004	3500000	0	0	TTAGGG
Phum-OR502AA_004	3510000	0	0	TTAGGG
Phum-OR502AA_004	3520000	0	0	TTAGGG
Phum-OR502AA_004	3530000	0	0	TTAGGG
Phum-OR502AA_004	3540000	0	0	TTAGGG
Phum-OR502AA_004	3550000	0	0	TTAGGG
Phum-OR502AA_004	3560000	0	0	TTAGGG
Phum-OR502AA_004	3570000	0	0	TTAGGG
Phum-OR502AA_004	3575525	47	2	TTAGGG
Phum-OR502AA_005	10000	0	0	TTAGGG
Phum-OR502AA_005	20000	0	0	TTAGGG
Phum-OR502AA_005	30000	0	0	TTAGGG
Phum-OR502AA_005	40000	0	0	TTAGGG
Phum-OR502AA_005	50000	0	0	TTAGGG
Phum-OR502AA_005	60000	0	0	TTAGGG
Phum-OR502AA_005	70000	0	0	TTAGGG
Phum-OR502AA_005	80000	0	0	TTAGGG
Phum-OR502AA_005	90000	0	0	TTAGGG
Phum-OR502AA_005	100000	0	0	TTAGGG
Phum-OR502AA_005	110000	0	0	TTAGGG
Phum-OR502AA_005	120000	0	0	TTAGGG
Phum-OR502AA_005	130000	0	0	TTAGGG
Phum-OR502AA_005	140000	0	0	TTAGGG
Phum-OR502AA_005	150000	0	0	TTAGGG
Phum-OR502AA_005	160000	0	0	TTAGGG
Phum-OR502AA_005	170000	0	0	TTAGGG
Phum-OR502AA_005	180000	0	0	TTAGGG
Phum-OR502AA_005	190000	0	0	TTAGGG
Phum-OR502AA_005	200000	0	0	TTAGGG
Phum-OR502AA_005	210000	0	0	TTAGGG
Phum-OR502AA_005	220000	0	0	TTAGGG
Phum-OR502AA_005	230000	0	0	TTAGGG
Phum-OR502AA_005	240000	0	0	TTAGGG
Phum-OR502AA_005	250000	0	0	TTAGGG
Phum-OR502AA_005	260000	0	0	TTAGGG
Phum-OR502AA_005	270000	0	0	TTAGGG
Phum-OR502AA_005	280000	0	0	TTAGGG
Phum-OR502AA_005	290000	0	0	TTAGGG
Phum-OR502AA_005	300000	0	0	TTAGGG
Phum-OR502AA_005	310000	0	0	TTAGGG
Phum-OR502AA_005	320000	0	0	TTAGGG
Phum-OR502AA_005	330000	0	0	TTAGGG
Phum-OR502AA_005	340000	0	0	TTAGGG
Phum-OR502AA_005	350000	0	0	TTAGGG
Phum-OR502AA_005	360000	0	0	TTAGGG
Phum-OR502AA_005	370000	0	0	TTAGGG
Phum-OR502AA_005	380000	0	0	TTAGGG
Phum-OR502AA_005	390000	0	0	TTAGGG
Phum-OR502AA_005	400000	0	0	TTAGGG
Phum-OR502AA_005	410000	0	0	TTAGGG
Phum-OR502AA_005	420000	0	0	TTAGGG
Phum-OR502AA_005	430000	0	0	TTAGGG
Phum-OR502AA_005	440000	0	0	TTAGGG
Phum-OR502AA_005	450000	0	0	TTAGGG
Phum-OR502AA_005	460000	1	0	TTAGGG
Phum-OR502AA_005	470000	0	1	TTAGGG
Phum-OR502AA_005	480000	0	0	TTAGGG
Phum-OR502AA_005	490000	0	2	TTAGGG
Phum-OR502AA_005	500000	1	0	TTAGGG
Phum-OR502AA_005	510000	0	0	TTAGGG
Phum-OR502AA_005	520000	0	2	TTAGGG
Phum-OR502AA_005	530000	1	0	TTAGGG
Phum-OR502AA_005	540000	1	0	TTAGGG
Phum-OR502AA_005	550000	0	2	TTAGGG
Phum-OR502AA_005	560000	0	1	TTAGGG
Phum-OR502AA_005	570000	3	0	TTAGGG
Phum-OR502AA_005	580000	1	0	TTAGGG
Phum-OR502AA_005	590000	0	0	TTAGGG
Phum-OR502AA_005	600000	0	1	TTAGGG
Phum-OR502AA_005	610000	0	0	TTAGGG
Phum-OR502AA_005	620000	0	0	TTAGGG
Phum-OR502AA_005	630000	0	1	TTAGGG
Phum-OR502AA_005	640000	1	0	TTAGGG
Phum-OR502AA_005	650000	1	0	TTAGGG
Phum-OR502AA_005	660000	0	0	TTAGGG
Phum-OR502AA_005	670000	0	1	TTAGGG
Phum-OR502AA_005	680000	1	0	TTAGGG
Phum-OR502AA_005	690000	0	1	TTAGGG
Phum-OR502AA_005	700000	0	0	TTAGGG
Phum-OR502AA_005	710000	0	1	TTAGGG
Phum-OR502AA_005	720000	0	1	TTAGGG
Phum-OR502AA_005	730000	0	0	TTAGGG
Phum-OR502AA_005	740000	0	1	TTAGGG
Phum-OR502AA_005	750000	0	1	TTAGGG
Phum-OR502AA_005	760000	0	0	TTAGGG
Phum-OR502AA_005	770000	0	1	TTAGGG
Phum-OR502AA_005	780000	0	1	TTAGGG
Phum-OR502AA_005	790000	0	0	TTAGGG
Phum-OR502AA_005	800000	0	1	TTAGGG
Phum-OR502AA_005	810000	0	1	TTAGGG
Phum-OR502AA_005	820000	0	0	TTAGGG
Phum-OR502AA_005	830000	0	1	TTAGGG
Phum-OR502AA_005	840000	0	1	TTAGGG
Phum-OR502AA_005	850000	0	0	TTAGGG
Phum-OR502AA_005	860000	0	1	TTAGGG
Phum-OR502AA_005	870000	0	1	TTAGGG
Phum-OR502AA_005	880000	0	0	TTAGGG
Phum-OR502AA_005	890000	0	1	TTAGGG
Phum-OR502AA_005	900000	0	1	TTAGGG
Phum-OR502AA_005	910000	0	0	TTAGGG
Phum-OR502AA_005	920000	0	1	TTAGGG
Phum-OR502AA_005	930000	0	1	TTAGGG
Phum-OR502AA_005	940000	2	0	TTAGGG
Phum-OR502AA_005	950000	0	0	TTAGGG
Phum-OR502AA_005	960000	1	0	TTAGGG
Phum-OR502AA_005	970000	0	1	TTAGGG
Phum-OR502AA_005	980000	0	0	TTAGGG
Phum-OR502AA_005	990000	0	0	TTAGGG
Phum-OR502AA_005	1000000	0	0	TTAGGG
Phum-OR502AA_005	1010000	0	0	TTAGGG
Phum-OR502AA_005	1020000	0	1	TTAGGG
Phum-OR502AA_005	1030000	0	2	TTAGGG
Phum-OR502AA_005	1040000	1	0	TTAGGG
Phum-OR502AA_005	1050000	0	0	TTAGGG
Phum-OR502AA_005	1060000	13	0	TTAGGG
Phum-OR502AA_005	1070000	24	0	TTAGGG
Phum-OR502AA_005	1080000	24	0	TTAGGG
Phum-OR502AA_005	1090000	25	0	TTAGGG
Phum-OR502AA_005	1100000	24	0	TTAGGG
Phum-OR502AA_005	1110000	0	0	TTAGGG
Phum-OR502AA_005	1120000	0	0	TTAGGG
Phum-OR502AA_005	1130000	0	0	TTAGGG
Phum-OR502AA_005	1140000	3	0	TTAGGG
Phum-OR502AA_005	1150000	0	0	TTAGGG
Phum-OR502AA_005	1160000	0	0	TTAGGG
Phum-OR502AA_005	1170000	0	0	TTAGGG
Phum-OR502AA_005	1180000	1	0	TTAGGG
Phum-OR502AA_005	1190000	0	1	TTAGGG
Phum-OR502AA_005	1200000	1	0	TTAGGG
Phum-OR502AA_005	1210000	0	0	TTAGGG
Phum-OR502AA_005	1220000	0	0	TTAGGG
Phum-OR502AA_005	1230000	1	0	TTAGGG
Phum-OR502AA_005	1240000	0	2	TTAGGG
Phum-OR502AA_005	1250000	1	0	TTAGGG
Phum-OR502AA_005	1260000	1	0	TTAGGG
Phum-OR502AA_005	1270000	0	0	TTAGGG
Phum-OR502AA_005	1280000	0	0	TTAGGG
Phum-OR502AA_005	1290000	0	0	TTAGGG
Phum-OR502AA_005	1300000	0	1	TTAGGG
Phum-OR502AA_005	1310000	0	0	TTAGGG
Phum-OR502AA_005	1320000	0	1	TTAGGG
Phum-OR502AA_005	1330000	13	0	TTAGGG
Phum-OR502AA_005	1340000	24	0	TTAGGG
Phum-OR502AA_005	1350000	24	0	TTAGGG
Phum-OR502AA_005	1360000	25	0	TTAGGG
Phum-OR502AA_005	1370000	24	0	TTAGGG
Phum-OR502AA_005	1380000	24	0	TTAGGG
Phum-OR502AA_005	1390000	24	0	TTAGGG
Phum-OR502AA_005	1400000	24	0	TTAGGG
Phum-OR502AA_005	1410000	24	0	TTAGGG
Phum-OR502AA_005	1420000	12	0	TTAGGG
Phum-OR502AA_005	1430000	25	0	TTAGGG
Phum-OR502AA_005	1440000	24	0	TTAGGG
Phum-OR502AA_005	1450000	24	0	TTAGGG
Phum-OR502AA_005	1460000	24	0	TTAGGG
Phum-OR502AA_005	1470000	25	0	TTAGGG
Phum-OR502AA_005	1480000	24	0	TTAGGG
Phum-OR502AA_005	1490000	24	0	TTAGGG
Phum-OR502AA_005	1500000	25	0	TTAGGG
Phum-OR502AA_005	1510000	24	0	TTAGGG
Phum-OR502AA_005	1520000	24	0	TTAGGG
Phum-OR502AA_005	1530000	24	0	TTAGGG
Phum-OR502AA_005	1540000	25	0	TTAGGG
Phum-OR502AA_005	1550000	24	0	TTAGGG
Phum-OR502AA_005	1560000	24	0	TTAGGG
Phum-OR502AA_005	1570000	25	0	TTAGGG
Phum-OR502AA_005	1580000	24	0	TTAGGG
Phum-OR502AA_005	1590000	24	0	TTAGGG
Phum-OR502AA_005	1600000	25	0	TTAGGG
Phum-OR502AA_005	1610000	11	0	TTAGGG
Phum-OR502AA_005	1620000	0	0	TTAGGG
Phum-OR502AA_005	1630000	0	0	TTAGGG
Phum-OR502AA_005	1640000	1	0	TTAGGG
Phum-OR502AA_005	1650000	0	0	TTAGGG
Phum-OR502AA_005	1660000	0	0	TTAGGG
Phum-OR502AA_005	1670000	0	0	TTAGGG
Phum-OR502AA_005	1680000	0	1	TTAGGG
Phum-OR502AA_005	1690000	1	0	TTAGGG
Phum-OR502AA_005	1700000	0	0	TTAGGG
Phum-OR502AA_005	1710000	0	1	TTAGGG
Phum-OR502AA_005	1720000	0	0	TTAGGG
Phum-OR502AA_005	1730000	0	0	TTAGGG
Phum-OR502AA_005	1740000	1	1	TTAGGG
Phum-OR502AA_005	1750000	0	0	TTAGGG
Phum-OR502AA_005	1760000	0	0	TTAGGG
Phum-OR502AA_005	1770000	0	1	TTAGGG
Phum-OR502AA_005	1780000	0	0	TTAGGG
Phum-OR502AA_005	1790000	0	0	TTAGGG
Phum-OR502AA_005	1800000	1	0	TTAGGG
Phum-OR502AA_005	1810000	0	1	TTAGGG
Phum-OR502AA_005	1820000	0	1	TTAGGG
Phum-OR502AA_005	1830000	0	0	TTAGGG
Phum-OR502AA_005	1840000	0	0	TTAGGG
Phum-OR502AA_005	1850000	1	0	TTAGGG
Phum-OR502AA_005	1860000	0	0	TTAGGG
Phum-OR502AA_005	1870000	1	0	TTAGGG
Phum-OR502AA_005	1880000	1	0	TTAGGG
Phum-OR502AA_005	1890000	0	2	TTAGGG
Phum-OR502AA_005	1900000	0	0	TTAGGG
Phum-OR502AA_005	1910000	0	0	TTAGGG
Phum-OR502AA_005	1920000	1	0	TTAGGG
Phum-OR502AA_005	1930000	0	0	TTAGGG
Phum-OR502AA_005	1940000	0	0	TTAGGG
Phum-OR502AA_005	1950000	0	0	TTAGGG
Phum-OR502AA_005	1960000	0	0	TTAGGG
Phum-OR502AA_005	1970000	0	0	TTAGGG
Phum-OR502AA_005	1980000	1	0	TTAGGG
Phum-OR502AA_005	1990000	1	1	TTAGGG
Phum-OR502AA_005	2000000	0	0	TTAGGG
Phum-OR502AA_005	2010000	0	0	TTAGGG
Phum-OR502AA_005	2020000	1	0	TTAGGG
Phum-OR502AA_005	2030000	1	0	TTAGGG
Phum-OR502AA_005	2040000	2	2	TTAGGG
Phum-OR502AA_005	2050000	0	0	TTAGGG
Phum-OR502AA_005	2060000	0	0	TTAGGG
Phum-OR502AA_005	2070000	0	0	TTAGGG
Phum-OR502AA_005	2080000	0	0	TTAGGG
Phum-OR502AA_005	2090000	0	0	TTAGGG
Phum-OR502AA_005	2100000	0	0	TTAGGG
Phum-OR502AA_005	2110000	0	0	TTAGGG
Phum-OR502AA_005	2120000	0	0	TTAGGG
Phum-OR502AA_005	2130000	0	0	TTAGGG
Phum-OR502AA_005	2140000	0	1	TTAGGG
Phum-OR502AA_005	2150000	0	0	TTAGGG
Phum-OR502AA_005	2160000	0	0	TTAGGG
Phum-OR502AA_005	2170000	0	0	TTAGGG
Phum-OR502AA_005	2180000	0	1	TTAGGG
Phum-OR502AA_005	2190000	0	0	TTAGGG
Phum-OR502AA_005	2200000	1	0	TTAGGG
Phum-OR502AA_005	2210000	0	0	TTAGGG
Phum-OR502AA_005	2220000	0	0	TTAGGG
Phum-OR502AA_005	2230000	0	1	TTAGGG
Phum-OR502AA_005	2240000	0	0	TTAGGG
Phum-OR502AA_005	2250000	0	0	TTAGGG
Phum-OR502AA_005	2260000	0	0	TTAGGG
Phum-OR502AA_005	2270000	0	0	TTAGGG
Phum-OR502AA_005	2280000	0	0	TTAGGG
Phum-OR502AA_005	2290000	0	0	TTAGGG
Phum-OR502AA_005	2300000	0	0	TTAGGG
Phum-OR502AA_005	2310000	0	0	TTAGGG
Phum-OR502AA_005	2320000	0	0	TTAGGG
Phum-OR502AA_005	2330000	0	0	TTAGGG
Phum-OR502AA_005	2340000	0	1	TTAGGG
Phum-OR502AA_005	2350000	0	0	TTAGGG
Phum-OR502AA_005	2360000	0	0	TTAGGG
Phum-OR502AA_005	2370000	0	1	TTAGGG
Phum-OR502AA_005	2380000	0	1	TTAGGG
Phum-OR502AA_005	2390000	1	0	TTAGGG
Phum-OR502AA_005	2400000	0	0	TTAGGG
Phum-OR502AA_005	2410000	0	0	TTAGGG
Phum-OR502AA_005	2420000	0	1	TTAGGG
Phum-OR502AA_005	2430000	0	0	TTAGGG
Phum-OR502AA_005	2440000	0	0	TTAGGG
Phum-OR502AA_005	2450000	0	1	TTAGGG
Phum-OR502AA_005	2460000	0	0	TTAGGG
Phum-OR502AA_005	2470000	0	0	TTAGGG
Phum-OR502AA_005	2480000	0	0	TTAGGG
Phum-OR502AA_005	2490000	0	0	TTAGGG
Phum-OR502AA_005	2500000	0	0	TTAGGG
Phum-OR502AA_005	2510000	0	0	TTAGGG
Phum-OR502AA_005	2520000	0	0	TTAGGG
Phum-OR502AA_005	2530000	0	0	TTAGGG
Phum-OR502AA_005	2540000	0	0	TTAGGG
Phum-OR502AA_005	2550000	0	0	TTAGGG
Phum-OR502AA_005	2560000	0	0	TTAGGG
Phum-OR502AA_005	2570000	0	0	TTAGGG
Phum-OR502AA_005	2580000	0	0	TTAGGG
Phum-OR502AA_005	2590000	0	0	TTAGGG
Phum-OR502AA_005	2600000	0	0	TTAGGG
Phum-OR502AA_005	2610000	0	0	TTAGGG
Phum-OR502AA_005	2620000	0	0	TTAGGG
Phum-OR502AA_005	2630000	0	0	TTAGGG
Phum-OR502AA_005	2640000	0	0	TTAGGG
Phum-OR502AA_005	2650000	0	0	TTAGGG
Phum-OR502AA_005	2660000	0	0	TTAGGG
Phum-OR502AA_005	2670000	0	0	TTAGGG
Phum-OR502AA_005	2680000	0	0	TTAGGG
Phum-OR502AA_005	2690000	0	0	TTAGGG
Phum-OR502AA_005	2700000	0	0	TTAGGG
Phum-OR502AA_005	2710000	0	0	TTAGGG
Phum-OR502AA_005	2720000	0	0	TTAGGG
Phum-OR502AA_005	2730000	0	0	TTAGGG
Phum-OR502AA_005	2740000	0	0	TTAGGG
Phum-OR502AA_005	2750000	0	0	TTAGGG
Phum-OR502AA_005	2760000	0	0	TTAGGG
Phum-OR502AA_005	2770000	0	0	TTAGGG
Phum-OR502AA_005	2780000	0	0	TTAGGG
Phum-OR502AA_005	2790000	0	0	TTAGGG
Phum-OR502AA_005	2800000	0	0	TTAGGG
Phum-OR502AA_005	2810000	0	0	TTAGGG
Phum-OR502AA_005	2820000	2	1	TTAGGG
Phum-OR502AA_005	2830000	2	2	TTAGGG
Phum-OR502AA_005	2840000	1	1	TTAGGG
Phum-OR502AA_005	2850000	0	0	TTAGGG
Phum-OR502AA_005	2860000	0	0	TTAGGG
Phum-OR502AA_005	2870000	1	0	TTAGGG
Phum-OR502AA_005	2880000	0	1	TTAGGG
Phum-OR502AA_005	2890000	0	0	TTAGGG
Phum-OR502AA_005	2900000	1	0	TTAGGG
Phum-OR502AA_005	2910000	0	0	TTAGGG
Phum-OR502AA_005	2920000	0	0	TTAGGG
Phum-OR502AA_005	2930000	0	0	TTAGGG
Phum-OR502AA_005	2940000	1	1	TTAGGG
Phum-OR502AA_005	2950000	0	0	TTAGGG
Phum-OR502AA_005	2960000	0	0	TTAGGG
Phum-OR502AA_005	2970000	0	0	TTAGGG
Phum-OR502AA_005	2980000	0	0	TTAGGG
Phum-OR502AA_005	2990000	0	1	TTAGGG
Phum-OR502AA_005	3000000	0	0	TTAGGG
Phum-OR502AA_005	3010000	1	0	TTAGGG
Phum-OR502AA_005	3020000	1	0	TTAGGG
Phum-OR502AA_005	3030000	1	0	TTAGGG
Phum-OR502AA_005	3040000	0	0	TTAGGG
Phum-OR502AA_005	3050000	0	1	TTAGGG
Phum-OR502AA_005	3060000	0	0	TTAGGG
Phum-OR502AA_005	3070000	0	0	TTAGGG
Phum-OR502AA_005	3080000	0	0	TTAGGG
Phum-OR502AA_005	3090000	0	1	TTAGGG
Phum-OR502AA_005	3100000	0	0	TTAGGG
Phum-OR502AA_005	3110000	0	0	TTAGGG
Phum-OR502AA_005	3120000	0	1	TTAGGG
Phum-OR502AA_005	3130000	0	0	TTAGGG
Phum-OR502AA_005	3140000	0	1	TTAGGG
Phum-OR502AA_005	3150000	1	0	TTAGGG
Phum-OR502AA_005	3160000	1	0	TTAGGG
Phum-OR502AA_005	3170000	0	0	TTAGGG
Phum-OR502AA_005	3180000	1	0	TTAGGG
Phum-OR502AA_005	3190000	1	1	TTAGGG
Phum-OR502AA_005	3200000	1	0	TTAGGG
Phum-OR502AA_005	3210000	0	0	TTAGGG
Phum-OR502AA_005	3220000	0	0	TTAGGG
Phum-OR502AA_005	3230000	0	0	TTAGGG
Phum-OR502AA_005	3240000	1	0	TTAGGG
Phum-OR502AA_005	3250000	0	0	TTAGGG
Phum-OR502AA_005	3260000	0	0	TTAGGG
Phum-OR502AA_005	3270000	0	0	TTAGGG
Phum-OR502AA_005	3280000	0	0	TTAGGG
Phum-OR502AA_005	3290000	0	0	TTAGGG
Phum-OR502AA_005	3300000	0	1	TTAGGG
Phum-OR502AA_005	3310000	1	0	TTAGGG
Phum-OR502AA_005	3320000	0	1	TTAGGG
Phum-OR502AA_005	3330000	0	0	TTAGGG
Phum-OR502AA_005	3340000	1	0	TTAGGG
Phum-OR502AA_005	3350000	0	0	TTAGGG
Phum-OR502AA_005	3360000	0	1	TTAGGG
Phum-OR502AA_005	3370000	2	2	TTAGGG
Phum-OR502AA_005	3380000	0	1	TTAGGG
Phum-OR502AA_005	3390000	0	0	TTAGGG
Phum-OR502AA_005	3400000	1	1	TTAGGG
Phum-OR502AA_005	3410000	0	1	TTAGGG
Phum-OR502AA_005	3420000	1	0	TTAGGG
Phum-OR502AA_005	3430000	0	1	TTAGGG
Phum-OR502AA_005	3440000	2	0	TTAGGG
Phum-OR502AA_005	3450000	1	2	TTAGGG
Phum-OR502AA_005	3460000	0	0	TTAGGG
Phum-OR502AA_005	3470000	3	2	TTAGGG
Phum-OR502AA_005	3480000	1	0	TTAGGG
Phum-OR502AA_005	3490000	1	1	TTAGGG
Phum-OR502AA_005	3500000	0	2	TTAGGG
Phum-OR502AA_005	3510000	0	0	TTAGGG
Phum-OR502AA_005	3514087	43	0	TTAGGG
Phum-OR502AA_006	10000	0	58	TTAGGG
Phum-OR502AA_006	20000	0	0	TTAGGG
Phum-OR502AA_006	30000	0	0	TTAGGG
Phum-OR502AA_006	40000	2	0	TTAGGG
Phum-OR502AA_006	50000	0	0	TTAGGG
Phum-OR502AA_006	60000	0	0	TTAGGG
Phum-OR502AA_006	70000	0	0	TTAGGG
Phum-OR502AA_006	80000	0	0	TTAGGG
Phum-OR502AA_006	90000	0	0	TTAGGG
Phum-OR502AA_006	100000	0	0	TTAGGG
Phum-OR502AA_006	110000	1	1	TTAGGG
Phum-OR502AA_006	120000	0	0	TTAGGG
Phum-OR502AA_006	130000	0	0	TTAGGG
Phum-OR502AA_006	140000	0	1	TTAGGG
Phum-OR502AA_006	150000	0	0	TTAGGG
Phum-OR502AA_006	160000	0	0	TTAGGG
Phum-OR502AA_006	170000	0	0	TTAGGG
Phum-OR502AA_006	180000	0	0	TTAGGG
Phum-OR502AA_006	190000	0	3	TTAGGG
Phum-OR502AA_006	200000	0	1	TTAGGG
Phum-OR502AA_006	210000	1	0	TTAGGG
Phum-OR502AA_006	220000	1	0	TTAGGG
Phum-OR502AA_006	230000	0	1	TTAGGG
Phum-OR502AA_006	240000	1	0	TTAGGG
Phum-OR502AA_006	250000	0	0	TTAGGG
Phum-OR502AA_006	260000	1	1	TTAGGG
Phum-OR502AA_006	270000	0	0	TTAGGG
Phum-OR502AA_006	280000	0	0	TTAGGG
Phum-OR502AA_006	290000	2	0	TTAGGG
Phum-OR502AA_006	300000	0	0	TTAGGG
Phum-OR502AA_006	310000	0	0	TTAGGG
Phum-OR502AA_006	320000	0	0	TTAGGG
Phum-OR502AA_006	330000	0	0	TTAGGG
Phum-OR502AA_006	340000	0	0	TTAGGG
Phum-OR502AA_006	350000	0	0	TTAGGG
Phum-OR502AA_006	360000	0	0	TTAGGG
Phum-OR502AA_006	370000	0	1	TTAGGG
Phum-OR502AA_006	380000	0	1	TTAGGG
Phum-OR502AA_006	390000	2	0	TTAGGG
Phum-OR502AA_006	400000	1	0	TTAGGG
Phum-OR502AA_006	410000	1	1	TTAGGG
Phum-OR502AA_006	420000	1	1	TTAGGG
Phum-OR502AA_006	430000	0	1	TTAGGG
Phum-OR502AA_006	440000	2	0	TTAGGG
Phum-OR502AA_006	450000	1	0	TTAGGG
Phum-OR502AA_006	460000	0	1	TTAGGG
Phum-OR502AA_006	470000	1	1	TTAGGG
Phum-OR502AA_006	480000	0	2	TTAGGG
Phum-OR502AA_006	490000	0	0	TTAGGG
Phum-OR502AA_006	500000	2	0	TTAGGG
Phum-OR502AA_006	510000	2	0	TTAGGG
Phum-OR502AA_006	520000	0	2	TTAGGG
Phum-OR502AA_006	530000	1	0	TTAGGG
Phum-OR502AA_006	540000	1	0	TTAGGG
Phum-OR502AA_006	550000	2	2	TTAGGG
Phum-OR502AA_006	560000	0	1	TTAGGG
Phum-OR502AA_006	570000	0	0	TTAGGG
Phum-OR502AA_006	580000	0	1	TTAGGG
Phum-OR502AA_006	590000	0	2	TTAGGG
Phum-OR502AA_006	600000	0	1	TTAGGG
Phum-OR502AA_006	610000	0	0	TTAGGG
Phum-OR502AA_006	620000	0	0	TTAGGG
Phum-OR502AA_006	630000	0	0	TTAGGG
Phum-OR502AA_006	640000	0	0	TTAGGG
Phum-OR502AA_006	650000	0	1	TTAGGG
Phum-OR502AA_006	660000	0	0	TTAGGG
Phum-OR502AA_006	670000	0	0	TTAGGG
Phum-OR502AA_006	680000	0	0	TTAGGG
Phum-OR502AA_006	690000	2	0	TTAGGG
Phum-OR502AA_006	700000	0	1	TTAGGG
Phum-OR502AA_006	710000	0	1	TTAGGG
Phum-OR502AA_006	720000	0	0	TTAGGG
Phum-OR502AA_006	730000	1	1	TTAGGG
Phum-OR502AA_006	740000	0	1	TTAGGG
Phum-OR502AA_006	750000	0	1	TTAGGG
Phum-OR502AA_006	760000	1	0	TTAGGG
Phum-OR502AA_006	770000	2	1	TTAGGG
Phum-OR502AA_006	780000	2	1	TTAGGG
Phum-OR502AA_006	790000	0	0	TTAGGG
Phum-OR502AA_006	800000	2	0	TTAGGG
Phum-OR502AA_006	810000	2	0	TTAGGG
Phum-OR502AA_006	820000	2	0	TTAGGG
Phum-OR502AA_006	830000	2	0	TTAGGG
Phum-OR502AA_006	840000	1	0	TTAGGG
Phum-OR502AA_006	850000	2	0	TTAGGG
Phum-OR502AA_006	860000	0	0	TTAGGG
Phum-OR502AA_006	870000	0	0	TTAGGG
Phum-OR502AA_006	880000	1	0	TTAGGG
Phum-OR502AA_006	890000	1	1	TTAGGG
Phum-OR502AA_006	900000	0	0	TTAGGG
Phum-OR502AA_006	910000	0	0	TTAGGG
Phum-OR502AA_006	920000	0	0	TTAGGG
Phum-OR502AA_006	930000	0	0	TTAGGG
Phum-OR502AA_006	940000	0	0	TTAGGG
Phum-OR502AA_006	950000	0	0	TTAGGG
Phum-OR502AA_006	960000	0	0	TTAGGG
Phum-OR502AA_006	970000	0	0	TTAGGG
Phum-OR502AA_006	980000	0	0	TTAGGG
Phum-OR502AA_006	990000	0	0	TTAGGG
Phum-OR502AA_006	1000000	0	0	TTAGGG
Phum-OR502AA_006	1010000	0	0	TTAGGG
Phum-OR502AA_006	1020000	0	0	TTAGGG
Phum-OR502AA_006	1030000	0	0	TTAGGG
Phum-OR502AA_006	1040000	0	0	TTAGGG
Phum-OR502AA_006	1050000	0	0	TTAGGG
Phum-OR502AA_006	1060000	0	0	TTAGGG
Phum-OR502AA_006	1070000	0	0	TTAGGG
Phum-OR502AA_006	1080000	1	0	TTAGGG
Phum-OR502AA_006	1090000	0	1	TTAGGG
Phum-OR502AA_006	1100000	0	0	TTAGGG
Phum-OR502AA_006	1110000	0	0	TTAGGG
Phum-OR502AA_006	1120000	0	1	TTAGGG
Phum-OR502AA_006	1130000	0	0	TTAGGG
Phum-OR502AA_006	1140000	0	0	TTAGGG
Phum-OR502AA_006	1150000	0	0	TTAGGG
Phum-OR502AA_006	1160000	0	0	TTAGGG
Phum-OR502AA_006	1170000	0	0	TTAGGG
Phum-OR502AA_006	1180000	0	0	TTAGGG
Phum-OR502AA_006	1190000	0	0	TTAGGG
Phum-OR502AA_006	1200000	0	0	TTAGGG
Phum-OR502AA_006	1210000	0	0	TTAGGG
Phum-OR502AA_006	1220000	0	0	TTAGGG
Phum-OR502AA_006	1230000	0	0	TTAGGG
Phum-OR502AA_006	1240000	0	0	TTAGGG
Phum-OR502AA_006	1250000	0	0	TTAGGG
Phum-OR502AA_006	1260000	0	0	TTAGGG
Phum-OR502AA_006	1270000	0	0	TTAGGG
Phum-OR502AA_006	1280000	0	0	TTAGGG
Phum-OR502AA_006	1290000	0	0	TTAGGG
Phum-OR502AA_006	1300000	0	0	TTAGGG
Phum-OR502AA_006	1310000	0	0	TTAGGG
Phum-OR502AA_006	1320000	0	1	TTAGGG
Phum-OR502AA_006	1330000	0	0	TTAGGG
Phum-OR502AA_006	1340000	0	0	TTAGGG
Phum-OR502AA_006	1350000	0	0	TTAGGG
Phum-OR502AA_006	1360000	0	1	TTAGGG
Phum-OR502AA_006	1370000	0	0	TTAGGG
Phum-OR502AA_006	1380000	0	0	TTAGGG
Phum-OR502AA_006	1390000	0	0	TTAGGG
Phum-OR502AA_006	1400000	0	0	TTAGGG
Phum-OR502AA_006	1410000	0	0	TTAGGG
Phum-OR502AA_006	1420000	1	2	TTAGGG
Phum-OR502AA_006	1430000	1	0	TTAGGG
Phum-OR502AA_006	1440000	0	0	TTAGGG
Phum-OR502AA_006	1450000	0	1	TTAGGG
Phum-OR502AA_006	1460000	0	0	TTAGGG
Phum-OR502AA_006	1470000	0	0	TTAGGG
Phum-OR502AA_006	1480000	0	0	TTAGGG
Phum-OR502AA_006	1490000	0	0	TTAGGG
Phum-OR502AA_006	1500000	0	0	TTAGGG
Phum-OR502AA_006	1510000	0	0	TTAGGG
Phum-OR502AA_006	1520000	0	0	TTAGGG
Phum-OR502AA_006	1530000	0	0	TTAGGG
Phum-OR502AA_006	1540000	0	0	TTAGGG
Phum-OR502AA_006	1550000	0	0	TTAGGG
Phum-OR502AA_006	1560000	1	1	TTAGGG
Phum-OR502AA_006	1570000	1	1	TTAGGG
Phum-OR502AA_006	1580000	0	0	TTAGGG
Phum-OR502AA_006	1590000	0	2	TTAGGG
Phum-OR502AA_006	1600000	0	0	TTAGGG
Phum-OR502AA_006	1610000	0	0	TTAGGG
Phum-OR502AA_006	1620000	0	0	TTAGGG
Phum-OR502AA_006	1630000	1	1	TTAGGG
Phum-OR502AA_006	1640000	0	1	TTAGGG
Phum-OR502AA_006	1650000	1	0	TTAGGG
Phum-OR502AA_006	1660000	3	1	TTAGGG
Phum-OR502AA_006	1670000	0	1	TTAGGG
Phum-OR502AA_006	1680000	0	0	TTAGGG
Phum-OR502AA_006	1690000	0	0	TTAGGG
Phum-OR502AA_006	1700000	0	0	TTAGGG
Phum-OR502AA_006	1710000	0	0	TTAGGG
Phum-OR502AA_006	1720000	0	1	TTAGGG
Phum-OR502AA_006	1730000	0	2	TTAGGG
Phum-OR502AA_006	1740000	2	1	TTAGGG
Phum-OR502AA_006	1750000	2	1	TTAGGG
Phum-OR502AA_006	1760000	4	3	TTAGGG
Phum-OR502AA_006	1770000	0	0	TTAGGG
Phum-OR502AA_006	1780000	2	2	TTAGGG
Phum-OR502AA_006	1790000	1	4	TTAGGG
Phum-OR502AA_006	1800000	0	0	TTAGGG
Phum-OR502AA_006	1810000	0	0	TTAGGG
Phum-OR502AA_006	1820000	1	1	TTAGGG
Phum-OR502AA_006	1830000	0	0	TTAGGG
Phum-OR502AA_006	1840000	0	0	TTAGGG
Phum-OR502AA_006	1850000	1	1	TTAGGG
Phum-OR502AA_006	1860000	1	1	TTAGGG
Phum-OR502AA_006	1870000	0	0	TTAGGG
Phum-OR502AA_006	1880000	3	0	TTAGGG
Phum-OR502AA_006	1890000	1	1	TTAGGG
Phum-OR502AA_006	1900000	0	0	TTAGGG
Phum-OR502AA_006	1910000	1	0	TTAGGG
Phum-OR502AA_006	1920000	0	0	TTAGGG
Phum-OR502AA_006	1930000	0	0	TTAGGG
Phum-OR502AA_006	1940000	2	0	TTAGGG
Phum-OR502AA_006	1950000	0	1	TTAGGG
Phum-OR502AA_006	1960000	0	1	TTAGGG
Phum-OR502AA_006	1970000	0	0	TTAGGG
Phum-OR502AA_006	1980000	0	0	TTAGGG
Phum-OR502AA_006	1990000	0	0	TTAGGG
Phum-OR502AA_006	2000000	0	0	TTAGGG
Phum-OR502AA_006	2010000	0	0	TTAGGG
Phum-OR502AA_006	2020000	2	0	TTAGGG
Phum-OR502AA_006	2030000	0	0	TTAGGG
Phum-OR502AA_006	2040000	0	1	TTAGGG
Phum-OR502AA_006	2050000	1	0	TTAGGG
Phum-OR502AA_006	2060000	1	1	TTAGGG
Phum-OR502AA_006	2070000	0	0	TTAGGG
Phum-OR502AA_006	2080000	0	0	TTAGGG
Phum-OR502AA_006	2090000	1	0	TTAGGG
Phum-OR502AA_006	2100000	0	0	TTAGGG
Phum-OR502AA_006	2110000	0	0	TTAGGG
Phum-OR502AA_006	2120000	0	0	TTAGGG
Phum-OR502AA_006	2130000	0	0	TTAGGG
Phum-OR502AA_006	2140000	0	0	TTAGGG
Phum-OR502AA_006	2150000	0	0	TTAGGG
Phum-OR502AA_006	2160000	0	0	TTAGGG
Phum-OR502AA_006	2170000	0	0	TTAGGG
Phum-OR502AA_006	2180000	0	0	TTAGGG
Phum-OR502AA_006	2190000	0	0	TTAGGG
Phum-OR502AA_006	2200000	0	0	TTAGGG
Phum-OR502AA_006	2210000	0	0	TTAGGG
Phum-OR502AA_006	2220000	0	0	TTAGGG
Phum-OR502AA_006	2230000	0	0	TTAGGG
Phum-OR502AA_006	2240000	0	0	TTAGGG
Phum-OR502AA_006	2250000	0	0	TTAGGG
Phum-OR502AA_006	2260000	2	1	TTAGGG
Phum-OR502AA_006	2270000	0	1	TTAGGG
Phum-OR502AA_006	2280000	1	0	TTAGGG
Phum-OR502AA_006	2290000	1	0	TTAGGG
Phum-OR502AA_006	2300000	1	0	TTAGGG
Phum-OR502AA_006	2310000	3	0	TTAGGG
Phum-OR502AA_006	2320000	0	0	TTAGGG
Phum-OR502AA_006	2330000	0	0	TTAGGG
Phum-OR502AA_006	2340000	0	0	TTAGGG
Phum-OR502AA_006	2350000	0	0	TTAGGG
Phum-OR502AA_006	2360000	0	1	TTAGGG
Phum-OR502AA_006	2370000	0	0	TTAGGG
Phum-OR502AA_006	2380000	0	0	TTAGGG
Phum-OR502AA_006	2390000	0	0	TTAGGG
Phum-OR502AA_006	2400000	0	0	TTAGGG
Phum-OR502AA_006	2410000	0	0	TTAGGG
Phum-OR502AA_006	2420000	0	0	TTAGGG
Phum-OR502AA_006	2430000	0	0	TTAGGG
Phum-OR502AA_006	2440000	0	0	TTAGGG
Phum-OR502AA_006	2450000	0	0	TTAGGG
Phum-OR502AA_006	2460000	0	1	TTAGGG
Phum-OR502AA_006	2470000	1	0	TTAGGG
Phum-OR502AA_006	2480000	0	0	TTAGGG
Phum-OR502AA_006	2490000	0	0	TTAGGG
Phum-OR502AA_006	2500000	0	0	TTAGGG
Phum-OR502AA_006	2510000	0	0	TTAGGG
Phum-OR502AA_006	2520000	0	0	TTAGGG
Phum-OR502AA_006	2530000	0	0	TTAGGG
Phum-OR502AA_006	2540000	0	0	TTAGGG
Phum-OR502AA_006	2550000	0	0	TTAGGG
Phum-OR502AA_006	2560000	0	0	TTAGGG
Phum-OR502AA_006	2570000	0	0	TTAGGG
Phum-OR502AA_006	2580000	0	0	TTAGGG
Phum-OR502AA_006	2590000	0	0	TTAGGG
Phum-OR502AA_006	2600000	0	0	TTAGGG
Phum-OR502AA_006	2610000	0	0	TTAGGG
Phum-OR502AA_006	2620000	0	0	TTAGGG
Phum-OR502AA_006	2630000	1	0	TTAGGG
Phum-OR502AA_006	2640000	0	0	TTAGGG
Phum-OR502AA_006	2650000	0	0	TTAGGG
Phum-OR502AA_006	2660000	0	0	TTAGGG
Phum-OR502AA_006	2670000	1	0	TTAGGG
Phum-OR502AA_006	2680000	1	2	TTAGGG
Phum-OR502AA_006	2690000	4	0	TTAGGG
Phum-OR502AA_006	2700000	5	0	TTAGGG
Phum-OR502AA_006	2710000	6	0	TTAGGG
Phum-OR502AA_006	2720000	5	0	TTAGGG
Phum-OR502AA_006	2730000	2	0	TTAGGG
Phum-OR502AA_006	2740000	0	0	TTAGGG
Phum-OR502AA_006	2750000	0	1	TTAGGG
Phum-OR502AA_006	2760000	1	1	TTAGGG
Phum-OR502AA_006	2770000	0	1	TTAGGG
Phum-OR502AA_006	2780000	2	0	TTAGGG
Phum-OR502AA_006	2790000	0	1	TTAGGG
Phum-OR502AA_006	2800000	0	1	TTAGGG
Phum-OR502AA_006	2810000	0	0	TTAGGG
Phum-OR502AA_006	2820000	2	2	TTAGGG
Phum-OR502AA_006	2830000	0	0	TTAGGG
Phum-OR502AA_006	2840000	0	0	TTAGGG
Phum-OR502AA_006	2850000	0	0	TTAGGG
Phum-OR502AA_006	2860000	0	0	TTAGGG
Phum-OR502AA_006	2870000	0	0	TTAGGG
Phum-OR502AA_006	2880000	0	0	TTAGGG
Phum-OR502AA_006	2890000	0	1	TTAGGG
Phum-OR502AA_006	2900000	0	4	TTAGGG
Phum-OR502AA_006	2910000	1	4	TTAGGG
Phum-OR502AA_006	2920000	0	0	TTAGGG
Phum-OR502AA_006	2930000	0	0	TTAGGG
Phum-OR502AA_006	2940000	0	0	TTAGGG
Phum-OR502AA_006	2950000	0	0	TTAGGG
Phum-OR502AA_006	2960000	0	0	TTAGGG
Phum-OR502AA_006	2970000	0	0	TTAGGG
Phum-OR502AA_006	2980000	0	0	TTAGGG
Phum-OR502AA_006	2990000	1	0	TTAGGG
Phum-OR502AA_006	3000000	0	0	TTAGGG
Phum-OR502AA_006	3010000	1	0	TTAGGG
Phum-OR502AA_006	3020000	0	0	TTAGGG
Phum-OR502AA_006	3030000	0	0	TTAGGG
Phum-OR502AA_006	3040000	0	0	TTAGGG
Phum-OR502AA_006	3050000	0	0	TTAGGG
Phum-OR502AA_006	3060000	1	0	TTAGGG
Phum-OR502AA_006	3070000	0	0	TTAGGG
Phum-OR502AA_006	3080000	0	0	TTAGGG
Phum-OR502AA_006	3090000	0	1	TTAGGG
Phum-OR502AA_006	3100000	2	0	TTAGGG
Phum-OR502AA_006	3110000	0	0	TTAGGG
Phum-OR502AA_006	3120000	0	0	TTAGGG
Phum-OR502AA_006	3130000	0	0	TTAGGG
Phum-OR502AA_006	3140000	0	0	TTAGGG
Phum-OR502AA_006	3150000	0	2	TTAGGG
Phum-OR502AA_006	3160000	0	0	TTAGGG
Phum-OR502AA_006	3170000	2	0	TTAGGG
Phum-OR502AA_006	3180000	0	0	TTAGGG
Phum-OR502AA_006	3190000	1	0	TTAGGG
Phum-OR502AA_006	3200000	0	0	TTAGGG
Phum-OR502AA_006	3210000	2	0	TTAGGG
Phum-OR502AA_006	3220000	0	0	TTAGGG
Phum-OR502AA_006	3230000	2	0	TTAGGG
Phum-OR502AA_006	3240000	1	0	TTAGGG
Phum-OR502AA_006	3250000	0	1	TTAGGG
Phum-OR502AA_006	3260000	0	1	TTAGGG
Phum-OR502AA_006	3270000	1	0	TTAGGG
Phum-OR502AA_006	3280000	1	1	TTAGGG
Phum-OR502AA_006	3290000	0	1	TTAGGG
Phum-OR502AA_006	3300000	0	0	TTAGGG
Phum-OR502AA_006	3310000	0	0	TTAGGG
Phum-OR502AA_006	3320000	2	0	TTAGGG
Phum-OR502AA_006	3322257	50	0	TTAGGG
Phum-OR502AA_007	10000	1	47	TTAGGG
Phum-OR502AA_007	20000	13	0	TTAGGG
Phum-OR502AA_007	30000	3	1	TTAGGG
Phum-OR502AA_007	40000	0	0	TTAGGG
Phum-OR502AA_007	50000	0	0	TTAGGG
Phum-OR502AA_007	60000	0	2	TTAGGG
Phum-OR502AA_007	70000	1	1	TTAGGG
Phum-OR502AA_007	80000	2	2	TTAGGG
Phum-OR502AA_007	90000	2	1	TTAGGG
Phum-OR502AA_007	100000	1	0	TTAGGG
Phum-OR502AA_007	110000	0	1	TTAGGG
Phum-OR502AA_007	120000	0	1	TTAGGG
Phum-OR502AA_007	130000	0	0	TTAGGG
Phum-OR502AA_007	140000	0	0	TTAGGG
Phum-OR502AA_007	150000	1	2	TTAGGG
Phum-OR502AA_007	160000	0	0	TTAGGG
Phum-OR502AA_007	170000	0	1	TTAGGG
Phum-OR502AA_007	180000	4	0	TTAGGG
Phum-OR502AA_007	190000	2	2	TTAGGG
Phum-OR502AA_007	200000	0	2	TTAGGG
Phum-OR502AA_007	210000	0	0	TTAGGG
Phum-OR502AA_007	220000	0	1	TTAGGG
Phum-OR502AA_007	230000	1	1	TTAGGG
Phum-OR502AA_007	240000	0	0	TTAGGG
Phum-OR502AA_007	250000	3	0	TTAGGG
Phum-OR502AA_007	260000	0	0	TTAGGG
Phum-OR502AA_007	270000	0	0	TTAGGG
Phum-OR502AA_007	280000	0	0	TTAGGG
Phum-OR502AA_007	290000	0	1	TTAGGG
Phum-OR502AA_007	300000	0	1	TTAGGG
Phum-OR502AA_007	310000	0	0	TTAGGG
Phum-OR502AA_007	320000	0	2	TTAGGG
Phum-OR502AA_007	330000	0	1	TTAGGG
Phum-OR502AA_007	340000	0	1	TTAGGG
Phum-OR502AA_007	350000	0	0	TTAGGG
Phum-OR502AA_007	360000	0	0	TTAGGG
Phum-OR502AA_007	370000	1	0	TTAGGG
Phum-OR502AA_007	380000	1	0	TTAGGG
Phum-OR502AA_007	390000	1	0	TTAGGG
Phum-OR502AA_007	400000	0	0	TTAGGG
Phum-OR502AA_007	410000	1	1	TTAGGG
Phum-OR502AA_007	420000	0	0	TTAGGG
Phum-OR502AA_007	430000	2	0	TTAGGG
Phum-OR502AA_007	440000	0	1	TTAGGG
Phum-OR502AA_007	450000	0	0	TTAGGG
Phum-OR502AA_007	460000	0	0	TTAGGG
Phum-OR502AA_007	470000	0	1	TTAGGG
Phum-OR502AA_007	480000	0	0	TTAGGG
Phum-OR502AA_007	490000	0	1	TTAGGG
Phum-OR502AA_007	500000	0	0	TTAGGG
Phum-OR502AA_007	510000	1	2	TTAGGG
Phum-OR502AA_007	520000	0	0	TTAGGG
Phum-OR502AA_007	530000	0	0	TTAGGG
Phum-OR502AA_007	540000	0	1	TTAGGG
Phum-OR502AA_007	550000	0	1	TTAGGG
Phum-OR502AA_007	560000	0	0	TTAGGG
Phum-OR502AA_007	570000	0	0	TTAGGG
Phum-OR502AA_007	580000	0	1	TTAGGG
Phum-OR502AA_007	590000	0	0	TTAGGG
Phum-OR502AA_007	600000	1	0	TTAGGG
Phum-OR502AA_007	610000	0	1	TTAGGG
Phum-OR502AA_007	620000	0	1	TTAGGG
Phum-OR502AA_007	630000	0	1	TTAGGG
Phum-OR502AA_007	640000	0	0	TTAGGG
Phum-OR502AA_007	650000	1	1	TTAGGG
Phum-OR502AA_007	660000	0	0	TTAGGG
Phum-OR502AA_007	670000	0	0	TTAGGG
Phum-OR502AA_007	680000	0	0	TTAGGG
Phum-OR502AA_007	690000	0	0	TTAGGG
Phum-OR502AA_007	700000	1	0	TTAGGG
Phum-OR502AA_007	710000	0	0	TTAGGG
Phum-OR502AA_007	720000	0	1	TTAGGG
Phum-OR502AA_007	730000	0	0	TTAGGG
Phum-OR502AA_007	740000	0	0	TTAGGG
Phum-OR502AA_007	750000	0	0	TTAGGG
Phum-OR502AA_007	760000	0	0	TTAGGG
Phum-OR502AA_007	770000	0	0	TTAGGG
Phum-OR502AA_007	780000	0	0	TTAGGG
Phum-OR502AA_007	790000	0	0	TTAGGG
Phum-OR502AA_007	800000	1	0	TTAGGG
Phum-OR502AA_007	810000	0	0	TTAGGG
Phum-OR502AA_007	820000	0	0	TTAGGG
Phum-OR502AA_007	830000	0	0	TTAGGG
Phum-OR502AA_007	840000	0	0	TTAGGG
Phum-OR502AA_007	850000	0	0	TTAGGG
Phum-OR502AA_007	860000	0	0	TTAGGG
Phum-OR502AA_007	870000	0	0	TTAGGG
Phum-OR502AA_007	880000	0	0	TTAGGG
Phum-OR502AA_007	890000	0	0	TTAGGG
Phum-OR502AA_007	900000	0	0	TTAGGG
Phum-OR502AA_007	910000	1	1	TTAGGG
Phum-OR502AA_007	920000	1	0	TTAGGG
Phum-OR502AA_007	930000	0	0	TTAGGG
Phum-OR502AA_007	940000	0	0	TTAGGG
Phum-OR502AA_007	950000	0	0	TTAGGG
Phum-OR502AA_007	960000	0	0	TTAGGG
Phum-OR502AA_007	970000	0	0	TTAGGG
Phum-OR502AA_007	980000	0	0	TTAGGG
Phum-OR502AA_007	990000	0	0	TTAGGG
Phum-OR502AA_007	1000000	0	0	TTAGGG
Phum-OR502AA_007	1010000	0	0	TTAGGG
Phum-OR502AA_007	1020000	0	0	TTAGGG
Phum-OR502AA_007	1030000	2	0	TTAGGG
Phum-OR502AA_007	1040000	0	0	TTAGGG
Phum-OR502AA_007	1050000	0	0	TTAGGG
Phum-OR502AA_007	1060000	2	0	TTAGGG
Phum-OR502AA_007	1070000	0	1	TTAGGG
Phum-OR502AA_007	1080000	0	0	TTAGGG
Phum-OR502AA_007	1090000	0	0	TTAGGG
Phum-OR502AA_007	1100000	0	0	TTAGGG
Phum-OR502AA_007	1110000	0	0	TTAGGG
Phum-OR502AA_007	1120000	0	0	TTAGGG
Phum-OR502AA_007	1130000	0	0	TTAGGG
Phum-OR502AA_007	1140000	0	0	TTAGGG
Phum-OR502AA_007	1150000	0	0	TTAGGG
Phum-OR502AA_007	1160000	0	0	TTAGGG
Phum-OR502AA_007	1170000	0	0	TTAGGG
Phum-OR502AA_007	1180000	0	0	TTAGGG
Phum-OR502AA_007	1190000	0	0	TTAGGG
Phum-OR502AA_007	1200000	0	0	TTAGGG
Phum-OR502AA_007	1210000	0	0	TTAGGG
Phum-OR502AA_007	1220000	0	0	TTAGGG
Phum-OR502AA_007	1230000	0	0	TTAGGG
Phum-OR502AA_007	1240000	0	0	TTAGGG
Phum-OR502AA_007	1250000	0	0	TTAGGG
Phum-OR502AA_007	1260000	0	0	TTAGGG
Phum-OR502AA_007	1270000	0	0	TTAGGG
Phum-OR502AA_007	1280000	0	0	TTAGGG
Phum-OR502AA_007	1290000	0	0	TTAGGG
Phum-OR502AA_007	1300000	0	1	TTAGGG
Phum-OR502AA_007	1310000	2	0	TTAGGG
Phum-OR502AA_007	1320000	0	0	TTAGGG
Phum-OR502AA_007	1330000	2	0	TTAGGG
Phum-OR502AA_007	1340000	0	0	TTAGGG
Phum-OR502AA_007	1350000	0	0	TTAGGG
Phum-OR502AA_007	1360000	0	1	TTAGGG
Phum-OR502AA_007	1370000	0	0	TTAGGG
Phum-OR502AA_007	1380000	0	0	TTAGGG
Phum-OR502AA_007	1390000	1	0	TTAGGG
Phum-OR502AA_007	1400000	0	1	TTAGGG
Phum-OR502AA_007	1410000	0	2	TTAGGG
Phum-OR502AA_007	1420000	0	0	TTAGGG
Phum-OR502AA_007	1430000	3	2	TTAGGG
Phum-OR502AA_007	1440000	0	0	TTAGGG
Phum-OR502AA_007	1450000	1	0	TTAGGG
Phum-OR502AA_007	1460000	0	0	TTAGGG
Phum-OR502AA_007	1470000	0	0	TTAGGG
Phum-OR502AA_007	1480000	0	0	TTAGGG
Phum-OR502AA_007	1490000	0	0	TTAGGG
Phum-OR502AA_007	1500000	1	0	TTAGGG
Phum-OR502AA_007	1510000	0	0	TTAGGG
Phum-OR502AA_007	1520000	0	1	TTAGGG
Phum-OR502AA_007	1530000	0	0	TTAGGG
Phum-OR502AA_007	1540000	0	0	TTAGGG
Phum-OR502AA_007	1550000	0	0	TTAGGG
Phum-OR502AA_007	1560000	0	0	TTAGGG
Phum-OR502AA_007	1570000	0	0	TTAGGG
Phum-OR502AA_007	1580000	0	1	TTAGGG
Phum-OR502AA_007	1590000	1	0	TTAGGG
Phum-OR502AA_007	1600000	0	0	TTAGGG
Phum-OR502AA_007	1610000	1	0	TTAGGG
Phum-OR502AA_007	1620000	0	0	TTAGGG
Phum-OR502AA_007	1630000	0	0	TTAGGG
Phum-OR502AA_007	1640000	0	0	TTAGGG
Phum-OR502AA_007	1650000	0	0	TTAGGG
Phum-OR502AA_007	1660000	0	0	TTAGGG
Phum-OR502AA_007	1670000	0	0	TTAGGG
Phum-OR502AA_007	1680000	0	0	TTAGGG
Phum-OR502AA_007	1690000	0	0	TTAGGG
Phum-OR502AA_007	1700000	0	0	TTAGGG
Phum-OR502AA_007	1710000	0	0	TTAGGG
Phum-OR502AA_007	1720000	0	0	TTAGGG
Phum-OR502AA_007	1730000	0	3	TTAGGG
Phum-OR502AA_007	1740000	0	1	TTAGGG
Phum-OR502AA_007	1750000	1	0	TTAGGG
Phum-OR502AA_007	1760000	1	0	TTAGGG
Phum-OR502AA_007	1770000	1	1	TTAGGG
Phum-OR502AA_007	1780000	1	0	TTAGGG
Phum-OR502AA_007	1790000	5	0	TTAGGG
Phum-OR502AA_007	1800000	1	1	TTAGGG
Phum-OR502AA_007	1810000	0	1	TTAGGG
Phum-OR502AA_007	1820000	1	0	TTAGGG
Phum-OR502AA_007	1830000	0	2	TTAGGG
Phum-OR502AA_007	1840000	1	0	TTAGGG
Phum-OR502AA_007	1850000	0	0	TTAGGG
Phum-OR502AA_007	1860000	1	0	TTAGGG
Phum-OR502AA_007	1870000	1	1	TTAGGG
Phum-OR502AA_007	1880000	0	0	TTAGGG
Phum-OR502AA_007	1890000	0	0	TTAGGG
Phum-OR502AA_007	1900000	1	1	TTAGGG
Phum-OR502AA_007	1910000	0	0	TTAGGG
Phum-OR502AA_007	1920000	0	0	TTAGGG
Phum-OR502AA_007	1930000	1	0	TTAGGG
Phum-OR502AA_007	1940000	0	1	TTAGGG
Phum-OR502AA_007	1950000	0	0	TTAGGG
Phum-OR502AA_007	1960000	0	0	TTAGGG
Phum-OR502AA_007	1970000	0	1	TTAGGG
Phum-OR502AA_007	1980000	1	0	TTAGGG
Phum-OR502AA_007	1990000	0	0	TTAGGG
Phum-OR502AA_007	2000000	0	1	TTAGGG
Phum-OR502AA_007	2010000	1	0	TTAGGG
Phum-OR502AA_007	2020000	1	0	TTAGGG
Phum-OR502AA_007	2030000	0	1	TTAGGG
Phum-OR502AA_007	2040000	0	0	TTAGGG
Phum-OR502AA_007	2050000	1	0	TTAGGG
Phum-OR502AA_007	2060000	1	1	TTAGGG
Phum-OR502AA_007	2070000	0	1	TTAGGG
Phum-OR502AA_007	2080000	0	1	TTAGGG
Phum-OR502AA_007	2090000	0	1	TTAGGG
Phum-OR502AA_007	2100000	0	1	TTAGGG
Phum-OR502AA_007	2110000	0	0	TTAGGG
Phum-OR502AA_007	2120000	1	0	TTAGGG
Phum-OR502AA_007	2130000	0	2	TTAGGG
Phum-OR502AA_007	2140000	1	0	TTAGGG
Phum-OR502AA_007	2150000	0	1	TTAGGG
Phum-OR502AA_007	2160000	0	1	TTAGGG
Phum-OR502AA_007	2170000	0	0	TTAGGG
Phum-OR502AA_007	2180000	0	0	TTAGGG
Phum-OR502AA_007	2190000	0	1	TTAGGG
Phum-OR502AA_007	2200000	0	1	TTAGGG
Phum-OR502AA_007	2210000	0	0	TTAGGG
Phum-OR502AA_007	2220000	2	1	TTAGGG
Phum-OR502AA_007	2230000	1	0	TTAGGG
Phum-OR502AA_007	2240000	0	0	TTAGGG
Phum-OR502AA_007	2250000	0	0	TTAGGG
Phum-OR502AA_007	2260000	0	0	TTAGGG
Phum-OR502AA_007	2270000	0	0	TTAGGG
Phum-OR502AA_007	2280000	0	0	TTAGGG
Phum-OR502AA_007	2290000	0	0	TTAGGG
Phum-OR502AA_007	2300000	1	0	TTAGGG
Phum-OR502AA_007	2310000	0	0	TTAGGG
Phum-OR502AA_007	2320000	0	1	TTAGGG
Phum-OR502AA_007	2330000	0	0	TTAGGG
Phum-OR502AA_007	2340000	0	0	TTAGGG
Phum-OR502AA_007	2350000	0	1	TTAGGG
Phum-OR502AA_007	2360000	0	0	TTAGGG
Phum-OR502AA_007	2370000	1	1	TTAGGG
Phum-OR502AA_007	2380000	1	1	TTAGGG
Phum-OR502AA_007	2390000	0	1	TTAGGG
Phum-OR502AA_007	2400000	1	0	TTAGGG
Phum-OR502AA_007	2410000	0	0	TTAGGG
Phum-OR502AA_007	2420000	1	0	TTAGGG
Phum-OR502AA_007	2430000	0	1	TTAGGG
Phum-OR502AA_007	2440000	0	0	TTAGGG
Phum-OR502AA_007	2450000	0	0	TTAGGG
Phum-OR502AA_007	2460000	0	0	TTAGGG
Phum-OR502AA_007	2470000	0	0	TTAGGG
Phum-OR502AA_007	2480000	0	0	TTAGGG
Phum-OR502AA_007	2490000	0	0	TTAGGG
Phum-OR502AA_007	2500000	0	0	TTAGGG
Phum-OR502AA_007	2510000	0	0	TTAGGG
Phum-OR502AA_007	2520000	0	0	TTAGGG
Phum-OR502AA_007	2530000	0	0	TTAGGG
Phum-OR502AA_007	2540000	0	0	TTAGGG
Phum-OR502AA_007	2550000	0	0	TTAGGG
Phum-OR502AA_007	2560000	0	0	TTAGGG
Phum-OR502AA_007	2570000	0	0	TTAGGG
Phum-OR502AA_007	2580000	0	0	TTAGGG
Phum-OR502AA_007	2590000	0	0	TTAGGG
Phum-OR502AA_007	2600000	0	0	TTAGGG
Phum-OR502AA_007	2610000	0	0	TTAGGG
Phum-OR502AA_007	2620000	0	0	TTAGGG
Phum-OR502AA_007	2630000	0	0	TTAGGG
Phum-OR502AA_007	2640000	0	0	TTAGGG
Phum-OR502AA_007	2650000	0	0	TTAGGG
Phum-OR502AA_007	2660000	0	0	TTAGGG
Phum-OR502AA_007	2670000	0	0	TTAGGG
Phum-OR502AA_007	2680000	0	0	TTAGGG
Phum-OR502AA_007	2690000	0	0	TTAGGG
Phum-OR502AA_007	2700000	0	0	TTAGGG
Phum-OR502AA_007	2710000	0	0	TTAGGG
Phum-OR502AA_007	2720000	0	0	TTAGGG
Phum-OR502AA_007	2730000	0	0	TTAGGG
Phum-OR502AA_007	2740000	0	0	TTAGGG
Phum-OR502AA_007	2750000	0	0	TTAGGG
Phum-OR502AA_007	2760000	0	0	TTAGGG
Phum-OR502AA_007	2770000	0	0	TTAGGG
Phum-OR502AA_007	2780000	0	0	TTAGGG
Phum-OR502AA_007	2790000	0	0	TTAGGG
Phum-OR502AA_007	2800000	0	0	TTAGGG
Phum-OR502AA_007	2810000	0	0	TTAGGG
Phum-OR502AA_007	2820000	0	0	TTAGGG
Phum-OR502AA_007	2830000	0	0	TTAGGG
Phum-OR502AA_007	2840000	0	0	TTAGGG
Phum-OR502AA_007	2850000	0	0	TTAGGG
Phum-OR502AA_007	2860000	0	0	TTAGGG
Phum-OR502AA_007	2870000	0	0	TTAGGG
Phum-OR502AA_007	2880000	0	0	TTAGGG
Phum-OR502AA_007	2890000	0	0	TTAGGG
Phum-OR502AA_007	2900000	0	0	TTAGGG
Phum-OR502AA_007	2910000	0	0	TTAGGG
Phum-OR502AA_007	2920000	0	0	TTAGGG
Phum-OR502AA_007	2930000	0	0	TTAGGG
Phum-OR502AA_007	2940000	0	2	TTAGGG
Phum-OR502AA_007	2950000	1	0	TTAGGG
Phum-OR502AA_007	2960000	0	0	TTAGGG
Phum-OR502AA_007	2970000	0	0	TTAGGG
Phum-OR502AA_007	2980000	0	0	TTAGGG
Phum-OR502AA_007	2990000	2	1	TTAGGG
Phum-OR502AA_007	3000000	0	0	TTAGGG
Phum-OR502AA_007	3010000	0	0	TTAGGG
Phum-OR502AA_007	3020000	3	0	TTAGGG
Phum-OR502AA_007	3030000	1	0	TTAGGG
Phum-OR502AA_007	3040000	0	0	TTAGGG
Phum-OR502AA_007	3050000	0	0	TTAGGG
Phum-OR502AA_007	3060000	0	0	TTAGGG
Phum-OR502AA_007	3070000	1	0	TTAGGG
Phum-OR502AA_007	3080000	3	0	TTAGGG
Phum-OR502AA_007	3090000	0	0	TTAGGG
Phum-OR502AA_007	3100000	0	0	TTAGGG
Phum-OR502AA_007	3110000	0	0	TTAGGG
Phum-OR502AA_007	3120000	0	1	TTAGGG
Phum-OR502AA_007	3130000	0	0	TTAGGG
Phum-OR502AA_007	3140000	1	1	TTAGGG
Phum-OR502AA_007	3150000	1	1	TTAGGG
Phum-OR502AA_007	3159030	57	0	TTAGGG
Phum-OR502AA_008	10000	0	52	TTAGGG
Phum-OR502AA_008	20000	0	0	TTAGGG
Phum-OR502AA_008	30000	0	0	TTAGGG
Phum-OR502AA_008	40000	2	3	TTAGGG
Phum-OR502AA_008	50000	0	2	TTAGGG
Phum-OR502AA_008	60000	1	0	TTAGGG
Phum-OR502AA_008	70000	0	0	TTAGGG
Phum-OR502AA_008	80000	0	0	TTAGGG
Phum-OR502AA_008	90000	0	0	TTAGGG
Phum-OR502AA_008	100000	0	0	TTAGGG
Phum-OR502AA_008	110000	0	0	TTAGGG
Phum-OR502AA_008	120000	0	0	TTAGGG
Phum-OR502AA_008	130000	0	0	TTAGGG
Phum-OR502AA_008	140000	0	0	TTAGGG
Phum-OR502AA_008	150000	0	0	TTAGGG
Phum-OR502AA_008	160000	0	0	TTAGGG
Phum-OR502AA_008	170000	0	0	TTAGGG
Phum-OR502AA_008	180000	0	0	TTAGGG
Phum-OR502AA_008	190000	0	0	TTAGGG
Phum-OR502AA_008	200000	0	0	TTAGGG
Phum-OR502AA_008	210000	0	0	TTAGGG
Phum-OR502AA_008	220000	0	0	TTAGGG
Phum-OR502AA_008	230000	0	0	TTAGGG
Phum-OR502AA_008	240000	0	2	TTAGGG
Phum-OR502AA_008	250000	0	1	TTAGGG
Phum-OR502AA_008	260000	1	0	TTAGGG
Phum-OR502AA_008	270000	0	0	TTAGGG
Phum-OR502AA_008	280000	0	0	TTAGGG
Phum-OR502AA_008	290000	0	0	TTAGGG
Phum-OR502AA_008	300000	0	0	TTAGGG
Phum-OR502AA_008	310000	0	0	TTAGGG
Phum-OR502AA_008	320000	0	0	TTAGGG
Phum-OR502AA_008	330000	0	0	TTAGGG
Phum-OR502AA_008	340000	0	0	TTAGGG
Phum-OR502AA_008	350000	0	1	TTAGGG
Phum-OR502AA_008	360000	0	0	TTAGGG
Phum-OR502AA_008	370000	0	1	TTAGGG
Phum-OR502AA_008	380000	0	0	TTAGGG
Phum-OR502AA_008	390000	1	1	TTAGGG
Phum-OR502AA_008	400000	0	0	TTAGGG
Phum-OR502AA_008	410000	0	0	TTAGGG
Phum-OR502AA_008	420000	0	0	TTAGGG
Phum-OR502AA_008	430000	0	0	TTAGGG
Phum-OR502AA_008	440000	0	0	TTAGGG
Phum-OR502AA_008	450000	1	1	TTAGGG
Phum-OR502AA_008	460000	0	0	TTAGGG
Phum-OR502AA_008	470000	0	0	TTAGGG
Phum-OR502AA_008	480000	1	0	TTAGGG
Phum-OR502AA_008	490000	0	0	TTAGGG
Phum-OR502AA_008	500000	1	0	TTAGGG
Phum-OR502AA_008	510000	0	0	TTAGGG
Phum-OR502AA_008	520000	0	1	TTAGGG
Phum-OR502AA_008	530000	0	0	TTAGGG
Phum-OR502AA_008	540000	0	0	TTAGGG
Phum-OR502AA_008	550000	1	0	TTAGGG
Phum-OR502AA_008	560000	0	0	TTAGGG
Phum-OR502AA_008	570000	0	0	TTAGGG
Phum-OR502AA_008	580000	0	0	TTAGGG
Phum-OR502AA_008	590000	0	0	TTAGGG
Phum-OR502AA_008	600000	1	0	TTAGGG
Phum-OR502AA_008	610000	2	2	TTAGGG
Phum-OR502AA_008	620000	0	1	TTAGGG
Phum-OR502AA_008	630000	0	0	TTAGGG
Phum-OR502AA_008	640000	0	1	TTAGGG
Phum-OR502AA_008	650000	0	1	TTAGGG
Phum-OR502AA_008	660000	2	0	TTAGGG
Phum-OR502AA_008	670000	0	0	TTAGGG
Phum-OR502AA_008	680000	0	0	TTAGGG
Phum-OR502AA_008	690000	1	0	TTAGGG
Phum-OR502AA_008	700000	0	0	TTAGGG
Phum-OR502AA_008	710000	1	1	TTAGGG
Phum-OR502AA_008	720000	2	0	TTAGGG
Phum-OR502AA_008	730000	0	1	TTAGGG
Phum-OR502AA_008	740000	0	2	TTAGGG
Phum-OR502AA_008	750000	0	1	TTAGGG
Phum-OR502AA_008	760000	0	0	TTAGGG
Phum-OR502AA_008	770000	0	1	TTAGGG
Phum-OR502AA_008	780000	0	1	TTAGGG
Phum-OR502AA_008	790000	0	0	TTAGGG
Phum-OR502AA_008	800000	0	0	TTAGGG
Phum-OR502AA_008	810000	0	0	TTAGGG
Phum-OR502AA_008	820000	1	0	TTAGGG
Phum-OR502AA_008	830000	0	3	TTAGGG
Phum-OR502AA_008	840000	0	0	TTAGGG
Phum-OR502AA_008	850000	1	0	TTAGGG
Phum-OR502AA_008	860000	1	0	TTAGGG
Phum-OR502AA_008	870000	0	0	TTAGGG
Phum-OR502AA_008	880000	3	2	TTAGGG
Phum-OR502AA_008	890000	0	0	TTAGGG
Phum-OR502AA_008	900000	2	0	TTAGGG
Phum-OR502AA_008	910000	1	3	TTAGGG
Phum-OR502AA_008	920000	1	1	TTAGGG
Phum-OR502AA_008	930000	4	1	TTAGGG
Phum-OR502AA_008	940000	1	3	TTAGGG
Phum-OR502AA_008	950000	0	2	TTAGGG
Phum-OR502AA_008	960000	1	2	TTAGGG
Phum-OR502AA_008	970000	1	0	TTAGGG
Phum-OR502AA_008	980000	1	0	TTAGGG
Phum-OR502AA_008	990000	1	1	TTAGGG
Phum-OR502AA_008	1000000	2	1	TTAGGG
Phum-OR502AA_008	1010000	1	2	TTAGGG
Phum-OR502AA_008	1020000	0	0	TTAGGG
Phum-OR502AA_008	1030000	0	1	TTAGGG
Phum-OR502AA_008	1040000	1	1	TTAGGG
Phum-OR502AA_008	1050000	1	1	TTAGGG
Phum-OR502AA_008	1060000	0	3	TTAGGG
Phum-OR502AA_008	1070000	0	3	TTAGGG
Phum-OR502AA_008	1080000	0	1	TTAGGG
Phum-OR502AA_008	1090000	0	2	TTAGGG
Phum-OR502AA_008	1100000	1	0	TTAGGG
Phum-OR502AA_008	1110000	2	1	TTAGGG
Phum-OR502AA_008	1120000	0	1	TTAGGG
Phum-OR502AA_008	1130000	0	0	TTAGGG
Phum-OR502AA_008	1140000	0	0	TTAGGG
Phum-OR502AA_008	1150000	0	0	TTAGGG
Phum-OR502AA_008	1160000	1	0	TTAGGG
Phum-OR502AA_008	1170000	1	0	TTAGGG
Phum-OR502AA_008	1180000	0	1	TTAGGG
Phum-OR502AA_008	1190000	0	0	TTAGGG
Phum-OR502AA_008	1200000	0	0	TTAGGG
Phum-OR502AA_008	1210000	0	0	TTAGGG
Phum-OR502AA_008	1220000	1	1	TTAGGG
Phum-OR502AA_008	1230000	0	0	TTAGGG
Phum-OR502AA_008	1240000	2	0	TTAGGG
Phum-OR502AA_008	1250000	0	0	TTAGGG
Phum-OR502AA_008	1260000	0	2	TTAGGG
Phum-OR502AA_008	1270000	1	0	TTAGGG
Phum-OR502AA_008	1280000	0	2	TTAGGG
Phum-OR502AA_008	1290000	0	3	TTAGGG
Phum-OR502AA_008	1300000	0	3	TTAGGG
Phum-OR502AA_008	1310000	1	1	TTAGGG
Phum-OR502AA_008	1320000	0	0	TTAGGG
Phum-OR502AA_008	1330000	0	0	TTAGGG
Phum-OR502AA_008	1340000	3	0	TTAGGG
Phum-OR502AA_008	1350000	0	2	TTAGGG
Phum-OR502AA_008	1360000	1	0	TTAGGG
Phum-OR502AA_008	1370000	1	1	TTAGGG
Phum-OR502AA_008	1380000	0	1	TTAGGG
Phum-OR502AA_008	1390000	1	0	TTAGGG
Phum-OR502AA_008	1400000	0	0	TTAGGG
Phum-OR502AA_008	1410000	1	0	TTAGGG
Phum-OR502AA_008	1420000	1	0	TTAGGG
Phum-OR502AA_008	1430000	0	0	TTAGGG
Phum-OR502AA_008	1440000	1	0	TTAGGG
Phum-OR502AA_008	1450000	0	0	TTAGGG
Phum-OR502AA_008	1460000	0	0	TTAGGG
Phum-OR502AA_008	1470000	0	0	TTAGGG
Phum-OR502AA_008	1480000	0	0	TTAGGG
Phum-OR502AA_008	1490000	0	0	TTAGGG
Phum-OR502AA_008	1500000	0	0	TTAGGG
Phum-OR502AA_008	1510000	0	0	TTAGGG
Phum-OR502AA_008	1520000	0	0	TTAGGG
Phum-OR502AA_008	1530000	0	0	TTAGGG
Phum-OR502AA_008	1540000	0	0	TTAGGG
Phum-OR502AA_008	1550000	0	0	TTAGGG
Phum-OR502AA_008	1560000	0	0	TTAGGG
Phum-OR502AA_008	1570000	0	0	TTAGGG
Phum-OR502AA_008	1580000	0	0	TTAGGG
Phum-OR502AA_008	1590000	0	0	TTAGGG
Phum-OR502AA_008	1600000	0	0	TTAGGG
Phum-OR502AA_008	1610000	0	1	TTAGGG
Phum-OR502AA_008	1620000	0	1	TTAGGG
Phum-OR502AA_008	1630000	0	0	TTAGGG
Phum-OR502AA_008	1640000	0	1	TTAGGG
Phum-OR502AA_008	1650000	0	2	TTAGGG
Phum-OR502AA_008	1660000	0	2	TTAGGG
Phum-OR502AA_008	1670000	1	0	TTAGGG
Phum-OR502AA_008	1680000	1	0	TTAGGG
Phum-OR502AA_008	1690000	0	0	TTAGGG
Phum-OR502AA_008	1700000	0	0	TTAGGG
Phum-OR502AA_008	1710000	0	1	TTAGGG
Phum-OR502AA_008	1720000	0	0	TTAGGG
Phum-OR502AA_008	1730000	0	0	TTAGGG
Phum-OR502AA_008	1740000	0	1	TTAGGG
Phum-OR502AA_008	1750000	0	0	TTAGGG
Phum-OR502AA_008	1760000	1	0	TTAGGG
Phum-OR502AA_008	1770000	0	0	TTAGGG
Phum-OR502AA_008	1780000	0	0	TTAGGG
Phum-OR502AA_008	1790000	0	1	TTAGGG
Phum-OR502AA_008	1800000	0	1	TTAGGG
Phum-OR502AA_008	1810000	1	0	TTAGGG
Phum-OR502AA_008	1820000	1	0	TTAGGG
Phum-OR502AA_008	1830000	3	0	TTAGGG
Phum-OR502AA_008	1840000	0	0	TTAGGG
Phum-OR502AA_008	1850000	0	0	TTAGGG
Phum-OR502AA_008	1860000	0	0	TTAGGG
Phum-OR502AA_008	1870000	0	1	TTAGGG
Phum-OR502AA_008	1880000	0	0	TTAGGG
Phum-OR502AA_008	1890000	0	0	TTAGGG
Phum-OR502AA_008	1900000	0	0	TTAGGG
Phum-OR502AA_008	1910000	0	0	TTAGGG
Phum-OR502AA_008	1920000	0	0	TTAGGG
Phum-OR502AA_008	1930000	0	0	TTAGGG
Phum-OR502AA_008	1940000	0	0	TTAGGG
Phum-OR502AA_008	1950000	0	0	TTAGGG
Phum-OR502AA_008	1960000	1	1	TTAGGG
Phum-OR502AA_008	1970000	0	0	TTAGGG
Phum-OR502AA_008	1980000	0	1	TTAGGG
Phum-OR502AA_008	1990000	1	1	TTAGGG
Phum-OR502AA_008	2000000	1	0	TTAGGG
Phum-OR502AA_008	2010000	0	0	TTAGGG
Phum-OR502AA_008	2020000	0	0	TTAGGG
Phum-OR502AA_008	2030000	1	1	TTAGGG
Phum-OR502AA_008	2040000	0	0	TTAGGG
Phum-OR502AA_008	2050000	0	1	TTAGGG
Phum-OR502AA_008	2060000	2	0	TTAGGG
Phum-OR502AA_008	2070000	0	0	TTAGGG
Phum-OR502AA_008	2080000	0	0	TTAGGG
Phum-OR502AA_008	2090000	0	0	TTAGGG
Phum-OR502AA_008	2100000	0	0	TTAGGG
Phum-OR502AA_008	2110000	1	2	TTAGGG
Phum-OR502AA_008	2120000	0	0	TTAGGG
Phum-OR502AA_008	2130000	0	0	TTAGGG
Phum-OR502AA_008	2140000	0	0	TTAGGG
Phum-OR502AA_008	2150000	0	1	TTAGGG
Phum-OR502AA_008	2160000	0	0	TTAGGG
Phum-OR502AA_008	2170000	0	0	TTAGGG
Phum-OR502AA_008	2180000	0	0	TTAGGG
Phum-OR502AA_008	2190000	0	0	TTAGGG
Phum-OR502AA_008	2200000	0	1	TTAGGG
Phum-OR502AA_008	2210000	1	2	TTAGGG
Phum-OR502AA_008	2220000	0	0	TTAGGG
Phum-OR502AA_008	2230000	0	0	TTAGGG
Phum-OR502AA_008	2240000	0	0	TTAGGG
Phum-OR502AA_008	2250000	0	0	TTAGGG
Phum-OR502AA_008	2260000	0	0	TTAGGG
Phum-OR502AA_008	2270000	0	0	TTAGGG
Phum-OR502AA_008	2280000	0	0	TTAGGG
Phum-OR502AA_008	2290000	0	0	TTAGGG
Phum-OR502AA_008	2300000	0	0	TTAGGG
Phum-OR502AA_008	2310000	0	0	TTAGGG
Phum-OR502AA_008	2320000	0	0	TTAGGG
Phum-OR502AA_008	2330000	0	0	TTAGGG
Phum-OR502AA_008	2340000	0	0	TTAGGG
Phum-OR502AA_008	2350000	0	0	TTAGGG
Phum-OR502AA_008	2360000	0	0	TTAGGG
Phum-OR502AA_008	2370000	0	0	TTAGGG
Phum-OR502AA_008	2380000	0	0	TTAGGG
Phum-OR502AA_008	2390000	0	0	TTAGGG
Phum-OR502AA_008	2400000	0	0	TTAGGG
Phum-OR502AA_008	2410000	1	0	TTAGGG
Phum-OR502AA_008	2420000	0	0	TTAGGG
Phum-OR502AA_008	2430000	0	0	TTAGGG
Phum-OR502AA_008	2440000	2	0	TTAGGG
Phum-OR502AA_008	2450000	1	0	TTAGGG
Phum-OR502AA_008	2460000	1	0	TTAGGG
Phum-OR502AA_008	2470000	1	0	TTAGGG
Phum-OR502AA_008	2480000	0	0	TTAGGG
Phum-OR502AA_008	2490000	0	0	TTAGGG
Phum-OR502AA_008	2500000	0	0	TTAGGG
Phum-OR502AA_008	2510000	2	4	TTAGGG
Phum-OR502AA_008	2520000	0	0	TTAGGG
Phum-OR502AA_008	2530000	0	0	TTAGGG
Phum-OR502AA_008	2540000	0	0	TTAGGG
Phum-OR502AA_008	2550000	0	1	TTAGGG
Phum-OR502AA_008	2560000	0	0	TTAGGG
Phum-OR502AA_008	2570000	0	0	TTAGGG
Phum-OR502AA_008	2580000	0	0	TTAGGG
Phum-OR502AA_008	2590000	2	0	TTAGGG
Phum-OR502AA_008	2600000	1	0	TTAGGG
Phum-OR502AA_008	2610000	0	0	TTAGGG
Phum-OR502AA_008	2620000	0	0	TTAGGG
Phum-OR502AA_008	2630000	0	2	TTAGGG
Phum-OR502AA_008	2640000	0	0	TTAGGG
Phum-OR502AA_008	2650000	0	1	TTAGGG
Phum-OR502AA_008	2660000	0	1	TTAGGG
Phum-OR502AA_008	2670000	2	1	TTAGGG
Phum-OR502AA_008	2680000	0	0	TTAGGG
Phum-OR502AA_008	2690000	0	1	TTAGGG
Phum-OR502AA_008	2700000	0	0	TTAGGG
Phum-OR502AA_008	2710000	0	0	TTAGGG
Phum-OR502AA_008	2720000	0	0	TTAGGG
Phum-OR502AA_008	2730000	0	0	TTAGGG
Phum-OR502AA_008	2740000	0	0	TTAGGG
Phum-OR502AA_008	2750000	0	0	TTAGGG
Phum-OR502AA_008	2760000	0	0	TTAGGG
Phum-OR502AA_008	2770000	0	0	TTAGGG
Phum-OR502AA_008	2780000	0	0	TTAGGG
Phum-OR502AA_008	2790000	0	0	TTAGGG
Phum-OR502AA_008	2800000	0	1	TTAGGG
Phum-OR502AA_008	2810000	0	0	TTAGGG
Phum-OR502AA_008	2820000	0	1	TTAGGG
Phum-OR502AA_008	2830000	0	1	TTAGGG
Phum-OR502AA_008	2840000	1	0	TTAGGG
Phum-OR502AA_008	2850000	0	0	TTAGGG
Phum-OR502AA_008	2860000	1	0	TTAGGG
Phum-OR502AA_008	2870000	0	1	TTAGGG
Phum-OR502AA_008	2880000	0	0	TTAGGG
Phum-OR502AA_008	2890000	2	2	TTAGGG
Phum-OR502AA_008	2900000	0	0	TTAGGG
Phum-OR502AA_008	2910000	0	0	TTAGGG
Phum-OR502AA_008	2920000	0	0	TTAGGG
Phum-OR502AA_008	2930000	0	0	TTAGGG
Phum-OR502AA_008	2940000	2	0	TTAGGG
Phum-OR502AA_008	2950000	1	1	TTAGGG
Phum-OR502AA_008	2960000	1	0	TTAGGG
Phum-OR502AA_008	2970000	0	0	TTAGGG
Phum-OR502AA_008	2980000	0	0	TTAGGG
Phum-OR502AA_008	2990000	0	0	TTAGGG
Phum-OR502AA_008	3000000	0	0	TTAGGG
Phum-OR502AA_008	3010000	0	0	TTAGGG
Phum-OR502AA_008	3020000	0	0	TTAGGG
Phum-OR502AA_008	3030000	0	1	TTAGGG
Phum-OR502AA_008	3040000	0	1	TTAGGG
Phum-OR502AA_008	3050000	0	0	TTAGGG
Phum-OR502AA_008	3060000	0	0	TTAGGG
Phum-OR502AA_008	3070000	0	0	TTAGGG
Phum-OR502AA_008	3080000	1	2	TTAGGG
Phum-OR502AA_008	3090000	0	0	TTAGGG
Phum-OR502AA_008	3100000	1	1	TTAGGG
Phum-OR502AA_008	3110000	0	0	TTAGGG
Phum-OR502AA_008	3120000	0	1	TTAGGG
Phum-OR502AA_008	3130000	0	1	TTAGGG
Phum-OR502AA_008	3140000	1	0	TTAGGG
Phum-OR502AA_008	3150000	0	0	TTAGGG
Phum-OR502AA_008	3155118	0	0	TTAGGG
Phum-OR502AA_009	10000	0	44	TTAGGG
Phum-OR502AA_009	20000	2	2	TTAGGG
Phum-OR502AA_009	30000	0	0	TTAGGG
Phum-OR502AA_009	40000	0	0	TTAGGG
Phum-OR502AA_009	50000	1	0	TTAGGG
Phum-OR502AA_009	60000	0	0	TTAGGG
Phum-OR502AA_009	70000	0	0	TTAGGG
Phum-OR502AA_009	80000	0	0	TTAGGG
Phum-OR502AA_009	90000	2	0	TTAGGG
Phum-OR502AA_009	100000	0	1	TTAGGG
Phum-OR502AA_009	110000	0	0	TTAGGG
Phum-OR502AA_009	120000	1	0	TTAGGG
Phum-OR502AA_009	130000	1	0	TTAGGG
Phum-OR502AA_009	140000	0	0	TTAGGG
Phum-OR502AA_009	150000	0	0	TTAGGG
Phum-OR502AA_009	160000	0	0	TTAGGG
Phum-OR502AA_009	170000	1	0	TTAGGG
Phum-OR502AA_009	180000	0	1	TTAGGG
Phum-OR502AA_009	190000	0	1	TTAGGG
Phum-OR502AA_009	200000	0	1	TTAGGG
Phum-OR502AA_009	210000	0	1	TTAGGG
Phum-OR502AA_009	220000	0	0	TTAGGG
Phum-OR502AA_009	230000	0	0	TTAGGG
Phum-OR502AA_009	240000	2	1	TTAGGG
Phum-OR502AA_009	250000	1	0	TTAGGG
Phum-OR502AA_009	260000	1	0	TTAGGG
Phum-OR502AA_009	270000	0	0	TTAGGG
Phum-OR502AA_009	280000	0	0	TTAGGG
Phum-OR502AA_009	290000	0	0	TTAGGG
Phum-OR502AA_009	300000	0	1	TTAGGG
Phum-OR502AA_009	310000	1	0	TTAGGG
Phum-OR502AA_009	320000	1	2	TTAGGG
Phum-OR502AA_009	330000	0	0	TTAGGG
Phum-OR502AA_009	340000	1	0	TTAGGG
Phum-OR502AA_009	350000	0	0	TTAGGG
Phum-OR502AA_009	360000	0	2	TTAGGG
Phum-OR502AA_009	370000	1	1	TTAGGG
Phum-OR502AA_009	380000	0	1	TTAGGG
Phum-OR502AA_009	390000	2	1	TTAGGG
Phum-OR502AA_009	400000	1	0	TTAGGG
Phum-OR502AA_009	410000	1	1	TTAGGG
Phum-OR502AA_009	420000	0	1	TTAGGG
Phum-OR502AA_009	430000	0	0	TTAGGG
Phum-OR502AA_009	440000	0	0	TTAGGG
Phum-OR502AA_009	450000	0	0	TTAGGG
Phum-OR502AA_009	460000	0	0	TTAGGG
Phum-OR502AA_009	470000	0	1	TTAGGG
Phum-OR502AA_009	480000	0	0	TTAGGG
Phum-OR502AA_009	490000	1	1	TTAGGG
Phum-OR502AA_009	500000	0	0	TTAGGG
Phum-OR502AA_009	510000	0	0	TTAGGG
Phum-OR502AA_009	520000	0	0	TTAGGG
Phum-OR502AA_009	530000	0	0	TTAGGG
Phum-OR502AA_009	540000	0	0	TTAGGG
Phum-OR502AA_009	550000	0	0	TTAGGG
Phum-OR502AA_009	560000	0	0	TTAGGG
Phum-OR502AA_009	570000	0	0	TTAGGG
Phum-OR502AA_009	580000	0	0	TTAGGG
Phum-OR502AA_009	590000	0	0	TTAGGG
Phum-OR502AA_009	600000	0	0	TTAGGG
Phum-OR502AA_009	610000	0	0	TTAGGG
Phum-OR502AA_009	620000	0	0	TTAGGG
Phum-OR502AA_009	630000	0	0	TTAGGG
Phum-OR502AA_009	640000	0	0	TTAGGG
Phum-OR502AA_009	650000	2	2	TTAGGG
Phum-OR502AA_009	660000	0	3	TTAGGG
Phum-OR502AA_009	670000	1	0	TTAGGG
Phum-OR502AA_009	680000	0	0	TTAGGG
Phum-OR502AA_009	690000	0	0	TTAGGG
Phum-OR502AA_009	700000	0	0	TTAGGG
Phum-OR502AA_009	710000	0	2	TTAGGG
Phum-OR502AA_009	720000	0	0	TTAGGG
Phum-OR502AA_009	730000	0	0	TTAGGG
Phum-OR502AA_009	740000	1	0	TTAGGG
Phum-OR502AA_009	750000	2	0	TTAGGG
Phum-OR502AA_009	760000	0	0	TTAGGG
Phum-OR502AA_009	770000	1	0	TTAGGG
Phum-OR502AA_009	780000	0	2	TTAGGG
Phum-OR502AA_009	790000	1	1	TTAGGG
Phum-OR502AA_009	800000	0	0	TTAGGG
Phum-OR502AA_009	810000	0	0	TTAGGG
Phum-OR502AA_009	820000	1	0	TTAGGG
Phum-OR502AA_009	830000	1	0	TTAGGG
Phum-OR502AA_009	840000	0	1	TTAGGG
Phum-OR502AA_009	850000	0	0	TTAGGG
Phum-OR502AA_009	860000	0	0	TTAGGG
Phum-OR502AA_009	870000	0	0	TTAGGG
Phum-OR502AA_009	880000	0	0	TTAGGG
Phum-OR502AA_009	890000	0	0	TTAGGG
Phum-OR502AA_009	900000	0	0	TTAGGG
Phum-OR502AA_009	910000	0	0	TTAGGG
Phum-OR502AA_009	920000	0	0	TTAGGG
Phum-OR502AA_009	930000	1	0	TTAGGG
Phum-OR502AA_009	940000	0	0	TTAGGG
Phum-OR502AA_009	950000	0	0	TTAGGG
Phum-OR502AA_009	960000	1	1	TTAGGG
Phum-OR502AA_009	970000	1	0	TTAGGG
Phum-OR502AA_009	980000	0	0	TTAGGG
Phum-OR502AA_009	990000	0	1	TTAGGG
Phum-OR502AA_009	1000000	0	1	TTAGGG
Phum-OR502AA_009	1010000	0	1	TTAGGG
Phum-OR502AA_009	1020000	0	1	TTAGGG
Phum-OR502AA_009	1030000	2	0	TTAGGG
Phum-OR502AA_009	1040000	0	0	TTAGGG
Phum-OR502AA_009	1050000	0	0	TTAGGG
Phum-OR502AA_009	1060000	2	1	TTAGGG
Phum-OR502AA_009	1070000	0	0	TTAGGG
Phum-OR502AA_009	1080000	1	0	TTAGGG
Phum-OR502AA_009	1090000	1	0	TTAGGG
Phum-OR502AA_009	1100000	0	1	TTAGGG
Phum-OR502AA_009	1110000	0	1	TTAGGG
Phum-OR502AA_009	1120000	0	0	TTAGGG
Phum-OR502AA_009	1130000	0	1	TTAGGG
Phum-OR502AA_009	1140000	0	0	TTAGGG
Phum-OR502AA_009	1150000	0	0	TTAGGG
Phum-OR502AA_009	1160000	2	0	TTAGGG
Phum-OR502AA_009	1170000	0	3	TTAGGG
Phum-OR502AA_009	1180000	0	1	TTAGGG
Phum-OR502AA_009	1190000	0	2	TTAGGG
Phum-OR502AA_009	1200000	1	0	TTAGGG
Phum-OR502AA_009	1210000	0	0	TTAGGG
Phum-OR502AA_009	1220000	0	0	TTAGGG
Phum-OR502AA_009	1230000	0	0	TTAGGG
Phum-OR502AA_009	1240000	0	0	TTAGGG
Phum-OR502AA_009	1250000	0	0	TTAGGG
Phum-OR502AA_009	1260000	0	0	TTAGGG
Phum-OR502AA_009	1270000	0	0	TTAGGG
Phum-OR502AA_009	1280000	0	0	TTAGGG
Phum-OR502AA_009	1290000	0	0	TTAGGG
Phum-OR502AA_009	1300000	0	0	TTAGGG
Phum-OR502AA_009	1310000	0	0	TTAGGG
Phum-OR502AA_009	1320000	0	0	TTAGGG
Phum-OR502AA_009	1330000	0	0	TTAGGG
Phum-OR502AA_009	1340000	0	0	TTAGGG
Phum-OR502AA_009	1350000	0	0	TTAGGG
Phum-OR502AA_009	1360000	0	0	TTAGGG
Phum-OR502AA_009	1370000	2	1	TTAGGG
Phum-OR502AA_009	1380000	1	1	TTAGGG
Phum-OR502AA_009	1390000	0	0	TTAGGG
Phum-OR502AA_009	1400000	0	2	TTAGGG
Phum-OR502AA_009	1410000	0	0	TTAGGG
Phum-OR502AA_009	1420000	0	0	TTAGGG
Phum-OR502AA_009	1430000	0	0	TTAGGG
Phum-OR502AA_009	1440000	0	0	TTAGGG
Phum-OR502AA_009	1450000	0	0	TTAGGG
Phum-OR502AA_009	1460000	0	0	TTAGGG
Phum-OR502AA_009	1470000	0	0	TTAGGG
Phum-OR502AA_009	1480000	0	0	TTAGGG
Phum-OR502AA_009	1490000	0	0	TTAGGG
Phum-OR502AA_009	1500000	0	0	TTAGGG
Phum-OR502AA_009	1510000	0	0	TTAGGG
Phum-OR502AA_009	1520000	0	0	TTAGGG
Phum-OR502AA_009	1530000	0	0	TTAGGG
Phum-OR502AA_009	1540000	0	0	TTAGGG
Phum-OR502AA_009	1550000	0	0	TTAGGG
Phum-OR502AA_009	1560000	0	0	TTAGGG
Phum-OR502AA_009	1570000	0	0	TTAGGG
Phum-OR502AA_009	1580000	0	0	TTAGGG
Phum-OR502AA_009	1590000	0	0	TTAGGG
Phum-OR502AA_009	1600000	0	0	TTAGGG
Phum-OR502AA_009	1610000	0	0	TTAGGG
Phum-OR502AA_009	1620000	1	0	TTAGGG
Phum-OR502AA_009	1630000	1	0	TTAGGG
Phum-OR502AA_009	1640000	0	0	TTAGGG
Phum-OR502AA_009	1650000	0	1	TTAGGG
Phum-OR502AA_009	1660000	0	1	TTAGGG
Phum-OR502AA_009	1670000	0	0	TTAGGG
Phum-OR502AA_009	1680000	0	0	TTAGGG
Phum-OR502AA_009	1690000	0	1	TTAGGG
Phum-OR502AA_009	1700000	0	0	TTAGGG
Phum-OR502AA_009	1710000	1	0	TTAGGG
Phum-OR502AA_009	1720000	0	0	TTAGGG
Phum-OR502AA_009	1730000	0	2	TTAGGG
Phum-OR502AA_009	1740000	0	0	TTAGGG
Phum-OR502AA_009	1750000	0	0	TTAGGG
Phum-OR502AA_009	1760000	0	1	TTAGGG
Phum-OR502AA_009	1770000	0	0	TTAGGG
Phum-OR502AA_009	1780000	0	0	TTAGGG
Phum-OR502AA_009	1790000	0	0	TTAGGG
Phum-OR502AA_009	1800000	0	0	TTAGGG
Phum-OR502AA_009	1810000	0	0	TTAGGG
Phum-OR502AA_009	1820000	4	4	TTAGGG
Phum-OR502AA_009	1830000	2	2	TTAGGG
Phum-OR502AA_009	1840000	1	1	TTAGGG
Phum-OR502AA_009	1850000	0	0	TTAGGG
Phum-OR502AA_009	1860000	0	0	TTAGGG
Phum-OR502AA_009	1870000	0	0	TTAGGG
Phum-OR502AA_009	1880000	0	0	TTAGGG
Phum-OR502AA_009	1890000	0	0	TTAGGG
Phum-OR502AA_009	1900000	0	0	TTAGGG
Phum-OR502AA_009	1910000	2	2	TTAGGG
Phum-OR502AA_009	1920000	0	0	TTAGGG
Phum-OR502AA_009	1930000	0	0	TTAGGG
Phum-OR502AA_009	1940000	0	2	TTAGGG
Phum-OR502AA_009	1950000	0	0	TTAGGG
Phum-OR502AA_009	1960000	1	0	TTAGGG
Phum-OR502AA_009	1970000	0	0	TTAGGG
Phum-OR502AA_009	1980000	2	0	TTAGGG
Phum-OR502AA_009	1990000	1	0	TTAGGG
Phum-OR502AA_009	2000000	0	1	TTAGGG
Phum-OR502AA_009	2010000	2	1	TTAGGG
Phum-OR502AA_009	2020000	1	1	TTAGGG
Phum-OR502AA_009	2030000	2	2	TTAGGG
Phum-OR502AA_009	2040000	1	2	TTAGGG
Phum-OR502AA_009	2050000	2	1	TTAGGG
Phum-OR502AA_009	2060000	1	2	TTAGGG
Phum-OR502AA_009	2070000	1	0	TTAGGG
Phum-OR502AA_009	2080000	1	1	TTAGGG
Phum-OR502AA_009	2090000	1	3	TTAGGG
Phum-OR502AA_009	2100000	2	1	TTAGGG
Phum-OR502AA_009	2110000	1	1	TTAGGG
Phum-OR502AA_009	2120000	2	3	TTAGGG
Phum-OR502AA_009	2130000	1	1	TTAGGG
Phum-OR502AA_009	2140000	1	1	TTAGGG
Phum-OR502AA_009	2150000	1	1	TTAGGG
Phum-OR502AA_009	2160000	0	0	TTAGGG
Phum-OR502AA_009	2170000	1	2	TTAGGG
Phum-OR502AA_009	2180000	1	1	TTAGGG
Phum-OR502AA_009	2190000	1	1	TTAGGG
Phum-OR502AA_009	2200000	2	2	TTAGGG
Phum-OR502AA_009	2210000	1	1	TTAGGG
Phum-OR502AA_009	2220000	1	1	TTAGGG
Phum-OR502AA_009	2230000	2	2	TTAGGG
Phum-OR502AA_009	2240000	1	1	TTAGGG
Phum-OR502AA_009	2250000	1	1	TTAGGG
Phum-OR502AA_009	2260000	2	2	TTAGGG
Phum-OR502AA_009	2270000	1	1	TTAGGG
Phum-OR502AA_009	2280000	1	1	TTAGGG
Phum-OR502AA_009	2290000	1	1	TTAGGG
Phum-OR502AA_009	2300000	0	2	TTAGGG
Phum-OR502AA_009	2310000	0	2	TTAGGG
Phum-OR502AA_009	2320000	0	2	TTAGGG
Phum-OR502AA_009	2330000	0	1	TTAGGG
Phum-OR502AA_009	2340000	0	2	TTAGGG
Phum-OR502AA_009	2350000	0	2	TTAGGG
Phum-OR502AA_009	2360000	0	2	TTAGGG
Phum-OR502AA_009	2370000	0	2	TTAGGG
Phum-OR502AA_009	2380000	0	2	TTAGGG
Phum-OR502AA_009	2390000	0	2	TTAGGG
Phum-OR502AA_009	2400000	0	2	TTAGGG
Phum-OR502AA_009	2410000	0	1	TTAGGG
Phum-OR502AA_009	2420000	0	2	TTAGGG
Phum-OR502AA_009	2430000	0	2	TTAGGG
Phum-OR502AA_009	2440000	0	2	TTAGGG
Phum-OR502AA_009	2450000	0	2	TTAGGG
Phum-OR502AA_009	2460000	0	2	TTAGGG
Phum-OR502AA_009	2470000	0	2	TTAGGG
Phum-OR502AA_009	2480000	0	2	TTAGGG
Phum-OR502AA_009	2490000	0	1	TTAGGG
Phum-OR502AA_009	2500000	0	2	TTAGGG
Phum-OR502AA_009	2510000	0	2	TTAGGG
Phum-OR502AA_009	2520000	0	2	TTAGGG
Phum-OR502AA_009	2530000	0	2	TTAGGG
Phum-OR502AA_009	2540000	0	2	TTAGGG
Phum-OR502AA_009	2550000	0	2	TTAGGG
Phum-OR502AA_009	2560000	0	1	TTAGGG
Phum-OR502AA_009	2570000	0	2	TTAGGG
Phum-OR502AA_009	2580000	0	2	TTAGGG
Phum-OR502AA_009	2590000	0	2	TTAGGG
Phum-OR502AA_009	2600000	0	2	TTAGGG
Phum-OR502AA_009	2610000	0	2	TTAGGG
Phum-OR502AA_009	2620000	0	2	TTAGGG
Phum-OR502AA_009	2630000	0	2	TTAGGG
Phum-OR502AA_009	2640000	0	1	TTAGGG
Phum-OR502AA_009	2650000	0	2	TTAGGG
Phum-OR502AA_009	2660000	0	2	TTAGGG
Phum-OR502AA_009	2670000	0	2	TTAGGG
Phum-OR502AA_009	2680000	0	2	TTAGGG
Phum-OR502AA_009	2690000	0	2	TTAGGG
Phum-OR502AA_009	2700000	0	2	TTAGGG
Phum-OR502AA_009	2710000	0	1	TTAGGG
Phum-OR502AA_009	2720000	0	2	TTAGGG
Phum-OR502AA_009	2730000	0	2	TTAGGG
Phum-OR502AA_009	2740000	0	2	TTAGGG
Phum-OR502AA_009	2750000	0	2	TTAGGG
Phum-OR502AA_009	2760000	0	2	TTAGGG
Phum-OR502AA_009	2770000	0	2	TTAGGG
Phum-OR502AA_009	2780000	1	1	TTAGGG
Phum-OR502AA_009	2790000	0	1	TTAGGG
Phum-OR502AA_009	2800000	1	1	TTAGGG
Phum-OR502AA_009	2810000	1	0	TTAGGG
Phum-OR502AA_009	2820000	1	0	TTAGGG
Phum-OR502AA_009	2830000	2	0	TTAGGG
Phum-OR502AA_009	2840000	0	2	TTAGGG
Phum-OR502AA_009	2850000	2	2	TTAGGG
Phum-OR502AA_009	2860000	3	1	TTAGGG
Phum-OR502AA_009	2870000	1	0	TTAGGG
Phum-OR502AA_009	2880000	1	1	TTAGGG
Phum-OR502AA_009	2890000	1	2	TTAGGG
Phum-OR502AA_009	2900000	21	0	TTAGGG
Phum-OR502AA_009	2900193	26	0	TTAGGG
Phum-OR502AA_010	10000	0	52	TTAGGG
Phum-OR502AA_010	20000	0	2	TTAGGG
Phum-OR502AA_010	30000	1	0	TTAGGG
Phum-OR502AA_010	40000	0	0	TTAGGG
Phum-OR502AA_010	50000	3	2	TTAGGG
Phum-OR502AA_010	60000	0	0	TTAGGG
Phum-OR502AA_010	70000	0	0	TTAGGG
Phum-OR502AA_010	80000	1	0	TTAGGG
Phum-OR502AA_010	90000	0	0	TTAGGG
Phum-OR502AA_010	100000	0	1	TTAGGG
Phum-OR502AA_010	110000	0	0	TTAGGG
Phum-OR502AA_010	120000	0	1	TTAGGG
Phum-OR502AA_010	130000	0	0	TTAGGG
Phum-OR502AA_010	140000	0	0	TTAGGG
Phum-OR502AA_010	150000	0	0	TTAGGG
Phum-OR502AA_010	160000	0	0	TTAGGG
Phum-OR502AA_010	170000	0	0	TTAGGG
Phum-OR502AA_010	180000	0	3	TTAGGG
Phum-OR502AA_010	190000	2	1	TTAGGG
Phum-OR502AA_010	200000	0	1	TTAGGG
Phum-OR502AA_010	210000	0	0	TTAGGG
Phum-OR502AA_010	220000	1	0	TTAGGG
Phum-OR502AA_010	230000	0	0	TTAGGG
Phum-OR502AA_010	240000	0	1	TTAGGG
Phum-OR502AA_010	250000	0	0	TTAGGG
Phum-OR502AA_010	260000	1	0	TTAGGG
Phum-OR502AA_010	270000	2	1	TTAGGG
Phum-OR502AA_010	280000	0	0	TTAGGG
Phum-OR502AA_010	290000	0	1	TTAGGG
Phum-OR502AA_010	300000	0	1	TTAGGG
Phum-OR502AA_010	310000	0	0	TTAGGG
Phum-OR502AA_010	320000	0	0	TTAGGG
Phum-OR502AA_010	330000	0	0	TTAGGG
Phum-OR502AA_010	340000	0	0	TTAGGG
Phum-OR502AA_010	350000	0	0	TTAGGG
Phum-OR502AA_010	360000	0	2	TTAGGG
Phum-OR502AA_010	370000	0	0	TTAGGG
Phum-OR502AA_010	380000	0	1	TTAGGG
Phum-OR502AA_010	390000	0	1	TTAGGG
Phum-OR502AA_010	400000	0	0	TTAGGG
Phum-OR502AA_010	410000	0	0	TTAGGG
Phum-OR502AA_010	420000	0	0	TTAGGG
Phum-OR502AA_010	430000	0	0	TTAGGG
Phum-OR502AA_010	440000	0	0	TTAGGG
Phum-OR502AA_010	450000	0	0	TTAGGG
Phum-OR502AA_010	460000	0	0	TTAGGG
Phum-OR502AA_010	470000	0	0	TTAGGG
Phum-OR502AA_010	480000	0	0	TTAGGG
Phum-OR502AA_010	490000	0	0	TTAGGG
Phum-OR502AA_010	500000	0	0	TTAGGG
Phum-OR502AA_010	510000	0	0	TTAGGG
Phum-OR502AA_010	520000	0	0	TTAGGG
Phum-OR502AA_010	530000	0	0	TTAGGG
Phum-OR502AA_010	540000	0	0	TTAGGG
Phum-OR502AA_010	550000	0	0	TTAGGG
Phum-OR502AA_010	560000	0	0	TTAGGG
Phum-OR502AA_010	570000	0	0	TTAGGG
Phum-OR502AA_010	580000	0	0	TTAGGG
Phum-OR502AA_010	590000	0	0	TTAGGG
Phum-OR502AA_010	600000	0	0	TTAGGG
Phum-OR502AA_010	610000	0	0	TTAGGG
Phum-OR502AA_010	620000	0	0	TTAGGG
Phum-OR502AA_010	630000	0	0	TTAGGG
Phum-OR502AA_010	640000	0	0	TTAGGG
Phum-OR502AA_010	650000	0	0	TTAGGG
Phum-OR502AA_010	660000	0	0	TTAGGG
Phum-OR502AA_010	670000	2	2	TTAGGG
Phum-OR502AA_010	680000	0	0	TTAGGG
Phum-OR502AA_010	690000	1	0	TTAGGG
Phum-OR502AA_010	700000	0	0	TTAGGG
Phum-OR502AA_010	710000	0	0	TTAGGG
Phum-OR502AA_010	720000	0	0	TTAGGG
Phum-OR502AA_010	730000	0	0	TTAGGG
Phum-OR502AA_010	740000	0	0	TTAGGG
Phum-OR502AA_010	750000	0	0	TTAGGG
Phum-OR502AA_010	760000	0	0	TTAGGG
Phum-OR502AA_010	770000	0	0	TTAGGG
Phum-OR502AA_010	780000	0	0	TTAGGG
Phum-OR502AA_010	790000	0	0	TTAGGG
Phum-OR502AA_010	800000	0	0	TTAGGG
Phum-OR502AA_010	810000	0	0	TTAGGG
Phum-OR502AA_010	820000	0	0	TTAGGG
Phum-OR502AA_010	830000	0	0	TTAGGG
Phum-OR502AA_010	840000	0	0	TTAGGG
Phum-OR502AA_010	850000	0	0	TTAGGG
Phum-OR502AA_010	860000	0	0	TTAGGG
Phum-OR502AA_010	870000	0	0	TTAGGG
Phum-OR502AA_010	880000	0	0	TTAGGG
Phum-OR502AA_010	890000	0	0	TTAGGG
Phum-OR502AA_010	900000	0	0	TTAGGG
Phum-OR502AA_010	910000	0	0	TTAGGG
Phum-OR502AA_010	920000	0	0	TTAGGG
Phum-OR502AA_010	930000	0	0	TTAGGG
Phum-OR502AA_010	940000	0	0	TTAGGG
Phum-OR502AA_010	950000	0	0	TTAGGG
Phum-OR502AA_010	960000	0	0	TTAGGG
Phum-OR502AA_010	970000	2	0	TTAGGG
Phum-OR502AA_010	980000	0	0	TTAGGG
Phum-OR502AA_010	990000	0	1	TTAGGG
Phum-OR502AA_010	1000000	0	2	TTAGGG
Phum-OR502AA_010	1010000	0	1	TTAGGG
Phum-OR502AA_010	1020000	0	0	TTAGGG
Phum-OR502AA_010	1030000	0	2	TTAGGG
Phum-OR502AA_010	1040000	0	0	TTAGGG
Phum-OR502AA_010	1050000	0	0	TTAGGG
Phum-OR502AA_010	1060000	0	0	TTAGGG
Phum-OR502AA_010	1070000	0	0	TTAGGG
Phum-OR502AA_010	1080000	0	0	TTAGGG
Phum-OR502AA_010	1090000	0	1	TTAGGG
Phum-OR502AA_010	1100000	1	0	TTAGGG
Phum-OR502AA_010	1110000	2	1	TTAGGG
Phum-OR502AA_010	1120000	1	0	TTAGGG
Phum-OR502AA_010	1130000	1	0	TTAGGG
Phum-OR502AA_010	1140000	0	0	TTAGGG
Phum-OR502AA_010	1150000	0	0	TTAGGG
Phum-OR502AA_010	1160000	0	0	TTAGGG
Phum-OR502AA_010	1170000	0	0	TTAGGG
Phum-OR502AA_010	1180000	0	0	TTAGGG
Phum-OR502AA_010	1190000	0	0	TTAGGG
Phum-OR502AA_010	1200000	0	0	TTAGGG
Phum-OR502AA_010	1210000	0	0	TTAGGG
Phum-OR502AA_010	1220000	0	0	TTAGGG
Phum-OR502AA_010	1230000	0	0	TTAGGG
Phum-OR502AA_010	1240000	0	0	TTAGGG
Phum-OR502AA_010	1250000	0	0	TTAGGG
Phum-OR502AA_010	1260000	1	0	TTAGGG
Phum-OR502AA_010	1270000	1	2	TTAGGG
Phum-OR502AA_010	1280000	0	3	TTAGGG
Phum-OR502AA_010	1290000	2	1	TTAGGG
Phum-OR502AA_010	1300000	0	1	TTAGGG
Phum-OR502AA_010	1310000	0	0	TTAGGG
Phum-OR502AA_010	1320000	0	0	TTAGGG
Phum-OR502AA_010	1330000	1	0	TTAGGG
Phum-OR502AA_010	1340000	1	2	TTAGGG
Phum-OR502AA_010	1350000	0	3	TTAGGG
Phum-OR502AA_010	1360000	2	1	TTAGGG
Phum-OR502AA_010	1370000	0	1	TTAGGG
Phum-OR502AA_010	1380000	0	0	TTAGGG
Phum-OR502AA_010	1390000	0	0	TTAGGG
Phum-OR502AA_010	1400000	2	1	TTAGGG
Phum-OR502AA_010	1410000	0	0	TTAGGG
Phum-OR502AA_010	1420000	0	0	TTAGGG
Phum-OR502AA_010	1430000	0	0	TTAGGG
Phum-OR502AA_010	1440000	0	0	TTAGGG
Phum-OR502AA_010	1450000	0	0	TTAGGG
Phum-OR502AA_010	1460000	0	0	TTAGGG
Phum-OR502AA_010	1470000	0	0	TTAGGG
Phum-OR502AA_010	1480000	0	0	TTAGGG
Phum-OR502AA_010	1490000	0	0	TTAGGG
Phum-OR502AA_010	1500000	0	0	TTAGGG
Phum-OR502AA_010	1510000	0	0	TTAGGG
Phum-OR502AA_010	1520000	0	0	TTAGGG
Phum-OR502AA_010	1530000	0	0	TTAGGG
Phum-OR502AA_010	1540000	0	0	TTAGGG
Phum-OR502AA_010	1550000	0	0	TTAGGG
Phum-OR502AA_010	1560000	0	0	TTAGGG
Phum-OR502AA_010	1570000	0	0	TTAGGG
Phum-OR502AA_010	1580000	0	0	TTAGGG
Phum-OR502AA_010	1590000	0	0	TTAGGG
Phum-OR502AA_010	1600000	1	0	TTAGGG
Phum-OR502AA_010	1610000	1	2	TTAGGG
Phum-OR502AA_010	1620000	0	3	TTAGGG
Phum-OR502AA_010	1630000	2	1	TTAGGG
Phum-OR502AA_010	1640000	0	1	TTAGGG
Phum-OR502AA_010	1650000	0	0	TTAGGG
Phum-OR502AA_010	1660000	0	0	TTAGGG
Phum-OR502AA_010	1670000	0	0	TTAGGG
Phum-OR502AA_010	1680000	0	1	TTAGGG
Phum-OR502AA_010	1690000	0	2	TTAGGG
Phum-OR502AA_010	1700000	0	0	TTAGGG
Phum-OR502AA_010	1710000	1	0	TTAGGG
Phum-OR502AA_010	1720000	2	1	TTAGGG
Phum-OR502AA_010	1730000	0	2	TTAGGG
Phum-OR502AA_010	1740000	0	0	TTAGGG
Phum-OR502AA_010	1750000	0	0	TTAGGG
Phum-OR502AA_010	1760000	0	0	TTAGGG
Phum-OR502AA_010	1770000	2	1	TTAGGG
Phum-OR502AA_010	1780000	0	0	TTAGGG
Phum-OR502AA_010	1790000	0	0	TTAGGG
Phum-OR502AA_010	1800000	0	0	TTAGGG
Phum-OR502AA_010	1810000	2	0	TTAGGG
Phum-OR502AA_010	1820000	0	3	TTAGGG
Phum-OR502AA_010	1830000	0	1	TTAGGG
Phum-OR502AA_010	1840000	0	2	TTAGGG
Phum-OR502AA_010	1850000	0	2	TTAGGG
Phum-OR502AA_010	1860000	0	0	TTAGGG
Phum-OR502AA_010	1870000	0	5	TTAGGG
Phum-OR502AA_010	1880000	0	0	TTAGGG
Phum-OR502AA_010	1890000	2	0	TTAGGG
Phum-OR502AA_010	1900000	0	1	TTAGGG
Phum-OR502AA_010	1910000	0	2	TTAGGG
Phum-OR502AA_010	1920000	0	2	TTAGGG
Phum-OR502AA_010	1930000	0	0	TTAGGG
Phum-OR502AA_010	1940000	0	5	TTAGGG
Phum-OR502AA_010	1950000	0	0	TTAGGG
Phum-OR502AA_010	1960000	2	0	TTAGGG
Phum-OR502AA_010	1970000	0	1	TTAGGG
Phum-OR502AA_010	1980000	0	3	TTAGGG
Phum-OR502AA_010	1990000	0	2	TTAGGG
Phum-OR502AA_010	2000000	1	0	TTAGGG
Phum-OR502AA_010	2010000	1	0	TTAGGG
Phum-OR502AA_010	2020000	0	1	TTAGGG
Phum-OR502AA_010	2030000	0	0	TTAGGG
Phum-OR502AA_010	2040000	0	0	TTAGGG
Phum-OR502AA_010	2050000	0	0	TTAGGG
Phum-OR502AA_010	2060000	0	0	TTAGGG
Phum-OR502AA_010	2070000	0	0	TTAGGG
Phum-OR502AA_010	2080000	1	4	TTAGGG
Phum-OR502AA_010	2090000	2	0	TTAGGG
Phum-OR502AA_010	2100000	0	0	TTAGGG
Phum-OR502AA_010	2110000	1	1	TTAGGG
Phum-OR502AA_010	2120000	0	0	TTAGGG
Phum-OR502AA_010	2130000	0	0	TTAGGG
Phum-OR502AA_010	2140000	0	0	TTAGGG
Phum-OR502AA_010	2150000	0	0	TTAGGG
Phum-OR502AA_010	2160000	0	0	TTAGGG
Phum-OR502AA_010	2170000	0	0	TTAGGG
Phum-OR502AA_010	2180000	0	0	TTAGGG
Phum-OR502AA_010	2190000	0	0	TTAGGG
Phum-OR502AA_010	2200000	0	0	TTAGGG
Phum-OR502AA_010	2210000	0	0	TTAGGG
Phum-OR502AA_010	2220000	0	0	TTAGGG
Phum-OR502AA_010	2230000	0	0	TTAGGG
Phum-OR502AA_010	2240000	0	0	TTAGGG
Phum-OR502AA_010	2250000	0	0	TTAGGG
Phum-OR502AA_010	2260000	0	0	TTAGGG
Phum-OR502AA_010	2270000	2	0	TTAGGG
Phum-OR502AA_010	2280000	4	0	TTAGGG
Phum-OR502AA_010	2290000	4	0	TTAGGG
Phum-OR502AA_010	2300000	4	0	TTAGGG
Phum-OR502AA_010	2310000	3	0	TTAGGG
Phum-OR502AA_010	2320000	4	0	TTAGGG
Phum-OR502AA_010	2330000	4	0	TTAGGG
Phum-OR502AA_010	2340000	4	0	TTAGGG
Phum-OR502AA_010	2350000	0	0	TTAGGG
Phum-OR502AA_010	2360000	0	0	TTAGGG
Phum-OR502AA_010	2370000	0	0	TTAGGG
Phum-OR502AA_010	2380000	1	1	TTAGGG
Phum-OR502AA_010	2390000	1	1	TTAGGG
Phum-OR502AA_010	2400000	0	0	TTAGGG
Phum-OR502AA_010	2410000	0	0	TTAGGG
Phum-OR502AA_010	2420000	0	0	TTAGGG
Phum-OR502AA_010	2430000	0	0	TTAGGG
Phum-OR502AA_010	2440000	0	0	TTAGGG
Phum-OR502AA_010	2450000	0	0	TTAGGG
Phum-OR502AA_010	2460000	0	2	TTAGGG
Phum-OR502AA_010	2470000	0	0	TTAGGG
Phum-OR502AA_010	2480000	1	1	TTAGGG
Phum-OR502AA_010	2490000	0	0	TTAGGG
Phum-OR502AA_010	2500000	1	0	TTAGGG
Phum-OR502AA_010	2510000	0	0	TTAGGG
Phum-OR502AA_010	2520000	1	1	TTAGGG
Phum-OR502AA_010	2530000	1	0	TTAGGG
Phum-OR502AA_010	2540000	3	0	TTAGGG
Phum-OR502AA_010	2550000	0	1	TTAGGG
Phum-OR502AA_010	2560000	1	0	TTAGGG
Phum-OR502AA_010	2570000	0	1	TTAGGG
Phum-OR502AA_010	2580000	0	0	TTAGGG
Phum-OR502AA_010	2590000	1	0	TTAGGG
Phum-OR502AA_010	2600000	2	0	TTAGGG
Phum-OR502AA_010	2610000	1	1	TTAGGG
Phum-OR502AA_010	2620000	3	1	TTAGGG
Phum-OR502AA_010	2630000	0	0	TTAGGG
Phum-OR502AA_010	2640000	0	0	TTAGGG
Phum-OR502AA_010	2650000	0	2	TTAGGG
Phum-OR502AA_010	2660000	0	1	TTAGGG
Phum-OR502AA_010	2670000	0	0	TTAGGG
Phum-OR502AA_010	2680000	1	1	TTAGGG
Phum-OR502AA_010	2690000	0	0	TTAGGG
Phum-OR502AA_010	2700000	1	2	TTAGGG
Phum-OR502AA_010	2710000	1	0	TTAGGG
Phum-OR502AA_010	2720000	0	0	TTAGGG
Phum-OR502AA_010	2730000	0	0	TTAGGG
Phum-OR502AA_010	2740000	1	1	TTAGGG
Phum-OR502AA_010	2750000	1	0	TTAGGG
Phum-OR502AA_010	2760000	1	2	TTAGGG
Phum-OR502AA_010	2770000	0	0	TTAGGG
Phum-OR502AA_010	2780000	0	0	TTAGGG
Phum-OR502AA_010	2790000	0	0	TTAGGG
Phum-OR502AA_010	2800000	0	0	TTAGGG
Phum-OR502AA_010	2803679	0	0	TTAGGG
Phum-OR502AA_011	10000	0	55	TTAGGG
Phum-OR502AA_011	20000	0	1	TTAGGG
Phum-OR502AA_011	30000	0	0	TTAGGG
Phum-OR502AA_011	40000	0	0	TTAGGG
Phum-OR502AA_011	50000	0	0	TTAGGG
Phum-OR502AA_011	60000	2	1	TTAGGG
Phum-OR502AA_011	70000	0	1	TTAGGG
Phum-OR502AA_011	80000	0	0	TTAGGG
Phum-OR502AA_011	90000	0	0	TTAGGG
Phum-OR502AA_011	100000	0	0	TTAGGG
Phum-OR502AA_011	110000	0	0	TTAGGG
Phum-OR502AA_011	120000	0	0	TTAGGG
Phum-OR502AA_011	130000	1	0	TTAGGG
Phum-OR502AA_011	140000	0	1	TTAGGG
Phum-OR502AA_011	150000	0	1	TTAGGG
Phum-OR502AA_011	160000	2	0	TTAGGG
Phum-OR502AA_011	170000	0	0	TTAGGG
Phum-OR502AA_011	180000	1	2	TTAGGG
Phum-OR502AA_011	190000	1	1	TTAGGG
Phum-OR502AA_011	200000	0	0	TTAGGG
Phum-OR502AA_011	210000	0	0	TTAGGG
Phum-OR502AA_011	220000	1	2	TTAGGG
Phum-OR502AA_011	230000	0	0	TTAGGG
Phum-OR502AA_011	240000	0	0	TTAGGG
Phum-OR502AA_011	250000	0	1	TTAGGG
Phum-OR502AA_011	260000	0	0	TTAGGG
Phum-OR502AA_011	270000	1	1	TTAGGG
Phum-OR502AA_011	280000	2	1	TTAGGG
Phum-OR502AA_011	290000	0	0	TTAGGG
Phum-OR502AA_011	300000	0	0	TTAGGG
Phum-OR502AA_011	310000	0	1	TTAGGG
Phum-OR502AA_011	320000	0	0	TTAGGG
Phum-OR502AA_011	330000	0	0	TTAGGG
Phum-OR502AA_011	340000	0	1	TTAGGG
Phum-OR502AA_011	350000	0	0	TTAGGG
Phum-OR502AA_011	360000	0	0	TTAGGG
Phum-OR502AA_011	370000	0	0	TTAGGG
Phum-OR502AA_011	380000	0	0	TTAGGG
Phum-OR502AA_011	390000	0	0	TTAGGG
Phum-OR502AA_011	400000	0	0	TTAGGG
Phum-OR502AA_011	410000	1	3	TTAGGG
Phum-OR502AA_011	420000	1	0	TTAGGG
Phum-OR502AA_011	430000	0	0	TTAGGG
Phum-OR502AA_011	440000	0	1	TTAGGG
Phum-OR502AA_011	450000	1	1	TTAGGG
Phum-OR502AA_011	460000	1	0	TTAGGG
Phum-OR502AA_011	470000	1	0	TTAGGG
Phum-OR502AA_011	480000	1	1	TTAGGG
Phum-OR502AA_011	490000	1	1	TTAGGG
Phum-OR502AA_011	500000	0	0	TTAGGG
Phum-OR502AA_011	510000	0	0	TTAGGG
Phum-OR502AA_011	520000	0	0	TTAGGG
Phum-OR502AA_011	530000	0	0	TTAGGG
Phum-OR502AA_011	540000	0	0	TTAGGG
Phum-OR502AA_011	550000	0	0	TTAGGG
Phum-OR502AA_011	560000	0	0	TTAGGG
Phum-OR502AA_011	570000	0	0	TTAGGG
Phum-OR502AA_011	580000	0	0	TTAGGG
Phum-OR502AA_011	590000	0	0	TTAGGG
Phum-OR502AA_011	600000	0	0	TTAGGG
Phum-OR502AA_011	610000	0	0	TTAGGG
Phum-OR502AA_011	620000	0	0	TTAGGG
Phum-OR502AA_011	630000	0	0	TTAGGG
Phum-OR502AA_011	640000	2	1	TTAGGG
Phum-OR502AA_011	650000	3	1	TTAGGG
Phum-OR502AA_011	660000	0	0	TTAGGG
Phum-OR502AA_011	670000	0	1	TTAGGG
Phum-OR502AA_011	680000	0	1	TTAGGG
Phum-OR502AA_011	690000	1	0	TTAGGG
Phum-OR502AA_011	700000	3	3	TTAGGG
Phum-OR502AA_011	710000	0	1	TTAGGG
Phum-OR502AA_011	720000	0	0	TTAGGG
Phum-OR502AA_011	730000	0	0	TTAGGG
Phum-OR502AA_011	740000	1	0	TTAGGG
Phum-OR502AA_011	750000	0	0	TTAGGG
Phum-OR502AA_011	760000	1	3	TTAGGG
Phum-OR502AA_011	770000	0	0	TTAGGG
Phum-OR502AA_011	780000	0	0	TTAGGG
Phum-OR502AA_011	790000	1	0	TTAGGG
Phum-OR502AA_011	800000	0	3	TTAGGG
Phum-OR502AA_011	810000	0	0	TTAGGG
Phum-OR502AA_011	820000	0	0	TTAGGG
Phum-OR502AA_011	830000	0	0	TTAGGG
Phum-OR502AA_011	840000	0	0	TTAGGG
Phum-OR502AA_011	850000	2	0	TTAGGG
Phum-OR502AA_011	860000	0	0	TTAGGG
Phum-OR502AA_011	870000	0	0	TTAGGG
Phum-OR502AA_011	880000	0	0	TTAGGG
Phum-OR502AA_011	890000	0	0	TTAGGG
Phum-OR502AA_011	900000	0	0	TTAGGG
Phum-OR502AA_011	910000	0	1	TTAGGG
Phum-OR502AA_011	920000	0	1	TTAGGG
Phum-OR502AA_011	930000	0	0	TTAGGG
Phum-OR502AA_011	940000	0	1	TTAGGG
Phum-OR502AA_011	950000	0	0	TTAGGG
Phum-OR502AA_011	960000	0	0	TTAGGG
Phum-OR502AA_011	970000	0	1	TTAGGG
Phum-OR502AA_011	980000	0	0	TTAGGG
Phum-OR502AA_011	990000	0	1	TTAGGG
Phum-OR502AA_011	1000000	1	0	TTAGGG
Phum-OR502AA_011	1010000	0	0	TTAGGG
Phum-OR502AA_011	1020000	0	0	TTAGGG
Phum-OR502AA_011	1030000	0	0	TTAGGG
Phum-OR502AA_011	1040000	0	0	TTAGGG
Phum-OR502AA_011	1050000	0	0	TTAGGG
Phum-OR502AA_011	1060000	0	0	TTAGGG
Phum-OR502AA_011	1070000	0	0	TTAGGG
Phum-OR502AA_011	1080000	0	0	TTAGGG
Phum-OR502AA_011	1090000	0	0	TTAGGG
Phum-OR502AA_011	1100000	0	0	TTAGGG
Phum-OR502AA_011	1110000	0	0	TTAGGG
Phum-OR502AA_011	1120000	0	0	TTAGGG
Phum-OR502AA_011	1130000	0	0	TTAGGG
Phum-OR502AA_011	1140000	0	0	TTAGGG
Phum-OR502AA_011	1150000	0	0	TTAGGG
Phum-OR502AA_011	1160000	0	0	TTAGGG
Phum-OR502AA_011	1170000	0	0	TTAGGG
Phum-OR502AA_011	1180000	0	0	TTAGGG
Phum-OR502AA_011	1190000	0	0	TTAGGG
Phum-OR502AA_011	1200000	0	0	TTAGGG
Phum-OR502AA_011	1210000	0	0	TTAGGG
Phum-OR502AA_011	1220000	0	0	TTAGGG
Phum-OR502AA_011	1230000	0	0	TTAGGG
Phum-OR502AA_011	1240000	0	0	TTAGGG
Phum-OR502AA_011	1250000	0	0	TTAGGG
Phum-OR502AA_011	1260000	0	0	TTAGGG
Phum-OR502AA_011	1270000	0	0	TTAGGG
Phum-OR502AA_011	1280000	0	0	TTAGGG
Phum-OR502AA_011	1290000	0	0	TTAGGG
Phum-OR502AA_011	1300000	0	0	TTAGGG
Phum-OR502AA_011	1310000	0	0	TTAGGG
Phum-OR502AA_011	1320000	0	0	TTAGGG
Phum-OR502AA_011	1330000	0	0	TTAGGG
Phum-OR502AA_011	1340000	0	0	TTAGGG
Phum-OR502AA_011	1350000	0	0	TTAGGG
Phum-OR502AA_011	1360000	0	0	TTAGGG
Phum-OR502AA_011	1370000	0	0	TTAGGG
Phum-OR502AA_011	1380000	0	0	TTAGGG
Phum-OR502AA_011	1390000	0	0	TTAGGG
Phum-OR502AA_011	1400000	0	0	TTAGGG
Phum-OR502AA_011	1410000	0	0	TTAGGG
Phum-OR502AA_011	1420000	0	0	TTAGGG
Phum-OR502AA_011	1430000	0	1	TTAGGG
Phum-OR502AA_011	1440000	0	0	TTAGGG
Phum-OR502AA_011	1450000	1	0	TTAGGG
Phum-OR502AA_011	1460000	0	1	TTAGGG
Phum-OR502AA_011	1470000	0	0	TTAGGG
Phum-OR502AA_011	1480000	0	0	TTAGGG
Phum-OR502AA_011	1490000	0	0	TTAGGG
Phum-OR502AA_011	1500000	0	0	TTAGGG
Phum-OR502AA_011	1510000	0	0	TTAGGG
Phum-OR502AA_011	1520000	0	0	TTAGGG
Phum-OR502AA_011	1530000	0	0	TTAGGG
Phum-OR502AA_011	1540000	0	1	TTAGGG
Phum-OR502AA_011	1550000	0	1	TTAGGG
Phum-OR502AA_011	1560000	0	0	TTAGGG
Phum-OR502AA_011	1570000	0	0	TTAGGG
Phum-OR502AA_011	1580000	0	0	TTAGGG
Phum-OR502AA_011	1590000	1	0	TTAGGG
Phum-OR502AA_011	1600000	1	0	TTAGGG
Phum-OR502AA_011	1610000	0	1	TTAGGG
Phum-OR502AA_011	1620000	1	0	TTAGGG
Phum-OR502AA_011	1630000	0	1	TTAGGG
Phum-OR502AA_011	1640000	0	0	TTAGGG
Phum-OR502AA_011	1650000	0	1	TTAGGG
Phum-OR502AA_011	1660000	0	0	TTAGGG
Phum-OR502AA_011	1670000	0	0	TTAGGG
Phum-OR502AA_011	1680000	0	0	TTAGGG
Phum-OR502AA_011	1690000	0	0	TTAGGG
Phum-OR502AA_011	1700000	0	0	TTAGGG
Phum-OR502AA_011	1710000	0	0	TTAGGG
Phum-OR502AA_011	1720000	0	0	TTAGGG
Phum-OR502AA_011	1730000	0	0	TTAGGG
Phum-OR502AA_011	1740000	0	0	TTAGGG
Phum-OR502AA_011	1750000	0	0	TTAGGG
Phum-OR502AA_011	1760000	0	0	TTAGGG
Phum-OR502AA_011	1770000	0	0	TTAGGG
Phum-OR502AA_011	1780000	0	0	TTAGGG
Phum-OR502AA_011	1790000	0	0	TTAGGG
Phum-OR502AA_011	1800000	0	0	TTAGGG
Phum-OR502AA_011	1810000	0	0	TTAGGG
Phum-OR502AA_011	1820000	0	0	TTAGGG
Phum-OR502AA_011	1830000	0	0	TTAGGG
Phum-OR502AA_011	1840000	0	0	TTAGGG
Phum-OR502AA_011	1850000	0	0	TTAGGG
Phum-OR502AA_011	1860000	0	0	TTAGGG
Phum-OR502AA_011	1870000	0	0	TTAGGG
Phum-OR502AA_011	1880000	0	0	TTAGGG
Phum-OR502AA_011	1890000	0	1	TTAGGG
Phum-OR502AA_011	1900000	0	1	TTAGGG
Phum-OR502AA_011	1910000	2	0	TTAGGG
Phum-OR502AA_011	1920000	0	1	TTAGGG
Phum-OR502AA_011	1930000	1	0	TTAGGG
Phum-OR502AA_011	1940000	0	0	TTAGGG
Phum-OR502AA_011	1950000	0	1	TTAGGG
Phum-OR502AA_011	1960000	0	1	TTAGGG
Phum-OR502AA_011	1970000	1	1	TTAGGG
Phum-OR502AA_011	1980000	0	0	TTAGGG
Phum-OR502AA_011	1990000	0	0	TTAGGG
Phum-OR502AA_011	2000000	1	0	TTAGGG
Phum-OR502AA_011	2010000	0	2	TTAGGG
Phum-OR502AA_011	2020000	0	0	TTAGGG
Phum-OR502AA_011	2030000	0	0	TTAGGG
Phum-OR502AA_011	2040000	0	0	TTAGGG
Phum-OR502AA_011	2050000	0	0	TTAGGG
Phum-OR502AA_011	2060000	0	0	TTAGGG
Phum-OR502AA_011	2070000	0	0	TTAGGG
Phum-OR502AA_011	2080000	1	1	TTAGGG
Phum-OR502AA_011	2090000	0	1	TTAGGG
Phum-OR502AA_011	2100000	0	0	TTAGGG
Phum-OR502AA_011	2110000	0	0	TTAGGG
Phum-OR502AA_011	2120000	1	1	TTAGGG
Phum-OR502AA_011	2130000	0	0	TTAGGG
Phum-OR502AA_011	2140000	0	0	TTAGGG
Phum-OR502AA_011	2150000	0	1	TTAGGG
Phum-OR502AA_011	2160000	1	1	TTAGGG
Phum-OR502AA_011	2170000	0	0	TTAGGG
Phum-OR502AA_011	2180000	0	0	TTAGGG
Phum-OR502AA_011	2190000	0	0	TTAGGG
Phum-OR502AA_011	2200000	0	0	TTAGGG
Phum-OR502AA_011	2210000	0	0	TTAGGG
Phum-OR502AA_011	2220000	0	0	TTAGGG
Phum-OR502AA_011	2230000	1	0	TTAGGG
Phum-OR502AA_011	2240000	0	1	TTAGGG
Phum-OR502AA_011	2250000	0	1	TTAGGG
Phum-OR502AA_011	2260000	1	0	TTAGGG
Phum-OR502AA_011	2270000	0	0	TTAGGG
Phum-OR502AA_011	2280000	2	0	TTAGGG
Phum-OR502AA_011	2290000	1	0	TTAGGG
Phum-OR502AA_011	2300000	0	0	TTAGGG
Phum-OR502AA_011	2310000	0	1	TTAGGG
Phum-OR502AA_011	2320000	0	1	TTAGGG
Phum-OR502AA_011	2330000	0	0	TTAGGG
Phum-OR502AA_011	2340000	0	1	TTAGGG
Phum-OR502AA_011	2350000	0	0	TTAGGG
Phum-OR502AA_011	2360000	0	1	TTAGGG
Phum-OR502AA_011	2370000	1	0	TTAGGG
Phum-OR502AA_011	2380000	0	1	TTAGGG
Phum-OR502AA_011	2390000	0	1	TTAGGG
Phum-OR502AA_011	2400000	0	0	TTAGGG
Phum-OR502AA_011	2410000	0	1	TTAGGG
Phum-OR502AA_011	2420000	0	1	TTAGGG
Phum-OR502AA_011	2430000	0	0	TTAGGG
Phum-OR502AA_011	2440000	0	0	TTAGGG
Phum-OR502AA_011	2450000	0	0	TTAGGG
Phum-OR502AA_011	2460000	0	0	TTAGGG
Phum-OR502AA_011	2470000	0	0	TTAGGG
Phum-OR502AA_011	2480000	0	0	TTAGGG
Phum-OR502AA_011	2490000	0	0	TTAGGG
Phum-OR502AA_011	2500000	0	0	TTAGGG
Phum-OR502AA_011	2510000	0	0	TTAGGG
Phum-OR502AA_011	2520000	0	1	TTAGGG
Phum-OR502AA_011	2530000	0	1	TTAGGG
Phum-OR502AA_011	2540000	1	1	TTAGGG
Phum-OR502AA_011	2550000	1	0	TTAGGG
Phum-OR502AA_011	2560000	0	0	TTAGGG
Phum-OR502AA_011	2570000	1	2	TTAGGG
Phum-OR502AA_011	2580000	0	0	TTAGGG
Phum-OR502AA_011	2590000	2	1	TTAGGG
Phum-OR502AA_011	2600000	2	2	TTAGGG
Phum-OR502AA_011	2610000	2	2	TTAGGG
Phum-OR502AA_011	2620000	0	0	TTAGGG
Phum-OR502AA_011	2630000	1	2	TTAGGG
Phum-OR502AA_011	2640000	0	0	TTAGGG
Phum-OR502AA_011	2650000	0	0	TTAGGG
Phum-OR502AA_011	2660000	0	0	TTAGGG
Phum-OR502AA_011	2670000	0	0	TTAGGG
Phum-OR502AA_011	2680000	0	0	TTAGGG
Phum-OR502AA_011	2690000	0	0	TTAGGG
Phum-OR502AA_011	2700000	0	0	TTAGGG
Phum-OR502AA_011	2710000	0	0	TTAGGG
Phum-OR502AA_011	2720000	0	0	TTAGGG
Phum-OR502AA_011	2730000	0	0	TTAGGG
Phum-OR502AA_011	2740000	0	0	TTAGGG
Phum-OR502AA_011	2750000	0	0	TTAGGG
Phum-OR502AA_011	2760000	0	0	TTAGGG
Phum-OR502AA_011	2767364	53	0	TTAGGG
Phum-OR502AA_012	10000	0	0	TTAGGG
Phum-OR502AA_012	20000	0	0	TTAGGG
Phum-OR502AA_012	30000	0	0	TTAGGG
Phum-OR502AA_012	40000	2	1	TTAGGG
Phum-OR502AA_012	50000	1	0	TTAGGG
Phum-OR502AA_012	60000	0	0	TTAGGG
Phum-OR502AA_012	70000	0	0	TTAGGG
Phum-OR502AA_012	80000	1	0	TTAGGG
Phum-OR502AA_012	90000	2	1	TTAGGG
Phum-OR502AA_012	100000	0	0	TTAGGG
Phum-OR502AA_012	110000	0	0	TTAGGG
Phum-OR502AA_012	120000	0	0	TTAGGG
Phum-OR502AA_012	130000	0	0	TTAGGG
Phum-OR502AA_012	140000	0	0	TTAGGG
Phum-OR502AA_012	150000	0	1	TTAGGG
Phum-OR502AA_012	160000	0	0	TTAGGG
Phum-OR502AA_012	170000	2	0	TTAGGG
Phum-OR502AA_012	180000	1	2	TTAGGG
Phum-OR502AA_012	190000	0	0	TTAGGG
Phum-OR502AA_012	200000	3	2	TTAGGG
Phum-OR502AA_012	210000	0	0	TTAGGG
Phum-OR502AA_012	220000	0	0	TTAGGG
Phum-OR502AA_012	230000	0	0	TTAGGG
Phum-OR502AA_012	240000	1	0	TTAGGG
Phum-OR502AA_012	250000	1	0	TTAGGG
Phum-OR502AA_012	260000	0	0	TTAGGG
Phum-OR502AA_012	270000	1	1	TTAGGG
Phum-OR502AA_012	280000	0	0	TTAGGG
Phum-OR502AA_012	290000	0	0	TTAGGG
Phum-OR502AA_012	300000	0	0	TTAGGG
Phum-OR502AA_012	310000	0	0	TTAGGG
Phum-OR502AA_012	320000	0	0	TTAGGG
Phum-OR502AA_012	330000	2	0	TTAGGG
Phum-OR502AA_012	340000	0	0	TTAGGG
Phum-OR502AA_012	350000	0	2	TTAGGG
Phum-OR502AA_012	360000	0	0	TTAGGG
Phum-OR502AA_012	370000	0	0	TTAGGG
Phum-OR502AA_012	380000	0	0	TTAGGG
Phum-OR502AA_012	390000	0	0	TTAGGG
Phum-OR502AA_012	400000	0	0	TTAGGG
Phum-OR502AA_012	410000	0	0	TTAGGG
Phum-OR502AA_012	420000	1	1	TTAGGG
Phum-OR502AA_012	430000	0	0	TTAGGG
Phum-OR502AA_012	440000	0	2	TTAGGG
Phum-OR502AA_012	450000	0	1	TTAGGG
Phum-OR502AA_012	460000	0	1	TTAGGG
Phum-OR502AA_012	470000	1	0	TTAGGG
Phum-OR502AA_012	480000	3	1	TTAGGG
Phum-OR502AA_012	490000	0	1	TTAGGG
Phum-OR502AA_012	500000	1	1	TTAGGG
Phum-OR502AA_012	510000	0	0	TTAGGG
Phum-OR502AA_012	520000	1	1	TTAGGG
Phum-OR502AA_012	530000	0	0	TTAGGG
Phum-OR502AA_012	540000	0	0	TTAGGG
Phum-OR502AA_012	550000	0	1	TTAGGG
Phum-OR502AA_012	560000	1	0	TTAGGG
Phum-OR502AA_012	570000	0	1	TTAGGG
Phum-OR502AA_012	580000	1	0	TTAGGG
Phum-OR502AA_012	590000	0	0	TTAGGG
Phum-OR502AA_012	600000	0	0	TTAGGG
Phum-OR502AA_012	610000	0	1	TTAGGG
Phum-OR502AA_012	620000	0	1	TTAGGG
Phum-OR502AA_012	630000	0	0	TTAGGG
Phum-OR502AA_012	640000	0	0	TTAGGG
Phum-OR502AA_012	650000	0	0	TTAGGG
Phum-OR502AA_012	660000	0	0	TTAGGG
Phum-OR502AA_012	670000	0	0	TTAGGG
Phum-OR502AA_012	680000	0	0	TTAGGG
Phum-OR502AA_012	690000	0	0	TTAGGG
Phum-OR502AA_012	700000	0	0	TTAGGG
Phum-OR502AA_012	710000	0	0	TTAGGG
Phum-OR502AA_012	720000	0	0	TTAGGG
Phum-OR502AA_012	730000	0	0	TTAGGG
Phum-OR502AA_012	740000	0	0	TTAGGG
Phum-OR502AA_012	750000	0	0	TTAGGG
Phum-OR502AA_012	760000	0	2	TTAGGG
Phum-OR502AA_012	770000	0	0	TTAGGG
Phum-OR502AA_012	780000	0	0	TTAGGG
Phum-OR502AA_012	790000	0	0	TTAGGG
Phum-OR502AA_012	800000	0	0	TTAGGG
Phum-OR502AA_012	810000	0	0	TTAGGG
Phum-OR502AA_012	820000	0	0	TTAGGG
Phum-OR502AA_012	830000	0	0	TTAGGG
Phum-OR502AA_012	840000	0	0	TTAGGG
Phum-OR502AA_012	850000	0	0	TTAGGG
Phum-OR502AA_012	860000	0	0	TTAGGG
Phum-OR502AA_012	870000	0	0	TTAGGG
Phum-OR502AA_012	880000	0	0	TTAGGG
Phum-OR502AA_012	890000	0	0	TTAGGG
Phum-OR502AA_012	900000	0	0	TTAGGG
Phum-OR502AA_012	910000	0	0	TTAGGG
Phum-OR502AA_012	920000	0	0	TTAGGG
Phum-OR502AA_012	930000	0	0	TTAGGG
Phum-OR502AA_012	940000	0	0	TTAGGG
Phum-OR502AA_012	950000	0	0	TTAGGG
Phum-OR502AA_012	960000	0	0	TTAGGG
Phum-OR502AA_012	970000	0	0	TTAGGG
Phum-OR502AA_012	980000	0	0	TTAGGG
Phum-OR502AA_012	990000	0	1	TTAGGG
Phum-OR502AA_012	1000000	0	0	TTAGGG
Phum-OR502AA_012	1010000	0	0	TTAGGG
Phum-OR502AA_012	1020000	0	1	TTAGGG
Phum-OR502AA_012	1030000	1	0	TTAGGG
Phum-OR502AA_012	1040000	1	0	TTAGGG
Phum-OR502AA_012	1050000	0	0	TTAGGG
Phum-OR502AA_012	1060000	0	1	TTAGGG
Phum-OR502AA_012	1070000	0	0	TTAGGG
Phum-OR502AA_012	1080000	0	0	TTAGGG
Phum-OR502AA_012	1090000	1	0	TTAGGG
Phum-OR502AA_012	1100000	1	2	TTAGGG
Phum-OR502AA_012	1110000	0	0	TTAGGG
Phum-OR502AA_012	1120000	1	0	TTAGGG
Phum-OR502AA_012	1130000	0	1	TTAGGG
Phum-OR502AA_012	1140000	0	2	TTAGGG
Phum-OR502AA_012	1150000	0	1	TTAGGG
Phum-OR502AA_012	1160000	1	0	TTAGGG
Phum-OR502AA_012	1170000	0	0	TTAGGG
Phum-OR502AA_012	1180000	1	1	TTAGGG
Phum-OR502AA_012	1190000	0	0	TTAGGG
Phum-OR502AA_012	1200000	1	1	TTAGGG
Phum-OR502AA_012	1210000	0	0	TTAGGG
Phum-OR502AA_012	1220000	1	0	TTAGGG
Phum-OR502AA_012	1230000	0	0	TTAGGG
Phum-OR502AA_012	1240000	0	0	TTAGGG
Phum-OR502AA_012	1250000	1	2	TTAGGG
Phum-OR502AA_012	1260000	0	0	TTAGGG
Phum-OR502AA_012	1270000	0	1	TTAGGG
Phum-OR502AA_012	1280000	0	0	TTAGGG
Phum-OR502AA_012	1290000	2	0	TTAGGG
Phum-OR502AA_012	1300000	0	0	TTAGGG
Phum-OR502AA_012	1310000	0	0	TTAGGG
Phum-OR502AA_012	1320000	2	1	TTAGGG
Phum-OR502AA_012	1330000	2	1	TTAGGG
Phum-OR502AA_012	1340000	1	1	TTAGGG
Phum-OR502AA_012	1350000	1	0	TTAGGG
Phum-OR502AA_012	1360000	0	0	TTAGGG
Phum-OR502AA_012	1370000	0	2	TTAGGG
Phum-OR502AA_012	1380000	0	1	TTAGGG
Phum-OR502AA_012	1390000	0	0	TTAGGG
Phum-OR502AA_012	1400000	0	0	TTAGGG
Phum-OR502AA_012	1410000	0	0	TTAGGG
Phum-OR502AA_012	1420000	0	0	TTAGGG
Phum-OR502AA_012	1430000	0	0	TTAGGG
Phum-OR502AA_012	1440000	0	1	TTAGGG
Phum-OR502AA_012	1450000	0	0	TTAGGG
Phum-OR502AA_012	1460000	0	1	TTAGGG
Phum-OR502AA_012	1470000	0	4	TTAGGG
Phum-OR502AA_012	1480000	0	3	TTAGGG
Phum-OR502AA_012	1490000	0	5	TTAGGG
Phum-OR502AA_012	1500000	0	2	TTAGGG
Phum-OR502AA_012	1510000	0	4	TTAGGG
Phum-OR502AA_012	1520000	0	3	TTAGGG
Phum-OR502AA_012	1530000	3	0	TTAGGG
Phum-OR502AA_012	1540000	2	0	TTAGGG
Phum-OR502AA_012	1550000	1	0	TTAGGG
Phum-OR502AA_012	1560000	2	0	TTAGGG
Phum-OR502AA_012	1570000	2	0	TTAGGG
Phum-OR502AA_012	1580000	2	0	TTAGGG
Phum-OR502AA_012	1590000	1	1	TTAGGG
Phum-OR502AA_012	1600000	0	2	TTAGGG
Phum-OR502AA_012	1610000	0	0	TTAGGG
Phum-OR502AA_012	1620000	0	0	TTAGGG
Phum-OR502AA_012	1630000	0	0	TTAGGG
Phum-OR502AA_012	1640000	0	1	TTAGGG
Phum-OR502AA_012	1650000	1	0	TTAGGG
Phum-OR502AA_012	1660000	1	0	TTAGGG
Phum-OR502AA_012	1670000	1	0	TTAGGG
Phum-OR502AA_012	1680000	0	0	TTAGGG
Phum-OR502AA_012	1690000	0	0	TTAGGG
Phum-OR502AA_012	1700000	1	2	TTAGGG
Phum-OR502AA_012	1710000	0	0	TTAGGG
Phum-OR502AA_012	1720000	0	0	TTAGGG
Phum-OR502AA_012	1730000	1	0	TTAGGG
Phum-OR502AA_012	1740000	0	0	TTAGGG
Phum-OR502AA_012	1750000	0	3	TTAGGG
Phum-OR502AA_012	1760000	0	0	TTAGGG
Phum-OR502AA_012	1770000	0	0	TTAGGG
Phum-OR502AA_012	1780000	0	0	TTAGGG
Phum-OR502AA_012	1790000	0	0	TTAGGG
Phum-OR502AA_012	1800000	1	0	TTAGGG
Phum-OR502AA_012	1810000	1	0	TTAGGG
Phum-OR502AA_012	1820000	0	0	TTAGGG
Phum-OR502AA_012	1830000	0	0	TTAGGG
Phum-OR502AA_012	1840000	0	0	TTAGGG
Phum-OR502AA_012	1850000	0	0	TTAGGG
Phum-OR502AA_012	1860000	0	0	TTAGGG
Phum-OR502AA_012	1870000	0	0	TTAGGG
Phum-OR502AA_012	1880000	0	0	TTAGGG
Phum-OR502AA_012	1890000	0	0	TTAGGG
Phum-OR502AA_012	1900000	0	0	TTAGGG
Phum-OR502AA_012	1910000	0	0	TTAGGG
Phum-OR502AA_012	1920000	0	0	TTAGGG
Phum-OR502AA_012	1930000	0	0	TTAGGG
Phum-OR502AA_012	1940000	0	0	TTAGGG
Phum-OR502AA_012	1950000	0	0	TTAGGG
Phum-OR502AA_012	1960000	0	0	TTAGGG
Phum-OR502AA_012	1970000	0	0	TTAGGG
Phum-OR502AA_012	1980000	0	0	TTAGGG
Phum-OR502AA_012	1990000	0	0	TTAGGG
Phum-OR502AA_012	2000000	0	0	TTAGGG
Phum-OR502AA_012	2010000	0	0	TTAGGG
Phum-OR502AA_012	2020000	0	0	TTAGGG
Phum-OR502AA_012	2030000	0	0	TTAGGG
Phum-OR502AA_012	2040000	0	0	TTAGGG
Phum-OR502AA_012	2050000	0	0	TTAGGG
Phum-OR502AA_012	2060000	0	0	TTAGGG
Phum-OR502AA_012	2070000	0	0	TTAGGG
Phum-OR502AA_012	2080000	0	0	TTAGGG
Phum-OR502AA_012	2090000	0	0	TTAGGG
Phum-OR502AA_012	2100000	0	0	TTAGGG
Phum-OR502AA_012	2110000	0	0	TTAGGG
Phum-OR502AA_012	2120000	0	0	TTAGGG
Phum-OR502AA_012	2130000	0	0	TTAGGG
Phum-OR502AA_012	2140000	0	0	TTAGGG
Phum-OR502AA_012	2150000	0	0	TTAGGG
Phum-OR502AA_012	2160000	0	0	TTAGGG
Phum-OR502AA_012	2170000	0	0	TTAGGG
Phum-OR502AA_012	2180000	0	0	TTAGGG
Phum-OR502AA_012	2190000	0	0	TTAGGG
Phum-OR502AA_012	2200000	0	0	TTAGGG
Phum-OR502AA_012	2210000	0	0	TTAGGG
Phum-OR502AA_012	2220000	0	0	TTAGGG
Phum-OR502AA_012	2230000	0	0	TTAGGG
Phum-OR502AA_012	2240000	0	0	TTAGGG
Phum-OR502AA_012	2250000	0	0	TTAGGG
Phum-OR502AA_012	2260000	0	0	TTAGGG
Phum-OR502AA_012	2270000	0	0	TTAGGG
Phum-OR502AA_012	2280000	0	0	TTAGGG
Phum-OR502AA_012	2290000	0	0	TTAGGG
Phum-OR502AA_012	2300000	0	0	TTAGGG
Phum-OR502AA_012	2310000	0	0	TTAGGG
Phum-OR502AA_012	2320000	0	0	TTAGGG
Phum-OR502AA_012	2330000	0	0	TTAGGG
Phum-OR502AA_012	2340000	0	0	TTAGGG
Phum-OR502AA_012	2350000	0	0	TTAGGG
Phum-OR502AA_012	2360000	0	0	TTAGGG
Phum-OR502AA_012	2370000	0	0	TTAGGG
Phum-OR502AA_012	2380000	0	0	TTAGGG
Phum-OR502AA_012	2390000	0	0	TTAGGG
Phum-OR502AA_012	2400000	0	0	TTAGGG
Phum-OR502AA_012	2410000	0	0	TTAGGG
Phum-OR502AA_012	2420000	0	0	TTAGGG
Phum-OR502AA_012	2430000	0	0	TTAGGG
Phum-OR502AA_012	2440000	0	0	TTAGGG
Phum-OR502AA_012	2450000	0	0	TTAGGG
Phum-OR502AA_012	2460000	0	0	TTAGGG
Phum-OR502AA_012	2470000	0	0	TTAGGG
Phum-OR502AA_012	2480000	1	2	TTAGGG
Phum-OR502AA_012	2490000	1	1	TTAGGG
Phum-OR502AA_012	2500000	1	0	TTAGGG
Phum-OR502AA_012	2510000	0	0	TTAGGG
Phum-OR502AA_012	2520000	0	0	TTAGGG
Phum-OR502AA_012	2530000	0	1	TTAGGG
Phum-OR502AA_012	2540000	0	1	TTAGGG
Phum-OR502AA_012	2550000	1	0	TTAGGG
Phum-OR502AA_012	2560000	0	0	TTAGGG
Phum-OR502AA_012	2570000	0	0	TTAGGG
Phum-OR502AA_012	2580000	1	1	TTAGGG
Phum-OR502AA_012	2590000	0	0	TTAGGG
Phum-OR502AA_012	2600000	0	1	TTAGGG
Phum-OR502AA_012	2610000	0	0	TTAGGG
Phum-OR502AA_012	2620000	0	0	TTAGGG
Phum-OR502AA_012	2630000	0	0	TTAGGG
Phum-OR502AA_012	2640000	0	0	TTAGGG
Phum-OR502AA_012	2650000	0	0	TTAGGG
Phum-OR502AA_012	2660000	0	0	TTAGGG
Phum-OR502AA_012	2670000	0	0	TTAGGG
Phum-OR502AA_012	2680000	0	0	TTAGGG
Phum-OR502AA_012	2690000	0	1	TTAGGG
Phum-OR502AA_012	2700000	0	1	TTAGGG
Phum-OR502AA_012	2710000	1	0	TTAGGG
Phum-OR502AA_012	2720000	0	0	TTAGGG
Phum-OR502AA_012	2730000	1	0	TTAGGG
Phum-OR502AA_012	2740000	0	0	TTAGGG
Phum-OR502AA_012	2746354	55	1	TTAGGG
Phum-OR502AA_013	10000	0	47	TTAGGG
Phum-OR502AA_013	20000	2	0	TTAGGG
Phum-OR502AA_013	30000	1	1	TTAGGG
Phum-OR502AA_013	40000	0	0	TTAGGG
Phum-OR502AA_013	50000	0	0	TTAGGG
Phum-OR502AA_013	60000	0	0	TTAGGG
Phum-OR502AA_013	70000	1	1	TTAGGG
Phum-OR502AA_013	80000	0	0	TTAGGG
Phum-OR502AA_013	90000	0	1	TTAGGG
Phum-OR502AA_013	100000	0	2	TTAGGG
Phum-OR502AA_013	110000	0	0	TTAGGG
Phum-OR502AA_013	120000	0	0	TTAGGG
Phum-OR502AA_013	130000	1	0	TTAGGG
Phum-OR502AA_013	140000	2	2	TTAGGG
Phum-OR502AA_013	150000	0	0	TTAGGG
Phum-OR502AA_013	160000	0	0	TTAGGG
Phum-OR502AA_013	170000	0	1	TTAGGG
Phum-OR502AA_013	180000	0	0	TTAGGG
Phum-OR502AA_013	190000	0	0	TTAGGG
Phum-OR502AA_013	200000	0	0	TTAGGG
Phum-OR502AA_013	210000	0	1	TTAGGG
Phum-OR502AA_013	220000	0	0	TTAGGG
Phum-OR502AA_013	230000	0	0	TTAGGG
Phum-OR502AA_013	240000	0	0	TTAGGG
Phum-OR502AA_013	250000	0	1	TTAGGG
Phum-OR502AA_013	260000	0	0	TTAGGG
Phum-OR502AA_013	270000	0	0	TTAGGG
Phum-OR502AA_013	280000	0	0	TTAGGG
Phum-OR502AA_013	290000	0	2	TTAGGG
Phum-OR502AA_013	300000	0	0	TTAGGG
Phum-OR502AA_013	310000	0	0	TTAGGG
Phum-OR502AA_013	320000	0	0	TTAGGG
Phum-OR502AA_013	330000	0	0	TTAGGG
Phum-OR502AA_013	340000	0	0	TTAGGG
Phum-OR502AA_013	350000	0	0	TTAGGG
Phum-OR502AA_013	360000	0	0	TTAGGG
Phum-OR502AA_013	370000	0	0	TTAGGG
Phum-OR502AA_013	380000	0	0	TTAGGG
Phum-OR502AA_013	390000	0	0	TTAGGG
Phum-OR502AA_013	400000	0	0	TTAGGG
Phum-OR502AA_013	410000	0	0	TTAGGG
Phum-OR502AA_013	420000	0	0	TTAGGG
Phum-OR502AA_013	430000	0	0	TTAGGG
Phum-OR502AA_013	440000	0	0	TTAGGG
Phum-OR502AA_013	450000	0	0	TTAGGG
Phum-OR502AA_013	460000	0	0	TTAGGG
Phum-OR502AA_013	470000	0	0	TTAGGG
Phum-OR502AA_013	480000	0	0	TTAGGG
Phum-OR502AA_013	490000	0	1	TTAGGG
Phum-OR502AA_013	500000	0	1	TTAGGG
Phum-OR502AA_013	510000	3	0	TTAGGG
Phum-OR502AA_013	520000	0	0	TTAGGG
Phum-OR502AA_013	530000	0	0	TTAGGG
Phum-OR502AA_013	540000	0	1	TTAGGG
Phum-OR502AA_013	550000	0	0	TTAGGG
Phum-OR502AA_013	560000	1	2	TTAGGG
Phum-OR502AA_013	570000	0	1	TTAGGG
Phum-OR502AA_013	580000	0	1	TTAGGG
Phum-OR502AA_013	590000	0	1	TTAGGG
Phum-OR502AA_013	600000	0	2	TTAGGG
Phum-OR502AA_013	610000	0	0	TTAGGG
Phum-OR502AA_013	620000	1	0	TTAGGG
Phum-OR502AA_013	630000	0	0	TTAGGG
Phum-OR502AA_013	640000	0	0	TTAGGG
Phum-OR502AA_013	650000	0	0	TTAGGG
Phum-OR502AA_013	660000	0	1	TTAGGG
Phum-OR502AA_013	670000	0	0	TTAGGG
Phum-OR502AA_013	680000	1	1	TTAGGG
Phum-OR502AA_013	690000	0	0	TTAGGG
Phum-OR502AA_013	700000	0	0	TTAGGG
Phum-OR502AA_013	710000	0	0	TTAGGG
Phum-OR502AA_013	720000	0	0	TTAGGG
Phum-OR502AA_013	730000	0	0	TTAGGG
Phum-OR502AA_013	740000	0	0	TTAGGG
Phum-OR502AA_013	750000	0	0	TTAGGG
Phum-OR502AA_013	760000	0	0	TTAGGG
Phum-OR502AA_013	770000	0	0	TTAGGG
Phum-OR502AA_013	780000	0	0	TTAGGG
Phum-OR502AA_013	790000	0	0	TTAGGG
Phum-OR502AA_013	800000	0	0	TTAGGG
Phum-OR502AA_013	810000	0	0	TTAGGG
Phum-OR502AA_013	820000	0	0	TTAGGG
Phum-OR502AA_013	830000	0	0	TTAGGG
Phum-OR502AA_013	840000	0	0	TTAGGG
Phum-OR502AA_013	850000	0	0	TTAGGG
Phum-OR502AA_013	860000	0	0	TTAGGG
Phum-OR502AA_013	870000	1	0	TTAGGG
Phum-OR502AA_013	880000	0	0	TTAGGG
Phum-OR502AA_013	890000	0	1	TTAGGG
Phum-OR502AA_013	900000	2	0	TTAGGG
Phum-OR502AA_013	910000	0	1	TTAGGG
Phum-OR502AA_013	920000	2	0	TTAGGG
Phum-OR502AA_013	930000	0	0	TTAGGG
Phum-OR502AA_013	940000	1	0	TTAGGG
Phum-OR502AA_013	950000	1	0	TTAGGG
Phum-OR502AA_013	960000	0	1	TTAGGG
Phum-OR502AA_013	970000	0	0	TTAGGG
Phum-OR502AA_013	980000	0	0	TTAGGG
Phum-OR502AA_013	990000	0	0	TTAGGG
Phum-OR502AA_013	1000000	0	0	TTAGGG
Phum-OR502AA_013	1010000	0	0	TTAGGG
Phum-OR502AA_013	1020000	2	1	TTAGGG
Phum-OR502AA_013	1030000	1	2	TTAGGG
Phum-OR502AA_013	1040000	0	0	TTAGGG
Phum-OR502AA_013	1050000	0	0	TTAGGG
Phum-OR502AA_013	1060000	0	0	TTAGGG
Phum-OR502AA_013	1070000	0	0	TTAGGG
Phum-OR502AA_013	1080000	0	0	TTAGGG
Phum-OR502AA_013	1090000	0	0	TTAGGG
Phum-OR502AA_013	1100000	1	1	TTAGGG
Phum-OR502AA_013	1110000	0	2	TTAGGG
Phum-OR502AA_013	1120000	0	0	TTAGGG
Phum-OR502AA_013	1130000	0	0	TTAGGG
Phum-OR502AA_013	1140000	0	0	TTAGGG
Phum-OR502AA_013	1150000	0	1	TTAGGG
Phum-OR502AA_013	1160000	0	0	TTAGGG
Phum-OR502AA_013	1170000	0	0	TTAGGG
Phum-OR502AA_013	1180000	0	0	TTAGGG
Phum-OR502AA_013	1190000	0	0	TTAGGG
Phum-OR502AA_013	1200000	2	0	TTAGGG
Phum-OR502AA_013	1210000	0	0	TTAGGG
Phum-OR502AA_013	1220000	0	1	TTAGGG
Phum-OR502AA_013	1230000	1	0	TTAGGG
Phum-OR502AA_013	1240000	1	0	TTAGGG
Phum-OR502AA_013	1250000	0	0	TTAGGG
Phum-OR502AA_013	1260000	0	0	TTAGGG
Phum-OR502AA_013	1270000	0	0	TTAGGG
Phum-OR502AA_013	1280000	0	0	TTAGGG
Phum-OR502AA_013	1290000	0	0	TTAGGG
Phum-OR502AA_013	1300000	0	0	TTAGGG
Phum-OR502AA_013	1310000	0	0	TTAGGG
Phum-OR502AA_013	1320000	0	0	TTAGGG
Phum-OR502AA_013	1330000	0	0	TTAGGG
Phum-OR502AA_013	1340000	1	0	TTAGGG
Phum-OR502AA_013	1350000	1	0	TTAGGG
Phum-OR502AA_013	1360000	1	1	TTAGGG
Phum-OR502AA_013	1370000	1	0	TTAGGG
Phum-OR502AA_013	1380000	0	0	TTAGGG
Phum-OR502AA_013	1390000	1	1	TTAGGG
Phum-OR502AA_013	1400000	1	1	TTAGGG
Phum-OR502AA_013	1410000	0	1	TTAGGG
Phum-OR502AA_013	1420000	0	0	TTAGGG
Phum-OR502AA_013	1430000	0	0	TTAGGG
Phum-OR502AA_013	1440000	0	0	TTAGGG
Phum-OR502AA_013	1450000	0	0	TTAGGG
Phum-OR502AA_013	1460000	1	1	TTAGGG
Phum-OR502AA_013	1470000	0	1	TTAGGG
Phum-OR502AA_013	1480000	0	1	TTAGGG
Phum-OR502AA_013	1490000	0	0	TTAGGG
Phum-OR502AA_013	1500000	0	2	TTAGGG
Phum-OR502AA_013	1510000	1	0	TTAGGG
Phum-OR502AA_013	1520000	0	0	TTAGGG
Phum-OR502AA_013	1530000	1	1	TTAGGG
Phum-OR502AA_013	1540000	0	0	TTAGGG
Phum-OR502AA_013	1550000	0	0	TTAGGG
Phum-OR502AA_013	1560000	1	1	TTAGGG
Phum-OR502AA_013	1570000	0	1	TTAGGG
Phum-OR502AA_013	1580000	0	0	TTAGGG
Phum-OR502AA_013	1590000	1	0	TTAGGG
Phum-OR502AA_013	1600000	0	0	TTAGGG
Phum-OR502AA_013	1610000	0	0	TTAGGG
Phum-OR502AA_013	1620000	0	1	TTAGGG
Phum-OR502AA_013	1630000	0	0	TTAGGG
Phum-OR502AA_013	1640000	0	0	TTAGGG
Phum-OR502AA_013	1650000	0	0	TTAGGG
Phum-OR502AA_013	1660000	0	0	TTAGGG
Phum-OR502AA_013	1670000	1	0	TTAGGG
Phum-OR502AA_013	1680000	0	0	TTAGGG
Phum-OR502AA_013	1690000	1	0	TTAGGG
Phum-OR502AA_013	1700000	0	0	TTAGGG
Phum-OR502AA_013	1710000	0	1	TTAGGG
Phum-OR502AA_013	1720000	0	1	TTAGGG
Phum-OR502AA_013	1730000	0	0	TTAGGG
Phum-OR502AA_013	1740000	0	0	TTAGGG
Phum-OR502AA_013	1750000	0	0	TTAGGG
Phum-OR502AA_013	1760000	1	0	TTAGGG
Phum-OR502AA_013	1770000	1	0	TTAGGG
Phum-OR502AA_013	1780000	0	0	TTAGGG
Phum-OR502AA_013	1790000	1	0	TTAGGG
Phum-OR502AA_013	1800000	3	0	TTAGGG
Phum-OR502AA_013	1810000	0	1	TTAGGG
Phum-OR502AA_013	1820000	0	1	TTAGGG
Phum-OR502AA_013	1830000	0	2	TTAGGG
Phum-OR502AA_013	1840000	2	0	TTAGGG
Phum-OR502AA_013	1850000	0	0	TTAGGG
Phum-OR502AA_013	1860000	0	0	TTAGGG
Phum-OR502AA_013	1870000	0	0	TTAGGG
Phum-OR502AA_013	1880000	0	0	TTAGGG
Phum-OR502AA_013	1890000	0	0	TTAGGG
Phum-OR502AA_013	1900000	0	0	TTAGGG
Phum-OR502AA_013	1910000	0	0	TTAGGG
Phum-OR502AA_013	1920000	0	0	TTAGGG
Phum-OR502AA_013	1930000	0	0	TTAGGG
Phum-OR502AA_013	1940000	0	0	TTAGGG
Phum-OR502AA_013	1950000	0	0	TTAGGG
Phum-OR502AA_013	1960000	0	0	TTAGGG
Phum-OR502AA_013	1970000	0	0	TTAGGG
Phum-OR502AA_013	1980000	0	0	TTAGGG
Phum-OR502AA_013	1990000	0	0	TTAGGG
Phum-OR502AA_013	2000000	0	0	TTAGGG
Phum-OR502AA_013	2010000	0	0	TTAGGG
Phum-OR502AA_013	2020000	0	0	TTAGGG
Phum-OR502AA_013	2030000	0	0	TTAGGG
Phum-OR502AA_013	2040000	0	0	TTAGGG
Phum-OR502AA_013	2050000	0	0	TTAGGG
Phum-OR502AA_013	2060000	0	0	TTAGGG
Phum-OR502AA_013	2070000	0	0	TTAGGG
Phum-OR502AA_013	2080000	0	0	TTAGGG
Phum-OR502AA_013	2090000	0	0	TTAGGG
Phum-OR502AA_013	2100000	0	0	TTAGGG
Phum-OR502AA_013	2110000	0	0	TTAGGG
Phum-OR502AA_013	2120000	0	0	TTAGGG
Phum-OR502AA_013	2130000	1	1	TTAGGG
Phum-OR502AA_013	2140000	3	2	TTAGGG
Phum-OR502AA_013	2150000	2	0	TTAGGG
Phum-OR502AA_013	2160000	0	0	TTAGGG
Phum-OR502AA_013	2170000	0	1	TTAGGG
Phum-OR502AA_013	2180000	1	0	TTAGGG
Phum-OR502AA_013	2190000	1	1	TTAGGG
Phum-OR502AA_013	2200000	2	1	TTAGGG
Phum-OR502AA_013	2210000	0	3	TTAGGG
Phum-OR502AA_013	2220000	0	5	TTAGGG
Phum-OR502AA_013	2230000	0	6	TTAGGG
Phum-OR502AA_013	2240000	0	5	TTAGGG
Phum-OR502AA_013	2250000	0	6	TTAGGG
Phum-OR502AA_013	2260000	0	5	TTAGGG
Phum-OR502AA_013	2270000	0	5	TTAGGG
Phum-OR502AA_013	2280000	2	1	TTAGGG
Phum-OR502AA_013	2290000	0	0	TTAGGG
Phum-OR502AA_013	2300000	0	0	TTAGGG
Phum-OR502AA_013	2310000	0	0	TTAGGG
Phum-OR502AA_013	2320000	0	0	TTAGGG
Phum-OR502AA_013	2330000	0	1	TTAGGG
Phum-OR502AA_013	2340000	0	1	TTAGGG
Phum-OR502AA_013	2350000	2	0	TTAGGG
Phum-OR502AA_013	2360000	1	0	TTAGGG
Phum-OR502AA_013	2370000	1	0	TTAGGG
Phum-OR502AA_013	2380000	0	0	TTAGGG
Phum-OR502AA_013	2390000	0	0	TTAGGG
Phum-OR502AA_013	2400000	1	0	TTAGGG
Phum-OR502AA_013	2410000	0	1	TTAGGG
Phum-OR502AA_013	2420000	0	0	TTAGGG
Phum-OR502AA_013	2430000	0	0	TTAGGG
Phum-OR502AA_013	2440000	0	1	TTAGGG
Phum-OR502AA_013	2450000	0	1	TTAGGG
Phum-OR502AA_013	2460000	2	1	TTAGGG
Phum-OR502AA_013	2470000	1	2	TTAGGG
Phum-OR502AA_013	2480000	1	1	TTAGGG
Phum-OR502AA_013	2490000	1	2	TTAGGG
Phum-OR502AA_013	2500000	1	1	TTAGGG
Phum-OR502AA_013	2510000	0	1	TTAGGG
Phum-OR502AA_013	2520000	2	0	TTAGGG
Phum-OR502AA_013	2530000	0	1	TTAGGG
Phum-OR502AA_013	2540000	0	0	TTAGGG
Phum-OR502AA_013	2550000	1	2	TTAGGG
Phum-OR502AA_013	2560000	0	0	TTAGGG
Phum-OR502AA_013	2570000	1	1	TTAGGG
Phum-OR502AA_013	2580000	1	0	TTAGGG
Phum-OR502AA_013	2590000	1	1	TTAGGG
Phum-OR502AA_013	2595817	44	2	TTAGGG
Phum-OR502AA_014	10000	0	34	TTAGGG
Phum-OR502AA_014	20000	0	0	TTAGGG
Phum-OR502AA_014	30000	0	0	TTAGGG
Phum-OR502AA_014	40000	0	0	TTAGGG
Phum-OR502AA_014	50000	0	0	TTAGGG
Phum-OR502AA_014	60000	0	0	TTAGGG
Phum-OR502AA_014	70000	0	0	TTAGGG
Phum-OR502AA_014	80000	0	0	TTAGGG
Phum-OR502AA_014	90000	0	0	TTAGGG
Phum-OR502AA_014	100000	0	0	TTAGGG
Phum-OR502AA_014	110000	0	0	TTAGGG
Phum-OR502AA_014	120000	0	0	TTAGGG
Phum-OR502AA_014	130000	0	0	TTAGGG
Phum-OR502AA_014	140000	0	0	TTAGGG
Phum-OR502AA_014	150000	0	0	TTAGGG
Phum-OR502AA_014	160000	0	0	TTAGGG
Phum-OR502AA_014	170000	0	0	TTAGGG
Phum-OR502AA_014	180000	0	0	TTAGGG
Phum-OR502AA_014	190000	0	0	TTAGGG
Phum-OR502AA_014	200000	0	0	TTAGGG
Phum-OR502AA_014	210000	0	0	TTAGGG
Phum-OR502AA_014	220000	0	0	TTAGGG
Phum-OR502AA_014	230000	0	0	TTAGGG
Phum-OR502AA_014	240000	0	0	TTAGGG
Phum-OR502AA_014	250000	0	0	TTAGGG
Phum-OR502AA_014	260000	0	0	TTAGGG
Phum-OR502AA_014	270000	0	0	TTAGGG
Phum-OR502AA_014	280000	0	0	TTAGGG
Phum-OR502AA_014	290000	0	0	TTAGGG
Phum-OR502AA_014	300000	0	0	TTAGGG
Phum-OR502AA_014	310000	0	0	TTAGGG
Phum-OR502AA_014	320000	0	0	TTAGGG
Phum-OR502AA_014	330000	0	0	TTAGGG
Phum-OR502AA_014	340000	0	0	TTAGGG
Phum-OR502AA_014	350000	0	0	TTAGGG
Phum-OR502AA_014	360000	0	0	TTAGGG
Phum-OR502AA_014	370000	0	0	TTAGGG
Phum-OR502AA_014	380000	0	0	TTAGGG
Phum-OR502AA_014	390000	0	0	TTAGGG
Phum-OR502AA_014	400000	0	0	TTAGGG
Phum-OR502AA_014	410000	0	0	TTAGGG
Phum-OR502AA_014	420000	0	0	TTAGGG
Phum-OR502AA_014	430000	0	0	TTAGGG
Phum-OR502AA_014	440000	0	0	TTAGGG
Phum-OR502AA_014	450000	0	1	TTAGGG
Phum-OR502AA_014	460000	0	0	TTAGGG
Phum-OR502AA_014	470000	4	0	TTAGGG
Phum-OR502AA_014	480000	4	0	TTAGGG
Phum-OR502AA_014	490000	4	0	TTAGGG
Phum-OR502AA_014	500000	0	0	TTAGGG
Phum-OR502AA_014	510000	0	0	TTAGGG
Phum-OR502AA_014	520000	0	0	TTAGGG
Phum-OR502AA_014	530000	0	0	TTAGGG
Phum-OR502AA_014	540000	2	0	TTAGGG
Phum-OR502AA_014	550000	0	0	TTAGGG
Phum-OR502AA_014	560000	0	0	TTAGGG
Phum-OR502AA_014	570000	0	0	TTAGGG
Phum-OR502AA_014	580000	0	0	TTAGGG
Phum-OR502AA_014	590000	0	0	TTAGGG
Phum-OR502AA_014	600000	0	0	TTAGGG
Phum-OR502AA_014	610000	0	0	TTAGGG
Phum-OR502AA_014	620000	0	0	TTAGGG
Phum-OR502AA_014	630000	0	0	TTAGGG
Phum-OR502AA_014	640000	2	1	TTAGGG
Phum-OR502AA_014	650000	1	1	TTAGGG
Phum-OR502AA_014	660000	0	0	TTAGGG
Phum-OR502AA_014	670000	0	0	TTAGGG
Phum-OR502AA_014	680000	0	0	TTAGGG
Phum-OR502AA_014	690000	0	0	TTAGGG
Phum-OR502AA_014	700000	0	0	TTAGGG
Phum-OR502AA_014	710000	0	0	TTAGGG
Phum-OR502AA_014	720000	0	0	TTAGGG
Phum-OR502AA_014	730000	0	0	TTAGGG
Phum-OR502AA_014	740000	0	0	TTAGGG
Phum-OR502AA_014	750000	0	0	TTAGGG
Phum-OR502AA_014	760000	0	0	TTAGGG
Phum-OR502AA_014	770000	0	0	TTAGGG
Phum-OR502AA_014	780000	0	0	TTAGGG
Phum-OR502AA_014	790000	0	0	TTAGGG
Phum-OR502AA_014	800000	0	0	TTAGGG
Phum-OR502AA_014	810000	0	0	TTAGGG
Phum-OR502AA_014	820000	0	0	TTAGGG
Phum-OR502AA_014	830000	0	0	TTAGGG
Phum-OR502AA_014	840000	0	0	TTAGGG
Phum-OR502AA_014	850000	0	0	TTAGGG
Phum-OR502AA_014	860000	0	0	TTAGGG
Phum-OR502AA_014	870000	0	0	TTAGGG
Phum-OR502AA_014	880000	0	0	TTAGGG
Phum-OR502AA_014	890000	0	0	TTAGGG
Phum-OR502AA_014	900000	0	0	TTAGGG
Phum-OR502AA_014	910000	0	0	TTAGGG
Phum-OR502AA_014	920000	0	0	TTAGGG
Phum-OR502AA_014	930000	0	0	TTAGGG
Phum-OR502AA_014	940000	2	0	TTAGGG
Phum-OR502AA_014	950000	1	0	TTAGGG
Phum-OR502AA_014	960000	1	0	TTAGGG
Phum-OR502AA_014	970000	1	1	TTAGGG
Phum-OR502AA_014	980000	0	0	TTAGGG
Phum-OR502AA_014	990000	0	0	TTAGGG
Phum-OR502AA_014	1000000	0	2	TTAGGG
Phum-OR502AA_014	1010000	0	1	TTAGGG
Phum-OR502AA_014	1020000	0	0	TTAGGG
Phum-OR502AA_014	1030000	0	0	TTAGGG
Phum-OR502AA_014	1040000	0	0	TTAGGG
Phum-OR502AA_014	1050000	0	0	TTAGGG
Phum-OR502AA_014	1060000	0	0	TTAGGG
Phum-OR502AA_014	1070000	0	0	TTAGGG
Phum-OR502AA_014	1080000	0	0	TTAGGG
Phum-OR502AA_014	1090000	0	0	TTAGGG
Phum-OR502AA_014	1100000	0	0	TTAGGG
Phum-OR502AA_014	1110000	1	1	TTAGGG
Phum-OR502AA_014	1120000	0	1	TTAGGG
Phum-OR502AA_014	1130000	1	0	TTAGGG
Phum-OR502AA_014	1140000	0	0	TTAGGG
Phum-OR502AA_014	1150000	0	0	TTAGGG
Phum-OR502AA_014	1160000	0	0	TTAGGG
Phum-OR502AA_014	1170000	0	0	TTAGGG
Phum-OR502AA_014	1180000	2	0	TTAGGG
Phum-OR502AA_014	1190000	0	0	TTAGGG
Phum-OR502AA_014	1200000	0	0	TTAGGG
Phum-OR502AA_014	1210000	0	0	TTAGGG
Phum-OR502AA_014	1220000	0	0	TTAGGG
Phum-OR502AA_014	1230000	1	1	TTAGGG
Phum-OR502AA_014	1240000	0	0	TTAGGG
Phum-OR502AA_014	1250000	2	1	TTAGGG
Phum-OR502AA_014	1260000	0	0	TTAGGG
Phum-OR502AA_014	1270000	0	0	TTAGGG
Phum-OR502AA_014	1280000	0	0	TTAGGG
Phum-OR502AA_014	1290000	0	0	TTAGGG
Phum-OR502AA_014	1300000	0	0	TTAGGG
Phum-OR502AA_014	1310000	0	0	TTAGGG
Phum-OR502AA_014	1320000	0	0	TTAGGG
Phum-OR502AA_014	1330000	1	1	TTAGGG
Phum-OR502AA_014	1340000	0	0	TTAGGG
Phum-OR502AA_014	1350000	0	0	TTAGGG
Phum-OR502AA_014	1360000	0	0	TTAGGG
Phum-OR502AA_014	1370000	0	0	TTAGGG
Phum-OR502AA_014	1380000	0	0	TTAGGG
Phum-OR502AA_014	1390000	1	0	TTAGGG
Phum-OR502AA_014	1400000	1	0	TTAGGG
Phum-OR502AA_014	1410000	1	0	TTAGGG
Phum-OR502AA_014	1420000	1	0	TTAGGG
Phum-OR502AA_014	1430000	0	0	TTAGGG
Phum-OR502AA_014	1440000	1	1	TTAGGG
Phum-OR502AA_014	1450000	0	0	TTAGGG
Phum-OR502AA_014	1460000	0	0	TTAGGG
Phum-OR502AA_014	1470000	0	1	TTAGGG
Phum-OR502AA_014	1480000	2	2	TTAGGG
Phum-OR502AA_014	1490000	0	0	TTAGGG
Phum-OR502AA_014	1500000	1	0	TTAGGG
Phum-OR502AA_014	1510000	1	1	TTAGGG
Phum-OR502AA_014	1520000	0	1	TTAGGG
Phum-OR502AA_014	1530000	1	0	TTAGGG
Phum-OR502AA_014	1540000	0	0	TTAGGG
Phum-OR502AA_014	1550000	1	0	TTAGGG
Phum-OR502AA_014	1560000	0	0	TTAGGG
Phum-OR502AA_014	1570000	1	0	TTAGGG
Phum-OR502AA_014	1580000	0	0	TTAGGG
Phum-OR502AA_014	1590000	0	0	TTAGGG
Phum-OR502AA_014	1600000	1	0	TTAGGG
Phum-OR502AA_014	1610000	0	0	TTAGGG
Phum-OR502AA_014	1620000	1	0	TTAGGG
Phum-OR502AA_014	1630000	1	0	TTAGGG
Phum-OR502AA_014	1640000	0	0	TTAGGG
Phum-OR502AA_014	1650000	1	2	TTAGGG
Phum-OR502AA_014	1660000	1	0	TTAGGG
Phum-OR502AA_014	1670000	0	0	TTAGGG
Phum-OR502AA_014	1680000	0	2	TTAGGG
Phum-OR502AA_014	1690000	0	1	TTAGGG
Phum-OR502AA_014	1700000	0	0	TTAGGG
Phum-OR502AA_014	1710000	0	0	TTAGGG
Phum-OR502AA_014	1720000	0	0	TTAGGG
Phum-OR502AA_014	1730000	0	3	TTAGGG
Phum-OR502AA_014	1740000	0	0	TTAGGG
Phum-OR502AA_014	1750000	0	0	TTAGGG
Phum-OR502AA_014	1760000	0	0	TTAGGG
Phum-OR502AA_014	1770000	0	1	TTAGGG
Phum-OR502AA_014	1780000	1	0	TTAGGG
Phum-OR502AA_014	1790000	3	0	TTAGGG
Phum-OR502AA_014	1800000	0	1	TTAGGG
Phum-OR502AA_014	1810000	1	3	TTAGGG
Phum-OR502AA_014	1820000	0	0	TTAGGG
Phum-OR502AA_014	1830000	0	0	TTAGGG
Phum-OR502AA_014	1840000	0	0	TTAGGG
Phum-OR502AA_014	1850000	0	0	TTAGGG
Phum-OR502AA_014	1860000	0	0	TTAGGG
Phum-OR502AA_014	1870000	1	0	TTAGGG
Phum-OR502AA_014	1880000	1	0	TTAGGG
Phum-OR502AA_014	1890000	1	1	TTAGGG
Phum-OR502AA_014	1900000	0	1	TTAGGG
Phum-OR502AA_014	1910000	1	0	TTAGGG
Phum-OR502AA_014	1920000	1	0	TTAGGG
Phum-OR502AA_014	1930000	1	1	TTAGGG
Phum-OR502AA_014	1940000	0	1	TTAGGG
Phum-OR502AA_014	1950000	0	1	TTAGGG
Phum-OR502AA_014	1960000	0	1	TTAGGG
Phum-OR502AA_014	1970000	0	2	TTAGGG
Phum-OR502AA_014	1980000	0	0	TTAGGG
Phum-OR502AA_014	1990000	0	0	TTAGGG
Phum-OR502AA_014	2000000	0	0	TTAGGG
Phum-OR502AA_014	2010000	1	0	TTAGGG
Phum-OR502AA_014	2020000	2	2	TTAGGG
Phum-OR502AA_014	2030000	0	0	TTAGGG
Phum-OR502AA_014	2040000	0	0	TTAGGG
Phum-OR502AA_014	2050000	0	0	TTAGGG
Phum-OR502AA_014	2060000	0	0	TTAGGG
Phum-OR502AA_014	2070000	0	0	TTAGGG
Phum-OR502AA_014	2080000	0	0	TTAGGG
Phum-OR502AA_014	2090000	0	0	TTAGGG
Phum-OR502AA_014	2100000	1	0	TTAGGG
Phum-OR502AA_014	2110000	0	2	TTAGGG
Phum-OR502AA_014	2120000	0	0	TTAGGG
Phum-OR502AA_014	2130000	1	0	TTAGGG
Phum-OR502AA_014	2140000	0	0	TTAGGG
Phum-OR502AA_014	2150000	0	2	TTAGGG
Phum-OR502AA_014	2160000	2	2	TTAGGG
Phum-OR502AA_014	2170000	0	0	TTAGGG
Phum-OR502AA_014	2180000	0	0	TTAGGG
Phum-OR502AA_014	2190000	0	2	TTAGGG
Phum-OR502AA_014	2200000	0	0	TTAGGG
Phum-OR502AA_014	2210000	0	1	TTAGGG
Phum-OR502AA_014	2220000	0	1	TTAGGG
Phum-OR502AA_014	2230000	0	0	TTAGGG
Phum-OR502AA_014	2240000	0	0	TTAGGG
Phum-OR502AA_014	2250000	0	0	TTAGGG
Phum-OR502AA_014	2260000	0	0	TTAGGG
Phum-OR502AA_014	2270000	0	0	TTAGGG
Phum-OR502AA_014	2280000	0	0	TTAGGG
Phum-OR502AA_014	2290000	0	0	TTAGGG
Phum-OR502AA_014	2300000	2	1	TTAGGG
Phum-OR502AA_014	2310000	0	0	TTAGGG
Phum-OR502AA_014	2320000	0	0	TTAGGG
Phum-OR502AA_014	2330000	0	0	TTAGGG
Phum-OR502AA_014	2340000	0	0	TTAGGG
Phum-OR502AA_014	2350000	0	1	TTAGGG
Phum-OR502AA_014	2360000	0	2	TTAGGG
Phum-OR502AA_014	2370000	1	0	TTAGGG
Phum-OR502AA_014	2380000	0	1	TTAGGG
Phum-OR502AA_014	2390000	0	0	TTAGGG
Phum-OR502AA_014	2400000	0	1	TTAGGG
Phum-OR502AA_014	2410000	0	0	TTAGGG
Phum-OR502AA_014	2420000	2	1	TTAGGG
Phum-OR502AA_014	2430000	1	1	TTAGGG
Phum-OR502AA_014	2440000	0	2	TTAGGG
Phum-OR502AA_014	2450000	0	0	TTAGGG
Phum-OR502AA_014	2460000	1	4	TTAGGG
Phum-OR502AA_014	2470000	1	0	TTAGGG
Phum-OR502AA_014	2480000	0	1	TTAGGG
Phum-OR502AA_014	2490000	0	0	TTAGGG
Phum-OR502AA_014	2500000	0	0	TTAGGG
Phum-OR502AA_014	2500403	0	0	TTAGGG
Phum-OR502AA_015	10000	1	64	TTAGGG
Phum-OR502AA_015	20000	0	1	TTAGGG
Phum-OR502AA_015	30000	1	0	TTAGGG
Phum-OR502AA_015	40000	2	0	TTAGGG
Phum-OR502AA_015	50000	0	1	TTAGGG
Phum-OR502AA_015	60000	1	0	TTAGGG
Phum-OR502AA_015	70000	1	0	TTAGGG
Phum-OR502AA_015	80000	0	0	TTAGGG
Phum-OR502AA_015	90000	0	0	TTAGGG
Phum-OR502AA_015	100000	0	2	TTAGGG
Phum-OR502AA_015	110000	0	0	TTAGGG
Phum-OR502AA_015	120000	0	1	TTAGGG
Phum-OR502AA_015	130000	0	1	TTAGGG
Phum-OR502AA_015	140000	0	0	TTAGGG
Phum-OR502AA_015	150000	0	0	TTAGGG
Phum-OR502AA_015	160000	0	0	TTAGGG
Phum-OR502AA_015	170000	0	0	TTAGGG
Phum-OR502AA_015	180000	0	0	TTAGGG
Phum-OR502AA_015	190000	0	0	TTAGGG
Phum-OR502AA_015	200000	0	0	TTAGGG
Phum-OR502AA_015	210000	0	0	TTAGGG
Phum-OR502AA_015	220000	0	0	TTAGGG
Phum-OR502AA_015	230000	0	0	TTAGGG
Phum-OR502AA_015	240000	1	2	TTAGGG
Phum-OR502AA_015	250000	0	0	TTAGGG
Phum-OR502AA_015	260000	0	2	TTAGGG
Phum-OR502AA_015	270000	0	0	TTAGGG
Phum-OR502AA_015	280000	2	0	TTAGGG
Phum-OR502AA_015	290000	1	1	TTAGGG
Phum-OR502AA_015	300000	1	0	TTAGGG
Phum-OR502AA_015	310000	0	0	TTAGGG
Phum-OR502AA_015	320000	0	1	TTAGGG
Phum-OR502AA_015	330000	1	0	TTAGGG
Phum-OR502AA_015	340000	0	0	TTAGGG
Phum-OR502AA_015	350000	0	0	TTAGGG
Phum-OR502AA_015	360000	0	0	TTAGGG
Phum-OR502AA_015	370000	0	0	TTAGGG
Phum-OR502AA_015	380000	0	0	TTAGGG
Phum-OR502AA_015	390000	1	2	TTAGGG
Phum-OR502AA_015	400000	0	2	TTAGGG
Phum-OR502AA_015	410000	0	1	TTAGGG
Phum-OR502AA_015	420000	1	0	TTAGGG
Phum-OR502AA_015	430000	2	0	TTAGGG
Phum-OR502AA_015	440000	0	0	TTAGGG
Phum-OR502AA_015	450000	0	0	TTAGGG
Phum-OR502AA_015	460000	0	0	TTAGGG
Phum-OR502AA_015	470000	0	0	TTAGGG
Phum-OR502AA_015	480000	1	1	TTAGGG
Phum-OR502AA_015	490000	0	0	TTAGGG
Phum-OR502AA_015	500000	0	0	TTAGGG
Phum-OR502AA_015	510000	0	0	TTAGGG
Phum-OR502AA_015	520000	1	1	TTAGGG
Phum-OR502AA_015	530000	0	0	TTAGGG
Phum-OR502AA_015	540000	0	0	TTAGGG
Phum-OR502AA_015	550000	0	0	TTAGGG
Phum-OR502AA_015	560000	0	1	TTAGGG
Phum-OR502AA_015	570000	1	0	TTAGGG
Phum-OR502AA_015	580000	0	0	TTAGGG
Phum-OR502AA_015	590000	0	0	TTAGGG
Phum-OR502AA_015	600000	0	0	TTAGGG
Phum-OR502AA_015	610000	0	0	TTAGGG
Phum-OR502AA_015	620000	1	0	TTAGGG
Phum-OR502AA_015	630000	0	0	TTAGGG
Phum-OR502AA_015	640000	0	0	TTAGGG
Phum-OR502AA_015	650000	0	0	TTAGGG
Phum-OR502AA_015	660000	0	1	TTAGGG
Phum-OR502AA_015	670000	0	0	TTAGGG
Phum-OR502AA_015	680000	0	0	TTAGGG
Phum-OR502AA_015	690000	0	2	TTAGGG
Phum-OR502AA_015	700000	0	0	TTAGGG
Phum-OR502AA_015	710000	0	0	TTAGGG
Phum-OR502AA_015	720000	0	1	TTAGGG
Phum-OR502AA_015	730000	1	0	TTAGGG
Phum-OR502AA_015	740000	0	0	TTAGGG
Phum-OR502AA_015	750000	0	0	TTAGGG
Phum-OR502AA_015	760000	0	0	TTAGGG
Phum-OR502AA_015	770000	0	0	TTAGGG
Phum-OR502AA_015	780000	0	0	TTAGGG
Phum-OR502AA_015	790000	0	0	TTAGGG
Phum-OR502AA_015	800000	0	0	TTAGGG
Phum-OR502AA_015	810000	0	0	TTAGGG
Phum-OR502AA_015	820000	0	0	TTAGGG
Phum-OR502AA_015	830000	0	0	TTAGGG
Phum-OR502AA_015	840000	1	0	TTAGGG
Phum-OR502AA_015	850000	1	1	TTAGGG
Phum-OR502AA_015	860000	0	0	TTAGGG
Phum-OR502AA_015	870000	1	2	TTAGGG
Phum-OR502AA_015	880000	1	1	TTAGGG
Phum-OR502AA_015	890000	1	0	TTAGGG
Phum-OR502AA_015	900000	1	0	TTAGGG
Phum-OR502AA_015	910000	0	0	TTAGGG
Phum-OR502AA_015	920000	0	0	TTAGGG
Phum-OR502AA_015	930000	0	0	TTAGGG
Phum-OR502AA_015	940000	1	0	TTAGGG
Phum-OR502AA_015	950000	0	1	TTAGGG
Phum-OR502AA_015	960000	0	0	TTAGGG
Phum-OR502AA_015	970000	0	0	TTAGGG
Phum-OR502AA_015	980000	0	0	TTAGGG
Phum-OR502AA_015	990000	2	2	TTAGGG
Phum-OR502AA_015	1000000	2	1	TTAGGG
Phum-OR502AA_015	1010000	0	1	TTAGGG
Phum-OR502AA_015	1020000	0	0	TTAGGG
Phum-OR502AA_015	1030000	0	0	TTAGGG
Phum-OR502AA_015	1040000	0	0	TTAGGG
Phum-OR502AA_015	1050000	0	0	TTAGGG
Phum-OR502AA_015	1060000	0	0	TTAGGG
Phum-OR502AA_015	1070000	0	0	TTAGGG
Phum-OR502AA_015	1080000	0	0	TTAGGG
Phum-OR502AA_015	1090000	0	0	TTAGGG
Phum-OR502AA_015	1100000	0	0	TTAGGG
Phum-OR502AA_015	1110000	0	0	TTAGGG
Phum-OR502AA_015	1120000	1	0	TTAGGG
Phum-OR502AA_015	1130000	0	1	TTAGGG
Phum-OR502AA_015	1140000	0	0	TTAGGG
Phum-OR502AA_015	1150000	0	0	TTAGGG
Phum-OR502AA_015	1160000	0	2	TTAGGG
Phum-OR502AA_015	1170000	0	0	TTAGGG
Phum-OR502AA_015	1180000	0	0	TTAGGG
Phum-OR502AA_015	1190000	0	0	TTAGGG
Phum-OR502AA_015	1200000	0	0	TTAGGG
Phum-OR502AA_015	1210000	0	1	TTAGGG
Phum-OR502AA_015	1220000	0	0	TTAGGG
Phum-OR502AA_015	1230000	1	1	TTAGGG
Phum-OR502AA_015	1240000	0	0	TTAGGG
Phum-OR502AA_015	1250000	2	0	TTAGGG
Phum-OR502AA_015	1260000	1	1	TTAGGG
Phum-OR502AA_015	1270000	0	1	TTAGGG
Phum-OR502AA_015	1280000	0	2	TTAGGG
Phum-OR502AA_015	1290000	0	1	TTAGGG
Phum-OR502AA_015	1300000	1	1	TTAGGG
Phum-OR502AA_015	1310000	1	0	TTAGGG
Phum-OR502AA_015	1320000	1	1	TTAGGG
Phum-OR502AA_015	1330000	0	0	TTAGGG
Phum-OR502AA_015	1340000	0	0	TTAGGG
Phum-OR502AA_015	1350000	0	0	TTAGGG
Phum-OR502AA_015	1360000	0	0	TTAGGG
Phum-OR502AA_015	1370000	0	0	TTAGGG
Phum-OR502AA_015	1380000	0	2	TTAGGG
Phum-OR502AA_015	1390000	1	0	TTAGGG
Phum-OR502AA_015	1400000	0	1	TTAGGG
Phum-OR502AA_015	1410000	1	2	TTAGGG
Phum-OR502AA_015	1420000	0	0	TTAGGG
Phum-OR502AA_015	1430000	2	1	TTAGGG
Phum-OR502AA_015	1440000	3	1	TTAGGG
Phum-OR502AA_015	1450000	1	0	TTAGGG
Phum-OR502AA_015	1460000	0	0	TTAGGG
Phum-OR502AA_015	1470000	0	0	TTAGGG
Phum-OR502AA_015	1480000	0	0	TTAGGG
Phum-OR502AA_015	1490000	2	3	TTAGGG
Phum-OR502AA_015	1500000	1	0	TTAGGG
Phum-OR502AA_015	1510000	0	1	TTAGGG
Phum-OR502AA_015	1520000	0	0	TTAGGG
Phum-OR502AA_015	1530000	0	0	TTAGGG
Phum-OR502AA_015	1540000	0	0	TTAGGG
Phum-OR502AA_015	1550000	0	0	TTAGGG
Phum-OR502AA_015	1560000	1	0	TTAGGG
Phum-OR502AA_015	1570000	1	0	TTAGGG
Phum-OR502AA_015	1580000	0	0	TTAGGG
Phum-OR502AA_015	1590000	1	1	TTAGGG
Phum-OR502AA_015	1600000	0	1	TTAGGG
Phum-OR502AA_015	1610000	1	0	TTAGGG
Phum-OR502AA_015	1620000	1	0	TTAGGG
Phum-OR502AA_015	1630000	1	1	TTAGGG
Phum-OR502AA_015	1640000	0	0	TTAGGG
Phum-OR502AA_015	1650000	0	0	TTAGGG
Phum-OR502AA_015	1660000	0	1	TTAGGG
Phum-OR502AA_015	1670000	0	0	TTAGGG
Phum-OR502AA_015	1680000	0	0	TTAGGG
Phum-OR502AA_015	1690000	2	0	TTAGGG
Phum-OR502AA_015	1700000	0	0	TTAGGG
Phum-OR502AA_015	1710000	1	3	TTAGGG
Phum-OR502AA_015	1720000	0	0	TTAGGG
Phum-OR502AA_015	1730000	0	0	TTAGGG
Phum-OR502AA_015	1740000	0	3	TTAGGG
Phum-OR502AA_015	1750000	0	1	TTAGGG
Phum-OR502AA_015	1760000	0	1	TTAGGG
Phum-OR502AA_015	1770000	1	0	TTAGGG
Phum-OR502AA_015	1780000	2	1	TTAGGG
Phum-OR502AA_015	1790000	0	1	TTAGGG
Phum-OR502AA_015	1800000	0	0	TTAGGG
Phum-OR502AA_015	1810000	0	1	TTAGGG
Phum-OR502AA_015	1820000	0	1	TTAGGG
Phum-OR502AA_015	1830000	1	0	TTAGGG
Phum-OR502AA_015	1840000	0	0	TTAGGG
Phum-OR502AA_015	1850000	0	0	TTAGGG
Phum-OR502AA_015	1860000	0	0	TTAGGG
Phum-OR502AA_015	1870000	0	2	TTAGGG
Phum-OR502AA_015	1880000	0	0	TTAGGG
Phum-OR502AA_015	1890000	0	0	TTAGGG
Phum-OR502AA_015	1900000	1	0	TTAGGG
Phum-OR502AA_015	1910000	0	0	TTAGGG
Phum-OR502AA_015	1920000	0	0	TTAGGG
Phum-OR502AA_015	1930000	0	2	TTAGGG
Phum-OR502AA_015	1940000	0	0	TTAGGG
Phum-OR502AA_015	1950000	0	2	TTAGGG
Phum-OR502AA_015	1960000	2	0	TTAGGG
Phum-OR502AA_015	1970000	0	0	TTAGGG
Phum-OR502AA_015	1980000	1	1	TTAGGG
Phum-OR502AA_015	1990000	1	0	TTAGGG
Phum-OR502AA_015	2000000	0	1	TTAGGG
Phum-OR502AA_015	2010000	0	0	TTAGGG
Phum-OR502AA_015	2020000	1	0	TTAGGG
Phum-OR502AA_015	2030000	0	1	TTAGGG
Phum-OR502AA_015	2040000	1	0	TTAGGG
Phum-OR502AA_015	2050000	1	0	TTAGGG
Phum-OR502AA_015	2060000	0	0	TTAGGG
Phum-OR502AA_015	2070000	1	1	TTAGGG
Phum-OR502AA_015	2080000	0	0	TTAGGG
Phum-OR502AA_015	2090000	0	1	TTAGGG
Phum-OR502AA_015	2100000	2	2	TTAGGG
Phum-OR502AA_015	2110000	0	3	TTAGGG
Phum-OR502AA_015	2120000	0	1	TTAGGG
Phum-OR502AA_015	2130000	0	2	TTAGGG
Phum-OR502AA_015	2140000	0	0	TTAGGG
Phum-OR502AA_015	2150000	0	0	TTAGGG
Phum-OR502AA_015	2160000	1	0	TTAGGG
Phum-OR502AA_015	2170000	1	1	TTAGGG
Phum-OR502AA_015	2180000	0	0	TTAGGG
Phum-OR502AA_015	2190000	0	0	TTAGGG
Phum-OR502AA_015	2200000	1	1	TTAGGG
Phum-OR502AA_015	2210000	1	2	TTAGGG
Phum-OR502AA_015	2220000	0	0	TTAGGG
Phum-OR502AA_015	2230000	0	1	TTAGGG
Phum-OR502AA_015	2240000	0	2	TTAGGG
Phum-OR502AA_015	2250000	0	0	TTAGGG
Phum-OR502AA_015	2260000	0	0	TTAGGG
Phum-OR502AA_015	2270000	0	0	TTAGGG
Phum-OR502AA_015	2280000	0	0	TTAGGG
Phum-OR502AA_015	2290000	0	0	TTAGGG
Phum-OR502AA_015	2300000	0	0	TTAGGG
Phum-OR502AA_015	2310000	0	0	TTAGGG
Phum-OR502AA_015	2318444	0	0	TTAGGG
Phum-OR502AA_016	10000	0	0	TTAGGG
Phum-OR502AA_016	20000	0	0	TTAGGG
Phum-OR502AA_016	30000	0	0	TTAGGG
Phum-OR502AA_016	40000	0	0	TTAGGG
Phum-OR502AA_016	50000	2	0	TTAGGG
Phum-OR502AA_016	60000	0	0	TTAGGG
Phum-OR502AA_016	70000	0	1	TTAGGG
Phum-OR502AA_016	80000	1	1	TTAGGG
Phum-OR502AA_016	90000	0	0	TTAGGG
Phum-OR502AA_016	100000	2	1	TTAGGG
Phum-OR502AA_016	110000	1	0	TTAGGG
Phum-OR502AA_016	120000	2	3	TTAGGG
Phum-OR502AA_016	130000	2	0	TTAGGG
Phum-OR502AA_016	140000	1	0	TTAGGG
Phum-OR502AA_016	150000	0	1	TTAGGG
Phum-OR502AA_016	160000	0	0	TTAGGG
Phum-OR502AA_016	170000	0	0	TTAGGG
Phum-OR502AA_016	180000	0	0	TTAGGG
Phum-OR502AA_016	190000	0	0	TTAGGG
Phum-OR502AA_016	200000	0	0	TTAGGG
Phum-OR502AA_016	210000	0	0	TTAGGG
Phum-OR502AA_016	220000	0	0	TTAGGG
Phum-OR502AA_016	230000	0	0	TTAGGG
Phum-OR502AA_016	240000	0	0	TTAGGG
Phum-OR502AA_016	250000	0	1	TTAGGG
Phum-OR502AA_016	260000	0	0	TTAGGG
Phum-OR502AA_016	270000	1	0	TTAGGG
Phum-OR502AA_016	280000	0	0	TTAGGG
Phum-OR502AA_016	290000	0	0	TTAGGG
Phum-OR502AA_016	300000	0	0	TTAGGG
Phum-OR502AA_016	310000	0	0	TTAGGG
Phum-OR502AA_016	320000	1	0	TTAGGG
Phum-OR502AA_016	330000	0	2	TTAGGG
Phum-OR502AA_016	340000	4	0	TTAGGG
Phum-OR502AA_016	350000	0	0	TTAGGG
Phum-OR502AA_016	360000	1	0	TTAGGG
Phum-OR502AA_016	370000	1	0	TTAGGG
Phum-OR502AA_016	380000	2	2	TTAGGG
Phum-OR502AA_016	390000	0	1	TTAGGG
Phum-OR502AA_016	400000	0	0	TTAGGG
Phum-OR502AA_016	410000	2	0	TTAGGG
Phum-OR502AA_016	420000	0	0	TTAGGG
Phum-OR502AA_016	430000	1	0	TTAGGG
Phum-OR502AA_016	440000	0	0	TTAGGG
Phum-OR502AA_016	450000	2	2	TTAGGG
Phum-OR502AA_016	460000	0	0	TTAGGG
Phum-OR502AA_016	470000	1	0	TTAGGG
Phum-OR502AA_016	480000	2	2	TTAGGG
Phum-OR502AA_016	490000	0	1	TTAGGG
Phum-OR502AA_016	500000	0	2	TTAGGG
Phum-OR502AA_016	510000	1	0	TTAGGG
Phum-OR502AA_016	520000	2	0	TTAGGG
Phum-OR502AA_016	530000	1	0	TTAGGG
Phum-OR502AA_016	540000	0	0	TTAGGG
Phum-OR502AA_016	550000	2	1	TTAGGG
Phum-OR502AA_016	560000	0	0	TTAGGG
Phum-OR502AA_016	570000	0	0	TTAGGG
Phum-OR502AA_016	580000	1	1	TTAGGG
Phum-OR502AA_016	590000	1	0	TTAGGG
Phum-OR502AA_016	600000	0	0	TTAGGG
Phum-OR502AA_016	610000	0	0	TTAGGG
Phum-OR502AA_016	620000	0	0	TTAGGG
Phum-OR502AA_016	630000	1	2	TTAGGG
Phum-OR502AA_016	640000	1	0	TTAGGG
Phum-OR502AA_016	650000	0	0	TTAGGG
Phum-OR502AA_016	660000	0	0	TTAGGG
Phum-OR502AA_016	670000	0	2	TTAGGG
Phum-OR502AA_016	680000	0	0	TTAGGG
Phum-OR502AA_016	690000	1	0	TTAGGG
Phum-OR502AA_016	700000	0	0	TTAGGG
Phum-OR502AA_016	710000	2	1	TTAGGG
Phum-OR502AA_016	720000	0	0	TTAGGG
Phum-OR502AA_016	730000	0	0	TTAGGG
Phum-OR502AA_016	740000	0	0	TTAGGG
Phum-OR502AA_016	750000	0	0	TTAGGG
Phum-OR502AA_016	760000	0	0	TTAGGG
Phum-OR502AA_016	770000	0	0	TTAGGG
Phum-OR502AA_016	780000	0	0	TTAGGG
Phum-OR502AA_016	790000	0	0	TTAGGG
Phum-OR502AA_016	800000	0	0	TTAGGG
Phum-OR502AA_016	810000	0	0	TTAGGG
Phum-OR502AA_016	820000	0	0	TTAGGG
Phum-OR502AA_016	830000	0	0	TTAGGG
Phum-OR502AA_016	840000	0	0	TTAGGG
Phum-OR502AA_016	850000	0	0	TTAGGG
Phum-OR502AA_016	860000	0	0	TTAGGG
Phum-OR502AA_016	870000	0	0	TTAGGG
Phum-OR502AA_016	880000	0	0	TTAGGG
Phum-OR502AA_016	890000	0	0	TTAGGG
Phum-OR502AA_016	900000	0	0	TTAGGG
Phum-OR502AA_016	910000	0	0	TTAGGG
Phum-OR502AA_016	920000	0	0	TTAGGG
Phum-OR502AA_016	930000	0	0	TTAGGG
Phum-OR502AA_016	940000	0	0	TTAGGG
Phum-OR502AA_016	950000	0	0	TTAGGG
Phum-OR502AA_016	960000	0	0	TTAGGG
Phum-OR502AA_016	970000	0	0	TTAGGG
Phum-OR502AA_016	980000	0	0	TTAGGG
Phum-OR502AA_016	990000	0	0	TTAGGG
Phum-OR502AA_016	1000000	0	0	TTAGGG
Phum-OR502AA_016	1010000	0	0	TTAGGG
Phum-OR502AA_016	1020000	0	0	TTAGGG
Phum-OR502AA_016	1030000	0	0	TTAGGG
Phum-OR502AA_016	1040000	1	0	TTAGGG
Phum-OR502AA_016	1050000	0	1	TTAGGG
Phum-OR502AA_016	1060000	1	0	TTAGGG
Phum-OR502AA_016	1070000	0	0	TTAGGG
Phum-OR502AA_016	1080000	0	1	TTAGGG
Phum-OR502AA_016	1090000	1	0	TTAGGG
Phum-OR502AA_016	1100000	2	3	TTAGGG
Phum-OR502AA_016	1110000	1	0	TTAGGG
Phum-OR502AA_016	1120000	0	1	TTAGGG
Phum-OR502AA_016	1130000	1	0	TTAGGG
Phum-OR502AA_016	1140000	0	1	TTAGGG
Phum-OR502AA_016	1150000	1	0	TTAGGG
Phum-OR502AA_016	1160000	0	0	TTAGGG
Phum-OR502AA_016	1170000	1	1	TTAGGG
Phum-OR502AA_016	1180000	1	0	TTAGGG
Phum-OR502AA_016	1190000	0	1	TTAGGG
Phum-OR502AA_016	1200000	0	0	TTAGGG
Phum-OR502AA_016	1210000	0	0	TTAGGG
Phum-OR502AA_016	1220000	0	0	TTAGGG
Phum-OR502AA_016	1230000	1	0	TTAGGG
Phum-OR502AA_016	1240000	1	0	TTAGGG
Phum-OR502AA_016	1250000	0	2	TTAGGG
Phum-OR502AA_016	1260000	0	0	TTAGGG
Phum-OR502AA_016	1270000	0	0	TTAGGG
Phum-OR502AA_016	1280000	0	0	TTAGGG
Phum-OR502AA_016	1290000	0	0	TTAGGG
Phum-OR502AA_016	1300000	0	0	TTAGGG
Phum-OR502AA_016	1310000	0	0	TTAGGG
Phum-OR502AA_016	1320000	0	0	TTAGGG
Phum-OR502AA_016	1330000	0	0	TTAGGG
Phum-OR502AA_016	1340000	0	0	TTAGGG
Phum-OR502AA_016	1350000	0	0	TTAGGG
Phum-OR502AA_016	1360000	0	0	TTAGGG
Phum-OR502AA_016	1370000	0	0	TTAGGG
Phum-OR502AA_016	1380000	0	0	TTAGGG
Phum-OR502AA_016	1390000	0	0	TTAGGG
Phum-OR502AA_016	1400000	0	0	TTAGGG
Phum-OR502AA_016	1410000	0	0	TTAGGG
Phum-OR502AA_016	1420000	0	0	TTAGGG
Phum-OR502AA_016	1430000	0	0	TTAGGG
Phum-OR502AA_016	1440000	0	0	TTAGGG
Phum-OR502AA_016	1450000	0	0	TTAGGG
Phum-OR502AA_016	1460000	0	0	TTAGGG
Phum-OR502AA_016	1470000	0	0	TTAGGG
Phum-OR502AA_016	1480000	0	0	TTAGGG
Phum-OR502AA_016	1490000	0	0	TTAGGG
Phum-OR502AA_016	1500000	0	0	TTAGGG
Phum-OR502AA_016	1510000	0	0	TTAGGG
Phum-OR502AA_016	1520000	0	0	TTAGGG
Phum-OR502AA_016	1530000	1	0	TTAGGG
Phum-OR502AA_016	1540000	1	1	TTAGGG
Phum-OR502AA_016	1550000	0	1	TTAGGG
Phum-OR502AA_016	1560000	0	0	TTAGGG
Phum-OR502AA_016	1570000	0	0	TTAGGG
Phum-OR502AA_016	1580000	0	0	TTAGGG
Phum-OR502AA_016	1590000	0	0	TTAGGG
Phum-OR502AA_016	1600000	0	0	TTAGGG
Phum-OR502AA_016	1610000	0	1	TTAGGG
Phum-OR502AA_016	1620000	0	0	TTAGGG
Phum-OR502AA_016	1630000	0	0	TTAGGG
Phum-OR502AA_016	1640000	0	0	TTAGGG
Phum-OR502AA_016	1650000	0	0	TTAGGG
Phum-OR502AA_016	1660000	0	0	TTAGGG
Phum-OR502AA_016	1670000	0	0	TTAGGG
Phum-OR502AA_016	1680000	0	0	TTAGGG
Phum-OR502AA_016	1690000	0	0	TTAGGG
Phum-OR502AA_016	1700000	0	0	TTAGGG
Phum-OR502AA_016	1710000	0	1	TTAGGG
Phum-OR502AA_016	1720000	1	0	TTAGGG
Phum-OR502AA_016	1730000	0	1	TTAGGG
Phum-OR502AA_016	1740000	0	0	TTAGGG
Phum-OR502AA_016	1750000	0	1	TTAGGG
Phum-OR502AA_016	1760000	0	1	TTAGGG
Phum-OR502AA_016	1770000	0	4	TTAGGG
Phum-OR502AA_016	1780000	0	4	TTAGGG
Phum-OR502AA_016	1790000	2	0	TTAGGG
Phum-OR502AA_016	1800000	0	0	TTAGGG
Phum-OR502AA_016	1810000	4	4	TTAGGG
Phum-OR502AA_016	1820000	4	4	TTAGGG
Phum-OR502AA_016	1830000	3	4	TTAGGG
Phum-OR502AA_016	1840000	2	3	TTAGGG
Phum-OR502AA_016	1850000	0	0	TTAGGG
Phum-OR502AA_016	1860000	0	0	TTAGGG
Phum-OR502AA_016	1870000	0	0	TTAGGG
Phum-OR502AA_016	1880000	0	0	TTAGGG
Phum-OR502AA_016	1890000	1	0	TTAGGG
Phum-OR502AA_016	1900000	0	0	TTAGGG
Phum-OR502AA_016	1910000	0	0	TTAGGG
Phum-OR502AA_016	1920000	0	0	TTAGGG
Phum-OR502AA_016	1930000	0	0	TTAGGG
Phum-OR502AA_016	1940000	0	0	TTAGGG
Phum-OR502AA_016	1950000	0	0	TTAGGG
Phum-OR502AA_016	1960000	0	0	TTAGGG
Phum-OR502AA_016	1969086	0	0	TTAGGG
Phum-OR502AA_017	10000	0	0	TTAGGG
Phum-OR502AA_017	20000	0	0	TTAGGG
Phum-OR502AA_017	30000	0	0	TTAGGG
Phum-OR502AA_017	40000	0	0	TTAGGG
Phum-OR502AA_017	50000	0	0	TTAGGG
Phum-OR502AA_017	60000	0	0	TTAGGG
Phum-OR502AA_017	70000	0	0	TTAGGG
Phum-OR502AA_017	80000	0	0	TTAGGG
Phum-OR502AA_017	90000	0	0	TTAGGG
Phum-OR502AA_017	100000	0	0	TTAGGG
Phum-OR502AA_017	110000	0	0	TTAGGG
Phum-OR502AA_017	120000	0	0	TTAGGG
Phum-OR502AA_017	130000	0	0	TTAGGG
Phum-OR502AA_017	140000	0	0	TTAGGG
Phum-OR502AA_017	150000	0	0	TTAGGG
Phum-OR502AA_017	160000	0	0	TTAGGG
Phum-OR502AA_017	170000	0	0	TTAGGG
Phum-OR502AA_017	180000	0	0	TTAGGG
Phum-OR502AA_017	190000	0	0	TTAGGG
Phum-OR502AA_017	200000	1	0	TTAGGG
Phum-OR502AA_017	210000	0	1	TTAGGG
Phum-OR502AA_017	220000	0	1	TTAGGG
Phum-OR502AA_017	230000	2	0	TTAGGG
Phum-OR502AA_017	240000	0	1	TTAGGG
Phum-OR502AA_017	250000	0	0	TTAGGG
Phum-OR502AA_017	260000	0	1	TTAGGG
Phum-OR502AA_017	270000	2	0	TTAGGG
Phum-OR502AA_017	280000	0	0	TTAGGG
Phum-OR502AA_017	290000	0	2	TTAGGG
Phum-OR502AA_017	300000	0	0	TTAGGG
Phum-OR502AA_017	310000	0	0	TTAGGG
Phum-OR502AA_017	320000	0	1	TTAGGG
Phum-OR502AA_017	330000	0	0	TTAGGG
Phum-OR502AA_017	340000	0	0	TTAGGG
Phum-OR502AA_017	350000	3	1	TTAGGG
Phum-OR502AA_017	360000	0	1	TTAGGG
Phum-OR502AA_017	370000	2	1	TTAGGG
Phum-OR502AA_017	380000	1	0	TTAGGG
Phum-OR502AA_017	390000	0	1	TTAGGG
Phum-OR502AA_017	400000	0	1	TTAGGG
Phum-OR502AA_017	410000	1	0	TTAGGG
Phum-OR502AA_017	420000	0	0	TTAGGG
Phum-OR502AA_017	430000	0	1	TTAGGG
Phum-OR502AA_017	440000	2	0	TTAGGG
Phum-OR502AA_017	450000	1	0	TTAGGG
Phum-OR502AA_017	460000	1	1	TTAGGG
Phum-OR502AA_017	470000	0	0	TTAGGG
Phum-OR502AA_017	480000	0	0	TTAGGG
Phum-OR502AA_017	490000	1	0	TTAGGG
Phum-OR502AA_017	500000	2	0	TTAGGG
Phum-OR502AA_017	510000	0	0	TTAGGG
Phum-OR502AA_017	520000	0	1	TTAGGG
Phum-OR502AA_017	530000	1	0	TTAGGG
Phum-OR502AA_017	540000	1	0	TTAGGG
Phum-OR502AA_017	550000	1	0	TTAGGG
Phum-OR502AA_017	560000	0	0	TTAGGG
Phum-OR502AA_017	570000	0	0	TTAGGG
Phum-OR502AA_017	580000	0	0	TTAGGG
Phum-OR502AA_017	590000	0	0	TTAGGG
Phum-OR502AA_017	600000	0	0	TTAGGG
Phum-OR502AA_017	610000	0	0	TTAGGG
Phum-OR502AA_017	620000	0	0	TTAGGG
Phum-OR502AA_017	630000	0	0	TTAGGG
Phum-OR502AA_017	640000	0	0	TTAGGG
Phum-OR502AA_017	650000	0	0	TTAGGG
Phum-OR502AA_017	660000	0	0	TTAGGG
Phum-OR502AA_017	670000	0	0	TTAGGG
Phum-OR502AA_017	680000	0	0	TTAGGG
Phum-OR502AA_017	690000	0	0	TTAGGG
Phum-OR502AA_017	700000	0	0	TTAGGG
Phum-OR502AA_017	710000	0	0	TTAGGG
Phum-OR502AA_017	720000	0	0	TTAGGG
Phum-OR502AA_017	730000	0	0	TTAGGG
Phum-OR502AA_017	740000	0	0	TTAGGG
Phum-OR502AA_017	750000	1	0	TTAGGG
Phum-OR502AA_017	760000	2	0	TTAGGG
Phum-OR502AA_017	770000	2	2	TTAGGG
Phum-OR502AA_017	780000	1	0	TTAGGG
Phum-OR502AA_017	790000	0	0	TTAGGG
Phum-OR502AA_017	800000	0	0	TTAGGG
Phum-OR502AA_017	810000	0	1	TTAGGG
Phum-OR502AA_017	820000	0	0	TTAGGG
Phum-OR502AA_017	830000	0	1	TTAGGG
Phum-OR502AA_017	840000	0	1	TTAGGG
Phum-OR502AA_017	850000	0	1	TTAGGG
Phum-OR502AA_017	860000	0	0	TTAGGG
Phum-OR502AA_017	870000	1	1	TTAGGG
Phum-OR502AA_017	880000	0	0	TTAGGG
Phum-OR502AA_017	890000	0	0	TTAGGG
Phum-OR502AA_017	900000	0	0	TTAGGG
Phum-OR502AA_017	910000	1	0	TTAGGG
Phum-OR502AA_017	920000	0	1	TTAGGG
Phum-OR502AA_017	930000	2	0	TTAGGG
Phum-OR502AA_017	940000	2	0	TTAGGG
Phum-OR502AA_017	950000	0	0	TTAGGG
Phum-OR502AA_017	960000	0	0	TTAGGG
Phum-OR502AA_017	970000	0	0	TTAGGG
Phum-OR502AA_017	980000	0	0	TTAGGG
Phum-OR502AA_017	990000	1	0	TTAGGG
Phum-OR502AA_017	1000000	0	1	TTAGGG
Phum-OR502AA_017	1010000	0	0	TTAGGG
Phum-OR502AA_017	1020000	0	0	TTAGGG
Phum-OR502AA_017	1030000	0	0	TTAGGG
Phum-OR502AA_017	1040000	0	0	TTAGGG
Phum-OR502AA_017	1050000	0	0	TTAGGG
Phum-OR502AA_017	1060000	0	0	TTAGGG
Phum-OR502AA_017	1070000	0	0	TTAGGG
Phum-OR502AA_017	1080000	0	0	TTAGGG
Phum-OR502AA_017	1090000	0	0	TTAGGG
Phum-OR502AA_017	1100000	0	0	TTAGGG
Phum-OR502AA_017	1110000	0	0	TTAGGG
Phum-OR502AA_017	1120000	0	0	TTAGGG
Phum-OR502AA_017	1130000	0	0	TTAGGG
Phum-OR502AA_017	1140000	0	0	TTAGGG
Phum-OR502AA_017	1150000	0	0	TTAGGG
Phum-OR502AA_017	1160000	0	0	TTAGGG
Phum-OR502AA_017	1170000	0	0	TTAGGG
Phum-OR502AA_017	1180000	0	0	TTAGGG
Phum-OR502AA_017	1190000	0	0	TTAGGG
Phum-OR502AA_017	1200000	0	0	TTAGGG
Phum-OR502AA_017	1210000	0	0	TTAGGG
Phum-OR502AA_017	1220000	0	0	TTAGGG
Phum-OR502AA_017	1230000	0	0	TTAGGG
Phum-OR502AA_017	1240000	0	0	TTAGGG
Phum-OR502AA_017	1250000	0	0	TTAGGG
Phum-OR502AA_017	1260000	0	0	TTAGGG
Phum-OR502AA_017	1270000	0	0	TTAGGG
Phum-OR502AA_017	1280000	0	0	TTAGGG
Phum-OR502AA_017	1290000	0	0	TTAGGG
Phum-OR502AA_017	1300000	0	0	TTAGGG
Phum-OR502AA_017	1310000	0	0	TTAGGG
Phum-OR502AA_017	1320000	0	0	TTAGGG
Phum-OR502AA_017	1330000	0	0	TTAGGG
Phum-OR502AA_017	1340000	0	0	TTAGGG
Phum-OR502AA_017	1350000	0	0	TTAGGG
Phum-OR502AA_017	1360000	0	0	TTAGGG
Phum-OR502AA_017	1370000	0	0	TTAGGG
Phum-OR502AA_017	1380000	0	0	TTAGGG
Phum-OR502AA_017	1390000	0	0	TTAGGG
Phum-OR502AA_017	1400000	0	0	TTAGGG
Phum-OR502AA_017	1410000	0	0	TTAGGG
Phum-OR502AA_017	1420000	0	0	TTAGGG
Phum-OR502AA_017	1430000	0	0	TTAGGG
Phum-OR502AA_017	1440000	0	0	TTAGGG
Phum-OR502AA_017	1450000	0	0	TTAGGG
Phum-OR502AA_017	1460000	0	0	TTAGGG
Phum-OR502AA_017	1470000	0	0	TTAGGG
Phum-OR502AA_017	1480000	0	0	TTAGGG
Phum-OR502AA_017	1490000	0	0	TTAGGG
Phum-OR502AA_017	1500000	0	0	TTAGGG
Phum-OR502AA_017	1510000	1	1	TTAGGG
Phum-OR502AA_017	1520000	0	1	TTAGGG
Phum-OR502AA_017	1530000	2	1	TTAGGG
Phum-OR502AA_017	1540000	0	1	TTAGGG
Phum-OR502AA_017	1550000	3	0	TTAGGG
Phum-OR502AA_017	1560000	1	1	TTAGGG
Phum-OR502AA_017	1570000	0	1	TTAGGG
Phum-OR502AA_017	1580000	0	0	TTAGGG
Phum-OR502AA_017	1590000	0	0	TTAGGG
Phum-OR502AA_017	1600000	0	0	TTAGGG
Phum-OR502AA_017	1610000	0	0	TTAGGG
Phum-OR502AA_017	1620000	0	0	TTAGGG
Phum-OR502AA_017	1630000	0	0	TTAGGG
Phum-OR502AA_017	1640000	0	0	TTAGGG
Phum-OR502AA_017	1650000	0	0	TTAGGG
Phum-OR502AA_017	1660000	0	0	TTAGGG
Phum-OR502AA_017	1670000	0	0	TTAGGG
Phum-OR502AA_017	1680000	0	0	TTAGGG
Phum-OR502AA_017	1690000	0	0	TTAGGG
Phum-OR502AA_017	1700000	0	0	TTAGGG
Phum-OR502AA_017	1710000	0	0	TTAGGG
Phum-OR502AA_017	1720000	0	0	TTAGGG
Phum-OR502AA_017	1730000	0	0	TTAGGG
Phum-OR502AA_017	1740000	0	0	TTAGGG
Phum-OR502AA_017	1750000	0	0	TTAGGG
Phum-OR502AA_017	1760000	0	0	TTAGGG
Phum-OR502AA_017	1770000	0	0	TTAGGG
Phum-OR502AA_017	1780000	0	0	TTAGGG
Phum-OR502AA_017	1790000	0	0	TTAGGG
Phum-OR502AA_017	1800000	0	0	TTAGGG
Phum-OR502AA_017	1810000	0	0	TTAGGG
Phum-OR502AA_017	1820000	0	0	TTAGGG
Phum-OR502AA_017	1830000	0	0	TTAGGG
Phum-OR502AA_017	1840000	0	0	TTAGGG
Phum-OR502AA_017	1850000	0	0	TTAGGG
Phum-OR502AA_017	1860000	0	0	TTAGGG
Phum-OR502AA_017	1870000	0	0	TTAGGG
Phum-OR502AA_017	1880000	0	1	TTAGGG
Phum-OR502AA_017	1890000	0	0	TTAGGG
Phum-OR502AA_017	1900000	0	0	TTAGGG
Phum-OR502AA_017	1905261	43	0	TTAGGG
Phum-OR502AA_018	10000	0	0	TTAGGG
Phum-OR502AA_018	20000	0	0	TTAGGG
Phum-OR502AA_018	30000	0	0	TTAGGG
Phum-OR502AA_018	40000	0	1	TTAGGG
Phum-OR502AA_018	50000	0	0	TTAGGG
Phum-OR502AA_018	60000	1	0	TTAGGG
Phum-OR502AA_018	70000	0	0	TTAGGG
Phum-OR502AA_018	80000	0	0	TTAGGG
Phum-OR502AA_018	90000	1	0	TTAGGG
Phum-OR502AA_018	100000	0	0	TTAGGG
Phum-OR502AA_018	110000	0	1	TTAGGG
Phum-OR502AA_018	120000	0	0	TTAGGG
Phum-OR502AA_018	130000	0	0	TTAGGG
Phum-OR502AA_018	140000	0	0	TTAGGG
Phum-OR502AA_018	150000	0	1	TTAGGG
Phum-OR502AA_018	160000	0	0	TTAGGG
Phum-OR502AA_018	170000	0	1	TTAGGG
Phum-OR502AA_018	180000	0	0	TTAGGG
Phum-OR502AA_018	190000	0	0	TTAGGG
Phum-OR502AA_018	200000	0	1	TTAGGG
Phum-OR502AA_018	210000	0	0	TTAGGG
Phum-OR502AA_018	220000	0	1	TTAGGG
Phum-OR502AA_018	230000	0	0	TTAGGG
Phum-OR502AA_018	240000	0	1	TTAGGG
Phum-OR502AA_018	250000	0	0	TTAGGG
Phum-OR502AA_018	260000	0	1	TTAGGG
Phum-OR502AA_018	270000	0	1	TTAGGG
Phum-OR502AA_018	280000	0	0	TTAGGG
Phum-OR502AA_018	290000	0	0	TTAGGG
Phum-OR502AA_018	300000	0	1	TTAGGG
Phum-OR502AA_018	310000	0	2	TTAGGG
Phum-OR502AA_018	320000	0	0	TTAGGG
Phum-OR502AA_018	330000	2	1	TTAGGG
Phum-OR502AA_018	340000	0	0	TTAGGG
Phum-OR502AA_018	350000	0	0	TTAGGG
Phum-OR502AA_018	360000	0	0	TTAGGG
Phum-OR502AA_018	370000	0	2	TTAGGG
Phum-OR502AA_018	380000	2	1	TTAGGG
Phum-OR502AA_018	390000	0	0	TTAGGG
Phum-OR502AA_018	400000	0	1	TTAGGG
Phum-OR502AA_018	410000	0	1	TTAGGG
Phum-OR502AA_018	420000	0	0	TTAGGG
Phum-OR502AA_018	430000	2	0	TTAGGG
Phum-OR502AA_018	440000	0	0	TTAGGG
Phum-OR502AA_018	450000	0	2	TTAGGG
Phum-OR502AA_018	460000	6	0	TTAGGG
Phum-OR502AA_018	470000	2	0	TTAGGG
Phum-OR502AA_018	480000	0	1	TTAGGG
Phum-OR502AA_018	490000	2	0	TTAGGG
Phum-OR502AA_018	500000	0	0	TTAGGG
Phum-OR502AA_018	510000	0	0	TTAGGG
Phum-OR502AA_018	520000	1	0	TTAGGG
Phum-OR502AA_018	530000	1	0	TTAGGG
Phum-OR502AA_018	540000	2	1	TTAGGG
Phum-OR502AA_018	550000	0	0	TTAGGG
Phum-OR502AA_018	560000	0	0	TTAGGG
Phum-OR502AA_018	570000	0	0	TTAGGG
Phum-OR502AA_018	580000	0	0	TTAGGG
Phum-OR502AA_018	590000	0	0	TTAGGG
Phum-OR502AA_018	600000	0	0	TTAGGG
Phum-OR502AA_018	610000	0	0	TTAGGG
Phum-OR502AA_018	620000	0	0	TTAGGG
Phum-OR502AA_018	630000	0	0	TTAGGG
Phum-OR502AA_018	640000	0	0	TTAGGG
Phum-OR502AA_018	650000	0	0	TTAGGG
Phum-OR502AA_018	660000	0	0	TTAGGG
Phum-OR502AA_018	670000	0	0	TTAGGG
Phum-OR502AA_018	680000	1	1	TTAGGG
Phum-OR502AA_018	690000	0	0	TTAGGG
Phum-OR502AA_018	700000	1	0	TTAGGG
Phum-OR502AA_018	710000	0	0	TTAGGG
Phum-OR502AA_018	720000	0	1	TTAGGG
Phum-OR502AA_018	730000	1	0	TTAGGG
Phum-OR502AA_018	740000	0	0	TTAGGG
Phum-OR502AA_018	750000	3	2	TTAGGG
Phum-OR502AA_018	760000	0	0	TTAGGG
Phum-OR502AA_018	770000	1	0	TTAGGG
Phum-OR502AA_018	780000	0	0	TTAGGG
Phum-OR502AA_018	790000	0	0	TTAGGG
Phum-OR502AA_018	800000	1	0	TTAGGG
Phum-OR502AA_018	810000	0	1	TTAGGG
Phum-OR502AA_018	820000	0	2	TTAGGG
Phum-OR502AA_018	830000	1	3	TTAGGG
Phum-OR502AA_018	840000	1	0	TTAGGG
Phum-OR502AA_018	850000	0	0	TTAGGG
Phum-OR502AA_018	860000	0	0	TTAGGG
Phum-OR502AA_018	870000	0	0	TTAGGG
Phum-OR502AA_018	880000	0	0	TTAGGG
Phum-OR502AA_018	890000	0	1	TTAGGG
Phum-OR502AA_018	900000	1	1	TTAGGG
Phum-OR502AA_018	910000	0	2	TTAGGG
Phum-OR502AA_018	920000	2	0	TTAGGG
Phum-OR502AA_018	930000	1	0	TTAGGG
Phum-OR502AA_018	940000	0	0	TTAGGG
Phum-OR502AA_018	950000	0	0	TTAGGG
Phum-OR502AA_018	960000	0	0	TTAGGG
Phum-OR502AA_018	970000	0	0	TTAGGG
Phum-OR502AA_018	980000	0	0	TTAGGG
Phum-OR502AA_018	990000	0	0	TTAGGG
Phum-OR502AA_018	1000000	0	0	TTAGGG
Phum-OR502AA_018	1010000	0	0	TTAGGG
Phum-OR502AA_018	1020000	0	1	TTAGGG
Phum-OR502AA_018	1030000	0	0	TTAGGG
Phum-OR502AA_018	1040000	0	0	TTAGGG
Phum-OR502AA_018	1050000	0	1	TTAGGG
Phum-OR502AA_018	1060000	0	0	TTAGGG
Phum-OR502AA_018	1070000	0	0	TTAGGG
Phum-OR502AA_018	1080000	0	0	TTAGGG
Phum-OR502AA_018	1090000	0	1	TTAGGG
Phum-OR502AA_018	1100000	0	0	TTAGGG
Phum-OR502AA_018	1110000	0	1	TTAGGG
Phum-OR502AA_018	1120000	0	0	TTAGGG
Phum-OR502AA_018	1130000	0	0	TTAGGG
Phum-OR502AA_018	1140000	1	0	TTAGGG
Phum-OR502AA_018	1150000	0	1	TTAGGG
Phum-OR502AA_018	1160000	1	1	TTAGGG
Phum-OR502AA_018	1170000	1	4	TTAGGG
Phum-OR502AA_018	1180000	0	0	TTAGGG
Phum-OR502AA_018	1190000	0	0	TTAGGG
Phum-OR502AA_018	1200000	0	0	TTAGGG
Phum-OR502AA_018	1210000	0	0	TTAGGG
Phum-OR502AA_018	1220000	0	0	TTAGGG
Phum-OR502AA_018	1230000	0	0	TTAGGG
Phum-OR502AA_018	1240000	0	0	TTAGGG
Phum-OR502AA_018	1250000	0	0	TTAGGG
Phum-OR502AA_018	1260000	0	0	TTAGGG
Phum-OR502AA_018	1270000	0	0	TTAGGG
Phum-OR502AA_018	1280000	0	0	TTAGGG
Phum-OR502AA_018	1290000	0	0	TTAGGG
Phum-OR502AA_018	1300000	0	0	TTAGGG
Phum-OR502AA_018	1310000	0	0	TTAGGG
Phum-OR502AA_018	1320000	0	0	TTAGGG
Phum-OR502AA_018	1330000	0	0	TTAGGG
Phum-OR502AA_018	1340000	0	2	TTAGGG
Phum-OR502AA_018	1350000	0	0	TTAGGG
Phum-OR502AA_018	1360000	0	0	TTAGGG
Phum-OR502AA_018	1370000	0	0	TTAGGG
Phum-OR502AA_018	1380000	0	0	TTAGGG
Phum-OR502AA_018	1390000	0	0	TTAGGG
Phum-OR502AA_018	1400000	0	0	TTAGGG
Phum-OR502AA_018	1410000	0	0	TTAGGG
Phum-OR502AA_018	1420000	0	0	TTAGGG
Phum-OR502AA_018	1430000	0	1	TTAGGG
Phum-OR502AA_018	1440000	0	0	TTAGGG
Phum-OR502AA_018	1450000	0	0	TTAGGG
Phum-OR502AA_018	1460000	0	0	TTAGGG
Phum-OR502AA_018	1470000	3	0	TTAGGG
Phum-OR502AA_018	1480000	0	3	TTAGGG
Phum-OR502AA_018	1490000	1	0	TTAGGG
Phum-OR502AA_018	1500000	0	0	TTAGGG
Phum-OR502AA_018	1510000	0	1	TTAGGG
Phum-OR502AA_018	1520000	0	0	TTAGGG
Phum-OR502AA_018	1530000	0	1	TTAGGG
Phum-OR502AA_018	1540000	0	0	TTAGGG
Phum-OR502AA_018	1550000	0	0	TTAGGG
Phum-OR502AA_018	1560000	3	1	TTAGGG
Phum-OR502AA_018	1570000	1	3	TTAGGG
Phum-OR502AA_018	1580000	0	1	TTAGGG
Phum-OR502AA_018	1590000	0	1	TTAGGG
Phum-OR502AA_018	1600000	0	0	TTAGGG
Phum-OR502AA_018	1610000	1	0	TTAGGG
Phum-OR502AA_018	1620000	0	0	TTAGGG
Phum-OR502AA_018	1630000	0	1	TTAGGG
Phum-OR502AA_018	1640000	0	3	TTAGGG
Phum-OR502AA_018	1650000	0	3	TTAGGG
Phum-OR502AA_018	1660000	0	3	TTAGGG
Phum-OR502AA_018	1670000	0	4	TTAGGG
Phum-OR502AA_018	1680000	0	4	TTAGGG
Phum-OR502AA_018	1690000	2	0	TTAGGG
Phum-OR502AA_018	1700000	1	0	TTAGGG
Phum-OR502AA_018	1710000	4	0	TTAGGG
Phum-OR502AA_018	1720000	3	0	TTAGGG
Phum-OR502AA_018	1730000	4	0	TTAGGG
Phum-OR502AA_018	1740000	4	0	TTAGGG
Phum-OR502AA_018	1750000	3	0	TTAGGG
Phum-OR502AA_018	1760000	2	0	TTAGGG
Phum-OR502AA_018	1770000	4	0	TTAGGG
Phum-OR502AA_018	1780000	3	0	TTAGGG
Phum-OR502AA_018	1790000	4	0	TTAGGG
Phum-OR502AA_018	1800000	4	0	TTAGGG
Phum-OR502AA_018	1810000	3	0	TTAGGG
Phum-OR502AA_018	1820000	3	0	TTAGGG
Phum-OR502AA_018	1830000	3	0	TTAGGG
Phum-OR502AA_018	1840000	4	0	TTAGGG
Phum-OR502AA_018	1850000	3	0	TTAGGG
Phum-OR502AA_018	1860000	4	0	TTAGGG
Phum-OR502AA_018	1870000	4	0	TTAGGG
Phum-OR502AA_018	1880000	3	0	TTAGGG
Phum-OR502AA_018	1890000	2	0	TTAGGG
Phum-OR502AA_018	1900000	4	0	TTAGGG
Phum-OR502AA_018	1903181	2	0	TTAGGG
Phum-OR502AA_019	10000	0	53	TTAGGG
Phum-OR502AA_019	20000	0	0	TTAGGG
Phum-OR502AA_019	30000	1	1	TTAGGG
Phum-OR502AA_019	40000	1	0	TTAGGG
Phum-OR502AA_019	50000	0	0	TTAGGG
Phum-OR502AA_019	60000	0	0	TTAGGG
Phum-OR502AA_019	70000	0	0	TTAGGG
Phum-OR502AA_019	80000	0	0	TTAGGG
Phum-OR502AA_019	90000	1	1	TTAGGG
Phum-OR502AA_019	100000	0	0	TTAGGG
Phum-OR502AA_019	110000	0	0	TTAGGG
Phum-OR502AA_019	120000	0	0	TTAGGG
Phum-OR502AA_019	130000	1	0	TTAGGG
Phum-OR502AA_019	140000	2	0	TTAGGG
Phum-OR502AA_019	150000	0	0	TTAGGG
Phum-OR502AA_019	160000	0	1	TTAGGG
Phum-OR502AA_019	170000	0	0	TTAGGG
Phum-OR502AA_019	180000	0	0	TTAGGG
Phum-OR502AA_019	190000	0	0	TTAGGG
Phum-OR502AA_019	200000	0	0	TTAGGG
Phum-OR502AA_019	210000	0	1	TTAGGG
Phum-OR502AA_019	220000	0	0	TTAGGG
Phum-OR502AA_019	230000	1	0	TTAGGG
Phum-OR502AA_019	240000	0	1	TTAGGG
Phum-OR502AA_019	250000	1	0	TTAGGG
Phum-OR502AA_019	260000	2	3	TTAGGG
Phum-OR502AA_019	270000	2	0	TTAGGG
Phum-OR502AA_019	280000	1	1	TTAGGG
Phum-OR502AA_019	290000	0	0	TTAGGG
Phum-OR502AA_019	300000	1	1	TTAGGG
Phum-OR502AA_019	310000	0	1	TTAGGG
Phum-OR502AA_019	320000	0	0	TTAGGG
Phum-OR502AA_019	330000	0	0	TTAGGG
Phum-OR502AA_019	340000	0	0	TTAGGG
Phum-OR502AA_019	350000	0	0	TTAGGG
Phum-OR502AA_019	360000	0	1	TTAGGG
Phum-OR502AA_019	370000	0	0	TTAGGG
Phum-OR502AA_019	380000	1	0	TTAGGG
Phum-OR502AA_019	390000	1	0	TTAGGG
Phum-OR502AA_019	400000	0	0	TTAGGG
Phum-OR502AA_019	410000	0	0	TTAGGG
Phum-OR502AA_019	420000	1	0	TTAGGG
Phum-OR502AA_019	430000	0	0	TTAGGG
Phum-OR502AA_019	440000	0	2	TTAGGG
Phum-OR502AA_019	450000	1	0	TTAGGG
Phum-OR502AA_019	460000	0	0	TTAGGG
Phum-OR502AA_019	470000	0	0	TTAGGG
Phum-OR502AA_019	480000	1	0	TTAGGG
Phum-OR502AA_019	490000	1	1	TTAGGG
Phum-OR502AA_019	500000	0	0	TTAGGG
Phum-OR502AA_019	510000	0	2	TTAGGG
Phum-OR502AA_019	520000	1	0	TTAGGG
Phum-OR502AA_019	530000	1	3	TTAGGG
Phum-OR502AA_019	540000	0	2	TTAGGG
Phum-OR502AA_019	550000	1	2	TTAGGG
Phum-OR502AA_019	560000	2	1	TTAGGG
Phum-OR502AA_019	570000	0	1	TTAGGG
Phum-OR502AA_019	580000	2	0	TTAGGG
Phum-OR502AA_019	590000	0	0	TTAGGG
Phum-OR502AA_019	600000	0	0	TTAGGG
Phum-OR502AA_019	610000	0	0	TTAGGG
Phum-OR502AA_019	620000	0	0	TTAGGG
Phum-OR502AA_019	630000	0	0	TTAGGG
Phum-OR502AA_019	640000	0	0	TTAGGG
Phum-OR502AA_019	650000	0	0	TTAGGG
Phum-OR502AA_019	660000	0	0	TTAGGG
Phum-OR502AA_019	670000	0	0	TTAGGG
Phum-OR502AA_019	680000	0	0	TTAGGG
Phum-OR502AA_019	690000	0	0	TTAGGG
Phum-OR502AA_019	700000	0	0	TTAGGG
Phum-OR502AA_019	710000	0	0	TTAGGG
Phum-OR502AA_019	720000	0	0	TTAGGG
Phum-OR502AA_019	730000	0	0	TTAGGG
Phum-OR502AA_019	740000	0	0	TTAGGG
Phum-OR502AA_019	750000	0	0	TTAGGG
Phum-OR502AA_019	760000	0	0	TTAGGG
Phum-OR502AA_019	770000	0	4	TTAGGG
Phum-OR502AA_019	780000	0	3	TTAGGG
Phum-OR502AA_019	790000	0	0	TTAGGG
Phum-OR502AA_019	800000	0	0	TTAGGG
Phum-OR502AA_019	810000	1	0	TTAGGG
Phum-OR502AA_019	820000	2	0	TTAGGG
Phum-OR502AA_019	830000	1	1	TTAGGG
Phum-OR502AA_019	840000	0	0	TTAGGG
Phum-OR502AA_019	850000	0	0	TTAGGG
Phum-OR502AA_019	860000	0	0	TTAGGG
Phum-OR502AA_019	870000	0	0	TTAGGG
Phum-OR502AA_019	880000	0	0	TTAGGG
Phum-OR502AA_019	890000	0	0	TTAGGG
Phum-OR502AA_019	900000	0	0	TTAGGG
Phum-OR502AA_019	910000	0	3	TTAGGG
Phum-OR502AA_019	920000	0	4	TTAGGG
Phum-OR502AA_019	930000	0	0	TTAGGG
Phum-OR502AA_019	940000	1	0	TTAGGG
Phum-OR502AA_019	950000	2	0	TTAGGG
Phum-OR502AA_019	960000	1	1	TTAGGG
Phum-OR502AA_019	970000	0	0	TTAGGG
Phum-OR502AA_019	980000	0	0	TTAGGG
Phum-OR502AA_019	990000	0	0	TTAGGG
Phum-OR502AA_019	1000000	0	0	TTAGGG
Phum-OR502AA_019	1010000	0	0	TTAGGG
Phum-OR502AA_019	1020000	0	0	TTAGGG
Phum-OR502AA_019	1030000	0	0	TTAGGG
Phum-OR502AA_019	1040000	1	0	TTAGGG
Phum-OR502AA_019	1050000	2	0	TTAGGG
Phum-OR502AA_019	1060000	6	1	TTAGGG
Phum-OR502AA_019	1070000	8	0	TTAGGG
Phum-OR502AA_019	1080000	8	0	TTAGGG
Phum-OR502AA_019	1090000	8	0	TTAGGG
Phum-OR502AA_019	1100000	7	0	TTAGGG
Phum-OR502AA_019	1110000	7	0	TTAGGG
Phum-OR502AA_019	1120000	7	0	TTAGGG
Phum-OR502AA_019	1130000	8	0	TTAGGG
Phum-OR502AA_019	1140000	8	0	TTAGGG
Phum-OR502AA_019	1150000	8	0	TTAGGG
Phum-OR502AA_019	1160000	8	0	TTAGGG
Phum-OR502AA_019	1170000	8	0	TTAGGG
Phum-OR502AA_019	1180000	8	0	TTAGGG
Phum-OR502AA_019	1190000	8	0	TTAGGG
Phum-OR502AA_019	1200000	2	0	TTAGGG
Phum-OR502AA_019	1210000	0	0	TTAGGG
Phum-OR502AA_019	1220000	0	0	TTAGGG
Phum-OR502AA_019	1230000	0	0	TTAGGG
Phum-OR502AA_019	1240000	1	0	TTAGGG
Phum-OR502AA_019	1250000	0	0	TTAGGG
Phum-OR502AA_019	1260000	0	0	TTAGGG
Phum-OR502AA_019	1270000	0	0	TTAGGG
Phum-OR502AA_019	1280000	0	0	TTAGGG
Phum-OR502AA_019	1290000	0	0	TTAGGG
Phum-OR502AA_019	1300000	0	0	TTAGGG
Phum-OR502AA_019	1310000	0	0	TTAGGG
Phum-OR502AA_019	1320000	0	0	TTAGGG
Phum-OR502AA_019	1330000	0	0	TTAGGG
Phum-OR502AA_019	1340000	0	0	TTAGGG
Phum-OR502AA_019	1350000	0	0	TTAGGG
Phum-OR502AA_019	1360000	0	0	TTAGGG
Phum-OR502AA_019	1370000	0	1	TTAGGG
Phum-OR502AA_019	1380000	0	0	TTAGGG
Phum-OR502AA_019	1390000	0	0	TTAGGG
Phum-OR502AA_019	1400000	0	0	TTAGGG
Phum-OR502AA_019	1410000	1	0	TTAGGG
Phum-OR502AA_019	1420000	0	0	TTAGGG
Phum-OR502AA_019	1430000	0	0	TTAGGG
Phum-OR502AA_019	1440000	0	0	TTAGGG
Phum-OR502AA_019	1450000	0	0	TTAGGG
Phum-OR502AA_019	1460000	0	0	TTAGGG
Phum-OR502AA_019	1470000	0	0	TTAGGG
Phum-OR502AA_019	1480000	0	0	TTAGGG
Phum-OR502AA_019	1489530	0	0	TTAGGG
Phum-OR502AA_020	10000	1	58	TTAGGG
Phum-OR502AA_020	20000	0	1	TTAGGG
Phum-OR502AA_020	30000	1	1	TTAGGG
Phum-OR502AA_020	40000	0	1	TTAGGG
Phum-OR502AA_020	50000	0	0	TTAGGG
Phum-OR502AA_020	60000	1	1	TTAGGG
Phum-OR502AA_020	70000	0	0	TTAGGG
Phum-OR502AA_020	80000	2	0	TTAGGG
Phum-OR502AA_020	90000	1	1	TTAGGG
Phum-OR502AA_020	100000	0	1	TTAGGG
Phum-OR502AA_020	110000	0	0	TTAGGG
Phum-OR502AA_020	120000	3	0	TTAGGG
Phum-OR502AA_020	130000	2	0	TTAGGG
Phum-OR502AA_020	140000	1	0	TTAGGG
Phum-OR502AA_020	150000	0	0	TTAGGG
Phum-OR502AA_020	160000	1	0	TTAGGG
Phum-OR502AA_020	170000	0	0	TTAGGG
Phum-OR502AA_020	180000	0	0	TTAGGG
Phum-OR502AA_020	190000	0	0	TTAGGG
Phum-OR502AA_020	200000	0	0	TTAGGG
Phum-OR502AA_020	210000	0	0	TTAGGG
Phum-OR502AA_020	220000	2	0	TTAGGG
Phum-OR502AA_020	230000	0	1	TTAGGG
Phum-OR502AA_020	240000	0	0	TTAGGG
Phum-OR502AA_020	250000	0	0	TTAGGG
Phum-OR502AA_020	260000	0	0	TTAGGG
Phum-OR502AA_020	270000	0	0	TTAGGG
Phum-OR502AA_020	280000	0	0	TTAGGG
Phum-OR502AA_020	290000	0	0	TTAGGG
Phum-OR502AA_020	300000	0	0	TTAGGG
Phum-OR502AA_020	310000	0	0	TTAGGG
Phum-OR502AA_020	320000	0	0	TTAGGG
Phum-OR502AA_020	330000	0	0	TTAGGG
Phum-OR502AA_020	340000	0	0	TTAGGG
Phum-OR502AA_020	350000	0	0	TTAGGG
Phum-OR502AA_020	360000	0	0	TTAGGG
Phum-OR502AA_020	370000	0	0	TTAGGG
Phum-OR502AA_020	380000	0	0	TTAGGG
Phum-OR502AA_020	390000	0	0	TTAGGG
Phum-OR502AA_020	400000	0	0	TTAGGG
Phum-OR502AA_020	410000	1	1	TTAGGG
Phum-OR502AA_020	420000	0	4	TTAGGG
Phum-OR502AA_020	430000	0	1	TTAGGG
Phum-OR502AA_020	440000	0	3	TTAGGG
Phum-OR502AA_020	450000	0	0	TTAGGG
Phum-OR502AA_020	460000	0	0	TTAGGG
Phum-OR502AA_020	470000	0	0	TTAGGG
Phum-OR502AA_020	480000	0	0	TTAGGG
Phum-OR502AA_020	490000	0	0	TTAGGG
Phum-OR502AA_020	500000	0	0	TTAGGG
Phum-OR502AA_020	510000	0	1	TTAGGG
Phum-OR502AA_020	520000	1	0	TTAGGG
Phum-OR502AA_020	530000	1	0	TTAGGG
Phum-OR502AA_020	540000	0	1	TTAGGG
Phum-OR502AA_020	550000	0	0	TTAGGG
Phum-OR502AA_020	560000	0	0	TTAGGG
Phum-OR502AA_020	570000	0	0	TTAGGG
Phum-OR502AA_020	580000	0	0	TTAGGG
Phum-OR502AA_020	590000	0	1	TTAGGG
Phum-OR502AA_020	600000	2	1	TTAGGG
Phum-OR502AA_020	610000	0	1	TTAGGG
Phum-OR502AA_020	620000	0	0	TTAGGG
Phum-OR502AA_020	630000	3	2	TTAGGG
Phum-OR502AA_020	640000	3	3	TTAGGG
Phum-OR502AA_020	650000	1	1	TTAGGG
Phum-OR502AA_020	660000	0	1	TTAGGG
Phum-OR502AA_020	670000	1	0	TTAGGG
Phum-OR502AA_020	680000	1	0	TTAGGG
Phum-OR502AA_020	690000	0	0	TTAGGG
Phum-OR502AA_020	700000	0	0	TTAGGG
Phum-OR502AA_020	710000	0	1	TTAGGG
Phum-OR502AA_020	720000	0	0	TTAGGG
Phum-OR502AA_020	730000	0	0	TTAGGG
Phum-OR502AA_020	740000	0	0	TTAGGG
Phum-OR502AA_020	750000	0	0	TTAGGG
Phum-OR502AA_020	760000	0	0	TTAGGG
Phum-OR502AA_020	770000	0	0	TTAGGG
Phum-OR502AA_020	780000	0	0	TTAGGG
Phum-OR502AA_020	790000	1	0	TTAGGG
Phum-OR502AA_020	800000	0	0	TTAGGG
Phum-OR502AA_020	810000	1	0	TTAGGG
Phum-OR502AA_020	820000	0	0	TTAGGG
Phum-OR502AA_020	830000	0	0	TTAGGG
Phum-OR502AA_020	840000	0	0	TTAGGG
Phum-OR502AA_020	850000	0	0	TTAGGG
Phum-OR502AA_020	860000	4	1	TTAGGG
Phum-OR502AA_020	870000	1	0	TTAGGG
Phum-OR502AA_020	880000	0	1	TTAGGG
Phum-OR502AA_020	890000	0	0	TTAGGG
Phum-OR502AA_020	900000	0	1	TTAGGG
Phum-OR502AA_020	910000	0	0	TTAGGG
Phum-OR502AA_020	920000	1	0	TTAGGG
Phum-OR502AA_020	930000	0	0	TTAGGG
Phum-OR502AA_020	940000	0	0	TTAGGG
Phum-OR502AA_020	950000	1	1	TTAGGG
Phum-OR502AA_020	960000	0	0	TTAGGG
Phum-OR502AA_020	970000	0	0	TTAGGG
Phum-OR502AA_020	980000	0	0	TTAGGG
Phum-OR502AA_020	990000	0	0	TTAGGG
Phum-OR502AA_020	1000000	1	1	TTAGGG
Phum-OR502AA_020	1010000	0	0	TTAGGG
Phum-OR502AA_020	1020000	0	0	TTAGGG
Phum-OR502AA_020	1030000	3	2	TTAGGG
Phum-OR502AA_020	1040000	1	0	TTAGGG
Phum-OR502AA_020	1050000	1	0	TTAGGG
Phum-OR502AA_020	1060000	0	1	TTAGGG
Phum-OR502AA_020	1070000	0	0	TTAGGG
Phum-OR502AA_020	1080000	1	0	TTAGGG
Phum-OR502AA_020	1090000	0	1	TTAGGG
Phum-OR502AA_020	1100000	0	0	TTAGGG
Phum-OR502AA_020	1110000	1	0	TTAGGG
Phum-OR502AA_020	1120000	0	0	TTAGGG
Phum-OR502AA_020	1130000	0	1	TTAGGG
Phum-OR502AA_020	1140000	0	0	TTAGGG
Phum-OR502AA_020	1150000	0	1	TTAGGG
Phum-OR502AA_020	1160000	0	0	TTAGGG
Phum-OR502AA_020	1170000	0	1	TTAGGG
Phum-OR502AA_020	1180000	0	0	TTAGGG
Phum-OR502AA_020	1190000	1	0	TTAGGG
Phum-OR502AA_020	1200000	1	0	TTAGGG
Phum-OR502AA_020	1210000	0	4	TTAGGG
Phum-OR502AA_020	1220000	0	0	TTAGGG
Phum-OR502AA_020	1230000	1	0	TTAGGG
Phum-OR502AA_020	1240000	1	0	TTAGGG
Phum-OR502AA_020	1250000	0	0	TTAGGG
Phum-OR502AA_020	1260000	1	0	TTAGGG
Phum-OR502AA_020	1270000	1	0	TTAGGG
Phum-OR502AA_020	1280000	0	0	TTAGGG
Phum-OR502AA_020	1290000	1	0	TTAGGG
Phum-OR502AA_020	1300000	0	0	TTAGGG
Phum-OR502AA_020	1310000	0	0	TTAGGG
Phum-OR502AA_020	1320000	1	0	TTAGGG
Phum-OR502AA_020	1330000	1	0	TTAGGG
Phum-OR502AA_020	1340000	1	0	TTAGGG
Phum-OR502AA_020	1350000	0	0	TTAGGG
Phum-OR502AA_020	1360000	1	0	TTAGGG
Phum-OR502AA_020	1370000	0	0	TTAGGG
Phum-OR502AA_020	1380000	0	0	TTAGGG
Phum-OR502AA_020	1390000	0	0	TTAGGG
Phum-OR502AA_020	1400000	0	0	TTAGGG
Phum-OR502AA_020	1410000	0	0	TTAGGG
Phum-OR502AA_020	1420000	0	0	TTAGGG
Phum-OR502AA_020	1430000	0	0	TTAGGG
Phum-OR502AA_020	1440000	0	0	TTAGGG
Phum-OR502AA_020	1450000	0	0	TTAGGG
Phum-OR502AA_020	1460000	0	0	TTAGGG
Phum-OR502AA_020	1465051	0	0	TTAGGG
Phum-OR502AA_021	10000	0	0	TTAGGG
Phum-OR502AA_021	20000	0	0	TTAGGG
Phum-OR502AA_021	30000	0	0	TTAGGG
Phum-OR502AA_021	40000	0	0	TTAGGG
Phum-OR502AA_021	50000	0	0	TTAGGG
Phum-OR502AA_021	60000	0	0	TTAGGG
Phum-OR502AA_021	70000	0	0	TTAGGG
Phum-OR502AA_021	80000	0	0	TTAGGG
Phum-OR502AA_021	90000	0	0	TTAGGG
Phum-OR502AA_021	100000	0	0	TTAGGG
Phum-OR502AA_021	110000	0	0	TTAGGG
Phum-OR502AA_021	120000	0	0	TTAGGG
Phum-OR502AA_021	130000	0	0	TTAGGG
Phum-OR502AA_021	140000	0	0	TTAGGG
Phum-OR502AA_021	150000	0	0	TTAGGG
Phum-OR502AA_021	160000	0	0	TTAGGG
Phum-OR502AA_021	170000	0	0	TTAGGG
Phum-OR502AA_021	180000	0	0	TTAGGG
Phum-OR502AA_021	190000	0	0	TTAGGG
Phum-OR502AA_021	200000	0	1	TTAGGG
Phum-OR502AA_021	210000	0	0	TTAGGG
Phum-OR502AA_021	220000	0	0	TTAGGG
Phum-OR502AA_021	230000	1	0	TTAGGG
Phum-OR502AA_021	240000	0	0	TTAGGG
Phum-OR502AA_021	250000	1	1	TTAGGG
Phum-OR502AA_021	260000	0	0	TTAGGG
Phum-OR502AA_021	270000	2	0	TTAGGG
Phum-OR502AA_021	280000	0	0	TTAGGG
Phum-OR502AA_021	290000	0	0	TTAGGG
Phum-OR502AA_021	300000	0	0	TTAGGG
Phum-OR502AA_021	310000	0	0	TTAGGG
Phum-OR502AA_021	320000	0	0	TTAGGG
Phum-OR502AA_021	330000	0	0	TTAGGG
Phum-OR502AA_021	340000	0	0	TTAGGG
Phum-OR502AA_021	350000	0	0	TTAGGG
Phum-OR502AA_021	360000	0	0	TTAGGG
Phum-OR502AA_021	370000	0	0	TTAGGG
Phum-OR502AA_021	380000	0	0	TTAGGG
Phum-OR502AA_021	390000	0	0	TTAGGG
Phum-OR502AA_021	400000	0	0	TTAGGG
Phum-OR502AA_021	410000	0	0	TTAGGG
Phum-OR502AA_021	420000	0	1	TTAGGG
Phum-OR502AA_021	430000	0	0	TTAGGG
Phum-OR502AA_021	440000	1	0	TTAGGG
Phum-OR502AA_021	450000	0	2	TTAGGG
Phum-OR502AA_021	460000	1	2	TTAGGG
Phum-OR502AA_021	470000	0	0	TTAGGG
Phum-OR502AA_021	480000	1	1	TTAGGG
Phum-OR502AA_021	490000	0	0	TTAGGG
Phum-OR502AA_021	500000	0	0	TTAGGG
Phum-OR502AA_021	510000	0	1	TTAGGG
Phum-OR502AA_021	520000	0	0	TTAGGG
Phum-OR502AA_021	530000	1	0	TTAGGG
Phum-OR502AA_021	540000	0	0	TTAGGG
Phum-OR502AA_021	550000	0	0	TTAGGG
Phum-OR502AA_021	560000	0	0	TTAGGG
Phum-OR502AA_021	570000	0	0	TTAGGG
Phum-OR502AA_021	580000	0	1	TTAGGG
Phum-OR502AA_021	590000	3	3	TTAGGG
Phum-OR502AA_021	600000	0	0	TTAGGG
Phum-OR502AA_021	610000	0	0	TTAGGG
Phum-OR502AA_021	620000	0	1	TTAGGG
Phum-OR502AA_021	630000	0	0	TTAGGG
Phum-OR502AA_021	640000	0	0	TTAGGG
Phum-OR502AA_021	650000	0	0	TTAGGG
Phum-OR502AA_021	660000	0	0	TTAGGG
Phum-OR502AA_021	670000	0	0	TTAGGG
Phum-OR502AA_021	680000	0	0	TTAGGG
Phum-OR502AA_021	690000	0	0	TTAGGG
Phum-OR502AA_021	700000	0	0	TTAGGG
Phum-OR502AA_021	710000	0	0	TTAGGG
Phum-OR502AA_021	720000	0	0	TTAGGG
Phum-OR502AA_021	730000	0	0	TTAGGG
Phum-OR502AA_021	740000	0	0	TTAGGG
Phum-OR502AA_021	750000	0	0	TTAGGG
Phum-OR502AA_021	760000	0	0	TTAGGG
Phum-OR502AA_021	770000	0	0	TTAGGG
Phum-OR502AA_021	780000	0	0	TTAGGG
Phum-OR502AA_021	790000	0	0	TTAGGG
Phum-OR502AA_021	800000	0	0	TTAGGG
Phum-OR502AA_021	810000	0	0	TTAGGG
Phum-OR502AA_021	820000	0	2	TTAGGG
Phum-OR502AA_021	830000	0	1	TTAGGG
Phum-OR502AA_021	840000	0	0	TTAGGG
Phum-OR502AA_021	850000	0	0	TTAGGG
Phum-OR502AA_021	860000	0	0	TTAGGG
Phum-OR502AA_021	870000	0	1	TTAGGG
Phum-OR502AA_021	880000	1	0	TTAGGG
Phum-OR502AA_021	890000	1	0	TTAGGG
Phum-OR502AA_021	900000	0	0	TTAGGG
Phum-OR502AA_021	910000	0	0	TTAGGG
Phum-OR502AA_021	920000	0	0	TTAGGG
Phum-OR502AA_021	930000	0	0	TTAGGG
Phum-OR502AA_021	940000	0	0	TTAGGG
Phum-OR502AA_021	950000	0	0	TTAGGG
Phum-OR502AA_021	960000	0	1	TTAGGG
Phum-OR502AA_021	970000	0	0	TTAGGG
Phum-OR502AA_021	980000	0	1	TTAGGG
Phum-OR502AA_021	990000	1	0	TTAGGG
Phum-OR502AA_021	1000000	0	2	TTAGGG
Phum-OR502AA_021	1010000	1	0	TTAGGG
Phum-OR502AA_021	1020000	0	0	TTAGGG
Phum-OR502AA_021	1030000	0	0	TTAGGG
Phum-OR502AA_021	1040000	2	1	TTAGGG
Phum-OR502AA_021	1050000	0	2	TTAGGG
Phum-OR502AA_021	1060000	1	0	TTAGGG
Phum-OR502AA_021	1070000	1	0	TTAGGG
Phum-OR502AA_021	1080000	1	0	TTAGGG
Phum-OR502AA_021	1090000	4	0	TTAGGG
Phum-OR502AA_021	1100000	0	2	TTAGGG
Phum-OR502AA_021	1110000	0	0	TTAGGG
Phum-OR502AA_021	1120000	1	0	TTAGGG
Phum-OR502AA_021	1130000	0	1	TTAGGG
Phum-OR502AA_021	1140000	0	1	TTAGGG
Phum-OR502AA_021	1150000	0	0	TTAGGG
Phum-OR502AA_021	1160000	0	0	TTAGGG
Phum-OR502AA_021	1170000	0	0	TTAGGG
Phum-OR502AA_021	1180000	0	0	TTAGGG
Phum-OR502AA_021	1190000	0	0	TTAGGG
Phum-OR502AA_021	1200000	0	0	TTAGGG
Phum-OR502AA_021	1210000	0	0	TTAGGG
Phum-OR502AA_021	1220000	0	0	TTAGGG
Phum-OR502AA_021	1230000	0	0	TTAGGG
Phum-OR502AA_021	1240000	1	1	TTAGGG
Phum-OR502AA_021	1250000	1	0	TTAGGG
Phum-OR502AA_021	1260000	1	4	TTAGGG
Phum-OR502AA_021	1270000	1	0	TTAGGG
Phum-OR502AA_021	1280000	0	0	TTAGGG
Phum-OR502AA_021	1290000	1	0	TTAGGG
Phum-OR502AA_021	1300000	0	0	TTAGGG
Phum-OR502AA_021	1310000	0	1	TTAGGG
Phum-OR502AA_021	1320000	2	1	TTAGGG
Phum-OR502AA_021	1330000	0	0	TTAGGG
Phum-OR502AA_021	1340000	1	0	TTAGGG
Phum-OR502AA_021	1350000	0	0	TTAGGG
Phum-OR502AA_021	1360000	0	2	TTAGGG
Phum-OR502AA_021	1364523	46	1	TTAGGG
Phum-OR502AA_022	10000	0	0	TTAGGG
Phum-OR502AA_022	20000	0	0	TTAGGG
Phum-OR502AA_022	30000	1	1	TTAGGG
Phum-OR502AA_022	40000	2	1	TTAGGG
Phum-OR502AA_022	50000	0	0	TTAGGG
Phum-OR502AA_022	60000	0	1	TTAGGG
Phum-OR502AA_022	70000	0	0	TTAGGG
Phum-OR502AA_022	80000	0	1	TTAGGG
Phum-OR502AA_022	90000	0	0	TTAGGG
Phum-OR502AA_022	100000	0	0	TTAGGG
Phum-OR502AA_022	110000	2	0	TTAGGG
Phum-OR502AA_022	120000	2	0	TTAGGG
Phum-OR502AA_022	130000	0	0	TTAGGG
Phum-OR502AA_022	140000	0	0	TTAGGG
Phum-OR502AA_022	150000	0	0	TTAGGG
Phum-OR502AA_022	160000	0	0	TTAGGG
Phum-OR502AA_022	170000	0	0	TTAGGG
Phum-OR502AA_022	180000	0	0	TTAGGG
Phum-OR502AA_022	190000	1	0	TTAGGG
Phum-OR502AA_022	200000	0	0	TTAGGG
Phum-OR502AA_022	210000	1	0	TTAGGG
Phum-OR502AA_022	220000	0	0	TTAGGG
Phum-OR502AA_022	230000	0	0	TTAGGG
Phum-OR502AA_022	240000	0	0	TTAGGG
Phum-OR502AA_022	250000	2	0	TTAGGG
Phum-OR502AA_022	260000	1	1	TTAGGG
Phum-OR502AA_022	270000	2	1	TTAGGG
Phum-OR502AA_022	280000	0	0	TTAGGG
Phum-OR502AA_022	290000	0	0	TTAGGG
Phum-OR502AA_022	300000	0	0	TTAGGG
Phum-OR502AA_022	310000	0	1	TTAGGG
Phum-OR502AA_022	320000	0	0	TTAGGG
Phum-OR502AA_022	330000	0	0	TTAGGG
Phum-OR502AA_022	340000	1	0	TTAGGG
Phum-OR502AA_022	350000	0	1	TTAGGG
Phum-OR502AA_022	360000	1	1	TTAGGG
Phum-OR502AA_022	370000	0	0	TTAGGG
Phum-OR502AA_022	380000	1	0	TTAGGG
Phum-OR502AA_022	390000	1	0	TTAGGG
Phum-OR502AA_022	400000	1	0	TTAGGG
Phum-OR502AA_022	410000	0	0	TTAGGG
Phum-OR502AA_022	420000	0	1	TTAGGG
Phum-OR502AA_022	430000	0	0	TTAGGG
Phum-OR502AA_022	440000	0	0	TTAGGG
Phum-OR502AA_022	450000	0	0	TTAGGG
Phum-OR502AA_022	460000	0	2	TTAGGG
Phum-OR502AA_022	470000	0	1	TTAGGG
Phum-OR502AA_022	480000	0	1	TTAGGG
Phum-OR502AA_022	490000	0	1	TTAGGG
Phum-OR502AA_022	500000	1	0	TTAGGG
Phum-OR502AA_022	510000	0	0	TTAGGG
Phum-OR502AA_022	520000	0	0	TTAGGG
Phum-OR502AA_022	530000	0	0	TTAGGG
Phum-OR502AA_022	540000	0	2	TTAGGG
Phum-OR502AA_022	550000	0	0	TTAGGG
Phum-OR502AA_022	560000	1	1	TTAGGG
Phum-OR502AA_022	570000	0	1	TTAGGG
Phum-OR502AA_022	580000	1	0	TTAGGG
Phum-OR502AA_022	590000	1	0	TTAGGG
Phum-OR502AA_022	600000	0	0	TTAGGG
Phum-OR502AA_022	610000	0	0	TTAGGG
Phum-OR502AA_022	620000	0	0	TTAGGG
Phum-OR502AA_022	630000	0	0	TTAGGG
Phum-OR502AA_022	640000	0	0	TTAGGG
Phum-OR502AA_022	650000	0	0	TTAGGG
Phum-OR502AA_022	660000	0	0	TTAGGG
Phum-OR502AA_022	670000	0	0	TTAGGG
Phum-OR502AA_022	680000	0	0	TTAGGG
Phum-OR502AA_022	690000	0	0	TTAGGG
Phum-OR502AA_022	700000	0	0	TTAGGG
Phum-OR502AA_022	710000	0	0	TTAGGG
Phum-OR502AA_022	720000	0	0	TTAGGG
Phum-OR502AA_022	730000	0	0	TTAGGG
Phum-OR502AA_022	740000	0	0	TTAGGG
Phum-OR502AA_022	750000	0	0	TTAGGG
Phum-OR502AA_022	760000	0	0	TTAGGG
Phum-OR502AA_022	770000	0	0	TTAGGG
Phum-OR502AA_022	780000	0	0	TTAGGG
Phum-OR502AA_022	790000	0	2	TTAGGG
Phum-OR502AA_022	800000	0	0	TTAGGG
Phum-OR502AA_022	810000	0	0	TTAGGG
Phum-OR502AA_022	820000	0	0	TTAGGG
Phum-OR502AA_022	830000	0	0	TTAGGG
Phum-OR502AA_022	840000	0	1	TTAGGG
Phum-OR502AA_022	850000	0	0	TTAGGG
Phum-OR502AA_022	860000	0	0	TTAGGG
Phum-OR502AA_022	870000	1	1	TTAGGG
Phum-OR502AA_022	880000	0	0	TTAGGG
Phum-OR502AA_022	890000	0	0	TTAGGG
Phum-OR502AA_022	900000	2	1	TTAGGG
Phum-OR502AA_022	910000	1	2	TTAGGG
Phum-OR502AA_022	920000	0	2	TTAGGG
Phum-OR502AA_022	930000	1	0	TTAGGG
Phum-OR502AA_022	940000	0	1	TTAGGG
Phum-OR502AA_022	950000	0	0	TTAGGG
Phum-OR502AA_022	960000	1	0	TTAGGG
Phum-OR502AA_022	970000	0	0	TTAGGG
Phum-OR502AA_022	980000	0	0	TTAGGG
Phum-OR502AA_022	990000	0	0	TTAGGG
Phum-OR502AA_022	1000000	1	1	TTAGGG
Phum-OR502AA_022	1010000	1	0	TTAGGG
Phum-OR502AA_022	1020000	1	0	TTAGGG
Phum-OR502AA_022	1030000	0	1	TTAGGG
Phum-OR502AA_022	1040000	1	0	TTAGGG
Phum-OR502AA_022	1050000	0	0	TTAGGG
Phum-OR502AA_022	1060000	1	0	TTAGGG
Phum-OR502AA_022	1070000	0	0	TTAGGG
Phum-OR502AA_022	1080000	0	0	TTAGGG
Phum-OR502AA_022	1090000	0	0	TTAGGG
Phum-OR502AA_022	1100000	0	0	TTAGGG
Phum-OR502AA_022	1110000	0	1	TTAGGG
Phum-OR502AA_022	1120000	0	2	TTAGGG
Phum-OR502AA_022	1130000	0	0	TTAGGG
Phum-OR502AA_022	1140000	1	1	TTAGGG
Phum-OR502AA_022	1150000	1	0	TTAGGG
Phum-OR502AA_022	1160000	1	0	TTAGGG
Phum-OR502AA_022	1170000	0	0	TTAGGG
Phum-OR502AA_022	1180000	0	0	TTAGGG
Phum-OR502AA_022	1190000	0	0	TTAGGG
Phum-OR502AA_022	1200000	0	0	TTAGGG
Phum-OR502AA_022	1210000	0	0	TTAGGG
Phum-OR502AA_022	1220000	0	0	TTAGGG
Phum-OR502AA_022	1230000	0	0	TTAGGG
Phum-OR502AA_022	1240000	0	0	TTAGGG
Phum-OR502AA_022	1250000	0	0	TTAGGG
Phum-OR502AA_022	1260000	0	0	TTAGGG
Phum-OR502AA_022	1270000	0	0	TTAGGG
Phum-OR502AA_022	1280000	0	0	TTAGGG
Phum-OR502AA_022	1290000	0	0	TTAGGG
Phum-OR502AA_022	1300000	0	0	TTAGGG
Phum-OR502AA_022	1310000	0	0	TTAGGG
Phum-OR502AA_022	1320000	0	0	TTAGGG
Phum-OR502AA_022	1330000	0	0	TTAGGG
Phum-OR502AA_022	1340000	0	0	TTAGGG
Phum-OR502AA_022	1350000	0	0	TTAGGG
Phum-OR502AA_022	1350252	0	0	TTAGGG
Phum-OR502AA_023	10000	0	0	TTAGGG
Phum-OR502AA_023	20000	0	0	TTAGGG
Phum-OR502AA_023	30000	0	0	TTAGGG
Phum-OR502AA_023	40000	0	0	TTAGGG
Phum-OR502AA_023	50000	0	0	TTAGGG
Phum-OR502AA_023	60000	0	0	TTAGGG
Phum-OR502AA_023	70000	0	0	TTAGGG
Phum-OR502AA_023	80000	0	0	TTAGGG
Phum-OR502AA_023	90000	0	0	TTAGGG
Phum-OR502AA_023	100000	0	0	TTAGGG
Phum-OR502AA_023	110000	0	0	TTAGGG
Phum-OR502AA_023	120000	0	0	TTAGGG
Phum-OR502AA_023	130000	0	0	TTAGGG
Phum-OR502AA_023	140000	0	0	TTAGGG
Phum-OR502AA_023	150000	0	0	TTAGGG
Phum-OR502AA_023	160000	0	0	TTAGGG
Phum-OR502AA_023	170000	0	0	TTAGGG
Phum-OR502AA_023	180000	0	0	TTAGGG
Phum-OR502AA_023	190000	0	0	TTAGGG
Phum-OR502AA_023	200000	0	0	TTAGGG
Phum-OR502AA_023	210000	0	0	TTAGGG
Phum-OR502AA_023	220000	0	0	TTAGGG
Phum-OR502AA_023	230000	0	1	TTAGGG
Phum-OR502AA_023	240000	1	0	TTAGGG
Phum-OR502AA_023	250000	1	3	TTAGGG
Phum-OR502AA_023	260000	2	2	TTAGGG
Phum-OR502AA_023	270000	1	2	TTAGGG
Phum-OR502AA_023	280000	0	3	TTAGGG
Phum-OR502AA_023	290000	1	1	TTAGGG
Phum-OR502AA_023	300000	1	0	TTAGGG
Phum-OR502AA_023	310000	0	0	TTAGGG
Phum-OR502AA_023	320000	0	0	TTAGGG
Phum-OR502AA_023	330000	0	0	TTAGGG
Phum-OR502AA_023	340000	0	0	TTAGGG
Phum-OR502AA_023	350000	0	0	TTAGGG
Phum-OR502AA_023	360000	2	1	TTAGGG
Phum-OR502AA_023	370000	0	0	TTAGGG
Phum-OR502AA_023	380000	1	3	TTAGGG
Phum-OR502AA_023	390000	0	0	TTAGGG
Phum-OR502AA_023	400000	1	1	TTAGGG
Phum-OR502AA_023	410000	0	1	TTAGGG
Phum-OR502AA_023	420000	0	0	TTAGGG
Phum-OR502AA_023	430000	0	0	TTAGGG
Phum-OR502AA_023	440000	0	0	TTAGGG
Phum-OR502AA_023	450000	2	0	TTAGGG
Phum-OR502AA_023	460000	0	0	TTAGGG
Phum-OR502AA_023	470000	0	1	TTAGGG
Phum-OR502AA_023	480000	0	0	TTAGGG
Phum-OR502AA_023	490000	1	0	TTAGGG
Phum-OR502AA_023	500000	0	0	TTAGGG
Phum-OR502AA_023	510000	0	0	TTAGGG
Phum-OR502AA_023	520000	0	0	TTAGGG
Phum-OR502AA_023	530000	1	0	TTAGGG
Phum-OR502AA_023	540000	0	0	TTAGGG
Phum-OR502AA_023	550000	0	0	TTAGGG
Phum-OR502AA_023	560000	1	1	TTAGGG
Phum-OR502AA_023	570000	0	0	TTAGGG
Phum-OR502AA_023	580000	0	1	TTAGGG
Phum-OR502AA_023	590000	0	0	TTAGGG
Phum-OR502AA_023	600000	0	0	TTAGGG
Phum-OR502AA_023	610000	0	0	TTAGGG
Phum-OR502AA_023	620000	1	0	TTAGGG
Phum-OR502AA_023	630000	2	1	TTAGGG
Phum-OR502AA_023	640000	0	0	TTAGGG
Phum-OR502AA_023	650000	0	0	TTAGGG
Phum-OR502AA_023	660000	1	0	TTAGGG
Phum-OR502AA_023	670000	2	1	TTAGGG
Phum-OR502AA_023	680000	3	0	TTAGGG
Phum-OR502AA_023	690000	1	1	TTAGGG
Phum-OR502AA_023	700000	0	0	TTAGGG
Phum-OR502AA_023	710000	0	0	TTAGGG
Phum-OR502AA_023	720000	0	0	TTAGGG
Phum-OR502AA_023	730000	0	0	TTAGGG
Phum-OR502AA_023	740000	0	0	TTAGGG
Phum-OR502AA_023	750000	0	0	TTAGGG
Phum-OR502AA_023	760000	1	0	TTAGGG
Phum-OR502AA_023	770000	2	1	TTAGGG
Phum-OR502AA_023	780000	1	1	TTAGGG
Phum-OR502AA_023	790000	7	7	TTAGGG
Phum-OR502AA_023	800000	8	9	TTAGGG
Phum-OR502AA_023	810000	8	8	TTAGGG
Phum-OR502AA_023	820000	9	8	TTAGGG
Phum-OR502AA_023	830000	8	8	TTAGGG
Phum-OR502AA_023	840000	8	9	TTAGGG
Phum-OR502AA_023	850000	9	8	TTAGGG
Phum-OR502AA_023	860000	8	8	TTAGGG
Phum-OR502AA_023	870000	5	5	TTAGGG
Phum-OR502AA_023	880000	0	0	TTAGGG
Phum-OR502AA_023	890000	0	1	TTAGGG
Phum-OR502AA_023	900000	0	4	TTAGGG
Phum-OR502AA_023	910000	0	5	TTAGGG
Phum-OR502AA_023	920000	0	4	TTAGGG
Phum-OR502AA_023	930000	0	4	TTAGGG
Phum-OR502AA_023	940000	1	2	TTAGGG
Phum-OR502AA_023	950000	0	0	TTAGGG
Phum-OR502AA_023	960000	7	7	TTAGGG
Phum-OR502AA_023	970000	8	9	TTAGGG
Phum-OR502AA_023	980000	9	8	TTAGGG
Phum-OR502AA_023	990000	8	8	TTAGGG
Phum-OR502AA_023	1000000	8	8	TTAGGG
Phum-OR502AA_023	1010000	8	9	TTAGGG
Phum-OR502AA_023	1020000	9	8	TTAGGG
Phum-OR502AA_023	1030000	8	8	TTAGGG
Phum-OR502AA_023	1040000	7	5	TTAGGG
Phum-OR502AA_023	1050000	1	2	TTAGGG
Phum-OR502AA_023	1060000	0	0	TTAGGG
Phum-OR502AA_023	1070000	0	1	TTAGGG
Phum-OR502AA_023	1080000	0	2	TTAGGG
Phum-OR502AA_023	1090000	0	1	TTAGGG
Phum-OR502AA_023	1100000	0	0	TTAGGG
Phum-OR502AA_023	1110000	0	0	TTAGGG
Phum-OR502AA_023	1120000	0	0	TTAGGG
Phum-OR502AA_023	1130000	1	0	TTAGGG
Phum-OR502AA_023	1140000	0	2	TTAGGG
Phum-OR502AA_023	1150000	2	1	TTAGGG
Phum-OR502AA_023	1160000	0	1	TTAGGG
Phum-OR502AA_023	1170000	0	2	TTAGGG
Phum-OR502AA_023	1180000	1	0	TTAGGG
Phum-OR502AA_023	1190000	1	0	TTAGGG
Phum-OR502AA_023	1200000	0	0	TTAGGG
Phum-OR502AA_023	1210000	0	0	TTAGGG
Phum-OR502AA_023	1220000	0	0	TTAGGG
Phum-OR502AA_023	1230000	0	0	TTAGGG
Phum-OR502AA_023	1240000	1	0	TTAGGG
Phum-OR502AA_023	1250000	0	0	TTAGGG
Phum-OR502AA_023	1260000	1	0	TTAGGG
Phum-OR502AA_023	1270000	0	0	TTAGGG
Phum-OR502AA_023	1280000	0	1	TTAGGG
Phum-OR502AA_023	1290000	0	1	TTAGGG
Phum-OR502AA_023	1300000	1	0	TTAGGG
Phum-OR502AA_023	1310000	1	0	TTAGGG
Phum-OR502AA_023	1314780	1	0	TTAGGG
Phum-OR502AA_024	10000	0	0	TTAGGG
Phum-OR502AA_024	20000	0	0	TTAGGG
Phum-OR502AA_024	30000	0	0	TTAGGG
Phum-OR502AA_024	40000	1	1	TTAGGG
Phum-OR502AA_024	50000	0	0	TTAGGG
Phum-OR502AA_024	60000	0	0	TTAGGG
Phum-OR502AA_024	70000	0	0	TTAGGG
Phum-OR502AA_024	80000	1	0	TTAGGG
Phum-OR502AA_024	90000	1	0	TTAGGG
Phum-OR502AA_024	100000	0	0	TTAGGG
Phum-OR502AA_024	110000	0	0	TTAGGG
Phum-OR502AA_024	120000	0	0	TTAGGG
Phum-OR502AA_024	130000	0	0	TTAGGG
Phum-OR502AA_024	140000	2	1	TTAGGG
Phum-OR502AA_024	150000	0	0	TTAGGG
Phum-OR502AA_024	160000	0	0	TTAGGG
Phum-OR502AA_024	170000	0	0	TTAGGG
Phum-OR502AA_024	180000	0	0	TTAGGG
Phum-OR502AA_024	190000	2	0	TTAGGG
Phum-OR502AA_024	200000	1	2	TTAGGG
Phum-OR502AA_024	210000	0	0	TTAGGG
Phum-OR502AA_024	220000	0	0	TTAGGG
Phum-OR502AA_024	230000	0	0	TTAGGG
Phum-OR502AA_024	240000	0	0	TTAGGG
Phum-OR502AA_024	250000	0	0	TTAGGG
Phum-OR502AA_024	260000	0	0	TTAGGG
Phum-OR502AA_024	270000	0	0	TTAGGG
Phum-OR502AA_024	280000	3	0	TTAGGG
Phum-OR502AA_024	290000	0	0	TTAGGG
Phum-OR502AA_024	300000	0	0	TTAGGG
Phum-OR502AA_024	310000	0	2	TTAGGG
Phum-OR502AA_024	320000	0	1	TTAGGG
Phum-OR502AA_024	330000	0	0	TTAGGG
Phum-OR502AA_024	340000	0	0	TTAGGG
Phum-OR502AA_024	350000	0	0	TTAGGG
Phum-OR502AA_024	360000	0	0	TTAGGG
Phum-OR502AA_024	370000	1	0	TTAGGG
Phum-OR502AA_024	380000	0	0	TTAGGG
Phum-OR502AA_024	390000	1	1	TTAGGG
Phum-OR502AA_024	400000	0	1	TTAGGG
Phum-OR502AA_024	410000	1	1	TTAGGG
Phum-OR502AA_024	420000	1	2	TTAGGG
Phum-OR502AA_024	430000	0	0	TTAGGG
Phum-OR502AA_024	440000	1	0	TTAGGG
Phum-OR502AA_024	450000	0	0	TTAGGG
Phum-OR502AA_024	460000	0	0	TTAGGG
Phum-OR502AA_024	470000	0	1	TTAGGG
Phum-OR502AA_024	480000	0	1	TTAGGG
Phum-OR502AA_024	490000	0	0	TTAGGG
Phum-OR502AA_024	500000	2	0	TTAGGG
Phum-OR502AA_024	510000	0	1	TTAGGG
Phum-OR502AA_024	520000	0	0	TTAGGG
Phum-OR502AA_024	530000	1	0	TTAGGG
Phum-OR502AA_024	540000	2	0	TTAGGG
Phum-OR502AA_024	550000	0	0	TTAGGG
Phum-OR502AA_024	560000	0	0	TTAGGG
Phum-OR502AA_024	570000	0	0	TTAGGG
Phum-OR502AA_024	580000	0	0	TTAGGG
Phum-OR502AA_024	590000	0	1	TTAGGG
Phum-OR502AA_024	600000	0	1	TTAGGG
Phum-OR502AA_024	610000	0	1	TTAGGG
Phum-OR502AA_024	620000	0	1	TTAGGG
Phum-OR502AA_024	630000	0	0	TTAGGG
Phum-OR502AA_024	640000	0	0	TTAGGG
Phum-OR502AA_024	650000	0	1	TTAGGG
Phum-OR502AA_024	660000	2	0	TTAGGG
Phum-OR502AA_024	670000	0	1	TTAGGG
Phum-OR502AA_024	680000	0	0	TTAGGG
Phum-OR502AA_024	690000	0	0	TTAGGG
Phum-OR502AA_024	700000	0	1	TTAGGG
Phum-OR502AA_024	710000	2	2	TTAGGG
Phum-OR502AA_024	720000	0	1	TTAGGG
Phum-OR502AA_024	730000	1	0	TTAGGG
Phum-OR502AA_024	740000	0	0	TTAGGG
Phum-OR502AA_024	750000	0	0	TTAGGG
Phum-OR502AA_024	760000	0	0	TTAGGG
Phum-OR502AA_024	770000	0	0	TTAGGG
Phum-OR502AA_024	780000	0	0	TTAGGG
Phum-OR502AA_024	790000	0	2	TTAGGG
Phum-OR502AA_024	800000	0	0	TTAGGG
Phum-OR502AA_024	810000	0	0	TTAGGG
Phum-OR502AA_024	820000	0	0	TTAGGG
Phum-OR502AA_024	830000	1	0	TTAGGG
Phum-OR502AA_024	840000	0	0	TTAGGG
Phum-OR502AA_024	850000	0	1	TTAGGG
Phum-OR502AA_024	860000	0	0	TTAGGG
Phum-OR502AA_024	870000	0	0	TTAGGG
Phum-OR502AA_024	880000	0	0	TTAGGG
Phum-OR502AA_024	890000	0	0	TTAGGG
Phum-OR502AA_024	900000	0	1	TTAGGG
Phum-OR502AA_024	910000	0	1	TTAGGG
Phum-OR502AA_024	920000	1	2	TTAGGG
Phum-OR502AA_024	930000	0	1	TTAGGG
Phum-OR502AA_024	940000	0	0	TTAGGG
Phum-OR502AA_024	950000	0	0	TTAGGG
Phum-OR502AA_024	960000	0	0	TTAGGG
Phum-OR502AA_024	970000	0	0	TTAGGG
Phum-OR502AA_024	980000	0	0	TTAGGG
Phum-OR502AA_024	990000	0	0	TTAGGG
Phum-OR502AA_024	1000000	0	0	TTAGGG
Phum-OR502AA_024	1010000	0	0	TTAGGG
Phum-OR502AA_024	1020000	0	0	TTAGGG
Phum-OR502AA_024	1030000	0	0	TTAGGG
Phum-OR502AA_024	1040000	0	1	TTAGGG
Phum-OR502AA_024	1050000	2	0	TTAGGG
Phum-OR502AA_024	1060000	1	0	TTAGGG
Phum-OR502AA_024	1070000	0	1	TTAGGG
Phum-OR502AA_024	1080000	1	0	TTAGGG
Phum-OR502AA_024	1090000	1	0	TTAGGG
Phum-OR502AA_024	1100000	1	0	TTAGGG
Phum-OR502AA_024	1110000	0	0	TTAGGG
Phum-OR502AA_024	1120000	0	0	TTAGGG
Phum-OR502AA_024	1130000	0	0	TTAGGG
Phum-OR502AA_024	1140000	2	0	TTAGGG
Phum-OR502AA_024	1150000	0	3	TTAGGG
Phum-OR502AA_024	1160000	1	1	TTAGGG
Phum-OR502AA_024	1170000	0	0	TTAGGG
Phum-OR502AA_024	1180000	1	0	TTAGGG
Phum-OR502AA_024	1190000	1	0	TTAGGG
Phum-OR502AA_024	1200000	3	0	TTAGGG
Phum-OR502AA_024	1210000	0	0	TTAGGG
Phum-OR502AA_024	1220000	0	0	TTAGGG
Phum-OR502AA_024	1230000	0	0	TTAGGG
Phum-OR502AA_024	1240000	0	1	TTAGGG
Phum-OR502AA_024	1250000	0	0	TTAGGG
Phum-OR502AA_024	1260000	0	1	TTAGGG
Phum-OR502AA_024	1270000	0	1	TTAGGG
Phum-OR502AA_024	1280000	0	0	TTAGGG
Phum-OR502AA_024	1289348	49	0	TTAGGG
Phum-OR502AA_025	10000	0	0	TTAGGG
Phum-OR502AA_025	20000	0	0	TTAGGG
Phum-OR502AA_025	30000	0	0	TTAGGG
Phum-OR502AA_025	40000	0	0	TTAGGG
Phum-OR502AA_025	50000	0	0	TTAGGG
Phum-OR502AA_025	60000	0	0	TTAGGG
Phum-OR502AA_025	70000	0	0	TTAGGG
Phum-OR502AA_025	80000	0	0	TTAGGG
Phum-OR502AA_025	90000	0	0	TTAGGG
Phum-OR502AA_025	100000	0	0	TTAGGG
Phum-OR502AA_025	110000	0	0	TTAGGG
Phum-OR502AA_025	120000	0	0	TTAGGG
Phum-OR502AA_025	130000	0	0	TTAGGG
Phum-OR502AA_025	140000	0	0	TTAGGG
Phum-OR502AA_025	150000	0	0	TTAGGG
Phum-OR502AA_025	160000	0	0	TTAGGG
Phum-OR502AA_025	170000	0	0	TTAGGG
Phum-OR502AA_025	180000	0	0	TTAGGG
Phum-OR502AA_025	190000	0	0	TTAGGG
Phum-OR502AA_025	200000	0	0	TTAGGG
Phum-OR502AA_025	210000	0	0	TTAGGG
Phum-OR502AA_025	220000	0	0	TTAGGG
Phum-OR502AA_025	230000	0	0	TTAGGG
Phum-OR502AA_025	240000	0	0	TTAGGG
Phum-OR502AA_025	250000	0	0	TTAGGG
Phum-OR502AA_025	260000	0	0	TTAGGG
Phum-OR502AA_025	270000	0	0	TTAGGG
Phum-OR502AA_025	280000	1	1	TTAGGG
Phum-OR502AA_025	290000	1	1	TTAGGG
Phum-OR502AA_025	300000	0	1	TTAGGG
Phum-OR502AA_025	310000	1	0	TTAGGG
Phum-OR502AA_025	320000	0	1	TTAGGG
Phum-OR502AA_025	330000	1	1	TTAGGG
Phum-OR502AA_025	340000	3	1	TTAGGG
Phum-OR502AA_025	350000	0	1	TTAGGG
Phum-OR502AA_025	360000	1	0	TTAGGG
Phum-OR502AA_025	370000	1	2	TTAGGG
Phum-OR502AA_025	380000	0	0	TTAGGG
Phum-OR502AA_025	390000	0	0	TTAGGG
Phum-OR502AA_025	400000	0	0	TTAGGG
Phum-OR502AA_025	410000	0	0	TTAGGG
Phum-OR502AA_025	420000	0	0	TTAGGG
Phum-OR502AA_025	430000	0	0	TTAGGG
Phum-OR502AA_025	440000	0	0	TTAGGG
Phum-OR502AA_025	450000	0	0	TTAGGG
Phum-OR502AA_025	460000	0	0	TTAGGG
Phum-OR502AA_025	470000	1	2	TTAGGG
Phum-OR502AA_025	480000	0	0	TTAGGG
Phum-OR502AA_025	490000	0	0	TTAGGG
Phum-OR502AA_025	500000	0	0	TTAGGG
Phum-OR502AA_025	510000	0	0	TTAGGG
Phum-OR502AA_025	520000	0	1	TTAGGG
Phum-OR502AA_025	530000	1	0	TTAGGG
Phum-OR502AA_025	540000	1	0	TTAGGG
Phum-OR502AA_025	550000	0	2	TTAGGG
Phum-OR502AA_025	560000	1	0	TTAGGG
Phum-OR502AA_025	570000	0	0	TTAGGG
Phum-OR502AA_025	580000	0	0	TTAGGG
Phum-OR502AA_025	590000	0	0	TTAGGG
Phum-OR502AA_025	600000	2	0	TTAGGG
Phum-OR502AA_025	610000	0	1	TTAGGG
Phum-OR502AA_025	620000	1	0	TTAGGG
Phum-OR502AA_025	630000	1	1	TTAGGG
Phum-OR502AA_025	640000	0	1	TTAGGG
Phum-OR502AA_025	650000	0	0	TTAGGG
Phum-OR502AA_025	660000	0	0	TTAGGG
Phum-OR502AA_025	670000	1	0	TTAGGG
Phum-OR502AA_025	680000	2	1	TTAGGG
Phum-OR502AA_025	690000	0	1	TTAGGG
Phum-OR502AA_025	700000	0	0	TTAGGG
Phum-OR502AA_025	710000	0	0	TTAGGG
Phum-OR502AA_025	720000	0	0	TTAGGG
Phum-OR502AA_025	730000	0	1	TTAGGG
Phum-OR502AA_025	740000	0	1	TTAGGG
Phum-OR502AA_025	750000	0	0	TTAGGG
Phum-OR502AA_025	760000	0	0	TTAGGG
Phum-OR502AA_025	770000	0	2	TTAGGG
Phum-OR502AA_025	780000	1	0	TTAGGG
Phum-OR502AA_025	790000	0	0	TTAGGG
Phum-OR502AA_025	800000	0	0	TTAGGG
Phum-OR502AA_025	810000	0	0	TTAGGG
Phum-OR502AA_025	820000	0	0	TTAGGG
Phum-OR502AA_025	830000	0	1	TTAGGG
Phum-OR502AA_025	840000	1	1	TTAGGG
Phum-OR502AA_025	850000	0	0	TTAGGG
Phum-OR502AA_025	860000	0	0	TTAGGG
Phum-OR502AA_025	870000	0	0	TTAGGG
Phum-OR502AA_025	880000	1	1	TTAGGG
Phum-OR502AA_025	890000	0	0	TTAGGG
Phum-OR502AA_025	900000	2	1	TTAGGG
Phum-OR502AA_025	910000	0	0	TTAGGG
Phum-OR502AA_025	920000	0	1	TTAGGG
Phum-OR502AA_025	930000	0	0	TTAGGG
Phum-OR502AA_025	940000	0	0	TTAGGG
Phum-OR502AA_025	950000	2	2	TTAGGG
Phum-OR502AA_025	960000	0	2	TTAGGG
Phum-OR502AA_025	970000	0	1	TTAGGG
Phum-OR502AA_025	980000	0	0	TTAGGG
Phum-OR502AA_025	990000	0	0	TTAGGG
Phum-OR502AA_025	1000000	1	1	TTAGGG
Phum-OR502AA_025	1010000	0	0	TTAGGG
Phum-OR502AA_025	1020000	0	0	TTAGGG
Phum-OR502AA_025	1030000	1	0	TTAGGG
Phum-OR502AA_025	1040000	0	0	TTAGGG
Phum-OR502AA_025	1050000	1	1	TTAGGG
Phum-OR502AA_025	1060000	0	0	TTAGGG
Phum-OR502AA_025	1070000	0	0	TTAGGG
Phum-OR502AA_025	1080000	0	0	TTAGGG
Phum-OR502AA_025	1090000	1	0	TTAGGG
Phum-OR502AA_025	1100000	0	0	TTAGGG
Phum-OR502AA_025	1110000	0	1	TTAGGG
Phum-OR502AA_025	1120000	0	0	TTAGGG
Phum-OR502AA_025	1130000	0	0	TTAGGG
Phum-OR502AA_025	1140000	0	0	TTAGGG
Phum-OR502AA_025	1150000	0	0	TTAGGG
Phum-OR502AA_025	1160000	0	0	TTAGGG
Phum-OR502AA_025	1170000	0	0	TTAGGG
Phum-OR502AA_025	1180000	0	0	TTAGGG
Phum-OR502AA_025	1190000	0	0	TTAGGG
Phum-OR502AA_025	1191877	0	0	TTAGGG
Phum-OR502AA_026	10000	0	0	TTAGGG
Phum-OR502AA_026	20000	0	0	TTAGGG
Phum-OR502AA_026	30000	0	0	TTAGGG
Phum-OR502AA_026	40000	0	0	TTAGGG
Phum-OR502AA_026	50000	0	0	TTAGGG
Phum-OR502AA_026	60000	0	0	TTAGGG
Phum-OR502AA_026	70000	0	0	TTAGGG
Phum-OR502AA_026	80000	0	0	TTAGGG
Phum-OR502AA_026	90000	0	0	TTAGGG
Phum-OR502AA_026	100000	0	0	TTAGGG
Phum-OR502AA_026	110000	0	0	TTAGGG
Phum-OR502AA_026	120000	0	0	TTAGGG
Phum-OR502AA_026	130000	0	0	TTAGGG
Phum-OR502AA_026	140000	0	0	TTAGGG
Phum-OR502AA_026	150000	0	0	TTAGGG
Phum-OR502AA_026	160000	0	0	TTAGGG
Phum-OR502AA_026	170000	0	0	TTAGGG
Phum-OR502AA_026	180000	0	0	TTAGGG
Phum-OR502AA_026	190000	0	0	TTAGGG
Phum-OR502AA_026	200000	0	0	TTAGGG
Phum-OR502AA_026	210000	0	0	TTAGGG
Phum-OR502AA_026	220000	0	0	TTAGGG
Phum-OR502AA_026	230000	0	0	TTAGGG
Phum-OR502AA_026	240000	0	0	TTAGGG
Phum-OR502AA_026	250000	0	0	TTAGGG
Phum-OR502AA_026	260000	0	0	TTAGGG
Phum-OR502AA_026	270000	0	0	TTAGGG
Phum-OR502AA_026	280000	0	0	TTAGGG
Phum-OR502AA_026	290000	0	0	TTAGGG
Phum-OR502AA_026	300000	0	0	TTAGGG
Phum-OR502AA_026	310000	0	0	TTAGGG
Phum-OR502AA_026	320000	0	0	TTAGGG
Phum-OR502AA_026	330000	0	0	TTAGGG
Phum-OR502AA_026	340000	1	1	TTAGGG
Phum-OR502AA_026	350000	0	1	TTAGGG
Phum-OR502AA_026	360000	1	1	TTAGGG
Phum-OR502AA_026	370000	0	0	TTAGGG
Phum-OR502AA_026	380000	0	0	TTAGGG
Phum-OR502AA_026	390000	0	0	TTAGGG
Phum-OR502AA_026	400000	0	0	TTAGGG
Phum-OR502AA_026	410000	0	1	TTAGGG
Phum-OR502AA_026	420000	0	1	TTAGGG
Phum-OR502AA_026	430000	0	1	TTAGGG
Phum-OR502AA_026	440000	2	0	TTAGGG
Phum-OR502AA_026	450000	0	1	TTAGGG
Phum-OR502AA_026	460000	0	0	TTAGGG
Phum-OR502AA_026	470000	0	0	TTAGGG
Phum-OR502AA_026	480000	0	0	TTAGGG
Phum-OR502AA_026	490000	0	0	TTAGGG
Phum-OR502AA_026	500000	0	0	TTAGGG
Phum-OR502AA_026	510000	0	1	TTAGGG
Phum-OR502AA_026	520000	1	0	TTAGGG
Phum-OR502AA_026	530000	0	1	TTAGGG
Phum-OR502AA_026	540000	0	1	TTAGGG
Phum-OR502AA_026	550000	0	1	TTAGGG
Phum-OR502AA_026	560000	1	0	TTAGGG
Phum-OR502AA_026	570000	2	2	TTAGGG
Phum-OR502AA_026	580000	0	2	TTAGGG
Phum-OR502AA_026	590000	0	2	TTAGGG
Phum-OR502AA_026	600000	1	0	TTAGGG
Phum-OR502AA_026	610000	0	0	TTAGGG
Phum-OR502AA_026	620000	0	0	TTAGGG
Phum-OR502AA_026	630000	0	0	TTAGGG
Phum-OR502AA_026	640000	0	0	TTAGGG
Phum-OR502AA_026	650000	0	0	TTAGGG
Phum-OR502AA_026	660000	0	0	TTAGGG
Phum-OR502AA_026	670000	0	0	TTAGGG
Phum-OR502AA_026	680000	0	1	TTAGGG
Phum-OR502AA_026	690000	0	0	TTAGGG
Phum-OR502AA_026	700000	0	0	TTAGGG
Phum-OR502AA_026	710000	1	0	TTAGGG
Phum-OR502AA_026	720000	1	0	TTAGGG
Phum-OR502AA_026	730000	0	1	TTAGGG
Phum-OR502AA_026	740000	0	1	TTAGGG
Phum-OR502AA_026	750000	0	0	TTAGGG
Phum-OR502AA_026	760000	0	0	TTAGGG
Phum-OR502AA_026	770000	0	1	TTAGGG
Phum-OR502AA_026	780000	0	0	TTAGGG
Phum-OR502AA_026	790000	0	0	TTAGGG
Phum-OR502AA_026	800000	0	0	TTAGGG
Phum-OR502AA_026	810000	1	0	TTAGGG
Phum-OR502AA_026	820000	0	2	TTAGGG
Phum-OR502AA_026	830000	0	0	TTAGGG
Phum-OR502AA_026	840000	0	1	TTAGGG
Phum-OR502AA_026	850000	0	1	TTAGGG
Phum-OR502AA_026	860000	1	0	TTAGGG
Phum-OR502AA_026	870000	0	0	TTAGGG
Phum-OR502AA_026	880000	0	1	TTAGGG
Phum-OR502AA_026	890000	0	0	TTAGGG
Phum-OR502AA_026	900000	1	0	TTAGGG
Phum-OR502AA_026	910000	1	0	TTAGGG
Phum-OR502AA_026	920000	0	0	TTAGGG
Phum-OR502AA_026	930000	0	1	TTAGGG
Phum-OR502AA_026	940000	0	1	TTAGGG
Phum-OR502AA_026	950000	0	0	TTAGGG
Phum-OR502AA_026	960000	1	0	TTAGGG
Phum-OR502AA_026	970000	0	1	TTAGGG
Phum-OR502AA_026	980000	0	1	TTAGGG
Phum-OR502AA_026	990000	0	1	TTAGGG
Phum-OR502AA_026	1000000	0	1	TTAGGG
Phum-OR502AA_026	1010000	0	0	TTAGGG
Phum-OR502AA_026	1020000	0	0	TTAGGG
Phum-OR502AA_026	1030000	0	0	TTAGGG
Phum-OR502AA_026	1040000	0	0	TTAGGG
Phum-OR502AA_026	1050000	0	0	TTAGGG
Phum-OR502AA_026	1060000	0	0	TTAGGG
Phum-OR502AA_026	1067871	0	0	TTAGGG
